id,titre,phrase,motifs_phrase
1,Daudet/1884_Daudet_sapho_N.txt,"Table de les matières — Regardez -moi , voyons ... J' aime la couleur de vos yeux ... Comment vous appelez -vous ?","ADJ de le NC — IMP soi , VCOG ... je VSENT le NCo de DETPOSS NCCOR ... comment vous PRES vous ?"
2,Daudet/1884_Daudet_sapho_N.txt,— Jean .,— NP .
3,Daudet/1884_Daudet_sapho_N.txt,— Jean tout court ?,— NP tout ADJ ?
4,Daudet/1884_Daudet_sapho_N.txt,— Jean Gaussin .,— NP NP .
5,Daudet/1884_Daudet_sapho_N.txt,"— De le , j' entends ça ... Quel âge ?","— de le , je VCOG ça ... quel NC ?"
6,Daudet/1884_Daudet_sapho_N.txt,— Vingt et un ans .,— NP et un NCT .
7,Daudet/1884_Daudet_sapho_N.txt,— Artiste ?,— NC ?
8,Daudet/1884_Daudet_sapho_N.txt,"— Non , madame .","— non , madame ."
9,Daudet/1884_Daudet_sapho_N.txt,— Ah !,— INTJ !
10,Daudet/1884_Daudet_sapho_N.txt,"tant mieux ... Ces bouts de phrases , presque inintelligibles à le milieu de les cris , de les rires , de les airs de danse d' une fête travestie , s' échangeaient — une nuit de juin — entre un pifferaro et une femme fellah dans la serre de palmiers , de fougères arborescentes , qui faisait le fond de l' atelier de Déchelette .","tant mieux ... ce NCs de NCmod , presque ADJ à le milieu de le NCmod , de le NCMAN , de le NCMAN de NCmod de un NCmod ADJ , se VIMP — un NCT de MOIS — entre un NC et un NC ADJ dans le NC de NCmod , de NC ADJ , qui faire le NCo de le NCmod de NP ."
11,Daudet/1884_Daudet_sapho_N.txt,"À le pressant interrogatoire de l' Égyptienne , le pifferaro répondait avec l' ingénuité de son âge tendre , l' abandon , le soulagement d' un Méridional resté longtemps sans parler .","à le ADJ NC de le NP , le NCs VDIC avec le NC de DETPOSS NCmod INF , le NC , le NCSENT de un NCmod PPAS longtemps sans INF ."
12,Daudet/1884_Daudet_sapho_N.txt,"Étranger à tout ce monde de peintres , de sculpteurs , perdu dès en entrant dans le bal par l' ami qui l' avait amené , se morfondait depuis deux heures , promenant sa jolie figure de blond hâlé et doré par le soleil , les cheveux en frisons serrés et courts comme la peau de mouton de son costume ; et un succès , dont ne se doutait guère , se levait et chuchotait autour de lui .","INF à tout ce NC de NCmod , de NC , PPAS dès en PPRES dans le NC par le NC qui le avoir PPAS , se VIMP depuis NUM NCT , PPRES DETPOSS ADJ NCCOR de ADJCOL PPAS et PPAS par le NC , le NCCOR en NCmod ADJ et ADJ comme le NCCOR de NCmod de DETPOSS NCmod ; et un NCs , dont ne se VIMP guère , se VIMP et VDIC ADV de lui ."
13,Daudet/1884_Daudet_sapho_N.txt,"De les épaules de danseurs le bousculaient brusquement , de les rires de rapins blaguaient la cornemuse qu ' portait tout de travers et sa défroque de montagne , lourde et gênante dans cette nuit d' été .","de le NCCOR de NCmod le NCmod ADV , de le NCMAN de NCmod VIMP le NCo que ' VIMP tout de travers et DETPOSS NC de NCmod , ADJ et ADJ dans ce NCT de NCmod ."
14,Daudet/1884_Daudet_sapho_N.txt,"Une Japonaise à les yeux de faubourg , de les couteaux d' acier tenant son chignon remonté , fredonnait en l' agaçant : Ah !","un NP à le NCCOR de NCmod , de le NCmod de NCmod PPRES DETPOSS NCo VSENT , VIMP en le VSENT : INTJ !"
15,Daudet/1884_Daudet_sapho_N.txt,"qu ' est beau , qu ' est beau , le postillon ... ; tandis qu' une novio espagnole en blanches dentelles de soie , passant à le bras d' un chef apache , lui fourrait violemment sous le nez son bouquet de jasmins blancs .","que ' être ADJ , que ' être ADJ , le NC ... ; PHASE que un NCs ADJ en ADJCOL NCmod de NCmod , PPRES à le NCCOR de un NCmod ADJ , lui VCOND ADVMAN sous le NCCOR DETPOSS NCo de NCmod ADJCOL ."
16,Daudet/1884_Daudet_sapho_N.txt,"ne comprenait rien à ces avances , se croyait extrêmement ridicule et se réfugiait dans l' ombre fraîche de la galerie vitrée , bordée d' un large divan sous les verdures .","ne VCOG rien à ce NCmod , se VCOG ADVINT ADJ et se VIMP dans le NC ADJ de le NCmod PPAS , PPAS de un ADJ NC sous le NCmod ."
17,Daudet/1884_Daudet_sapho_N.txt,Tout de suite cette femme était venue s' asseoir près de lui .,tout de NC ce NCs être venir se INF ADVLIEU de lui .
18,Daudet/1884_Daudet_sapho_N.txt,"Jeune , belle ?","ADJ , ADJ ?"
19,Daudet/1884_Daudet_sapho_N.txt,"n' aurait su le dire ... De le long fourreau de lainage bleu où sa taille pleine ondulait , sortaient deux bras , ronds et fins , nus jusqu' à l' épaule ; et ses petites mains chargées de bagues , ses yeux gris larges ouverts et grandis par les bizarres ornements de fer lui tombant de le front , composaient un ensemble harmonieux .","ne avoir VCOG le VDIC ... de le ADJ NC de NCmod ADJCOL où DETPOSS NCs ADJ VIMP , VIMP NUM NCCOR , NC et NC , ADJ jusque à le NCCOR ; et DETPOSS ADJ NCCOR PPAS de NC , DETPOSS NCCOR ADJCOL ADJ ADJ et ADV par le ADJ NCmod de NCmod lui PPRES de le NCCOR , VIMP un ensemble ADJ ."
20,Daudet/1884_Daudet_sapho_N.txt,"Une actrice , sans doute .","un NC , sans NCSENT ."
21,Daudet/1884_Daudet_sapho_N.txt,"en venait beaucoup chez Déchelette ; et cette pensée n' était pas pour le mettre à l' aise , ce genre de personnes lui faisant très peur .","en venir beaucoup chez NP ; et ce NCs ne être pas pour le mettre à le NC , ce NC de NCmod lui faire très NCSENT ."
22,Daudet/1884_Daudet_sapho_N.txt,"Elle lui parlait de tout près , un coude à le genou , la tête appuyée sur la main , avec une douceur grave , un peu lasse ... « De le vraiment ?","il lui VIMP de tout ADVLIEU , un NCCOR à le NCCOR , le NCCOR PPAS sur le NCCOR , avec un NCmod ADJ , un peu NC ... "" de le ADVINT ?"
23,Daudet/1884_Daudet_sapho_N.txt,... Et de les cheveux de ce blond -là !,... et de le NCCOR de ce ADJCOL ADVLIEU !
24,Daudet/1884_Daudet_sapho_N.txt,... Voilà une chose extraordinaire .,... voilà un chose ADJ .
25,Daudet/1884_Daudet_sapho_N.txt,"» Et elle voulait savoir depuis combien de temps habitait Paris , si c' était très difficile cet examen pour les consulats qu ' préparait , s ' connaissait beaucoup de monde et comment se trouvait à la soirée de Déchelette , rue de Rome , si loin de son quartier Latin .",""" et il vouloir VCOG depuis combien de temps VIMP NP , si ce être très ADJ ce NCs pour le NCmod que ' VIMP , s ' VIMP beaucoup de NC et comment se VIMP à le NCT de NP , NC de NP , si ADVLIEU de DETPOSS NC ADJ ."
26,Daudet/1884_Daudet_sapho_N.txt,"Quand dit le nom de l' étudiant qui l' avait amené ... « La Gournerie ... un parent de l' écrivain ... elle connaissait sans doute ... » l' expression de ce visage de femme changea , s' assombrit subitement ; mais n' y prit pas garde , ayant l' âge où les yeux brillent sans rien voir .","quand VDIC le NCs de le NCmod qui le avoir PPAS ... "" le NP ... un NC de le NCmod ... il VIMP sans NCSENT ... "" le NCs de ce NCCOR de NCmod VPS , se VSENT ADV ; mais ne y VPS pas NCo , avoir le NCo où le NCCOR PRES sans rien VCOG ."
27,Daudet/1884_Daudet_sapho_N.txt,"La Gournerie lui avait promis que son cousin serait là , qu ' le présenterait .","le NP lui avoir PPAS que DETPOSS NCs être ADVLIEU , que ' le NC ."
28,Daudet/1884_Daudet_sapho_N.txt,"« J' aime tant ses vers ... je serais si heureux de le connaître ... » Elle eut un sourire de pitié pour sa candeur , un joli resserrement d' épaules , en même temps qu' elle écartait de sa main les feuilles légères d' un bambou et regardait dans le bal si elle ne lui découvrirait pas son grand homme .",""" je VSENT tant DETPOSS NCo ... je être si ADJ de le INF ... "" il avoir un NCMAN de VSENT pour DETPOSS NC , un ADJ NC de NCCOR , en même temps que il VIMP de DETPOSS NCCOR le NCo ADJ de un NCmod et VCOG dans le NC si il ne lui VCOG pas DETPOSS ADJ NCo ."
29,Daudet/1884_Daudet_sapho_N.txt,La fête à ce moment étincelait et roulait comme une apothéose de féerie .,le NCs à ce NCmod VIMP et VIMP comme un NC de NCmod .
30,Daudet/1884_Daudet_sapho_N.txt,"L' atelier , le hall plutôt , car on n' y travaillait guère , développé dans toute la hauteur de l' hôtel et n' en faisant qu' une pièce immense , recevait sur ses tentures claires , légères , estivales , ses stores de paille fine ou de gaze , ses paravents de laque , ses verreries multicolores , et sur le buisson de roses jaunes garnissant le foyer d' une haute cheminée Renaissance , l' éclairage varié et bizarre d' innombrables lanternes chinoises , persanes , mauresques , japonaises , les unes en fer ajouré , découpées d' ogives comme une porte de mosquée , d' autres en papier de couleur pareilles à de les fruits , d' autres déployées en éventail , ayant de les formes de fleurs , d' ibis , de serpents ; et tout à coup de grands jets électriques , rapides et bleuâtres , faisaient pâlir ces mille lumières et givraient d' un clair de lune les visages et les épaules nues , toute la fantasmagorie d' étoffes , de plumes , de paillons , de rubans qui se froissaient dans le bal , s' étageaient sur l' escalier hollandais à large rampe menant à les galeries de le premier que dépassaient les manches de les contrebasses et la mesure frénétique d' un bâton de chef d' orchestre .","le NC , le NC plutôt , car on ne y VIMP guère , PPAS dans tout le NC de le NCmod et ne en faire que un NCs ADJ , VIMP sur DETPOSS NC ADJ , ADJ , ADJ , DETPOSS NC de NCmod ADJ ou de NUM , DETPOSS NC de NCmod , DETPOSS NC ADJ , et sur le NC de ADJCOL ADJCOL PPRES le NCo de un ADJ NCmod NP , le NC ADJ et ADJ de ADJ NCmod ADJ , ADJ , ADJ , ADJ , le NC en NCmod PPAS , PPAS de NC comme un NCmod de NCmod , un autre en NCmod de NCmod NC à de le NCmod , un autre PPAS en NC , avoir de le NC de NCmod , de NC , de NC ; et tout à NC de ADJ NC ADJ , ADJ et ADJCOL , faire INF ce NUM NCo et VIMP de un NC de NCmod le NCCOR et le NCCOR ADJ , tout le NC de NCmod , de NC , de NC , de NC qui se VSENT dans le NC , se VIMP sur le NC ADJ à ADJ NCmod PPRES à le NC de le ADJ que VIMP le NCs de le NCmod et le NC ADJ de un NCmod de NCmod de NCmod ."
31,Daudet/1884_Daudet_sapho_N.txt,"De sa place , le jeune homme voyait cela à travers un réseau de branches vertes , de lianes fleuries qui se mêlaient à le décor , l' encadraient et , par une illusion d' optique , jetaient à le va-et-vient de la danse de les guirlandes de glycine sur la traîne d' argent d' une robe de princesse , coiffaient d' une feuille de dracæna un minois de bergère pompadour ; et pour lui maintenant l' intérêt de le spectacle se doublait de le plaisir d' apprendre par son Égyptienne les noms , tous glorieux , tous connus , que cachaient ces travestis d' une variété , d' une fantaisie si amusantes .","de DETPOSS NC , le ADJ NCs VCOG cela à travers un NC de NCmod ADJCOL , un ADJ NC qui se VIMP à le NC , le NC et , par un NC de NCmod , VIMP à le NC de le NCmod de le NCmod de NCmod sur le NCmod de NCmod de un NCmod de NCmod , VIMP de un NC de NCmod un NCo de NCmod NCmod ; et pour lui PPRES le NCSENT de le NCmod se VIMP de le NCSENT de VCOG par son NP le NC , tout ADJ , tout PPAS , que VIMP ce NCs de un NCmod , de un NCmod si ADJ ."
32,Daudet/1884_Daudet_sapho_N.txt,"Ce valet de chiens , son fouet court en bandoulière , c' était Jadin ; tandis qu' un peu plus loin cette soutane élimée de curé de campagne déguisait le vieil Isabey , grandi par un jeu de cartes dans ses souliers à boucles .","ce NC de NCmod , DETPOSS NC ADJ en NCmod , ce être NP ; PHASE que un peu plus ADVLIEU ce ADJ NCs de NCmod de NCmod VIMP le ADJ NP , PPAS par un NC de NCmod dans DETPOSS NCmod à NCmod ."
33,Daudet/1884_Daudet_sapho_N.txt,Le père Corot souriait sous l' énorme visière d' une casquette d' invalide .,le NCs NP VIMP sous le NC ADJ de un NCmod de NCmod .
34,Daudet/1884_Daudet_sapho_N.txt,"On lui montrait aussi Thomas Couture en bouledogue , Jundt en argousin , Cham en oiseau de les îles .","on lui VIMP aussi NP NP en NCmod , NP en NCmod , NP en NCmod de le NCmod ."
35,Daudet/1884_Daudet_sapho_N.txt,"Et quelques costumes historiques et graves , un Murat empanaché , un prince Eugène , un Charles Ier , portés par de tout jeunes peintres , marquaient bien la différence entre les deux générations d' artistes ; les derniers venus , sérieux , froids , de les têtes de gens de bourse vieillis de ces rides particulières que creusent les préoccupations d' argent , les autres bien plus gamins , rapins , bruyants , débridés .","et quelque NCs ADJ et ADJ , un NC PPAS , un NC NP , un NP ADJ , PPAS par un tout ADJ NC , VIMP bien le NCo entre le NUM NC de NCmod ; le NC PPAS , ADJ , ADJ , de le NCCOR de NCmod de NCmod PPAS de ce NC ADJ que PRES le NCSENT de NCmod , le autre bien plus ADJ , ADJ , ADJ , PPAS ."
36,Daudet/1884_Daudet_sapho_N.txt,"Malgré ses cinquante-cinq ans et les palmes de l' Institut , le sculpteur Caoudal en hussard de baraque , les bras nus , ses biceps d' hercule , une palette de peintre battant ses longues jambes en guise de sabretache , tortillait un cavalier seul de le temps de la Grande Chaumière en face de le musicien de Potter , en muezzin qui fait la fête , le turban de travers , mimant la danse de le ventre et piaillant le « la Allah , Allah » d' une voix suraiguë .","malgré DETPOSS NUM NCT et le NC de le NCmod , le NC NP en NCmod de NCmod , le NCCOR ADJ , DETPOSS NC de NCmod , un NC de NCmod PPRES DETPOSS ADJ NCCOR en NC de NCmod , VIMP un NCo ADJ de le temps de le ADJ NCmod en NC de le NC de NP , en NC qui faire le NCo , le NC de travers , PPRES le NCo de le NCCOR et PPRES le "" le NP , NP "" de un NCMAN ADJ ."
37,Daudet/1884_Daudet_sapho_N.txt,"On entourait ces joyeux illustres d' un large cercle qui reposait les danseurs ; et à le premier rang , Déchelette , le maître de le logis , fronçait sous un haut bonnet persan ses petits yeux , son nez kalmouck , sa barbe grisonnante , heureux de la gaieté de les autres et s' amusant éperdument , sans qu' y parût .","on VCOND ce NCo ADJ de un ADJ NCmod qui VIMP le NCo ; et à le ADJ NC , NP , le NCs de le NCmod , VIMP sous un ADJ NC ADJ DETPOSS ADJ NCCOR , DETPOSS NCCOR ADJ , DETPOSS NCCOR ADJ , ADJ de le NCSENT de le autre et se VSENT ADVINT , sans que y VSUBI ."
38,Daudet/1884_Daudet_sapho_N.txt,"L' ingénieur Déchelette , une figure de le Paris artiste d' y a ou douze ans , très bon , très riche , avec de les velléités d' art et cette libre allure , ce mépris de l' opinion que donnent la vie de voyage et le célibat , avait alors l' entreprise d' une ligne ferrée de Tauris à Téhéran ; et chaque année , pour se remettre de mois de fatigues , de nuits sous la tente , de galopades fiévreuses à travers sables et marais , venait passer les grandes chaleurs dans cet hôtel de la rue de Rome , construit sur ses dessins , meublé en palais d' été , où réunissait de les gens d' esprit et de jolies filles , demandant à la civilisation de lui donner en quelques semaines l' essence de ce qu' elle a de montant et de savoureux .","le NCs NP , un NCCOR de le NP NC de y avoir ou NUM NCT , très ADJ , très ADJ , avec un le NC de NCmod et ce ADJ NCMAN , ce NC de le NCmod que PRES le NCs de NCmod et le NC , avoir alors le NCo de un NCmod ADJ de NP à NP ; et chaque NCT , pour se INF de NCT de NCSENT , de NCT sous le NC , de NC ADJ à travers NCmod et NC , venir INF le ADJ NCo dans ce NC de le NCmod de NP , PPAS sur DETPOSS NC , PPAS en NC de NCmod , où VIMP de le NC de NCmod et un ADJ NC , PPRES à le NC de lui INF en quelque NC le NCo de ce que il avoir de NC et de NC ."
39,Daudet/1884_Daudet_sapho_N.txt,« Déchelette est arrivé .,""" NP être PPAS ."
40,Daudet/1884_Daudet_sapho_N.txt,"» C' était la nouvelle de les ateliers , sitôt qu' on avait vu se lever comme un rideau de théâtre l' immense store de coutil sur la façade vitrée de l' hôtel .",""" ce être le NC de le NCmod , ADV que on avoir VCOG se INF comme un NC de NCmod le ADJ NC de NCmod sur le NCmod ADJ de le NCmod ."
41,Daudet/1884_Daudet_sapho_N.txt,"Cela voulait dire que la fête commençait et qu' on allait en avoir pour deux mois de musiques et festins , danses et bombances , tranchant sur la torpeur silencieuse de le quartier de l' Europe à cette époque de les villégiatures et de les bains de mer .","cela vouloir VDIC que le NCs VASP et que on aller en avoir pour NUM NCT de NCmod et NC , NC et NC , PPRES sur le NC ADJ de le NCmod de le NP à ce NCmod de le NCmod et de le NC de NCmod ."
42,Daudet/1884_Daudet_sapho_N.txt,"Personnellement , Déchelette n' était pour rien dans le bacchanal qui grondait chez lui nuit et jour .","ADV , NP ne être pour rien dans le NC qui VIMP chez lui NCT et NCT ."
43,Daudet/1884_Daudet_sapho_N.txt,"Ce noceur infatigable apportait à le plaisir une frénésie à froid , un regard vague , souriant , comme hatschisché , mais d' une tranquillité , d' une lucidité imperturbables .","ce NCs ADJ VIMP à le NCSENT un NCo à NCmod , un NCMAN ADJ , PPRES , comme NC , mais de un NCSENT , de un NCmod ADJ ."
44,Daudet/1884_Daudet_sapho_N.txt,"Très fidèle ami , donnant sans compter , avait pour les femmes un mépris d' homme d' Orient , fait d' indulgence et de politesse ; et de celles qui venaient là , attirées par sa grande fortune et la fantaisie joyeuse de le milieu , pas une ne pouvait se vanter d' avoir été sa maîtresse plus d' un jour .","très ADJ NCs , PPRES sans INF , avoir pour le NC un NCo de NCmod de NP , NC de NCSENT et de NC ; et de celui qui venir ADVLIEU , VSENT par DETPOSS ADJ NC et le NC ADJ de le milieu , pas un ne pouvoir se INF de avoir être DETPOSS NC plus de NUM NCT ."
45,Daudet/1884_Daudet_sapho_N.txt,« Un bon homme tout de même ... » ajouta l' égyptienne qui donnait à Gaussin ces renseignements .,""" un ADJ NCs tout de même ... "" VPS le NCo qui VIMP à NP ce NCo ."
46,Daudet/1884_Daudet_sapho_N.txt,S' interrompant tout à coup : — Voilà votre poète ... — Où donc ?,se PPRES tout à NC : — voilà DETPOSS NCo ... — où donc ?
47,Daudet/1884_Daudet_sapho_N.txt,— Devant vous ... en marié de village ... Le jeune homme eut un « Oh !,"— ADVLIEU vous ... en NCmod de NCmod ... le ADJ NCs avoir un "" NP !"
48,Daudet/1884_Daudet_sapho_N.txt,» désappointé .,""" VSENT ."
49,Daudet/1884_Daudet_sapho_N.txt,Son poète !,DETPOSS NC !
50,Daudet/1884_Daudet_sapho_N.txt,"Ce gros homme , suant , luisant , étalant de les grâces lourdes dans le faux-col à deux pointes et le gilet fleuri de Jeannot ... Les grands cris désespérés de le Livre de l' Amour lui venaient à la mémoire , de le livre qu ' ne lisait jamais sans un petit battement de fièvre ; et tout haut , machinalement , murmurait : Pour animer le marbre orgueilleux de ton corps , Ô , j' ai donné tout le sang de mes veines ... Elle se retourna vivement , avec le cliquetis de sa parure barbare : — Que dites -vous là ?","ce ADJ NC , PPRES , PPRES , PPRES de le NC ADJ dans le NC à NUM NC et le NC PPAS de NP ... le ADJ NCs ADJ de le NP de le NP lui venir à le NC , de le NC que ' ne VIMP ADVTEMPS sans un ADJ NC de VSENT ; et tout ADJ , ADV , VDIC : pour INF le NCo ADJ de DETPOSS NCCOR , INTJ , je avoir PPAS tout le NCCOR de DETPOSS NCmod ... il se VPS ADVINT , avec le NC de DETPOSS NCmod ADJ : — que VDIC lui ADVLIEU ?"
51,Daudet/1884_Daudet_sapho_N.txt,C' étaient de les vers de La Gournerie ; s' étonnait qu' elle ne les connût pas .,ce être de le NC de le NP ; se VSENT que il ne le VSUBI pas .
52,Daudet/1884_Daudet_sapho_N.txt,"« Je n' aime pas les vers ... » fit -elle d' un ton bref ; et elle restait debout , le sourcil froncé , regardant la danse et froissant nerveusement les belles grappes lilas qui pendaient devant elle .",""" je ne VSENT pas le NCo ... "" faire il de un NC ADJ ; et il VIMP ADV , le NCCOR ADJ , VCOG le NCo et VSENT ADVMAN le NCo ADJ NC qui VIMP ADVLIEU il ."
53,Daudet/1884_Daudet_sapho_N.txt,"Puis , avec l' effort d' une décision qui lui coûtait : « Bonsoir ... » et elle disparut .","puis , avec le NC de un NCmod qui lui VIMP : "" NP ... "" et il VPS ."
54,Daudet/1884_Daudet_sapho_N.txt,Le pauvre pifferaro resta tout saisi .,le ADJ NCs VPS tout PPAS .
55,Daudet/1884_Daudet_sapho_N.txt,« Qu' est -ce qu' elle a ?,""" que être ce que il avoir ?"
56,Daudet/1884_Daudet_sapho_N.txt,... Que lui ai -je dit ?,... que lui avoir je VDIC ?
57,Daudet/1884_Daudet_sapho_N.txt,"... » chercha , ne trouva rien , sinon qu' ferait bien d' aller se coucher .","... "" chercha , ne VPS rien , sinon que faire bien de aller se INF ."
58,Daudet/1884_Daudet_sapho_N.txt,"ramassa mélancoliquement sa cornemuse et rentra dans le bal , moins troublé de le départ de l' égyptienne que de toute cette foule qu ' devait traverser pour gagner la porte .","VPS ADVMAN DETPOSS NCo et VPS dans le NC , moins VSENT de le NC de le NCmod que de tout ce NC que ' devoir INF pour INF le NCo ."
59,Daudet/1884_Daudet_sapho_N.txt,Le sentiment de son obscurité parmi tant d' illustrations le rendait plus timide encore .,le NCSENT de DETPOSS NCmod parmi tant de NC le VIMP plus ADJ encore .
60,Daudet/1884_Daudet_sapho_N.txt,"Maintenant on ne dansait plus ; quelques couples çà et là , acharnés à les dernières mesures d' une valse qui mourait , et parmi eux Caoudal , superbe et gigantesque , tourbillonnant la tête haute avec une petite tricoteuse , coiffe à le vent , qu ' enlevait sur ses bras roux .","ADVT on ne VIMP plus ; quelque NC PRES et ADVLIEU , PPAS à le ADJ NC de un NCmod qui VIMP , et parmi eux NP , ADJ et ADJ , PPRES le NCCOR ADJ avec un ADJ NC , NC à le NCmod , que ' VIMP sur DETPOSS NCCOR ADJCOL ."
61,Daudet/1884_Daudet_sapho_N.txt,"Par le grand vitrage de le fond large ouvert , entraient de les bouffées d' air matinales et blanchissantes , agitant les feuilles de les palmiers , couchant les flammes de les bougies comme pour les éteindre .","par le ADJ NC de le NCmod ADJ ADJ , VIMP de le NC de NCMAN ADJ et ADJ , PPRES le NCo de le NCmod , PPRES le NCo de le NCmod comme pour le INF ."
62,Daudet/1884_Daudet_sapho_N.txt,"Une lanterne en papier prit feu , de les bobèches éclatèrent , et tout autour de la salle , les domestiques installaient de les petites tables rondes comme à les terrasses de les cafés .","un NCs en NCmod prendre ADJ , de le NC VPS , et tout ADV de le NC , le NCs VIMP de le ADJ NC ADJ comme à le NCmod de le NCmod ."
63,Daudet/1884_Daudet_sapho_N.txt,"On soupait toujours ainsi par quatre ou cinq chez Déchelette ; et les sympathies en ce moment se cherchaient , se groupaient .","on VIMP ADVTEMPS ainsi par NUM ou NUM chez NP ; et le NCSENT en ce NCmod se VIMP , se VIMP ."
64,Daudet/1884_Daudet_sapho_N.txt,"C' étaient de les cris , de les appels féroces , le « Pil ... ouit » de le faubourg répondant à le « You you you you » en crécelle de les filles d' Orient , et de les colloques à voix basse , et de les rires voluptueux de femmes qu' on entraînait d' une caresse .","ce être de le NC , de le NC ADJ , le "" NP ... PPAS "" de le NC VDIC à le "" NP you you you "" en crécelle de le NCmod de NP , et de le NC à NCMAN ADJ , et de le NCMAN ADJ de NCmod que on VIMP de un NC ."
65,Daudet/1884_Daudet_sapho_N.txt,"Gaussin profitait de le tumulte pour se glisser vers la sortie , quand son ami l' étudiant l' arrêta , ruisselant , les yeux en boule , une bouteille sous chaque bras : « Mais où êtes-vous donc ?","NP VIMP de le NC pour se INF vers le NC , quand DETPOSS NCs le PPRES le NC , PPRES , le NCCOR en NCmod , un NC sous chaque NCCOR : "" mais où êtes-le donc ?"
66,Daudet/1884_Daudet_sapho_N.txt,"... Je vous cherche partout ... j' ai une table , de les femmes , la petite Bachellery de les Bouffes ... En Japonaise , savez bien ... Elle m' envoie vous chercher .","... je vous PRES ADV ... je avoir un NCo , de le NC , le ADJ NP de le NP ... en NP , VCOG bien ... il lui PRES vous INF ."
67,Daudet/1884_Daudet_sapho_N.txt,Venez vite ... » et repartit en courant .,"venir ADV ... "" et VPS en NC ."
68,Daudet/1884_Daudet_sapho_N.txt,"Le pifferaro avait soif ; puis l' ivresse de le bal le tentait , et le minois de la petite actrice qui de loin lui faisait de les signes .","le NCs avoir ADJ ; puis le NCSENT de le NCmod le VIMP , et le NC de le ADJ NCmod qui de ADVLIEU lui faire de le NC ."
69,Daudet/1884_Daudet_sapho_N.txt,"Mais une voix sérieuse et douce murmura près de son oreille : « N' y va pas ... » Celle de tout à l' heure était là , tout contre lui , l' entraînant dehors , et la suivit sans hésiter .","mais un NCMAN ADJ et ADJ VF ADVLIEU de DETPOSS NCCOR : "" ne y aller pas ... "" celui de tout à le NCT être ADVLIEU , tout contre lui , le PPRES ADV , et le VPS sans INF ."
70,Daudet/1884_Daudet_sapho_N.txt,Pourquoi ?,pourquoi ?
71,Daudet/1884_Daudet_sapho_N.txt,"Ce n' était pas l' attrait de cette femme ; l' avait à peine regardée , et l' autre là-bas qui l' appelait , dressant les couteaux d' acier de sa chevelure , lui plaisait bien davantage .","ce ne être pas le NC de ce NCmod ; le avoir à NCSENT PPAS , et le autre ADVLIEU qui le VIMP , PPRES le NCo de NCmod de DETPOSS NCmod , lui VIMP bien davantage ."
72,Daudet/1884_Daudet_sapho_N.txt,"Mais obéissait à une volonté supérieure à la sienne , à la violence impétueuse d' un désir .","mais VIMP à un NC ADJ à le sienne , à le NC ADJ de un NCSENT ."
73,Daudet/1884_Daudet_sapho_N.txt,N' y va pas !,ne y aller pas !
74,Daudet/1884_Daudet_sapho_N.txt,... Et subitement ils se trouvèrent tous deux sur le trottoir de la rue de Rome .,... et ADV il se VPS tout NUM sur le NC de le NCmod de NP .
75,Daudet/1884_Daudet_sapho_N.txt,De les fiacres attendaient dans le matin blême .,de le NCs VIMP dans le NCT ADJ .
76,Daudet/1884_Daudet_sapho_N.txt,"De les balayeurs , de les ouvriers allant à le travail regardaient cette maison de fête grondante et débordante , ce couple travesti , un Mardi Gras en plein été .","de le NC , de le NCmod aller à le NC VCOG ce NCo de NCmod ADJ et ADJ , ce NC NCmod , un ADVT NP en ADJ NCmod ."
77,Daudet/1884_Daudet_sapho_N.txt,"« Chez vous , ou chez moi ?",""" chez vous , ou chez soi ?"
78,Daudet/1884_Daudet_sapho_N.txt,... » demanda -t -elle .,"... "" VPS t il ."
79,Daudet/1884_Daudet_sapho_N.txt,"Sans bien s' expliquer pourquoi , pensa que chez lui ce serait mieux , donna son adresse lointaine à le cocher ; et pendant la route qui fut longue ils parlèrent peu .","sans bien se VDIC pourquoi , VCOG que chez lui ce être mieux , VPS DETPOSS NCo ADJ à le NC ; et PHASE le NC qui être ADJ il VPS peu ."
80,Daudet/1884_Daudet_sapho_N.txt,"Seulement elle tenait une de ses mains entre les siennes qu ' sentait très petites et glacées ; et , sans le froid de cette étreinte nerveuse , aurait pu croire qu' elle dormait , renversée à le fond de le fiacre , avec le reflet glissant de le store bleu sur la figure .","seulement il VIMP un de DETPOSS NCCOR entre le sien que ' sentir très ADJ et ADJ ; et , sans le NC de ce NCmod ADJ , avoir pouvoir VCOG que il VIMP , PPAS à le NC de le NCmod , avec le NC ADJ de le NCmod ADJCOL sur le NCCOR ."
81,Daudet/1884_Daudet_sapho_N.txt,"On s' arrêta rue Jacob , devant un hôtel d' étudiants .","on se VPS NC NP , ADVLIEU un NC de NCmod ."
82,Daudet/1884_Daudet_sapho_N.txt,"Quatre étages à monter , c' était haut et dur .","NUM NC à INF , ce être ADJ et ADJ ."
83,Daudet/1884_Daudet_sapho_N.txt,« Voulez -vous que je vous porte ?,""" vouloir vous que je vous PRES ?"
84,Daudet/1884_Daudet_sapho_N.txt,"... » dit- en riant , mais tout bas , à cause de la maison endormie .","... "" ADV en PPRES , mais tout ADJ , à NC de le NC PPAS ."
85,Daudet/1884_Daudet_sapho_N.txt,"Elle l' enveloppa d' un lent regard , méprisant et tendre , un regard d' expérience qui le jaugeait et clairement disait : « Pauvre petit ... » Alors lui , d' un bel élan , bien de son âge et de son , la prit , l' emporta comme un enfant , car était solide et découplé avec sa peau blonde de demoiselle , et monta le premier étage d' une haleine , heureux de ce poids que deux beaux bras , frais et nus , lui nouaient à le cou .","il le VPS de un ADJ NCMAN , VSENT et INF , un NCMAN de NCmod qui le VIMP et ADVMAN VDIC : "" NP ADJ ... "" alors lui , de un ADJ NC , bien de DETPOSS NCmod et de NC , le VPS , le VPS comme un NC , car être ADJ et PPAS avec DETPOSS NCCOR ADJCOL de NCmod , et VPS le ADJ NCo de un NCmod , ADJ de ce NC que NUM ADJ NCCOR , ADJ et ADJ , lui VIMP à le NCCOR ."
86,Daudet/1884_Daudet_sapho_N.txt,"Le second étage fut plus long , sans agrément .","le ADJ NCs être plus ADJ , sans NCSENT ."
87,Daudet/1884_Daudet_sapho_N.txt,"La femme s' abandonnait , se faisait plus lourde à mesure .","le NCs se VIMP , se faire plus ADJ à NC ."
88,Daudet/1884_Daudet_sapho_N.txt,"Le fer de ses pendeloques , qui d' abord le caressait d' un chatouillement , entrait peu à peu et cruellement dans sa chair .","le NC de DETPOSS NCmod , qui de NC le VIMP de un NC , VIMP peu à peu et ADVMAN dans DETPOSS NCCOR ."
89,Daudet/1884_Daudet_sapho_N.txt,"À le troisième , râlait comme un déménageur de piano ; le souffle lui manquait , pendant qu' elle murmurait , ravie , la paupière allongée : « Oh !","à le NC , VDIC comme un NC de NCmod ; le NCs lui VIMP , PHASE que il VDIC , ADJ , le NCCOR PPAS : "" INTJ !"
90,Daudet/1884_Daudet_sapho_N.txt,"m' ami , que c' est bon ... qu' on est bien ... » Et les dernières marches , qu ' grimpait une à une , lui semblaient d' un escalier géant dont les murs , la rampe , les étroites fenêtres tournaient en une interminable spirale .","le NC , que ce être ADJ ... que on être bien ... "" et le ADJ NC , que ' VIMP un à un , lui VIMP de un NC ADJ dont le NC , le NC , le ADJ NCs VIMP en un ADJ NC ."
91,Daudet/1884_Daudet_sapho_N.txt,"Ce n' était plus une femme qu ' portait , mais quelque chose de lourd , d' horrible , qui l' étouffait , et qu' à tout moment était tenté de lâcher , de jeter avec colère , à le risque d' un écrasement brutal .","ce ne être plus un NCs que ' VIMP , mais quelque chose de ADJ , de NCmod , qui le VIMP , et que à tout NC être PPAS de INF , de INF avec NCSENT , à le NC de un NCmod ADJ ."
92,Daudet/1884_Daudet_sapho_N.txt,Arrivés sur l' étroit palier : « Déjà ... » dit -elle en ouvrant les yeux .,"PPAS sur le NC ADJ : "" déjà ... "" VDIC il en PPRES le NCCOR ."
93,Daudet/1884_Daudet_sapho_N.txt,Lui pensait : « Enfin !,"il VCOG : "" PHASE !"
94,Daudet/1884_Daudet_sapho_N.txt,"... » mais n' aurait pu le dire , très pâle , les deux mains sur sa poitrine qui éclatait .","... "" mais ne avoir pouvoir le VDIC , très ADJ , le NUM NCCOR sur DETPOSS NCmod qui VIMP ."
95,Daudet/1884_Daudet_sapho_N.txt,"Toute leur histoire , cette montée d' escalier dans la grise tristesse de le matin .","tout lui NCmod , ce NC de NCmod dans le ADJ NCmod de le NCT ."
96,Daudet/1884_Daudet_sapho_N.txt,"Table de les matières la garda deux jours ; puis elle partit , lui laissant une impression de peau douce et de linge fin .","ADJ de le NC le NC NUM NCT ; puis il VPS , lui laisser un NCo de NCCOR ADJ et de ADJ NC ."
97,Daudet/1884_Daudet_sapho_N.txt,"Pas d' autre renseignement sur elle que son nom , son adresse et ceci : « Quand vous me voudrez , appelez -moi ... je serai toujours prête ... » La toute petite carte , élégante , odorante , portait : la mit à sa glace entre une invitation à le dernier bal de les Affaires étrangères et le programme enluminé et fantaisiste de la soirée de Déchelette , ses deux seules sorties mondaines de l' année ; et le souvenir de la femme , resté quelques jours autour de la cheminée dans ce délicat et léger parfum , s' évapora en même temps que lui , sans que Gaussin , sérieux , travailleur , se méfiant par-dessus tout de les entraînements de Paris , eût eu la fantaisie de renouveler cette amourette d' un soir .","pas de autre NCs sur il que DETPOSS NCmod , DETPOSS NC et ceci : "" quand vous me PRES , IMP soi ... je VF ADVTEMPS ADJ ... "" le tout ADJ NCs , ADJ , ADJ , VIMP : le mettre à DETPOSS NC entre un NC à le ADJ NCmod de le NCmod ADJ et le NC ADJ et ADJ de le NCT de NP , DETPOSS NUM ADJ NC ADJ de le NCT ; et le NC de le NCmod , PPAS quelque NCT ADV de le NC dans ce NC et ADJ NC , se VPS en même temps que lui , sans que NP , ADJ , NC , se PPRES ADV tout de le NCmod de NP , avoir avoir le NCo de INF ce NCo de un NCT ."
98,Daudet/1884_Daudet_sapho_N.txt,L' examen ministériel aurait lieu en novembre .,le NCs ADJ avoir NCo en NC .
99,Daudet/1884_Daudet_sapho_N.txt,ne lui restait que trois mois pour le préparer .,ne lui VIMP que NUM NCT pour le INF .
100,Daudet/1884_Daudet_sapho_N.txt,"Après , viendrait un stage de trois ou quatre ans dans les bureaux de le service consulaire ; puis s' en irait quelque part , très loin .","PHASE , venir un NCo de NUM ou NUM NCT dans le NCmod de le NCmod ADJ ; puis se en aller quelque NCo , très ADVLIEU ."
101,Daudet/1884_Daudet_sapho_N.txt,"Cette idée d' exil ne l' effrayait pas ; car une tradition chez les Gaussin d' Armandy , vieille famille avignonnaise , voulait que l' aîné de les fils suivît ce qu' on appelle la carrière , avec l' exemple , l' encouragement et la protection morale de ceux qui l' y avaient précédé .","ce NCs de NCmod ne le VIMP pas ; car un NCs chez le NP de NP , ADJ NC ADJ , vouloir que le NCs de le NCmod PRES ce que on PRES le NC , avec le NC , le NC et le NC ADJ de celui qui le y avoir PPAS ."
102,Daudet/1884_Daudet_sapho_N.txt,"Pour ce provincial , Paris n' était que la première escale d' une très longue traversée , ce qui l' empêchait de nouer aucune liaison sérieuse en amour comme en amitié .","pour ce NC , NP ne être que le ADJ NC de un très ADJ NCmod , ce qui le VIMP de INF aucun NCo ADJ en NCSENT comme en NC ."
103,Daudet/1884_Daudet_sapho_N.txt,"Une semaine ou deux après le bal de Déchelette , un soir que Gaussin , la lampe allumée , ses livres préparés sur la table , se mettait à le travail , on frappa timidement ; et , la porte ouverte , une femme apparut en toilette élégante et claire .","un NC ou NUM PHASE le NCmod de NP , un NCT que NP , le NC PPAS , DETPOSS NC PPAS sur le NC , se mettre à le NC , on frapper ADVMAN ; et , le NC PPAS , un NC VPS en NC ADJ et ADJ ."
104,Daudet/1884_Daudet_sapho_N.txt,la reconnut seulement quand elle eut relevé sa voilette .,le VCOG seulement quand il avoir PPAS DETPOSS NCo .
105,Daudet/1884_Daudet_sapho_N.txt,"— Vous voyez , c' est moi ... je reviens ... Puis surprenant le regard inquiet , gêné , qu ' jetait sur la besogne en train : — Oh !","— vous VCOG , ce être soi ... je PRES ... puis VSENT le NCMAN ADJ , VSENT , que ' VIMP sur le NC en NCmod : — INTJ !"
106,Daudet/1884_Daudet_sapho_N.txt,"je ne vous dérangerai pas ... je sais ce que c' est ... Elle défit son chapeau , prit une livraison de le Tour de le monde , s' installa et ne bougea plus , absorbée en apparence par sa lecture ; mais , chaque fois qu ' levait les yeux , rencontrait son regard .","je ne vous VF pas ... je VCOG ce que ce être ... il PRES DETPOSS NCo , VPS un NCo de le NCmod de le NCmod , se VPS et ne VPS plus , PPAS en NC par DETPOSS NC ; mais , chaque fois que ' VIMP le NCCOR , VCOND DETPOSS NCMAN ."
107,Daudet/1884_Daudet_sapho_N.txt,"Et vraiment lui fallait de le courage pour ne pas la prendre tout de suite entre ses bras , car elle était bien tentante et d' un grand charme avec sa toute petite tête à le front bas , à le nez court , à la lèvre sensuelle et bonne , et la maturité souple de sa taille dans cette robe d' une correction toute parisienne , moins effrayante pour lui que sa défroque de fille d' Égypte .","et ADVINT lui VIMP de le NC pour ne pas le INF tout de NC entre DETPOSS NCCOR , car il être bien ADJ et de un ADJ NC avec DETPOSS tout ADJ NCCOR à le NCCOR ADJ , à le NCCOR ADJ , à le NCCOR ADJ et ADJ , et le NC ADJ de DETPOSS NCmod dans ce NCmod de un NCmod tout ADJ , moins ADJ pour lui que DETPOSS NC de NCmod de NP ."
108,Daudet/1884_Daudet_sapho_N.txt,"Partie le lendemain de bonne heure , elle revint plusieurs fois dans la semaine , et toujours elle entrait avec la même pâleur , les mêmes mains froides et moites , la même voix serrée d' émotion .","PPAS le NC de ADJ NCT , il VPS plusieurs fois dans le NC , et ADVTEMPS il VIMP avec le même NC , le même NCCOR ADJ et ADJ , le même NCMAN PPAS de NCSENT ."
109,Daudet/1884_Daudet_sapho_N.txt,— Oh !,— INTJ !
110,Daudet/1884_Daudet_sapho_N.txt,"je sais bien que je t' ennuie , lui disait -elle , que je te fatigue .","je VCOG bien que je le PRES , lui VDIC il , que je me PRES ."
111,Daudet/1884_Daudet_sapho_N.txt,Je devrais être plus fière ... Si tu crois !,je VCOND être plus ADJ ... si je VCOG !
112,Daudet/1884_Daudet_sapho_N.txt,"... Tous les matins en m' en allant de chez toi , je jure de ne plus venir ; puis ça me reprend , le soir , comme une folie .","... tout le NCT en se en aller de chez soi , je INF de ne plus venir ; puis ça me PRES , le NCT , comme un NC ."
113,Daudet/1884_Daudet_sapho_N.txt,"la regardait , amusé , surpris dans son dédain de la femme , par cette persistance amoureuse .","le VCOG , VSENT , PPAS dans DETPOSS NCSENT de le NCmod , par ce NCmod ADJ ."
114,Daudet/1884_Daudet_sapho_N.txt,"Celles qu ' avait connues jusque -là , de les filles de brasserie ou de skating , quelquefois jeunes et jolies , lui laissaient toujours le dégoût de leur rire bête , de leurs mains de cuisinières , d' une grossièreté d' instincts et de propos qui lui faisait ouvrir la fenêtre derrière elles .","celui que ' avoir PPAS jusque ADVLIEU , de le NCmod de NCmod ou de NC , ADVTEMPS ADJ et ADJ , lui VIMP ADVTEMPS le NCSENT de lui NCMAN ADJ , de DETPOSS NCCOR de NCmod , de un NC de NCmod et de NC qui lui faire INF le NCo ADVLIEU il ."
115,Daudet/1884_Daudet_sapho_N.txt,"Dans sa croyance d' innocent , pensait toutes les filles de plaisir pareilles .","dans DETPOSS NC de NCmod , VCOG tout le NCs de NCSENT NCmod ."
116,Daudet/1884_Daudet_sapho_N.txt,"Aussi s' étonnait- de trouver en Fanny une douceur , une réserve vraiment femme , avec cette supériorité — sur les bourgeoises qu ' rencontrait en province chez sa mère — d' un frottis d' art , d' une connaissance de toutes choses , qui rendaient les causeries intéressantes et variées .","aussi se étonnait- de INF en NP un NCo , un NCo ADVINT NCmod , avec ce NCmod — sur le NCmod que ' VIMP en NC chez DETPOSS NC — de un NC de NCmod , de un NCmod de tout chose , qui VIMP le NCo ADJ et ADJ ."
117,Daudet/1884_Daudet_sapho_N.txt,"Puis elle était musicienne , s' accompagnait à le piano et chantait , d' une voix de contralto un peu fatiguée , inégale , mais exercée , quelque romance de Chopin ou de Schumann , de les chansons de pays , de les airs berrichons , bourguignons ou picards dont elle avait tout un répertoire .","puis il être ADJ , se VIMP à le NC et VIMP , de un NCMAN de NCmod un peu VSENT , ADJ , mais PPAS , quelque NCo de NP ou de NP , de le NC de NCmod , de le NCMAN ADJ , NC ou NC dont il avoir tout un NCo ."
118,Daudet/1884_Daudet_sapho_N.txt,"Gaussin , fou de musique , cet art de paresse et de plein air où se plaisent ceux de son pays , s' exaltait par le son à les heures de travail , en berçait son repos délicieusement .","NP , NC de NCmod , ce NC de NCmod et de ADJ NCMAN où se PRES celui de DETPOSS NCmod , se VIMP par le NC à le NCT de NCmod , en VIMP DETPOSS NCo ADVINT ."
119,Daudet/1884_Daudet_sapho_N.txt,"Et de Fanny , cela surtout le ravissait .","et de NP , cela surtout le VSENT ."
120,Daudet/1884_Daudet_sapho_N.txt,"s' étonnait qu' elle ne fût pas dans un théâtre , et apprit ainsi qu' elle avait chanté à le Lyrique .","se VSENT que il ne être pas dans un NC , et VCOG ainsi que il avoir PPAS à le NP ."
121,Daudet/1884_Daudet_sapho_N.txt,"— Mais pas longtemps ... Je m' ennuyais trop ... En elle effectivement rien de l' étudié , de le convenu de la femme de théâtre ; pas l' ombre de vanité ni de mensonge .","— mais pas longtemps ... je se VSENT trop ... en il ADVINT rien de le NCmod , de le NCmod de le NCmod de NCmod ; pas le NC de NCmod ni de NC ."
122,Daudet/1884_Daudet_sapho_N.txt,"Seulement un certain mystère sur sa vie au-dehors , mystère gardé même à les heures de passion , et que son amant n' essayait pas de pénétrer , ne se sentant ni jaloux ni curieux , la laissant arriver à l' heure dite sans même regarder la pendule , ignorant encore la sensation de l' attente , ces grands coups à pleine poitrine qui sonnent le désir et l' impatience .","seulement un ADJ NC sur DETPOSS NCmod ADV , NC PPAS même à le NCT de NCSENT , et que DETPOSS NCs ne VIMP pas de INF , ne se sentir ni ADJ ni ADJ , le laisser INF à le NCT VDIC sans même VCOG le NCo , VCOG encore le NCSENT de le NCmod , ce ADJ NC à ADJ NCmod qui PRES le NCSENT et le NCSENT ."
123,Daudet/1884_Daudet_sapho_N.txt,"De temps en temps , l' été étant très beau cette année -là , ils s' en allaient à la découverte de tous ces jolis coins de les environs de Paris dont elle savait la carte précise et détaillée .","de temps en temps , le NCs être très ADJ ce NCT ADVLIEU , il se en aller à le NC de tout ce ADJ NCs de le NCmod de NP dont il VCOG le NCo ADJ et PPAS ."
124,Daudet/1884_Daudet_sapho_N.txt,"Ils se mêlaient à les départs nombreux , turbulents , de les gares de banlieue , déjeunaient dans quelque cabaret à la lisière de les bois ou de les eaux , évitant seulement certains endroits trop courus .","il se VIMP à le NC ADJ , NC , de le NCmod de NCmod , VIMP dans quelque NC à le NC de le NCmod ou de le NC , PPRES seulement certain NCo trop ADJ ."
125,Daudet/1884_Daudet_sapho_N.txt,"Un jour qu ' lui proposait d' aller à les Vaux-de-Cernay ... — Non , non ... pas là ... y a trop de peintres ... Et cette antipathie de les artistes , se rappela qu' elle avait été l' initiation de leur amour .","un NCT ADJ ' lui VDIC de aller à le NP ... — non , non ... pas ADVLIEU ... y avoir trop de NC ... et ce NCs de le NCmod , se VPS que il avoir être le NC de lui NCSENT ."
126,Daudet/1884_Daudet_sapho_N.txt,"Comme en demandait la raison : — Ce sont , dit -elle , de les détraqués , de les compliqués qui racontent toujours plus de choses qu ' n' y en a ... Ils m' ont fait beaucoup de mal ... Lui protestait : — Pourtant , l' art , c' est beau ... Rien de tel pour embellir , élargir la vie .","comme en VIMP le NCo : — ce être , VDIC il , de le NC , de le NCmod qui PRES ADVTEMPS plus de chose que ' ne y en avoir ... il lui avoir faire beaucoup de mal ... il VIMP : — pourtant , le NC , ce être ADJ ... rien de tel pour INF , INF le NCo ."
127,Daudet/1884_Daudet_sapho_N.txt,"— Vois -tu , m' ami , ce qui est beau , c' est d' être simple et droit comme toi , d' avoir vingt ans et de bien s' aimer ... Vingt ans !","— NP tu , le NC , ce qui être ADJ , ce être de être ADJ et ADJ comme soi , de avoir NUM NCT et de bien se VSENT ... NUM NCT !"
128,Daudet/1884_Daudet_sapho_N.txt,"on ne lui eût pas donné davantage , à la voir si vivante , toujours prête , riant à tout , trouvant tout bon .","on ne lui avoir pas PPAS davantage , à le VCOG si ADJ , ADVTEMPS ADJ , PPRES à tout , PPRES tout ADJ ."
129,Daudet/1884_Daudet_sapho_N.txt,"Un soir , à Saint-Clair , dans la vallée de Chevreuse , ils arrivèrent la veille de la fête et ne trouvèrent pas de chambre .","un NCT , à NP , dans le NCmod de NP , il VPS le NCo de le NCmod et ne VPS pas un NC ."
130,Daudet/1884_Daudet_sapho_N.txt,"était tard , fallait une lieue de bois dans la nuit pour rejoindre le prochain village .","être tard , VIMP un NCo de NCmod dans le NCT pour INF le ADJ NCo ."
131,Daudet/1884_Daudet_sapho_N.txt,"Enfin on leur offrit un lit de sangle , resté libre à le bout d' une grange où dormaient de les maçons .","PHASE on lui VPS un NCo de NCmod , PPAS ADJ à le NC de un NCmod où VIMP de le NC ."
132,Daudet/1884_Daudet_sapho_N.txt,"— Allons -y , dit -elle en riant ... ça me rappellera mon temps de misère .","— NP -y , VDIC il en PPRES ... ça me VF DETPOSS temps de NCmod ."
133,Daudet/1884_Daudet_sapho_N.txt,Elle avait donc connu la misère .,il avoir donc PPAS le NCo .
134,Daudet/1884_Daudet_sapho_N.txt,"Ils se glissèrent à tâtons entre les lits occupés dans la grande salle crépie à la chaux , où fumait une veilleuse à le fond d' une niche sur la muraille ; et toute la nuit serrés l' un contre l' autre , ils étouffaient leurs baisers et leurs rires , en entendant ronfler , geindre de fatigue ces compagnons , dont les bourgerons , les lourdes chaussures de travail traînaient tout près de la robe de soie et de les fines bottes de la Parisienne .","il se VPS à NC entre le NCmod ADJ dans le ADJ NC ADJ à le NCmod , où VIMP un NCs à le NCmod de un NCmod sur le NCmod ; et tout le NCT PPAS le un contre le autre , il VIMP DETPOSS NCo et DETPOSS NCMAN , en VCOG INF , INF de NCSENT ce NC , dont le NC , le ADJ NCs de NCmod VIMP tout ADVLIEU de le NC de NCmod et de le NC ADJ de le NP ."
135,Daudet/1884_Daudet_sapho_N.txt,"À le petit jour , une chatière s' ouvrit à le bas de le large portail , un rai de lumière blanche frôla la sangle de les lits , la terre battue , pendant qu' une voix enrouée criait : « Ohé !","à le ADJ NCT , un NCs se PRES à le NC de le ADJ NCmod , un NC de NCmod ADJCOL VPS le NCo de le NCmod , le NC PPAS , PHASE que un NCMAN PPAS VDIC : "" NP !"
136,Daudet/1884_Daudet_sapho_N.txt,"la coterie ... » Puis se fit , dans la grange redevenue obscure , un remue-ménage pénible et lent , de les bâillées , de les étirements , de grosses toux , les tristes bruits humains d' une chambrée qui s' éveille ; et lourds , silencieux , les Limousins s' en allèrent , un par un , sans se douter qu' ils avaient dormi près d' une belle fille .","le NC ... "" puis se faire , dans le NC PPAS ADJ , un NC ADJ et ADJ , de le NC , de le NC , un ADJ NC , le ADJ NC ADJ de un NCmod qui se PRES ; et ADJ , ADJ , le NP se en aller , un par un , sans se INF que il avoir PPAS ADVLIEU de un ADJ NC ."
137,Daudet/1884_Daudet_sapho_N.txt,"Derrière eux , elle se leva , mit sa robe à tâtons , tordit ses cheveux en hâte : « Reste là ... je reviens ... » Elle rentrait à le bout d' un moment avec une énorme brassée de fleurs de les champs inondées de rosée .","ADVLIEU eux , il se VPS , mettre DETPOSS NCo à NCmod , VPS DETPOSS NCCOR en NCmod : "" NP ADVLIEU ... je PRES ... "" il VCOND à le NC de un NCmod avec un NC PPAS de NCmod de le NCmod PPAS de NC ."
138,Daudet/1884_Daudet_sapho_N.txt,« Maintenant dormons ... » dit -elle en éparpillant sur le lit cette odorante fraîcheur de la flore matinale qui ravivait l' atmosphère autour d' eux .,""" ADVT ADJ ... "" VDIC il en PPRES sur le NC ce ADJ NCo de le NCmod ADJ qui VIMP le NCo ADV de eux ."
139,Daudet/1884_Daudet_sapho_N.txt,"Et jamais elle ne lui avait paru si jolie qu' à cette entrée de grange , riant dans le petit jour , avec ses légers cheveux tout envolés et ses herbes folles .","et ADVTEMPS il ne lui avoir paraître si ADJ que à ce NC de NCmod , PPRES dans le ADJ NCT , avec DETPOSS NC ADJ tout PPAS et DETPOSS NC ADJ ."
140,Daudet/1884_Daudet_sapho_N.txt,"Une autre fois , ils déjeunaient à Ville-d'Avray devant l' étang .","un autre fois , il VIMP à NP ADVLIEU le NC ."
141,Daudet/1884_Daudet_sapho_N.txt,"Un matin d' automne enveloppait de brume l' eau calme , la rouille de les bois en face d' eux ; et seuls dans le petit jardin de le restaurant , ils s' embrassaient en mangeant de les ablettes .","un NCT de NCmod VIMP de NC le NCo NCSENT , le NC de le NCmod en NC de eux ; et ADJ dans le ADJ NC de le NCmod , il se VIMP en PPRES de le NC ."
142,Daudet/1884_Daudet_sapho_N.txt,"Tout à coup , d' un pavillon rustique branché dans le platane à le pied de lequel leur table était mise , une voix forte et narquoise appela : « Dites donc , les autres , quand vous aurez fini de vous bécoter ... » Et la face de lion , la moustache rousse de le sculpteur Caoudal se penchait dans l' embrasure en rondins de le chalet .","tout à NC , de un NC ADJ PPAS dans le NC à le NCCOR de lequel lui NCspas être mettre , un NCMAN fort et ADJ VPS : "" VDIC donc , le autre , quand vous avoir VASP de vous INF ... "" et le NC de NCmod , le NCCOR ADJCOL de le NCmod NP se VIMP dans le NC en NC de le NCmod ."
143,Daudet/1884_Daudet_sapho_N.txt,"— J' ai bien envie de descendre déjeuner avec vous ... Je m' ennuie comme un hibou dans mon arbre ... Fanny ne répondait pas , visiblement gênée de la rencontre ; lui , à le contraire , accepta bien vite , curieux de l' artiste célèbre , flatté de l' avoir à sa table .","— je avoir bien NCo de INF INF avec vous ... je se VSENT comme un NC dans DETPOSS NCmod ... NP ne VDIC pas , ADVINT VSENT de le NC ; lui , à le NC , VPS bien ADV , ADJ de le NC ADJ , VSENT de le avoir à DETPOSS NC ."
144,Daudet/1884_Daudet_sapho_N.txt,"Caoudal , très coquet dans une apparence négligée , mais où tout était calculé depuis la cravate en crêpe de chine blanc pour éclaircir un teint sabré de rides et de couperoses , jusqu' à le veston serré sur la taille encore svelte et les muscles en saillie , Caoudal lui parut plus vieux qu' à le bal de Déchelette .","NP , très ADJ dans un NC ADJ , mais où tout être PPAS depuis le NC en NCmod de NCmod ADJCOL pour INF un NCo PPAS de NC et de NC , jusque à le NC ADJ sur le NCmod encore ADJ et le NC en NCmod , NP lui paraître plus ADJ que à le NC de NP ."
145,Daudet/1884_Daudet_sapho_N.txt,"Mais ce qui le surprit et même l' embarrassait un peu , ce fut le ton d' intimité de le sculpteur avec sa maîtresse .","mais ce qui le NC et même le VSENT un peu , ce être le NC de NCmod de le NCmod avec DETPOSS NCmod ."
146,Daudet/1884_Daudet_sapho_N.txt,"l' appelait Fanny , la tutoyait .","le NCs NP , le VIMP ."
147,Daudet/1884_Daudet_sapho_N.txt,"— Tu sais , lui disait - en installant son couvert sur leur nappe , je suis veuf depuis quinze jours .","— je VCOG , lui VDIC - en PPRES DETPOSS NCo sur lui NC , je être ADJ depuis NUM NCT ."
148,Daudet/1884_Daudet_sapho_N.txt,Maria est partie avec Morateur .,NP être PPAS avec NP .
149,Daudet/1884_Daudet_sapho_N.txt,"Ça m' a laissé assez tranquille les premiers temps ... Mais ce matin , en entrant à l' atelier , je me suis senti faignant comme tout ... Impossible de travailler ... Alors j' ai lâché mon groupe et je suis venu déjeuner à la campagne .","ça le avoir laisser ADV ADJ le ADJ temps ... mais ce NCT , en PPRES à le NC , je me être sentir PPRES comme tout ... ADJ de INF ... alors je avoir PPAS DETPOSS NCo et je être venir INF à le NC ."
150,Daudet/1884_Daudet_sapho_N.txt,"Fichue idée , quand on est seul ... Un peu plus je larmoyais dans ma gibelotte ... Puis regardant le Provençal dont la barbe follette et les cheveux bouclés avaient le ton de le sauternes dans les verres : — Est -ce beau , la jeunesse !","ADJ NC , quand on être ADJ ... un peu plus je VIMP dans DETPOSS NC ... puis VCOG le NP dont le NCCOR ADJ et le NCCOR ADJ avoir le NCo de le NCmod dans le NC : — être ce ADJ , le NC !"
151,Daudet/1884_Daudet_sapho_N.txt,"... Pas de danger qu' on le lâche , celui-là ... Et ce qu' y a de plus fort , c' est que ça se gagne ... Elle a l' air aussi jeune que lui ... — Malhonnête !","... pas de INF que on le PRES , celui-là ... et ce que y avoir de plus fort , ce être que ça se PRES ... il avoir le NCMAN aussi ADJ que lui ... — NP !"
152,Daudet/1884_Daudet_sapho_N.txt,"... fit -elle en riant ; et son rire sonnait bien la séduction sans âge , la jeunesse de la femme qui aime et veut se faire aimer .","... faire il en PPRES ; et DETPOSS NCMAN VIMP bien le NCSENT sans NCmod , le NC de le NCmod qui VSENT et vouloir se faire VSENT ."
153,Daudet/1884_Daudet_sapho_N.txt,"« Étonnante ... Étonnante ... » murmurait Caoudal , qui l' examinait tout en mangeant , avec un pli de tristesse et d' envie grimaçant à le coin de sa bouche .",""" NCs ... NP ... "" VDIC NP , qui le VIMP tout en PPRES , avec un NC de NCSENT et de NC PPRES à le NC de DETPOSS NCCOR ."
154,Daudet/1884_Daudet_sapho_N.txt,"— Dis donc , Fanny , te rappelles -tu un déjeuner ... c' est loin , dam !","— dis donc , NP , me ADJ -tre un NCmod ... ce être ADVLIEU , dam !"
155,Daudet/1884_Daudet_sapho_N.txt,"... nous étions Ezano , Dejoie , toute la bande ... tu es tombée dans l' étang .","... nous être NP , NP , tout le NC ... je être PPAS dans le NC ."
156,Daudet/1884_Daudet_sapho_N.txt,"On t' a habillée en homme , avec la tunique de le garde-pêche .","on le avoir PPAS en NC , avec le NC de le NCmod ."
157,Daudet/1884_Daudet_sapho_N.txt,"Ça t' allait richement bien ... — Rappelle plus ... fit -elle froidement , et sans mentir ; car ces créatures changeantes et de hasard ne sont jamais qu' à l' heure présente de leur amour .","ça lui aller ADV bien ... — NP plus ... faire il ADVMAN , et sans INF ; car ce NCs ADJ et de NC ne être ADVTEMPS que à le NCT ADJ de lui NCSENT ."
158,Daudet/1884_Daudet_sapho_N.txt,"Nulle mémoire de ce qui précéda , nulle crainte de ce qui peut venir .","ADJ NC de ce qui VPS , ADJ NCSENT de ce qui pouvoir venir ."
159,Daudet/1884_Daudet_sapho_N.txt,"Caoudal , à le contraire , tout à le passé , dévidait à coups de sauternes ses exploits de robuste jeunesse , d' amour et de beuverie , parties de campagne , bals à l' Opéra , charges d' atelier , batailles et conquêtes .","NP , à le NC , tout à le NC , VIMP à NC de ADJ DETPOSS NCmod de ADJ NCmod , de NCSENT et de NC , NC de NCmod , NC à le NP , NC de NCmod , NC et NC ."
160,Daudet/1884_Daudet_sapho_N.txt,"Mais , en se tournant vers eux avec l' éclair remonté à ses yeux de toutes les flammes qu ' remuait , s' aperçut qu' ils ne l' écoutaient guère , occupés à égrener de les raisins à les lèvres l' un de l' autre .","mais , en se PPRES vers eux avec le NC VSENT à DETPOSS NCCOR de tout le NCmod que ' VIMP , se VPS que il ne le VIMP guère , PPAS à INF de le NC à le NCCOR le un de le autre ."
161,Daudet/1884_Daudet_sapho_N.txt,"— Est -ce assez rasant ce que je vous raconte là ... Mais si , mais si , je vous assomme ... Ah !","— être ce ADV ADJ ce que je vous PRES ADVLIEU ... mais si , mais si , je vous PRES ... INTJ !"
162,Daudet/1884_Daudet_sapho_N.txt,"nom d' un chien ... C' est bête d' être vieux ... se leva , jeta sa serviette — Pour moi , le déjeuner , père Langlois ... cria -t - vers le restaurant .","NC de un NCmod ... ce être ADJ de être ADJ ... se VPS , VPS DETPOSS NCo — pour soi , le NCmod , NC NP ... VPS t - vers le NCo ."
163,Daudet/1884_Daudet_sapho_N.txt,"s' éloigna tristement , traînant les pieds , comme rongé d' un mal incurable .","se VPS ADV , PPRES le NCCOR , comme NCmod de un mal ADJ ."
164,Daudet/1884_Daudet_sapho_N.txt,Longtemps les amoureux suivirent sa longue taille qui se voûtait sous les feuilles couleur d' or .,longtemps le NCs VPS DETPOSS ADJ NCo qui se VIMP sous le NC NC de NCmod .
165,Daudet/1884_Daudet_sapho_N.txt,« Pauvre Caoudal !,""" NP NP !"
166,Daudet/1884_Daudet_sapho_N.txt,"... c' est vrai qu ' se tasse ... » murmura Fanny d' un ton de douce commisération ; et comme Gaussin s' indignait que cette Maria , une fille , un modèle , pût s' amuser de les souffrances d' un Caoudal et préférer à le grand artiste ... qui ?","... ce être vrai que ' se PRES ... "" VF NP de un NCmod de ADJ NCSENT ; et comme NP se VSENT que ce NP , un NC , un NC , VSUBI se VSENT de le NCSENT de un NP et INF à le ADJ NC ... qui ?"
167,Daudet/1884_Daudet_sapho_N.txt,"... Morateur , un petit peintre sans talent , n' ayant pour lui que sa jeunesse , elle se mit à rire : « Ah !","... NCs , un ADJ NC sans NCmod , ne avoir pour lui que DETPOSS NC , il se mettre à INF : "" INTJ !"
168,Daudet/1884_Daudet_sapho_N.txt,"innocent ... innocent ... » et lui renversant la tête à deux mains sur ses genoux , elle le humait , le respirait , dans les yeux , dans les cheveux , partout , comme un bouquet .","ADJ ... ADJ ... "" et lui PPRES le NCCOR à NUM NCCOR sur DETPOSS NCCOR , il le VIMP , le NC , dans le NCCOR , dans le NCCOR , ADV , comme un NC ."
169,Daudet/1884_Daudet_sapho_N.txt,"Le soir de ce jour -là , Jean pour la première fois coucha chez sa maîtresse qui le tourmentait à ce sujet depuis trois mois : — Mais enfin , pourquoi ne veux -tu pas ?","le NCT de ce NCT ADVLIEU , NP pour le ADJ fois VPS chez DETPOSS NC qui le VIMP à ce NC depuis NUM NCT : — mais PHASE , pourquoi ne vouloir il pas ?"
170,Daudet/1884_Daudet_sapho_N.txt,— Je ne sais ... ça me gêne .,— je ne VCOG ... ça me PRES .
171,Daudet/1884_Daudet_sapho_N.txt,"— Puisque je te dis que je suis libre , que je suis seule ... Et la fatigue de la partie de campagne aidant , elle l' entraîna rue de l' Arcade , tout près de la gare .","— puisque je me VDIC que je être ADJ , que je être ADJ ... et le NCSENT de le NCmod de NCmod PPRES , il le VPS NC de le NP , tout ADVLIEU de le NC ."
172,Daudet/1884_Daudet_sapho_N.txt,"À l' entresol d' une maison bourgeoise d' apparence honnête et cossue , une vieille servante en bonnet paysan , l' air revêche , vint leur ouvrir .","à le NC de un NCmod ADJ de NCmod ADJ et ADJ , un ADJ NCs en NCmod ADJ , le NCMAN ADJ , venir lui INF ."
173,Daudet/1884_Daudet_sapho_N.txt,— C' est Machaume ... Bonjour Machaume ... dit Fanny lui sautant à le cou .,— ce être NP ... NP NP ... VDIC NP lui PPRES à le NCCOR .
174,Daudet/1884_Daudet_sapho_N.txt,"Tu sais , le voilà mon aimé , mon roi ... je l' amène ... Vite , allume tout , fais la maison belle ... Jean resta seul dans un tout petit salon à les fenêtres cintrées et basses , drapées de la même soie bleue banale qui couvrait les divans et quelques meubles laqués .","je PRES , le voilà DETPOSS NC , DETPOSS NC ... je le PRES ... ADV , PRES tout , faire le NCo ADJ ... NP VPS ADJ dans un tout ADJ NC à le NCmod ADJ et ADJ , PPAS de le même NC ADJCOL ADJ qui VIMP le NCo et quelque NC ADJ ."
175,Daudet/1884_Daudet_sapho_N.txt,"À les murs trois ou quatre paysages égayaient et aéraient l' étoffe ; tous portaient un mot de dédicace : « à Fanny Legrand » , « à ma chère Fanny ... » .","à le NC NUM ou NUM NCs VIMP et VIMP le NCo ; tout VIMP un NCo de NCmod : "" à NP NP "" , "" à DETPOSS NC NP ... "" ."
176,Daudet/1884_Daudet_sapho_N.txt,"Sur la cheminée , un marbre demi-grandeur de la de Caoudal , dont le bronze est partout , et que Gaussin dès sa petite enfance avait vu dans le cabinet de travail de son père .","sur le NC , un NC ADJ de le de NP , dont le NCs être ADV , et que NP dès DETPOSS ADJ NCmod avoir VCOG dans le NC de NCmod de DETPOSS NCmod ."
177,Daudet/1884_Daudet_sapho_N.txt,"Et à la lueur de l' unique bougie posée près de le socle , s' aperçut de la ressemblance , affinée et comme rajeunissante , de cette œuvre d' art avec sa maîtresse .","et à le NC de le ADJ NCmod PPAS ADVLIEU de le NC , se VPS de le NC , PPAS et comme ADJ , de ce NC de NCmod avec DETPOSS NCmod ."
178,Daudet/1884_Daudet_sapho_N.txt,"Ces lignes de le profil , ce mouvement de taille sous la draperie , cette rondeur filante de les bras noués autour de les genoux lui étaient connus , intimes ; son œil les savourait avec le souvenir de sensations plus tendres .","ce NCmod de le NCmod , ce NC de NCmod sous le NCmod , ce NC ADJ de le NCCOR PPAS ADV de le NCCOR lui être PPAS , ADJ ; DETPOSS NCs le VIMP avec le NC de NCSENT plus ADJ ."
179,Daudet/1884_Daudet_sapho_N.txt,"Fanny , le trouvant en contemplation devant le marbre , lui dit d' un air dégagé : « y a quelque chose de moi , n' est -ce pas ?","NP , le NCs en NCmod ADVLIEU le NCmod , lui VDIC de un NCMAN PPAS : "" y avoir quelque chose de soi , ne être ce pas ?"
180,Daudet/1884_Daudet_sapho_N.txt,"... le modèle de Caoudal me ressemblait ... » Et tout de suite elle l' emmena dans sa chambre , où Machaume en rechignant installait deux couverts sur un guéridon ; tous les flambeaux allumés , jusqu' à les bras de l' armoire à glace , un beau feu de bois , gai comme un premier feu , flambant sous le pare-étincelles , la chambre d' une femme qui s' habille pour le bal .","... le NCs de NP me VIMP ... "" et tout de NCmod il le VPS dans DETPOSS NC , où NP en PPRES VIMP NUM NCo sur un NCmod ; tout le NC PPAS , jusque à le NCCOR de le NCmod à NCmod , un ADJ NC de NCmod , VF comme un ADJ NC , PPRES sous le NC , le NC de un NCmod qui se PRES pour le NC ."
181,Daudet/1884_Daudet_sapho_N.txt,"— J' ai voulu souper là , dit -elle en riant ... nous serons plus vite à le lit .","— je avoir vouloir INF ADVLIEU , VDIC il en PPRES ... nous VF plus ADV à le NC ."
182,Daudet/1884_Daudet_sapho_N.txt,Jamais Jean n' avait vu d' ameublement aussi coquet .,ADVTEMPS NP ne avoir VCOG un NC aussi ADJ .
183,Daudet/1884_Daudet_sapho_N.txt,"Les lampes Louis , les mousselines claires de les chambres de sa mère et de ses sœurs ne donnaient pas la moindre idée de ce nid ouaté , capitonné , où les boiseries se cachaient sous de les satins tendres , où le lit n' était qu' un divan plus large que les autres , étalé à le fond sur de les fourrures blanches .","le NCs NP , le NC ADJ de le NCmod de DETPOSS NCmod et de DETPOSS NC ne VIMP pas le ADJ NCo de ce NCmod PPAS , PPAS , où le NCs se VIMP sous de le NC ADJ , où le NCs ne être que un NC plus ADJ que le autre , PPAS à le NC sur de le NC ADJCOL ."
184,Daudet/1884_Daudet_sapho_N.txt,"Délicieuse , cette caresse de lumière , de chaleur , de reflets bleus allongés dans les glaces biseautées , après leur course à travers champs , l' ondée qu' ils avaient reçue , la boue de les chemins creux sous le jour qui tombait .","ADJ , ce NC de NCmod , de NC , de NC ADJCOL PPAS dans le NC ADJ , PHASE lui NCmod à travers NCmod , le NC que il avoir PPAS , le NC de le NCmod ADJ sous le NCT qui VIMP ."
185,Daudet/1884_Daudet_sapho_N.txt,"Mais ce qui l' empêchait de déguster en vrai provincial ce confort de rencontre , c' était la mauvaise humeur de la servante , le regard soupçonneux dont elle le fixait , à le point que Fanny la renvoya d' un mot : « Laisse-nous Machaume ... nous nous servirons ... » Et comme la paysanne jetait la porte en s' en allant : « N' y fais pas attention , elle m' en veut de trop t' aimer ... Elle dit que je perds ma vie ... ces gens de campagne , c' est si rapace !","mais ce qui le VIMP de INF en vrai ADJ ce NCo de NCmod , ce être le ADJ NC de le NCmod , le NCMAN ADJ dont il le VIMP , à le NCmod que NP le VPS de un NC : "" NP NP ... nous nous PRES ... "" et comme le ADJ VIMP le NCo en se en aller : "" ne y faire pas NCo , il lui en vouloir de trop lui VSENT ... il VDIC que je ADJ DETPOSS NC ... ce NC de NCmod , ce être si ADJ !"
186,Daudet/1884_Daudet_sapho_N.txt,"... Sa cuisine , par exemple , vaut mieux qu' elle ... goûte-moi cette terrine de lièvre .","... DETPOSS NCs , par NC , PRES mieux que il ... goûte-moi ce NC de NCmod ."
187,Daudet/1884_Daudet_sapho_N.txt,"» Elle découpait le pâté , débouchait le champagne , oubliait de se servir pour le regarder manger , faisant à chaque geste remonter jusqu' à l' épaule les manches d' une gandoura d' Alger , de laine souple et blanche , qu' elle portait toujours à la maison .",""" il VIMP le NCo , VIMP le NCo , VIMP de se INF pour le VCOG INF , faire à chaque NC VSENT jusque à le NCCOR le NCo de un NCmod de NP , de NCmod ADJ et ADJCOL , que il VIMP ADVTEMPS à le NC ."
188,Daudet/1884_Daudet_sapho_N.txt,"Elle lui rappelait ainsi leur première rencontre chez Déchelette ; et serrés sur le même fauteuil , mangeant dans la même assiette , ils parlaient de cette soirée .","il lui VIMP ainsi lui ADJ NCo chez NP ; et PPAS sur le même NC , PPRES dans le même NC , il VIMP de ce NCT ."
189,Daudet/1884_Daudet_sapho_N.txt,— Oh !,— INTJ !
190,Daudet/1884_Daudet_sapho_N.txt,"moi , disait -elle , dès que je t' ai vu entrer , j' ai eu envie de toi ... J' aurais voulu te prendre , t' emmener tout de suite , pour que les autres ne t' aient pas ... Et toi , qu' est -ce que tu pensais , quand tu m' as vue ?","soi , VDIC il , dès que je lui avoir VCOG INF , je avoir avoir NCo de soi ... je avoir vouloir me INF , le INF tout de NC , pour que le autre ne ADV avoir pas ... et soi , que être ce que je VCOG , quand je le avoir PPAS ?"
191,Daudet/1884_Daudet_sapho_N.txt,"... D' abord elle lui avait fait peur ; puis s' était senti plein de confiance , en intimité complète avec elle .","... de NC il lui avoir faire NCSENT ; puis se être sentir ADJ de NC , en NC ADJ avec il ."
192,Daudet/1884_Daudet_sapho_N.txt,"— À le fait , ajouta -t -, je ne t' ai jamais demandé ... Pourquoi t' es -tu fâchée ?","— à le NC , VPS t -, je ne lui avoir ADVTEMPS PPAS ... pourquoi le être il VSENT ?"
193,Daudet/1884_Daudet_sapho_N.txt,... Pour deux vers de La Gournerie ?,... pour NUM NC de le NP ?
194,Daudet/1884_Daudet_sapho_N.txt,"... Elle eut le même froncement de sourcils qu' à le bal , puis un geste de tête : — De les bêtises !","... il avoir le même NCo de NCmod que à le NC , puis un NC de NCCOR : — de le NCs !"
195,Daudet/1884_Daudet_sapho_N.txt,"... n' en parlons plus ... Et les bras autour de lui : — C' est que j' avais un peu peur , moi aussi ... j' essayais de me sauver , de me reprendre ... mais je n' ai pas pu , je ne pourrai jamais ... — Oh !","... ne en PRES plus ... et le NCCOR ADV de lui : — ce être que je avoir un peu NCSENT , soi aussi ... je VIMP de me INF , de me INF ... mais je ne avoir pas pouvoir , je ne pouvoir ADVTEMPS ... — INTJ !"
196,Daudet/1884_Daudet_sapho_N.txt,jamais .,ADVTEMPS .
197,Daudet/1884_Daudet_sapho_N.txt,— Tu verras .,— je ADJ .
198,Daudet/1884_Daudet_sapho_N.txt,"se contenta de répondre avec le sourire sceptique de son âge , sans s' arrêter à l' accent passionné , presque menaçant , dont lui fut jeté ce « tu verras ... » .","se VSENT de VDIC avec le NCMAN ADJ de DETPOSS NCmod , sans se INF à le NC VSENT , presque PPRES , dont lui être PPAS ce "" je NCo ... "" ."
199,Daudet/1884_Daudet_sapho_N.txt,"Cette étreinte de femme était si douce , si soumise ; croyait fermement n' avoir qu' un geste à faire pour se dégager ... Même , à quoi bon se dégager ?","ce NCs de NCmod être si ADJ , si PPAS ; VCOG ADVMAN ne avoir que un NCo à faire pour se INF ... même , à quoi ADJ se INF ?"
200,Daudet/1884_Daudet_sapho_N.txt,"... était si bien dans le dorlotement de cette chambre voluptueuse , si délicieusement étourdi par cette haleine en caresse sur ses paupières qui battaient , lourdes de sommeil , pleines de visions fuyantes , bois rouillés , prés , meules ruisselantes , toute leur journée d' amour à la campagne ... À le matin , fut réveillé en sursaut par la voix de Machaume criant à le pied de le lit , sans le moindre mystère : — est là ... veut vous parler ... — Comment !","... être si bien dans le NC de ce NCmod ADJ , si ADVINT PPAS par ce NC en NC sur DETPOSS NCCOR qui VIMP , ADJ de NC , NC de NCmod ADJ , NC ADJ , NC , NC ADJ , tout lui NCT de NCSENT à le NCmod ... à le NCT , être PPAS en NC par le NCMAN de NP VDIC à le NCCOR de le NCmod , sans le ADJ NC : — être ADVLIEU ... vouloir vous INF ... — comment !"
201,Daudet/1884_Daudet_sapho_N.txt,veut ?,vouloir ?
202,Daudet/1884_Daudet_sapho_N.txt,... Je ne suis donc plus chez moi !,... je ne être donc plus chez soi !
203,Daudet/1884_Daudet_sapho_N.txt,"... tu l' as donc laissé entrer ... Furieuse , elle bondit , s' échappa de la chambre , à moitié nue , la batiste ouverte : — Ne bouge pas , m' ami ... je reviens ... Mais ne l' attendit pas et se sentit tranquille que lorsqu ' fut levé à son tour , et vêtu , ses pieds solides dans ses bottes .","... je le NC donc laisser INF ... ADJ , il VPS , se VPS de le NC , à NC ADJ , le NC ADJ : — ne PRES pas , le NCo ... je PRES ... mais ne le VPS pas et se sentir NCo que lorsque ' être PPAS à DETPOSS NC , et vêil , DETPOSS NCCOR ADJ dans DETPOSS NCmod ."
204,Daudet/1884_Daudet_sapho_N.txt,"Tout en ramassant ses vêtements dans la chambre hermétiquement close où la veilleuse éclairait encore le désordre de le petit souper , entendait le bruit d' un débat terrible , étouffé par les tentures de le salon .","tout en PPRES DETPOSS NCo dans le NC ADV ADJ où le NCs VCOND encore le NCo de le ADJ NCmod , VCOG le NCo de un NCmod ADJ , PPAS par le NC de le NCmod ."
205,Daudet/1884_Daudet_sapho_N.txt,"Une voix d' homme , irritée d' abord , puis implorante , dont les éclats s' écrasaient en sanglots , en larmoyantes faiblesses , alternait avec une autre voix qu ' ne reconnut pas tout de suite , dure et rauque , chargée de haine et de mots ignobles arrivant jusqu' à lui comme d' une dispute de brasserie de filles .","un NCMAN de NCmod , VSENT de NC , puis ADJ , dont le NCs se VIMP en NC , en NC ADJ , VIMP avec un autre NCMAN que ' ne VCOG pas tout de NCo , ADJ et ADJ , PPAS de VSENT et de NC ADJ PPRES jusque à lui comme de un NC de NCmod de NCmod ."
206,Daudet/1884_Daudet_sapho_N.txt,"Tout ce luxe amoureux en était souillé , dégradé d' un éclaboussement de taches sur de la soie ; et la femme salie aussi , à le niveau d' autres qu ' avait méprisées auparavant .","tout ce NCs ADJ en être PPAS , PPAS de un NC de NCmod sur de le NCmod ; et le NCs PRES aussi , à le NC de autre PPAS ' avoir VSENT ADV ."
207,Daudet/1884_Daudet_sapho_N.txt,"Elle rentra haletante , tordant d' un beau geste sa chevelure répandue : — Est -ce bête un homme qui pleure !","il VPS ADJ , PPRES de un ADJ NC DETPOSS NC ADJ : — être ce PRES un NCo qui PRES !"
208,Daudet/1884_Daudet_sapho_N.txt,"... Puis le voyant debout , habillé , elle eut un cri de rage : — Tu t' es levé !","... puis le ADJ NC , PPAS , il avoir un NCo de NCSENT : — je lui être PPAS !"
209,Daudet/1884_Daudet_sapho_N.txt,"... recouche -toi ... tout de suite ... Je le veux ... Subitement radoucie , et l' enlaçant de le geste et de la voix : — Non , non ... ne pars pas ... tu ne peux pas t' en aller comme ça ... D' abord je suis sûre que tu ne reviendrais plus .","... PRES -toi ... tout de NC ... je le vouloir ... ADV VSENT , et le PPRES de le NC et de le NCMAN : — non , non ... ne PRES pas ... je ne pouvoir pas lui en aller comme ça ... de NC je être ADJ que je ne VCOND plus ."
210,Daudet/1884_Daudet_sapho_N.txt,— Mais si ... Pourquoi donc ?,— mais si ... pourquoi donc ?
211,Daudet/1884_Daudet_sapho_N.txt,"... — Jure que tu n' es pas fâché , que tu viendras encore ... oh !","... — NP que je ne être pas VSENT , que je ADJ encore ... INTJ !"
212,Daudet/1884_Daudet_sapho_N.txt,c' est que je te connais .,ce être que je me PRES .
213,Daudet/1884_Daudet_sapho_N.txt,"jura ce qu' elle voulut , mais ne se recoucha pas malgré ses supplications et l' assurance réitérée qu' elle était chez elle , libre de sa vie , de ses actes .","VPS ce que il vouloir , mais ne se VPS pas malgré DETPOSS NC et le NCSENT PPAS que il être chez il , ADJ de DETPOSS NC , de DETPOSS NC ."
214,Daudet/1884_Daudet_sapho_N.txt,"À la fin elle sembla se résigner à le voir partir , et l' accompagna jusqu' à la porte , n' ayant plus rien de la faunesse en délire , bien humble à le contraire , cherchant à se faire pardonner .","à le NC il sembler se INF à le VCOG INF , et le VPS jusque à le NC , ne avoir plus rien de le NCmod en NCmod , bien ADJ à le NC , PPRES à se faire INF ."
215,Daudet/1884_Daudet_sapho_N.txt,Une longue et profonde caresse d' adieu les retint dans l' antichambre .,un ADJ et ADJ NCs de NCmod le VPS dans le NC .
216,Daudet/1884_Daudet_sapho_N.txt,« Alors ... quand ?,""" alors ... quand ?"
217,Daudet/1884_Daudet_sapho_N.txt,"... » lui demandait -elle , les yeux tout à le fond de les yeux .","... "" lui VIMP il , le NCCOR tout à le NCmod de le NCCOR ."
218,Daudet/1884_Daudet_sapho_N.txt,"allait répondre , mentir sans doute , dans sa hâte d' être dehors , quand un coup de sonnette l' arrêta .","aller VDIC , INF sans NCSENT , dans DETPOSS NC de être ADV , quand un NC de NCmod le NC ."
219,Daudet/1884_Daudet_sapho_N.txt,"Machaume sortit de sa cuisine , mais Fanny lui fit signe : « Non ... n' ouvre pas ... » Et ils restaient là , tous les trois , immobiles , sans parler .","NP VPS de DETPOSS NC , mais NP lui faire NCo : "" ADV ... ne PRES pas ... "" et il VIMP ADVLIEU , tout le NUM , ADJ , sans INF ."
220,Daudet/1884_Daudet_sapho_N.txt,"On entendit une plainte étouffée , puis le froissement d' une lettre glissée sous la porte , et de les pas qui descendaient lentement .","on VCOG un NCo PPAS , puis le NC de un NCmod PPAS sous le NC , et de le pas qui VIMP ADV ."
221,Daudet/1884_Daudet_sapho_N.txt,— Quand je te disais que j' étais libre ... tiens !,— quand je me VDIC que je être ADJ ... tenir !
222,Daudet/1884_Daudet_sapho_N.txt,"... Elle passa à son amant la lettre qu' elle venait d' ouvrir , une pauvre lettre d' amour , bien basse , bien lâche , crayonnée en hâte sur une table de café et dans laquelle le malheureux demandait grâce pour sa folie de le matin , reconnaissait n' avoir aucun droit sur elle que celui qu' elle voudrait bien lui laisser , priait à deux mains jointes qu' on ne l' exilât pas sans retour , promettant d' accepter tout , résigné à tout ... mais ne pas la perdre , mon Dieu !","... il VPS à DETPOSS NC le NCo que il venir de INF , un ADJ NCo de NCSENT , bien ADJ , bien ADJ , PPAS en NC sur un NC de NCmod et dans lequel le ADJ VIMP ADV pour DETPOSS NC de le NCT , VCOG ne avoir aucun NCo sur il que celui que il vouloir bien lui laisser , VIMP à NUM NCCOR ADJ que on ne le VSUBI pas sans NC , PPRES de INF tout , PPAS à tout ... mais ADV ADV le INF , son NP !"
223,Daudet/1884_Daudet_sapho_N.txt,ne pas la perdre ... « Crois -tu !,"ne pas le NC ... "" VCOG il !"
224,Daudet/1884_Daudet_sapho_N.txt,... » dit -elle avec un mauvais rire ; et ce rire acheva de lui barrer le cœur qu' elle voulait conquérir .,"... "" VDIC il avec un ADJ NCMAN ; et ce NCMAN VASP de lui INF le NCo que il vouloir VSENT ."
225,Daudet/1884_Daudet_sapho_N.txt,Jean la trouva cruelle .,NP le NC ADJ .
226,Daudet/1884_Daudet_sapho_N.txt,"ne savait pas encore que la femme qui aime n' a d' entrailles que pour son amour , toutes ses forces vives de charité , de bonté , de pitié , de dévouement absorbées à le profit d' un être , d' un seul .","ne VCOG pas encore que le NCs qui VSENT ne avoir de NCo que pour DETPOSS NCSENT , tout DETPOSS NCSENT ADJ de NCmod , de NCSENT , de VSENT , de NC PPAS à le NC de un être , de un ADJ ."
227,Daudet/1884_Daudet_sapho_N.txt,"« Tu as bien tort de te moquer ... cette lettre est horriblement belle et navrante ... » et tout bas , d' une voix grave , en lui tenant les mains : — Voyons ... pourquoi le chasses -tu ?",""" je avoir bien PPAS de me INF ... ce NCs être ADVINT ADJ et ADJ ... "" et tout ADJ , de un NCMAN ADJ , en lui PPRES le NCCOR : — VCOG ... pourquoi le NCmod tu ?"
228,Daudet/1884_Daudet_sapho_N.txt,... — Je n' en veux plus ... Je ne l' aime pas .,... — je ne en vouloir plus ... je ne le VSENT pas .
229,Daudet/1884_Daudet_sapho_N.txt,"— Pourtant c' était ton amant ... t' a fait ce luxe où tu vis , où tu as toujours vécu , qui t' est nécessaire .","— pourtant ce être DETPOSS NC ... lui avoir faire ce NCo où je VPS , où je avoir ADVTEMPS PPAS , qui lui être ADJ ."
230,Daudet/1884_Daudet_sapho_N.txt,"— M' ami , dit -elle avec son accent de franchise , quand je ne te connaissais pas , je trouvais tout cela très bien ... Maintenant c' est une fatigue , une honte ; j' en avais le cœur qui me levait ... Oh !","— le NC , VDIC il avec DETPOSS NC de NCmod , quand je ne me VIMP pas , je VIMP tout cela très bien ... ADVT ce être un NCSENT , un NCSENT ; je en avoir le NCo qui me VIMP ... NP !"
231,Daudet/1884_Daudet_sapho_N.txt,"je sais , tu vas me dire que toi ce n' est pas sérieux , que tu ne m' aimes pas ... Mais ça , j' en fais mon affaire ... Que tu le veuilles ou non , je te forcerai bien de m' aimer .","je VCOG , je ADV me VDIC que soi ce ne être pas ADJ , que je ne le VSENT pas ... mais ça , je en faire DETPOSS NCo ... que je le NCmod ou non , je me VCOND bien de lui VSENT ."
232,Daudet/1884_Daudet_sapho_N.txt,"ne répondit pas , convint d' un rendez-vous pour le lendemain , et se sauva , laissant quelques louis à Machaume , le fond de sa bourse d' étudiant , en paiement de la terrine .","ne VDIC pas , VPS de un NC pour le NC , et se VPS , laisser quelque NCo à NP , le NC de DETPOSS NCmod de NCmod , en NC de le NCmod ."
233,Daudet/1884_Daudet_sapho_N.txt,"Pour lui , c' était fini maintenant .","pour lui , ce être VASP ADVT ."
234,Daudet/1884_Daudet_sapho_N.txt,"De quel droit troubler cette existence de femme , et que pouvait - lui offrir en échange de ce qu' lui faisait perdre ?","de quel NC VSENT ce NCo de NCmod , et que pouvoir - lui INF en NC de ce que lui faire INF ?"
235,Daudet/1884_Daudet_sapho_N.txt,"lui écrivit cela , le jour même , aussi doucement , aussi sincèrement qu ' put , mais sans lui avouer que de leur liaison , de ce caprice léger et aimable , avait senti se dégager tout à coup quelque chose de violent , de malsain , en entendant après sa nuit d' amour ces sanglots d' amant trompé qui alternaient avec son rire à elle et ses jurons de blanchisseuse .","lui VPS cela , le NCT même , aussi ADVMAN , aussi ADVMAN PPAS ' NP , mais sans lui VDIC que de lui NC , de ce NCmod ADJ et ADJ , avoir sentir se INF tout à NC quelque chose de ADJ , de NC , en VCOG PHASE DETPOSS NCT de NCSENT ce NCo de NCmod PPAS qui VIMP avec DETPOSS NCMAN à il et DETPOSS NC de NCmod ."
236,Daudet/1884_Daudet_sapho_N.txt,"Dans ce grand garçon , poussé loin de Paris , en pleine garrigue provençale , y avait un peu de la rudesse paternelle , et toutes les délicatesses , toutes les nervosités de sa mère à laquelle ressemblait comme un portrait .","dans ce ADJ NC , PPAS ADVLIEU de NP , en ADJ NC ADJ , y avoir un peu de le NCmod ADJ , et tout le NCSENT , tout le NC de DETPOSS NCmod à lequel VIMP comme un NC ."
237,Daudet/1884_Daudet_sapho_N.txt,"Et pour le défendre contre les entraînements de le plaisir s' ajoutait encore l' exemple d' un frère de son père , dont les désordres , les folies avaient à demi ruiné leur famille et mis l' honneur de le nom en péril .","et pour le INF contre le NC de le NCSENT se VIMP encore le NCs de un NCmod de DETPOSS NCmod , dont le NC , le NCs avoir à ADV PPAS lui NCo et mettre le NCSENT de le NCmod en NCmod ."
238,Daudet/1884_Daudet_sapho_N.txt,L' oncle Césaire !,le NC ADJ !
239,Daudet/1884_Daudet_sapho_N.txt,"Rien qu' avec ces deux mots et le drame intime qu' ils évoquaient , on pouvait exiger de Jean de les sacrifices autrement terribles que celui de cette amourette à laquelle n' avait jamais donné d' importance .","rien que avec ce NUM NCmod et le NC ADJ que il VIMP , on pouvoir INF de NP de le NCmod ADVINT ADJ que celui de ce NCmod à lequel ne avoir ADVTEMPS PPAS un NC ."
240,Daudet/1884_Daudet_sapho_N.txt,Pourtant ce fut plus dur à rompre qu ' ne se l' imaginait .,pourtant ce être plus ADJ à INF que ' ne se le VCOG .
241,Daudet/1884_Daudet_sapho_N.txt,"Formellement congédiée , elle revint sans se décourager de ses refus de la voir , de la porte fermée , de les consignes inexorables .","ADV PPAS , il VPS sans se VSENT de DETPOSS NC de le VCOG , de le NC PPAS , de le NC ADJ ."
242,Daudet/1884_Daudet_sapho_N.txt,« Je n' ai pas d' amour-propre ... » lui écrivait -elle .,""" je ne avoir pas un NCo ... "" lui VIMP il ."
243,Daudet/1884_Daudet_sapho_N.txt,"Elle guettait l' heure de ses repas à le restaurant , l' attendait devant le café où lisait ses journaux .","il VIMP le NCT de DETPOSS NCmod à le NCmod , le VIMP ADVLIEU le NC où VIMP DETPOSS NCs ."
244,Daudet/1884_Daudet_sapho_N.txt,"Et pas de larmes , ni de scènes .","et pas un NC , ni de NC ."
245,Daudet/1884_Daudet_sapho_N.txt,"S ' était en compagnie , elle se contentait de le suivre , d' épier le moment où restait seul .","NCs ' être en NC , il se VSENT de le INF , de INF le NCo où VIMP ADJ ."
246,Daudet/1884_Daudet_sapho_N.txt,"« Veux -tu de moi , ce soir ?",""" PRES -tre de soi , ce NCT ?"
247,Daudet/1884_Daudet_sapho_N.txt,... Non ?,... non ?
248,Daudet/1884_Daudet_sapho_N.txt,... Alors ce sera pour une autre fois .,... alors ce être pour un autre fois .
249,Daudet/1884_Daudet_sapho_N.txt,"» Et elle s' en allait avec la douceur résignée de le forain qui reboucle sa balle , lui laissant le remords de ses duretés et l' humiliation de le mensonge qu' balbutiait à chaque rencontre .",""" et il se en aller avec le NC PPAS de le NCmod qui PRES DETPOSS NCo , lui laisser le NCSENT de DETPOSS NCmod et le NCSENT de le NCmod que VDIC à chaque NC ."
250,Daudet/1884_Daudet_sapho_N.txt,"« L' examen tout proche ... le temps qui manquait ... Après , plus tard , si ça la tenait encore ... » De fait , comptait , sitôt reçu , prendre un mois de vacances dans le et qu' elle l' oublierait pendant ce temps -là .",""" le NC tout ADJ ... le temps qui VIMP ... PHASE , plus tard , si ça le VIMP encore ... "" de NC , VIMP , ADV PPAS , INF un NCT de NCmod dans le et que il le VCOND PHASE ce temps ADVLIEU ."
251,Daudet/1884_Daudet_sapho_N.txt,"Malheureusement , l' examen passé , Jean tomba malade .","malheureusement , le NC PPAS , NP VPS ADJ ."
252,Daudet/1884_Daudet_sapho_N.txt,"Une angine , gagnée dans un couloir de ministère , et qui , négligée , s' envenima .","un NCs , PPAS dans un NC de NCmod , et qui , PPAS , se VPS ."
253,Daudet/1884_Daudet_sapho_N.txt,"ne connaissait personne à Paris , à part quelques étudiants de sa province , que son exigeante liaison avait éloignés et dispersés .","ne VIMP NCo à NP , à NC quelque NC de DETPOSS NCmod , que DETPOSS ADJ NCs avoir PPAS et PPAS ."
254,Daudet/1884_Daudet_sapho_N.txt,"D' ailleurs fallait plus qu' un dévouement ordinaire , et dès le premier soir ce fut Fanny Legrand qui s' installa près de son lit , ne le quittant de jours , le soignant sans fatigue , sans peur ni dégoût , adroite comme une sœur de garde , avec de les câlineries tendres , qui parfois , à les heures de fièvre , le reportaient à une grosse maladie d' enfance , lui faisaient appeler sa tante Divonne , dire « merci , Divonne » , quand sentait les mains de Fanny sur la moiteur de son front .","de ADVLIEU VIMP plus que un NC ADJ , et dès le ADJ NCT ce être NP NP qui se VPS ADVLIEU de DETPOSS NC , ne le PPRES de NCT , le NC sans NCSENT , sans NCSENT ni NCSENT , PPAS comme un NC de NCmod , avec de le NCSENT ADJ , qui ADVTEMPS , à le NCT de VSENT , le NC à un ADJ NCmod de NCmod , lui faire INF DETPOSS tant NP , VDIC "" INTJ , NP "" , quand sentir le NCCOR de NP sur le NC de DETPOSS NCCOR ."
255,Daudet/1884_Daudet_sapho_N.txt,"— Ce n' est pas Divonne ... c' est moi ... je te veille ... Elle le sauvait de les soins mercenaires , de les feux éteints maladroitement , de les tisanes fabriquées dans une loge de concierge ; et Jean n' en revenait pas de ce qu' y avait d' alerte , d' ingénieux , d' expéditif , dans ces mains d' indolence et de volupté .","— ce ne être pas ADJ ... ce être soi ... je me PRES ... il le VIMP de le NC ADJ , de le NC ADJ ADV , de le NC PPAS dans un NC de NCmod ; et NP ne en VIMP pas de ce que y avoir de NC , de NC , de NCmod , dans ce NCCOR de NCmod et de NC ."
256,Daudet/1884_Daudet_sapho_N.txt,"La nuit elle dormait deux heures sur le divan , — un divan d' hôtel de le Quartier , moelleux comme la planche d' un poste de police .","le NCT il VIMP NUM NCT sur le NC , — un NC de NCmod de le NP , NC comme le NCmod de un NCmod de NCmod ."
257,Daudet/1884_Daudet_sapho_N.txt,"— Mais , ma pauvre Fanny , tu ne vas donc jamais chez toi ?","— mais , DETPOSS ADJ NP , je ne ADV donc ADVTEMPS chez soi ?"
258,Daudet/1884_Daudet_sapho_N.txt,... lui demandait - un jour ... Je suis mieux à présent ... faudrait rassurer Machaume .,... lui VIMP - un NCT ... je être mieux à NC ... VCOND VSENT NP .
259,Daudet/1884_Daudet_sapho_N.txt,Elle se mit à rire .,il se mettre à INF .
260,Daudet/1884_Daudet_sapho_N.txt,"Beau temps qu' elle courait , Machaume , et toute la maison avec .","ADJ temps que il VIMP , NP , et tout le NC avec ."
261,Daudet/1884_Daudet_sapho_N.txt,"On avait tout vendu , les meubles , la défroque , même la literie .","on avoir tout PPAS , le NCo , le NC , même le NC ."
262,Daudet/1884_Daudet_sapho_N.txt,"lui restait la robe qu' elle avait sur le dos et un peu de linge fin , sauvé par sa bonne ... Maintenant s ' la renvoyait , elle serait à la rue .","lui VIMP le NCo que il avoir sur le NCCOR et un peu de ADJ NC , PPAS par DETPOSS NC ... ADV s ' le VIMP , il être à le NC ."
263,Daudet/1884_Daudet_sapho_N.txt,"Table de les matières « Cette fois , je crois que j' ai trouvé ... Rue d' Amsterdam , vis-à-vis la gare ... Trois pièces , et un grand balcon ... Si tu veux , nous irons voir , après ton ministère ... c' est haut , cinq étages ... mais tu me porteras .","ADJ de le NC "" ce fois , je VCOG que je avoir PPAS ... NC de NP , ADV le NCmod ... NUM NC , et un ADJ NC ... si je vouloir , nous PRES VCOG , PHASE DETPOSS NC ... ce être ADJ , NUM NC ... mais je me ADJ ."
264,Daudet/1884_Daudet_sapho_N.txt,"C' était si bon , tu te rappelles ... » Et tout amusée de ce souvenir , elle se frôlait , se roulait dans son cou , cherchait l' ancienne place , sa place .","ce être si ADJ , je me ADJ ... "" et tout VSENT de ce NCmod , il se VIMP , se VIMP dans DETPOSS NCCOR , VIMP le ADJ NCo , DETPOSS NC ."
265,Daudet/1884_Daudet_sapho_N.txt,"À deux , dans leur garni d' hôtel , avec les mœurs de le quartier , ces traîneries par l' escalier de filles en filets et en savates , ces cloisons de papier derrière lesquelles grouillaient d' autres ménages , cette promiscuité de les clés , de les bougeoirs , de les bottines , la vie devenait intolérable .","à NUM , dans lui NC de NCmod , avec le NC de le NCmod , ce NC par le NCmod de NCmod en NCmod et en NC , ce NCs de NCmod ADVLIEU lequel VIMP un autre NCo , ce NC de le NCmod , de le NC , de le NC , le NCs devenir ADJ ."
266,Daudet/1884_Daudet_sapho_N.txt,"Non pas à elle certes ; avec Jean , le toit , la cave , même l' égout , tout lui était bon pour nicher .","non pas à il ADV ; avec NP , le NC , le NC , même le NCmod , tout lui être ADJ pour INF ."
267,Daudet/1884_Daudet_sapho_N.txt,"Mais la délicatesse de l' amant s' effarouchait de certains contacts , à lesquels , garçon , ne pensait guère .","mais le NCSENT de le NCmod se VSENT de certain NC , à lequel , NCs , ne VCOG guère ."
268,Daudet/1884_Daudet_sapho_N.txt,"Ces ménages d' une nuit le gênaient , déshonoraient le sien , lui causaient un peu la tristesse et le dégoût de la cage de les singes à le Jardin de les Plantes , grimaçant tous les gestes et les expressions de l' amour humain .","ce NCs de un NCT le VIMP , VIMP le sien , lui VIMP un peu le NCSENT et le NCSENT de le NCmod de le NCmod à le NCmod de le NP , PPRES tout le NCo et le NC de le NCSENT ADJ ."
269,Daudet/1884_Daudet_sapho_N.txt,"Le restaurant aussi l' ennuyait , ce repas qu ' fallait aller chercher deux fois par jour à le boulevard Saint-Michel , dans une grande salle encombrée d' étudiants , d' élèves de les Beaux-Arts , peintres , architectes , qui sans le connaître avaient l' habitude de sa figure , depuis un an qu' mangeait là .","le NCs aussi le VSENT , ce NCs que ' VIMP aller INF NUM fois par NCT à le NC NP , dans un ADJ NC PPAS de NC , de NC de le NP , NC , NC , qui sans le INF avoir le NCo de DETPOSS NCCOR , depuis un NCT que VIMP ADVLIEU ."
270,Daudet/1884_Daudet_sapho_N.txt,"rougissait — en poussant la porte — de tous ces yeux tournés vers Fanny , entrait avec la gêne agressive de les tout jeunes gens qui accompagnent une femme ; et craignait aussi la rencontre d' un de ses chefs de le ministère ou de quelqu'un de son pays .","VIMP — en PPRES le NCo — de tout ce NCCOR PPAS vers NP , VIMP avec le NCSENT ADJ de le tout ADJ NCmod qui PRES un NCo ; et VSENT aussi le NCo de un de DETPOSS NCmod de le NCmod ou de quelqu'un de DETPOSS NCmod ."
271,Daudet/1884_Daudet_sapho_N.txt,Puis la question d' économie .,puis le NC de NCmod .
272,Daudet/1884_Daudet_sapho_N.txt,— Que c' est cher !,— que ce être ADJ !
273,Daudet/1884_Daudet_sapho_N.txt,"... disait -elle chaque fois , emportant et commentant la petite note de le dîner ... Si nous étions chez nous , j' aurais fait marcher la maison trois jours pour ce prix-là .","... VDIC il chaque fois , PPRES et VDIC le ADJ NCo de le NCmod ... si nous être chez nous , je avoir faire INF le NC NUM NCT pour ce prix-là ."
274,Daudet/1884_Daudet_sapho_N.txt,"— Eh bien , qui nous empêche ?","— INTJ bien , qui nous PRES ?"
275,Daudet/1884_Daudet_sapho_N.txt,... Et l' on se mit en quête d' une installation .,... et l' on se mettre en NC de un NCmod .
276,Daudet/1884_Daudet_sapho_N.txt,C' est le piège .,ce être le NC .
277,Daudet/1884_Daudet_sapho_N.txt,"Tous y sont pris , les meilleurs , les plus honnêtes , par cet instinct de propreté , ce goût de le « home » qu' ont mis en eux l' éducation familiale et la tiédeur de le foyer .","tout y être PPAS , le meilleur , le plus ADJ , par ce NCmod de NCmod , ce NC de le "" NCmod "" que avoir mettre en eux le NCo ADJ et le NC de le NCmod ."
278,Daudet/1884_Daudet_sapho_N.txt,"L' appartement de la rue d' Amsterdam fut loué tout de suite et trouvé charmant , malgré ses pièces en enfilade qui ouvraient — la cuisine et la salle sur une arrière-cour moisie où montaient d' une taverne anglaise de les odeurs de rinçure et de chlore , — la chambre sur la rue en pente et bruyante , secouée jour et nuit à les cahots de les fourgons , camions , fiacres , omnibus , à les sifflets d' arrivée et de départ , tout le vacarme de la gare de l' Ouest développant en face ses toitures en vitrage couleur d' eau sale .","le NCspas de le NCmod de NP être PPAS tout de NC et PPAS ADJ , malgré DETPOSS NC en NCmod qui VIMP — le NCo et le NC sur un NCmod ADJ où VIMP de un NC ADJ de le NCmod de NCmod et de NC , — le NCmod sur le NCmod en NCmod et ADJ , PPAS NCT et NCT à le NC de le NCmod , NC , NC , NC , à le NC de NCmod et de NC , tout le NC de le NCmod de le NCmod PPRES en NC DETPOSS NC en NCmod NCo de NCmod ADJ ."
279,Daudet/1884_Daudet_sapho_N.txt,"L' avantage , c' était de savoir le train à sa porte , et Saint-Cloud , Ville-d'Avray , Saint-Germain , les vertes stations de les bords de la Seine presque sous leur terrasse .","le NC , ce être de VCOG le NCo à DETPOSS NC , et NP , NP , NP , le ADJCOL NC de le NCmod de le NP presque sous lui NCmod ."
280,Daudet/1884_Daudet_sapho_N.txt,"Car ils avaient une terrasse , large et commode , qui gardait de la munificence de les anciens locataires une tente de zinc peinte en coutil rayé , ruisselante et triste sous le crépitement de les pluies d' hiver , mais où l' on serait très bien l' été pour dîner à le bon air , comme dans un chalet de montagne .","car il avoir un NCo , ADJ et ADJ , qui VIMP de le NC de le ADJ NCmod un NCo de NCmod PPAS en NC ADJ , ADJ et ADJ sous le NC de le NCmod de NCmod , mais où l' on être très bien le NC pour NCmod à le ADJ NCMAN , comme dans un NC de NCmod ."
281,Daudet/1884_Daudet_sapho_N.txt,On s' occupa de les meubles .,on se VPS de le NC .
282,Daudet/1884_Daudet_sapho_N.txt,"Jean ayant fait part chez lui de son projet d' installation , tante Divonne , qui était comme l' intendante de la maison , envoya l' argent nécessaire ; et sa lettre annonçait en même temps le prochain arrivage d' une armoire , d' une commode , et d' un grand fauteuil canné , tirés de la « Chambre de le vent » à l' intention de le Parisien .","NP avoir faire NCo chez lui de DETPOSS NCmod de NCmod , tant NP , qui être comme le NC de le NCmod , VPS le NCo ADJ ; et DETPOSS NC VDIC en même temps le ADJ NCo de un NCmod , de un NCmod , et de un ADJ NC PPAS , PPAS de le "" NC de le NCmod "" à le NC de le NP ."
283,Daudet/1884_Daudet_sapho_N.txt,"Cette chambre , qu ' revoyait à le fond d' un couloir de Castelet , toujours inhabitée , les volets clos attachés d' une barre , la porte fermée à le verrou , était condamnée , par son exposition à les coups de le mistral qui la faisaient craquer comme une chambre de phare .","ce NCspas , que ' VIMP à le NC de un NCmod de NP , ADVTEMPS ADJ , le NCo NC PPAS de un NC , le NC PPAS à le NC , être PPAS , par DETPOSS NC à le NCmod de le NCmod qui le faire INF comme un NC de NCmod ."
284,Daudet/1884_Daudet_sapho_N.txt,"On y entassait de les vieilleries , ce que chaque génération d' habitants reléguait à le passé devant les acquisitions nouvelles .","on y VIMP de le NC , ce que chaque NCs de NCmod VIMP à le NC ADVLIEU le NCmod ADJ ."
285,Daudet/1884_Daudet_sapho_N.txt,Ah !,INTJ !
286,Daudet/1884_Daudet_sapho_N.txt,"si Divonne avait su à quelles singulières siestes servirait le fauteuil canné , et que de les jupons de surah , de les pantalons à manchettes empliraient les tiroirs de la commode Empire ... Mais le remords de Gaussin à ce sujet se trouvait perdu dans les mille petites joies de l' installation .","si NP avoir VCOG à NC ADJ ADJ VCOND le NCo ADJ , et que de le NC de NCmod , de le NCmod à NCmod VIMP le NCo de le NCmod NCmod ... mais le NCs de NP à ce NCmod se VIMP PPAS dans le NUM ADJ NCSENT de le NCmod ."
287,Daudet/1884_Daudet_sapho_N.txt,"C' était si amusant , après le bureau , entre chien et loup , de partir en grandes courses , serrés à le bras l' un de l' autre , et de s' en aller dans quelque rue de faubourg choisir une salle à manger , — le buffet , la table et six chaises , ou de les rideaux de cretonne à fleurs pour la croisée et le lit .","ce être si ADJ , PHASE le NC , entre NCmod et NC , de INF en ADJ NC , PPAS à le NCCOR le un de le autre , et de se en aller dans quelque NC de NCmod INF un NCo à INF , — le NC , le NC et NUM NC , ou de le NC de NCmod à NCmod pour le NCmod et le NC ."
288,Daudet/1884_Daudet_sapho_N.txt,"Lui acceptait tout , les yeux fermés ; mais Fanny regardait pour deux , essayait les chaises , faisait glisser les battants de la table , montrait une expérience marchandeuse .","il VIMP tout , le NCCOR ADJ ; mais NP VCOG pour NUM , VIMP le NCo , faire INF le NCo de le NCmod , VIMP un NCo ADJ ."
289,Daudet/1884_Daudet_sapho_N.txt,"Elle connaissait les maisons où l' on avait à prix de fabrique une batterie de cuisine complète pour petit ménage , les quatre casseroles en fer , la cinquième émaillée pour le chocolat de le matin ; jamais de cuivre , c' est trop long à nettoyer .","il VIMP le NCo où l' on avoir à NC de NCmod un NCo de NCmod ADJ pour ADJ NC , le NUM NC en NCmod , le ADJ NC pour le NCmod de le NCT ; ADVTEMPS de NC , ce être trop ADJ à INF ."
290,Daudet/1884_Daudet_sapho_N.txt,"Six couverts de métal avec la cuillère à potage et deux douzaines d' assiettes en faïence anglaise , solide et gaie , tout cela compté , préparé , emballé comme une dînette de poupée .","NUM NCmod de NCmod avec le NCmod à NCmod et NUM NC de NCmod en NCmod ADJ , ADJ et ADJ , tout cela PPAS , PPAS , VSENT comme un NC de NCmod ."
291,Daudet/1884_Daudet_sapho_N.txt,"Pour les draps , serviettes , linges de toilette et de table , elle connaissait un marchand , le représentant d' une grande fabrique de Roubaix , chez qui on payait à tant par mois ; et toujours à guetter les devantures , en quête de ces liquidations , de ces débris de naufrage que Paris amène continuellement dans l' écume de ses bords , elle découvrait à le boulevard de Clichy l' occasion d' un lit superbe , presque neuf , et large à y coucher en rang les sept demoiselles de l' ogre .","pour le NC , NC , NC de NCmod et de NC , il VIMP un NCo , le NC de un ADJ NCmod de NP , chez qui on VIMP à tant par NCT ; et ADVTEMPS à INF le NCo , en NC de ce NCmod , de ce NC de NCmod que NP PRES ADVTEMPS dans le NC de DETPOSS NCmod , il VCOND à le NC de NP le NCo de un NCmod ADJ , presque ADJ , et ADV à y INF en NC le NUM NCo de le NCmod ."
292,Daudet/1884_Daudet_sapho_N.txt,"Lui aussi , en revenant de le bureau , essayait de les acquisitions ; mais ne s' entendait à rien , ne sachant dire non , ni s' en aller les mains vides .","il aussi , en PPRES de le NC , VIMP de le NC ; mais ne se VCOG à rien , ne VCOG VDIC non , ni se en aller le NCCOR ADJ ."
293,Daudet/1884_Daudet_sapho_N.txt,"Entré chez un brocanteur pour acheter un huilier ancien qu' elle lui avait signalé , rapportait en guise de l' objet déjà vendu un lustre de salon à pendeloques , bien inutile puisqu' ils n' avaient pas de salon .","PPAS chez un NC pour INF un NCo ADJ que il lui avoir PPAS , VIMP en NC de le NCmod déjà PPAS un NCo de NCmod à NCmod , bien ADJ puisque il ne avoir pas un NC ."
294,Daudet/1884_Daudet_sapho_N.txt,— Nous le mettrons dans la véranda ... disait Fanny pour le consoler .,— nous le VF dans le NC ... VDIC NP pour le INF .
295,Daudet/1884_Daudet_sapho_N.txt,"Et le bonheur de prendre de les mesures , les discussions sur la place d' un meuble ; et les cris , les rires fous , les bras éperdus à le plafond quand on s' apercevait que malgré toutes les précautions , malgré la liste très complète de les achats indispensables , y avait toujours quelque chose d' oublié .","et le NCSENT de INF de le NC , le NC sur le NCmod de un NCmod ; et le NCs , le NCMAN ADJ , le NCCOR PPAS à le NC quand on se VIMP que malgré tout le NC , malgré le NC très ADJ de le NCmod ADJ , y avoir ADVTEMPS quelque chose de NCmod ."
296,Daudet/1884_Daudet_sapho_N.txt,Ainsi la râpe à sucre .,ainsi le NC à NCmod .
297,Daudet/1884_Daudet_sapho_N.txt,Conçoit -on qu' ils allaient se mettre en ménage sans râpe à sucre !,VCOG on que il aller se mettre en NC sans NC à NCmod !
298,Daudet/1884_Daudet_sapho_N.txt,"... Puis , tout acheté et mis en place , les rideaux pendus , une mèche à la lampe neuve , quelle bonne soirée que celle de l' installation , la revue minutieuse de les trois pièces avant de se coucher , et comme elle riait en l' éclairant pendant qu ' verrouillait la porte : — Encore un tour , encore ... ferme bien ... Soyons bien chez nous ... Alors ce fut une vie nouvelle , délicieuse .","... puis , tout PPAS et mettre en NC , le NC ADJ , un NC à le NCmod ADJ , quel ADJ NCT que celui de le NCmod , le NC ADJ de le NUM NCmod PHASE de se INF , et comme il VIMP en le PPRES PHASE que ' VIMP le NCo : — encore un NC , encore ... PRES bien ... IMP bien chez nous ... alors ce être un NC ADJ , ADJ ."
299,Daudet/1884_Daudet_sapho_N.txt,"En quittant son travail , rentrait vite , pressé d' être arrivé , en pantoufles à le coin de leur feu .","en PPRES DETPOSS NCo , VIMP ADV , PPAS de être PPAS , en NC à le NC de lui NCmod ."
300,Daudet/1884_Daudet_sapho_N.txt,"Et dans le noir pataugeage de la rue , se figurait leur chambre allumée et chaude , égayée de ses vieux meubles provinciaux que Fanny traitait par avance de débarras et qui s' étaient trouvés de fort jolies anciennes choses ; l' armoire surtout , un bijou Louis , avec ses panneaux peints , représentant de les fêtes provençales , de les bergers en jaquettes fleuries , de les danses à le galoubet et à le tambourin .","et dans le ADJ NC de le NCmod , se VIMP lui NCo PPAS et ADJ , VSENT de DETPOSS ADJ NC ADJ que NP VIMP par NC de NCmod et qui se être PPAS de fort ADJ ADJ chose ; le NC surtout , un NC NP , avec DETPOSS NCmod ADJ , PPRES de le NC ADJ , de le NC en NCmod ADJ , de le NC à le NCmod et à le NC ."
301,Daudet/1884_Daudet_sapho_N.txt,"La présence , familière à ses yeux d' enfant , de ces vieilleries démodées lui rappelait la maison paternelle , consacrait son nouvel intérieur dont était à goûter le bien-être .","le NCs , ADV à DETPOSS NCCOR de NCmod , de ce NCmod PPAS lui VIMP le NCo ADJ , VCOND DETPOSS ADJ NCs dont être à INF le NCSENT ."
302,Daudet/1884_Daudet_sapho_N.txt,"Dès son coup de sonnette , Fanny arrivait , soignée , coquette , « sur le pont » , comme elle disait .","dès DETPOSS NC de NCmod , NP VIMP , ADJ , ADJ , "" sur le NC "" , comme il VDIC ."
303,Daudet/1884_Daudet_sapho_N.txt,"Sa robe de laine noire , très unie , mais taillée sur un patron de bon faiseur , une simplicité de femme qui a eu de la toilette , les manches retroussées , un grand tablier blanc ; car elle faisait elle-même leur cuisine et se contentait d' une femme de ménage pour les grosses besognes qui gercent les mains ou les déforment .","DETPOSS NC de NCmod ADJ , très PPAS , mais PPAS sur un NC de ADJ NCmod , un NC de NCmod qui avoir avoir de le NC , le NC PPAS , un ADJ NC ADJCOL ; car il faire elle-même lui NCo et se VSENT de un NC de NCmod pour le ADJ NCmod qui PRES le NCCOR ou le NC ."
304,Daudet/1884_Daudet_sapho_N.txt,"Elle s' y entendait même très bien , savait une foule de recettes , plats de le Nord ou de le , variés comme son répertoire de chansons populaires que , le dîner fini , le tablier blanc accroché derrière la porte refermée de la cuisine , elle entonnait de sa voix de contralto , meurtrie et passionnée .","il se y VCOG même très bien , VCOG un NCo de NCmod , NC de le NCmod ou de le , NC comme DETPOSS NCmod de NCmod ADJ que , le NC ADJ , le NC ADJCOL PPAS ADVLIEU le NC PPAS de le NCmod , il VIMP de DETPOSS NCMAN de NCmod , ADJ et VSENT ."
305,Daudet/1884_Daudet_sapho_N.txt,"En bas la rue grondait , roulait en torrent .","en NC le NCs VIMP , VIMP en NC ."
306,Daudet/1884_Daudet_sapho_N.txt,"La pluie froide tintait sur le zinc de la véranda ; et Gaussin , les pieds à le feu , étalé dans son fauteuil , regardait en face les vitres de la gare et les employés courbés à écrire sous la lumière blanche de grands réflecteurs .","le NCs ADJ VIMP sur le NC de le NCmod ; et NP , le NCCOR à le NCmod , PPAS dans DETPOSS NC , VCOG en NC le NCo de le NCmod et le NC PPAS à INF sous le NC ADJCOL de ADJ NCmod ."
307,Daudet/1884_Daudet_sapho_N.txt,"était bien , se laissait bercer .","être bien , se laisser INF ."
308,Daudet/1884_Daudet_sapho_N.txt,Amoureux ?,ADJ ?
309,Daudet/1884_Daudet_sapho_N.txt,"Non ; mais reconnaissant de l' amour dont on l' enveloppait , de cette tendresse toujours égale .","non ; mais VCOG de le NCSENT dont on le VIMP , de ce NCSENT ADVTEMPS ADJ ."
310,Daudet/1884_Daudet_sapho_N.txt,"Comment avait - pu se priver si longtemps de ce bonheur , dans la crainte — dont riait maintenant — d' un acoquinement , d' une entrave quelconque ?","comment avoir - pouvoir se INF si longtemps de ce NCSENT , dans le NCSENT — dont VIMP ADVT — de un NC , de un NCmod ADJ ?"
311,Daudet/1884_Daudet_sapho_N.txt,"Est -ce que sa vie n' était pas plus propre que lorsqu ' allait de fille en fille , risquant sa santé ?","être ce que DETPOSS NCs ne être pas plus ADJ que lorsque ' aller de NC en NCmod , PPRES DETPOSS NCo ?"
312,Daudet/1884_Daudet_sapho_N.txt,Aucun danger pour plus tard .,aucun NC pour plus tard .
313,Daudet/1884_Daudet_sapho_N.txt,"Dans trois ans , quand partirait , la brisure se ferait toute seule et sans secousse .","dans NUM NCT , quand VIMP , le NCs se faire tout ADJ et sans NC ."
314,Daudet/1884_Daudet_sapho_N.txt,"Fanny était prévenue ; ils en parlaient ensemble , comme de la mort , d' une fatalité lointaine , mais inéluctable .","NP être PPAS ; il en VIMP ensemble , comme de le NC , de un NCmod ADJ , mais ADJ ."
315,Daudet/1884_Daudet_sapho_N.txt,"Restait le grand chagrin qu' ils auraient chez lui en apprenant qu ' ne vivait pas seul , la colère de son père si rigide et si prompt .","VIMP le ADJ NCSENT que il avoir chez lui en VCOG que ' ne VIMP pas ADJ , le NCSENT de DETPOSS NCmod si ADJ et si ADV ."
316,Daudet/1884_Daudet_sapho_N.txt,Mais comment pourraient -ils savoir ?,mais comment pouvoir il VCOG ?
317,Daudet/1884_Daudet_sapho_N.txt,Jean ne voyait personne à Paris .,NP ne VCOG NCo à NP .
318,Daudet/1884_Daudet_sapho_N.txt,"Son père , « le consul » comme on disait là-bas , était retenu toute l' année par la surveillance de le domaine très considérable qu ' faisait valoir et ses rudes batailles avec la vigne .","DETPOSS NCspas , "" le NC "" comme on VDIC ADVLIEU , être PPAS tout le NCT par le NC de le NCmod très ADJ que ' faire INF et DETPOSS ADJ NC avec le NCmod ."
319,Daudet/1884_Daudet_sapho_N.txt,"La mère , impotente , ne pouvait faire sans aide un pas ni un geste , laissant à Divonne la direction de la maison , le soin de les deux petites sœurs jumelles , Marthe et Marie , dont la double naissance en surprise avait à tout jamais emporté ses forces actives .","le NCs , ADJ , ne pouvoir faire sans NC un pas ni un NC , PPRES à NP le NCo de le NCmod , le NCo de le NUM ADJ NCmod ADJ , NP et NP , dont le ADJ NCs en NCSENT avoir à tout ADVTEMPS PPAS DETPOSS NCSENT ADJ ."
320,Daudet/1884_Daudet_sapho_N.txt,"Quant à l' oncle Césaire , le mari de Divonne , c' était un grand enfant qu' on ne laissait pas voyager seul .","quant à le NC NP , le NC de NP , ce être un ADJ NC que on ne laisser pas INF ADJ ."
321,Daudet/1884_Daudet_sapho_N.txt,Et Fanny maintenant connaissait toute la famille .,et NP ADVT VIMP tout le NCo .
322,Daudet/1884_Daudet_sapho_N.txt,"Lorsqu ' recevait une lettre de Castelet , à le bas de laquelle les bessonnes avaient mis quelques lignes de leur grosse écriture à petits doigts , elle la lisait par-dessus son épaule , s' attendrissait avec lui .","Lorsque ' VIMP un NCo de NP , à le NC de lequel le NCs avoir mettre quelque NCo de lui ADJ NCmod à ADJ NC , il le VIMP ADV DETPOSS NCCOR , se VIMP avec lui ."
323,Daudet/1884_Daudet_sapho_N.txt,"De son existence à elle ne savait rien , ne s' informait pas .","de DETPOSS NC à il ne VCOG rien , ne se VIMP pas ."
324,Daudet/1884_Daudet_sapho_N.txt,"avait le bel égoïsme inconscient de sa jeunesse , aucune jalousie , aucune inquiétude .","avoir le ADJ NC ADJ de DETPOSS NCmod , aucun NC , aucun NCSENT ."
325,Daudet/1884_Daudet_sapho_N.txt,"Plein de sa propre vie , la laissait déborder , pensait tout haut , se livrait , pendant que l' autre restait muette .","ADV de DETPOSS ADJ NC , le laisser INF , VCOG tout NCo , se VIMP , PHASE que le autre VIMP NCo ."
326,Daudet/1884_Daudet_sapho_N.txt,"Ainsi les jours , les semaines s' en allaient dans une heureuse quiétude un moment troublée par une circonstance qui les émut beaucoup , mais diversement .","ainsi le NCT , le NCs se en aller dans un ADJ NC un NCo PPAS par un NC qui le PRES beaucoup , mais ADV ."
327,Daudet/1884_Daudet_sapho_N.txt,Elle se crut enceinte et le lui apprit avec une joie telle qu ' ne put que la partager .,il se VPS ADJ et le lui VCOG avec un NCSENT tel que ' ne pouvoir que le INF .
328,Daudet/1884_Daudet_sapho_N.txt,"À le fond , avait peur .","à le NC , avoir NCSENT ."
329,Daudet/1884_Daudet_sapho_N.txt,"Un enfant , à son âge !","un NC , à DETPOSS NCmod !"
330,Daudet/1884_Daudet_sapho_N.txt,... Qu' en ferait - ?,... que en NC - ?
331,Daudet/1884_Daudet_sapho_N.txt,... Devait- le reconnaître ?,... NP le VCOG ?
332,Daudet/1884_Daudet_sapho_N.txt,"... Et quel gage entre cette femme et lui , quelle complication d' avenir !","... et quel NC entre ce NCmod et lui , quel NC de NCmod !"
333,Daudet/1884_Daudet_sapho_N.txt,"Soudainement , la chaîne lui apparut , lourde , froide et scellée .","ADV , le NCs lui VPS , ADJ , ADJ et PPAS ."
334,Daudet/1884_Daudet_sapho_N.txt,"La nuit , ne dormait pas plus qu' elle ; et côte à côte dans leur grand lit , ils rêvaient , les yeux ouverts , à mille lieues l' un de l' autre .","le NCT , ne VIMP pas plus que il ; et PRES à NC dans lui ADJ NC , il VIMP , le NCCOR ADJ , à NUM NC le un de le autre ."
335,Daudet/1884_Daudet_sapho_N.txt,"Par bonheur , cette fausse alerte ne se renouvela plus , et ils reprirent leur train de vie paisible , exquisement close .","par NCSENT , ce ADJ NCs ne se VPS plus , et il VPS lui NCo de NCmod ADJ , ADV ADJ ."
336,Daudet/1884_Daudet_sapho_N.txt,"Puis l' hiver fini , le vrai soleil enfin revenu , leur case s' embellissait encore , agrandie de la terrasse et de la tente .","puis le NC ADJ , le vrai NC PHASE PPAS , lui NCs se VIMP encore , PPAS de le NC et de le NC ."
337,Daudet/1884_Daudet_sapho_N.txt,"Le soir , ils dînaient là sous le ciel teinté de vert , que rayait le sifflement en coup d' ongle de les hirondelles .","le NCT , il VIMP ADVLIEU sous le NC PPAS de ADJCOL , que VIMP le NCs en NCmod de NCmod de le NCmod ."
338,Daudet/1884_Daudet_sapho_N.txt,"La rue envoyait ses bouffées chaudes et tous les bruits de les maisons voisines ; mais le moindre souffle d' air était pour eux , et ils s' oubliaient de les heures , leurs genoux enlacés , n' y voyant plus .","le NCs VIMP DETPOSS NCo ADJ et tout le NC de le NCmod ADJ ; mais le ADJ NCs de NCMAN être pour eux , et il se VIMP de le NCT , DETPOSS NCCOR ADJ , ne y VCOG plus ."
339,Daudet/1884_Daudet_sapho_N.txt,"Jean se rappelait de les nuits semblables à le bord de le Rhône , rêvait de consulats lointains dans de les pays très chauds , de ponts de navires en partance où la brise aurait cette haleine longue dont frémissait le rideau de la tente .","NP se VIMP de le NCT ADJ à le NC de le NP , VIMP de NC ADJ dans de le NC très ADJ , de NC de NCmod en NCmod où le NCs avoir ce NC ADJ dont VIMP le NCs de le NCmod ."
340,Daudet/1884_Daudet_sapho_N.txt,Et lorsqu' une caresse invisible murmurait sur ses lèvres : « m' aimes -tu ?,"et lorsque un NCs ADJ VDIC sur DETPOSS NCCOR : "" le VSENT il ?"
341,Daudet/1884_Daudet_sapho_N.txt,... » revenait toujours de très loin pour répondre : « oh !,"... "" VIMP ADVTEMPS de très ADVLIEU pour VDIC : "" oh !"
342,Daudet/1884_Daudet_sapho_N.txt,"oui , je t' aime ... » Voilà ce que c' est de les prendre si jeunes ; ils ont trop de choses dans la tête .","oui , je lui VSENT ... "" voilà ce que ce être de le INF si ADJ ; il avoir trop de chose dans le NCCOR ."
343,Daudet/1884_Daudet_sapho_N.txt,"Sur le même balcon , séparé d' eux par une grille en fer enguirlandée de fleurs grimpantes , un autre couple roucoulait , .","sur le même NC , PPAS de eux par un NC en NCmod PPAS de NC ADJ , un autre NCs VIMP , ."
344,Daudet/1884_Daudet_sapho_N.txt,"et Mme Hettéma , de les gens mariés , très gros , dont les baisers claquaient comme de les gifles .","et madame NP , de le NCmod ADJ , très ADJ , dont le NCs VIMP comme de le NC ."
345,Daudet/1884_Daudet_sapho_N.txt,"Merveilleusement appareillés , dans une conformité d' âge , de goût , de lourdes tournures , c' était touchant d' entendre ces amoureux à fin de jeunesse chanter en duo tout bas , en s' appuyant à la balustrade , de vieilles romances sentimentales ... Mais je l' entends qui soupire dans l' ombre C' est un beau rêve , ah !","ADV ADJ , dans un NC de NCmod , de NC , un ADJ NC , ce être PPRES de VCOG ce NCo à NC de NCmod INF en NC tout ADJ , en se PPRES à le NC , un ADJ NC ADJ ... mais je le VCOG qui PRES dans le NC ce être un ADJ NC , INTJ !"
346,Daudet/1884_Daudet_sapho_N.txt,laissez -moi dormir .,laisser soi INF .
347,Daudet/1884_Daudet_sapho_N.txt,"Ils plaisaient à Fanny , elle aurait voulu les connaître .","il VIMP à NP , il avoir vouloir le INF ."
348,Daudet/1884_Daudet_sapho_N.txt,Quelquefois même la voisine et elle échangeaient par-dessus le fer noirci de la rampe un sourire de femmes amoureuses et heureuses ; mais les hommes comme toujours se tenaient plus raides et l' on ne se parlait pas .,ADVTEMPS même le NC et il VIMP ADV le NCo ADV de le NC un NCMAN de NCmod ADJ et ADJ ; mais le NCs comme ADVTEMPS se VIMP plus ADJ et l' on ne se VIMP pas .
349,Daudet/1884_Daudet_sapho_N.txt,"Jean revenait de le quai d' Orsay , une après - , quand s' entendit appeler à le coin de la rue Royale .","NP VIMP de le NC de NP , un PHASE - , quand se VCOG INF à le NC de le NCmod ADJ ."
350,Daudet/1884_Daudet_sapho_N.txt,"faisait un jour admirable , une lumière chaude où Paris s' épanouissait à ce tournant de le boulevard qui par un beau couchant , vers l' heure de le Bois , n' a pas son pareil à le monde .","faire un NCT ADJ , un NC ADJ où NP se VSENT à ce NC de le NCmod qui par un ADJ NC , vers le NCT de le NP , ne avoir pas DETPOSS NC à le NCmod ."
351,Daudet/1884_Daudet_sapho_N.txt,"— Mettez -vous là , belle jeunesse , et buvez quelque chose ... ça m' amuse les yeux de vous regarder .","— mettre lui ADVLIEU , ADJ NC , et IMP quelque chose ... ça lui VSENT le NCCOR de vous VCOG ."
352,Daudet/1884_Daudet_sapho_N.txt,"Deux grands bras l' avaient happé , assis sous la tente d' un café envahissant le trottoir de ses trois rangs de tables .","NUM ADJ NCCOR le avoir PPAS , PPAS sous le NC de un NCmod PPRES le NCo de DETPOSS NUM NCmod de NCmod ."
353,Daudet/1884_Daudet_sapho_N.txt,"se laissait faire , flatté d' entendre autour de lui ce public de provinciaux , d' étrangers , jaquettes rayées et chapeaux ronds , chuchoter curieusement le nom de Caoudal .","se laisser faire , NC de VCOG ADV de lui ce NCo de NCmod , de NC , NC ADJ et NC ADJ , VDIC ADVMAN le NCo de NP ."
354,Daudet/1884_Daudet_sapho_N.txt,"Le sculpteur , attablé devant une absinthe qui allait avec sa taille militaire et sa rosette d' officier , avait auprès de lui l' ingénieur Déchelette arrivé de la veille , toujours le même , hâlé et jaune , ses pommettes en saillie remontant ses petits yeux bons , sa narine gourmande qui reniflait Paris .","le NCs , PPAS ADVLIEU un NC qui aller avec DETPOSS NC ADJ et DETPOSS NC de NCmod , avoir ADV de lui le NCs NP PPAS de le NC , ADVTEMPS le même , ADJ et ADJCOL , DETPOSS NCs en NCmod VSENT DETPOSS ADJ NCCOR ADJ , DETPOSS NCCOR ADJ qui VIMP NP ."
355,Daudet/1884_Daudet_sapho_N.txt,"Dès que le jeune homme fut assis , Caoudal , le montrant avec une fureur comique : — Est- beau , cet animal-là ... Dire que j' ai eu cet âge et que je frisais comme ça ... Oh !","dès que le ADJ NCspas être PPAS , NP , le PPRES avec un NC ADJ : — NP ADJ , ce animal-là ... VDIC que je avoir avoir ce NCo et que je VIMP comme ça ... NP !"
356,Daudet/1884_Daudet_sapho_N.txt,"la jeunesse , la jeunesse ... — Toujours donc ?","le NC , le NC ... — ADVTEMPS donc ?"
357,Daudet/1884_Daudet_sapho_N.txt,fit Déchelette saluant d' un sourire la toquade de son ami .,faire NP PPRES de un NCMAN le NCo de DETPOSS NCmod .
358,Daudet/1884_Daudet_sapho_N.txt,"— Mon cher , ne riez pas ... Tout ce que j' ai , ce que je suis , les médailles , les croix , l' Institut , le tremblement , je le donnerais pour ces cheveux -là et ce teint de soleil ... Puis revenant à Gaussin avec sa brusque allure : — Et , qu' est -ce que vous en faites ?","— DETPOSS NCs , ne IMP pas ... tout ce que je avoir , ce que je être , le NC , le NC , le NC , le NC , je le VCOND pour ce NCCOR ADVLIEU et ce NC de NCmod ... puis PPRES à NP avec DETPOSS ADJ NCMAN : — et , que être ce que vous en PPAS ?"
359,Daudet/1884_Daudet_sapho_N.txt,... On ne la voit plus .,... on ne le VCOG plus .
360,Daudet/1884_Daudet_sapho_N.txt,"Jean arrondissait les yeux , sans comprendre .","NP VIMP le NCCOR , sans VCOG ."
361,Daudet/1884_Daudet_sapho_N.txt,— Vous n' êtes donc plus avec elle ?,— vous ne être donc plus avec il ?
362,Daudet/1884_Daudet_sapho_N.txt,"Et devant son ahurissement , Caoudal ajouta sur un ton d' impatience : — , voyons ... Fanny Legrand ... Ville-d'Avray ... — Oh !","et ADVLIEU DETPOSS NCSENT , NP VPS sur un NC de NCSENT : — , NC ... NP NP ... NP ... — INTJ !"
363,Daudet/1884_Daudet_sapho_N.txt,"c' est fini , y a longtemps ... Comment lui vint ce mensonge ?","ce être VASP , y avoir longtemps ... comment lui venir ce NCs ?"
364,Daudet/1884_Daudet_sapho_N.txt,"Par une sorte de honte , de malaise , à ce nom de donné à sa maîtresse ; la gêne de parler d' elle avec d' autres hommes , peut-être aussi le désir d' apprendre de les choses qu' on ne lui aurait pas dites sans cela .","par un sorte de NCSENT , de NCSENT , à ce NC de PPAS à DETPOSS NCmod ; le NCSENT de INF de il avec un autre NCmod , peut-être aussi le NCSENT de VCOG de le chose que on ne lui avoir pas VDIC sans cela ."
365,Daudet/1884_Daudet_sapho_N.txt,— Tiens !,— NP !
366,Daudet/1884_Daudet_sapho_N.txt,... Elle roule encore ?,... il PRES encore ?
367,Daudet/1884_Daudet_sapho_N.txt,"demanda Déchelette distrait , tout à l' ivresse de revoir l' escalier de la Madeleine , le marché à les fleurs , la longue enfilade de les boulevards entre deux rangs de bouquets verts .","VPS NP ADJ , tout à le NCSENT de VCOG le NCo de le NP , le NC à le NCmod , le ADJ NC de le NCmod entre NUM NCmod de NCmod ADJCOL ."
368,Daudet/1884_Daudet_sapho_N.txt,"— Vous ne vous la rappelez donc pas , chez vous , l' année dernière !","— vous ne vous le PRES donc pas , chez vous , le NCT ADJ !"
369,Daudet/1884_Daudet_sapho_N.txt,"... Elle était superbe dans sa tunique de fellah ... Et le matin de cet automne , où je l' ai trouvée déjeunant avec ce joli garçon chez Langlois , vous auriez dit une mariée de quinze jours .","... il être ADJ dans DETPOSS NC de NCmod ... et le NCT de ce NCmod , où je le avoir PPAS PPRES avec ce ADJ NC chez NP , vous avoir VDIC un NCo de NUM NCT ."
370,Daudet/1884_Daudet_sapho_N.txt,— Quel âge a -t -elle donc ?,— quel NC avoir t il donc ?
371,Daudet/1884_Daudet_sapho_N.txt,... Depuis le temps qu' on la connaît ... Caoudal leva la tête pour chercher : « Quel âge ?,"... depuis le temps que on le PRES ... NP PRES le NCCOR pour INF : "" quel NCo ?"
372,Daudet/1884_Daudet_sapho_N.txt,... quel âge ?,... quel NC ?
373,Daudet/1884_Daudet_sapho_N.txt,"... Voyons , -sept ans en , quand elle me posait ma figure ... nous sommes en .","... VCOG , NUM NCT en , quand il me VIMP DETPOSS NCCOR ... nous être en ."
374,Daudet/1884_Daudet_sapho_N.txt,"Ainsi , comptez .","ainsi , IMP ."
375,Daudet/1884_Daudet_sapho_N.txt,» Tout à coup ses yeux s' allumèrent : « Ah !,""" tout à NC DETPOSS NCCOR se PRES : "" INTJ !"
376,Daudet/1884_Daudet_sapho_N.txt,"si vous l' aviez vue , y a vingt ans ... longue , fine , la bouche en arc , le front solide ... De les bras , de les épaules encore un peu maigres , mais cela allait bien à la brûlure de ... Et la femme , la maîtresse !","si vous le VSUBP VCOG , y avoir NUM NCT ... ADJ , ADJ , le NCCOR en NCmod , le NCCOR ADJ ... de le NCCOR , de le NCCOR encore un peu ADJ , mais cela aller bien à le NC de ... et le NCmod , le NC !"
377,Daudet/1884_Daudet_sapho_N.txt,"... Ce qu' y avait dans cette chair à plaisir , ce qu' on tirait de cette pierre à feu , de ce clavier où ne manquait pas une note ... Toute la lyre !","... ce que y avoir dans ce NCCOR à NCSENT , ce que on VIMP de ce NC à NCmod , de ce NCmod où ne VIMP pas un NCo ... tout le NC !"
378,Daudet/1884_Daudet_sapho_N.txt,... comme disait La Gournerie .,... comme VDIC La NP .
379,Daudet/1884_Daudet_sapho_N.txt,"» Jean , très pâle , demanda : — Est -ce qu' a été son amant , aussi celui-là ?",""" NP , très ADJ , demanda : — être ce que avoir être DETPOSS NCo , aussi celui-là ?"
380,Daudet/1884_Daudet_sapho_N.txt,... — La Gournerie ?,... — le NP ?
381,Daudet/1884_Daudet_sapho_N.txt,"... Je crois bien , j' en ai assez souffert ... Quatre ans que nous vivions ensemble comme mari et femme , quatre ans que je la couvais , que je m' épuisais pour suffire à tous ses caprices ... maîtres de chant , de piano , de cheval , est -ce que je sais ?","... je VCOG bien , je en avoir ADV PPAS ... NUM NCT que nous VIMP ADV comme NC et NC , NUM NCT que je le VIMP , que je se VIMP pour INF à tout DETPOSS NC ... NCs de NCmod , de NC , de NC , être ce que je VCOG ?"
382,Daudet/1884_Daudet_sapho_N.txt,"... Et quand je l' ai eu bien polie , patinée , taillée en pierre fine , sortie de le ruisseau où je l' avais ramassée une nuit , devant le bal Ragache , ce bellâtre astiqueur de rimes est venu me la prendre chez moi , à la table amie où s' asseyait tous les dimanches !","... et quand je le avoir avoir bien PPAS , PPAS , PPAS en NC ADJ , PPAS de le NC où je le avoir PPAS un NCT , ADVLIEU le NC NP , ce NCs NC de NCmod être venir me le INF chez soi , à le ADJ NC où se VIMP tout le ADVT !"
383,Daudet/1884_Daudet_sapho_N.txt,"souffla très fort , comme pour chasser cette vieille rancune d' amour qui vibrait encore dans sa voix , puis reprit , plus calme : — D' ailleurs , sa canaillerie ne lui a pas profité ... Leurs trois ans de ménage , ç' a été l' enfer .","VPS très fort , comme pour INF ce ADJ NCo de NCSENT qui VIMP encore dans DETPOSS NCMAN , puis VPS , plus NCSENT : — de ADVLIEU , DETPOSS NCs ne lui avoir pas PPAS ... DETPOSS NUM NCT de NCmod , ADV avoir être le NC ."
384,Daudet/1884_Daudet_sapho_N.txt,"Ce poète à les airs câlins était rat , méchant , maniaque .","ce NCs à le NCMAN ADJ être ADJ , ADJ , ADJ ."
385,Daudet/1884_Daudet_sapho_N.txt,"Ils se peignaient , fallait voir !","il se VIMP , VIMP VCOG !"
386,Daudet/1884_Daudet_sapho_N.txt,"... Quand on allait chez eux , on la trouvait un bandeau sur l' œil , lui la figure sabrée de griffes ... Mais le beau , c' est lorsqu' a voulu la quitter .","... quand on aller chez eux , on le VIMP un NCo sur le NCmod , lui le NCCOR PPAS de NC ... mais le ADJ , ce être lorsque avoir vouloir le INF ."
387,Daudet/1884_Daudet_sapho_N.txt,"Elle s' accrochait comme une teigne , le suivait , crevait sa porte , l' attendait couchée en travers de son paillasson .","il se VIMP comme un NC , le VIMP , VIMP DETPOSS NCo , le VIMP PPAS en travers de DETPOSS NC ."
388,Daudet/1884_Daudet_sapho_N.txt,"Une nuit , en plein hiver , elle est restée cinq heures en bas de chez la Farcy où ils étaient montés toute la bande ... Une pitié !","un NCT , en ADJ NC , il être PPAS NUM NCT en NCmod de chez le NP où il être PPAS tout le NCo ... un VSENT !"
389,Daudet/1884_Daudet_sapho_N.txt,"... Mais le poète élégiaque demeurait implacable , jusqu' à le jour où pour s' en débarrasser a fait marcher la police .","... mais le NCs ADJ VIMP ADJ , jusque à le NCT où pour se en INF avoir faire INF le NCo ."
390,Daudet/1884_Daudet_sapho_N.txt,Ah !,INTJ !
391,Daudet/1884_Daudet_sapho_N.txt,"un joli monsieur ... Et comme fin finale , remerciement à cette belle fille qui lui avait donné le meilleur de sa jeunesse , de son intelligence et de sa chair , lui a vidé sur la tête un volume de vers haineux , baveux , d' imprécations , de lamentations , le Livre de l' Amour , son plus beau livre ... Immobile , le dos tendu , Gaussin écoutait , aspirant à tout petits coups par une longue paille la boisson glacée servie devant lui .","un ADJ monsieur ... et comme NC ADJ , ADV à ce ADJ NCs qui lui avoir PPAS le meilleur de DETPOSS NCmod , de DETPOSS NC et de DETPOSS NCCOR , lui avoir PPAS sur le NCCOR un NCo de vers NCmod , NC , de NC , de NC , le NP de le NP , DETPOSS plus ADJ NC ... NCs , le NCCOR ADJ , NP VIMP , PPRES à tout ADJ NC par un ADJ NC le NC ADJ PPAS ADVLIEU lui ."
392,Daudet/1884_Daudet_sapho_N.txt,"Quelque poison , bien sûr , qu' on lui avait versé là , et qui le gelait de le cœur à les entrailles .","quelque NC , bien ADJ , que on lui avoir PPAS ADVLIEU , et qui le NC de le NCmod à le NCmod ."
393,Daudet/1884_Daudet_sapho_N.txt,"grelottait malgré l' heure splendide , voyait dans une reculée blafarde de les ombres qui allaient et venaient , un tonneau d' arrosage arrêté devant la Madeleine , et cet entrecroisement de voitures roulant sur la terre molle silencieusement comme sur de la ouate .","VIMP malgré le NCT ADJ , VCOG dans un NC ADJ de le NCmod qui aller et venir , un NC de NCmod PPAS ADVLIEU le NP , et ce NC de NCmod PPRES sur le NC ADJ ADV comme sur de le NC ."
394,Daudet/1884_Daudet_sapho_N.txt,"Plus de bruit dans Paris , plus rien que ce qui se disait à cette table .","plus de NC dans NP , plus ADV que ce qui se VDIC à ce NC ."
395,Daudet/1884_Daudet_sapho_N.txt,"Maintenant Déchelette parlait , c' est lui qui versait le poison : — Quelle atroce chose que ces ruptures ... Et sa voix tranquille et railleuse prenait une expression de douceur , de pitié infinie ... — On a vécu de les années ensemble , dormi l' un contre l' autre , confondu ses rêves , sa sueur .","ADVT NP VIMP , ce être lui qui VIMP le NCo : — quel ADJ NC que ce NCmod ... et DETPOSS NCMAN PRES et ADJ VIMP un NCo de NCmod , de VSENT ADJ ... — on avoir PPAS de le NCT ensemble , dormi le un contre le autre , PPAS DETPOSS NCo , DETPOSS NC ."
396,Daudet/1884_Daudet_sapho_N.txt,"On s' est tout dit , tout donné .","on se être tout VDIC , tout PPAS ."
397,Daudet/1884_Daudet_sapho_N.txt,"On a pris de les habitudes , de les façons d' être , de parler , même de les traits l' un de l' autre .","on avoir PPAS de le NC , de le façon de être , de INF , même de le NC le un de le autre ."
398,Daudet/1884_Daudet_sapho_N.txt,On se tient de la tête à les pieds ... Le collage enfin !,on se PRES de le NCCOR à le NCCOR ... le NC PHASE !
399,Daudet/1884_Daudet_sapho_N.txt,"... Puis brusquement on se quitte , on s' arrache ... Comment font -ils ?","... puis ADV on se PRES , on se PRES ... comment faire il ?"
400,Daudet/1884_Daudet_sapho_N.txt,Comment a -t -on ce courage ?,comment avoir t on ce NC ?
401,Daudet/1884_Daudet_sapho_N.txt,"... Moi , jamais je ne pourrais ... Oui , trompé , outragé , sali de ridicule et de boue , la femme pleurerait , me dirait : « Reste ... » Je ne m' en irais pas ... Et voilà pourquoi , quand j' en prends une , ce n' est jamais qu' à la nuit ... Pas de lendemain , comme disait la vieille France ... ou alors le mariage .","... soi , ADVTEMPS je ne pouvoir ... oui , PPAS , PPAS , NC de NCmod et de NC , le NCs VCOND , me VIMP : "" NP ... "" je ne se en VCOND pas ... et voilà pourquoi , quand je en PRES un , ce ne être ADVTEMPS que à le NCT ... pas de NC , comme VDIC le ADJ NP ... ou alors le NC ."
402,Daudet/1884_Daudet_sapho_N.txt,C' est définitif et plus propre .,ce être ADJ et plus ADJ .
403,Daudet/1884_Daudet_sapho_N.txt,— Pas de lendemain ... pas de lendemain ... Vous en parlez à votre aise .,— pas de NC ... pas un NCmod ... vous en PRES à DETPOSS NC .
404,Daudet/1884_Daudet_sapho_N.txt,y a de les femmes qu' on ne garde pas qu' une nuit ... Celle-là par exemple ... — Je ne lui ai pas donné une minute de grâce ... fit Déchelette avec un placide sourire que le pauvre amant trouva hideux .,y avoir de le NC que on ne PRES pas que un NCT ... ADV par NC ... — je ne lui avoir pas PPAS un NCT de NCmod ... faire NP avec un NC ADV que le ADJ NCs VPS hideux .
405,Daudet/1884_Daudet_sapho_N.txt,"— Alors c' est que vous n' étiez pas son type , sans quoi ... C' est une fille , quand elle aime , elle se cramponne ... Elle a le goût de le ménage ... De le reste , pas de chance dans ses installations .","— alors ce être que vous ne PRES pas DETPOSS NCo , sans quoi ... ce être un NC , quand il VSENT , il se PRES ... il avoir le NCo de le NCmod ... de le NC , pas de NC dans DETPOSS NCmod ."
406,Daudet/1884_Daudet_sapho_N.txt,"Elle se met avec Dejoie , le romancier ; meurt ... Elle passe à Ezano , se marie ... Après , est venu le beau Flamant , le graveur , l' ancien modèle , — car elle a toujours eu le béguin de le talent ou de la beauté , — et vous savez son épouvantable aventure ... — Quelle aventure ?","il se mettre avec NP , le NC ; PRES ... il PRES à NP , se PRES ... PHASE , être venir le ADJ NP , le NC , le ADJ NC , — car il avoir ADVTEMPS avoir le NCo de le NCmod ou de le NC , — et vous VCOG DETPOSS ADJ NCo ... — quel NCs ?"
407,Daudet/1884_Daudet_sapho_N.txt,"... demanda Gaussin , la voix étranglée ; et se remit à tirer sur sa paille , en écoutant le drame d' amour , qui passionna Paris , y a quelques années .","... VPS NP , le NCMAN ADJ ; et se VPS à INF sur DETPOSS NC , en VCOG le NCo de NCSENT , qui VSENT NP , y avoir quelque NCT ."
408,Daudet/1884_Daudet_sapho_N.txt,"Le graveur était pauvre , fou de cette femme ; et de peur d' être lâché , pour lui maintenir son luxe , fit de faux billets de banque .","le NCs être ADJ , NC de ce NCmod ; et de NCSENT de être PPAS , pour lui INF DETPOSS NCo , faire un ADJ NCo de NCmod ."
409,Daudet/1884_Daudet_sapho_N.txt,"Découvert presque aussitôt , coffré avec sa maîtresse , en fut quitte pour ans de réclusion , elle six mois de prévention à Saint-Lazare , la preuve de son innocence ayant été faite .","VCOG presque aussitôt , PPAS avec DETPOSS NC , en VPS ADJ pour NCT de NCmod , il NUM NCT de NCmod à NP , le NC de DETPOSS NCmod avoir être faire ."
410,Daudet/1884_Daudet_sapho_N.txt,"Et Caoudal rappelait à Déchelette , — qui avait suivi le procès , — comme elle était jolie sous son petit bonnet de Saint Lazare , et crâne , pas geignarde , fidèle à son homme jusqu' à le bout ... Et sa réponse à ce vieux cornichon de président , et le baiser qu' elle envoyait à Flamant par-dessus les tricornes de les gendarmes , en lui criant d' une voix à attendrir les pierres : « T' ennuie pas , m' ami ... Les beaux jours reviendront , nous nous aimerons encore !","et NP VIMP à NP , — qui avoir PPAS le NCo , — comme il être ADJ sous DETPOSS ADJ NC de NP NP , et NC , pas ADJ , ADJ à DETPOSS NC jusque à le NCmod ... et DETPOSS NC à ce ADJ NCmod de NCmod , et le NC que il VIMP à NP ADV le NCo de le NCmod , en lui VDIC de un NCMAN à VSENT le NCo : "" le VSENT pas , le NCo ... le ADJ NCT VF , nous nous VSENT encore !"
411,Daudet/1884_Daudet_sapho_N.txt,"... » Tout de même , ça l' avait un peu dégoûtée de le ménage , la pauvre fille .","... "" tout de même , ça le avoir un peu VSENT de le NC , le ADJ NC ."
412,Daudet/1884_Daudet_sapho_N.txt,"« Depuis , lancée dans le monde chic , elle a pris de les amants à le mois , à la semaine , et jamais d' artistes ... Oh !",""" depuis , PPAS dans le NC ADJ , il avoir PPAS de le NC à le NCT , à le NC , et ADVTEMPS de NC ... INTJ !"
413,Daudet/1884_Daudet_sapho_N.txt,"les artistes , elle en a une peur ... J' étais le seul , je crois bien , qu' elle eût continué à voir ... De loin en loin elle venait fumer sa cigarette à l' atelier .","le NC , il en avoir un NCSENT ... je être le ADJ , je VCOG bien , que il avoir PPAS à VCOG ... de ADVLIEU en ADVLIEU il venir INF DETPOSS NCo à le NC ."
414,Daudet/1884_Daudet_sapho_N.txt,"Puis j' ai passé de les mois sans entendre parler d' elle , jusqu' à le jour où je l' ai retrouvée en train de déjeuner avec ce bel enfant et lui mangeant de les raisins sur la bouche .","puis je avoir PPAS de le NCT sans VCOG INF de il , jusque à le NCT où je le avoir PPAS en NC de INF avec ce ADJ NC et lui PPRES de le NC sur le NCCOR ."
415,Daudet/1884_Daudet_sapho_N.txt,Je me suis dit : voilà ma repincée .,je me être VDIC : voilà DETPOSS NCo .
416,Daudet/1884_Daudet_sapho_N.txt,» Jean ne put en entendre davantage .,""" NP ne pouvoir en VCOG davantage ."
417,Daudet/1884_Daudet_sapho_N.txt,se sentait mourir de tout ce poison absorbé .,se sentir INF de tout ce NC PPAS .
418,Daudet/1884_Daudet_sapho_N.txt,"Après le froid de tout à l' heure , une brûlure lui tordait la poitrine , montait à sa tête bourdonnante et près d' éclater comme une tôle chauffée à blanc. traversa la chaussée , en chancelant sous les roues de les voitures .","PHASE le NC de tout à le NCT , un NCs lui VIMP le NCo , VIMP à DETPOSS NCCOR ADJ et ADVLIEU de INF comme un NC PPAS à NC VPS le NCo , en PPRES sous le NC de le NCmod ."
419,Daudet/1884_Daudet_sapho_N.txt,De les cochers criaient .,de le NC VIMP .
420,Daudet/1884_Daudet_sapho_N.txt,"À qui en avaient -ils , ces imbéciles ?","à qui en avoir il , ce NC ?"
421,Daudet/1884_Daudet_sapho_N.txt,"En passant sur le marché de la Madeleine , fut troublé par une odeur d' héliotrope , l' odeur préférée de sa maîtresse .","en PPRES sur le NC de le NP , être VSENT par un NC de NCmod , le NC ADJ de DETPOSS NCmod ."
422,Daudet/1884_Daudet_sapho_N.txt,"pressa le pas pour la fuir , et furieux , déchiré , pensait tout haut : « ma maîtresse !","VPS le pas pour le INF , et ADJ , PPAS , VCOG tout NCo : "" DETPOSS NC !"
423,Daudet/1884_Daudet_sapho_N.txt,"... oui , une belle ordure ... , ... Dire que j' ai vécu un an avec ça !","... oui , un ADJ NC ... , ... VDIC que je avoir PPAS un NCT avec ça !"
424,Daudet/1884_Daudet_sapho_N.txt,"... » répétait le nom avec rage , se rappelant l' avoir vu sur les petits journaux parmi d' autres sobriquets de filles , dans le grotesque Almanach-Gotha de la galanterie : , Cora , Caro , Phryné , Jeanne de Poitiers , le Phoque ... Et avec les cinq lettres de son nom abominable , toute la vie de cette femme lui passait en fuite d' égout sous les yeux ... L' atelier de Caoudal , les trépignées chez La Gournerie , les factions de nuit devant les bouges ou sur le paillasson de le poète ... Puis le beau graveur , les faux , la cour d' assises ... et le petit bonnet de le bagne qui lui allait si bien , et le baiser jeté à son faussaire : « T' ennuie pas , m' ami ... » M' ami !","... "" VIMP le NCs avec NCSENT , se PPRES le avoir VCOG sur le ADJ NC parmi un autre NC de NCmod , dans le ADJ NP de le NCmod : , NP , NP , NP , NP de NP , le NP ... et avec le NUM NCs de DETPOSS NCmod ADJ , tout le NC de ce NCmod lui VIMP en NC de NCmod sous le NCCOR ... le NC de NP , le NC chez le NP , le NC de NCT ADVLIEU le NCmod ou sur le NC de le NCmod ... puis le ADJ NC , le NC , le NC de NCmod ... et le ADJ NC de le NCmod qui lui aller si bien , et le NC PPAS à DETPOSS NC : "" le VSENT pas , le NCo ... "" le NC !"
425,Daudet/1884_Daudet_sapho_N.txt,"le même nom , la même caresse que pour lui ... Quelle honte !","le même NCs , le même NC que pour lui ... quel NCSENT !"
426,Daudet/1884_Daudet_sapho_N.txt,Ah !,INTJ !
427,Daudet/1884_Daudet_sapho_N.txt,allait joliment te balayer ces saletés -là ... Et toujours cette odeur d' héliotrope qui le poursuivait dans un crépuscule de le même lilas pâle que la toute petite fleur .,aller ADVINT me INF ce NC ADVLIEU ... et ADVTEMPS ce NC de NCmod qui le VIMP dans un NC de le même NCmod ADJ que le ADV ADJ NCmod .
428,Daudet/1884_Daudet_sapho_N.txt,"Tout à coup , s' aperçut qu ' était encore à arpenter le marché comme un pont de bateau .","tout à NC , se VPS que ' être encore à INF le NCo comme un NC de NCmod ."
429,Daudet/1884_Daudet_sapho_N.txt,"reprit sa course , arriva d' une traite rue d' Amsterdam , bien décidé à chasser cette femme de chez lui , à la jeter sur l' escalier sans explication , en lui crachant l' injure de son nom dans le dos .","VPS DETPOSS NCo , VPS de un NC NCmod de NP , bien PPAS à INF ce NCo de chez lui , à le INF sur le NC sans NCmod , en lui PPRES le NCo de DETPOSS NCmod dans le NCCOR ."
430,Daudet/1884_Daudet_sapho_N.txt,"À la porte hésita , réfléchit , fit quelques pas encore .","à le NC ADJ , NCs , faire quelque pas encore ."
431,Daudet/1884_Daudet_sapho_N.txt,"Elle allait crier , sangloter , lâcher par la maison tout son vocabulaire de le trottoir , comme là-bas , rue de l' Arcade ... Écrire ?","il aller VDIC , INF , INF par le NC tout DETPOSS NCmod de le NCmod , comme ADVLIEU , NC de le NP ... NP ?"
432,Daudet/1884_Daudet_sapho_N.txt,"... oui , c' est cela , valait mieux écrire , lui régler son compte en quatre mots , bien féroces .","... oui , ce être cela , VIMP mieux INF , lui INF DETPOSS NCo en NUM NC , bien ADJ ."
433,Daudet/1884_Daudet_sapho_N.txt,"entra dans une taverne anglaise , déserte et morne sous le gaz qu' on allumait , s' assit à une table empoissée , près de l' unique consommateur , une fille à tête de mort qui dévorait de le saumon fumé , sans boire .","VPS dans un NC ADJ , ADJ et ADJ sous le NC que on VIMP , se VPS à un NC PPAS , ADVLIEU de le ADJ NC , un NC à NCCOR de NCmod qui VSENT de le NC PPAS , sans NCmod ."
434,Daudet/1884_Daudet_sapho_N.txt,"demanda une pinte d' ale , n' y toucha pas et commença une lettre .","VPS un NCo de NCmod , ne y VPS pas et VASP un NCo ."
435,Daudet/1884_Daudet_sapho_N.txt,"Mais trop de mots se pressaient dans sa tête , qui voulaient sortir à la fois , et que l' encre décomposée et grumeleuse traçait lentement à son gré .","mais trop de NC se VIMP dans DETPOSS NCCOR , qui vouloir INF à le fois , et que le NCs PPAS et ADJ VIMP ADV à DETPOSS NC ."
436,Daudet/1884_Daudet_sapho_N.txt,"déchirait deux ou trois commencements , s' en allait enfin sans écrire , quand tout bas près de lui une bouche pleine et vorace demanda timidement : « Vous ne buvez pas ?","VIMP NUM ou NUM NCo , se en aller PHASE sans INF , quand tout ADJ ADVLIEU de lui un NCCOR ADJ et vorace demander ADVMAN : "" vous ne PRES pas ?"
437,Daudet/1884_Daudet_sapho_N.txt,... on peut ?,... on pouvoir ?
438,Daudet/1884_Daudet_sapho_N.txt,... » fit signe que oui .,"... "" faire NCo que oui ."
439,Daudet/1884_Daudet_sapho_N.txt,"La fille se jeta sur la pinte et la vida d' une goulée violente qui révélait la détresse de cette malheureuse , ayant tout juste dans sa poche de quoi rassasier sa faim sans l' arroser d' un peu de bière .","le NCs se VPS sur le NC et le VPS de un NC ADJ qui VIMP le NCSENT de ce NCmod , avoir tout ADV dans DETPOSS NC de quoi VSENT DETPOSS NCo sans le INF de un peu de NC ."
440,Daudet/1884_Daudet_sapho_N.txt,"Une pitié lui vint , qui l' apaisa , l' éclaira subitement sur les misères d' une vie de femme ; et se mit à juger plus humainement , à raisonner son malheur .","un VSENT lui venir , qui le VSENT , le VPS ADV sur le NC de un NCmod de NCmod ; et se mettre à INF plus ADVMAN , à INF DETPOSS NCo ."
441,Daudet/1884_Daudet_sapho_N.txt,"Après tout , elle ne lui avait pas menti ; et s ' ne savait rien de sa vie , c' est qu ' ne s' en était jamais soucié .","PHASE tout , il ne lui avoir pas PPAS ; et s ' ne VCOG rien de DETPOSS NCmod , ce être PPAS ' ne se en être ADVTEMPS PPAS ."
442,Daudet/1884_Daudet_sapho_N.txt,Que lui reprochait - ?,que lui VIMP - ?
443,Daudet/1884_Daudet_sapho_N.txt,... Son temps à Saint-Lazare ?,... DETPOSS temps à NP ?
444,Daudet/1884_Daudet_sapho_N.txt,"... Mais puisqu' on l' avait acquittée , portée presque en triomphe à la sortie ... Alors , quoi ?","... mais puisque on le avoir PPAS , PPAS presque en NC à le NC ... ADV , quoi ?"
445,Daudet/1884_Daudet_sapho_N.txt,D' autres hommes avant lui ?,un autre NC PHASE lui ?
446,Daudet/1884_Daudet_sapho_N.txt,... Est -ce qu ' ne le savait pas ?,... être ce que ' ne le VCOG pas ?
447,Daudet/1884_Daudet_sapho_N.txt,"... Quelle raison de lui en vouloir davantage , parce que les noms de ces amants étaient connus , célèbres , qu ' pouvait les rencontrer , leur parler , regarder leurs portraits à les devantures ?","... quel NC de lui en vouloir davantage , parce que le NCspas de ce NCmod être PPAS , ADJ , qu ' pouvoir le INF , lui INF , VCOG DETPOSS NCo à le NC ?"
448,Daudet/1884_Daudet_sapho_N.txt,Devait - lui faire un crime d' avoir préféré ceux -là ?,devoir - lui faire un NCo de avoir PPAS celui ADVLIEU ?
449,Daudet/1884_Daudet_sapho_N.txt,"Et tout à le fond de son être , se levait une fierté mauvaise , inavouable , de la partager avec ces grands artistes , de se dire qu' ils l' avaient trouvée belle .","et tout à le NC de DETPOSS être , se VIMP un NCSENT ADJ , ADJ , de le INF avec ce ADJ NC , de se VDIC que il le avoir PPAS ADJ ."
450,Daudet/1884_Daudet_sapho_N.txt,"À son âge on n' est jamais sûr , on ne sait pas bien .","à DETPOSS NC on ne être ADVTEMPS ADJ , on ne VCOG pas bien ."
451,Daudet/1884_Daudet_sapho_N.txt,"On aime la femme , l' amour ; mais les yeux et l' expérience manquent , et le jeune amant qui vous montre un portrait de sa maîtresse , cherche un regard , une approbation qui le rassurent .","on VSENT le NCo , le NCSENT ; mais le NCCOR et le NC PRES , et le ADJ NC qui vous PRES un NCo de DETPOSS NCmod , PRES un NCMAN , un NCSENT qui le VSENT ."
452,Daudet/1884_Daudet_sapho_N.txt,"La figure de lui semblait grandie , auréolée , depuis qu ' la savait chantée par La Gournerie , fixée par Caoudal dans le marbre et le bronze .","le NCCOR de lui sembler ADJ , PPAS , depuis que ' le VCOG PPAS par La NP , PPAS par NP dans le NC et le NC ."
453,Daudet/1884_Daudet_sapho_N.txt,"Mais brusquement repris de rage , quittait le banc où sa méditation l' avait jeté sur un boulevard extérieur , à le milieu de les cris d' enfants , de les commérages de femmes d' ouvriers dans la poudreuse soirée de juin ; et se remettait à marcher , à parler tout haut , furieusement ... Joli , le bronze de ... de le bronze de commerce , qui a traîné partout , banal comme un air d' orgue , comme ce mot de qui à force de rouler les siècles s' est encrassé de légendes immondes sur sa grâce première , et d' un nom de déesse est devenu l' étiquette d' une maladie ... Quel dégoût que tout cela , mon Dieu !","mais ADV PPAS de NCSENT , VIMP le NCo où DETPOSS NCs le avoir PPAS sur un NC ADJ , à le milieu de le NCmod de NCmod , de le NC de NCmod de NCmod dans le ADJ NCT de MOIS ; et se VIMP à INF , à INF tout NCo , ADVINT ... NP , le NC de ... de le NCmod de NCmod , qui avoir PPAS ADV , ADJ comme un NCMAN de NCmod , comme ce NCmod de qui à NCSENT de INF le NCT se être PPAS de NC ADJ sur DETPOSS NC ADJ , et de un NC de NCmod être devenir le NCo de un NCmod ... quel NCSENT que tout cela , son NP !"
454,Daudet/1884_Daudet_sapho_N.txt,"... s' en allait ainsi , tour à tour apaisé ou furieux , à ce remous d' idées , de sentiments contraires .","... se en aller ainsi , NC à NC VSENT ou ADJ , à ce NC de NCmod , de NCSENT ADJ ."
455,Daudet/1884_Daudet_sapho_N.txt,"Le boulevard s' assombrissait , devenait désert .","le NCs se VIMP , devenir NCo ."
456,Daudet/1884_Daudet_sapho_N.txt,"Une fadeur âcre traînait dans l' air chaud ; et reconnaissait la porte de le grand cimetière où était venu l' année d' avant assister avec toute la jeunesse à l' inauguration d' un buste de Caoudal sur la tombe de Dejoie , le romancier de le quartier Latin , l' auteur de Cenderinette .","un NCs ADJ VIMP dans le NCMAN ADJ ; et VCOG le NCo de le ADJ NCmod où être venir le NCT de PHASE INF avec tout le NC à le NCmod de un NCCOR de NP sur le NCmod de NP , le NC de le NCmod ADJ , le NC de NP ."
457,Daudet/1884_Daudet_sapho_N.txt,"Dejoie , Caoudal !","NP , NP !"
458,Daudet/1884_Daudet_sapho_N.txt,L' étrange accent que ces noms prenaient pour lui depuis deux heures !,le NCs PRES que ce NCs VIMP pour lui depuis NUM NCT !
459,Daudet/1884_Daudet_sapho_N.txt,"et comme elle lui semblait menteuse et lugubre , l' histoire de l' étudiante et de son petit ménage , maintenant qu ' en savait les tristes dessous , qu ' avait appris par Déchelette l' affreux surnom donné à ces mariages de le trottoir .","et comme il lui sembler ADJ et ADJ , le NCs de le NCmod et de DETPOSS ADJ NC , ADVT que ' en VCOG le NCo ADV , que ' avoir VCOG par NP le ADJ NCo PPAS à ce NC de le NCmod ."
460,Daudet/1884_Daudet_sapho_N.txt,"Toute cette ombre , plus noire de le voisinage de la mort , l' effrayait .","tout ce NCs , plus ADJ de le NCmod de le NCmod , le VIMP ."
461,Daudet/1884_Daudet_sapho_N.txt,"revint sur ses pas , frôlant de les blouses qui rôdaient , silencieuses comme de les ailes de nuit , de les jupes sordides à la porte de bouges dont les vitres dépolies découpaient de grandes lumières de lanterne magique où de les couples passaient , s' embrassaient ... Quelle heure ?","PPAS sur DETPOSS pas , PPRES de le NC qui VIMP , ADJ comme de le NC de NCT , de le NC ADJ à le NCmod de NCmod dont le NCs ADJ VIMP de ADJ NCo de NCmod ADJ où de le NCs VIMP , se VIMP ... quel NCT ?"
462,Daudet/1884_Daudet_sapho_N.txt,"... se sentait brisé , comme une recrue à la fin de l' étape ; et de sa douleur assourdie , tombée dans ses jambes , ne lui restait que la courbature .","... se sentir PPAS , comme un NC à le NCmod de le NCmod ; et de DETPOSS NCSENT PPAS , PPAS dans DETPOSS NCCOR , ne lui VIMP que le NC ."
463,Daudet/1884_Daudet_sapho_N.txt,Oh !,INTJ !
464,Daudet/1884_Daudet_sapho_N.txt,"se coucher , dormir ... Puis à le réveil , froidement , sans colère , dirait à la femme : « Voilà ... je sais qui tu es ... Ce n' est pas ta faute ni la mienne ; mais nous ne pouvons plus vivre ensemble .","se INF , INF ... puis à le NC , ADVMAN , sans NCSENT , VDIC à le NC : "" voilà ... je VCOG qui je être ... ce ne être pas VPS ADV ni le NC ; mais nous ne pouvoir plus INF ensemble ."
465,Daudet/1884_Daudet_sapho_N.txt,"Séparons -nous ... » Et pour se mettre à l' abri de ses poursuites , irait embrasser sa mère et ses sœurs , secouer à le vent de le Rhône , à le libre et vivifiant mistral , les souillures et l' effroi de son mauvais rêve .","NP nous ... "" et pour se mettre à le NC de DETPOSS NCmod , aller INF DETPOSS NCo et DETPOSS NC , INF à le NC de le NP , à le ADJ et ADJ ADJ , le NC et le NC de DETPOSS ADJ NCmod ."
466,Daudet/1884_Daudet_sapho_N.txt,"Elle s' était couchée , lasse d' attendre , et dormait en plein sous la lampe , un livre ouvert sur le drap devant elle .","il se être PPAS , NCo de INF , et VIMP en ADJ sous le NC , un NC ADJ sur le NCmod ADVLIEU il ."
467,Daudet/1884_Daudet_sapho_N.txt,"Son approche ne l' éveilla pas ; et debout près de le lit , la regardait curieusement comme une femme nouvelle , une étrangère qu ' aurait trouvée là .","DETPOSS NCs ne le VPS pas ; et ADV ADVLIEU de le NC , le VCOG ADVMAN comme un NC ADJ , un NC que ' avoir PPAS ADVLIEU ."
468,Daudet/1884_Daudet_sapho_N.txt,"Belle , oh !","ADJ , INTJ !"
469,Daudet/1884_Daudet_sapho_N.txt,"belle , les bras , la gorge , les épaules , d' un ambre fin , solide , sans tache ni fêlure .","ADJ , le NCCOR , le NCCOR , le NCCOR , de un NC NCmod , NC , sans NC ni NC ."
470,Daudet/1884_Daudet_sapho_N.txt,"Mais sur ces paupières rougies , — peut-être le roman qu' elle lisait , peut-être l' inquiétude , l' attente , — sur ces traits détendus dans le repos et que ne soutenait plus l' âpre désir de la femme qui veut être aimée , quelle lassitude , quels aveux !","mais sur ce NCCOR ADJ , — peut-être le NC que il VIMP , peut-être le NCSENT , le NC , — sur ce NC ADJ dans le NCmod et que ne VIMP plus le NCo NCSENT de le NCmod qui vouloir être VSENT , quel NCSENT , quel NC !"
471,Daudet/1884_Daudet_sapho_N.txt,"Son âge , son histoire , ses bordées , ses caprices , ses collages , et Saint-Lazare , les coups , les larmes , les terreurs , tout se voyait , s' étalait ; et les meurtrissures violettes de le plaisir et de l' insomnie , et le pli de dégoût affaissant la lèvre inférieure , usée , fatiguée comme une margelle où tout le communal est venu boire , et la bouffissure commençante qui délie les chairs pour les rides de la vieillesse .","DETPOSS NC , DETPOSS NC , DETPOSS NC , DETPOSS NC , DETPOSS NC , et NP , le NC , le NC , le NCSENT , tout se VCOG , se VIMP ; et le ADJ NC de le NCSENT et de le NC , et le NCs de NCSENT PPRES le NCCOR ADJ , PPAS , VSENT comme un NC où tout le NCs être venir NC , et le NC ADJ qui PRES le NCCOR pour le NCmod de le NCmod ."
472,Daudet/1884_Daudet_sapho_N.txt,"Cette trahison de le sommeil , le silence de mort enveloppant cela , c' était grand , c' était sinistre ; un champ de bataille à la nuit , avec toute l' horreur qui se montre et celle qu' on devine à les vagues mouvements de l' ombre .","ce NC de le NCmod , le NC de NCmod PPRES cela , ce être ADJ , ce être NC ; un NC de NCmod à le NCT , avec tout le NCmod qui se PRES et celui que on VCOG à le ADJ NC de le NCmod ."
473,Daudet/1884_Daudet_sapho_N.txt,"Et tout à coup vint à le pauvre enfant une grosse , une étouffante envie de pleurer .","et tout à NC venir à le ADJ NC un NCo , un ADJ NC de INF ."
474,Daudet/1884_Daudet_sapho_N.txt,"Table de les matières Ils achevaient de dîner , la fenêtre ouverte , à le long sifflement de les hirondelles saluant la tombée de la lumière .","ADJ de le NC il VIMP de NC , le NC PPAS , à le ADJ NC de le NCmod PPRES le NCo de le NCmod ."
475,Daudet/1884_Daudet_sapho_N.txt,"Jean ne parlait pas , mais allait parler et toujours de la même cruelle chose qui le hantait , et dont torturait Fanny , depuis la rencontre avec Caoudal .","NP ne VIMP pas , mais aller INF et ADVTEMPS de le même ADJ chose qui le VSENT , et dont VIMP NP , depuis le NCmod avec NP ."
476,Daudet/1884_Daudet_sapho_N.txt,"Elle , voyant ses yeux baissés , l' air faussement indifférent qu ' prenait pour de nouvelles questions , devina et le prévint : — Écoute , je sais ce que tu vas me dire ... épargne-nous , je t' en prie ... on s' épuise à la fin ... puisque c' est mort , tout ça , que je n' aime que toi , qu ' n' y a plus que toi à le monde ... — Si c' était mort comme tu dis , tout ce passé ... Et la regardait à le fond de ses beaux yeux d' un gris frissonnant et changeant à chaque impression : — ... Tu ne garderais pas de les choses qui te le rappellent ... oui , là-haut dans l' armoire ... Le gris se velouta d' un noir d' ombre : — Tu sais donc ?","il , VCOG DETPOSS NCCOR PPAS , le NCMAN ADV ADJ qu ' VIMP pour un ADJ NC , devina et le NC : — NC , je VCOG ce que je ADV me VDIC ... épargne-le , je lui en NC ... on se PRES à le NC ... puisque ce être ADJ , tout ça , que je ne VSENT que soi , que ' ne y avoir plus que toi à le NCmod ... — si ce être PPAS comme je dis , tout ce NC ... et le VCOG à le NC de DETPOSS ADJ NCCOR de un ADJCOL ADJ et PPRES à chaque NC : — ... je ne VCOND pas de le chose qui me le NCo ... oui , ADVLIEU dans le NC ... le ADJCOL se VPS de un NC de NCmod : — je VCOG donc ?"
477,Daudet/1884_Daudet_sapho_N.txt,"Tout ce fatras de lettres d' amour , de portraits , ces archives galantes et glorieuses sauvées de tant de débâcles , allait donc falloir s' en défaire !","tout ce NC de NCmod de NCSENT , de NC , ce NCs ADJ et ADJ PPAS de tant de NC , aller donc INF se en INF !"
478,Daudet/1884_Daudet_sapho_N.txt,— À le moins me croiras -tu après ?,— à le moins me NC -tre PHASE ?
479,Daudet/1884_Daudet_sapho_N.txt,"Et sur un sourire incrédule qui la défiait , elle courut chercher le coffret de laque dont les ferrures ciselées entre les piles délicates de son linge avaient si fort intrigué son amant depuis quelques jours .","et sur un NCMAN ADJ qui le VIMP , il VPS INF le NCo de NCmod dont le NCs PPAS entre le NC ADJ de DETPOSS NCmod avoir ADV fort VSENT DETPOSS NCo depuis quelque NCT ."
480,Daudet/1884_Daudet_sapho_N.txt,"— Brûle , déchire , c' est à toi ... Mais ne se pressait pas de tourner la petite clef , regardait les cerisiers à fruits de nacre rose et les vols de cigognes incrustés sur le couvercle qu ' fit sauter brusquement ... Tous les formats , toutes les écritures , papiers de couleur à les en-têtes dorés , vieux billets jaunis cassés à les pliures , griffonnages à le crayon sur de les feuilles de carnet , de les cartes de visite , en tas , sans ordre , comme en un tiroir souvent fouillé et bousculé où lui-même enfonçait maintenant ses mains tremblantes ... — Passe-les-moi .","— NP , ADJ , ce être à soi ... mais ne se VIMP pas de INF le ADJ NCo , VCOG le NCs à NCmod de NCmod ADJCOL et le NC de NCmod PPAS sur le NC qu ' faire INF ADV ... tout le NC , tout le NC , NC de NCmod à le NCmod ADJCOL , ADJ NC ADJ PPAS à le NC , NC à le NCmod sur de le NCmod de NCmod , de le NC de NCmod , en NC , sans NCmod , comme en un NC ADVTEMPS PPAS et PPAS où soi-même VIMP ADVT DETPOSS NCCOR ADJ ... — NP ."
481,Daudet/1884_Daudet_sapho_N.txt,Je les brûlerai sous tes yeux .,je le VF sous DETPOSS NCCOR .
482,Daudet/1884_Daudet_sapho_N.txt,"Elle parlait fiévreusement , accroupie devant la cheminée , une bougie allumée par terre , à côté d' elle .","il VIMP ADV , PPAS ADVLIEU le NC , un NC PPAS par NC , à NC de il ."
483,Daudet/1884_Daudet_sapho_N.txt,"— Donne ... Mais lui : — Non ... attends ... Et plus bas , comme honteux : — Je voudrais lire ... — Pourquoi ?","— NP ... mais lui : — non ... NC ... et plus ADJ , comme ADJ : — je vouloir INF ... — pourquoi ?"
484,Daudet/1884_Daudet_sapho_N.txt,"tu vas te faire mal encore ... Elle ne songeait qu' à sa souffrance et non à l' indélicatesse de livrer ainsi les secrets de passion , la confession sur l' oreiller de tous ces hommes qui l' avaient aimée ; et se rapprochant , toujours à genoux , elle lisait en même temps que lui , l' épiait de le coin de l' œil .","je ADV me faire mal encore ... il ne VIMP que à DETPOSS NCSENT et non à le NC de INF ainsi le NCo de NCSENT , le NC sur le NCmod de tout ce NCmod qui le avoir VSENT ; et se PPRES , ADVTEMPS à NCCOR , il VIMP en même temps que lui , le NC de le NCmod de le NCmod ."
485,Daudet/1884_Daudet_sapho_N.txt,"pages , signées La Gournerie , , d' une écriture longue et féline , dans lesquelles le poète , envoyé en Algérie pour le compte-rendu officiel et lyrique de le voyage de l' empereur et de l' impératrice , faisait à sa maîtresse une description éblouissante de les fêtes .","NCs , PPAS La NP , , de un NC ADJ et ADJ , dans lequel le NC , PPAS en NP pour le NC ADJ et ADJ de le NCmod de le NCmod et de le NC , faire à DETPOSS NC un NCo ADJ de le NCmod ."
486,Daudet/1884_Daudet_sapho_N.txt,"Alger débordant et grouillant , vraie Bagdad de les Mille et Une Nuits ; toute l' Afrique accourue , entassée autour de la ville , battant ses portes à les rompre , comme un simoun .","ADV ADJ et ADJ , vrai NP de le NUM et NUM NC ; tout le NP PPAS , PPAS ADV de le NC , PPRES DETPOSS NCo à le INF , comme un NC ."
487,Daudet/1884_Daudet_sapho_N.txt,"Caravanes de nègres et de chameaux chargés de gomme , tentes de poil dressées , une odeur de musc humain sur toute cette singerie qui bivouaquait à le bord de la mer , dansait la nuit autour de grands feux , s' écartait chaque matin devant l' arrivée de les chefs de le Sud pareils à de les Rois Mages avec la pompe orientale , les musiques discordantes , flûtes de roseau , petits tambours rauques , le goum entourant l' étendard de le Prophète à les trois couleurs ; et derrière , menés en laisse par de les nègres , les chevaux destinés en présent à l' Emberour , vêtus de soie , caparaçonnés d' argent , secouant à chaque pas de les grelots et de les broderies ... Le génie de le poète rendait tout cela vivant et présent ; les mots brillaient sur la page , comme ces pierres sans monture que jugent les joailliers sur de le papier .","NCs de NCmod et de NC PPAS de NC , NC de NCCOR PPAS , un NC de NCmod ADJ sur tout ce NCmod qui VIMP à le NC de le NCmod , VIMP le NCT ADV de ADJ NC , se VIMP chaque NCT ADVLIEU le NC de le NCmod de le NCmod NC à de le NP NP avec le NCmod ADJ , le NCs ADJ , NC de NCmod , ADJ NC ADJ , le NC PPRES le NCo de le NP à le NUM NCmod ; et ADVLIEU , PPAS en NC par un le NCmod , le NC PPAS en NC à le NP , PPAS de NC , PPAS de NC , PPRES à chaque pas de le NCmod et de le NC ... le NCs de le NCmod VIMP tout cela PPRES et ADJ ; le NCs VIMP sur le NC , comme ce NC sans NCmod que PRES le NCs sur de le NCmod ."
488,Daudet/1884_Daudet_sapho_N.txt,"Vraiment elle pouvait être fière , la femme à les genoux de qui l' on jetait ces richesses .","ADVINT il pouvoir être ADJ , le NC à le NCCOR de qui l' on VIMP ce NCo ."
489,Daudet/1884_Daudet_sapho_N.txt,"Fallait - qu' elle fût aimée , puisque , malgré la curiosité de ces fêtes , le poète ne songeait qu' à elle , mourait de ne pas la voir : — Oh !","VIMP - que il être VSENT , puisque , malgré le NCSENT de ce NCmod , le NCs ne VIMP que à il , VCOND de ne pas le VCOG : — INTJ !"
490,Daudet/1884_Daudet_sapho_N.txt,"cette nuit , j' étais avec toi sur le grand divan de la rue de l' Arcade .","ce NCT , je être avec soi sur le ADJ NC de le NCmod de le NP ."
491,Daudet/1884_Daudet_sapho_N.txt,"Tu étais nue , tu étais folle , tu criais de joie sous mes caresses , quand je me suis réveillé en sursaut roulé dans un tapis sur ma terrasse , en pleine nuit d' étoiles .","je être ADJ , je être ADJ , je VDIC de NCSENT sous DETPOSS NC , quand je me être PPAS en NC PPAS dans un NC sur DETPOSS NCmod , en ADJ NCT de NCmod ."
492,Daudet/1884_Daudet_sapho_N.txt,"Le cri de le muezzin montait d' un minaret voisin en claire et limpide fusée voluptueuse plutôt que priante , et c' est toi que j' entendais encore en sortant de mon rêve ... Quelle force mauvaise le poussait donc à continuer sa lecture malgré l' horrible jalousie qui blanchissait ses lèvres , contractait ses mains ?","le NCs de le NCmod VIMP de un NC ADJ en NCmod et NC PPAS ADJ plutôt que ADJ , et ce être soi que je VCOG encore en PPRES de DETPOSS NC ... quel NCSENT ADJ le VIMP donc à INF DETPOSS NCo malgré le ADJ NC qui VIMP DETPOSS NCCOR , VIMP DETPOSS NCCOR ?"
493,Daudet/1884_Daudet_sapho_N.txt,"Doucement , câlinement , Fanny essayait de lui reprendre la lettre ; mais la lut jusqu' à le bout , et après celle -là une autre , puis une autre , les laissant tomber à le fur et à mesure avec un détachement de mépris , d' indifférence , sans regarder la flamme qui s' avivait dans la cheminée à les effusions lyriques et passionnées de le grand poète .","ADVMAN , ADVMAN , NP VIMP de lui INF le NCo ; mais le VPS jusque à le NC , et PHASE celui ADVLIEU un autre , puis un autre , le laisser INF à le NC et à NC avec un NCSENT de NCmod , de VSENT , sans VCOG le NCo qui se VIMP dans le NC à le NC ADJ et ADJ de le ADJ NCmod ."
494,Daudet/1884_Daudet_sapho_N.txt,"Et quelquefois , dans le débordement de cet amour exagéré à la température africaine , le lyrisme de l' amant s' entachait de quelque grosse obscénité de corps de garde dont auraient été surprises et scandalisées les lectrices mondaines de le Livre de l' Amour , d' un spiritualisme raffiné , immaculé comme la corne d' argent de la Yungfrau .","et ADVTEMPS , dans le NC de ce NCSENT PPAS à le NC ADJ , le NCs de le NCmod se VIMP de quelque ADJ NC de NCCOR de NCmod dont avoir être PPAS et VSENT le NCo ADJ de le NP de le NCSENT , de un NCmod ADJ , PPAS comme le NC de NCmod de le NP ."
495,Daudet/1884_Daudet_sapho_N.txt,Misères de le cœur !,NP de le NCmod !
496,Daudet/1884_Daudet_sapho_N.txt,"c' est à ces passages surtout que Jean s' arrêtait , à ces souillures de la page , sans se douter de les tressauts nerveux qui chaque fois agitaient sa figure .","ce être à ce NC surtout que NP se VIMP , à ce NC de le NCmod , sans se INF de le NC ADJ qui chaque fois VIMP DETPOSS NCCOR ."
497,Daudet/1884_Daudet_sapho_N.txt,"Même eut le courage de ricaner à ce post-scriptum qui suivait le récit éblouissant d' une fête d' Aïssaouas : « Je relis ma lettre ... y a vraiment de les choses pas mal ; mets-la-moi de côté , je pourrai m' en servir ... » — Un monsieur qui ne laissait rien traîner !","même avoir le NCo de INF à ce NC qui VIMP le NCo PPRES de un NC de NP : "" je PRES DETPOSS NCo ... y avoir ADVINT de le chose pas mal ; NC de NCmod , je pouvoir se en INF ... "" — un monsieur qui ne laisser rien INF !"
498,Daudet/1884_Daudet_sapho_N.txt,"fit - en passant à un autre feuillet de la même écriture où , sur un ton glacé d' homme d' affaires , La Gournerie réclamait un recueil de chansons arabes et une paire de babouches en paille de riz .","faire - en PPRES à un autre NC de le même NCmod où , sur un NC PPAS de NC de NCmod , le NP VIMP un NCo de NCmod ADJ et un NC de NCmod en NCmod de NCmod ."
499,Daudet/1884_Daudet_sapho_N.txt,C' était la liquidation de leur amour .,ce être le NC de lui NCSENT .
500,Daudet/1884_Daudet_sapho_N.txt,Ah !,INTJ !
501,Daudet/1884_Daudet_sapho_N.txt,"avait su s' en aller , était fort , celui-là ... Et sans s' arrêter , Jean continuait à drainer ce marécage d' où montait une haleine chaude et malsaine .","avoir VCOG se en aller , être fort , celui-là ... et sans se INF , NP VIMP à INF ce NCo de où VIMP un NCs ADJ et ADJ ."
502,Daudet/1884_Daudet_sapho_N.txt,"La nuit venue , avait mis la bougie sur la table , et parcourait de les billets très courts , illisiblement tracés comme à le poinçon par de trop gros doigts qui à tous moments , dans une brusquerie de désir ou de colère , trouaient et déchiraient le papier .","le NCT ADJ , avoir mettre le NCo sur le NC , et VIMP de le NC très ADJ , ADV PPAS comme à le NC par un trop ADJ NCCOR qui à tout NC , dans un NCmod de NCSENT ou de NCSENT , VIMP et VIMP le NCo ."
503,Daudet/1884_Daudet_sapho_N.txt,"Les premiers temps d' une liaison avec Caoudal , rendez-vous , soupers , parties de campagne , puis de les brouilles , de suppliants retours , de les cris , de les injures ignobles et basses d' ouvrier , coupées tout à coup de drôleries , de mots cocasses , de reproches sanglotés , toute la faiblesse mise à nu de le grand artiste devant la rupture et l' abandon .","le ADJ temps de un NCmod avec NP , NC , NC , NC de NCmod , puis de le NC , de ADJ NC , de le NC , de le NC ADJ et ADJ de NCmod , PPAS tout à NC de NCmod , de NC ADJ , de NC ADJ , tout le NC mettre à NC de le ADJ NC ADVLIEU le NC et le NC ."
504,Daudet/1884_Daudet_sapho_N.txt,"Le feu prenait cela , allongeait de grands jets rouges où fumaient et grésillaient la chair , le sang , les larmes d' un homme de génie ; mais qu' importait à Fanny , toute à le jeune amant qu' elle surveillait , dont l' ardente fièvre la brûlait à travers leurs vêtements .","le NCs VIMP cela , VIMP un ADJ NCo ADJCOL où VIMP et VIMP le NCCOR , le NCCOR , le NC de un NCmod de NCmod ; mais que VIMP à NP , tout à le ADJ NC que il VIMP , dont le ADJ VSENT le VIMP à travers DETPOSS NC ."
505,Daudet/1884_Daudet_sapho_N.txt,"venait de trouver un portrait à la plume signé Gavarni , avec cette dédicace : À mon amie Fanny Legrand , dans une auberge de Dampierre , un jour qu' pleuvait .","venir de INF un NCo à le NC PPAS NP , avec ce NC : à DETPOSS NC NP NP , dans un NCmod de NP , un NCT que VIMP ."
506,Daudet/1884_Daudet_sapho_N.txt,"Une tête intelligente et douloureuse , à les yeux caves , quelque chose d' amer et de ravagé .","un NCCOR ADJ et ADJ , à le NCCOR ADJ , quelque chose de INF et de NC ."
507,Daudet/1884_Daudet_sapho_N.txt,— Qui est -ce ?,— qui être ce ?
508,Daudet/1884_Daudet_sapho_N.txt,"— André Dejoie ... J' y tenais à cause de la signature ... eut un « Garde -le , tu es libre » , si contraint , si malheureux , qu' elle prit le dessin , le jeta à le feu en chiffon , pendant que lui s' abîmait dans la correspondance de le romancier , une suite navrante , datée de plages d' hiver , de villes d' eaux , où l' écrivain envoyé pour sa santé se désespérait de sa détresse physique et morale , se forant le crâne pour y trouver une idée loin de Paris , et mêlait à de les demandes de potions , d' ordonnances , à de les inquiétudes d' argent ou de métier , envois d' épreuves , de billets renouvelés , toujours le même cri de désir et d' adoration vers ce beau corps de que les médecins lui défendaient .","— NP NP ... je y VIMP à NC de le NCmod ... avoir un "" NC ADJ , je être ADJ "" , si PPAS , si ADJ , que il VPS le NC , le VPS à le NC en NCmod , PHASE que lui se VIMP dans le NC de le NCmod , un NC ADJ , PPAS de NC de NCmod , de NC de NCmod , où le NCs PPAS pour DETPOSS NC se VSENT de DETPOSS NCSENT ADJ et ADJ , se PPRES le NCo pour y INF un NCo ADVLIEU de NP , et VIMP à de le NC de NCmod , de NC , à un le NCSENT de NCmod ou de NC , NC de NCmod , de NC PPAS , ADVTEMPS le même NC de NCSENT et de NCSENT vers ce ADJ NCCOR de que le NCs lui VIMP ."
509,Daudet/1884_Daudet_sapho_N.txt,"Jean murmurait , enragé et candide : — Mais qu' est -ce qu' ils avaient donc tous pour être après toi comme ça ?","NP VDIC , VSENT et ADJ : — mais que être ce que il avoir donc tout pour être PHASE soi comme ça ?"
510,Daudet/1884_Daudet_sapho_N.txt,"... C' était pour lui la seule signification de ces lettres désolées , confessant le désarroi d' une de ces existences glorieuses qu' envient les jeunes gens et dont rêvent les femmes romanesques ... Oui , qu' avaient -ils donc tous ?","... ce être pour lui le ADJ NC de ce NCmod ADJ , PPRES le NCSENT de un de ce NCmod ADJ que PRES le ADJ NCs et dont PRES le NCo ADJ ... oui , que avoir il donc tout ?"
511,Daudet/1884_Daudet_sapho_N.txt,Et que leur faisait -elle boire ?,et que lui faire il INF ?
512,Daudet/1884_Daudet_sapho_N.txt,"... éprouvait la souffrance atroce d' un homme qui , garrotté , verrait outrager devant lui la femme qu ' aime ; et , pourtant , ne pouvait se décider à vider d' un coup , les yeux fermés , ce fond de boîte .","... VSENT le NCSENT ADJ de un NCmod qui , NC , VCOND INF ADVLIEU lui le NCo que ' VSENT ; et , pourtant , ne pouvoir se INF à INF de un NC , le NCCOR ADJ , ce NC de NCmod ."
513,Daudet/1884_Daudet_sapho_N.txt,"À présent , venait le tour de le graveur qui , misérable , inconnu , sans autre célébrité que celle de la Gazette de les Tribunaux , ne devait sa place dans le reliquaire qu' à le grand amour qu' on avait eu pour lui .","à NC , venir le NCs de le NCmod qui , ADJ , ADJ , sans autre NCmod que celui de le NP de le NP , ne devoir DETPOSS NCo dans le NC que à le ADJ NCSENT que on avoir avoir pour lui ."
514,Daudet/1884_Daudet_sapho_N.txt,"Déshonorantes , ces lettres datées de Mazas , et niaises , gauches , sentimentales comme celles de le troupier à sa payse .","ADJ , ce NC PPAS de NP , et ADJ , ADJ , ADJ comme celui de le NCmod à DETPOSS NCmod ."
515,Daudet/1884_Daudet_sapho_N.txt,"Mais on y sentait , à travers les poncifs de romance , un accent de sincérité dans la passion , un respect de la femme , un oubli de soi-même qui le distinguait de les autres , ce forçat ; ainsi , quand demandait pardon à Fanny de le crime de l' avoir trop aimée , ou quand de le greffe de le Palais de Justice , tout de suite après sa condamnation , écrivait sa joie de savoir sa maîtresse acquittée et libre .","mais on y sentir , à travers le NCs de NCmod , un NC de NCSENT dans le NCSENT , un NC de le NCmod , un NC de soi-même qui le VCOG de le autre , ce NC ; ainsi , quand VIMP NCo à NP de le NCmod de le avoir trop VSENT , ou quand de le NC de le NCmod de NCmod , tout de NCmod PHASE DETPOSS NCmod , VIMP DETPOSS NCSENT de VCOG DETPOSS NCo ADJ et ADJ ."
516,Daudet/1884_Daudet_sapho_N.txt,"ne se plaignait de rien ; avait eu près d' elle , grâce à elle , deux ans d' un bonheur si plein , si profond , que le souvenir en suffirait pour remplir sa vie , adoucir l' horreur de son sort , et terminait par la demande d' un service : « Tu sais que j' ai un enfant à le pays , dont la mère est morte depuis longtemps ; vit chez une vieille parente , dans un coin si perdu qu' on n' y saura jamais rien de mon affaire .","ne se VIMP de rien ; avoir avoir ADVLIEU de il , ADV à il , NUM NCT de un NCSENT si ADJ , si ADJ , que le NCs en VCOND pour INF DETPOSS NCo , VSENT le NCo de DETPOSS NCmod , et VASP par le NC de un NCmod : "" je VCOG que je avoir un NCo à le NC , dont le NCspas être PPAS depuis longtemps ; VPS chez un ADJ NC , dans un NC si ADJ que on ne y VCOG ADVTEMPS rien de DETPOSS NCmod ."
517,Daudet/1884_Daudet_sapho_N.txt,"L' argent qui me restait , je le leur ai envoyé , disant que je partais très loin , en voyage , et c' est sur toi que je compte , ma bonne Nini , pour t' informer de temps en temps de ce petit malheureux et m' envoyer de ses nouvelles ... » Comme preuve de l' intérêt de Fanny , suivait une lettre de remerciements et une autre , toute récente , ayant à peine six mois de date : « Oh !","le NC qui me VIMP , je le lui avoir PPAS , VDIC que je VIMP très ADVLIEU , en NC , et ce être sur soi que je PRES , DETPOSS ADJ NP , pour lui INF de temps en temps de ce NCmod ADJ et se INF de DETPOSS NC ... "" comme NC de le NCSENT de NP , VIMP un NCo de NCmod et un autre , tout NC , avoir à NCSENT NUM NCT de NCmod : "" INTJ !"
518,Daudet/1884_Daudet_sapho_N.txt,"tu es bonne d' être venue ... Que tu étais belle , comme tu sentais bon , en face de ma veste de prisonnier dont j' avais si grand-honte !","je être ADJ de être venir ... que je être ADJ , comme je VIMP ADJ , en NC de DETPOSS NC de NCmod dont je avoir si ADJ !"
519,Daudet/1884_Daudet_sapho_N.txt,"... » Et Jean s' interrompait , furieux : — Tu as donc continué à le voir ?","... "" et NP se VIMP , ADJ : — je avoir donc PPAS à le VCOG ?"
520,Daudet/1884_Daudet_sapho_N.txt,"— De loin en loin , par charité ... — Même depuis que nous sommes ensemble ?","— de ADVLIEU en ADVLIEU , par NC ... — même depuis que nous être ensemble ?"
521,Daudet/1884_Daudet_sapho_N.txt,"— Oui , une fois , une seule , à le parloir ... on ne les voit que là .","— oui , un fois , un ADJ , à le NCmod ... on ne le VCOG que ADVLIEU ."
522,Daudet/1884_Daudet_sapho_N.txt,— Ah !,— INTJ !
523,Daudet/1884_Daudet_sapho_N.txt,"tu es une bonne fille ... Cette idée que , malgré leur liaison , elle visitait ce faussaire , l' exaspérait plus que tout .","je être un ADJ NC ... ce NCs que , malgré lui NC , il VIMP ce NCo , le VSENT plus que tout ."
524,Daudet/1884_Daudet_sapho_N.txt,"était trop fier pour le dire ; mais un paquet de lettres , le dernier , noué d' une faveur bleue sur de les petits caractères fins et penchés , une écriture de femme , déchaîna toute sa colère .","être trop ADJ pour le VDIC ; mais un NC de NCmod , le NC , PPAS de un NC ADJCOL sur de le ADJ NCmod ADJ et ADJ , un NC de NCmod , VPS tout DETPOSS NCSENT ."
525,Daudet/1884_Daudet_sapho_N.txt,"— Je change de tunique après la course de les chars ... viens dans ma loge ... — Non , non ... ne lis pas ça ... Elle sautait sur lui , arrachait et jetait à le feu toute la liasse , sans qu ' eût compris d' abord même en la voyant à ses genoux , empourprée de le reflet de la flamme et de la honte de son aveu : — J' étais jeune , c' est Caoudal ... ce grand fou ... Je faisais ce qu' voulait .","— je PRES de NC PHASE le NCmod de le NCmod ... NC dans DETPOSS NCmod ... — non , non ... ne PRES pas ça ... il VIMP sur lui , VIMP et VIMP à le NC tout le NCo , sans que ' avoir VCOG de NC même en le VCOG à DETPOSS NCCOR , PPAS de le NC de le NCmod et de le NCSENT de DETPOSS NCmod : — je être ADJ , ce être NP ... ce ADJ NC ... je faire ce que vouloir ."
526,Daudet/1884_Daudet_sapho_N.txt,"Alors seulement comprit , devint très pâle .","alors seulement VCOG , devenir très ADJ ."
527,Daudet/1884_Daudet_sapho_N.txt,— Ah !,— INTJ !
528,Daudet/1884_Daudet_sapho_N.txt,"oui ... ... toute la lyre ... Et la repoussant de le pied , comme une bête immonde : — Laisse-moi , ne me touche pas , tu me soulèves le cœur ... Son cri se perdit dans un effroyable grondement de tonnerre , tout proche et prolongé , en même temps qu' une lueur vive éclairait la chambre ... Le feu !","oui ... ... tout le NC ... et le PPRES de le NCCOR , comme un ADJ NC : — NP , ne me PRES pas , je me ADJ le NCo ... DETPOSS NCs se VPS dans un ADJ NC de NCmod , tout ADJ et PPAS , en même temps que un NCs ADJ VIMP le NCo ... le NC !"
529,Daudet/1884_Daudet_sapho_N.txt,"... Elle se dressa épouvantée , prit machinalement la carafe restée sur la table , la vida sur cet amas de papiers dont la flamme embrasait les suies de le dernier hiver , puis le pot à l' eau , les cruches , et se voyant impuissante , de les flammèches voletant jusqu' à le milieu de la chambre , elle courut à le balcon en criant : — À le feu !","... il se DETPOSS NCs , VPS ADV le NCo PPAS sur le NC , le VPS sur ce NC de NCmod dont le NCs VSENT le NCo de le ADJ NCmod , puis le NC à le NCmod , le NC , et se VCOG ADJ , de le NC PPRES jusque à le milieu de le NCmod , il VPS à le NC en VDIC : — à le NC !"
530,Daudet/1884_Daudet_sapho_N.txt,à le feu !,à le NCmod !
531,Daudet/1884_Daudet_sapho_N.txt,"Les Hettéma arrivèrent les premiers , ensuite le concierge , les sergents de ville .","le NP VPS le ADJ , PHASE le NC , le NC de NCmod ."
532,Daudet/1884_Daudet_sapho_N.txt,On criait : — Baissez la plaque !,on VDIC : — IMP le NCo !
533,Daudet/1884_Daudet_sapho_N.txt,... montez sur le toit !,... IMP sur le NC !
534,Daudet/1884_Daudet_sapho_N.txt,"... De l' eau , de l' eau !","... de le NC , de le NCmod !"
535,Daudet/1884_Daudet_sapho_N.txt,"... non , une couverture !","... non , un NCmod !"
536,Daudet/1884_Daudet_sapho_N.txt,"... Atterrés , ils regardaient leur intérieur envahi et souillé ; puis , l' alerte finie , le feu éteint , quand le noir attroupement en bas , sous le gaz de la rue , se fut dissipé , les voisins rassurés , rentrés chez eux , les deux amants à le milieu de ce gâchis d' eau , de suie en boue , de meubles renversés et ruisselants , se sentirent écœurés et lâches , sans force pour reprendre la querelle ni faire la chambre propre autour d' eux .","... PPAS , il VCOG lui NCo PPAS et PPAS ; puis , le ADJ NCs , le NC PPAS , quand le NCs ADV en NCmod , sous le NCmod de le NCmod , se être VSENT , le NC VSENT , PPAS chez eux , le NUM NC à le milieu de ce NCmod de NCmod , de NC en NCmod , de NC ADJ et ADJ , se sentir NC et NC , sans NCSENT pour INF le NCo ni faire le NCo ADJ ADV de eux ."
537,Daudet/1884_Daudet_sapho_N.txt,"Quelque chose de sinistre et de bas venait d' entrer dans leur vie ; et , ce soir -là , oubliant leurs répugnances anciennes , ils allèrent coucher à l' hôtel .","quelque chose de NCmod et de NC venir de INF dans lui NC ; et , ce NCT ADVLIEU , VCOG DETPOSS NCSENT ADJ , il aller INF à le NC ."
538,Daudet/1884_Daudet_sapho_N.txt,Le sacrifice de Fanny ne devait servir à rien .,le NCs de NP ne devoir INF à rien .
539,Daudet/1884_Daudet_sapho_N.txt,"De ces lettres disparues , brûlées , de les phrases entières retenues par cœur hantaient la mémoire de l' amoureux , lui montaient à le visage en coups de sang comme certains passages de mauvais livres .","de ce NC ADJ , PPAS , de le NC ADJ PPAS par NC VIMP le NCo de le NCmod , lui VIMP à le NCCOR en NC de NCCOR comme certain NC de ADJ NCmod ."
540,Daudet/1884_Daudet_sapho_N.txt,Et ces anciens amants de sa maîtresse étaient presque tous de les hommes célèbres .,et ce ADJ NCs de DETPOSS NCmod être presque tout de le NCmod ADJ .
541,Daudet/1884_Daudet_sapho_N.txt,"Les morts se survivaient ; les vivants , on voyait leurs portraits et leurs noms partout , on parlait d' eux devant lui , et chaque fois éprouvait une gêne , comme d' un lien de famille douloureusement rompu .","le NCs se VIMP ; le NC , on VCOG DETPOSS NCo et DETPOSS NC ADV , on VIMP de eux ADVLIEU lui , et chaque fois VSENT un NCSENT , comme de un NC de NCmod ADV PPAS ."
542,Daudet/1884_Daudet_sapho_N.txt,"Le mal lui affinant l' esprit et les yeux , arrivait bientôt à retrouver chez Fanny la trace de les influences premières , et les mots , les idées , les habitudes qu' elle en avait gardés .","le mal lui PPRES le NCo et le NCCOR , VIMP bientôt à INF chez NP le NCo de le NCmod ADJ , et le NC , le NC , le NC que il en avoir PPAS ."
543,Daudet/1884_Daudet_sapho_N.txt,"Cette façon d' avancer le pouce comme pour façonner , pétrir l' objet dont elle parlait avec un « Tu vois ça d' ... » appartenait à le sculpteur .","ce façon de INF le NCCOR comme pour INF , INF le NCo dont il VIMP avec un "" je NUM ça de ... "" VIMP à le NC ."
544,Daudet/1884_Daudet_sapho_N.txt,"À Dejoie , elle avait pris la manie de les queues de mots , et les chansons populaires dont avait publié un recueil , célèbre à tous les coins de la France ; à La Gournerie , son intonation hautaine et méprisante , la sévérité de ses jugements sur la littérature moderne .","à NP , il avoir PPAS le NCo de le NCmod de NCmod , et le NC ADJ dont avoir PPAS un NCs , ADJ à tout le NC de le NP ; à le NP , DETPOSS NC ADJ et ADJ , le NC de DETPOSS NCmod sur le NCmod ADJ ."
545,Daudet/1884_Daudet_sapho_N.txt,"Elle s' était assimilé tout cela , superposant les disparates , par ce même phénomène de stratification qui permet de connaître l' âge et les révolutions de la terre à ses différentes couches géologiques ; et , peut-être , n' était -elle pas aussi intelligente qu' elle lui avait semblé d' abord .","il se être PPAS tout cela , PPRES le NCo , par ce même NC de NCmod qui permettre de INF le NCo et le NC de le NCmod à DETPOSS ADJ NC ADJ ; et , peut-être , ne être il pas aussi ADJ que il lui avoir sembler de NC ."
546,Daudet/1884_Daudet_sapho_N.txt,"Mais s' agissait bien d' intelligence ; sotte comme pas une , vulgaire et de ans plus vieille encore , elle l' eût tenu par la force de son passé , par cette jalousie basse qui le rongeait et dont ne taisait plus les irritations ni les rancœurs , éclatant à tout propos contre l' un et l' autre .","mais se VIMP bien de NC ; NC comme pas un , ADJ et de NCT plus ADJ encore , il le avoir PPAS par le NCSENT de DETPOSS NCmod , par ce NC ADJ qui le VSENT et dont ne VIMP plus le NCSENT ni le NC , PPRES à tout NC contre le un et le autre ."
547,Daudet/1884_Daudet_sapho_N.txt,"Les romans de Dejoie ne se vendaient plus , toute l' édition traînait le quai à vingt-cinq centimes .","le NCs de NP ne se VIMP plus , tout le NCs VIMP le NCo à NUM NC ."
548,Daudet/1884_Daudet_sapho_N.txt,"Et ce vieux fou de Caoudal s' entêtant à l' amour à son âge ... — Tu sais qu ' n' a plus de dents ... Je le regardais à ce déjeuner de Ville d' Avray ... mange comme les chèvres , sur le devant de la bouche .","et ce ADJ NCs de NP se PPRES à le NCSENT à DETPOSS NC ... — je VCOG que ' ne avoir plus un NCCOR ... je le VCOG à ce NC de NP de NP ... PRES comme le NC , sur le ADVLIEU de le NCCOR ."
549,Daudet/1884_Daudet_sapho_N.txt,Fini aussi le talent .,PPAS aussi le NCo .
550,Daudet/1884_Daudet_sapho_N.txt,"Quel four , sa Faunesse de le dernier Salon !","quel NC , DETPOSS NC de le ADJ NP !"
551,Daudet/1884_Daudet_sapho_N.txt,"Ça ne tenait pas ... Un mot qui lui venait d' elle , « Ça ne tenait pas ... » et qu' elle-même gardait de le sculpteur .","ça ne VIMP pas ... un NCs qui lui venir de il , "" ça ne VIMP pas ... "" et que elle-même VIMP de le NC ."
552,Daudet/1884_Daudet_sapho_N.txt,"Quand entreprenait ainsi un de ses rivaux de le temps passé , Fanny faisait chorus pour lui plaire ; et l' on aurait entendu ce gamin ignorant de l' art , de la vie , de tout , et cette fille superficielle , frottée d' un peu d' esprit à ces artistes fameux , les juger de haut , les condamner doctoralement .","quand VIMP ainsi un de DETPOSS NCmod de le temps PPAS , NP faire PPAS pour lui INF ; et l' on avoir VCOG ce NCo PPRES de le NC , de le NC , de tout , et ce NC ADJ , PPAS de un peu de NCmod à ce NCmod ADJ , le INF de NC , le INF ADVMAN ."
553,Daudet/1884_Daudet_sapho_N.txt,"Mais l' ennemi intime de Gaussin , c' était Flamant le graveur .","mais le NC ADJ de NP , ce être PPRES le NCo ."
554,Daudet/1884_Daudet_sapho_N.txt,"De celui-là , savait seulement qu ' était très beau , blond comme lui , qu' on lui disait « m' ami » , qu' on allait le voir en cachette , et que lorsqu ' l' attaquait comme les autres , l' appelant « le Forçat sentimental » ou « le Joli réclusionnaire » , Fanny détournait la tête sans un mot .","de celui-là , VCOG seulement que ' être très ADJ , ADJCOL comme lui , que on lui VDIC "" le ADJ "" , que on aller le VCOG en NC , et que lorsque ' le VIMP comme le autre , le PPRES "" le NP ADJ "" ou "" le NP ADJ "" , NP VIMP le NCCOR sans un NC ."
555,Daudet/1884_Daudet_sapho_N.txt,"Bientôt accusa sa maîtresse de garder une indulgence pour ce bandit , et elle dut s' en expliquer doucement , mais avec une certaine fermeté .","bientôt VDIC DETPOSS NCo de INF un NCSENT pour ce NC , et il devoir se en VDIC ADVMAN , mais avec un ADJ NCSENT ."
556,Daudet/1884_Daudet_sapho_N.txt,"— Tu sais bien que je ne l' aime plus , Jean , puisque je t' aime ... Je ne vais plus là-bas , je ne réponds pas à ses lettres ; mais tu ne me feras jamais dire de le mal de l' homme qui m' a adorée jusqu' à la folie , jusqu' à le crime ... à cet accent de franchise , ce qu' y avait de meilleur en elle , Jean ne protestait pas , mais souffrait d' une haine jalouse , aiguisée d' inquiétude , qui le ramenait parfois rue d' Amsterdam en surprise , à le milieu de le jour .","— je PRES bien que je ne le VSENT plus , NP , puisque je lui VSENT ... je ne aller plus ADVLIEU , je ne VDIC pas à DETPOSS NC ; mais je ne me ADJ ADVTEMPS VDIC de le mal de le NCmod qui le avoir VSENT jusque à le NC , jusque à le NCmod ... à ce NC de NCmod , ce que y avoir de meilleur en il , NP ne VDIC pas , mais VIMP de un VSENT ADJ , PPAS de NCSENT , qui le VIMP ADVTEMPS NC de NP en NCSENT , à le milieu de le NCT ."
557,Daudet/1884_Daudet_sapho_N.txt,« Si elle était allée le voir !,""" si il être aller le VCOG !"
558,Daudet/1884_Daudet_sapho_N.txt,"» la trouvait toujours là , casanière , inactive dans leur petit logis comme une femme d' Orient , ou bien à le piano , donnant une leçon de chant à leur grosse voisine , madame Hettéma .",""" le VIMP ADVTEMPS ADVLIEU , NCs , ADJ dans lui ADJ NC comme un NCmod de NP , ou bien à le NC , PPRES un NCo de NCmod à lui ADJ NC , madame NP ."
559,Daudet/1884_Daudet_sapho_N.txt,"On s' était lié depuis le soir de le feu avec ces bonnes gens , placides et pléthoriques , vivant dans un perpétuel courant d' air , portes et fenêtres ouvertes .","on se être PPAS depuis le NCT de le NCmod avec ce ADJ NC , ADJ et ADJ , PPRES dans un ADJ NC de NCMAN , NC et NC ADJ ."
560,Daudet/1884_Daudet_sapho_N.txt,"Le mari , dessinateur à le Musée d' artillerie , apportait de la besogne chez lui , et chaque soir de la semaine , le dimanche toute la journée , on le voyait penché sur sa large table à tréteaux , suant , soufflant , en bras de chemise , secouant ses manches pour y faire circuler l' air , de la barbe jusque dans les yeux .","le NCs , NC à le NCmod de NCmod , VIMP de le NC chez lui , et chaque NCT de le NCmod , le ADVT tout le NCT , on le VCOG PPAS sur DETPOSS ADJ NC à NCmod , PPRES , PPRES , en NCCOR de NCmod , PPRES DETPOSS NCo pour y faire INF le NCMAN , de le NCCOR jusque dans le NCCOR ."
561,Daudet/1884_Daudet_sapho_N.txt,"Près de lui , sa grosse femme en camisole s' évaporait aussi , quoiqu' elle ne fît jamais rien ; et , pour se rafraîchir le sang , ils entamaient de temps en temps un de leurs duos favoris .","ADVLIEU de lui , DETPOSS ADJ NCs en NCmod se VIMP aussi , quoique il ne PRES ADVTEMPS rien ; et , pour se INF le NCCOR , il VIMP de temps en temps un de DETPOSS NCmod ADJ ."
562,Daudet/1884_Daudet_sapho_N.txt,L' intimité s' établit vite entre les deux ménages .,le NCs se PRES ADV entre le NUM NC .
563,Daudet/1884_Daudet_sapho_N.txt,"Le matin , vers heures , la forte voix d' Hettéma criait devant la porte : « Y êtes-vous , Gaussin ?","le NCT , vers NCT , le fort NCMAN de NP VDIC ADVLIEU le NC : "" y êtes-vous , NP ?"
564,Daudet/1884_Daudet_sapho_N.txt,"» Et leurs bureaux se trouvant de le même côté , ils faisaient route ensemble .",""" et DETPOSS NCs se PPRES de le même NC , il faire NCo ensemble ."
565,Daudet/1884_Daudet_sapho_N.txt,"Bien lourd , bien vulgaire , de quelques degrés sociaux plus bas que son jeune compagnon , le dessinateur parlait peu , bredouillait comme s ' avait eu autant de barbe dans la bouche que sur les joues ; mais on le sentait brave homme , et le désarroi moral de Jean avait besoin de ce contact -là .","bien ADJ , bien ADJ , de quelque NC ADJ plus ADJ que DETPOSS ADJ NC , le NCs VIMP peu , VDIC comme s ' avoir avoir autant de NCCOR dans le NCCOR que sur le NC ; mais on le sentir ADJ NC , et le NCSENT ADJ de NP avoir NCo de ce NCmod ADVLIEU ."
566,Daudet/1884_Daudet_sapho_N.txt,"y tenait surtout à cause de sa maîtresse vivant dans une solitude peuplée de souvenirs et de regrets plus dangereux peut-être que les relations à lesquelles elle avait volontairement renoncé , et qui trouvait dans madame Hettéma , sans cesse préoccupée de son homme , et de la surprise gourmande qu' elle lui ferait pour dîner , et de la romance nouvelle qu' elle lui chanterait à le dessert , une relation honnête et saine .","y VIMP surtout à NC de DETPOSS NCmod PPRES dans un NC PPAS de NC et de NCSENT plus ADJ peut-être que le NC à lequel il avoir ADV PPAS , et qui VIMP dans madame NP , sans NC VSENT de DETPOSS NC , et de le NCSENT ADJ que il lui faire pour INF , et de le NC ADJ que il lui VCOND à le NC , un NCo ADJ et ADJ ."
567,Daudet/1884_Daudet_sapho_N.txt,"Pourtant , quand l' amitié se resserra jusqu' à de les invitations réciproques , un scrupule lui vint .","pourtant , quand le NCs se VF jusque à un le NC ADJ , un NCs lui venir ."
568,Daudet/1884_Daudet_sapho_N.txt,"Ces gens devaient les croire mariés , sa conscience se refusait à le mensonge , et chargea Fanny de prévenir la voisine , pour qu ' n' y eût pas de malentendu .","ce NCs devoir le VCOG ADJ , DETPOSS NCs se VIMP à le NC , et VPS NP de INF le NCo , pour que ' ne y avoir pas un NCo ."
569,Daudet/1884_Daudet_sapho_N.txt,Cela la fit beaucoup rire ... Pauvre bébé !,cela le faire beaucoup ADV ... NP NUM !
570,Daudet/1884_Daudet_sapho_N.txt,n' y avait que lui pour de les naïvetés pareilles ... — Mais ils ne l' ont pas cru une minute que nous étions mariés ... Et ce qu' ils s' en moquent !,ne y avoir que lui pour de le NC ADJ ... — mais il ne le avoir pas PPAS un NCT que nous être PPAS ... et ce que il se en PRES !
571,Daudet/1884_Daudet_sapho_N.txt,"... Si tu savais où a été prendre sa femme ... Tout ce que j' ai fait , moi , c' est de la Saint-Jean à côté .","... si je VCOG où avoir être INF DETPOSS NC ... tout ce que je avoir faire , soi , ce être de le NP à NC ."
572,Daudet/1884_Daudet_sapho_N.txt,"ne l' a épousée que pour l' avoir à lui tout seul , et tu vois que le passé ne le gêne guère ... n' en revenait pas .","ne le avoir PPAS que pour le avoir à lui tout ADJ , et je ADV que le NCs ne le PRES guère ... ne en VIMP pas ."
573,Daudet/1884_Daudet_sapho_N.txt,"Une ancienne , cette bonne mère à les yeux clairs , à le petit rire d' enfant sur de les traits de chair tendre , à les provincialismes traînards , et pour qui les romances n' étaient jamais assez sentimentales , ni les mots trop distingués ; et lui , l' homme , si tranquille , si sûr dans son bien-être amoureux !","un NCmod , ce ADJ NC à le NCCOR ADJ , à le ADJ NCMAN de NCmod sur de le NCmod de INF INF , à le ADJ NC , et pour qui le NCs ne être ADVTEMPS ADV ADJ , ni le NC trop VCOG ; et lui , le NC , si ADJ , si ADV dans DETPOSS NCSENT ADJ !"
574,Daudet/1884_Daudet_sapho_N.txt,"le regardait marcher à son côté , la pipe à les dents , avec de petits souffles de béatitude , pendant que lui-même songeait toujours , se dévorait de rage impuissante .","le VCOG INF à DETPOSS NC , le NCo à le NCCOR , avec un ADJ NC de NCSENT , PHASE que soi-même VIMP ADVTEMPS , se VSENT de NCSENT ADJ ."
575,Daudet/1884_Daudet_sapho_N.txt,"« Ça te passera , m' ami ... » lui disait doucement Fanny à les heures où l' on se dit tout ; et elle l' apaisait , tendre et charmante comme à le premier jour , mais avec quelque chose d' abandonné , que Jean ne savait définir .",""" ça me VF , le NCs ... "" lui VDIC ADVMAN NP à le NCT où l' on se VDIC tout ; et il le VSENT , INF et ADJ comme à le ADJ NCT , mais avec quelque chose de NCmod , que NP ne VCOG INF ."
576,Daudet/1884_Daudet_sapho_N.txt,"C' était l' allure plus libre et la façon de s' exprimer , une conscience de son pouvoir , de les confidences bizarres et qu ' ne lui demandait pas sur sa vie passée , ses débauches anciennes , ses folies de curiosité .","ce être le NCMAN plus ADJ et le façon de se INF , un NC de DETPOSS pouvoir , de le NC ADJ et que ' ne lui VIMP pas sur DETPOSS NC PPAS , DETPOSS NC ADJ , DETPOSS NC de NCSENT ."
577,Daudet/1884_Daudet_sapho_N.txt,"Elle ne se privait plus de fumer maintenant , roulant entre ses doigts , posant sur tous les meubles l' éternelle cigarette qui aveulit la journée de les filles , et dans leurs discussions elle émettait sur la vie , l' infamie de les hommes , la coquinerie de les femmes , les théories les plus cyniques .","il ne se VIMP plus de INF ADVT , PPRES entre DETPOSS NCCOR , PPRES sur tout le NC le ADJ NCo qui PRES le NCT de le NCmod , et dans DETPOSS NC il VIMP sur le NC , le NC de le NCmod , le NC de le NCmod , le NC le plus ADJ ."
578,Daudet/1884_Daudet_sapho_N.txt,"Jusqu' à ses yeux , dont l' expression changeait , alourdis d' une buée d' eau dormante , où passait l' éclair d' un rire libertin .","jusque à DETPOSS NCCOR , dont le NCs VIMP , ADV de un NC de NCmod ADJ , où VIMP le NCs de un NCMAN ADJ ."
579,Daudet/1884_Daudet_sapho_N.txt,Et l' intimité de leur tendresse se transformait aussi .,et le NCs de lui NCSENT se VIMP aussi .
580,Daudet/1884_Daudet_sapho_N.txt,"D' abord réservée avec la jeunesse de son amant dont elle respectait l' illusion première , la femme ne se gênait plus après avoir vu l' effet , sur cet enfant , de son passé de débauche brusquement découvert , la fièvre de marécage dont elle lui avait allumé le sang .","de NC PPAS avec le NC de DETPOSS NCmod dont il VIMP le NCo ADJ , le NCs ne se VSENT plus PHASE avoir VCOG le NCo , sur ce NC , de DETPOSS NC de NCmod ADV VCOG , le VSENT de NCmod dont il lui avoir PPAS le NCCOR ."
581,Daudet/1884_Daudet_sapho_N.txt,"Et les caresses perverses si longtemps retenues , tous ces mots de délire que ses dents serrées arrêtaient à le passage , elle les lâchait à présent , s' étalait , se livrait dans son plein de courtisane amoureuse et savante , dans toute la gloire horrible de .","et le NCs ADJ si longtemps PPAS , tout ce NC de INF que DETPOSS NCCOR ADJ VIMP à le NC , il le VIMP à NC , se VIMP , se VIMP dans DETPOSS NC de NCmod ADJ et ADJ , dans tout le NC ADJ de ."
582,Daudet/1884_Daudet_sapho_N.txt,"Pudeur , réserve , à quoi bon ?","NC , NC , à quoi ADJ ?"
583,Daudet/1884_Daudet_sapho_N.txt,"Les hommes sont tous pareils , enragés de vice et de corruption , ce petit -là comme les autres .","le NCs être tout NC , VSENT de NC et de NC , ce VPS ADVLIEU comme le autre ."
584,Daudet/1884_Daudet_sapho_N.txt,"Les appâter avec ce qu' ils aiment , c' est encore le meilleur moyen de les tenir .","le VSENT avec ce que il VSENT , ce être encore le meilleur NC de le INF ."
585,Daudet/1884_Daudet_sapho_N.txt,"Et ce qu' elle savait , ces dépravations de le plaisir qu' on lui avait inoculées , Jean les apprenait à son tour pour les passer à d' autres .","et ce que il VCOG , ce NCs de le NCSENT que on lui avoir PPAS , NP le VCOG à DETPOSS NC pour le INF à un autre ."
586,Daudet/1884_Daudet_sapho_N.txt,"Ainsi le poison va , se propage , brûlure de corps et d' âme , semblable à ces flambeaux dont parle le poète latin , et qui couraient de main en main par le stade .","ainsi le NCs aller , se PRES , NC de NCCOR et de NC , ADJ à ce NC dont PRES le NCs ADJ , et qui VIMP de NCCOR en NCCOR par le NC ."
587,Daudet/1884_Daudet_sapho_N.txt,"Table de les matières Dans leur chambre , à côté d' un beau portrait de Fanny par James Tissot , une épave de les anciennes splendeurs de la fille , y avait un paysage de le , tout noir et blanc , grossièrement rendu sous le soleil par un photographe de campagne .","ADJ de le NC dans lui NC , à NC de un ADJ NC de NP par NP NP , un NC de le ADJ NCmod de le NCmod , y avoir un NCo de le , tout ADJ et ADJCOL , ADVMAN PPAS sous le NC par un NC de NCmod ."
588,Daudet/1884_Daudet_sapho_N.txt,"Une côte rocheuse escaladée de vignes , étayée de muretins de pierre , puis en haut , derrière de les files de cyprès contre le vent de le nord , et s' accotant à un petit bois de pins et de myrtes à les clairs reflets , la grande maison blanche , moitié ferme et moitié château , large perron , toiture italienne , portes écussonnées , que continuaient les murailles rousses de le mas provençal , les perchoirs pour les paons , la crèche à les troupeaux , la baie noire de les hangars ouverts sur le luisant de les charrues et de les herses .","un NC ADJ PPAS de NC , PPAS de NC de NCmod , puis en NC , ADVLIEU de le NCmod de NCmod contre le NCmod de le NCmod , et se PPRES à un ADJ NC de NCmod et de NC à le NC NCmod , le ADJ NCo ADJCOL , NC ADJ et PPAS NC , ADJ NC , NC ADJ , NC ADJ , que VIMP le NCs ADJ de le NCmod ADJ , le NC pour le NCmod , le NC à le NCmod , le NC ADJ de le NCmod ADJ sur le NCmod de le NCmod et de le NC ."
589,Daudet/1884_Daudet_sapho_N.txt,"La ruine d' anciens remparts , une tour énorme , déchiquetée sur un ciel sans nuage , dominait le tout , avec quelques toits et le clocher roman de Châteauneuf-des-Papes où les Gaussin d' Armandy avaient habité de tout temps .","le NCs de ADJ NCmod , un NC ADJ , PPAS sur un NC sans NCmod , VIMP le tout , avec quelque NC et le NC ADJ de NP où le NP de NP avoir PPAS de tout temps ."
590,Daudet/1884_Daudet_sapho_N.txt,"Castelet , clos et domaine , riche de ses vignobles fameux comme ceux de la Nerte et de l' Ermitage , se transmettait de père en fils , indivis entre tous les enfants , mais toujours le cadet faisait valoir , par cette tradition familiale d' envoyer l' aîné dans les consulats .","NP , NC et NC , ADJ de DETPOSS NC ADJ comme celui de le NP et de le NP , se VIMP de NC en NC , ADJ entre tout le NC , mais ADVTEMPS le NC faire INF , par ce NC ADJ de INF le NCo dans le NC ."
591,Daudet/1884_Daudet_sapho_N.txt,"Malheureusement la nature contrecarre souvent ces projets ; et s' y eut jamais un être incapable de gérer un domaine , de gérer n' importe quoi , c' était bien Césaire Gaussin , à qui incombait à vingt-quatre ans cette lourde responsabilité .","malheureusement le NCs PRES ADVTEMPS ce NCo ; et se y avoir ADVTEMPS un être ADJ de INF un NCo , de INF ne PRES quoi , ce être bien NP NP , à qui VIMP à NUM NCT ce ADJ NCo ."
592,Daudet/1884_Daudet_sapho_N.txt,"Libertin , coureur de tripots et de guilledoux villageois , Césaire , ou plutôt le Fénat , le vaurien , le mauvais drôle , pour lui garder son surnom de jeunesse , accentuait ce type contradictoire qui apparaît de loin en loin dans les familles les plus austères , dont est comme la soupape d' échappement .","NP , NC de NCmod et de NC ADJ , NP , ou plutôt le NC , le NC , le NC ADJ , pour lui INF DETPOSS NCo de NCmod , VIMP ce NCo ADJ qui PRES de ADVLIEU en ADVLIEU dans le NC le plus ADJ , dont être comme le NC de NCmod ."
593,Daudet/1884_Daudet_sapho_N.txt,"En quelques années d' incurie , de dilapidations imbéciles , de bouillottes désastreuses à les cercles d' Avignon et d' Orange , le clos fut hypothéqué , les caves de réserve mises à sec , les récoltes à venir vendues d' avance ; puis un jour , à la veille d' une saisie définitive , le Fénat imita la signature de son frère , fit trois traites payables à le consulat de Shanghai , persuadé qu' avant l' échéance trouverait l' argent pour les retirer ; mais elles arrivèrent régulièrement à l' aîné avec une lettre éperdue avouant la ruine et les faux .","en quelque NCT de NCmod , de NC ADJ , de NC ADJ à le NCmod de NP et de NP , le NCspas être PPAS , le NC de NCmod mettre à NC , le NC à venir NCo de NCmod ; puis un NCT , à le NC de un NCmod ADJ , le NP VPS le NCo de DETPOSS NCmod , faire NUM NCo ADJ à le NC de NP , PPAS que PHASE le NC VCOND le NCo pour le INF ; mais il VPS ADVTEMPS à le NC avec un NC ADJ VDIC le NCo et le NC ."
594,Daudet/1884_Daudet_sapho_N.txt,"Le consul accourut à Châteauneuf , remédia à cette situation désespérée , à l' aide de ses économies et de la dot de sa femme , et voyant l' incapacité de le Fénat , renonça à la « carrière » qui s' ouvrait pourtant brillante devant lui et se fit simplement vigneron .","le NCs VPS à NP , VPS à ce NC VSENT , à le NC de DETPOSS NCmod et de le NC de DETPOSS NCmod , et VCOG le NCo de le NP , VPS à le "" NC "" qui se VCOND pourtant ADJ ADVLIEU lui et se faire ADVMAN ADV ."
595,Daudet/1884_Daudet_sapho_N.txt,"Un vrai Gaussin , celui-là , traditionnel jusqu' à la manie , violent et calme , à la façon de les volcans éteints qui gardent de les menaces et de les réserves d' éruption , laborieux avec cela , très entendu à la culture .","un vrai NP , celui-là , ADJ jusque à le NCmod , ADJ et NCSENT , à le façon de le NCmod ADJ qui PRES de le NC et de le NC de NCmod , ADV avec cela , très VCOG à le NC ."
596,Daudet/1884_Daudet_sapho_N.txt,"Grâce à lui , Castelet prospéra , s' agrandit de toutes les terres jusqu' à le Rhône , et , comme les chances humaines vont toujours par compagnie , le petit Jean fit son apparition sous les myrtes de le domaine .","ADV à lui , NP VPS , se PRES de tout le NC jusque à le NP , et , comme le NC ADJ aller ADVTEMPS par NC , le ADJ NP faire DETPOSS NCo sous le NC de le NCmod ."
597,Daudet/1884_Daudet_sapho_N.txt,"Pendant ce temps , le Fénat errait par la maison , anéanti sous le poids de sa faute , osant à peine lever les yeux vers son frère dont le méprisant silence l' accablait ; ne respirait qu' à les champs , à la chasse , à la pêche , fatiguant son chagrin à d' ineptes besognes , ramassant de les escargots , se taillant de les cannes superbes de myrte ou de roseau , et déjeunant tout seul dehors d' une brochette de becs fins qu ' cuisait , sur un feu de souches d' oliviers , à le milieu de la garrigue .","PHASE ce temps , le NP VIMP par le NC , PPAS sous le NC de DETPOSS NCmod , PPRES à NCSENT INF le NCCOR vers DETPOSS NC dont le ADJ NCs le VSENT ; ne VIMP que à le NC , à le NC , à le NC , VSENT DETPOSS NCSENT à un ADJ NC , PPRES de le NC , se PPRES de le NC ADJ de NCmod ou de NC , et PPRES tout ADJ NCo de un NCmod de NCmod ADJ que ' VIMP , sur un NC de NCmod de NCmod , à le milieu de le NCmod ."
598,Daudet/1884_Daudet_sapho_N.txt,"Le soir , rentré pour dîner à la table fraternelle , ne prononçait pas un mot , malgré l' indulgent sourire de sa belle-sœur , pitoyable à le pauvre être et le fournissant d' argent de poche , en cachette de son mari qui tenait rigueur à le Fénat , moins pour ses sottises passées que pour toutes celles à commettre ; et en effet la grande incartade réparée , l' orgueil de Gaussin l' aîné fut mis à une nouvelle épreuve .","le NCT , PPAS pour INF à le NC ADJ , ne VIMP pas un NCo , malgré le ADJ NCMAN de DETPOSS NCmod , ADJ à le ADJ être et le PPRES de NC de NCmod , en NC de DETPOSS NCmod qui VIMP NCo à le NP , moins pour DETPOSS NC PPAS que pour tout celui à INF ; et en NC le ADJ NC PPAS , le NCSENT de NP le NC être mettre à un ADJ NC ."
599,Daudet/1884_Daudet_sapho_N.txt,"Trois fois par semaine , venait en journée de couture , à Castelet , une jolie fille de pêcheurs , Divonne Abrieu , née dans l' oseraie à le bord de le Rhône , vraie plante fluviale à la tige ondulante et longue .","NUM fois par NCmod , venir en NCT de NCmod , à NP , un ADJ NC de NCmod , NP NP , PPAS dans le NC à le NC de le NP , vrai NC ADJ à le NCmod ADJ et ADJ ."
600,Daudet/1884_Daudet_sapho_N.txt,"Sous sa catalane à trois pièces enserrant sa petite tête et dont les brides rejetées laissaient admirer l' attache de le cou légèrement bistré comme le visage , jusqu' à les névés délicats de la gorge et de les épaules , elle faisait songer à quelque done de les anciennes cours d' amour jadis tenues tout autour de Châteauneuf , à Courthezon , à Vacqueiras , dans ces vieux donjons dont les ruines s' effritent par les collines .","sous DETPOSS NC à NUM NCmod PPRES DETPOSS ADJ NCCOR et dont le NCs PPAS VIMP VSENT le NCo de le NCCOR ADVINT PPAS comme le NCCOR , jusque à le ADJ NC de le NCCOR et de le NCCOR , il faire INF à quelque NC de le ADJ NCmod de NCSENT ADV PPAS tout ADV de NP , à NP , à NP , dans ce ADJ NC dont le NCs se PRES par le NC ."
601,Daudet/1884_Daudet_sapho_N.txt,"Ce souvenir historique n' était pour rien dans l' amour de Césaire , âme simple , dénuée d' idéal et de lecture ; mais , de petite taille , aimait les femmes grandes et fut pris dès le premier jour .","ce NCs ADJ ne être pour rien dans le NCSENT de NP , NC ADJ , PPAS de NC et de NC ; mais , de ADJ NC , VSENT le NCo ADJ et être PPAS dès le ADJ NCT ."
602,Daudet/1884_Daudet_sapho_N.txt,"s' y entendait , le Fénat , à ces aventures villageoises ; une contredanse à le bal le dimanche , un cadeau de gibier , puis à la première rencontre en pleins champs la vive attaque à la renverse , sur la lavande ou le paillis .","se y VCOG , le NP , à ce NC ADJ ; un NC à le NCmod le ADVT , un NC de NCmod , puis à le ADJ NC en ADJ NCmod le ADJ NC à le NCmod , sur le NCmod ou le NC ."
603,Daudet/1884_Daudet_sapho_N.txt,"se trouva que Divonne ne dansait pas , qu' elle rapporta le gibier à la cuisine , et que solide comme un de ces peupliers de rive , blancs et flexibles , elle envoya le séducteur rouler à pas .","se VPS que NP ne VIMP pas , que il VPS le NCo à le NCmod , et que NC comme un de ce NCmod de NCmod , ADJCOL et ADJ , il VPS le NCo ADJ à pas ."
604,Daudet/1884_Daudet_sapho_N.txt,"Depuis , elle le tint à distance avec la pointe de les ciseaux pendus à sa ceinture par un clavier d' acier , le rendit fou d' amour , si bien qu' parla d' épouser et se confia à sa belle-sœur .","depuis , il le VPS à NC avec le NC de le NCmod PPAS à DETPOSS NC par un NC de NCmod , le VPS ADJ de NCSENT , si bien que VPS de INF et se VPS à DETPOSS NC ."
605,Daudet/1884_Daudet_sapho_N.txt,"Celle - , connaissant Divonne Abrieu depuis l' enfance , la sachant sérieuse et délicate , trouvait dans le fond de son cœur que cette mésalliance serait peut-être le salut de le Fénat ; mais la fierté de le consul se révoltait à l' idée d' un Gaussin d' Armandy épousant une paysanne : « Si Césaire fait cela , je ne le revois plus ... » et tint parole .","celui - , PPRES NP NP depuis le NC , le VCOG ADJ et ADJ , VIMP dans le NC de DETPOSS NCmod que ce NC être INF le NC de le NCmod ; mais le NCSENT de le NCmod se VIMP à le NC de un NP de NP PPRES un NCo : "" si NP faire cela , je ne le NC plus ... "" et PRES NCo ."
606,Daudet/1884_Daudet_sapho_N.txt,"Césaire marié quitta Castelet , alla vivre à le bord de le Rhône chez les parents de sa femme , d' une petite rente que lui servait son frère et qu' apportait tous les mois l' indulgente belle-sœur .","NCs PPAS VPS NP , VPS INF à le NC de le NP chez le NC de DETPOSS NCmod , de un ADJ NC que lui VIMP DETPOSS NCs et que VIMP tout le NCT le ADJ NC ."
607,Daudet/1884_Daudet_sapho_N.txt,"Le petit Jean accompagnait sa mère dans ses visites , ravi de la cabane de les Abrieu , sorte de rotonde enfumée , secouée par la tramontane ou le mistral , et que soutenait une poutre unique et verticale comme un mât .","le ADJ NP VIMP DETPOSS NCo dans DETPOSS NCmod , VSENT de le NCmod de le NP , sorte de NCmod PPAS , PPAS par le NC ou le NC , et que VIMP un ADV ADJ et ADJ comme un NC ."
608,Daudet/1884_Daudet_sapho_N.txt,"La porte ouverte encadrait le petit môle où séchaient les filets , où luisait et frétillait l' argent vif et nacré de les écailles ; à le bas deux ou trois grosses barques houlant et criant sur leurs amarres , et le grand fleuve joyeux , large , lumineux , tout rebroussé par le vent contre ses îles en touffes d' un vert pâle .","le NCs ADJ VIMP le ADJ NCo où VIMP le NCs , où VIMP et VIMP le NCo ADJ et ADJ de le NCmod ; à le NC NUM ou NUM ADJ NC PPRES et VDIC sur DETPOSS NC , et le ADJ NC ADJ , ADJ , ADJ , tout PPAS par le NC contre DETPOSS NC en NCmod de un ADJCOL ADJ ."
609,Daudet/1884_Daudet_sapho_N.txt,"Et , tout petit , Jean prenait là son goût de les lointains voyages , et de la mer qu ' n' avait pas encore vue .","et , tout ADJ , NP VIMP ADVLIEU DETPOSS NCo de le ADJ NCmod , et de le NC que ' ne avoir pas encore VCOG ."
610,Daudet/1884_Daudet_sapho_N.txt,"Cet exil de l' oncle Césaire dura deux ou trois ans , n' aurait jamais fini peut-être sans un événement familial , la naissance de les deux petites bessonnes , Marthe et Marie .","ce NCs de le NCmod NP VPS NUM ou NUM NCT , ne avoir ADVTEMPS VASP peut-être sans un NC ADJ , le NCo de le NUM ADJ NCmod , NP et NP ."
611,Daudet/1884_Daudet_sapho_N.txt,"La mère tomba malade à la suite de cette double couche , et Césaire et sa femme eurent la permission de venir la voir .","le NCs VPS ADJ à le NC de ce ADJ NCmod , et NP et DETPOSS NCs avoir le NCo de venir le VCOG ."
612,Daudet/1884_Daudet_sapho_N.txt,"La réconciliation de les deux frères suivit , irraisonnée , instinctive , par la toute-puissance de le même sang ; le ménage habita Castelet , et comme une incurable anémie , compliquée bientôt de goutte rhumatismale , immobilisait la pauvre mère , Divonne se trouva chargée de mener la maison , de surveiller la nourriture de les petites , le personnel nombreux , d' aller voir Jean deux fois la semaine à le lycée d' Avignon , sans compter que le soin de sa malade la réclamait à toute heure .","le NC de le NUM NCmod PPAS , PPAS , ADJ , par le NC de le même NCCOR ; le NCs ADJ NP , et comme un ADJ NC , PPAS bientôt de NC ADJ , VIMP le ADJ NCo , NP se VPS PPAS de INF le NCo , de INF le NCo de le NCmod , le NC ADJ , de aller VCOG NP NUM fois le NCo à le NCmod de NP , sans INF que le NCs de DETPOSS NCmod le VIMP à tout NCT ."
613,Daudet/1884_Daudet_sapho_N.txt,"Femme d' ordre et de tête , elle suppléait à l' instruction qui lui manquait , par son intelligence , son âpreté paysanne , les lambeaux d' études restés dans la cervelle de le Fénat dompté et discipliné .","NC de NCmod et de NCCOR , il VIMP à le NC qui lui VIMP , par DETPOSS NC , DETPOSS NC ADJ , le NC de NCmod PPAS dans le NCCOR de le NCmod PPAS et PPAS ."
614,Daudet/1884_Daudet_sapho_N.txt,"Le consul se reposait sur elle de toute la dépense de la maison , très lourde avec ses charges accrues et de les revenus diminuant d' année en année , rongés à le pied de les vignes par le phylloxera .","le NCs se VIMP sur il de tout le NCmod de le NCmod , très ADJ avec DETPOSS NCmod ADJ et de le NC PPRES de NCT en NCT , VSENT à le NCCOR de le NCmod par le NP ."
615,Daudet/1884_Daudet_sapho_N.txt,"Toute la plaine était atteinte , mais le clos résistait encore , et c' était la préoccupation de le consul : sauver le clos à force de recherches et d' expériences .","tout le NCs être PPAS , mais le NCs VIMP encore , et ce être le NCSENT de le NCmod : INF le NCo à NCSENT de NCmod et de NC ."
616,Daudet/1884_Daudet_sapho_N.txt,"Cette Divonne Abrieu qui restait fidèle à ses coiffes , à son clavier d' artisane et se tenait si modestement à sa place d' intendante , de dame de compagnie , garda la maison de la gêne , en ces années de crise , la malade toujours entourée de les mêmes soins coûteux , les petites élevées près de leur mère , en demoiselles , la pension de Jean régulièrement payée , d' abord à le lycée , puis à Aix où faisait son droit , enfin à Paris où était allé l' achever .","ce NP NP qui VIMP ADJ à DETPOSS NC , à DETPOSS NCmod de NCmod et se VIMP si ADVMAN à DETPOSS NC de NCmod , de NCmod de NCmod , VPS le NCo de le NCSENT , en ce NCT de NCmod , le NC ADVTEMPS PPAS de le même NC ADJ , le ADJ NC ADVLIEU de lui NC , en NC , le NC de NP ADVTEMPS PPAS , de NC à le NC , puis à NP où faire DETPOSS NCs , PHASE à NP où être aller le VASP ."
617,Daudet/1884_Daudet_sapho_N.txt,"Par quels miracles d' ordre , de vigilance y arrivait -elle , tous l' ignoraient comme elle-même .","par quel NC de NCmod , de NCmod y VIMP il , tout le VIMP comme elle-même ."
618,Daudet/1884_Daudet_sapho_N.txt,"Mais chaque fois que Jean songeait à Castelet , qu ' levait les yeux vers la photographie à reflets pâles , effacée de lumière , la première figure évoquée , le premier nom prononcé , c' était Divonne , la paysanne à le grand cœur qu ' sentait cachée derrière la gentilhommière et la tenant debout par l' effort de sa volonté .","mais chaque fois que NP VIMP à NP , que ' VIMP le NCCOR vers le NC à NCmod ADJ , PPAS de NC , le ADJ NCCOR PPAS , le ADJ NC PPAS , ce être NP , le ADJ à le ADJ NCmod qu ' sentir PPAS ADVLIEU le NC et le PPRES ADV par le NC de DETPOSS NCmod ."
619,Daudet/1884_Daudet_sapho_N.txt,"Depuis quelques jours cependant , depuis qu ' savait ce qu' était sa maîtresse , évitait de prononcer ce nom vénéré devant elle , comme celui de sa mère ni d' aucun de les siens ; même la photographie le gênait à regarder , déplacée , égarée à cette muraille , au-dessus de le lit de .","depuis quelque NCT cependant , depuis que ' VCOG ce que être DETPOSS NCs , VIMP de INF ce NCo VSENT ADVLIEU il , comme celui de DETPOSS NCmod ni de aucun de le NCmod ; même le NCs le VSENT à VCOG , PPAS , PPAS à ce NC , ADVLIEU de le NC de ."
620,Daudet/1884_Daudet_sapho_N.txt,"Un jour , en rentrant dîner , fut surpris de voir trois couverts à le lieu de deux , plus encore de trouver Fanny en train de jouer à les cartes avec un petit homme qu ' ne reconnut pas d' abord , mais qui en se retournant lui montra les yeux clairs de chèvre folle , le grand nez conquérant dans une face hâlée et poupine , le crâne chauve et la barbe de ligueur de l' oncle Césaire .","un NCT , en PPRES NCo , être PPAS de VCOG NUM NCo à le NC de NUM , plus encore de INF NP en NC de INF à le NC avec un ADJ NC que ' ne VCOG pas de NC , mais qui en se PPRES lui VPS le NCCOR NCo de NCmod ADJ , le ADJ NCCOR VSENT dans un NC ADJ et ADJ , le NCs VSUBP et le NCCOR de NCmod de le NCmod NP ."
621,Daudet/1884_Daudet_sapho_N.txt,"À le cri de son neveu , répondit sans lâcher les cartes : — Tu vois , je ne m' ennuie pas , je fais un bésigue avec ma nièce .","à le NC de DETPOSS NCmod , VDIC sans INF le NCo : — je ADJ , je ne se VSENT pas , je faire un NCo avec DETPOSS NC ."
622,Daudet/1884_Daudet_sapho_N.txt,Sa nièce !,DETPOSS NC !
623,Daudet/1884_Daudet_sapho_N.txt,Et Jean qui cachait si soigneusement sa liaison à tout le monde .,et NP qui VIMP si ADV DETPOSS NCo à tout le NC .
624,Daudet/1884_Daudet_sapho_N.txt,"Cette familiarité lui déplut , et les choses que Césaire lui débitait à voix basse , pendant que Fanny s' occupait de le dîner ... — Mon compliment , petit ... de les yeux ... de les bras ... un morceau de roi .","ce NCs lui PRES , et le chose que NP lui VIMP à NCMAN ADJ , PHASE que NP se VIMP de le NC ... — DETPOSS NC , ADJ ... de le NCCOR ... de le NCCOR ... un NC de NCmod ."
625,Daudet/1884_Daudet_sapho_N.txt,"Ce fut bien pis , quand à table le Fénat se mit à parler sans aucune réserve de les affaires de Castelet , de ce qui l' amenait à Paris .","ce être bien ADJ , quand à NC le NP se mettre à INF sans aucun NC de le NCmod de NP , de ce qui le VIMP à NP ."
626,Daudet/1884_Daudet_sapho_N.txt,"Le prétexte de le voyage c' était de l' argent à toucher , huit mille francs qu ' avait prêtés autrefois à son ami Courbebaisse et qu ' ne comptait jamais revoir , quand une lettre de le notaire lui avait appris et la mort de Courbebaisse , pechère !","le NC de le NCmod ce être de le NC à INF , NUM NUM NC que ' avoir PPAS ADVT à DETPOSS NC NP et qu ' ne VIMP ADVTEMPS VCOG , quand un NCs de le NCmod lui avoir VCOG et le NC de NP , NCmod !"
627,Daudet/1884_Daudet_sapho_N.txt,et le remboursement tout prêt de ses huit mille francs .,et le NC tout ADJ de DETPOSS NUM NUM NCmod .
628,Daudet/1884_Daudet_sapho_N.txt,"Mais le vrai motif , car on aurait pu lui faire parvenir l' argent : — Le vrai motif c' est la santé de ta mère , mon pauvre ... Depuis quelque temps elle s' affaiblit beaucoup , et de les fois qu' y a , sa tête déménage , elle oublie tout , jusqu' à le nom de les petites .","mais le vrai NCo , car on avoir pouvoir lui faire INF le NC : — le vrai NC ce être le NC de NCmod NCmod , DETPOSS NC ... depuis quelque temps il se PRES beaucoup , et de le fois que y avoir , DETPOSS NCCOR NCmod , il VCOG tout , jusque à le NC de le ADJ ."
629,Daudet/1884_Daudet_sapho_N.txt,"L' autre soir , ton père sortait de sa chambre , elle a demandé à Divonne qui était ce bon Monsieur qui venait la voir si souvent .","le autre NCT , DETPOSS NCs VIMP de DETPOSS NC , il avoir PPAS à NP qui être ce ADJ monsieur qui venir le VCOG si ADVTEMPS ."
630,Daudet/1884_Daudet_sapho_N.txt,"Personne ne s' est encore aperçu de cela que ta tante , et elle ne m' en a parlé que pour me décider à venir consulter Bouchereau sur l' état de la pauvre femme qu' a soignée autrefois .","personne ne se être encore PPAS de cela que VPS ADJ , et il ne lui en avoir PPAS que pour me INF à venir INF NP sur le NC de le ADJ NCmod que avoir PPAS ADVT ."
631,Daudet/1884_Daudet_sapho_N.txt,— Avez -vous eu déjà de les fous dans votre famille ?,— avoir vous avoir déjà de le NC dans DETPOSS NCmod ?
632,Daudet/1884_Daudet_sapho_N.txt,"demanda Fanny , l' air doctoral et grave , son air La Gournerie .","VPS NP , le NCMAN ADJ et ADJ , DETPOSS NCMAN La NP ."
633,Daudet/1884_Daudet_sapho_N.txt,"— Jamais ... dit le Fénat , ajoutant avec un sourire malin , froncé jusqu' à les tempes , qu ' avait été un peu toqué dans sa jeunesse ... mais ma folie ne déplaisait pas à les dames , et l' on n' a pas eu besoin de m' enfermer .","— ADVTEMPS ... VDIC le NCo , PPRES avec un NCMAN ADJ , PPAS jusque à le NCCOR , que ' avoir être un peu PPAS dans DETPOSS NC ... mais DETPOSS NCs ne VIMP pas à le NC , et l' on ne avoir pas avoir NCo de lui INF ."
634,Daudet/1884_Daudet_sapho_N.txt,"Jean les regardait , navré .","NP le VCOG , VSENT ."
635,Daudet/1884_Daudet_sapho_N.txt,"À le chagrin que lui causait la triste nouvelle , se joignait un oppressant malaise d' entendre cette femme parler de sa mère , de ses infirmités d' âge critique , avec le libre langage et l' expérience d' une matrone , les coudes sur la nappe , en roulant une cigarette .","à le NCSENT que lui VIMP le NCs ADJ , se VIMP un ADJ NCSENT de VCOG ce NCo INF de DETPOSS NC , de DETPOSS NC de NCmod ADJ , avec le ADJ NC et le NC de un NCmod , le NCCOR sur le NCmod , en PPRES un NCo ."
636,Daudet/1884_Daudet_sapho_N.txt,"Et l' autre , bavard , indiscret , s' abandonnait , disait les secrets intimes de la famille .","et le autre , NC , ADJ , se VIMP , VDIC le NCo ADJ de le NCmod ."
637,Daudet/1884_Daudet_sapho_N.txt,Ah !,INTJ !
638,Daudet/1884_Daudet_sapho_N.txt,les vignes ... fichues les vignes !,le NC ... PPAS le NCo !
639,Daudet/1884_Daudet_sapho_N.txt,"... Et le clos lui-même n' en avait plus pour longtemps ; la moitié de les cépages était déjà dévorée , et l' on ne conservait le reste que par miracle , en soignant chaque grappe , chaque grain comme de les enfants malades , avec de les drogues qui coûtaient cher .","... et le NCs soi-même ne en avoir plus pour longtemps ; le NCspas de le NCmod être déjà VSENT , et l' on ne VIMP le NCo que par NC , en PPRES chaque NCo , chaque NC comme de le NC ADJ , avec de le NCmod qui VIMP ADJ ."
640,Daudet/1884_Daudet_sapho_N.txt,"Le terrible , c' est que le consul s' entêtait à planter toujours de nouveaux ceps que le ver attaquait , à le lieu de laisser à la culture de les oliviers , de les câpriers , toute cette bonne terre inutile couverte de pampres lépreux et roussis .","le ADJ , ce être que le NCs se VIMP à INF ADVTEMPS de ADJ NCo que le NCs VIMP , à le NC de laisser à le NC de le NCmod , de le NC , tout ce ADJ NCo ADJ ADJ de NCmod ADJ et ADJ ."
641,Daudet/1884_Daudet_sapho_N.txt,"Heureusement qu ' avait , lui , Césaire , quelques hectares à le bord de le Rhône , qu ' soignait par l' immersion , une découverte superbe applicable seulement dans les terrains bas .","heureusement que ' avoir , lui , NP , quelque NC à le NCmod de le NP , que ' VIMP par le NC , un NC ADJ ADJ seulement dans le NCmod ADJ ."
642,Daudet/1884_Daudet_sapho_N.txt,"Déjà une bonne récolte l' encourageait , d' un petit vin pas très chaud , « de le vin de grenouille » , disait le consul dédaigneusement ; mais le Fénat s' entêtait aussi , et , avec les huit mille francs de Courbebaisse , allait acheter la Piboulette ... — Tu sais , petit , la première île sur le Rhône , en aval de les Abrieu ... mais ceci entre nous , faut que personne à Castelet ne se doute de rien encore ... — Pas même Divonne , mon oncle ?","déjà un ADJ NCs le VIMP , de un ADJ NC pas très ADJ , "" de le NC de NCmod "" , VDIC le NCo ADVMAN ; mais le NP se VIMP aussi , et , avec le NUM NUM NC de NP , aller INF le NP ... — je VCOG , ADJ , le ADJ NC sur le NP , en NCmod de le NP ... mais ceci entre nous , PRES que NCs à NP ne se PRES de rien encore ... — pas même NP , DETPOSS NC ?"
643,Daudet/1884_Daudet_sapho_N.txt,"demanda Fanny en souriant ... À le nom de sa femme , les yeux de le Fénat se mouillèrent : — Oh !","VPS NP en PPRES ... à le NC de DETPOSS NCmod , le NCCOR de le NP se VPS : — INTJ !"
644,Daudet/1884_Daudet_sapho_N.txt,"Divonne , je ne fais jamais rien sans elle .","Divonne , je ne faire ADVTEMPS ADV sans il ."
645,Daudet/1884_Daudet_sapho_N.txt,"Elle a foi dans mon idée d' ailleurs , et serait si heureuse que son pauvre Césaire refît la fortune de Castelet , après en avoir commencé la ruine .","il avoir NCo dans DETPOSS NC de ADVLIEU , et être si ADJ que DETPOSS ADJ NP PRES le NCo de NP , PHASE en avoir VASP le NCo ."
646,Daudet/1884_Daudet_sapho_N.txt,"Jean frémit ; allait- donc faire sa confession , raconter cette lamentable histoire de les faux ?","NP PRES ; ADV donc faire DETPOSS NCo , INF ce ADJ NCo de le NCmod ?"
647,Daudet/1884_Daudet_sapho_N.txt,"Mais le Provençal tout à sa tendresse pour Divonne , s' était mis à parler d' elle , de le bonheur qu' elle lui donnait .","mais le NP tout à DETPOSS NCSENT pour NP , se être mettre à INF de il , de le NCSENT que il lui VIMP ."
648,Daudet/1884_Daudet_sapho_N.txt,"Et si belle avec ça , si magnifiquement charpentée : — Tenez , ma nièce , vous qui êtes femme , vous devez vous y connaître .","et si ADJ avec ça , si ADVINT PPAS : — NP , DETPOSS NC , vous qui être NC , vous devoir vous y INF ."
649,Daudet/1884_Daudet_sapho_N.txt,"lui tendait un portrait-carte , tiré de son portefeuille , et qui ne le quittait jamais .","lui VIMP un NCo , PPAS de DETPOSS NC , et qui ne le VIMP ADVTEMPS ."
650,Daudet/1884_Daudet_sapho_N.txt,"À l' accent filial de Jean quand parlait de sa tante , à les conseils maternels de la paysanne écrits d' une grande écriture , un peu tremblée , Fanny se figurait une de ces villageoises à marmotte de Seine-et-Oise , et resta saisie devant ce joli visage à les lignes pures , éclairci par l' étroite coiffe blanche , cette taille élégante et souple d' une femme de trente cinq ans .","à le NC ADJ de NP quand VIMP de DETPOSS tant , à le NC ADJ de le ADJ NCmod de un ADJ NCmod , un peu NC , NP se VIMP un de ce NCmod à NCmod de NP , et VPS PPAS ADVLIEU ce NC PRES à le NC ADJ , INTJ par le ADJ NC ADJCOL , ce NC ADJ et ADJ de un NCmod de NUM NUM NCT ."
651,Daudet/1884_Daudet_sapho_N.txt,"— Très belle en effet ... dit -elle en pinçant les lèvres , d' une intonation singulière .","— très ADJ en NC ... VDIC il en PPRES le NCCOR , de un NCmod ADJ ."
652,Daudet/1884_Daudet_sapho_N.txt,— Et une charpente !,— et un NC !
653,Daudet/1884_Daudet_sapho_N.txt,fit l' oncle qui tenait à son image .,faire le NCo qui VIMP à DETPOSS NC .
654,Daudet/1884_Daudet_sapho_N.txt,Puis on passa sur le balcon .,puis on VPS sur le NC .
655,Daudet/1884_Daudet_sapho_N.txt,"Après une journée chaude dont le zinc de la véranda brûlait encore , tombait , d' un nuage perdu , une fine pluie d' arrosage qui rafraîchissait l' air , tintait gaiement sur les toits , éclaboussait les trottoirs .","PHASE un NCT ADJ dont le NCs de le NCmod VIMP encore , VIMP , de un NC ADJ , un ADJ NCs de NCmod qui VIMP le NCMAN , VIMP ADV sur le NC , VIMP le NCo ."
656,Daudet/1884_Daudet_sapho_N.txt,"Paris riait sous cette ondée , et le train de la foule , de les voitures , toute cette rumeur montante grisait le provincial , remuait dans sa tête vide et mobile comme un grelot , de les rappels de jeunesse , et d' un séjour de trois mois qu ' avait fait , quelque trente ans auparavant , chez son ami Courbebaisse .","NP VIMP sous ce NC , et le NC de le NCmod , de le NC , tout ce NCs ADJ VSENT le NCo , VIMP dans DETPOSS NCCOR ADJ et ADJ comme un NC , de le NC de NCmod , et de un NC de NUM NCT que ' avoir faire , quelque NUM NCT ADV , chez DETPOSS NC NP ."
657,Daudet/1884_Daudet_sapho_N.txt,"Quelle noce , mes enfants , quelles bordées !","quel NC , DETPOSS NC , quelle NC !"
658,Daudet/1884_Daudet_sapho_N.txt,"... Et leur entrée à le Prado une nuit de -carême , Courbebaisse en chicard , et sa maîtresse , la Mornas , en marchande de chansons , un déguisement qui lui avait porté chance puisqu' elle était devenue une célébrité de café-concert .","... et lui NC à le NP un NCT de NCmod , NP en NCmod , et DETPOSS NC , le NP , en NCmod de NCmod , un NC qui lui avoir PPAS NC puisque il être devenir un NCo de NCmod ."
659,Daudet/1884_Daudet_sapho_N.txt,"Lui-même , l' oncle , remorquait un petit chiffon de le quartier que l' on appelait Pellicule ... Et tout ragaillardi , riait de la bouche jusqu' à les tempes , fredonnait de les airs à danser , saisissait en mesure sa nièce par la taille .","lui-même , le NCs , VIMP un ADJ NCo de le NCmod que l' on VIMP NP ... et tout NCs , VIMP de le NCCOR jusque à le NCCOR , VIMP de le NCMAN à INF , VIMP en NC DETPOSS NC par le NC ."
660,Daudet/1884_Daudet_sapho_N.txt,"À minuit , quand les quitta pour gagner l' hôtel Cujas , le seul qu ' connût dans Paris , chantait à pleine gorge dans l' escalier , envoyait de les baisers à sa nièce qui l' éclairait , et criait à Jean : — Tu sais , prends garde à toi !","à NC , quand le VPS pour INF le NCo NP , le ADJ NC ' VSUBI dans NP , VIMP à ADJ NCCOR dans le NC , VIMP de le NC à DETPOSS NCmod qui le VIMP , et VDIC à NP : — je VCOG , PRES NCo à soi !"
661,Daudet/1884_Daudet_sapho_N.txt,"... Dès qu ' fut parti , Fanny dont le front gardait un pli préoccupé , passa vivement dans son cabinet de toilette et , par la porte restée entrouverte , pendant que Jean se couchait , elle commençait d' une voix presque insouciante : — Dis donc , elle est très jolie , ta tante ... ça ne m' étonne plus si tu en parlais si souvent ... Vous avez dû lui en faire porter à ce pauvre Fénat , une tête à ça de le reste ... protestait de toute son indignation ... Divonne !","... dès que ' être PPAS , NP dont le NCCOR VIMP un NCo ADJ , VPS ADVINT dans DETPOSS NC de NCmod et , par le NC PPAS PPAS , PHASE que NP se VIMP , il VASP de un NCMAN presque ADJ : — dis donc , il être très ADJ , NC tant ... ça ne se VSENT plus si je en VIMP si ADVTEMPS ... vous avoir devoir lui en faire INF à ce ADJ NP , un NCCOR à ça de le NCmod ... VIMP de tout DETPOSS NCSENT ... Divonne !"
662,Daudet/1884_Daudet_sapho_N.txt,"une seconde mère pour lui , qui , tout petit , le soignait , l' habillait ... Elle l' avait sauvé d' une maladie , de la mort ... non , jamais la tentation ne lui serait venue d' une infamie pareille .","un ADJ NC pour lui , qui , tout ADJ , le VIMP , le NC ... il le avoir PPAS de un NC , de le NCmod ... non , ADVTEMPS le NCSENT ne lui être venir de un NC ADJ ."
663,Daudet/1884_Daudet_sapho_N.txt,"— Va donc , va donc , reprenait la voix stridente de la femme , de les épingles à coiffer entre les dents , tu ne me feras pas croire qu' avec ces yeux -là et la belle charpente dont parlait cet imbécile , sa Divonne ait pu rester sans désir à côté d' un joli blond à peau de fille comme toi ?","— NP donc , aller donc , VIMP le NCMAN ADJ de le NCmod , de le NCmod à INF entre le NCCOR , je ne me fera pas VCOG que avec ce NCCOR ADVLIEU et le ADJ NC dont VIMP ce NCs , DETPOSS NP avoir pouvoir INF sans NCSENT à NC de un NC ADJCOL à NCCOR de NCmod comme soi ?"
664,Daudet/1884_Daudet_sapho_N.txt,"... Vois -tu , de les bords de le Rhône ou d' ailleurs , nous sommes toutes les mêmes ... Elle le disait avec conviction , croyant son sexe entier facile à tout caprice et vaincu de le premier désir .","... ADV il , de le NC de le NP ou de ADVLIEU , nous être tout le même ... il le VDIC avec NC , VCOG DETPOSS NCo ADJ ADJ à tout NC et PPAS de le ADJ NCSENT ."
665,Daudet/1884_Daudet_sapho_N.txt,"Lui , se défendait , mais troublé , interrogeant ses souvenirs , se demandant si jamais le frôlement d' une innocente caresse avait pu l' avertir d' un danger quelconque ; et quoique ne trouvant rien , la candeur de son affection restait atteinte , le pur camée rayé d' un coup d' ongle .","il , se VIMP , mais VSENT , VDIC DETPOSS NCo , se PPRES si ADVTEMPS le NCo de un ADJ NCmod avoir pouvoir le NCo de un NCmod ADJ ; et quoique ne PPRES rien , le NCs de DETPOSS NCSENT VIMP PPAS , le ADJ NCo PPAS de un NC de NCmod ."
666,Daudet/1884_Daudet_sapho_N.txt,— Tiens !,— NP !
667,Daudet/1884_Daudet_sapho_N.txt,"... regarde ... la coiffe de ton pays ... Sur ses beaux cheveux , massés en deux longs bandeaux , elle avait épinglé un fichu blanc qui imitait assez bien la catalane , le béguin à trois pièces de les filles de Châteauneuf ; et , droite devant lui , dans les plis laiteux de sa batiste de nuit , les yeux brûlants , elle lui demandait : — Est -ce que je ressemble à Divonne ?","... VCOG ... le NCo de DETPOSS NCmod ... sur DETPOSS ADJ NCCOR , PPAS en NUM ADJ NC , il avoir PPAS un NCo ADJCOL qui VIMP ADV bien le NCo , le NCo à NUM NCmod de le NCmod de NP ; et , NC ADVLIEU lui , dans le NCmod ADJ de DETPOSS NCmod de NCT , le NCCOR ADJ , il lui VIMP : — être ce que je PRES à NP ?"
668,Daudet/1884_Daudet_sapho_N.txt,Oh !,INTJ !
669,Daudet/1884_Daudet_sapho_N.txt,"non , pas de le tout ; elle ne ressemblait qu' à elle-même sous ce petit bonnet rappelant l' autre , celui de Saint-Lazare , qui la rendait si jolie , disait -on , pendant qu' elle envoyait à son forçat un baiser d' adieu en plein tribunal : — T' ennuie pas , m' ami , les beaux jours reviendront ... Et ce souvenir lui fit tant de mal que , sitôt sa maîtresse couchée , éteignit bien vite , pour ne plus la voir .","non , pas de le tout ; il ne VIMP que à elle-même sous ce ADJ NC PPRES le autre , celui de NP , qui le VIMP si ADJ , VDIC on , PHASE que il VIMP à DETPOSS NC un NC de NCmod en ADJ NCmod : — le VSENT pas , le NCo , le ADJ NCT VF ... et ce NCs lui faire tant de mal que , ADV DETPOSS NCs PPAS , VPS bien ADV , pour ne plus le VCOG ."
670,Daudet/1884_Daudet_sapho_N.txt,"Le lendemain de bonne heure , l' oncle arrivait en casseur , la canne haute , criant : « Ohé !","le NC de ADJ NCT , le NCs VIMP en NC , le NCo ADJ , VDIC : "" NP !"
671,Daudet/1884_Daudet_sapho_N.txt,"les bébés » , avec l' intonation fringante et protégeante qu' avait Courbebaisse autrefois quand venait le chercher dans les bras de Pellicule .","le NC "" , avec le NC ADJ et ADJ que avoir NP ADVT quand venir le INF dans le NCCOR de NP ."
672,Daudet/1884_Daudet_sapho_N.txt,"paraissait encore plus excité que la veille : l' hôtel Cujas , sans doute , et surtout les huit mille francs pliés dans son portefeuille .","paraître encore plus VSENT que le NC : le NC NP , sans NCSENT , et surtout le NUM NUM NC PPAS dans DETPOSS NC ."
673,Daudet/1884_Daudet_sapho_N.txt,"L' argent de la Piboulette , hé oui , mais avait bien le droit d' en distraire quelques louis pour offrir un déjeuner à la campagne à sa nièce !","le NC de le NP , PPAS oui , mais avoir bien le NC de en VSENT quelque NCo pour INF un NCo à le NC à DETPOSS NCmod !"
674,Daudet/1884_Daudet_sapho_N.txt,... « Et Bouchereau ?,"... "" et NP ?"
675,Daudet/1884_Daudet_sapho_N.txt,"» observa le neveu , qui ne pouvait manquer son ministère deux jours de suite .",""" PRES le NCo , qui ne pouvoir INF DETPOSS NCo NUM NCT de NCmod ."
676,Daudet/1884_Daudet_sapho_N.txt,fut convenu qu' on déjeunerait à les Champs-Élysées et que les deux hommes iraient après à la consultation .,être PPAS que on VCOND à le NP et que le NUM NCs VIMP PHASE à le NC .
677,Daudet/1884_Daudet_sapho_N.txt,"Ce n' était pas ce que le Fénat avait rêvé , l' arrivée à Saint-Cloud en grande remise , de le champagne plein la voiture ; mais le repas fut charmant tout de même sur la terrasse de le restaurant ombragée d' acacias et de vernis de le Japon , que traversaient les flonflons d' une répétition de jour à le voisin café-concert .","ce ne être pas ce que le NP avoir PPAS , le NC à NP en ADJ NCmod , de le NC ADJ le NC ; mais le NCs être ADJ tout de même sur le NC de le NCmod PPAS de NC et de NC de le NP , que VIMP le NCs de un NCmod de NCT à le ADJ NCmod ."
678,Daudet/1884_Daudet_sapho_N.txt,"Césaire , très bavard , très galant , mit toutes ses grâces à l' air pour éblouir la Parisienne .","NCs , très ADJ , très ADJ , mettre tout DETPOSS NCo à le NCMAN pour VSENT le NP ."
679,Daudet/1884_Daudet_sapho_N.txt,"« attrapait » les garçons , complimentait le chef de sa sauce meunière ; et Fanny riait d' un élan bête et forcé , d' une niaiserie de cabinet particulier , qui fit de la peine à Gaussin , ainsi que l' intimité s' établissant entre l' oncle et la nièce par-dessus sa tête .",""" VIMP "" le NCo , VIMP le NCs de DETPOSS NCmod ADJ ; et NP VIMP de un NC ADJ et ADJ , de un NCmod de NCmod ADJ , qui faire de le NCSENT à NP , ainsi que le NC se PPRES entre le NC et le NC ADV DETPOSS NCCOR ."
680,Daudet/1884_Daudet_sapho_N.txt,On eût dit de les amis de vingt ans .,on avoir VDIC de le NC de NUM NCT .
681,Daudet/1884_Daudet_sapho_N.txt,"Le Fénat , devenu sentimental avec les vins de dessert , parlait de Castelet , de Divonne et aussi de son petit Jean ; était heureux de le savoir avec elle , une femme sérieuse qui l' empêcherait de faire de les sottises .","le NP , devenir ADJ avec le NC de NCmod , VIMP de NP , de NP et aussi de DETPOSS ADJ NP ; être ADJ de le VCOG avec il , un NC ADJ qui le VCOND de faire de le NC ."
682,Daudet/1884_Daudet_sapho_N.txt,"Et sur le caractère un peu ombrageux de le jeune homme , la façon de le prendre , lui donnait de les conseils comme à une jeune mariée en lui tapotant les bras , la langue épaisse , l' œil éteint et mouillé .","et sur le NC un peu ADJ de le ADJ NCmod , le façon de le INF , lui VIMP de le NC comme à un NC PPAS en lui PPRES le NCCOR , le NCCOR ADJ , le NCo PPAS et PPAS ."
683,Daudet/1884_Daudet_sapho_N.txt,se dégrisa chez Bouchereau .,se VPS chez NP .
684,Daudet/1884_Daudet_sapho_N.txt,"Deux heures d' attente à le premier étage de la place Vendôme , dans ses grands salons , hauts et froids , encombrés d' une foule silencieuse et angoissée ; l' enfer de la douleur dont ils traversèrent successivement tous les cercles , passant de pièce en pièce jusqu' à le cabinet de l' illustre savant .","NUM NCT de NCmod à le ADJ NCmod de le NCmod NP , dans DETPOSS ADJ NC , ADJ et ADJ , PPAS de un NC ADJ et ADJ ; le NC de le NCSENT dont il VPS ADV tout le NCo , PPRES de NC en NCmod jusque à le NCmod de le ADJ NCmod ."
685,Daudet/1884_Daudet_sapho_N.txt,"Bouchereau , avec sa mémoire prodigieuse , se souvint très bien de Mme Gaussin , étant venu en consultation à Castelet ans auparavant à le commencement de la maladie ; s' en fit raconter les différentes phases , relut les ordonnances anciennes et , tout de suite , rassura les deux hommes sur les accidents cérébraux qui venaient de se produire et qu ' attribuait à l' emploi de certains médicaments .","NP , avec DETPOSS NCmod ADJ , se PRES très bien de madame NP , être venir en NC à NP NCT ADV à le NC de le NCmod ; se en faire INF le ADJ NCo , PRES le NCo ADJ et , tout de NC , VF le NUM NCo sur le NC ADJ qui venir de se INF et que ' VIMP à le NC de certain NCmod ."
686,Daudet/1884_Daudet_sapho_N.txt,"Pendant qu' immobile , ses gros sourcils baissés sur ses petits yeux aigus et fouilleurs , écrivait une longue lettre à son confrère d' Avignon , l' oncle et le neveu écoutaient , retenant leur souffle , le grincement de cette plume qui couvrait pour eux , à elle seule , toute la rumeur de le Paris luxueux ; et subitement leur apparaissait la puissance de le médecin dans les temps modernes , dernier prêtre , croyance suprême , invincible superstition ... Césaire sortit de là , sérieux et refroidi : — Je rentre à l' hôtel boucler ma malle , l' air de Paris est mauvais pour moi , vois -tu , petit ... si j' y restais , je ferais de les bêtises .","PHASE que ADJ , DETPOSS ADJ NCCOR PPAS sur DETPOSS ADJ NCCOR ADJ et ADJ , VIMP un ADJ NCo à DETPOSS NC de NP , le NCs et le NC VIMP , PPRES lui NCo , le NC de ce NCmod qui VIMP pour eux , à il ADJ , tout le NC de le NP ADJ ; et ADV lui VIMP le NCo de le NCmod dans le temps ADJ , ADJ NC , NC ADJ , ADJ NC ... NP VPS de ADVLIEU , ADJ et NC : — je rentrer à le NC INF DETPOSS NCo , le NCMAN de NP être ADJ pour soi , ADV il , ADJ ... si je y VIMP , je faire de le NC ."
687,Daudet/1884_Daudet_sapho_N.txt,"Je prendrai ce soir le train de sept heures , excuse -moi près de ma nièce , hé ?","je VF ce NCT le NCo de NUM NCT , PRES soi ADVLIEU de DETPOSS NC , PPAS ?"
688,Daudet/1884_Daudet_sapho_N.txt,"Jean se garda bien de le retenir , effrayé de son enfantillage , de sa légèreté ; et le lendemain , en s' éveillant , se félicitait de le savoir rentré , sous clé , près de Divonne , quand on le vit apparaître , la figure à l' envers , le linge en désordre : — Bon Dieu !","NP se VPS bien de le INF , VSENT de DETPOSS NC , de DETPOSS NCmod ; et le NCs , en se PPRES , se VIMP de le VCOG PPAS , sous NC , ADVLIEU de NP , quand on le PRES INF , le NCCOR à le NCmod , le NC en NCmod : — NP NP !"
689,Daudet/1884_Daudet_sapho_N.txt,"mon oncle , que vous arrive -t - ?","DETPOSS NC , que vous VSUBP t - ?"
690,Daudet/1884_Daudet_sapho_N.txt,"Effondré dans un fauteuil , sans voix et sans gestes d' abord , mais s' animant à mesure , l' oncle avoua une rencontre de le temps de Courbebaisse , le dîner trop copieux , les huit mille francs perdus la nuit dans un tripot ... Plus un sou , rien !","PPAS dans un NC , sans NCMAN et sans NC de NC , mais se PPRES à NC , le NCs VDIC un NCo de le temps de NP , le NC trop ADJ , le NUM NUM NC PPAS le NCT dans un NC ... ADV un NC , rien !"
691,Daudet/1884_Daudet_sapho_N.txt,"... Comment rentrer là-bas , raconter ça à Divonne !","... comment INF ADVLIEU , INF ça à NP !"
692,Daudet/1884_Daudet_sapho_N.txt,"Et l' achat de la Piboulette ... Tout à coup pris d' une sorte de délire , se mettait les mains sur les yeux , les pouces bouchant les oreilles , et hurlant , sanglotant , déchaîné , le Méridional s' invectivait , étalait son remords dans une confession générale de toute sa vie .","et le NC de le NP ... tout à NC PPAS de un sorte de INF , se mettre le NCCOR sur le NCCOR , le NCCOR PPRES le NCCOR , et VDIC , PPRES , PPAS , le NP se VIMP , VIMP DETPOSS NCSENT dans un NC ADJ de tout DETPOSS NCmod ."
693,Daudet/1884_Daudet_sapho_N.txt,était la honte et le malheur de les siens ; de les types tels que lui dans les familles on aurait le droit de les abattre comme de les loups .,être le NCSENT et le NC de le NCmod ; de le NC tel que lui dans le NCmod on avoir le NC de le INF comme de le NC .
694,Daudet/1884_Daudet_sapho_N.txt,Sans la générosité de son frère où serait - ?,sans le NCSENT de DETPOSS NCmod où être - ?
695,Daudet/1884_Daudet_sapho_N.txt,... À le bagne avec les voleurs et les faussaires .,... à le NC avec le NCmod et le NC .
696,Daudet/1884_Daudet_sapho_N.txt,"— Mon oncle , mon oncle !","— DETPOSS NC , DETPOSS NCs !"
697,Daudet/1884_Daudet_sapho_N.txt,"... disait Gaussin très malheureux , essayant de l' arrêter .","... VDIC NP très ADJ , PPRES de le INF ."
698,Daudet/1884_Daudet_sapho_N.txt,"Mais l' autre , volontairement aveugle et sourd , se délectait à ce témoignage public de son crime , raconté dans les moindres détails , tandis que Fanny le regardait avec une pitié mêlée d' admiration .","mais le autre , ADV ADJ et ADJ , se VSENT à ce NC ADJ de DETPOSS NCmod , PPAS dans le ADJ NC , PHASE que NP le VCOG avec un VSENT PPAS de NCSENT ."
699,Daudet/1884_Daudet_sapho_N.txt,"Un passionné à le moins celui-là , un brûle -tout comme elle les aimait ; et , remuée dans ses entrailles de bonne fille , elle cherchait un moyen de lui venir en aide .","un NC à le moins celui-là , un VSENT ADV comme il le VSENT ; et , PPAS dans DETPOSS NC de ADJ NCmod , il VIMP un NCo de lui venir en NC ."
700,Daudet/1884_Daudet_sapho_N.txt,Mais lequel ?,mais lequel ?
701,Daudet/1884_Daudet_sapho_N.txt,"Elle ne voyait plus personne depuis un an , Jean n' avait aucune relation ... Subitement un nom lui vint à l' esprit : Déchelette !","il ne VCOG plus NCo depuis NUM NCT , NP ne avoir aucun NCo ... ADV un NCs lui venir à le NC : NP !"
702,Daudet/1884_Daudet_sapho_N.txt,"... devait être à Paris en ce moment , et c' était un si bon garçon .","... devoir être à NP en ce NC , et ce être un si ADJ NC ."
703,Daudet/1884_Daudet_sapho_N.txt,— Mais je le connais à peine ... dit Jean .,— mais je le PRES à NCSENT ... VDIC NP .
704,Daudet/1884_Daudet_sapho_N.txt,"— J' irai , moi ... — Comment !","— je VF , soi ... — comment !"
705,Daudet/1884_Daudet_sapho_N.txt,tu veux ?,je vouloir ?
706,Daudet/1884_Daudet_sapho_N.txt,... — Pourquoi pas ?,... — pourquoi pas ?
707,Daudet/1884_Daudet_sapho_N.txt,Leurs regards se croisèrent et se comprirent .,DETPOSS NCMAN se PRES et se PRES .
708,Daudet/1884_Daudet_sapho_N.txt,"Déchelette aussi avait été son amant , l' amant d' une nuit qu' elle se rappelait à peine .","NCs aussi avoir être DETPOSS NC , le NC de un NCT que il se VIMP à NCSENT ."
709,Daudet/1884_Daudet_sapho_N.txt,"Mais lui n' en oubliait pas un ; ils étaient tous en rang dans sa tête , comme les saints d' un calendrier .","mais lui ne en VCOG pas un ; il être tout en NCmod dans DETPOSS NCCOR , comme le NCmod de un NCmod ."
710,Daudet/1884_Daudet_sapho_N.txt,— Si cela t' ennuie ... fit -elle un peu gênée .,— si cela le PRES ... faire il un peu VSENT .
711,Daudet/1884_Daudet_sapho_N.txt,"Alors Césaire , qui , pendant ce court débat s' était interrompu de crier , très anxieux , tourna vers eux un tel regard de supplication désespérée , que Jean se résigna , consentit entre les dents ... Qu' elle leur parut longue cette heure , à tous deux , déchirés par de les pensées qu' ils ne s' avouaient pas , appuyés à le balcon , guettant la rentrée de la femme .","alors NP , qui , PHASE ce ADJ NC se être PPAS de VDIC , très ADJ , VPS vers eux un tel NCMAN de NCmod ADJ , que NP se VPS , VPS entre le NCCOR ... que il lui paraître ADJ ce NCT , à tout NUM , PPAS par un le VCOG que il ne se VIMP pas , PPAS à le NC , PPRES le NCo de le NCmod ."
712,Daudet/1884_Daudet_sapho_N.txt,"— C' est donc bien loin , ce Déchelette ?","— ce être donc bien ADVLIEU , ce NP ?"
713,Daudet/1884_Daudet_sapho_N.txt,"... — Mais non , rue de Rome ... à deux pas , répondait Jean furieux , et trouvant , lui aussi , que Fanny était bien longue à revenir .","... — mais non , NCs de NP ... à NUM pas , VDIC NP ADJ , et PPRES , lui aussi , que NP être bien ADJ à INF ."
714,Daudet/1884_Daudet_sapho_N.txt,"essayait de se tranquilliser avec la devise amoureuse de l' ingénieur « pas de lendemain » , et la façon méprisante dont l' avait entendu parler de , comme d' une ancienne de la vie galante ; mais sa fierté d' amant se révoltait , et aurait presque souhaité que Déchelette la trouvât encore belle et désirable .","VIMP de se VSENT avec le NC ADJ de le NCmod "" pas un NCmod "" , et le façon ADJ dont le avoir VCOG INF de , comme de un NC de le NCmod ADJ ; mais DETPOSS NCSENT de NCmod se VIMP , et avoir presque VSENT que NP le VSUBI encore ADJ et ADJ ."
715,Daudet/1884_Daudet_sapho_N.txt,Ah !,INTJ !
716,Daudet/1884_Daudet_sapho_N.txt,ce vieux toqué de Césaire avait bien besoin de rouvrir ainsi toutes les plaies .,ce ADJ NCs de NP avoir bien NCo de INF ainsi tout le NCo .
717,Daudet/1884_Daudet_sapho_N.txt,Enfin le mantelet de Fanny tourna l' angle de la rue .,PHASE le NCs de NP VPS le NCo de le NCmod .
718,Daudet/1884_Daudet_sapho_N.txt,Elle rentrait rayonnante : — C' est fait ... j' ai l' argent .,il PRES ADJ : — ce être faire ... je avoir le NCo .
719,Daudet/1884_Daudet_sapho_N.txt,"Les huit mille francs étalés devant lui , l' oncle pleurait de joie , voulait faire un reçu , fixer les intérêts , la date de le remboursement .","le NUM NUM NC PPAS ADVLIEU lui , le NCs VCOND de NCSENT , vouloir faire un NCo , INF le NCSENT , le NC de le NCmod ."
720,Daudet/1884_Daudet_sapho_N.txt,"— Inutile , mon oncle ... Je n' ai pas prononcé votre nom ... C' est à moi qu' on a prêté cet argent , c' est à moi que vous le devez , et aussi longtemps qu ' vous plaira .","— NP , DETPOSS NC ... je ne avoir pas PPAS DETPOSS NCo ... ce être à soi que on avoir PPAS ce NCo , ce être à soi que vous le devoir , et aussi longtemps que ' vous VF ."
721,Daudet/1884_Daudet_sapho_N.txt,"— De les services pareils , mon enfant , répondait Césaire transporté de reconnaissance , on les paye avec de l' amitié qui ne finit plus ... Et dans la gare , où Gaussin l' accompagnait pour être assuré cette fois de son départ , répétait les larmes à les yeux : — Quelle femme , quel trésor !","— de le NCmod ADJ , DETPOSS NCs , VDIC NP PPAS de NC , on le PRES avec de le NC qui ne VASP plus ... et dans le NC , où NP le VIMP pour être PPAS ce fois de DETPOSS NCmod , VIMP le NCo à le NCCOR : — quel NC , quel NCs !"
722,Daudet/1884_Daudet_sapho_N.txt,"... faut la rendre heureuse , vois -tu ... Jean resta très fâché de cette aventure , sentant sa chaîne , déjà si lourde , se river de plus en plus , et se confondre deux choses que sa délicatesse native avait toujours tenues séparées et distinctes : la famille et sa liaison .","... PRES le INF ADJ , NUM il ... NP VPS très VSENT de ce NCmod , sentir DETPOSS NCo , déjà si ADJ , se INF de plus en plus , et se INF NUM chose que DETPOSS NCSENT ADJ avoir ADVTEMPS PPAS ADJ et ADJ : le NC et DETPOSS NC ."
723,Daudet/1884_Daudet_sapho_N.txt,"À présent , Césaire mettait la maîtresse à le courant de ses travaux , de ses plantations , lui donnait de les nouvelles de tout Castelet ; et Fanny critiquait l' obstination de le consul dans l' affaire de les vignes , parlait de la santé de la mère , irritait Jean d' une sollicitude ou de conseils déplacés .","à NC , NP mettre le NCo à le NC de DETPOSS NCmod , de DETPOSS NC , lui VIMP de le NC de tout NP ; et NP VIMP le NCo de le NCmod dans le NC de le NCmod , VIMP de le NC de le NCmod , VSENT NP de un NCmod ou de NC ADJ ."
724,Daudet/1884_Daudet_sapho_N.txt,"Jamais d' allusion à le service rendu par exemple , ni à l' ancienne aventure de le Fénat , à cette tare de la maison d' Armandy , que l' oncle avait livrée devant elle .","ADVTEMPS de NC à le NCmod PPAS par NC , ni à le ADJ NC de le NP , à ce NC de le NCmod de NP , que le NCs avoir PPAS ADVLIEU il ."
725,Daudet/1884_Daudet_sapho_N.txt,"Une seule fois elle s' en faisait une arme de riposte , dans les circonstances que voici : Ils rentraient de le théâtre , et montaient en voiture , sous la pluie , à une station de le boulevard .","un ADJ fois il se en faire un NCo de NCmod , dans le NC que voici : il VIMP de le NC , et VIMP en NC , sous le NC , à un NC de le NCmod ."
726,Daudet/1884_Daudet_sapho_N.txt,"L' équipage , une de ces guimbardes qui ne roulent qu' après minuit , fut long à démarrer , l' homme endormi , la bête secouant sa musette .","le NCs , un de ce NCmod qui ne PRES que PHASE NC , être ADJ à INF , le NCo ADJ , le NC PPRES DETPOSS NCo ."
727,Daudet/1884_Daudet_sapho_N.txt,"Pendant qu' ils attendaient à couvert dans le fiacre , un vieux cocher , en train de rajuster une mèche à son fouet , s' approcha tranquillement de la portière , son filin entre les dents , et dit à Fanny d' une voix cassée qui puait le vin : — Bonsoir ... Comment qu' à ça va ?","PHASE que il VIMP à ADJ dans le NC , un ADJ NCs , en NC de INF un NCo à DETPOSS NC , se VPS ADVMAN de le NC , DETPOSS NC entre le NCCOR , et VDIC à NP de un NCMAN ADJ qui VIMP le NCo : — NP ... comment que à ça aller ?"
728,Daudet/1884_Daudet_sapho_N.txt,"— Tiens , c' est vous ?","— NP , ce être vous ?"
729,Daudet/1884_Daudet_sapho_N.txt,"Elle eut un petit tressaut vite réprimé et , tout bas , à son amant : — Mon père !","il avoir un ADJ NCo ADV PPAS et , tout ADJ , à DETPOSS NC : — DETPOSS NC !"
730,Daudet/1884_Daudet_sapho_N.txt,"... Son père , ce maraudeur à la longue lévite d' ancienne livrée , souillée de boue , à les boutons de métal arrachés , et montrant sous le gaz de le trottoir une face bouffie , apoplectisée d' alcool , où Gaussin croyait retrouver en vulgaire le profil régulier et sensuel de Fanny , ses larges yeux de jouisseuse !","... DETPOSS NC , ce NC à le ADJ NCmod de ADJ NCmod , PPAS de NC , à le NC de NCmod PPAS , et PPRES sous le NC de le INF un NC ADJ , PPAS de NC , où NP VCOG INF en NC le NCo ADJ et ADJ de NP , DETPOSS ADJ NCCOR de NCmod !"
731,Daudet/1884_Daudet_sapho_N.txt,"Sans se préoccuper de l' homme qui accompagnait sa fille , et comme s ' ne l' eût pas vu , le père Legrand donnait de les nouvelles de la maison .","sans se VSENT de le NC qui VIMP DETPOSS NCo , et comme s ' ne le avoir pas VCOG , le NCs NP VIMP de le NC de le NCmod ."
732,Daudet/1884_Daudet_sapho_N.txt,"— La vieille est à Necker depuis quinze jours , elle file un mauvais coton ... Va donc la voir un de ces jeudis , ça y donnera de le courage ... Moi , heureusement , le coffre est solide ; toujours bon fouet , bonne mèche .","— le NCs être à INF depuis NUM NCT , il PRES un ADJ NCo ... NP donc le VCOG un de ce ADVT , ça y VF de le NC ... soi , heureusement , le NCs être ADJ ; ADVTEMPS ADJ NC , ADJ NC ."
733,Daudet/1884_Daudet_sapho_N.txt,"Seulement le commerce ne va pas fort ... Si t' avais besoin d' un bon cocher à le mois , ça ferait joliment mon affaire ... Non ?","seulement le NCs ne aller pas fort ... si le avoir NCo de un ADJ NCmod à le NCT , ça faire ADV DETPOSS NCo ... non ?"
734,Daudet/1884_Daudet_sapho_N.txt,"tant pis alors , et à la revoyure ... Ils se serrèrent les mains mollement ; le fiacre partit .","tant PPAS alors , et à le NC ... il se VPS le NCCOR ADVMAN ; le NC ADJ ."
735,Daudet/1884_Daudet_sapho_N.txt,« Hein ?,""" NP ?"
736,Daudet/1884_Daudet_sapho_N.txt,"crois -tu ... » murmurait Fanny ; et tout de suite elle se mit à lui parler longuement de sa famille , ce qu' elle avait toujours évité ... « c' était si laid , si bas ... » mais on se connaissait mieux maintenant ; on n' avait plus rien à se cacher .","VCOG il ... "" VDIC NP ; et tout de NCmod il se mettre à lui INF ADV de DETPOSS NC , ce que il avoir ADVTEMPS PPAS ... "" ce être si ADJ , si ADJ ... "" mais on se VIMP mieux ADVT ; on ne avoir plus ADV à se INF ."
737,Daudet/1884_Daudet_sapho_N.txt,"Elle était née à le Moulin-aux-Anglais , dans la banlieue , de ce père , ancien dragon , qui faisait le service de les voitures de Paris à Châtillon , et d' une servante d' auberge , entre deux tournées de comptoir .","il être PPAS à le NP , dans le NC , de ce NC , ADJ NC , qui faire le NCo de le NCmod de NP à NP , et de un NC de NCmod , entre NUM NCmod de NCmod ."
738,Daudet/1884_Daudet_sapho_N.txt,"Elle n' avait pas connu sa mère , morte en couches ; seulement les patrons de le relais , braves gens , obligèrent le père à reconnaître sa petite et à payer les mois de nourrice .","il ne avoir pas PPAS DETPOSS NCo , PPAS en NC ; seulement le NCo de le NCmod , ADJ NC , VPS le NCo à VCOG DETPOSS ADJ et à INF le NCT de NCmod ."
739,Daudet/1884_Daudet_sapho_N.txt,"n' osa pas refuser , car devait gros dans la maison , et quand Fanny eut quatre ans l' emmenait sur sa voiture comme un petit chien , nichée en haut , sous la bâche , amusée de rouler ainsi par les chemins , de voir la lumière de les lanternes courir de les deux côtés , fumer et haleter le dos de les bêtes , de s' endormir à le noir , à la bise , en entendant sonner les grelots .","ne VPS pas INF , car devoir ADV dans le NC , et quand NP avoir NUM NCT le VIMP sur DETPOSS NC comme un ADJ NC , PPAS en NC , sous le NC , VSENT de INF ainsi par le NC , de VCOG le NCo de le NCmod INF de le NUM NC , INF et INF le NCCOR de le NCmod , de se INF à le NC , à le NC , en VCOG INF le NCo ."
740,Daudet/1884_Daudet_sapho_N.txt,"Mais le père Legrand se fatigua vite de cette pose à la paternité ; si peu que ça coûtât , fallait la nourrir , l' habiller , cette morveuse .","mais le NCs NP se VSENT ADV de ce NC à le NCmod ; si peu que ça VSUBI , VIMP le INF , le INF , ce NC ."
741,Daudet/1884_Daudet_sapho_N.txt,"Puis elle le gênait pour un mariage avec la veuve d' un maraîcher dont guignait les cloches à melon , les choux en carrés alignés sur son itinéraire .","puis il le VSENT pour un NC avec le NCmod de un NCmod dont VIMP le NCs à NCmod , le NC en NCmod PPAS sur DETPOSS NC ."
742,Daudet/1884_Daudet_sapho_N.txt,"Elle eut alors la sensation très nette que son père voulait la perdre ; c' était son idée fixe d' ivrogne , se débarrasser de l' enfant à toute force , et si la veuve elle-même , la brave mère Machaume , n' avait pris la fillette sous sa protection ... — À le fait tu l' as connue , Machaume , dit Fanny .","il avoir alors le NCSENT très ADJ que DETPOSS NCs vouloir le NCo ; ce être DETPOSS NC PRES de NC , se INF de le NC à tout NCSENT , et si le NC elle-même , le ADJ NCs NP , ne avoir PPAS le NCo sous DETPOSS NCmod ... — à le NC je le avoir PPAS , NP , VDIC NP ."
743,Daudet/1884_Daudet_sapho_N.txt,— Comment !,— comment !
744,Daudet/1884_Daudet_sapho_N.txt,"cette servante que j' ai vue chez toi ... — C' était ma belle-mère ... Elle avait été si bonne pour moi quand j' étais petite ; je la prenais pour l' arracher à son gueux de mari qui , après lui avoir mangé tout son bien , la rouait de coups , l' obligeait à servir une gaupe avec laquelle vivait ... Ah !","ce NC que je avoir VCOG chez soi ... — ce être DETPOSS NC ... il avoir être si ADJ pour soi quand je être ADJ ; je le VIMP pour le INF à DETPOSS NC de NCmod qui , PHASE lui avoir PPAS tout NCo bien , le NCo de NCmod , le VIMP à INF un NCo avec lequel VIMP ... NP !"
745,Daudet/1884_Daudet_sapho_N.txt,"la pauvre Machaume , elle sait ce que coûte un bel homme .","le ADJ NP , il VCOG ce que PRES un ADJ NCs ."
746,Daudet/1884_Daudet_sapho_N.txt,Eh bien !,INTJ bien !
747,Daudet/1884_Daudet_sapho_N.txt,"quand elle m' a eu quittée , malgré tout ce que j' ai pu lui dire , elle est courue se remettre avec lui et , maintenant , la voilà à l' hospice .","quand il lui avoir avoir PPAS , malgré tout ce que je avoir pouvoir lui VDIC , il être PPAS se INF avec lui et , ADVT , le voilà à le NC ."
748,Daudet/1884_Daudet_sapho_N.txt,"Comme se laisse aller sans elle , le vieux gredin !","comme se laisser aller sans il , le ADJ NCs !"
749,Daudet/1884_Daudet_sapho_N.txt,était - sale !,être - ADJ !
750,Daudet/1884_Daudet_sapho_N.txt,quelle mine de rouleur !,quel NC de NCmod !
751,Daudet/1884_Daudet_sapho_N.txt,n' y a que son fouet ... as -tu vu comme le tenait droit ?,ne y avoir que DETPOSS NCs ... avoir -tre VCOG comme le VIMP NCs ?
752,Daudet/1884_Daudet_sapho_N.txt,"... Même saoul à tomber , le porte devant lui comme un cierge , le serre dans sa chambre ; n' a jamais eu que ça de propre ... Bon fouet , bonne mèche , c' est son mot .","... même ADJ à INF , le PRES ADVLIEU lui comme un NC , le NC dans DETPOSS NCmod ; ne avoir ADVTEMPS avoir que ça de ADJ ... NP INTJ , ADJ NC , ce être DETPOSS NC ."
753,Daudet/1884_Daudet_sapho_N.txt,"Elle en parlait inconsciemment , ainsi que d' un étranger , sans dégoût ni honte ; et Jean s' épouvantait à l' entendre .","il en VIMP ADVMAN , ainsi que de un NC , sans NCSENT ni NCSENT ; et NP se VSENT à le VCOG ."
754,Daudet/1884_Daudet_sapho_N.txt,Ce père !,ce NC !
755,Daudet/1884_Daudet_sapho_N.txt,... cette mère !,... ce NC !
756,Daudet/1884_Daudet_sapho_N.txt,... en face de la figure sévère de le consul et de l' angélique sourire de Mme Gaussin !,... en NC de le NCCOR ADJ de le NCmod et de le ADJ NCMAN de madame NP !
757,Daudet/1884_Daudet_sapho_N.txt,"... Et comprenant tout à coup ce qu' y avait dans le silence de son amant , quelle révolte contre ce gâchis social dont s' éclaboussait auprès d' elle : — Après tout , dit Fanny sur un ton philosophe , c' est un peu ça dans toutes les familles , on n' en est pas responsable ... moi , j' ai mon père Legrand ; toi , tu as ton oncle Césaire .","... et VCOG tout à NC ce que y avoir dans le NC de DETPOSS NCmod , quel NCSENT contre ce NCmod ADJ dont se VIMP ADV de il : — PHASE tout , VDIC NP sur un NCmod NCmod , ce être un peu ça dans tout le NC , on ne en être pas ADJ ... soi , je avoir DETPOSS NCo ADJ ; soi , je avoir DETPOSS NCo NP ."
758,Daudet/1884_Daudet_sapho_N.txt,"Table de les matières « Mon cher enfant , je t' écris encore toute tremblante de le gros tourment que nous venons d' avoir ; nos bessonnes disparues , parties de Castelet pendant tout un jour , une nuit et la matinée de le lendemain !","ADJ de le NC "" DETPOSS ADJ NC , je lui PRES encore tout NCs de le ADJ NCSENT que nous venir de avoir ; DETPOSS NC ADJ , NC de NP PHASE tout un NCT , un NCT et le NC de le NCmod !"
759,Daudet/1884_Daudet_sapho_N.txt,"... « C' est dimanche , à l' heure de le déjeuner , qu' on s' est aperçu que les petites manquaient .","... "" ce être ADVT , à le NCT de le NCmod , que on se être PPAS que le NCs VIMP ."
760,Daudet/1884_Daudet_sapho_N.txt,"Je les avais faites belles pour la messe de huit heures où le consul devait les conduire , puis je ne m' en étais plus occupée , retenue auprès de la mère plus nerveuse que d' habitude , comme sentant le malheur qui rôdait autour de nous .","je le avoir faire ADJ pour le NC de NUM NCT où le NCs devoir le INF , puis je ne se en être plus PPAS , PPAS ADV de le NC plus ADJ que de NC , comme sentir le NCo qui VIMP ADV de nous ."
761,Daudet/1884_Daudet_sapho_N.txt,"Tu sais qu' elle a toujours eu ça depuis sa maladie , de prévoir ce qui doit arriver ; et moins elle peut bouger , plus sa tête travaille .","je VCOG que il avoir ADVTEMPS avoir ça depuis DETPOSS NC , de INF ce qui devoir INF ; et moins il pouvoir INF , plus DETPOSS NCCOR PRES ."
762,Daudet/1884_Daudet_sapho_N.txt,"« Ta mère dans sa chambre heureusement , tu nous vois tous à la salle , attendant les petites ; on les appelle par le clos , le berger souffle avec sa grosse coquille à ramener les brebis , puis Césaire d' un côté , moi d' un autre , Rousseline , Tardive , nous voilà tous à galoper dans Castelet et , chaque fois , en nous rencontrant : « Eh bien ?",""" NP PRES dans DETPOSS NC heureusement , je nous ADV tout à le NC , PPRES le NCo ; on le PRES par le NC , le NC VSENT avec DETPOSS ADJ NC à INF le NCo , puis NP de un NCmod , soi de un autre , NP , NP , nous voilà tout à INF dans NP et , chaque fois , en nous PPRES : "" INTJ bien ?"
763,Daudet/1884_Daudet_sapho_N.txt,— Rien vu .,— rien VCOG .
764,Daudet/1884_Daudet_sapho_N.txt,"» À la fin on n' osait plus demander ; le cœur battant , on allait à le puits , à le bas de les hautes fenêtres de le grenier ... Quelle journée !",""" à le NC on ne VIMP plus INF ; le NC ADJ , on aller à le NC , à le NC de le ADJ NCmod de le NCmod ... quel NCT !"
765,Daudet/1884_Daudet_sapho_N.txt,"... et me fallait monter à tout moment près de ta mère , sourire d' un air tranquille , expliquer l' absence de les petites en disant que je les avais envoyées passer le dimanche chez leur tante de Villamuris .","... et me VIMP INF à tout NC ADVLIEU de ta NC , ADV de un NCMAN ADJ , VDIC le NCo de le NCmod en VDIC que je le avoir PPAS INF le ADVT chez lui tant de NP ."
766,Daudet/1884_Daudet_sapho_N.txt,"Elle avait paru le croire ; mais tard dans la soirée , pendant que je la veillais , guettant derrière la vitre les lumières qui couraient dans la plaine et sur le Rhône à la recherche de les enfants , je l' entendis qui pleurait doucement dans son lit ; et comme je l' interrogeais : « Je pleure pour quelque chose que l' on me cache , mais que j' ai deviné tout de même ... » , me répondit -elle de cette voix de petite fille qui lui est revenue à force de souffrance ; et sans plus nous parler , nous nous inquiétions toutes deux , à part dans notre chagrin ... « Enfin , mon cher enfant , pour ne pas faire durer cette pénible histoire , le lundi matin nos petites nous furent ramenées par les ouvriers que ton oncle occupe dans l' île et qui les avaient trouvées sur un tas de sarments , pâles de froid et de faim après cette nuit en plein air , à le milieu de l' eau .","il avoir paraître le VCOG ; mais tard dans le NCT , PHASE que je le VIMP , PPRES ADVLIEU le INF le NC qui VIMP dans le NC et sur le NP à le NCmod de le NCmod , je le NC qui VIMP ADVMAN dans DETPOSS NC ; et comme je le VIMP : "" je PRES pour quelque chose que l' on me PRES , mais que je avoir VCOG tout de même ... "" , me VDIC il de ce NCMAN de ADJ NCmod qui lui être PPAS à NCSENT de NCSENT ; et sans plus nous INF , nous nous NCmod tout NUM , à NCmod dans DETPOSS NCSENT ... "" PHASE , DETPOSS ADJ NC , pour ne pas faire INF ce ADJ NCo , le ADVT NCT DETPOSS ADJ nous être PPAS par le NC que DETPOSS NCmod ADJ dans le NCmod et qui le avoir PPAS sur un NC de NCmod , NC de NCmod et de NC PHASE ce NCT en ADJ NCMAN , à le milieu de le NCmod ."
767,Daudet/1884_Daudet_sapho_N.txt,Et voici ce qu' elles nous ont conté dans l' innocence de leurs petits cœurs .,et voici ce que il nous avoir PPAS dans le NC de DETPOSS ADJ NCmod .
768,Daudet/1884_Daudet_sapho_N.txt,"Depuis longtemps l' idée les tourmentait de faire comme leurs patronnes Marthe et Marie dont elles avaient lu l' histoire , de s' en aller dans un bateau sans voiles , ni rames , ni provisions d' aucune sorte , répandre l' évangile sur le premier rivage où les pousserait le souffle de Dieu .","depuis longtemps le NCs le VIMP de faire comme DETPOSS NC NP et NP dont il avoir PPAS le NCo , de se en aller dans un NC sans NCmod , ni NC , ni NC de aucun sorte , INF le NCo sur le ADJ NCmod où le VCOND le NCs de NP ."
769,Daudet/1884_Daudet_sapho_N.txt,"Dimanche donc après la messe , détachant une barque à la pêcherie et s' agenouillant à le fond comme les saintes femmes , tandis que le courant les emportait , elles s' en sont allées doucement , échouer dans les roseaux de la Piboulette , malgré les grandes eaux de la saison , les coups de vent , les révouluns ... Oui , le bon Dieu les gardait et c' est lui qui nous les a rendues , les jolies !","ADVT donc PHASE le NCmod , PPRES un NCo à le NCmod et se PPRES à le NC comme le ADJ NC , PHASE que le NCs le VIMP , il se en être aller ADVMAN , INF dans le NC de le NP , malgré le ADJ NC de le NCmod , le NC de NCmod , le NC ... oui , le ADJ NP le VIMP et ce être lui qui nous le avoir PPAS , le NC !"
770,Daudet/1884_Daudet_sapho_N.txt,ayant un peu fripé leurs guimpes de le dimanche et gâté la dorure de leurs paroissiens .,avoir un peu PPAS DETPOSS NCo de le ADVT et PPAS le NCo de DETPOSS NCmod .
771,Daudet/1884_Daudet_sapho_N.txt,"On n' a pas eu la force de les gronder , seulement de grands baisers à bras ouverts ; mais nous sommes tous restés malades de la peur que nous avons eue .","on ne avoir pas avoir le NCSENT de le INF , seulement de ADJ NC à NCCOR ADJ ; mais nous être tout PPAS NCo de le NCSENT que nous avoir PPAS ."
772,Daudet/1884_Daudet_sapho_N.txt,"« La plus frappée , c' est ta mère qui , sans que nous lui ayons encore rien raconté , a senti , comme elle dit , passer la mort sur castelet , et garde , elle si tranquille , si gaie d' ordinaire , une tristesse que rien ne peut guérir , malgré que ton père , moi , tout le monde nous nous serrions tendrement autour d' elle ... Et si je te disais , mon Jean , que c' est de toi , surtout , qu' elle languit et s' inquiète .",""" le plus ADJ , ce être VPS NCo qui , sans que nous lui avoir encore rien PPAS , avoir sentir , comme il VDIC , INF le NCo sur NCmod , et NC , il si NC , si NCs de NCmod , un NCSENT que rien ne pouvoir INF , malgré que DETPOSS NCs , soi , tout le NCmod nous nous VIMP ADVMAN ADV de il ... et si je me VDIC , son NP , que ce être de soi , surtout , que il PRES et se VSENT ."
773,Daudet/1884_Daudet_sapho_N.txt,"Elle n' ose pas l' avouer devant le père qui veut qu' on te laisse à ton travail , mais tu n' es pas venu après ton examen comme tu l' avais promis .","il ne PRES pas le VDIC ADVLIEU le NC qui vouloir que on me laisser à DETPOSS NC , mais je ne être pas venir PHASE DETPOSS NC comme je le avoir PPAS ."
774,Daudet/1884_Daudet_sapho_N.txt,Fais -nous la surprise pour les fêtes de Noël ; que notre malade reprenne son bon sourire .,faire le le NCSENT pour le NCmod de NP ; que DETPOSS NCs VSUBP DETPOSS ADJ NCMAN .
775,Daudet/1884_Daudet_sapho_N.txt,"Si tu savais , quand on ne les a plus , ses vieux , comme on regrette de ne pas leur avoir donné plus de temps ... » Debout près de la fenêtre où filtrait un jour paresseux d' hiver sous le brouillard , Jean lisait cette lettre , en savourait le bouquet sauvage , les chers souvenirs de tendresse et de soleil .","si je VCOG , quand on ne le avoir plus , DETPOSS ADJ , comme on PRES de ne pas lui avoir PPAS plus de temps ... "" ADV ADVLIEU de le NC où VCOND un NCT ADJ de INF sous le NC , NP VIMP ce NCo , en VCOND le NCs ADJ , le ADJ NC de NCSENT et de NC ."
776,Daudet/1884_Daudet_sapho_N.txt,— Qu' est -ce que c' est ?,— que être ce que ce être ?
777,Daudet/1884_Daudet_sapho_N.txt,"... fais voir ... Fanny venait de s' éveiller à la jaune lueur de le rideau écarté et , toute bouffie de sommeil , allongeait machinalement la main vers le paquet de maryland à demeure sur la table de nuit .","... faire VCOG ... NP venir de se INF à le ADJCOL NC de le NCmod PPAS et , tout NCs de NCmod , VIMP ADV le NCCOR vers le NC de NCmod à NCmod sur le NCmod de NCT ."
778,Daudet/1884_Daudet_sapho_N.txt,"hésita , sachant la jalousie qu' exaspérait en sa maîtresse le nom seul de Divonne ; mais comment dissimuler le billet dont elle reconnaissait la provenance et le format ?","NC , VCOG le NCo que VSENT en DETPOSS NC le NCs ADJ de NP ; mais comment INF le NCo dont il VCOG le NCo et le NC ?"
779,Daudet/1884_Daudet_sapho_N.txt,"D' abord l' escapade de les fillettes l' émut gentiment , tandis que , les bras et la gorge à l' air , dressée sur l' oreiller dans le flot de ses cheveux bruns , elle lisait tout en roulant une cigarette ; mais la fin l' irrita jusqu' à la fureur , et chiffonnant et jetant la lettre par la chambre : — Je t' en collerai , moi , de les saintes femmes !","de NC le NCs de le NCmod le PRES ADVMAN , PHASE que , le NCCOR et le NCCOR à le NCMAN , PPAS sur le NC dans le NC de DETPOSS NCCOR ADJCOL , il VIMP tout en PPRES un NCo ; mais le NCs le VSENT jusque à le NC , et VSENT et PPRES le NCo par le NC : — je lui en VCOND , soi , de le ADJ NC !"
780,Daudet/1884_Daudet_sapho_N.txt,"... Tout ça de les inventions pour te faire partir ... Son beau neveu lui manque à cette ... voulut l' arrêter , empêcher le mot ordurier qu' elle lança et bien d' autres à la file .","... tout ça de le NCmod pour me faire INF ... DETPOSS ADJ NCs lui PRES à ce ... vouloir le INF , INF le NCo NC que il VPS et bien de autre à le NCmod ."
781,Daudet/1884_Daudet_sapho_N.txt,"Jamais elle ne s' était encore emportée aussi grossièrement devant lui , dans ce débordement de colère fangeuse , d' égout crevé lâchant sa vase et sa puanteur .","ADVTEMPS il ne se être encore PPAS aussi ADVMAN ADVLIEU lui , dans ce NC de NCSENT ADJ , de NC PPAS PPRES DETPOSS NCo et DETPOSS NC ."
782,Daudet/1884_Daudet_sapho_N.txt,"Tout l' argot de son passé de fille et de voyou gonflait son cou , détendait sa lèvre .","tout le NCs de DETPOSS NCmod de NCmod et de NC VIMP DETPOSS NCCOR , VIMP DETPOSS NCCOR ."
783,Daudet/1884_Daudet_sapho_N.txt,"Pas malin de voir ce qu' ils voulaient tous là-bas ... Césaire avait parlé , et l' on combinait ça en famille de rompre leur liaison , de l' attirer à le pays avec la belle charpente de la Divonne pour amorce .","pas ADJ de VCOG ce que il vouloir tout ADVLIEU ... NP avoir PPAS , et l' on VIMP ça en NC de INF lui NCo , de le VSENT à le NC avec le ADJ NC de le NP pour NCmod ."
784,Daudet/1884_Daudet_sapho_N.txt,"— D' abord , tu sais , si tu pars , moi je lui écris à ton cocu ... Je l' avertis ... ah mais !","— de NC , je VCOG , si je PRES , soi je lui PRES à DETPOSS NC ... je le PPAS ... INTJ mais !"
785,Daudet/1884_Daudet_sapho_N.txt,"... En parlant , elle se ramassait haineusement sur le lit , blême , la face creuse , les traits grandis , comme une bête méchante prête à bondir .","... en PPRES , il se VIMP ADVMAN sur le NC , NC , le NC ADJ , le NCo ADV , comme un NCmod ADJ ADJ à INF ."
786,Daudet/1884_Daudet_sapho_N.txt,"Et Gaussin se rappelait l' avoir vue ainsi rue de l' Arcade ; mais c' était contre lui maintenant , cette haine rugie qui lui donnait la tentation de tomber sur sa maîtresse et de la battre , car en ces amours de chair où l' estime et le respect de l' être aimé sont néant , la brutalité surgit toujours dans la colère ou les caresses .","et NP se VIMP le avoir VCOG ainsi NCo de le NP ; mais ce être contre lui ADVT , ce ADJ NC qui lui VIMP le NCSENT de INF sur DETPOSS NC et de le INF , car en ce NCSENT de INF où le NCSENT et le NC de le être VSENT être ADJ , le NCs PRES ADVTEMPS dans le NCSENT ou le NC ."
787,Daudet/1884_Daudet_sapho_N.txt,"eut peur de lui-même , s' échappa pour son bureau , et tout en marchant s' indignait contre cette vie qu ' s' était faite .","avoir NCSENT de soi-même , se VPS pour DETPOSS NC , et tout en PPRES se VSENT contre ce NC que ' se être faire ."
788,Daudet/1884_Daudet_sapho_N.txt,Ça lui apprendrait à se livrer à une pareille femme !,ça lui VCOND à se INF à un ADJ NC !
789,Daudet/1884_Daudet_sapho_N.txt,"... Que d' infamies , que d' horreurs !","... que de NC , que de NC !"
790,Daudet/1884_Daudet_sapho_N.txt,"... Ses sœurs , sa mère , y en avait eu pour tout le monde ... Quoi !","... DETPOSS NC , DETPOSS NC , y en avoir avoir pour tout le NC ... quoi !"
791,Daudet/1884_Daudet_sapho_N.txt,pas même le droit d' aller voir les siens .,pas même le NC de aller VCOG le NCo .
792,Daudet/1884_Daudet_sapho_N.txt,Mais dans quel bagne s' était- donc enfermé ?,mais dans quel NC se était- donc PPAS ?
793,Daudet/1884_Daudet_sapho_N.txt,"Et toute l' histoire de leur liaison lui apparaissant , voyait comment les beaux bras nus de l' égyptienne , noués à son cou le soir de le bal , s' étaient cramponnés despotes et forts , l' isolant de ses amis , de sa famille .","et tout le NCs de lui NCmod lui PPRES , VCOG comment le ADJ NCCOR ADJ de le NCmod , PPAS à DETPOSS NCCOR le NCT de le NCmod , se être PPAS ADJ et fort , le PPRES de DETPOSS NC , de DETPOSS NC ."
794,Daudet/1884_Daudet_sapho_N.txt,"Maintenant , sa résolution était prise .","ADVT , DETPOSS NCspas être PPAS ."
795,Daudet/1884_Daudet_sapho_N.txt,"Le soir même et , coûte que coûte , partirait pour Castelet .","le NCT même et , PRES que NCs , VCOND pour NP ."
796,Daudet/1884_Daudet_sapho_N.txt,"Quelques affaires expédiées , son congé obtenu à le ministère , revint chez lui de bonne heure , s' attendant à une scène terrible , prêt à tout , même à la rupture .","quelque NCs ADJ , DETPOSS NC PPAS à le NC , VPS chez lui de ADJ NCT , se PPRES à un NC ADJ , NC à tout , même à le NCmod ."
797,Daudet/1884_Daudet_sapho_N.txt,"Mais le bonjour bien doux que Fanny lui dit tout de suite , ses yeux gros , ses joues comme amollies de larmes , lui laissèrent à peine le courage d' une volonté .","mais le NC bien ADJ que NP lui VDIC tout de NC , DETPOSS NCCOR ADJ , DETPOSS NCs comme NCmod de NCmod , lui laisser à NCSENT le NCo de un NCmod ."
798,Daudet/1884_Daudet_sapho_N.txt,— Je pars ce soir ... fit- en se raidissant .,— je PRES ce NCT ... ADV en se PPRES .
799,Daudet/1884_Daudet_sapho_N.txt,"— Tu as raison , m' ami ... Va voir ta mère , et surtout ... Elle se rapprochait câlinement ... Oublie comme j' ai été méchante , je t' aime trop , c' est ma folie ... Tout le restant de le jour , faisant la malle avec de coquettes sollicitudes , ramenée à la douceur de les premiers temps , elle garda cette attitude repentie , peut-être dans l' espoir de le retenir .","— je avoir NC , le NCo ... NP VCOG VPS NCs , et surtout ... il se VIMP ADVMAN ... NP comme je avoir être ADJ , je lui VSENT trop , ce être DETPOSS NC ... tout le NC de le NCT , faire le NCo avec un NC ADJ , PPAS à le NC de le ADJ temps , il VPS ce NCo PPAS , peut-être dans le NCSENT de le INF ."
800,Daudet/1884_Daudet_sapho_N.txt,"Pourtant , pas une fois elle ne lui demanda : « Reste ... » et lorsque à la dernière minute , tout espoir perdu devant les apprêts définitifs , elle se frôlait , se serrait contre son amant , tâchant de l' imprégner d' elle pour toute la durée de la route et de l' absence , son adieu , son baiser ne murmurèrent que ceci : — Dis , Jean , tu ne m' en veux pas ?","pourtant , pas un fois il ne lui VPS : "" rester ... "" et lorsque à le ADJ NCT , tout NCSENT PPAS ADVLIEU le NC ADJ , il se VIMP , se VCOND contre DETPOSS NC , PPRES de le INF de il pour tout le NC de le NCmod et de le NC , DETPOSS NC , DETPOSS NCs ne VPS que ceci : — dis , NP , je ne se en vouloir pas ?"
801,Daudet/1884_Daudet_sapho_N.txt,... Oh !,... INTJ !
802,Daudet/1884_Daudet_sapho_N.txt,"l' ivresse , à le matin , de s' éveiller dans sa petite chambre d' enfant , le cœur encore chaud de les étreintes familiales , de les belles effusions de l' arrivée , de retrouver à la même place , sur la moustiquaire de son lit étroit , la même barre lumineuse qu' y cherchaient ses réveils passés , d' entendre les cris de les paons sur leurs perchoirs , grincer la poulie de le puits , le culbutement à pattes pressées de le troupeau , et lorsqu ' eut fait claquer ses volets à la muraille , de revoir cette belle lumière chaude qui entrait par nappes , en tombée d' écluse , et ce merveilleux horizon de vignes en pente , de cyprès , d' oliviers et de miroitants bois de pins , se perdant jusqu' à le Rhône sous un ciel profond et pur , sans un duvet de brume malgré l' heure matinale , un ciel vert , balayé toute la nuit par le mistral qui remplissait encore l' immense vallée de son souffle allègre et fort .","le NCSENT , à le NCT , de se INF dans DETPOSS ADJ NC de NCmod , le NC encore ADJ de le NCmod ADJ , de le ADJ NC de le NCmod , de INF à le même NC , sur le NC de DETPOSS NCmod ADJ , le même NC ADJ que y VIMP DETPOSS NCs PPAS , de VCOG le NCo de le NCmod sur DETPOSS NCmod , INF le NCo de le NCmod , le NC à NCmod PPAS de le NC , et lorsque ' avoir faire INF DETPOSS NCo à le NC , de VCOG ce ADJ NCo ADJ qui VIMP par NC , en NC de NCmod , et ce ADJ NC de NCmod en NCmod , de NC , de NC et de NC NCmod de NCmod , se PPRES jusque à le NP sous un NC ADJ et ADJ , sans un NCCOR de NCmod malgré le NCT ADJ , un NCo ADJCOL , PPAS tout le NCT par le NC qui VIMP encore le ADJ NCo de DETPOSS NCmod ADJ et fort ."
803,Daudet/1884_Daudet_sapho_N.txt,"Jean comparait ce réveil à ceux de là-bas sous un ciel boueux comme son amour , et se sentait heureux et libre .","NP VIMP ce NCo à celui de ADVLIEU sous un NC ADJ comme DETPOSS NCSENT , et se sentir ADJ et ADJ ."
804,Daudet/1884_Daudet_sapho_N.txt,descendit .,VPS .
805,Daudet/1884_Daudet_sapho_N.txt,"La maison blanche de soleil dormait encore , tous ses volets fermés comme de les yeux ; et fut heureux d' un moment de solitude pour se reprendre , dans cette convalescence morale qu ' sentait commencer pour lui .","le NCs ADJCOL de NCmod VIMP encore , tout DETPOSS NC ADJ comme de le NCCOR ; et être ADJ de un NC de NCmod pour se INF , dans ce NC ADJ que ' sentir VASP pour lui ."
806,Daudet/1884_Daudet_sapho_N.txt,"fit quelques pas sur la terrasse , prit une allée montante de le parc , ce qu' on appelait le parc , un bois de pins et de myrtes jetés à le hasard dans la côte rude de Castelet , coupée de sentiers inégaux tout glissants d' aiguilles sèches .","faire quelque pas sur le NC , VPS un NCs ADJ de le NCmod , ce que on VIMP le NC , un NC de NCmod et de NC PPAS à le NC dans le NC ADJ de NP , PPAS de NC ADJ tout NC de NCmod ADJ ."
807,Daudet/1884_Daudet_sapho_N.txt,"Son chien Miracle , bien vieux et boitant , était sorti de sa niche , et le suivait silencieusement dans ses talons ; ils avaient si souvent fait ensemble cette promenade de le matin !","DETPOSS NCs ADJ , bien ADJ et ADJ , être PPAS de DETPOSS NC , et le VIMP ADV dans DETPOSS NCCOR ; il avoir si ADVTEMPS faire NCo ce NC de le NCT !"
808,Daudet/1884_Daudet_sapho_N.txt,"À l' entrée de les vignes , dont les grands cyprès de clôture inclinaient leurs cimes pointues , le chien hésita ; savait combien le sol en épaisse couche de sable , — un nouveau remède à le phylloxera que le consul était en train d' essayer , — serait difficile à ses vieilles pattes , ainsi que les gradins d' étai de la terrasse .","à le NC de le NCmod , dont le ADJ NCs de NCmod VIMP DETPOSS NCo ADJ , le NC hésiter ; VCOG combien le NCo en NC ADJ de NCmod , — un ADJ NC à le NP que le NCs être en NC de INF , — être ADJ à DETPOSS ADJ NC , ainsi que le NC de NCmod de le NCmod ."
809,Daudet/1884_Daudet_sapho_N.txt,"La joie de suivre son maître le décida pourtant ; et c' étaient à chaque obstacle de douloureux efforts , de les petits cris peureux , de les arrêts et de les maladresses de crabe sur un rocher .","le NCSENT de INF DETPOSS NCo le VPS pourtant ; et ce être à chaque NC de NUM NCmod , de le ADJ NC ADJ , de le NC et de le NC de NCmod sur un NCmod ."
810,Daudet/1884_Daudet_sapho_N.txt,"Jean ne le regardait pas , tout occupé de ce nouveau plant d' alicante , dont son père l' avait longtemps entretenu la veille .","NP ne le VCOG pas , tout NCo de ce ADJ NCmod de NCmod , dont DETPOSS NCs le avoir longtemps PPAS le NCo ."
811,Daudet/1884_Daudet_sapho_N.txt,Les souches paraissaient d' une belle venue sur le sable uni et luisant .,le NCs VIMP de un ADJ NC sur le NCmod ADJ et ADJ .
812,Daudet/1884_Daudet_sapho_N.txt,"Enfin le pauvre homme allait être payé de ses peines entêtées ; le clos de Castelet pourrait revivre , quand la Nerte , l' Ermitage , tous les grands crus de le étaient morts !","PHASE le ADJ NCs aller être PPAS de DETPOSS NCSENT PPAS ; le NCs de NP pouvoir INF , quand le NP , le NP , tout le ADJ NC de le être PPAS !"
813,Daudet/1884_Daudet_sapho_N.txt,Une petite coiffe blanche se dressa tout à coup devant lui .,un ADJ NCs ADJCOL se VPS tout à NC ADVLIEU lui .
814,Daudet/1884_Daudet_sapho_N.txt,"C' était Divonne , la première levée à la maison ; elle avait une serpette dans la main , autre chose aussi qu' elle jeta , et ses joues si mates d' ordinaire s' allumaient d' une rougeur vive : — C' est toi , Jean ?","ce être NP , le ADJ NC à le NCmod ; il avoir un NCo dans le NCCOR , autre chose aussi que il VPS , et DETPOSS NC si ADJ de NCmod se VIMP de un NC ADJ : — ce être soi , NP ?"
815,Daudet/1884_Daudet_sapho_N.txt,"... tu m' as fait peur ... J' ai cru que c' était ton père ... Puis se remettant , elle l' embrassa : — As -tu bien dormi ?","... je le avoir faire NCSENT ... je avoir PPAS que ce être DETPOSS NC ... puis se PPRES , il le VPS : — avoir -tre bien ADJ ?"
816,Daudet/1884_Daudet_sapho_N.txt,"— Très bien , tante , mais pourquoi craigniez-vous l' arrivée de mon père ?","— très bien , tant , mais pourquoi craigniez-le le NC de DETPOSS NCmod ?"
817,Daudet/1884_Daudet_sapho_N.txt,... — Pourquoi ?,... — pourquoi ?
818,Daudet/1884_Daudet_sapho_N.txt,"... Elle ramassa le pied de vigne qu' elle venait d' arracher : — Le consul t' a dit , n' est -ce pas , que cette fois était sûr de réussir ... Eh bien , té !","... il VPS le NCCOR de NCmod que il venir de INF : — le NCs lui avoir VDIC , ne être ce pas , que ce fois être ADJ de INF ... INTJ bien , PPAS !"
819,Daudet/1884_Daudet_sapho_N.txt,"voilà la bête ... Jean regardait une petite mousse jaunâtre incrustée dans le bois , l' imperceptible moisissure qui , de proche en proche , a ruiné de les provinces entières ; et c' était une ironie de la nature , dans cette splendide matinée , sous le soleil vivifiant , que cet infiniment petit , destructeur et indestructible .","voilà le NCo ... NP VCOG un ADJ NCo ADJCOL PPAS dans le NC , le ADJ NC qui , de ADJ en ADJ , avoir PPAS de le NC ADJ ; et ce être un NC de le NCmod , dans ce ADJ NCmod , sous le NCmod ADJ , que ce ADVINT ADJ , NC et ADJ ."
820,Daudet/1884_Daudet_sapho_N.txt,"— C' est le commencement ... Dans trois mois tout le clos sera dévoré , et ton père recommencera encore , car y a mis son orgueil .","— ce être le NC ... dans NUM NCT tout le NCspas être VSENT , et DETPOSS NCs VF encore , car y avoir mettre DETPOSS NCSENT ."
821,Daudet/1884_Daudet_sapho_N.txt,"Ce seront de nouveaux plants , de nouveaux remèdes , jusqu' à le jour ... Un geste désolé acheva et souligna sa phrase .","ce être un ADJ NC , un ADJ NC , jusque à le NCT ... un NCs ADJ VASP et VPS DETPOSS NCo ."
822,Daudet/1884_Daudet_sapho_N.txt,— Vraiment !,— ADVINT !
823,Daudet/1884_Daudet_sapho_N.txt,nous en sommes là ?,nous en être ADVLIEU ?
824,Daudet/1884_Daudet_sapho_N.txt,— Oh !,— INTJ !
825,Daudet/1884_Daudet_sapho_N.txt,"tu connais le consul ... ne dit jamais rien , me donne le mois comme toujours ; mais je le vois préoccupé .","je PRES le NCo ... ne VDIC ADVTEMPS rien , me PRES le NCT comme ADVTEMPS ; mais je le NC PPAS ."
826,Daudet/1884_Daudet_sapho_N.txt,"court à Avignon , à Orange .","ADJ à NP , à NP ."
827,Daudet/1884_Daudet_sapho_N.txt,C' est de l' argent qu ' cherche ... — Et Césaire ?,ce être de le NC ADJ ' NC ... — et NP ?
828,Daudet/1884_Daudet_sapho_N.txt,ses immersions ?,DETPOSS NCs ?
829,Daudet/1884_Daudet_sapho_N.txt,demanda le jeune homme consterné .,VPS le ADJ NCo VSENT .
830,Daudet/1884_Daudet_sapho_N.txt,"Grâce à Dieu , par là tout allait bien .","ADV à NP , par ADVLIEU tout aller bien ."
831,Daudet/1884_Daudet_sapho_N.txt,Ils avaient eu cinquante pièces de petit vin à la dernière récolte ; et cet an apporterait le double .,il avoir avoir NUM NCo de ADJ NCmod à le ADJ NC ; et ce NCT VCOND le NCo .
832,Daudet/1884_Daudet_sapho_N.txt,"Devant ce succès le consul avait cédé à son frère toutes les vignes de la plaine , restées jusqu ' en jachère , en alignements de bois morts comme un cimetière de campagne ; et maintenant elles étaient sous l' eau pour trois mois ... Et fière de l' œuvre de son homme , de son Fénat , la Provençale montrait à Jean , de le lieu élevé où ils se trouvaient , de grands étangs , de les clairs , maintenus par de les bourrelets de chaux , comme sur les salines .","ADVLIEU ce NC le NCs avoir PPAS à DETPOSS NC tout le NCo de le NCmod , PPAS jusque ' en NC , en NCmod de NCmod PPAS comme un NC de NCmod ; et ADVT il être sous le NC pour NUM NCT ... et NC de le NCmod de DETPOSS NCmod , de DETPOSS NCmod , le NP VIMP à NP , de le NCmod ADJ où il se VIMP , un ADJ NC , de le NC , PPAS par de le NC de NCmod , comme sur le NC ."
833,Daudet/1884_Daudet_sapho_N.txt,"— Dans deux ans ce cépage donnera ; dans deux ans aussi la Piboulette , et encore l' île de Lamotte que ton oncle a achetée sans le dire ... Alors nous serons riches ... mais faut tenir jusque-là , et que chacun y mette de le sien et se sacrifie .","— dans NUM NCT ce NCs VF ; dans NUM NCT aussi le NP , et encore le NC de NP que DETPOSS NCs avoir PPAS sans le VDIC ... alors nous VF ADJ ... mais PRES INF ADV , et que chacun y VSUBP de le sien et se PRES ."
834,Daudet/1884_Daudet_sapho_N.txt,"Elle en parlait gaiement de le sacrifice , en femme qu ' n' étonne plus , et avec un si facile entraînement que Jean , traversé d' une idée subite , lui répondit sur le même ton : — On se sacrifiera , Divonne ... Le jour même , écrivit à Fanny que ses parents ne pouvaient lui continuer sa pension , qu ' serait réduit à les appointements ministériels et que , dans ces conditions , la vie à deux devenait impossible .","il en VIMP ADV de le NC , en NC que ' ne VSENT plus , et avec un si ADJ NCmod que NP , PPAS de un NC ADJ , lui VDIC sur le même NC : — on se VF , NP ... le NCT même , VPS à NP que DETPOSS NCs ne pouvoir lui INF DETPOSS NCo , que ' être PPAS à le NC ADJ et que , dans ce NC , le NCs à NUM devenir ADJ ."
835,Daudet/1884_Daudet_sapho_N.txt,"C' était rompre plus tôt qu ' n' avait pensé , trois ou quatre ans avant le départ prévu ; mais comptait que sa maîtresse accepterait ces raisons graves , qu' elle aurait pitié de lui et de sa peine , l' aiderait dans cet accomplissement douloureux d' un devoir .","ce être INF plus tôt que ' ne avoir VCOG , NUM ou NUM NCT PHASE le NC PPAS ; mais VIMP que DETPOSS NCs VCOND ce NCo ADJ , que il avoir PPAS de lui et de DETPOSS NCSENT , le NC dans ce NCmod ADJ de un devoir ."
836,Daudet/1884_Daudet_sapho_N.txt,était -ce bien un sacrifice ?,être ce bien un NC ?
837,Daudet/1884_Daudet_sapho_N.txt,"Ne fut- pas à le contraire soulagé d' en finir avec une existence qui lui semblait odieuse et malsaine , depuis surtout qu ' était rendu à la nature , à la famille , à les affections simples et droites ?","ne fut- pas à le NC VSENT de en VASP avec un NC qui lui sembler ADJ et ADJ , depuis surtout que ' être PPAS à le NC , à le NC , à le NCSENT ADJ et ADJ ?"
838,Daudet/1884_Daudet_sapho_N.txt,"... Sa lettre écrite sans lutte ni souffrance , compta , pour le défendre contre une réponse qu ' prévoyait furieuse , pleine de menaces et d' extravagances , sur la tendresse honnête et fidèle de les braves cœurs qui l' entouraient , l' exemple de ce père droit et fier entre tous , sur le sourire candide de les petites saintes femmes , et aussi sur ces grands horizons paisibles , à les saines émanations de montagnes , ce ciel en hauteur , ce fleuve rapide et entraînant ; car en songeant à sa passion , à toutes les vilenies dont elle était faite , lui semblait sortir d' une fièvre pernicieuse comme on en gagne à la buée de les terrains marécageux .","... DETPOSS NCs PPAS sans NC ni NCSENT , VPS , pour le INF contre un NC que ' VIMP ADJ , ADJ de NC et de NC , sur le NCSENT ADJ et ADJ de le ADJ NCmod qui le VIMP , le NCmod de ce NCmod ADJ et ADJ entre tout , sur le NCMAN ADJ de le ADJ ADJ NCmod , et aussi sur ce ADJ NC ADJ , à le ADJ NC de NCmod , ce NC en NCmod , ce NC ADJ et PPRES ; car en PPRES à DETPOSS NCSENT , à tout le NC dont il être faire , lui sembler INF de un VSENT ADJ comme on en PRES à le NC de le NCmod ADJ ."
839,Daudet/1884_Daudet_sapho_N.txt,Cinq ou six jours se passèrent dans le silence de le grand coup porté .,NUM ou NUM NCT se VPS dans le NC de le ADJ NCmod PPAS .
840,Daudet/1884_Daudet_sapho_N.txt,"Matin et soir , Jean allait à la poste et revenait les mains vides , singulièrement troublé .","NCT et NCT , NP aller à le NC et VIMP le NCCOR ADJ , ADVINT VSENT ."
841,Daudet/1884_Daudet_sapho_N.txt,Que faisait -elle ?,que faire il ?
842,Daudet/1884_Daudet_sapho_N.txt,"Qu' avait -elle décidé , et , en tout cas , pourquoi ne pas répondre ?","que avoir il PPAS , et , en tout NC , pourquoi ne pas VDIC ?"
843,Daudet/1884_Daudet_sapho_N.txt,ne pensait qu' à cela .,ne VCOG que à cela .
844,Daudet/1884_Daudet_sapho_N.txt,"Et la nuit , tout le monde dormant à Castelet avec le bruit berceur de le vent par les longs corridors , ils en causaient , Césaire et lui , dans sa petite chambre .","et le NCT , tout le NC PPRES à NP avec le NCmod ADJ de le NCmod par le ADJ NCmod , il en VIMP , NP et lui , dans DETPOSS ADJ NC ."
845,Daudet/1884_Daudet_sapho_N.txt,« Elle est dans le cas d' arriver !,""" il être dans le NCs de INF !"
846,Daudet/1884_Daudet_sapho_N.txt,"... » disait l' oncle ; et son inquiétude se doublait de ceci , qu ' avait dû mettre sous l' enveloppe de la rupture deux billets , à six mois et à un an , réglant sa dette avec les intérêts .","... "" VDIC le NCo ; et DETPOSS NCSENT se VIMP de ceci , que ' avoir devoir mettre sous le NC de le NCmod NUM NC , à NUM NCT et à un NCT , PPRES DETPOSS NCo avec le NCSENT ."
847,Daudet/1884_Daudet_sapho_N.txt,Comment les payerait - ces billets ?,comment le VCOND - ce NCs ?
848,Daudet/1884_Daudet_sapho_N.txt,Comment expliquer à Divonne ?,comment VDIC à NP ?
849,Daudet/1884_Daudet_sapho_N.txt,"... frissonnait rien que d' y penser et faisait peine à son neveu , quand , le nez allongé et secouant sa pipe , la veillée finie , lui disait tristement : — Allons , bonsoir ... de toute manière c' est très bien ce que tu as fait là .","... VIMP rien que de y VCOG et faire NCSENT à DETPOSS NC , quand , le NCCOR PPAS et PPRES DETPOSS NCo , le NC ADJ , lui VDIC ADV : — NP , NC ... de tout NCmod ce être très bien ce que je avoir faire ADVLIEU ."
850,Daudet/1884_Daudet_sapho_N.txt,"Enfin elle arriva cette réponse , et dès les premières lignes : « Mon homme chéri , je ne t' ai pas écrit plus tôt , parce que je tenais à te prouver autrement que par de les paroles à quel point je te comprends et je t' aime ... » Jean s' arrêta , surpris comme un homme qui entend une symphonie à la place de la chamade qu ' redoutait .","PHASE il VPS ce NCo , et dès le ADJ NC : "" DETPOSS NC VSENT , je ne lui avoir pas PPAS plus tôt , parce que je VIMP à me INF ADVINT que NC de le NCmod à quel NCmod je me VCOG et je lui VSENT ... "" NP se VPS , VSENT comme un NC qui VCOG un NCo à le NCmod de le NCmod que ' VSENT ."
851,Daudet/1884_Daudet_sapho_N.txt,"tourna vite la dernière page , où lut « ... Rester jusqu' à la mort ton chien qui t' aime , que tu peux battre , et qui te caresse passionnément ... » Elle n' avait donc pas reçu sa lettre !","VPS ADV le ADJ NCo , où VPS "" ... INF jusque à le NC DETPOSS NCmod qui lui VSENT , que je pouvoir INF , et qui me PRES ADVINT ... "" il ne avoir donc pas PPAS DETPOSS NCo !"
852,Daudet/1884_Daudet_sapho_N.txt,"Mais , reprise ligne à ligne et les larmes à les yeux , celle- était bien une réponse , disait bien que Fanny s' attendait depuis longtemps à cette mauvaise nouvelle , à la détresse de Castelet amenant l' inévitable séparation .","mais , PPAS NC à NCmod et le NCs à le NCCOR , celle- être bien un NC , VDIC bien que NP se VIMP depuis longtemps à ce ADJ NC , à le NCSENT de NP PPRES le ADJ NCo ."
853,Daudet/1884_Daudet_sapho_N.txt,"Tout de suite elle s' était mise en quête d' une occupation pour ne plus rester à sa charge , et elle avait trouvé la gérance d' un hôtel meublé , avenue de le Bois-de-Boulogne , à le compte d' une dame très riche .","tout de NC il se être mettre en NC de un NCmod pour ne plus INF à DETPOSS NC , et il avoir PPAS le NCo de un NCmod PPAS , NC de le NP , à le NCmod de un NCmod très ADJ ."
854,Daudet/1884_Daudet_sapho_N.txt,"Cent francs par mois , nourrie , logée et la liberté de les dimanches ... « Tu entends , mon homme , tout un jour par semaine pour nous aimer ; car tu voudras bien encore , dis ?","NUM NC par NCT , NC , PPAS et le NC de le ADVT ... "" je VCOG , DETPOSS NC , tout un NCT par NCmod pour nous VSENT ; car je ADJ bien encore , VDIC ?"
855,Daudet/1884_Daudet_sapho_N.txt,"Tu me récompenseras de le grand effort que je fais de travailler pour la première fois de ma vie , de cet esclavage de nuit et de jour que j' accepte , avec de les humiliations que tu ne peux te figurer et qui seront bien lourdes à ma folie d' indépendance ... Mais j' éprouve un contentement extraordinaire à souffrir par amour de toi .","je me ADJ de le ADJ NC que je faire de INF pour le ADJ fois de DETPOSS NCmod , de ce NC de NCT et de NCT que je PRES , avec de le NCSENT que je ne pouvoir me INF et qui être bien ADJ à DETPOSS NC de NCmod ... mais je VSENT un NCSENT ADJ à VSENT par NCSENT de soi ."
856,Daudet/1884_Daudet_sapho_N.txt,"Je te dois tant , tu m' as fait comprendre tant de bonnes et honnêtes choses dont personne ne m' avait jamais parlé !","je me devoir tant , je lui avoir faire VCOG tant de ADJ et ADJ chose dont personne ne lui avoir ADVTEMPS PPAS !"
857,Daudet/1884_Daudet_sapho_N.txt,... Ah !,... INTJ !
858,Daudet/1884_Daudet_sapho_N.txt,si nous nous étions rencontrés plus tôt !,si nous nous être PPAS plus tôt !
859,Daudet/1884_Daudet_sapho_N.txt,"... Mais tu ne marchais pas encore , que déjà je roulais dans les bras de les hommes .","... mais je ne VIMP pas encore , que déjà je VIMP dans le NCCOR de le NCmod ."
860,Daudet/1884_Daudet_sapho_N.txt,"Pas un de ceux -là , toujours , ne pourra se vanter de m' avoir inspiré une résolution pareille pour le garder encore un petit peu ... Maintenant , reviens quand tu voudras , l' appartement est libre .","pas un de celui ADVLIEU , ADVTEMPS , ne pouvoir se INF de le avoir PPAS un NCo ADJ pour le INF encore un ADJ peu ... ADVT , ADJ quand je ADJ , le NCs être ADJ ."
861,Daudet/1884_Daudet_sapho_N.txt,"J' ai ramassé toutes mes affaires ; c' était ça le plus dur , secouer les tiroirs et les souvenirs .","je avoir PPAS tout DETPOSS NCo ; ce être ça le plus ADJ , INF le NCo et le NC ."
862,Daudet/1884_Daudet_sapho_N.txt,"Tu ne trouveras que mon portrait qui ne te coûtera rien , lui ; seulement les bons regards que je mendie en sa faveur .","je ne ADJ que DETPOSS NCs qui ne me VF rien , lui ; seulement le ADJ NCMAN que je PPAS en DETPOSS NC ."
863,Daudet/1884_Daudet_sapho_N.txt,Ah !,INTJ !
864,Daudet/1884_Daudet_sapho_N.txt,"m' ami , m' ami ... Enfin , si tu me gardes mon dimanche et ma petite place dans ton cou ... ma place , tu sais ... » Et de les tendresses , de les câlineries , une voluptueuse lècherie de mère chatte , de ces mots de passion qui faisaient l' amant frôler son visage à le papier satiné , comme si la caresse s' en dégageait humaine et tiède .","le NC , le NC ... PHASE , si je me PRES DETPOSS ADVT et DETPOSS ADJ NC dans DETPOSS NCCOR ... DETPOSS NCo , je VCOG ... "" et de le NCSENT , de le NCSENT , un ADJ NC de NCmod ADJ , de ce NC de NCSENT qui faire le NCo INF DETPOSS NCCOR à le NC ADJ , comme si le NCs se en VIMP ADJ et ADJ ."
865,Daudet/1884_Daudet_sapho_N.txt,— Elle ne parle pas de mes billets ?,— il ne PRES pas de DETPOSS NC ?
866,Daudet/1884_Daudet_sapho_N.txt,demanda timidement l' oncle Césaire .,VPS ADVMAN le NCo NP .
867,Daudet/1884_Daudet_sapho_N.txt,"— Elle vous les renvoie ... Vous la rembourserez quand vous serez riche ... L' oncle eut un soupir soulagé , les tempes froncées de contentement , et avec une gravité prudhommesque , sa forte intonation méridionale : — Té !","— il vous le PRES ... vous le VF quand vous être ADJ ... le NCs avoir un NCo VSENT , le NC PPAS de NCSENT , et avec un NC ADJ , DETPOSS fort NC ADJ : — NP !"
868,Daudet/1884_Daudet_sapho_N.txt,"veux -tu que je te dise ... Cette femme -là , c' est une sainte .","vouloir il que je me PRES ... ce NC ADVLIEU , ce être un NC ."
869,Daudet/1884_Daudet_sapho_N.txt,"Puis , passant à un autre ordre d' idées , par cette mobilité , ce manque de logique et de mémoire , une de les cocasseries de sa nature : — Et quelle passion , mon bon , quel feu !","puis , PPRES à un autre NC de NCmod , par ce NC , ce NCo de NCmod et de NC , un de le NCmod de DETPOSS NCmod : — et quel NCSENT , DETPOSS NC , quel NC !"
870,Daudet/1884_Daudet_sapho_N.txt,"J' en ai la bouche sèche , comme quand Courbebaisse me lisait la correspondance de la Mornas ... Une fois encore , Jean dut subir le premier voyage à Paris , l' hôtel Cujas , Pellicule ; mais n' entendait pas , accoudé à la fenêtre ouverte sur la nuit apaisée , baignée d' une lune pleine , tellement brillante , que les coqs s' y trompaient et la saluaient comme le jour levant .","je en avoir le NCCOR ADJ , comme quand NP me VIMP le NCo de le NP ... un fois encore , NP devoir INF le ADJ NCo à NP , le NC NP , NP ; mais ne VCOG pas , PPAS à le NC ADJ sur le NCT VSENT , PPAS de un NC ADJ , ADVINT ADJ , que le NCs se y VIMP et le VIMP comme le NCT PPRES ."
871,Daudet/1884_Daudet_sapho_N.txt,"Ainsi donc c' était vrai cette rédemption par l' amour dont parlent les poètes ; et éprouvait une fierté à songer que tous ces grands , ces illustres que Fanny avait aimés avant lui , loin de la régénérer , la dépravaient davantage , tandis que lui , par la seule force de son honnêteté , la tirerait peut-être de le vice pour toujours .","ainsi donc ce être vrai ce NCs par le NCSENT dont PRES le NCs ; et VSENT un NCSENT à INF que tout ce NCs , ce NC que NP avoir VSENT PHASE lui , ADVLIEU de le VSENT , le VIMP davantage , PHASE que lui , par le ADJ NCSENT de DETPOSS NCmod , le VCOND peut-être de le NC pour ADVTEMPS ."
872,Daudet/1884_Daudet_sapho_N.txt,"lui était reconnaissant d' avoir trouvé ce moyen terme , cette demi-rupture où elle prendrait les nouvelles habitudes de travail si difficiles à sa nature indolente ; et sur un ton paternel , de vieux monsieur , lui écrivit le lendemain pour encourager sa réforme , s' inquiéter de le genre d' hôtel qu' elle gérait , de le monde qui venait là ; car se méfiait de son indulgence et de sa facilité à dire en se résignant : « Qu' est -ce que tu veux ?","lui être VCOG de avoir PPAS ce ADJ NCo , ce NC où il VCOND le ADJ NCo de NCmod si ADJ à DETPOSS NC ADJ ; et sur un NCs ADJ , de ADJ monsieur , lui VPS le NC pour INF DETPOSS NCo , se VSENT de le NC de NCmod que il VIMP , de le NCmod qui venir ADVLIEU ; car se VIMP de DETPOSS NCSENT et de DETPOSS NC à VDIC en se PPRES : "" que être ce que je vouloir ?"
873,Daudet/1884_Daudet_sapho_N.txt,"c' est comme ça ... » Courrier par courrier , avec une docilité de petite fille , Fanny lui fit le tableau de son hôtel , vraie maison de famille habitée par de les étrangers .","ce être comme ça ... "" NC par NCmod , avec un NC de ADJ NCmod , NP lui faire le NCo de DETPOSS NCmod , vrai NC de NCmod PPAS par de le NC ."
874,Daudet/1884_Daudet_sapho_N.txt,"À le premier , de les Péruviens , père et mère , enfants et domestiques nombreux ; à le second , de les Russes et un riche Hollandais , marchand de corail .","à le ADJ , de le NP , NC et NC , NC et NC ADJ ; à le NC , de le NC et un ADJ NP , NC de NCmod ."
875,Daudet/1884_Daudet_sapho_N.txt,"Les chambres de le troisième logeaient deux écuyers de l' Hippodrome , chic anglais , très comme faut , et le plus intéressant petit ménage , Mlle Minna Vogel , cithariste de Stuttgart , avec son frère Léo , un pauvre petit poitrinaire , obligé d' interrompre ses études de clarinette à le Conservatoire de Paris , et que la grande sœur était venue soigner , sans autre ressource que le produit de quelques concerts pour payer l' hôtel et la pension .","le NCs de le NCmod VIMP NUM NCo de le NP , NC ADJ , très comme NC , et le plus ADJ ADJ NC , NP NP NP , NC de NP , avec DETPOSS NC NP , un PRES ADJ NCo , PPAS de INF DETPOSS NCo de NCmod à le NP de NP , et que le ADJ NCs être venir INF , sans autre NC que le NCmod de quelque NCmod pour INF le NCo et le NC ."
876,Daudet/1884_Daudet_sapho_N.txt,"« Tout ce qu' on peut imaginer de plus touchant et de plus honorable , comme tu vois , mon homme chéri .",""" tout ce que on pouvoir VCOG de plus ADJ et de plus ADJ , comme je ADV , DETPOSS NC VSENT ."
877,Daudet/1884_Daudet_sapho_N.txt,"Moi-même , je passe pour veuve , et l' on me montre toutes sortes d' égards .","moi-même , je PRES pour NC , et l' on me PRES tout sorte de NCmod ."
878,Daudet/1884_Daudet_sapho_N.txt,Je ne souffrirais pas d' abord qu ' en fût autrement ; faut que ta femme soit respectée .,je ne VCOND pas de NC qu ' en être ADVINT ; ADV que ter NCspas être PPAS .
879,Daudet/1884_Daudet_sapho_N.txt,"Quand je dis « ta femme » , comprends-moi bien .","quand je VDIC "" VPS NCo "" , NC bien ."
880,Daudet/1884_Daudet_sapho_N.txt,"Je sais que tu t' en iras un jour , que je te perdrai , mais après n' y en aura plus d' autre ; à jamais je resterai tienne , conservant le goût de tes caresses , et les bons instincts que tu as réveillés en moi ... C' est bien drôle , n' est -ce pas , vertueuse !","je VCOG que je lui en NC un NCT , que je me VF , mais PHASE ne y en avoir plus de autre ; à ADVTEMPS je VF ADJ , PPRES le NCo de DETPOSS NCmod , et le ADJ NC que je avoir PPAS en soi ... ce être bien ADJ , ne être ce pas , ADJ !"
881,Daudet/1884_Daudet_sapho_N.txt,"... Oui , vertueuse , quand tu ne seras plus là ; mais pour toi je me garde telle que tu m' as aimée , délirante et brûlante ... je t' adore ... » Subitement , Jean fut pris d' une grande tristesse ennuyée .","... oui , ADJ , quand je ne ADJ plus ADVLIEU ; mais pour soi je me PRES tel que je le avoir VSENT , ADJ et ADJ ... je lui VSENT ... "" ADV , NP être PPAS de un ADJ NCSENT VSENT ."
882,Daudet/1884_Daudet_sapho_N.txt,"Ces retours de l' enfant prodigue , après les joies de l' arrivée , l' orgie de veau gras et d' effusions tendres , souffrent toujours de les hantises de la vie nomade , de le regret de les glands amers et de le paresseux troupeau à conduire .","ce NC de le NCmod ADJ , PHASE le NCSENT de le NCmod , le NCs de NCmod ADJ et de NC ADJ , VSENT ADVTEMPS de le NC de le NCmod ADJ , de le NCSENT de le NCmod ADJ et de le ADJ NC à INF ."
883,Daudet/1884_Daudet_sapho_N.txt,"C' est un désenchantement qui tombe de les choses et de les êtres , tout à coup dépouillés et décolorés .","ce être un NCSENT qui PRES de le chose et de le être , tout à NC PPAS et PPAS ."
884,Daudet/1884_Daudet_sapho_N.txt,"Les matins de l' hiver provençal n' avaient plus pour lui leur salubre allégresse , ni d' attrait la chasse à les belles loutres mordorées , le long de les berges , ni le tir à les macreuses dans le naye-chien de le vieil Abrieu .","le NCT de le NCmod ADJ ne avoir plus pour lui lui NCo NCSENT , ni de NC le NCmod à le ADJ NCmod ADJCOL , le NC de le NCmod , ni le NC à le NCmod dans le NCmod de le ADJ NP ."
885,Daudet/1884_Daudet_sapho_N.txt,"Jean trouvait le vent dur , l' eau rêche , et bien monotones les promenades dans les vignes inondées avec l' oncle expliquant son système de vannes , martelières , rigoles d' amenée .","NP VIMP le NCo ADJ , le NC ADJ , et bien ADJ le NCo dans le NCmod PPAS avec le NC PPRES DETPOSS NCo de NCmod , NC , NC de NCmod ."
886,Daudet/1884_Daudet_sapho_N.txt,"Le village qu ' revoyait les premiers jours à travers ses courses joyeuses de gamin , baraques anciennes , quelques-unes abandonnées , sentait la mort et la désolation d' un village italien ; et quand allait à la poste , lui fallait subir , sur la pierre branlante de chaque porte , le rabâchage de tous ces vieux tordus comme de les plein-vent , les bras passés dans de les morceaux de bas tricotés , de ces vieilles à le menton de buis jaune sous leurs coiffes serrées , à les petits yeux luisants et frétillants comme en brille à les lézardes de les vieux murs .","le NCs qu ' VIMP le ADJ NCT à travers DETPOSS NCmod ADJ de NCmod , NC ADJ , quelqu'un PPAS , sentir le NCo et le NC de un NCmod ADJ ; et quand aller à le NC , lui VIMP INF , sur le NC ADJ de chaque NCmod , le NCo de tout ce ADJ NCmod comme de le NC , le NCCOR PPAS dans de le NC de ADJ NCmod , de ce NC à le NCCOR de NCmod ADJCOL sous DETPOSS NCmod ADJ , à le ADJ NCCOR ADJ et ADJ comme en NCmod à le NCmod de le ADJ NCmod ."
887,Daudet/1884_Daudet_sapho_N.txt,"Toujours les mêmes lamentations sur la mort de les vignes , la fin de la garance , la maladie de les mûriers , les sept plaies d' Égypte ruinant ce beau pays de Provence ; et pour les éviter , quelquefois revenait par les ruelles en pente qui longent les anciens murs d' enceinte de le château de les Papes , ruelles désertes encombrées de broussailles , de ces grandes herbes de Saint-Roch pour guérir les dartres , bien à leur place dans ce coin moyen âge , ombré de l' énorme ruine déchiquetée en haut de le chemin .","ADVTEMPS le même NC sur le NCmod de le NCmod , le NC de le NCmod , le NC de le NCmod , le NUM NC de NP PPRES ce ADJ NCo de NP ; et pour le INF , ADVTEMPS VIMP par le NC en NCmod qui PRES le ADJ NCo de NCmod de le NCmod de le NP , NC ADJ PPAS de NC , de ce ADJ NCmod de NP pour INF le NCo , bien à lui NC dans ce NCmod ADJ NCmod , PPAS de le NC ADJ PPAS en NC de le NCmod ."
888,Daudet/1884_Daudet_sapho_N.txt,"Alors rencontrait le curé Malassagne venant de dire sa messe et descendant à grands pas furieux , le rabat de travers , sa soutane relevée à deux mains , à cause de les ronces et de les teignes .","alors VCOND le NCo NP venir de VDIC DETPOSS NCo et PPRES à NC pas ADJ , le NCo de travers , DETPOSS NC PPAS à NUM NCCOR , à NC de le NCmod et de le NC ."
889,Daudet/1884_Daudet_sapho_N.txt,"Le prêtre s' arrêtait , tonnait contre l' impiété de les paysans , l' infamie de le conseil municipal ; jetait sa malédiction sur les champs , les bêtes et les hommes , de les malandrins qui ne venaient plus à l' office , qui enterraient leurs morts sans sacrements , se soignaient par le magnétisme , le spiritisme , pour s' épargner le prêtre et le médecin : — Oui , monsieur , le spiritisme !","le NCs se VIMP , VIMP contre le NC de le NCmod , le NC de le NCmod ADJ ; VIMP DETPOSS NCo sur le NCmod , le NC et le NC , de le NC qui ne venir plus à le NC , qui VIMP DETPOSS NCo sans NCmod , se VIMP par le NC , le NC , pour se INF le NCo et le NC : — oui , monsieur , le NC !"
890,Daudet/1884_Daudet_sapho_N.txt,"... voilà où ils en arrivent , nos paysans de le Comtat ... Et vous ne voulez pas que les vignes soient malades !","... voilà où il en PRES , DETPOSS NC de le NCmod ... et vous ne vouloir pas que le NCs être ADJ !"
891,Daudet/1884_Daudet_sapho_N.txt,"... Jean , qui avait la lettre de Fanny tout ouverte et embrasée dans sa poche , écoutait , le regard absent , échappait le plus vite possible à l' homélie de le prêtre , et rentrait à Castelet s' abriter dans un creux de roche , ce que les Provençaux appellent un « cagnard » , garanti de le vent qui souffle tout autour et concentrant le soleil réverbéré dans la pierre .","... NP , qui avoir le NCo de NP tout PPAS et VSENT dans DETPOSS NC , VCOG , le NCMAN ADJ , VIMP le plus ADV ADJ à le NC de le NCmod , et VIMP à NP se INF dans un NC de NCmod , ce que le NP PRES un "" NC "" , NC de le NCmod qui VSENT tout ADV et PPRES le NCo PPAS dans le NC ."
892,Daudet/1884_Daudet_sapho_N.txt,"choisissait le plus perdu , le plus sauvage , envahi par les ronces et les chênes kermès , s' y terrait pour lire sa lettre ; et peu à peu de la fine odeur qu' elle exhalait , de la caresse de les mots , de les images évoquées , lui venait une griserie sensuelle qui activait son pouls , l' hallucinait jusqu' à faire disparaître comme un décor inutile le fleuve , les îles en bouquets , les villages à le creux de les Alpilles , toute la courbe de l' immense vallée où la bourrasque chassait , roulait en flots la poudre de le soleil .","VIMP le plus ADJ , le plus ADJ , PPAS par le NC et le NC ADJ , se y VCOND pour INF DETPOSS NCo ; et peu à peu de le ADJ NCs que il VIMP , de le NCmod de le NCmod , de le NCmod PPAS , lui venir un NCo ADJ qui VIMP DETPOSS NCo , le VIMP jusque à faire INF comme un NC ADJ le NC , le NC en NCmod , le NC à le NCmod de le NP , tout le NC de le ADJ NCmod où le NCs VIMP , VIMP en NC le NCo de le NCmod ."
893,Daudet/1884_Daudet_sapho_N.txt,"était là-bas , dans leur chambre , devant la gare à les toits gris , en proie à les caresses folles , à ces désirs furieux qui les cramponnaient l' un à l' autre avec de les crispations de noyés ... Tout à coup , de les pas dans le sentier , de les rires clairs : « est là !","être ADVLIEU , dans lui NC , ADVLIEU le NC à le NCmod ADJCOL , en NC à le NCmod ADJ , à ce NCSENT ADJ qui le VIMP le un à le autre avec de le NCSENT de NCmod ... tout à NC , de le pas dans le NCmod , de le NCMAN ADJ : "" être ADVLIEU !"
894,Daudet/1884_Daudet_sapho_N.txt,"... » Ses sœurs apparaissaient , petites jambes nues dans la lavande , conduites par le vieux Miracle , tout fier d' avoir dépisté son maître et remuant la queue victorieusement ; mais Jean le renvoyait d' un coup de pied et rebutait les offres de jouer à cache-cache ou à courir qu' on lui faisait d' un air timide .","... "" DETPOSS NCs VIMP , ADJ NCCOR PPAS dans le NC , PPAS par le ADJ NC , tout ADJ de avoir PPAS DETPOSS NCo et PPRES le NCo ADVMAN ; mais NP le VIMP de un NC de NCCOR et VSENT le NCo de INF à NC ou à INF que on lui faire de un NCMAN ADJ ."
895,Daudet/1884_Daudet_sapho_N.txt,"les aimait pourtant , ses petites bessonnes raffolant de le grand frère toujours si loin ; s' était fait enfant pour elles dès l' arrivée , s' amusait de le contraste de ces jolies créatures nées en même temps et dissemblables .","le VSENT pourtant , DETPOSS ADJ NCs PPRES de le ADJ NC ADVTEMPS si ADVLIEU ; se être faire NCs pour il dès le NC , se VSENT de le NC de ce ADJ NCmod PPAS en même temps et ADJ ."
896,Daudet/1884_Daudet_sapho_N.txt,"L' une longue , brune , les cheveux crêpelés , à la fois mystique et volontaire ; c' est elle qui avait eu l' idée de la barque , exaltée par les lectures de le curé Malassagne , et cette petite Marie l' égyptienne avait entraîné la blonde Marthe , un peu molle et douce , ressemblant à sa mère et à son frère .","le un ADJ , NC , le NCCOR PPAS , à le fois ADJ et ADJ ; ce être il qui avoir avoir le NCo de le NCmod , PPAS par le NC de le NCmod NP , et ce ADJ NP le NCs avoir PPAS le NCo NP , un peu ADJ et ADJ , PPRES à DETPOSS NC et à DETPOSS NC ."
897,Daudet/1884_Daudet_sapho_N.txt,"Mais quelle gêne odieuse , pendant qu ' était à remuer ses souvenirs , que ces innocentes câlineries d' enfants se frottant à le parfum coquet que mettait sur lui la lettre de sa maîtresse .","mais quel NCSENT ADJ , PHASE que ' être à INF DETPOSS NCo , que ce ADJ NCSENT de NCmod se PPRES à le NC ADJ que mettre sur lui le NCs de DETPOSS NCmod ."
898,Daudet/1884_Daudet_sapho_N.txt,"— Non , laissez -moi ... faut que je travaille ... Et rentrait avec l' intention de s' enfermer chez lui , quand la voix de son père l' appelait à le passage .","— non , laisser soi ... ADV que je PRES ... et VIMP avec le NC de se INF chez lui , quand le NCMAN de DETPOSS NCmod le VIMP à le NC ."
899,Daudet/1884_Daudet_sapho_N.txt,"— C' est toi , Jean ... écoute donc ... L' heure de le courrier apportait de nouveaux sujets de morosité à cet homme déjà sombre de nature , gardant de l' Orient de les habitudes de solennité silencieuse , coupée de brusques souvenirs ... , « quand j' étais consul à Hong-Kong » , qui partaient en éclats de souches à le grand feu .","— ce être soi , NP ... VCOG donc ... le NCT de le NCmod VIMP un ADJ NCo de NCmod à ce NCmod déjà ADJ de NC , PPRES de le NP de le NCmod de NCmod ADJ , PPAS de ADJ NC ... , "" quand je être NC à NP "" , qui VIMP en NC de NCmod à le ADJ NC ."
900,Daudet/1884_Daudet_sapho_N.txt,"Pendant qu ' écoutait son père lire et discuter ses journaux de le matin , Jean regardait sur la cheminée la de Caoudal , les bras à les genoux , sa lyre à côté d' elle , toute la lyre , un bronze acheté y avait vingt ans , lors de les embellissements de Castelet ; et ce bronze de le commerce , qui l' écœurait à les vitrines parisiennes , lui donnait , dans son isolement , une émotion amoureuse , l' envie de baiser ces épaules , de délier ces bras froids et polis , de se faire dire : « pour toi , mais rien que pour toi !","PHASE que ' VCOG DETPOSS NCo ADJ et INF DETPOSS NCo de le NCT , NP VCOG sur le NC le de NP , le NCCOR à le NCCOR , DETPOSS NC à NC de il , tout le NC , un NC PPAS y avoir NUM NCT , lors de le NC de NP ; et ce NCs de le NCmod , qui le VIMP à le NC ADJ , lui VIMP , dans DETPOSS NC , un NCSENT ADJ , le NC de INF ce NCCOR , de INF ce NCCOR ADJ et ADJ , de se faire VDIC : "" pour soi , mais rien que pour soi !"
901,Daudet/1884_Daudet_sapho_N.txt,"» L' image tentatrice se levait quand sortait , marchait avec lui , doublait le bruit de son pas dans le grand escalier pompeux .",""" le NCs NC se VIMP quand VIMP , VIMP avec lui , VIMP le NCo de DETPOSS pas dans le ADJ NC ADJ ."
902,Daudet/1884_Daudet_sapho_N.txt,"C' était le nom de que rythmait le balancier de la vieille horloge , que chuchotait le vent par les grands corridors dallés et froids de la demeure estivale , son nom qu ' retrouvait dans tous les livres de cette bibliothèque de campagne , vieux bouquins à tranches rouges conservant entre la brochure de les miettes de ses goûters d' enfant .","ce être le NC de que VIMP le NCs de le ADJ NCmod , que VDIC le NCs par le ADJ NC ADJ et ADJ de le NCmod ADJ , DETPOSS NC qu ' VIMP dans tout le NC de ce NCmod de NCmod , ADJ NC à NCmod ADJCOL PPRES entre le NC de le NCmod de DETPOSS NCmod de NCmod ."
903,Daudet/1884_Daudet_sapho_N.txt,"Et cet obsédant souvenir de sa maîtresse le poursuivait jusque dans la chambre maternelle , où Divonne coiffait la malade , relevait ses beaux cheveux blancs sur ce visage resté paisible et rose malgré de les tortures variées et perpétuelles .","et ce ADJ NCs de DETPOSS NCmod le VIMP jusque dans le NC ADJ , où NP VIMP le NCo , VIMP DETPOSS ADJ NCCOR ADJCOL sur ce NCCOR PPAS ADJ et ADJCOL malgré de le NCmod ADJ et ADJ ."
904,Daudet/1884_Daudet_sapho_N.txt,« Ah !,""" INTJ !"
905,Daudet/1884_Daudet_sapho_N.txt,"voilà notre Jean » , disait la mère .","voilà DETPOSS NP "" , VDIC le NCs ."
906,Daudet/1884_Daudet_sapho_N.txt,"Mais avec son cou nu , sa petite coiffe , ses manches retroussées pour cette toilette dont elle seule avait la charge , sa tante lui rappelait d' autres réveils , évoquait la maîtresse encore , sautant de le lit dans le nuage de sa première cigarette .","mais avec DETPOSS NCCOR ADJ , DETPOSS ADJ NCs , DETPOSS NC PPAS pour ce NC dont il ADJ avoir le NCo , DETPOSS tant lui VIMP un autre NCo , VIMP le NCs encore , PPRES de le NC dans le NCmod de DETPOSS ADJ NCmod ."
907,Daudet/1884_Daudet_sapho_N.txt,"s' en voulait d' idées pareilles , dans cette chambre surtout !","se en vouloir un NC ADJ , dans ce NCmod surtout !"
908,Daudet/1884_Daudet_sapho_N.txt,Que faire cependant pour y échapper ?,que faire cependant pour y INF ?
909,Daudet/1884_Daudet_sapho_N.txt,"— Notre enfant n' est plus le même , ma sœur , disait Mme Gaussin tristement ... Qu' est -ce qu' a ?","— DETPOSS NCs ne être plus le même , DETPOSS NCs , VDIC madame NP ADV ... que être ce que avoir ?"
910,Daudet/1884_Daudet_sapho_N.txt,Et elles cherchaient ensemble .,et il VIMP ensemble .
911,Daudet/1884_Daudet_sapho_N.txt,"Divonne torturait son entendement ingénu , elle aurait voulu questionner le jeune homme ; mais semblait la fuir maintenant , éviter d' être seul avec elle .","Divonne VCOND DETPOSS NCo ADJ , il avoir vouloir VDIC le ADJ NCo ; mais sembler le INF ADVT , INF de être ADJ avec il ."
912,Daudet/1884_Daudet_sapho_N.txt,"Une fois , l' ayant guetté , elle vint le surprendre à le cagnard dans la fièvre de ses lettres et de ses mauvais rêves .","un fois , le avoir PPAS , il venir le VSENT à le NC dans le VSENT de DETPOSS NCmod et de DETPOSS ADJ NC ."
913,Daudet/1884_Daudet_sapho_N.txt,"se levait , l' œil sombre ... Elle le retint , s' assit près de lui sur la pierre chaude : — Tu ne m' aimes donc plus ?","se VIMP , le NCs ADJ ... il le NCs , se PRES ADVLIEU de lui sur le NC ADJ : — je ne le VSENT donc plus ?"
914,Daudet/1884_Daudet_sapho_N.txt,... je ne suis donc plus ta Divonne à qui tu disais toutes tes peines ?,... je ne être donc plus VPS NP à qui je VDIC tout NCo ADJ ?
915,Daudet/1884_Daudet_sapho_N.txt,"— Mais si , mais si ... bégayait - , troublé par sa façon tendre , et détournant les yeux pour qu' elle ne pût y retrouver quelque chose de ce qu ' venait de lire , appels d' amour , cris éperdus , le délire de la passion à distance .","— mais si , mais si ... VDIC - , VSENT par DETPOSS façon PRES , et PPRES le NCCOR pour que il ne VSUBI y INF quelque chose de ce NCmod ' venir de INF , NCo de NCSENT , NC PPAS , le NC de le NCSENT à NCmod ."
916,Daudet/1884_Daudet_sapho_N.txt,— Qu' as -tu ?,— que avoir -tre ?
917,Daudet/1884_Daudet_sapho_N.txt,... pourquoi es - tu triste ?,... pourquoi être - je ADJ ?
918,Daudet/1884_Daudet_sapho_N.txt,murmurait Divonne avec de les câlineries de voix et de mains comme on en a pour les enfants .,VDIC NP avec de le NCSENT de NCMAN et de NCCOR comme on en avoir pour le NC .
919,Daudet/1884_Daudet_sapho_N.txt,"C' était un peu son petit , restait pour elle à ans , l' âge de les petits hommes qu' on émancipe .","ce être un peu DETPOSS NC , VIMP pour il à NCT , le NC de le ADJ NCmod que on PRES ."
920,Daudet/1884_Daudet_sapho_N.txt,"Lui , déjà brûlant de sa lecture , s' exaltait à le charme troublant de ce beau corps si près de le sien , de cette bouche fraîche à le sang avivé par le grand air qui dérangeait les cheveux , les envolait au-dessus de le front en délicats frisons à la mode parisienne .","il , déjà ADJ de DETPOSS NC , se VIMP à le NC PPRES de ce ADJ NCCOR si ADVLIEU de le sien , de ce NCCOR ADJ à le NCCOR PPAS par le ADJ NCMAN qui VIMP le NCCOR , le VIMP ADVLIEU de le NCCOR en NC PRES à le NC ADJ ."
921,Daudet/1884_Daudet_sapho_N.txt,"Et les leçons de : « toutes les femmes sont les mêmes ... en face de l' homme elles n' ont qu' une idée en tête ... » , lui faisaient trouver provocants l' heureux sourire de la paysanne , son geste pour le retenir à le tendre interrogatoire .","et le NC de : "" tout le NCs être le même ... en NC de le NC il ne avoir que un NCo en NCCOR ... "" , lui faire INF ADJ le ADJ NCMAN de le ADJ , DETPOSS NC pour le INF à le NC ADJ ."
922,Daudet/1884_Daudet_sapho_N.txt,"Tout à coup , sentit monter le vertige d' une tentation mauvaise ; et l' effort qu ' faisait pour y résister le secoua d' un frisson convulsif .","tout à NC , sentir INF le NCo de un NCSENT ADJ ; et le NCs ADJ ' faire pour y INF le NCo de un NCSENT ADJ ."
923,Daudet/1884_Daudet_sapho_N.txt,"Divonne s' effrayait de le voir si pâle , les dents claquantes .","Divonne se VIMP de le VCOG si ADJ , le NCCOR ADJ ."
924,Daudet/1884_Daudet_sapho_N.txt,« Ah !,""" INTJ !"
925,Daudet/1884_Daudet_sapho_N.txt,"le pauvre ... a la fièvre ... » D' un geste de tendresse irréfléchi elle dénouait le grand fichu qui entourait sa taille pour le lui mettre à le cou ; mais brusquement saisie , enveloppée , elle sentit la brûlure d' une caresse folle sur sa nuque , ses épaules , toute la chair étincelante qui venait de jaillir à le soleil .","le NCs ... avoir le VSENT ... "" de un NC de NCSENT ADJ il VIMP le ADJ NCo qui VIMP DETPOSS NCo pour le lui mettre à le NCCOR ; mais ADV PPAS , PPAS , il sentir le NCo de un NCmod ADJ sur DETPOSS NCmod , DETPOSS NCCOR , tout le NCCOR ADJ qui venir de INF à le NC ."
926,Daudet/1884_Daudet_sapho_N.txt,"Elle n' eut le temps de crier ni de se défendre , peut-être même pas le sentiment juste de ce qui venait de se passer .","il ne avoir le temps de VDIC ni de se INF , peut-être même pas le NCSENT ADV de ce qui venir de se INF ."
927,Daudet/1884_Daudet_sapho_N.txt,— Ah !,— INTJ !
928,Daudet/1884_Daudet_sapho_N.txt,"je suis fou ... je suis fou ... se sauvait , déjà loin dans la garrigue dont les pierres roulaient sinistrement sous ses pieds .","je être ADJ ... je être ADJ ... se VIMP , déjà ADVLIEU dans le NC dont le NCs VIMP ADVMAN sous DETPOSS NCCOR ."
929,Daudet/1884_Daudet_sapho_N.txt,"À déjeuner , ce jour -là , Jean annonça qu ' partirait le soir même , rappelé par un ordre de le ministre .","à INF , ce NCT ADVLIEU , NP VDIC que ' VCOND le NCT même , PPAS par un NC de le NCmod ."
930,Daudet/1884_Daudet_sapho_N.txt,"— Partir , déjà !","— INF , déjà !"
931,Daudet/1884_Daudet_sapho_N.txt,"... tu avais dit ... tu ne fais que d' arriver ... Et de les cris , de les supplications .","... je avoir VDIC ... je ne faire que de INF ... et de le NC , de le NC ."
932,Daudet/1884_Daudet_sapho_N.txt,"Mais ne pouvait plus rester avec eux , puisque entre toutes ces tendresses intervenait l' influence agitante et corruptrice de .","mais ne pouvoir plus INF avec eux , puisque entre tout ce NCSENT VIMP le NCo ADJ et ADJ de ."
933,Daudet/1884_Daudet_sapho_N.txt,"D' ailleurs , ne leur avait - pas fait le plus grand sacrifice en renonçant à la vie à deux ?","de ADVLIEU , ne lui avoir - pas faire le plus ADJ NCo en PPRES à le NC à NUM ?"
934,Daudet/1884_Daudet_sapho_N.txt,"La rupture complète s' achèverait un peu plus tard ; et reviendrait alors aimer sans honte , ni gêne , embrasser tous ces braves gens .","le NCs ADJ se VCOND un peu plus tard ; et VCOND alors VSENT sans NCSENT , ni NCSENT , INF tout ce ADJ NCo ."
935,Daudet/1884_Daudet_sapho_N.txt,"était nuit , la maison couchée , éteinte , quand Césaire revint de conduire son neveu à le train d' Avignon .","être NCT , le NC PPAS , PPAS , quand NP VPS de INF DETPOSS NCo à le NC de NP ."
936,Daudet/1884_Daudet_sapho_N.txt,"L' avoine donnée à le cheval , après avoir scruté le ciel , — ce regard à les présages de le temps , de les hommes qui vivent de la terre , — allait rentrer quand vit une forme blanche sur un banc de la terrasse .","le NCs PPAS à le NC , PHASE avoir PPAS le NCo , — ce NCMAN à le NCmod de le temps , de le NC qui PRES de le NC , — aller INF quand VCOG un NCo ADJCOL sur un NC de le NCmod ."
937,Daudet/1884_Daudet_sapho_N.txt,"— C' est toi , Divonne ?","— ce être soi , NP ?"
938,Daudet/1884_Daudet_sapho_N.txt,"— Oui , je t' attendais ... Très occupée tout le jour , séparée de son Fénat qu' elle adorait , ils avaient le soir de ces rendez-vous pour causer , faire un tour de promenade ensemble .","— oui , je lui VIMP ... très PPAS tout le NCT , PPAS de DETPOSS NC que il VSENT , il avoir le NCT de ce NC pour INF , faire un NCo de NCmod ensemble ."
939,Daudet/1884_Daudet_sapho_N.txt,"Était -ce la courte scène entre elle et Jean , comprise en y pensant , et plus qu' elle n' eût voulu , ou l' émotion d' avoir vu pleurer la pauvre mère tout le jour silencieusement ?","être ce le ADJ NC entre il et NP , VCOG en y VCOG , et plus que il ne avoir vouloir , ou le NCSENT de avoir VCOG INF le ADJ NCo tout le NCT ADV ?"
940,Daudet/1884_Daudet_sapho_N.txt,"Elle avait la voix altérée , une inquiétude d' esprit extraordinaire chez cette calme personne de devoir .","il avoir le NCMAN ADJ , un NCSENT de NCmod ADJ chez ce NCSENT NCmod de devoir ."
941,Daudet/1884_Daudet_sapho_N.txt,— Sais -tu quelque chose ?,— VIMP il quelque chose ?
942,Daudet/1884_Daudet_sapho_N.txt,Pourquoi nous a -t - quittés si vivement ?,pourquoi nous avoir t - PPAS si ADVINT ?
943,Daudet/1884_Daudet_sapho_N.txt,"... Elle ne croyait pas à cette histoire de ministère , soupçonnant plutôt quelque attache mauvaise qui tirait l' enfant loin de sa famille .","... il ne VCOG pas à ce NC de NCmod , VCOG plutôt quelque NCo ADJ qui VCOND le NCo ADVLIEU de DETPOSS NC ."
944,Daudet/1884_Daudet_sapho_N.txt,"Tant de dangers , de si fatales rencontres dans ce Paris de perdition !","tant de NC , de si ADJ NC dans ce NP de NCmod !"
945,Daudet/1884_Daudet_sapho_N.txt,"Césaire , qui ne savait rien lui cacher , avoua qu' y avait en effet une femme dans la vie de Jean , mais une bonne créature incapable de le détourner de les siens ; et parla de son dévouement , de les lettres touchantes qu' elle écrivait , vanta surtout la résolution courageuse qu' elle avait prise de travailler , ce qui sembla tout naturel à la paysanne : — Car enfin , faut travailler pour vivre .","NP , qui ne VCOG rien lui INF , VPS que y avoir en NC un NCo dans le NCmod de NP , mais un ADJ NC ADJ de le INF de le NC ; et VPS de DETPOSS NC , de le NCmod ADJ que il VIMP , VPS surtout le NCo ADJ que il avoir NCs de INF , ce qui sembler tout ADJ à le NC : — car PHASE , PRES INF pour INF ."
946,Daudet/1884_Daudet_sapho_N.txt,— Pas ce genre de femmes -là ... dit Césaire .,— pas ce NC de NCmod ADVLIEU ... VDIC NP .
947,Daudet/1884_Daudet_sapho_N.txt,— C' est donc une rien de le tout avec qui Jean vivait !,— ce être donc un rien de le tout avec qui NP VIMP !
948,Daudet/1884_Daudet_sapho_N.txt,... Et tu es allé là-dedans ?,... et je être aller NCo ?
949,Daudet/1884_Daudet_sapho_N.txt,"... — Je te jure , Divonne , que depuis qu' elle le connaît n' y a pas de femme plus chaste , plus honnête ... L' amour l' a réhabilitée .","... — je me PRES , NP , que depuis que il le PRES ne y avoir pas un NCo plus ADJ , plus ADJ ... le NCSENT le avoir PPAS ."
950,Daudet/1884_Daudet_sapho_N.txt,"Mais c' étaient de les mots trop longs , Divonne ne comprenait pas .","mais ce être de le NC trop ADJ , Divonne ne VCOG pas ."
951,Daudet/1884_Daudet_sapho_N.txt,"Pour elle , cette dame rentrait dans ce rebut qu' elle appelait « les mauvaises femmes » , et la pensée que son Jean était la proie d' une créature pareille l' indignait .","pour il , ce NCs VIMP dans ce NC que il VIMP "" le ADJ NCo "" , et le NC que son NP être le NCs de un NCmod ADJ le VSENT ."
952,Daudet/1884_Daudet_sapho_N.txt,Si le consul se doutait de cela !,si le NCs se VIMP de cela !
953,Daudet/1884_Daudet_sapho_N.txt,"... Césaire essayait de la calmer , assurait par tous les plis de sa bonne face un peu grivoise qu' à l' âge de le garçon on ne pouvait se passer de femme .","... NP VIMP de le VSENT , VIMP par tout le NC de DETPOSS ADJ NCmod un peu ADJ que à le NC de le NCmod on ne pouvoir se INF de NC ."
954,Daudet/1884_Daudet_sapho_N.txt,"— Té , pardi !","— Té , NC !"
955,Daudet/1884_Daudet_sapho_N.txt,"qu ' se marie , dit -elle avec une conviction attendrissante .","que ' se PRES , VDIC il avec un NC ADJ ."
956,Daudet/1884_Daudet_sapho_N.txt,"— Enfin ils ne sont déjà plus ensemble , c' est toujours ça ... Et alors , d' un ton grave : — Écoute , Césaire ... tu sais comme on dit chez nous : Le malheur dure toujours plus que celui qui l' amène ... Si c' est vraiment comme tu racontes , si Jean a tiré cette femme de la boue , s' est peut-être bien sali à cette triste besogne .","— PHASE il ne être déjà plus ensemble , ce être ADVTEMPS ça ... et alors , de un NC ADJ : — NC , NP ... je VCOG comme on VDIC chez nous : le NCs PRES ADVTEMPS plus que celui qui le PRES ... si ce être ADVINT comme je PPAS , si NP avoir PPAS ce NCo de le NCmod , se être peut-être bien ADJ à ce ADJ NC ."
957,Daudet/1884_Daudet_sapho_N.txt,"Possible qu ' l' ait rendue meilleure et plus honnête , mais qui sait si le mauvais qui était en elle n' a pas gâté notre enfant jusqu' à le cœur !","ADJ que ' le avoir PPAS meilleur et plus ADJ , mais qui VCOG si le NCs qui être en il ne avoir pas PPAS DETPOSS NCo jusque à le NC !"
958,Daudet/1884_Daudet_sapho_N.txt,Ils revenaient vers la terrasse .,il VIMP vers le NC .
959,Daudet/1884_Daudet_sapho_N.txt,"Nuit paisible et limpide sur toute la vallée silencieuse où rien ne vivait que la lumière glissante de la lune , le fleuve houleux , les clairs en flaques d' argent .","NCT ADJ et ADJ sur tout le NCmod ADJ où rien ne VIMP que le NCo ADJ de le NCmod , le NC ADJ , le NC en NCmod de NCmod ."
960,Daudet/1884_Daudet_sapho_N.txt,"On respirait le calme , l' éloignement de tout , le grand repos d' un sommeil sans rêves .","on VCOND le NCSENT , le NC de tout , le ADJ NC de un NCmod sans NCmod ."
961,Daudet/1884_Daudet_sapho_N.txt,Soudain le train montant déroula à le bord de le Rhône sa rumeur sourde à toute vapeur .,soudain le NCs ADJ VPS à le NC de le NP DETPOSS NCo ADJ à tout NCmod .
962,Daudet/1884_Daudet_sapho_N.txt,— Oh !,— INTJ !
963,Daudet/1884_Daudet_sapho_N.txt,"ce Paris , fit Divonne , montrant le poing vers l' ennemi que la province charge de toutes ses colères ... ce Paris !","ce NP , faire NP , PPRES le NCo vers le NC que le NCmod ADJ de tout DETPOSS NCSENT ... ce NP !"
964,Daudet/1884_Daudet_sapho_N.txt,... ce qu' on lui donne et ce qu ' nous renvoie !,... ce que on lui PRES et ce NC ' nous PRES !
965,Daudet/1884_Daudet_sapho_N.txt,"Table de les matières faisait un froid brumeux , une après - sombre à quatre heures , même sur cette large avenue , de les Champs-Élysées où se hâtaient les voitures dans un roulement sourd et ouaté .","ADJ de le NC faire un NCo ADJ , un PHASE - ADV à NUM NCT , même sur ce ADJ NC , de le NP où se VIMP le NCs dans un NCmod ADJ et ADJ ."
966,Daudet/1884_Daudet_sapho_N.txt,"C' est à peine si Jean put lire à le fond d' un jardinet dont la grille était ouverte ces lettres dorées , très hautes , au-dessus de l' entresol d' une maison à l' aspect luxueux et tranquille de cottage : Appartements meublés , pension de famille .","ce être à NCSENT si NP pouvoir PRES à le NC de un NCmod dont le NCs être PPAS ce NC ADJCOL , très ADJ , ADVLIEU de le NC de un NCmod à le NCmod ADJ et ADJ de NCmod : NC PPAS , NC de NCmod ."
967,Daudet/1884_Daudet_sapho_N.txt,Un coupé attendait à le ras de le trottoir .,un NCs VIMP à le NC de le NCmod .
968,Daudet/1884_Daudet_sapho_N.txt,"La porte de le bureau poussée , Jean la vit tout de suite , celle qu ' cherchait , assise dans le jour de la fenêtre , feuilletant un gros livre de comptes en face d' une autre femme , élégante et grande , un mouchoir à les mains et un petit sac de boursicotière .","le NCs de le NCmod PPAS , NP le PRES tout de NC , celui que ' VIMP , PPAS dans le NCT de le NCmod , PPRES un ADJ NCo de NCmod en NC de un autre NC , ADJ et ADJ , un NC à le NCCOR et un ADJ NC de NCmod ."
969,Daudet/1884_Daudet_sapho_N.txt,"— Vous désirer , monsieur ?","— vous VSENT , monsieur ?"
970,Daudet/1884_Daudet_sapho_N.txt,"... Fanny le reconnut , se leva , saisie , et passant devant la dame : — C' est le petit ... dit -elle tout bas .","... NP le NC , se VPS , PPAS , et PPRES ADVLIEU le NC : — ce être le NC ... VDIC il tout ADJ ."
971,Daudet/1884_Daudet_sapho_N.txt,"L' autre examina Gaussin de les pieds à la tête avec le beau sang-froid connaisseur que donne l' expérience , et très haut , sans se gêner : — Embrassez -vous , mes enfants ... Je ne vous regarde pas .","le autre VPS NP de le NCCOR à le NCCOR avec le ADJ NC ADJ que PRES le NCs , et très ADJ , sans se VSENT : — PRES vous , DETPOSS NC ... je ne vous VCOG pas ."
972,Daudet/1884_Daudet_sapho_N.txt,"Puis elle se mit à la place de Fanny , continua à vérifier ses chiffres .","puis il se mettre à le NC de NP , VPS à INF DETPOSS NCo ."
973,Daudet/1884_Daudet_sapho_N.txt,"Ils s' étaient pris les mains , se chuchotaient de les phrases bêtes : — Comment ça va ?","il se être PPAS le NCCOR , se VIMP de le NC ADJ : — comment ça aller ?"
974,Daudet/1884_Daudet_sapho_N.txt,"— Pas mal , merci ... — Alors tu es parti hier à le soir ?","— pas mal , INTJ ... — alors je être PPAS ADV à le NCT ?"
975,Daudet/1884_Daudet_sapho_N.txt,... Mais l' altération de leurs voix donnait à les mots leur vraie signification .,... mais le NCs de DETPOSS NCMAN VIMP à le NC lui vrai NCo .
976,Daudet/1884_Daudet_sapho_N.txt,"Et assis sur le divan , se remettant un peu : — Tu n' as pas reconnu ma patronne ?","et PPAS sur le NC , se PPRES un peu : — je ne avoir pas VCOG DETPOSS NCo ?"
977,Daudet/1884_Daudet_sapho_N.txt,"... disait Fanny à voix basse ... tu l' as déjà vue pourtant ... à le bal de Déchelette , en mariée espagnole ... Un peu défraîchie , la mariée .","... VDIC NP à NCMAN ADJ ... je le avoir déjà VCOG pourtant ... à le NC de NP , en NCmod ADJ ... un peu ADJ , le NC ."
978,Daudet/1884_Daudet_sapho_N.txt,— Alors c' est ... ?,— alors ce être ... ?
979,Daudet/1884_Daudet_sapho_N.txt,"— Rosario Sanchès , la femme à de Potter .","— NP NP , le NC à de NP ."
980,Daudet/1884_Daudet_sapho_N.txt,"Cette Rosario , Rosa , de son nom de fête écrit sur toutes les glaces de les restaurants de nuit et toujours souligné de quelque ordure , était une ancienne « dame de les chars » à l' Hippodrome , célèbre dans le monde de la noce par son dévergondage cynique , ses coups de gueule et de cravache très recherchés de les hommes de cercle , qu' elle menait comme ses chevaux .","ce NP , NP , de DETPOSS NCmod de NCmod PPAS sur tout le NC de le NCmod de NCT et ADVTEMPS PPAS de quelque NC , être un ADJ "" NC de le NCmod "" à le NP , ADJ dans le NC de le NCmod par DETPOSS NCmod ADJ , DETPOSS NC de NCmod et de NC très PPAS de le NC de NCmod , que il VIMP comme DETPOSS NC ."
981,Daudet/1884_Daudet_sapho_N.txt,"Espagnole d' Oran , elle avait été plus belle que jolie et tirait encore à les lumières un certain effet de ses yeux noirs bistrés , de ses sourcils rejoints en barre ; mais , même dans ce faux jour , elle avait bien ses cinquante ans , marqués sur une face plate , dure , à la peau soulevée et jaune comme un limon de son pays .","NC de NP , il avoir être plus ADJ que ADJ et VIMP encore à le NC un ADJ NC de DETPOSS NCCOR ADJ ADJ , de DETPOSS NCCOR PPAS en NC ; mais , même dans ce ADJ NCT , il avoir bien DETPOSS NUM NCT , PPAS sur un NC ADJ , ADJ , à le NCCOR ADJ et ADJCOL comme un NCmod de DETPOSS NCmod ."
982,Daudet/1884_Daudet_sapho_N.txt,"Intime de Fanny Legrand pendant de les années , elle l' avait chaperonnée dans la galanterie , et rien que son nom épouvantait l' amoureux .","ADJ de NP NP PHASE de le NCT , il le avoir PPAS dans le NC , et rien que DETPOSS NCs VSENT le NCs ."
983,Daudet/1884_Daudet_sapho_N.txt,"Fanny , qui comprit le tremblement de son bras , essaya de s' excuser .","NP , qui VCOG le NCo de DETPOSS NCCOR , VPS de se INF ."
984,Daudet/1884_Daudet_sapho_N.txt,À qui s' adresser pour trouver un emploi ?,à qui se INF pour INF un NCo ?
985,Daudet/1884_Daudet_sapho_N.txt,On était bien embarrassé .,on être bien VSENT .
986,Daudet/1884_Daudet_sapho_N.txt,"D' ailleurs Rosa maintenant se tenait tranquille ; riche , très riche , vivant dans son hôtel avenue de Villiers ou à sa villa d' Enghien , recevant quelques anciens amis , mais un seul amant , toujours le même , son musicien .","de ADVLIEU NP ADVT se VIMP ADJ ; ADJ , très ADJ , PPRES dans DETPOSS NC PRES de NP ou à DETPOSS NC de NP , PPRES quelque ADJ NCo , mais un ADJ NC , ADVTEMPS le même , DETPOSS NC ."
987,Daudet/1884_Daudet_sapho_N.txt,— De Potter ?,— de NP ?
988,Daudet/1884_Daudet_sapho_N.txt,demanda Jean ... je le croyais marié .,VPS NP ... je le VIMP PPAS .
989,Daudet/1884_Daudet_sapho_N.txt,"— Oui ... marié , de les enfants , paraît même que sa femme est jolie ... ça ne l' a pas empêché de revenir à l' ancienne ... et si tu voyais comme elle lui parle , comme elle le traite ... Ah !","— oui ... PPAS , de le NC , paraître même que DETPOSS NCs être ADJ ... ça ne le avoir pas PPAS de INF à le NC ... et si je VCOG comme il lui PRES , comme il le PRES ... INTJ !"
990,Daudet/1884_Daudet_sapho_N.txt,"est bien mordu , celui-là ... Elle lui serrait la main avec un tendre reproche .","être bien PPAS , celui-là ... il lui VIMP le NCCOR avec un NC ADJ ."
991,Daudet/1884_Daudet_sapho_N.txt,"La dame à ce moment interrompit sa lecture et s' adressa à son sac qui sautait à le bout de la cordelière : — Mais reste donc tranquille , voyons !","le NCs à ce NCmod PRES DETPOSS NCo et se VPS à DETPOSS NC qui VIMP à le NC de le NCmod : — mais PRES donc ADJ , NC !"
992,Daudet/1884_Daudet_sapho_N.txt,"... Puis , à la gérante , sur un ton de commandement : — Donne-moi vite un bout de sucre pour Bichito .","... puis , à le NC , sur un NC de NCmod : — NP PRES un NCo de NCmod pour NP ."
993,Daudet/1884_Daudet_sapho_N.txt,"Fanny se leva , apporta le sucre qu' elle approchait de l' ouverture de le ridicule avec de les petites flatteries , de les mots enfantins ... « Regarde la jolie bête ... » dit -elle à son amant , en lui montrant , tout entouré de ouate , une sorte de gros lézard difforme et grenu , crêté , dentelé , la tête en capuchon sur une chair grelottante et gélatineuse ; un caméléon envoyé d' Algérie à Rosa , qui le préservait de l' hiver parisien à force de soins et de chaleur .","NP se VPS , VPS le NCo que il VIMP de le NC de le NCmod avec de le ADJ NCSENT , de le NC ADJ ... "" NP le ADJ NCmod ... "" VDIC il à DETPOSS NC , en lui PPRES , tout PPAS de NC , un sorte de ADJ NCmod ADJ et ADJ , PPAS , PPAS , le NCCOR en NCmod sur un NCCOR ADJ et ADJ ; un NC PPAS de NP à NP , qui le VIMP de le NC ADJ à NCSENT de NCmod et de NC ."
994,Daudet/1884_Daudet_sapho_N.txt,Elle l' adorait comme jamais elle n' avait aimé aucun homme ; et Jean démêlait bien à les mamours flagorneurs de Fanny la place que l' horrible bête tenait dans la maison .,il le VSENT comme ADVTEMPS il ne avoir VSENT aucun NCo ; et NP VIMP bien à le NC ADJ de NP le NCo que le NCs ADJ VIMP dans le NC .
995,Daudet/1884_Daudet_sapho_N.txt,"La dame ferma le livre , prête à partir .","le NCs VPS le NCo , ADJ à INF ."
996,Daudet/1884_Daudet_sapho_N.txt,— Pas trop mal pour une seconde quinzaine ... Seulement veille à la bougie .,— pas trop mal pour un ADJ NC ... seulement PRES à le NC .
997,Daudet/1884_Daudet_sapho_N.txt,"Elle jeta son regard de patronne autour de le petit salon , tenu , rangé , à le meuble de velours frappé , souffla un peu de poussière sur le yucca de le guéridon , constata un accroc dans la guipure de les croisées ; après quoi , elle dit à les jeunes gens avec un œil entendu : « Vous savez , mes petits , pas de bêtises ... la maison est très convenable ... » et rejoignant la voiture qui l' attendait à la porte , elle s' en alla faire son tour de bois .","il VPS DETPOSS NCMAN de NCmod ADV de le ADJ NC , PPAS , ADJ , à le NC de NCmod frapper , VSENT un peu de NC sur le NP de le NCmod , VPS un NCo dans le NC de le NCmod ; PHASE quoi , il VDIC à le ADJ NC avec un NC VCOG : "" vous VCOG , DETPOSS NC , pas un NC ... le NCs être très ADJ ... "" et PPRES le NCo qui le VIMP à le NC , il se en aller faire DETPOSS NCo de NCmod ."
998,Daudet/1884_Daudet_sapho_N.txt,— Crois -tu que c' est sciant !,— VCOG tu que ce être ADJ !
999,Daudet/1884_Daudet_sapho_N.txt,... dit Fanny .,... VDIC NP .
1000,Daudet/1884_Daudet_sapho_N.txt,"Je les ai sur le dos , elle ou sa mère , deux fois la semaine ... La mère est encore plus terrible , plus pingre ... faut que je t' aime , va , pour durer dans cette baraque ... Enfin te voilà , je t' ai encore !","je le avoir sur le NCCOR , il ou DETPOSS NC , NUM fois le NCmod ... le NCs être encore plus ADJ , plus NC ... PRES que je lui VSENT , aller , pour INF dans ce NC ... PHASE me voilà , je lui avoir encore !"
1001,Daudet/1884_Daudet_sapho_N.txt,"... J' ai eu si peur ... Et elle l' enlaça debout , longuement , lèvres contre lèvres , s' assurant bien à le tressaillement de le baiser qu ' était encore tout à elle .","... je avoir avoir sir NCSENT ... et il le VPS ADV , ADV , NCCOR contre NCCOR , se PPRES bien à le NC de le NCmod que ' être encore tout à il ."
1002,Daudet/1884_Daudet_sapho_N.txt,"Mais on allait et venait dans le couloir , fallait se méfier .","mais on aller et venir dans le NC , VIMP se INF ."
1003,Daudet/1884_Daudet_sapho_N.txt,"Quand on eut apporté la lampe , elle s' assit à sa place habituelle , un petit ouvrage à les doigts ; lui , tout près comme en visite ... — Suis -je changée , hein ?","quand on avoir PPAS le NCo , il se PRES à DETPOSS NC ADJ , un ADJ NC à le NCCOR ; lui , tout ADVLIEU comme en NC ... — être je PPAS , NC ?"
1004,Daudet/1884_Daudet_sapho_N.txt,... Est -ce assez peu moi ?,... être ce ADV peu soi ?
1005,Daudet/1884_Daudet_sapho_N.txt,... Elle souriait en montrant son crochet manié avec une gaucherie de petite fille .,... il VIMP en PPRES DETPOSS NCo PPAS avec un NC de ADJ NCmod .
1006,Daudet/1884_Daudet_sapho_N.txt,"Toujours elle avait détesté ces travaux d' aiguille ; un livre , son piano , sa cigarette , ou les manches retroussées pour la confection d' un petit plat , elle ne s' occupait jamais autrement .","ADVTEMPS il avoir VSENT ce NCo de NCmod ; un NC , DETPOSS NC , DETPOSS NC , ou le NC PPAS pour le NC de un ADJ NCmod , il ne se VIMP ADVTEMPS ADVINT ."
1007,Daudet/1884_Daudet_sapho_N.txt,"Mais , que faire ?","mais , que faire ?"
1008,Daudet/1884_Daudet_sapho_N.txt,"Le piano de le salon , elle ne pouvait y songer de tout le jour , obligée de se tenir à le bureau ... De les romans ?","le NC de le NCmod , il ne pouvoir y INF de tout le NCT , PPAS de se INF à le NC ... de le NC ?"
1009,Daudet/1884_Daudet_sapho_N.txt,Elle savait bien d' autres histoires que celles qu' ils racontaient .,il VCOG bien un autre NC que celui que il VIMP .
1010,Daudet/1884_Daudet_sapho_N.txt,"À défaut de la cigarette prohibée , elle avait pris cette dentelle qui lui occupait les doigts et la laissait libre de penser , comprenant à cette heure le goût de les femmes pour ces menus travaux qu' elle méprisait jadis .","à NC de le NCmod PPAS , il avoir PPAS ce NCo qui lui VIMP le NCCOR et le laisser ADJ de VCOG , VCOG à ce NCT le NCo de le NCmod pour ce NC ADJ que il VSENT ADV ."
1011,Daudet/1884_Daudet_sapho_N.txt,"Et tandis qu' elle rattrapait son fil avec de les maladresses encore , une attention d' inexpérience , Jean la regardait , toute reposée dans sa robe simple , son petit col droit , les cheveux bien à plat sur la rondeur antique de sa tête , et l' air si honnête , si raisonnable .","et PHASE que il VIMP DETPOSS NCo avec de le NC encore , un NCs de NCmod , NP le VCOG , ADV PPAS dans DETPOSS NC ADJ , DETPOSS ADJ NC ADJ , le NCCOR bien à NCmod sur le NCmod ADJ de DETPOSS NCCOR , et le NCMAN si ADJ , si ADJ ."
1012,Daudet/1884_Daudet_sapho_N.txt,"Dehors , dans un décor luxueux , roulait continuellement le train de les filles à la mode , haut perchées sur leurs phaétons , redescendant vers le Paris bruyant de les boulevards ; et Fanny ne semblait pas avoir un regret pour ce vice étalé et triomphant , dont elle aurait pu prendre sa part , qu' elle avait dédaigné pour lui .","ADV , dans un NC ADJ , VIMP ADVTEMPS le NCs de le NCmod à le NCmod , NC PPAS sur DETPOSS NC , PPRES vers le NP ADJ de le NCmod ; et NP ne sembler pas avoir un NCSENT pour ce NC ADJ et ADJ , dont il avoir pouvoir INF DETPOSS NCo , que il avoir VSENT pour lui ."
1013,Daudet/1884_Daudet_sapho_N.txt,"Pourvu qu ' consentît à la voir de temps en temps , elle acceptait très bien sa vie de servitude , y trouvait même de les côtés amusants .","pourvue que ' PRES à le VCOG de temps en temps , il VIMP très bien DETPOSS NCo de NCmod , y VIMP même de le NC ADJ ."
1014,Daudet/1884_Daudet_sapho_N.txt,Tous les pensionnaires l' adoraient .,tout le NCs le VIMP .
1015,Daudet/1884_Daudet_sapho_N.txt,"Les femmes , étrangères , sans aucun goût , la consultaient pour leurs achats de toilette ; elle donnait de les leçons de chant le matin à l' aînée de les petites Péruviennes , et pour le livre à lire , la pièce à voir , elle conseillait ces messieurs qui la traitaient avec toutes sortes d' égards , de prévenances , un surtout , le Hollandais de le second .","le NCs , ADJ , sans aucun NCmod , le VIMP pour DETPOSS NC de NCmod ; il VIMP de le NC de NCmod le NCT à le NC de le ADJ NCmod , et pour le NC à INF , le NC à VCOG , il VIMP ce NCo qui le VIMP avec tout sorte de NCmod , de NCSENT , un surtout , le NP de le NCmod ."
1016,Daudet/1884_Daudet_sapho_N.txt,"— s' assied là où tu es , reste en contemplation jusqu' à ce que je lui dise : « Kuyper , vous m' ennuyez .","— se PRES ADVLIEU où je es , PRES en NC jusque à ce que je lui PRES : "" INF , vous lui PRES ."
1017,Daudet/1884_Daudet_sapho_N.txt,"» Alors répond : « pien » et s' en va ... C' est lui qui m' a donné cette petite broche en corail ... Tu sais , ça vaut cent sous ; je l' ai acceptée pour avoir la paix .",""" alors VDIC : "" NC "" et se en aller ... ce être lui qui lui avoir PPAS ce ADJ NCo en NC ... je VCOG , ça PRES NUM NCo ; je le avoir PPAS pour avoir le NCo ."
1018,Daudet/1884_Daudet_sapho_N.txt,"Un garçon entrait , apportait un plateau chargé qu ' posait sur un bout de le guéridon en reculant un peu la plante verte .","un NCs ADJ , VIMP un NCo PPAS que ' VIMP sur un NC de le NCmod en PPRES un peu le NCo ADJCOL ."
1019,Daudet/1884_Daudet_sapho_N.txt,"— C' est là que je mange toute seule , une heure avant la table d' hôte .","— ce être ADVLIEU que je VSUBP tout ADJ , un NCT PHASE le NCmod de NCmod ."
1020,Daudet/1884_Daudet_sapho_N.txt,Elle indiqua deux plats de le menu assez long et copieux .,il VPS NUM NCo de le NCmod ADV ADJ et ADJ .
1021,Daudet/1884_Daudet_sapho_N.txt,La gérante n' avait droit qu' à deux plats et à le potage .,le NCs ne avoir NCo que à NUM NC et à le NC .
1022,Daudet/1884_Daudet_sapho_N.txt,"— Faut - qu' elle soit chienne , cette Rosario !","— NP - que il être ADJ , ce NP !"
1023,Daudet/1884_Daudet_sapho_N.txt,"... De le reste , j' aime mieux manger là ; je n' ai pas besoin de parler et je relis tes lettres qui me tiennent compagnie .","... de le NC , je VSENT mieux INF ADVLIEU ; je ne avoir pas NCo de INF et je PRES DETPOSS NCo qui me PRES NCo ."
1024,Daudet/1884_Daudet_sapho_N.txt,"Elle s' interrompit encore pour atteindre une nappe , de les serviettes ; à tout moment on la dérangeait , un ordre à donner , une armoire à ouvrir , une réclamation à satisfaire .","il se PRES encore pour INF un NCo , de le NC ; à tout NC on le VIMP , un NC à INF , un NC à INF , un NC à VSENT ."
1025,Daudet/1884_Daudet_sapho_N.txt,"Jean comprit qu ' la gênerait en restant davantage ; puis on installait son dîner , et c' était si piètre , cette petite soupière d' une portion qui fumait sur la table , leur donnant à tous deux la même pensée , le même regret de leurs anciens tête-à-tête !","NP VCOG que ' le VSENT en PPRES davantage ; puis on VIMP DETPOSS NCo , et ce être si ADJ , ce ADJ NC de un NCmod qui VIMP sur le NC , lui PPRES à tout NUM le même NCo , le même NCSENT de DETPOSS ADJ NCmod !"
1026,Daudet/1884_Daudet_sapho_N.txt,"« à dimanche ... à dimanche ... » murmura -t -elle tout bas , en le renvoyant .",""" à ADVT ... à ADVT ... "" VDIC t il tout ADJ , en le PPRES ."
1027,Daudet/1884_Daudet_sapho_N.txt,"Et comme ils ne pouvaient s' embrasser à cause de le service , de les pensionnaires qui descendaient , elle lui avait pris la main , l' appuyait contre son cœur longuement pour y faire entrer la caresse .","et comme il ne pouvoir se INF à NC de le NCmod , de le NC qui VIMP , il lui avoir PPAS le NCCOR , le VIMP contre DETPOSS NC ADV pour y faire INF le NCo ."
1028,Daudet/1884_Daudet_sapho_N.txt,"Tout le soir , la nuit , pensa à elle , souffrant de sa servitude humiliée devant cette gueuse et son gros lézard ; puis le Hollandais le troublait aussi , et jusqu' à le dimanche ne vécut pas .","tout le NCT , le NCT , VCOG à il , VSENT de DETPOSS NC VSENT ADVLIEU ce NC et DETPOSS ADJ NC ; puis le NP le VIMP aussi , et jusque à le ADVT ne VPS pas ."
1029,Daudet/1884_Daudet_sapho_N.txt,En réalité cette demi-rupture qui devait préparer sans secousse la fin de leur liaison fut pour celle- le coup de serpe de l' émondeur dont se ravive l' arbre fatigué .,en NC ce NCs qui devoir INF sans ADJ le NCo de lui NCmod être pour ADV le NC de NCmod de le NCmod dont se PRES le NCs PPAS .
1030,Daudet/1884_Daudet_sapho_N.txt,"Ils s' écrivirent , presque chaque jour , de ces billets de tendresse comme en griffonne l' impatience de les amoureux ; ou bien c' était , à le sortir de le ministère , une causerie douce dans le bureau pendant l' heure de le travail à l' aiguille .","il se VPS , presque chaque NCT , de ce NC de NCSENT comme en NC le NCSENT de le NCmod ; ou bien ce être , à le NC de le NCmod , un NC ADJ dans le NCmod PHASE le NCT de le NCmod à le NCmod ."
1031,Daudet/1884_Daudet_sapho_N.txt,"Elle avait dit à l' hôtel en parlant de lui : « Un de mes parents ... » et sous le couvert de cette vague appellation put venir quelquefois passer la soirée à le salon , à mille lieues de Paris .","il avoir VDIC à le NC en PPRES de lui : "" un de DETPOSS NCmod ... "" et sous le NC de ce NCmod NC pouvoir venir ADVTEMPS INF le NCT à le NC , à NUM NC de NP ."
1032,Daudet/1884_Daudet_sapho_N.txt,"connut la famille péruvienne avec ses innombrables demoiselles , fagotées de couleurs criardes , rangées autour de le salon , de vrais aras à le perchoir ; entendit la cithare de Mlle Minna Vogel , enguirlandée comme une perche à houblon , et vit son frère , malade , aphone , suivant de la tête avec passion le rythme de la musique et promenant ses doigts sur une clarinette imaginaire , la seule dont eût permission de jouer .","VPS le NCo ADJ avec DETPOSS ADJ NC , PPAS de NC ADJ , PPAS ADV de le NC , un vrai NC à le NCmod ; VCOG le NCo de NP NP NP , PPAS comme un NC à NCmod , et PRES DETPOSS NCo , ADJ , NC , ADJ de le NCCOR avec NCSENT le NC de le NCmod et PPRES DETPOSS NCCOR sur un NC ADJ , le ADJ dont avoir NCo de INF ."
1033,Daudet/1884_Daudet_sapho_N.txt,"fit le whist de le Hollandais de Fanny , un gros balourd , chauve , d' aspect sordide , qui avait navigué par tous les océans de le monde , et quand on lui demandait quelques renseignements sur l' Australie où venait de passer de les mois , répondait avec un roulement d' yeux : « Devinez combien les pommes de terre à Melbourne ?","faire le NCo de le NP de NP , un ADJ NC , NC , de NC ADJ , qui avoir PPAS par tout le NC de le NCmod , et quand on lui VIMP quelque NCo sur le NP où venir de INF de le NCT , VDIC avec un NC de NCCOR : "" IMP combien le NCo de NCmod à NP ?"
1034,Daudet/1884_Daudet_sapho_N.txt,"... » n' ayant été frappé que de ce fait unique , la cherté de les pommes de terre dans tous les pays où allait .","... "" ne avoir être frapper que de ce NC ADJ , le NC de le NCmod de NCmod dans tout le NCmod où aller ."
1035,Daudet/1884_Daudet_sapho_N.txt,"Fanny était l' âme de ces réunions , causait , chantait , jouait la Parisienne informée et mondaine ; et ce qu ' restait dans ses façons de la bohème ou de l' atelier échappait à ces exotiques , ou leur semblait le suprême genre .","NP être le NC de ce NCmod , VIMP , VIMP , VIMP le NP ADJ et ADJ ; et ce NCs ' VIMP dans DETPOSS façon de le NCmod ou de le NC VIMP à ce NC , ou lui sembler le ADJ NCo ."
1036,Daudet/1884_Daudet_sapho_N.txt,"Elle les éblouissait de ses relations avec les personnalités fameuses de les arts ou de la littérature , donnait à la dame russe qui raffolait de les œuvres de Dejoie , de les renseignements sur la façon d' écrire de le romancier , le nombre de tasses de café qu ' absorbait en une nuit , le chiffre exact et dérisoire dont les éditeurs de Cenderinette avaient payé le chef-d'œuvre qui faisait leur fortune .","il le VIMP de DETPOSS NC avec le NCmod ADJ de le NCmod ou de le NC , VIMP à le NC ADJ qui VIMP de le NC de NP , de le NC sur le façon de INF de le NC , le NC de NCmod de NCmod qu ' VIMP en un NCT , le NCo ADJ et ADJ dont le NP de NP avoir PPAS le NCo qui faire lui NCo ."
1037,Daudet/1884_Daudet_sapho_N.txt,"Et les succès de sa maîtresse rendaient Gaussin si fier qu ' oubliait d' être jaloux , aurait volontiers certifié sa parole , si quelqu'un l' eût mise en doute .","et le NCs de DETPOSS NCmod VIMP NP si ADJ que ' VCOG de être ADJ , avoir ADV PPAS DETPOSS NCo , si quelqu'un le avoir mettre en NCSENT ."
1038,Daudet/1884_Daudet_sapho_N.txt,"Pendant qu ' l' admirait dans ce paisible salon éclairé de lampes à abat-jour , servant le thé , accompagnant les mélodies de les jeunes filles , leur donnant de les conseils de grande sœur , y avait pour lui un montant singulier à se la figurer tout autre , quand elle arrivait chez lui le dimanche matin , trempée , grelottante , et que sans même s' approcher de le feu qui flambait en son honneur , elle se déshabillait à la hâte , et se glissait dans le grand lit , contre l' amant .","PHASE que ' le VIMP dans ce ADJ NC ADJ de NCmod à NCmod , PPRES le NCo , PPRES le NCo de le ADJ NCmod , lui PPRES de le NC de ADJ NCmod , y avoir pour lui un NCo ADJ à se le INF tout autre , quand il VIMP chez lui le ADVT NCT , PPAS , ADJ , et que sans même se INF de le NC qui VIMP en DETPOSS NCSENT , il se VIMP à le NC , et se VIMP dans le ADJ NC , contre le NCmod ."
1039,Daudet/1884_Daudet_sapho_N.txt,"Alors quelles étreintes , quelles caresses longues où se vengeaient les contraintes de toute la semaine , cette privation l' un de l' autre qui gardait le désir vivifiant à leur amour .","alors quel NC , quel NC ADJ où se VIMP le NCs de tout le NCmod , ce NC le un de le autre qui VIMP le NCSENT PPRES à lui NCSENT ."
1040,Daudet/1884_Daudet_sapho_N.txt,"Les heures passaient , s' embrouillaient ; on ne bougeait plus de le lit jusqu' à le soir .","le NCT VIMP , se VIMP ; on ne VIMP plus de le NC jusque à le NCT ."
1041,Daudet/1884_Daudet_sapho_N.txt,"Rien ne les tentait que là ; nul plaisir , personne à voir , pas même les Hettéma qui , par économie , s' étaient décidés à vivre à la campagne .","rien ne le VIMP que ADVLIEU ; nul NCSENT , PRES à VCOG , pas même le NP qui , par NC , se être PPAS à INF à le NC ."
1042,Daudet/1884_Daudet_sapho_N.txt,"Le petit déjeuner préparé , à côté d' eux , ils entendaient , anéantis , la rumeur de le dimanche parisien pataugeant dans la rue , le sifflet de les trains , le roulement de les fiacres chargés ; et la pluie en larges gouttes sur le zinc de le balcon , avec les battements précipités de leurs poitrines , rythmaient cette absence de la vie , sans notion de l' heure , jusqu' à le crépuscule .","le ADJ NC PPAS , à NC de eux , il VIMP , NC , le NCo de le ADVT ADJ PPRES dans le NC , le NC de le NCmod , le NC de le NCmod PPAS ; et le NCs en ADJ NCmod sur le NCmod de le NCmod , avec le NCmod PPAS de DETPOSS NC , VIMP ce NCo de le NCmod , sans NC de le NCT , jusque à le NC ."
1043,Daudet/1884_Daudet_sapho_N.txt,"Le gaz , qu' on allumait en face , glissait alors un pâle rayon sur la tenture ; fallait se lever , Fanny devant être rentrée à sept heures .","le NCs , que on VIMP en NC , VIMP alors un ADJ NCo sur le NCmod ; VIMP se INF , NP devoir être PPAS à NUM NCT ."
1044,Daudet/1884_Daudet_sapho_N.txt,"Dans le demi-jour de la chambre , tous ses ennuis , tous ses écœurements lui revenaient plus lourds , plus cruels , en remettant ses bottines encore humides de la course à pied , ses jupons , sa robe de la gérance , l' uniforme noir de les femmes pauvres .","dans le NC de le NCmod , tout DETPOSS NCSENT , tout DETPOSS NCs lui VIMP plus ADJ , plus ADJ , en PPRES DETPOSS NCo encore ADJ de le NC à NCCOR , DETPOSS NC , DETPOSS NC de le NCmod , le NC ADJ de le NCmod ADJ ."
1045,Daudet/1884_Daudet_sapho_N.txt,"Et ce qui gonflait son chagrin c' étaient ces choses aimées autour d' elle , les meubles , le petit cabinet de toilette de les beaux jours ... Elle s' arrachait : « Allons !","et ce qui VIMP DETPOSS NCSENT ce être ce chose VSENT ADV de il , le NC , le ADJ NC de NCmod de le ADJ NCT ... il se VIMP : "" NP !"
1046,Daudet/1884_Daudet_sapho_N.txt,"... » et pour rester plus longtemps ensemble , Jean la reconduisait ; ils remontaient serrés et lents l' avenue de les Champs-Élysées dont la double rangée de lampadaires , avec l' Arc de Triomphe en haut , écarté d' ombre , et deux ou trois étoiles piquant un bout de ciel , figuraient un fond de diorama .","... "" et pour INF plus longtemps ensemble , NP le VIMP ; il VIMP ADJ et ADJ le NCs de le NP dont le ADJ NC de NCmod , avec le NP de NP en NCmod , NC de NCmod , et NUM ou NUM NC PPRES un NCo de NCmod , VCOND un NCo de NCmod ."
1047,Daudet/1884_Daudet_sapho_N.txt,"À le coin de la rue Pergolèse , tout près de la pension , elle relevait sa voilette pour un dernier baiser , et le laissait désorienté , dégoûté de son intérieur où rentrait le plus tard possible , maudissant la misère , en voulant presque à ceux de Castelet de le sacrifice qu ' s' imposait pour eux .","à le NC de le NCmod NP , tout ADVLIEU de le NC , il VIMP DETPOSS NCo pour un ADJ NC , et le laisser VSENT , VSENT de DETPOSS NC où VCOND le plus tard ADJ , PPRES le NCo , en vouloir presque à celui de NP de le NCmod que ' se VIMP pour eux ."
1048,Daudet/1884_Daudet_sapho_N.txt,"Ils traînèrent deux ou trois mois cette existence devenue vers la fin absolument insupportable , Jean ayant été obligé de restreindre ses visites à l' hôtel à cause d' un bavardage de domestique , et Fanny de plus en plus exaspérée par l' avarice de la mère et de la fille Sanchès .","il VPS NUM ou NUM NCT ce NCo devenir vers le NC ADVINT ADJ , NP avoir être PPAS de INF DETPOSS NCo à le NC à NCmod de un NCmod de NCmod , et NP de plus en plus VSENT par le NC de le NCmod et de le NC NP ."
1049,Daudet/1884_Daudet_sapho_N.txt,"Elle pensait silencieusement à reprendre leur petit ménage et sentait son amant à bout de forces lui aussi , mais elle eût voulu qu ' parlât le premier .","il VCOG ADV à INF lui ADJ NCo et sentir DETPOSS NCo à NC de NCSENT lui aussi , mais il avoir vouloir que ' VSUBI le ADJ ."
1050,Daudet/1884_Daudet_sapho_N.txt,"Un dimanche d' avril , Fanny arriva plus parée que d' ordinaire , en chapeau rond , en robe de printemps bien simple , — on n' était pas riche , — mais tendue à les grâces de son corps .","un ADVT de MOIS , NP VPS plus PPAS que de NC , en NC ADJ , en NC de NCmod bien ADJ , — on ne être pas ADJ , — mais PPAS à le NC de DETPOSS NCCOR ."
1051,Daudet/1884_Daudet_sapho_N.txt,"— Lève -toi vite , nous allons déjeuner à la campagne ... — À la campagne !","— NP soi ADV , nous aller INF à le NC ... — à le NC !"
1052,Daudet/1884_Daudet_sapho_N.txt,"... — Oui , à Enghien , chez Rosa ... Elle nous invite tous les deux ... dit non d' abord , mais elle insista .","... — oui , à NP , chez NP ... il nous PRES tout le NCo ... VDIC non de NC , mais il VPS ."
1053,Daudet/1884_Daudet_sapho_N.txt,Jamais Rosa ne pardonnerait un refus .,ADVTEMPS NP ne VCOND un NCo .
1054,Daudet/1884_Daudet_sapho_N.txt,"— Tu peux bien consentir pour moi ... J' en fais assez , me semble .","— je pouvoir bien INF pour soi ... je en faire ADV , me sembler ."
1055,Daudet/1884_Daudet_sapho_N.txt,"C' était à le bord de le lac d' Enghien , devant une immense pelouse descendant jusqu' à un petit port où se balançaient quelques yoles et gondoles , un grand chalet , merveilleusement orné et meublé , et dont les plafonds , les panneaux en miroirs reflétaient l' étincellement de l' eau , les superbes charmilles d' un parc déjà frissonnant de verdures hâtives et de lilas en fleurs .","ce être à le NC de le NCmod de NP , ADVLIEU un NCmod ADJ PPRES jusque à un ADJ NC où se VIMP quelque NCs et NC , un ADJ NC , ADVINT PPAS et PPAS , et dont le NC , le NCs en NCmod VIMP le NCo de le NCmod , le ADJ NC de un NCmod déjà PPRES de NC ADJ et de NC en NCmod ."
1056,Daudet/1884_Daudet_sapho_N.txt,"Les livrées correctes , les allées où ne traînait pas une brindille , faisaient honneur à la double surveillance de Rosario et de la vieille Pilar .","le NCs ADJ , le NC où ne VIMP pas un NCo , faire NCSENT à le ADJ NCmod de NP et de le ADJ NP ."
1057,Daudet/1884_Daudet_sapho_N.txt,"On était à table quand ils arrivèrent , une fausse indication les ayant égarés une heure autour de le lac , par de les ruelles entre de grands murs de jardins .","on être à ADJ quand il VPS , un ADJ NCs le avoir PPAS un NCT ADV de le NC , NC de le NCmod entre un ADJ NCmod de NCmod ."
1058,Daudet/1884_Daudet_sapho_N.txt,"Jean acheva de se décontenancer , à le froid accueil de la maîtresse de la maison , furieuse qu' on l' eût fait attendre , et à l' aspect extraordinaire de les vieilles parques à lesquelles Rosa le présentait de sa voix de charretier .","NP VASP de se VSENT , à le ADJ NC de le NCmod de le NCmod , ADJ que on le avoir faire INF , et à le NC ADJ de le NCmod ADJ à lequel NP le VIMP de DETPOSS NCMAN de NCmod ."
1059,Daudet/1884_Daudet_sapho_N.txt,"Trois « élégantes » , comme se désignent entre elles les grandes cocottes , trois antiques roulures comptant parmi les gloires de le second Empire , à les noms aussi fameux que celui d' un grand poète ou d' un général à victoires , Wilkie Cob , Sombreuse , Clara Desfous .","NUM "" ADJ "" , comme se PRES entre il le ADJ NCs , NUM ADJ NCs PPRES parmi le NC de le ADJ NCmod , à le NC aussi ADJ que celui de un ADJ NCmod ou de un NC à NCmod , NP NP , NP , NP NP ."
1060,Daudet/1884_Daudet_sapho_N.txt,"Élégantes , certes elles l' étaient toujours , attifées à la mode nouvelle , à les couleurs de le printemps , délicieusement chiffonnées de la collerette à les bottines ; mais si fanées , fardées , retapées !","NC , PPAS il le être ADVTEMPS , PPAS à le NC ADJ , à le NC de le NCmod , ADVINT VSENT de le NCmod à le NCmod ; mais si NC , PPAS , PPAS !"
1061,Daudet/1884_Daudet_sapho_N.txt,"Sombreuse sans cils , les yeux morts , la lèvre détendue , tâtonnant autour de son assiette , de sa fourchette , de son verre ; la Desfous énorme , couperosée , une boule d' eau chaude à les pieds , étalant sur la nappe ses pauvres doigts goutteux et tordus , à les bagues étincelantes , aussi difficiles , compliquées à entrer et à sortir que les anneaux d' une question romaine .","NC sans NCCOR , le NCCOR ADJ , le NCCOR ADJ , PPRES ADV de DETPOSS NC , de DETPOSS NC , de DETPOSS NC ; le NP ADJ , PPAS , un NC de NCmod ADJ à le NCCOR , PPRES sur le NC DETPOSS ADJ NCCOR ADJ et ADJ , à le NCmod ADJ , aussi ADJ , PPAS à INF et à INF que le NC de un NCmod ADJ ."
1062,Daudet/1884_Daudet_sapho_N.txt,"Et Cob toute mince , avec une taille jeunette qui faisait plus hideuse sa tête décharnée de clown malade sous une crinière d' étoupes jaunes .","et NP tout NC , avec un NCmod ADJ qui faire plus ADJ DETPOSS NCCOR PPAS de NCmod ADJ sous un NC de NCmod ADJCOL ."
1063,Daudet/1884_Daudet_sapho_N.txt,"Celle -là , ruinée , saisie , était allée tenter un dernier coup à Monte-Carlo et en revenait sans un sou , enragée d' amour pour un beau croupier qui n' avait pas voulu d' elle ; Rosa , l' ayant recueillie , la nourrissait , s' en faisait gloire .","celui ADVLIEU , PPAS , PPAS , être aller INF un ADJ NCo à NP et en VIMP sans un NC , VSENT de NCSENT pour un ADJ NC qui ne avoir pas vouloir un il ; NP , le avoir PPAS , le VIMP , se en faire NCs ."
1064,Daudet/1884_Daudet_sapho_N.txt,"Toutes ces femmes connaissaient Fanny , la saluaient d' un bonjour protecteur : « Comment va , petite ?","tout ce NCs VIMP NP , le VIMP de un NC ADJ : "" comment NC , ADJ ?"
1065,Daudet/1884_Daudet_sapho_N.txt,"» Le fait est qu' avec sa robe à trois francs le mètre , sans un bijou que la broche rouge de Kuyper , elle avait l' air d' une recrue parmi ces épouvantables chevronnées de la galanterie , que ce cadre de luxe , toute la lumière reflétée de le lac et de le ciel , entrant mêlée d' odeurs printanières par les battants de la salle à manger , faisaient plus spectrales encore .",""" le NCs être que avec DETPOSS NC à NUM NCmod le INF , sans un NC que le NC ADJCOL de NP , il avoir le NCMAN de un NCmod parmi ce ADJ NC de le NCmod , que ce NCs de NCmod , tout le NC PPAS de le NC et de le NC , PPRES NCo de NCmod ADJ par le NC de le NCmod à INF , faire plus ADJ encore ."
1066,Daudet/1884_Daudet_sapho_N.txt,"y avait aussi la vieille mère Pilar , « le chinge » , comme elle s' appelait elle-même dans son charabia franco-espagnol , vraie macaque à peau déteinte et râpeuse , d' une malice féroce sur de les traits grimaçants , coiffée en garçon , les cheveux gris à le ras de l' oreille , et sur sa robe de vieux satin noir un grand col bleu de maître-timonier .","y avoir aussi le ADJ NCo NP , "" le NC "" , comme il se VIMP elle-même dans DETPOSS NC ADJ , vrai NC à NCCOR ADJ et ADJ , de un NCmod ADJ sur un le NCmod ADJ , PPAS en NC , le NCCOR ADJCOL à le NCmod de le NCCOR , et sur DETPOSS NC de ADJ NCmod ADJ un ADJ NC ADJCOL de NCmod ."
1067,Daudet/1884_Daudet_sapho_N.txt,— Et puis .,— et puis .
1068,Daudet/1884_Daudet_sapho_N.txt,"Bichito ... dit Rosa , achevant de présenter ses convives et montrant à Gaussin un tampon d' ouate rose où le caméléon grelottait sur la nappe .","NP ... VDIC NP , VASP de INF DETPOSS NCo et PPRES à NP un NCo de NCmod ADJCOL où le NCs VIMP sur le NC ."
1069,Daudet/1884_Daudet_sapho_N.txt,"— Eh bien , et moi , on ne me présente pas ?","— INTJ bien , et soi , on ne me PRES pas ?"
1070,Daudet/1884_Daudet_sapho_N.txt,"réclama sur un ton de jovialité forcée un grand garçon à moustaches grisonnantes , de tenue correcte , même un peu raide , dans son veston clair et son col montant .","VPS sur un NC de NCmod PPAS un ADJ NCo à NCCOR ADJ , de NCmod ADJ , même un peu ADJ , dans DETPOSS NC ADJ et DETPOSS NC ADJ ."
1071,Daudet/1884_Daudet_sapho_N.txt,— C' est vrai ... Et Tatave ?,— ce être vrai ... et NP ?
1072,Daudet/1884_Daudet_sapho_N.txt,dirent les femmes en riant .,VPS le NCo en NC .
1073,Daudet/1884_Daudet_sapho_N.txt,La maîtresse de maison lâcha son nom avec négligence .,le NCs de NCmod VPS DETPOSS NCo avec NCmod .
1074,Daudet/1884_Daudet_sapho_N.txt,"Tatave , c' était de Potter , le savant musicien , l' auteur acclamé de Claudia , de Savonarole ; et Jean , qui n' avait fait que l' entrevoir chez Déchelette , s' étonnait de trouver à le grand artiste de les allures si peu géniales , ce masque en bois dur et régulier , ces yeux déteints scellant une passion folle , incurable , qui depuis de les années l' accrochait à cette gueuse , lui faisait quitter femme et enfants , pour rester commensal de cette maison où engloutissait une partie de sa grande fortune , ses gains de théâtre , et où on le traitait plus mal qu' un domestique .","NP , ce être de NP , le NC ADJ , le NC PPAS de NP , de NP ; et NP , qui ne avoir faire que le VCOG chez NP , se VSENT de INF à le ADJ NC de le NCMAN si peu ADJ , ce NC en NCmod ADJ et ADJ , ce NCCOR ADJ PPRES un NCSENT ADJ , ADJ , qui depuis de le NCT le VIMP à ce NC , lui faire INF NCo et NC , pour INF ADJ de ce NC où VIMP un NCs de DETPOSS ADJ NCmod , DETPOSS NC de NCmod , et où on le VIMP plus mal que un NC ."
1075,Daudet/1884_Daudet_sapho_N.txt,"fallait voir l' air excédé de Rosa dès qu ' racontait quelque chose , de quel ton méprisant elle lui imposait silence ; et renchérissant sur sa fille , Pilar ne manquait jamais d' ajouter d' un accent convaincu : — Foute -nous la paix , mon garçon .","VIMP VCOG le NCMAN VSENT de NP dès que ' VIMP quelque chose , de quel NC PPRES il lui VIMP NCo ; et PPRES sur DETPOSS NC , NP ne VIMP ADVTEMPS de INF de un NC ADJ : — Foute le le NC , DETPOSS NC ."
1076,Daudet/1884_Daudet_sapho_N.txt,"Jean l' avait pour voisine , cette Pilar , et ces vieilles babines qui grondaient en mangeant avec un ruminement de bête , ce coup d' œil inquisiteur dans son assiette , mettaient à le supplice le jeune homme déjà gêné par le ton de patronne de Rosa , plaisantant Fanny sur les soirées musicales de l' hôtel et la jobarderie de ces pauvres rastaquouères qui prenaient la gérante pour une femme de le monde tombée dans le malheur .","NP le avoir pour NC , ce NP , et ce NC ADJ qui VIMP en PPRES avec un NC de NCmod , ce NC de NCmod ADJ dans DETPOSS NCmod , VIMP à le NCSENT le ADJ NCo déjà VSENT par le NC de NCmod de NP , PPRES NP sur le NCT ADJ de le NCmod et le NC de ce ADJ NCmod qui VIMP le NCo pour un NC de le NCmod PPAS dans le NC ."
1077,Daudet/1884_Daudet_sapho_N.txt,"L' ancienne dame de les chars , bouffie de graisse malsaine , de les cabochons de mille francs à chaque oreille , semblait envier à son amie le renouveau de jeunesse et de beauté que lui communiquait cet amant jeune et beau ; et Fanny ne se fâchait pas , amusait à le contraire la table , raillait en rapin les pensionnaires , le Péruvien qui lui avouait , en roulant de les yeux blancs , son désir de connaître une grande coucoute , et la cour silencieuse , à souffle de phoque , de le Hollandais haletant derrière sa chaise : « Tevinez combien les pommes de terre à Batavia .","le ADJ NCs de le NCmod , NC de NCmod ADJ , de le NC de NUM NCmod à chaque NCCOR , sembler INF à DETPOSS NC le NCmod de NCmod et de NC que lui VIMP ce NCs ADJ et ADJ ; et NP ne se VSENT pas , VIMP à le NC le NCo , VIMP en NC le NCo , le NP qui lui VIMP , en PPRES de le NCCOR ADJCOL , DETPOSS NCSENT de INF un ADJ NCo , et le NC ADJ , à NCmod de NCmod , de le NP PPRES ADVLIEU DETPOSS NC : "" IMP combien le NCo de NCmod à NP ."
1078,Daudet/1884_Daudet_sapho_N.txt,"» Gaussin ne riait guère , lui ; Pilar non plus , occupée à surveiller l' argenterie de sa fille , ou s' élançant d' un geste brusque , visant sur le couvert devant elle ou la manche de son voisin une mouche qu' elle présentait en baragouinant de les mots de tendresse « mange , alma ; mange , corazon » à la hideuse petite bête échouée sur la nappe , flétrie , plissée , informe comme les doigts de la Desfous .",""" NP ne VIMP guère , lui ; NP non plus , PPAS à INF le NCo de DETPOSS NCmod , ou se PPRES de un NC ADJ , PPRES sur le NC ADVLIEU il ou le NC de DETPOSS NCmod un NC que il VIMP en PPRES de le NC de NCSENT "" NC , NC ; NC , NC "" à le NCmod ADJ ADJ PPAS sur le NC , NC , PPAS , ADJ comme le NCCOR de le NP ."
1079,Daudet/1884_Daudet_sapho_N.txt,"Quelquefois , toutes les mouches en déroute , elle en apercevait une contre le dressoir ou la vitre de la porte , se levait , et la raflait triomphalement .","ADVTEMPS , tout le NC en NCmod , il en VIMP un contre le NCmod ou le NC de le NCmod , se VIMP , et le VIMP ADV ."
1080,Daudet/1884_Daudet_sapho_N.txt,"Ce manège souvent répété impatienta sa fille , décidément très nerveuse , ce matin-là : — Ne te lève donc pas à toute minute , c' est fatigant .","ce NCs ADVTEMPS PPAS VSENT DETPOSS NCo , ADV très ADJ , ce matin-là : — ne me PRES donc pas à tout NCT , ce être ADJ ."
1081,Daudet/1884_Daudet_sapho_N.txt,"Avec la même voix descendue de deux tons dans le charabia , la mère répondit : — Vous dévorez , bos otros ... pourquoi tu veux pas qu' mange , loui ?","avec le même NCMAN PPAS de NUM NC dans le NC , le NCs VDIC : — vous PRES , NC ADJ ... pourquoi je vouloir pas que NC , INTJ ?"
1082,Daudet/1884_Daudet_sapho_N.txt,"— Sors de table , ou tiens -toi tranquille ... tu nous embêtes ... La vieille se rebiffa , et toutes deux commencèrent à s' injurier en dévotes espagnoles , mêlant le démon et l' enfer à de les invectives de trottoir : « Hija del demonio .","— ADV de NCs , ou tenir soi PRES ... je nous PRES ... le NCs se VSENT , et tout deux VASP à se VDIC en NC ADJ , PPRES le NCo et le NC à de le NC de NCmod : "" NP del NCmod ."
1083,Daudet/1884_Daudet_sapho_N.txt,— Cuerno de satanas .,— NP de NCmod .
1084,Daudet/1884_Daudet_sapho_N.txt,— Puta !,— NP !
1085,Daudet/1884_Daudet_sapho_N.txt,... — madre !,... — NC !
1086,Daudet/1884_Daudet_sapho_N.txt,"Jean les regardait épouvanté , tandis que les autres convives , habitués à ces scènes de famille , continuaient de manger tranquillement .","NP le VCOG NC , PHASE que le autre NCs , PPAS à ce NC de NCmod , VIMP de INF ADVMAN ."
1087,Daudet/1884_Daudet_sapho_N.txt,"De Potter seul intervint par égard pour l' étranger : — Ne vous disputez donc pas , voyons .","de NP ADJ PPAS par NC pour le NC : — ne vous PRES donc pas , VCOG ."
1088,Daudet/1884_Daudet_sapho_N.txt,"Mais Rosa , furieuse , se retourna contre lui : — De quoi te mêles -tu , toi ?","mais NP , ADJ , se VPS contre lui : — de quoi me ADJ tu , soi ?"
1089,Daudet/1884_Daudet_sapho_N.txt,... en voilà de les manières !,... en voilà de le NCmod !
1090,Daudet/1884_Daudet_sapho_N.txt,"... Est -ce que je ne suis pas libre de parler ... Va donc voir un peu chez ta femme , si j' y suis !","... être ce que je ne être pas ADJ de INF ... NP donc VCOG un peu chez ta NC , si je y être !"
1091,Daudet/1884_Daudet_sapho_N.txt,"... J' en ai assez de tes yeux de merlan frit , et de les trois cheveux qui te restent ... Va les porter à ta dinde , n' est que temps !","... je en avoir ADV de DETPOSS NCCOR de NCmod ADJ , et de le NUM NCCOR qui me PRES ... NP le INF à NC ADJ , ne être que temps !"
1092,Daudet/1884_Daudet_sapho_N.txt,"... De Potter souriait , un peu pâle : — Et faut vivre avec ça !","... de NP VIMP , un peu ADJ : — et PRES INF avec ça !"
1093,Daudet/1884_Daudet_sapho_N.txt,... murmurait - dans sa moustache .,... VDIC - dans DETPOSS NCCOR .
1094,Daudet/1884_Daudet_sapho_N.txt,"— Ça vaut bien ça ... hurla -t -elle , tout le corps en avant sur la table ... Et tu sais , la porte est ouverte ... file ... hop !","— ça PRES bien ça ... hurla t il , tout le NCCOR en PHASE sur le NCmod ... et je VCOG , le NCspas être PPAS ... NC ... NCmod !"
1095,Daudet/1884_Daudet_sapho_N.txt,"— Voyons , Rosa ... supplièrent les pauvres yeux ternes .","— NP , NP ... VPS le ADJ NCCOR ADJ ."
1096,Daudet/1884_Daudet_sapho_N.txt,"Et la mère Pilar , se remettant à manger , dit avec un flegme si comique : « Foute -nous la paix , mon garçon ... » que tout le monde éclata de rire , même Rosa , même de Potter qui embrassait sa maîtresse encore toute grondante et , pour achever de gagner sa grâce , attrapait une mouche et la donnait délicatement , par les ailes , à Bichito .","et le NCs NP , se PPRES à INF , VDIC avec un NC si ADJ : "" Foute nous le NC , DETPOSS NC ... "" que tout le NCs VPS de INF , même NP , même de NP qui VIMP DETPOSS NCo encore tout NC et , pour VASP de INF DETPOSS NCo , VIMP un NCo et le VIMP ADVMAN , par le NC , à NP ."
1097,Daudet/1884_Daudet_sapho_N.txt,"Et c' était de Potter , le compositeur glorieux , la fierté de l' École française !","et ce être de NP , le NC ADJ , le NCSENT de le NCmod ADJ !"
1098,Daudet/1884_Daudet_sapho_N.txt,"Comment cette femme le retenait -elle , par quel sortilège , vieillie de vices , grossière , avec cette mère qui doublait son infamie , la montrait telle qu' elle serait vingt ans plus tard , comme vue dans une boule étamée ?","comment ce NCs le VIMP il , par quel NC , PPAS de NC , ADJ , avec ce NC qui VIMP DETPOSS NCo , le VIMP tel que il être NUM NCT plus tard , comme NC dans un NCmod PPAS ?"
1099,Daudet/1884_Daudet_sapho_N.txt,"... On servit le café à le bord de le lac , sous une petite grotte en rocaille , revêtue à l' intérieur de soies claires que moirait le mouvement de l' eau voisine , un de ces délicieux nids à baisers inventés par les contes de le -huitième siècle , avec une glace à le plafond qui reflétait les attitudes de les vieilles parques répandues sur le large divan dans une pâmoison digérante , et Rosa , les joues allumées sous le fard , s' étirant les bras à la renverse contre son musicien : — Oh !","... on VPS le NCo à le NC de le NCmod , sous un ADJ NC en NCmod , PPAS à le NC de NCmod ADJ que VCOND le NCs de le NCmod ADJ , un de ce ADJ NCmod à NCmod PPAS par le NC de le ADJ NCT , avec un NCmod à le NCmod qui VIMP le NCo de le NCmod ADJ PPAS sur le ADJ NC dans un NC ADJ , et NP , le NCCOR PPAS sous le NC , se PPRES le NCCOR à le NCmod contre DETPOSS NCmod : — INTJ !"
1100,Daudet/1884_Daudet_sapho_N.txt,mon Tatave ... mon Tatave !,DETPOSS NC ... son NP !
1101,Daudet/1884_Daudet_sapho_N.txt,"... Mais cette chaleur de tendresse s' évapora avec celle de la chartreuse , et l' idée d' une promenade en bateau étant venue à l' une de ces dames , elle envoya de Potter préparer le canot .","... mais ce NCs de NCSENT se VPS avec celui de le NCmod , et le NC de un NCmod en NCmod être venir à le un de ce NCmod , il VPS de NP INF le NCo ."
1102,Daudet/1884_Daudet_sapho_N.txt,"— Le canot , tu entends , pas la norvégienne .","— le NC , je VCOG , pas le NC ."
1103,Daudet/1884_Daudet_sapho_N.txt,— Si je disais à Désiré .,— si je VDIC à NP .
1104,Daudet/1884_Daudet_sapho_N.txt,"— Désiré déjeune ... — C' est que le canot est plein d' eau ; faut écoper , c' est tout un travail ... — Jean ira avec vous , de Potter ... dit Fanny qui voyait venir encore une scène .","— Désiré NC ... — ce être que le NCs être ADJ de NC ; PRES INF , ce être tout un NC ... — NP VF avec vous , de NP ... VDIC NP qui VCOG venir encore un NCo ."
1105,Daudet/1884_Daudet_sapho_N.txt,"Assis en face l' un de l' autre , les jambes écartées , chacun sur un banc de le bateau , ils l' égouttaient activement , sans se parler , sans se regarder , comme hypnotisés par le rythme de l' eau jaillie de les deux écopes .","PPAS en NC le un de le autre , le NCCOR PPAS , chacun sur un NCmod de le NCmod , il le VIMP ADVMAN , sans se INF , sans se VCOG , comme VSENT par le NC de le NCmod ADJ de le NUM NCmod ."
1106,Daudet/1884_Daudet_sapho_N.txt,Autour d' eux l' ombre d' un grand catalpa tombait en fraîcheur odorante et se découpait sur le lac resplendissant de lumière .,ADV de eux le NCs de un ADJ NCmod VIMP en NC ADJ et se VIMP sur le NC PPRES de NC .
1107,Daudet/1884_Daudet_sapho_N.txt,— Y a -t - longtemps que vous êtes avec Fanny ?,— y avoir t - longtemps que vous être avec NP ?
1108,Daudet/1884_Daudet_sapho_N.txt,... demanda tout à coup le musicien s' arrêtant dans sa besogne .,... VPS tout à NC le NCo se PPRES dans DETPOSS NC .
1109,Daudet/1884_Daudet_sapho_N.txt,— Deux ans ... répondit Gaussin un peu surpris .,— NUM NCT ... VDIC NP un peu VSENT .
1110,Daudet/1884_Daudet_sapho_N.txt,— Seulement deux ans !,— seulement NUM NCT !
1111,Daudet/1884_Daudet_sapho_N.txt,... Alors ce que vous voyez aujourd'hui pourra peut-être vous servir .,... alors ce que vous VCOG ADVT pouvoir peut-être vous INF .
1112,Daudet/1884_Daudet_sapho_N.txt,"Moi , voilà vingt ans que je vis avec Rosa , vingt ans que revenant d' Italie après mes trois années de Prix de Rome , je suis entré à l' Hippodrome , un soir , et que je l' ai vue debout dans son petit char à le tournant de la piste , m' arrivant dessus , le fouet en l' air , avec son casque à huit fers de lance , et sa cotte d' écailles d' or , lui serrant la taille jusqu' à -cuisse .","soi , voilà NUM NCT que je VCOG avec NP , NUM NCT que PPRES de NP PHASE DETPOSS NUM NCT de NP de NP , je être PPAS à le NP , un NCT , et que je le avoir VCOG ADV dans DETPOSS ADJ NC à le NC de le NCmod , lui PPRES ADV , le NCo en le NCMAN , avec DETPOSS NC à NUM NCmod de NCmod , et DETPOSS NC de NCmod de NCmod , lui PPRES le NCo jusque à NCCOR ."
1113,Daudet/1884_Daudet_sapho_N.txt,Ah !,INTJ !
1114,Daudet/1884_Daudet_sapho_N.txt,"si l' on m' avait dit ... Et se remettant à vider le bateau , racontait comment chez lui on n' avait fait que rire d' abord de cette liaison ; puis , la chose devenant sérieuse , de combien d' efforts , de prières , de sacrifices , ses parents auraient payé une rupture .","si l' on lui avoir VDIC ... et se PPRES à INF le NCo , VIMP comment chez lui on ne avoir faire que ADV de NC de ce NC ; puis , le chose devenir ADJ , de combien de NCmod , de NCmod , de NC , DETPOSS NCs avoir PPAS un NCo ."
1115,Daudet/1884_Daudet_sapho_N.txt,"Deux ou trois fois la fille était partie à force d' argent , mais lui la rejoignait toujours .","NUM ou NUM fois le NCs être PPAS à NCSENT de NCmod , mais lui le VIMP ADVTEMPS ."
1116,Daudet/1884_Daudet_sapho_N.txt,« Essayons de le voyage ... » avait dit la mère .,""" IMP de le NC ... "" avoir VDIC le NCs ."
1117,Daudet/1884_Daudet_sapho_N.txt,"voyagea , revint et la reprit .","VPS , VPS et le VPS ."
1118,Daudet/1884_Daudet_sapho_N.txt,"Alors s' était laissé marier ; jolie fille , riche dot , la promesse de l' Institut dans la corbeille de noce ... Et trois mois après lâchait le nouveau ménage pour l' ancien ... — Ah !","alors se être laisser NCs ; ADJ NC , ADJ NC , le NC de le NCmod dans le NCmod de NCmod ... et NUM NCT PHASE VIMP le ADJ NCo pour le ADJ ... — INTJ !"
1119,Daudet/1884_Daudet_sapho_N.txt,"jeune homme , jeune homme ... débitait sa vie d' une voix sèche , sans qu' un muscle animât son masque , raide comme le col empesé qui le tenait si droit .","ADJ NC , ADJ NC ... VIMP DETPOSS NCo de un NCMAN ADJ , sans que un NCs VSUBI DETPOSS NCo , NC comme le NCmod PPAS qui le VIMP si NC ."
1120,Daudet/1884_Daudet_sapho_N.txt,"Et de les barques passaient chargées d' étudiants et de filles , débordantes de chansons , de rires de jeunesse et d' ivresse ; combien parmi ces inconscients auraient dû s' arrêter , prendre leur part de l' effroyable leçon !","et de le NCs VIMP PPAS de NC et de NC , ADJ de NC , de NCMAN de NCmod et de NCSENT ; combien parmi ce NC avoir devoir se INF , INF lui NCo de le ADJ NCmod !"
1121,Daudet/1884_Daudet_sapho_N.txt,"... Dans le kiosque , pendant ce temps , comme si c' était un mot donné de travailler à leur rupture , les vieilles élégantes prêchaient la raison à Fanny Legrand ... — Joli , son petit , mais pas le sou ... à quoi ça la mènerait - ?","... dans le NC , PHASE ce temps , comme si ce être un NC PPAS de INF à lui NC , le NCs ADJ VIMP le NCo à NP NP ... — NP , DETPOSS NC , mais pas le NC ... à quoi ça le VCOND - ?"
1122,Daudet/1884_Daudet_sapho_N.txt,"... — Enfin , puisque je l' aime !","... — PHASE , puisque je le VSENT !"
1123,Daudet/1884_Daudet_sapho_N.txt,"... Et Rosa levant les épaules : — Laissez -la donc ... elle va encore rater son Hollandais , comme je l' ai vue rater toutes ses belles affaires ... Après son histoire avec Flamant , elle avait pourtant essayé de devenir pratique , mais la voilà plus folle que jamais ... — Ay !","... et NP PPRES le NCCOR : — laisser VPS donc ... il aller encore INF son NP , comme je le avoir VCOG INF tout DETPOSS ADJ NCo ... PHASE DETPOSS NC avec NP , il avoir pourtant PPAS de devenir ADJ , mais le voilà plus ADJ que ADVTEMPS ... — NP !"
1124,Daudet/1884_Daudet_sapho_N.txt,vellaca ... grogna maman Pilar .,vellaca ... grogna NCmod NP .
1125,Daudet/1884_Daudet_sapho_N.txt,"L' Anglaise à tête de clown intervint avec l' horrible accent qui , si longtemps , avait fait son succès : — C' était très bien d' aimer l' amour , petite ... c' était très bonne , l' amour , vous savez ... mais vous devez aimer l' argent aussi ... moi maintenant , si j' étais riche toujours , est -ce que mon croupier dirait je suis laide , croyez -vous ?","le NP à NCCOR de NC PPAS avec le ADJ NCmod qui , si longtemps , avoir faire DETPOSS NCo : — ce être très bien de VSENT le NCSENT , ADJ ... ce être très ADJ , le NCSENT , vous VCOG ... mais vous devoir VSENT le NCo aussi ... soi ADVT , si je être ADJ ADVTEMPS , être ce que DETPOSS NCs VDIC je être ADJ , IMP vous ?"
1126,Daudet/1884_Daudet_sapho_N.txt,"... Elle eut un bond de fureur , lui haussant la voix à l' aigu : — Oh !","... il avoir un NCo de NCmod , lui PPRES le NCMAN à le NC : — INTJ !"
1127,Daudet/1884_Daudet_sapho_N.txt,"c' était pourtant terrible , cette chose ... Avoir été célèbre à le monde , universelle , connue comme un monument , comme un boulevard ... si connue que vous n' avez pas un misérable cocher , quand vous disez « Wilkie Cob !","ce être pourtant ADJ , ce chose ... avoir être ADJ à le NC , ADJ , PPAS comme un NC , comme un NCmod ... si PPAS que vous ne avoir pas un ADJ NCo , quand vous PRES "" NP NP !"
1128,Daudet/1884_Daudet_sapho_N.txt,"» tout de suite savait où c' était ... Avoir eu de les princes pour mes pieds dessus , et de les rois , si je crachais , ils disaient c' était joli , le crachement !",""" tout de NC VCOG où ce être ... avoir avoir de le NC pour DETPOSS NCCOR ADV , et de le NC , si je VIMP , il VDIC ce être PPAS , le NC !"
1129,Daudet/1884_Daudet_sapho_N.txt,... Et voilà maintenant ce sale voyou qui voulait pas de moi sur cette motive de ma laideur ; et je avais pas de quoi seulement me le payer pour une nuit .,... et voilà ADVT ce ADJ NCo qui vouloir pas de soi sur ce NC de DETPOSS NCmod ; et je avoir pas de quoi seulement me le INF pour un NCT .
1130,Daudet/1884_Daudet_sapho_N.txt,"Et se montant à cette idée qu' on avait pu la trouver laide , elle ouvrit sa robe brusquement : — La figure , yes , je sacrifiais ; mais ça , le gorge , les épaules ... Est -ce blanc ?","et se PPRES à ce NC que on avoir pouvoir le NCo ADJ , il VPS DETPOSS NCo ADV : — le NCCOR , NC , je VIMP ; mais ça , le NCCOR , le NCCOR ... être ce ADJCOL ?"
1131,Daudet/1884_Daudet_sapho_N.txt,Est -ce dur ?,être ce ADJ ?
1132,Daudet/1884_Daudet_sapho_N.txt,"... Elle étalait avec impudeur sa chair de sorcière , restée miraculeusement jeune après trente ans de fournaise , et que la tête surmontait , flétrie et macabre depuis la ligne de le cou .","... il VIMP avec NC DETPOSS NCCOR de NCmod , PPAS ADV ADJ PHASE NUM NCT de NCmod , et que le NCCOR VIMP , NCo et NC depuis le NCmod de le NCCOR ."
1133,Daudet/1884_Daudet_sapho_N.txt,« Mesdames le bateau est prêt !,""" NP le NCmod être ADJ !"
1134,Daudet/1884_Daudet_sapho_N.txt,"... » cria de Potter ; et l' Anglaise , agrafant sa robe sur ce qui lui restait de jeunesse , murmura dans un navrement comique : — Jé pouvais pourtant pas aller toute nioue sur les places !","... "" VDIC de NP ; et le NP , PPRES DETPOSS NCo sur ce qui lui VIMP de NC , VDIC dans un NC ADJ : — NP pouvoir pourtant pas aller tout NCo sur le NC !"
1135,Daudet/1884_Daudet_sapho_N.txt,"... Dans ce décor de Lancret , où la blancheur coquette de les villas éclatait parmi la verdure nouvelle , avec ces terrasses , ces pelouses encadrant le petit lac tout écaillé de soleil , quel embarquement que celui de toute cette vieille Cythère éclopée ; l' aveugle Sombreuse et le vieux clown et Desfous la paralytique , laissant dans le sillon de l' eau le parfum musqué de leur maquillage !","... dans ce NC de NP , où le NCs ADJ de le NCmod VIMP parmi le NC ADJ , avec ce NC , ce NC PPRES le ADJ NCo tout PPAS de NC , quel NCo que celui de tout ce ADJ NP ADJ ; le NC NP et le ADJ NC et NP le NC , laisser dans le NC de le NCmod le NC PPAS de lui NC !"
1136,Daudet/1884_Daudet_sapho_N.txt,"Jean tenait les rames , le dos courbé , honteux et désolé qu' on pût le voir et lui attribuer quelque basse fonction dans cette sinistre barque allégorique .","NP VIMP le NCo , le NCCOR ADJ , ADJ et ADJ que on VSUBI le VCOG et lui INF quelque ADJ NCo dans ce ADJ NC ADJ ."
1137,Daudet/1884_Daudet_sapho_N.txt,"Heureusement qu ' avait en face de lui , pour rafraîchir son cœur et ses yeux , Fanny Legrand assise à l' arrière , près de la barre que tenait de Potter , Fanny dont le sourire ne lui avait jamais paru si jeune , sans doute par comparaison .","heureusement que ' avoir en NC de lui , pour INF DETPOSS NCo et DETPOSS NCCOR , NP NP PRES à le NC , ADVLIEU de le NC que VIMP de NP , NP dont le NCMAN ne lui avoir ADVTEMPS paraître si ADJ , sans NCSENT par NC ."
1138,Daudet/1884_Daudet_sapho_N.txt,"« Chante -nous quelque chose , petite ... » demanda la Desfous que le printemps amollissait .",""" NP le quelque chose , ADJ ... "" VPS le NP que le NCs VIMP ."
1139,Daudet/1884_Daudet_sapho_N.txt,"De sa voix expressive et profonde , Fanny commençait la barcarolle de Claudia que le musicien , remué par ce rappel de son premier grand succès , suivait en imitant à bouche fermée le dessin de l' orchestre , cette ondulation qui fait courir sur la mélodie comme une lumière d' eau dansante .","de DETPOSS NCMAN ADJ et ADJ , NP VASP le NCo de NP que le NCs , PPAS par ce NC de DETPOSS ADJ ADJ NCmod , VIMP en PPRES à NCCOR PPAS le NCo de le NCmod , ce NCo qui faire INF sur le NC comme un NCmod de NCmod ADJ ."
1140,Daudet/1884_Daudet_sapho_N.txt,"À cette heure , dans ce décor , c' était délicieux .","à ce NCT , dans ce NCmod , ce être ADJ ."
1141,Daudet/1884_Daudet_sapho_N.txt,"D' une terrasse voisine on cria bravo ; et le Provençal , ramenant en mesure les avirons , avait soif de cette musique divine à les lèvres de sa maîtresse , une tentation de mettre sa bouche à même la source , et de boire dans le soleil , la tête renversée , toujours .","de un NC ADJ on VDIC INTJ ; et le NP , PPRES en NC le NC , avoir NC de ce NC ADJ à le NCCOR de DETPOSS NCmod , un NCSENT de mettre DETPOSS NCCOR à même le NC , et de INF dans le NC , le NCCOR PPAS , ADVTEMPS ."
1142,Daudet/1884_Daudet_sapho_N.txt,"Tout à coup Rosa , furieuse , interrompit la cantilène dont le mariage de voix l' irritait : — Hé là-bas , la musique , quand vous aurez fini de vous roucouler dans la figure ... Si vous croyez qu' elle nous amuse votre romance d' enterre-morts ... En voilà assez ... d' abord est tard , faut que Fanny rentre à la boîte ... Et d' un geste furibond montrant le plus prochain débarcadère : — Aborde là ... dit -elle à son amant , ils seront plus près de la gare ... C' était brutal comme congé ; mais l' ancienne dame de les chars avait habitué son monde à ces façons de faire , et personne n' osa protester .","tout à NC NP , ADJ , PRES le NCo dont le NCs de NCMAN le VSENT : — PPAS ADVLIEU , le NC , quand vous avoir VASP de vous INF dans le NCCOR ... si vous PRES que il nous VSENT DETPOSS NCo de NCmod ... en voilà ADV ... de NC être tard , PRES que NP PRES à le NC ... et de un NC ADJ PPRES le plus ADJ NCo : — NP ADVLIEU ... VDIC il à DETPOSS NC , il être plus ADVLIEU de le NC ... ce être ADJ comme NC ; mais le ADJ NCs de le NCmod avoir PPAS DETPOSS NCo à ce façon de faire , et personne ne VPS VDIC ."
1143,Daudet/1884_Daudet_sapho_N.txt,"Le couple jeté à le rivage avec quelques mots de froide politesse à le jeune homme , de les ordres à Fanny d' une voix sifflante , la barque s' éloigna chargée de cris , d' un train de dispute que termina un insultant éclat de rire apporté à les deux amants par la sonorité de l' eau .","le NC PPAS à le NC avec quelque NC de ADJ NCmod à le ADJ NCmod , de le NC à NP de un NCMAN ADJ , le NCs se VPS PPAS de NC , de un NCmod de NCmod que VASP un ADJ NCs de NCMAN PPAS à le NUM NC par le NC de le NCmod ."
1144,Daudet/1884_Daudet_sapho_N.txt,"— Tu entends , tu entends , disait Fanny blême de rage , c' est de nous qu' elle se moque ... Et toutes ses humiliations , toutes ses rancœurs lui remontant à cette dernière injure , elle les énumérait en regagnant la gare , avouait même de les choses qu' elle avait toujours cachées .","— je VCOG , je VCOG , VDIC NP ADJ de NCSENT , ce être de nous que il se PRES ... et tout DETPOSS NCSENT , tout DETPOSS NC lui VSENT à ce ADJ NC , il le VCOND en PPRES le NCo , VDIC même de le chose que il avoir ADVTEMPS ADJ ."
1145,Daudet/1884_Daudet_sapho_N.txt,"Rosa ne cherchait qu' à l' éloigner de lui , qu' à faciliter de les occasions de le tromper .","NP ne VIMP que à le INF de lui , que à INF de le NC de le INF ."
1146,Daudet/1884_Daudet_sapho_N.txt,"— Tout ce qu' elle m' a dit pour me faire prendre ce Hollandais ... Encore tout à l' heure elles s' y sont mises toutes ... Je t' aime trop , tu comprends , ça la gêne pour ses vices , car elle les a tous , les plus bas , les plus monstrueux .","— tout ce que il lui avoir VDIC pour me faire INF ce NP ... encore tout à le NCT il se y être mettre tout ... je lui VSENT trop , je VCOG , ça le NCSENT pour DETPOSS NCmod , car il le avoir tout , le plus ADJ , le plus ADJ ."
1147,Daudet/1884_Daudet_sapho_N.txt,"Et c' est parce que je ne veux plus ... Elle s' arrêta , le vit très pâle , les lèvres tremblantes , comme le soir où remuait le fumier à les lettres .","et ce être parce que je ne vouloir plus ... il se VPS , le VCOG très ADJ , le NCCOR ADJ , comme le NCT où VIMP le NCs à le NC ."
1148,Daudet/1884_Daudet_sapho_N.txt,— Oh !,— INTJ !
1149,Daudet/1884_Daudet_sapho_N.txt,"ne crains rien , dit -elle ... ton amour m' a guérie de toutes ces horreurs ... Elle et son caméléon qui empeste , ils me dégoûtent tous les deux .","ne NC rien , VDIC il ... DETPOSS NCSENT lui avoir NCo de tout ce NCmod ... il et DETPOSS NC qui PRES , il me VSENT tout le deux ."
1150,Daudet/1884_Daudet_sapho_N.txt,"— Je ne veux plus que tu restes là , fit l' amant affolé de jalousies malsaines ... y a trop de saletés dans le pain que tu gagnes ; tu vas revenir avec moi , nous nous en tirerons toujours .","— je ne vouloir plus que je PPAS ADVLIEU , faire le NCo VSENT de NCmod ADJ ... y avoir trop de NC dans le NC que je NC ; je ADV INF avec soi , nous nous en VF ADVTEMPS ."
1151,Daudet/1884_Daudet_sapho_N.txt,"Elle l' attendait , ce cri , l' appelait depuis longtemps .","il le VIMP , ce NCs , le VIMP depuis longtemps ."
1152,Daudet/1884_Daudet_sapho_N.txt,"Cependant elle résista , objectant qu' en ménage , avec les trois cents francs de le ministère , la vie serait bien difficile , qu ' faudrait peut-être se séparer encore ... « Et j' ai tant souffert en quittant notre pauvre maison !","cependant il VPS , VDIC que en NC , avec le NUM NC ADJ de le NCmod , le NCo être bien ADJ , que ' VCOND peut-être se INF encore ... "" et je avoir tant VSENT en PPRES DETPOSS ADJ NCo !"
1153,Daudet/1884_Daudet_sapho_N.txt,"... » De les bancs s' espaçaient sous les acacias qui bordent la route avec les fils de le télégraphe chargés d' hirondelles ; pour mieux causer , ils s' assirent , très émus tous deux et les bras noués : — Trois cents francs par mois , disait Jean , mais comment font les Hettéma qui n' en ont que deux cent cinquante ?","... "" de le NC se VIMP sous le NC qui PRES le NCo avec le NC de le NCmod PPAS de NC ; pour mieux INF , il se PRES , très PPAS tout NUM et le NCCOR PPAS : — NUM NCs ADJ par NCT , VDIC NP , mais comment faire le NP qui ne en avoir que NUM NUM NUM ?"
1154,Daudet/1884_Daudet_sapho_N.txt,"... — Ils vivent à la campagne , à Chaville toute l' année .","... — il PRES à le NC , à NP tout le NCT ."
1155,Daudet/1884_Daudet_sapho_N.txt,"— Eh bien , faisons comme eux , je ne tiens pas à Paris .","— INTJ bien , faire comme eux , je ne PRES pas à NP ."
1156,Daudet/1884_Daudet_sapho_N.txt,— Vrai ?,— vrai ?
1157,Daudet/1884_Daudet_sapho_N.txt,... tu veux bien ?,... je vouloir bien ?
1158,Daudet/1884_Daudet_sapho_N.txt,... ah !,... INTJ !
1159,Daudet/1884_Daudet_sapho_N.txt,"m' ami , m' ami !","le NC , le ADJ !"
1160,Daudet/1884_Daudet_sapho_N.txt,"... De le monde passait sur la route , une galopade d' ânes emportant un lendemain de noces .","... de le NCmod VIMP sur le NC , un NC de NCmod PPRES un NC de NCmod ."
1161,Daudet/1884_Daudet_sapho_N.txt,"Ils ne pouvaient pas s' embrasser , et restaient immobiles , serrés l' un à l' autre , rêvant d' un bonheur rajeuni dans de les soirs d' été qui auraient cette douceur champêtre , ce calme tiède qu' égayaient à le loin les coups de carabine , les ritournelles d' orgue d' une fête de banlieue .","il ne pouvoir pas se INF , et VIMP ADJ , PPAS le un à le autre , PPRES de un NCSENT ADJ dans de le NCmod de NCmod qui avoir ce NCo NCmod , ce NCSENT ADJ que VIMP à le ADVLIEU le NC de NCmod , le NC de NCmod de un NCmod de NCmod ."
1162,Daudet/1884_Daudet_sapho_N.txt,"Table de les matières Ils s' installèrent à Chaville , entre le haut et le bas pays , le long de cette vieille route forestière qu' on appelle le Pavé de les Gardes , dans un ancien rendez-vous de chasse , à la porte de le bois : trois pièces guère plus grandes que celles de Paris , toujours leur mobilier de petit ménage , le fauteuil canné , l' armoire peinte , et pour orner l' affreux papier vert de leur chambre , rien que le portrait de Fanny , car la photographie de Castelet avait eu son cadre cassé pendant le déménagement et se pâlissait dans les combles .","ADJ de le NC il se VPS à NP , entre le NC et le ADJ NC , le NC de ce ADJ NCmod ADJ que on PRES le NP de le NP , dans un ADJ NC de NCmod , à le NC de le NCmod : NUM NC guère plus ADJ que celui de NP , ADVTEMPS lui NC de ADJ NCmod , le NC ADJ , le NC ADJ , et pour INF le ADJ NCo ADJCOL de lui NCmod , ADV que le NC de NP , car le NCs de NP avoir avoir DETPOSS NCo ADJ PHASE le NC et se VIMP dans le NC ."
1163,Daudet/1884_Daudet_sapho_N.txt,"On n' en parlait plus guère , de ce pauvre Castelet , depuis que l' oncle et la nièce avaient interrompu leur correspondance .","on ne en VIMP plus guère , de ce ADJ NP , depuis que le NCs et le NC avoir PPAS lui NCo ."
1164,Daudet/1884_Daudet_sapho_N.txt,"« Un joli lâcheur ... » disait -elle , se rappelant la facilité de le Fénat à protéger la première rupture .",""" un ADJ NCs ... "" VDIC il , se PPRES le NCo de le NCmod à INF le ADJ NCo ."
1165,Daudet/1884_Daudet_sapho_N.txt,"Les petites , seules , entretenaient leur frère de nouvelles , mais Divonne n' écrivait plus .","le ADJ , ADJ , VIMP lui NCo de NCmod , mais NP ne VIMP plus ."
1166,Daudet/1884_Daudet_sapho_N.txt,Peut-être gardait -elle encore rancune à son neveu ; ou devinait -elle que la mauvaise femme était revenue pour décacheter et commenter ses pauvres lettres maternelles à gros caractères paysans .,peut-être VIMP il encore ADJ à DETPOSS NC ; ou VCOG il que le ADJ NCspas être PPAS pour INF et VDIC DETPOSS ADJ NCo ADJ à ADJ NC ADJ .
1167,Daudet/1884_Daudet_sapho_N.txt,"Par moments , ils auraient pu se croire encore rue d' Amsterdam , quand ils se réveillaient avec la romance de les Hettéma redevenus leurs voisins et le sifflement de les trains qui se croisaient continuellement de l' autre côté de le chemin , visibles à travers les branches d' un grand parc .","par NC , il avoir pouvoir se VCOG encore NC de NP , quand il se VIMP avec le NC de le NP PPAS DETPOSS NCo et le NC de le NCmod qui se VIMP ADVTEMPS de le autre NC de le NCmod , ADJ à travers le NC de un ADJ NCmod ."
1168,Daudet/1884_Daudet_sapho_N.txt,"Mais , à le lieu de le vitrage blafard de la gare de l' Ouest , de ses fenêtres sans rideaux montrant de les silhouettes penchées de bureaucrates , et de le fracas ronflant sur la rue en pente ils savouraient l' espace silencieux et vert au-delà de leur petit verger entouré d' autres jardins , de maisonnettes dans de les bouquets d' arbres , dégringolant jusqu' à le bas de la côte .","mais , à le NC de le NCmod ADJ de le NCmod de le NCmod , de DETPOSS NCmod sans NCmod PPRES de le NC PPAS de NC , et de le NC PPRES sur le NC en NCmod il VIMP le NCo ADJ et ADJCOL ADV de lui ADJ NC PPAS de autre NC , de NCmod dans de le NCmod de NCmod , PPRES jusque à le NC de le NCmod ."
1169,Daudet/1884_Daudet_sapho_N.txt,"Le matin , avant de partir , Jean déjeunait dans leur petite salle à manger , la croisée ouverte sur cette large route pavée , mangée d' herbe , bordée de haies d' épine blanche à les parfums amers .","le NCT , PHASE de INF , NP VIMP dans lui ADJ NC à INF , le NCo PPAS sur ce ADJ NC PPAS , PPAS de NC , PPAS de NC de NCmod ADJCOL à le NC ADJ ."
1170,Daudet/1884_Daudet_sapho_N.txt,"C' est par là qu ' allait à la gare en minutes , longeant le parc bruissant et gazouillant ; et , quand revenait , cette rumeur s' apaisait à mesure que l' ombre sortait de les taillis sur la mousse de le chemin vert empourpré de couchant , et que les appels de les coucous à tous les coins de le bois traversaient de trilles de rossignols dans les lierres .","ce être par ADVLIEU que ' aller à le NC en NCT , PPRES le NCo ADJ et ADJ ; et , quand VIMP , ce NCs se VSENT à NC que le NCs VIMP de le NC sur le NCmod de le NCmod ADJCOL PPAS de NC , et que le NCs de le NCmod à tout le NCmod de le NCmod VIMP de NC de NCmod dans le NCmod ."
1171,Daudet/1884_Daudet_sapho_N.txt,"Mais voici que la première installation faite et la surprise passée de cet apaisement de les choses autour de lui , l' amant se reprenait à ses tourments de jalousie stérile et explorante .","mais voici que le ADJ NCs PPAS et le NCSENT PPAS de ce NCSENT de le chose ADV de lui , le NCs se VIMP à DETPOSS NCSENT de NCmod ADJ et ADJ ."
1172,Daudet/1884_Daudet_sapho_N.txt,"La brouille de sa maîtresse avec Rosa , le départ de l' hôtel avaient amené entre les deux femmes une explication à double entente monstrueuse , ravivant ses soupçons , ses plus troublantes inquiétudes ; et lorsqu' s' en allait , qu ' apercevait de le wagon leur maison basse , en rez-de-chaussée surmonté d' une lucarne ronde , son regard fouillait la muraille .","le NCs de DETPOSS NCmod avec NP , le NC de le NCmod avoir PPAS entre le NUM NC un NCo à ADJ NCmod ADJ , PPRES DETPOSS NCo , DETPOSS plus ADJ NCSENT ; et lorsque se en aller , que ' VIMP de le NC lui NCo ADJ , en NC PPAS de un NC ADJ , DETPOSS NCMAN VIMP le NCo ."
1173,Daudet/1884_Daudet_sapho_N.txt,se disait : « qui sait ?,"se VDIC : "" qui VCOG ?"
1174,Daudet/1884_Daudet_sapho_N.txt,» et cela le poursuivait jusque dans les paperasses de son bureau .,""" et cela le VIMP jusque dans le NC de DETPOSS NCmod ."
1175,Daudet/1884_Daudet_sapho_N.txt,"À le retour , lui faisait rendre compte de sa journée , de ses moindres actes , de ses préoccupations , le plus souvent indifférentes , qu ' surprenait d' un « à quoi penses -tu ?","à le NC , lui faire INF NCo de DETPOSS NCT , de DETPOSS NCmod ADJ , de DETPOSS NCSENT , le plus ADVTEMPS ADJ , que ' VIMP de un "" à quoi ADJ il ?"
1176,Daudet/1884_Daudet_sapho_N.txt,"... tout de suite ... » , craignant toujours qu' elle regrettât quelque chose ou quelqu'un de cet horrible passé , confessé par elle chaque fois avec la même indéconcertable franchise .","... tout de NCmod ... "" , VSENT ADVTEMPS que il VSUBI quelque chose ou quelqu'un de ce NCmod PPAS , PPAS par il chaque fois avec le même ADJ NC ."
1177,Daudet/1884_Daudet_sapho_N.txt,"À le moins lorsqu' ils ne se voyaient que le dimanche , avides l' un de l' autre , ne prenait pas le temps de ces perquisitions morales , outrageantes et minutieuses .","à le moins lorsque il ne se VCOG que le ADVT , NCs le un de le autre , ne VIMP pas le temps de ce NCmod ADJ , ADJ et ADJ ."
1178,Daudet/1884_Daudet_sapho_N.txt,"Mais rapprochés , avec la continuité de la vie à deux , ils se torturaient jusque dans leurs caresses , dans leurs plus intimes étreintes , agités de la sourde colère , de le douloureux sentiment de l' irréparable ; lui , s' épuisant à vouloir procurer à cette blasée d' amour une commotion qu' elle ignorât encore , elle prête à le martyre pour donner une joie , qui n' eût pas été à autres , n' y parvenant pas et pleurant de rage impuissante .","mais PPAS , avec le NC de le NCmod à NUM , il se VIMP jusque dans DETPOSS NC , dans DETPOSS plus ADJ NC , PPAS de le ADJ NCSENT , de le ADJ NCSENT de le NCmod ; lui , se PPRES à vouloir INF à ce NC de NCSENT un NCo que il VCOG encore , il PRES à le NC pour INF un NCSENT , qui ne avoir pas être à autre , ne y PPRES pas et PPRES de NCSENT ADJ ."
1179,Daudet/1884_Daudet_sapho_N.txt,"Puis une détente se fit en eux ; peut-être la satiété de les sens dans le tiède enveloppement de la nature , ou plus simplement le voisinage de les Hettéma .","puis un NCSENT se faire en eux ; peut-être le NC de le NCmod dans le ADJ NCmod de le NCmod , ou plus ADVMAN le NC de le NP ."
1180,Daudet/1884_Daudet_sapho_N.txt,"C' est que , de tous les ménages campés sur la banlieue parisienne , pas un peut-être ne goûta jamais comme celui-là les libertés campagnardes , la joie de s' en aller vêtus de loques , coiffés de chapeaux d' écorce , madame sans corset , monsieur dans de les espadrilles ; de porter en sortant de table de les croûtes à les canards , de les épluchures à les lapins , puis sarcler , ratisser , greffer , arroser .","ce être que , de tout le NCs PPAS sur le NC ADJ , pas un peut-être ne VPS ADVTEMPS comme celui-là le NCo ADJ , le NCSENT de se en aller NCo de NCmod , NC de NCmod de NCmod , madame sans NCmod , monsieur dans de le NCmod ; de INF en PPRES de NC de le NCmod à le NCmod , de le NC à le NCmod , puis INF , INF , INF , INF ."
1181,Daudet/1884_Daudet_sapho_N.txt,Oh !,INTJ !
1182,Daudet/1884_Daudet_sapho_N.txt,"l' arrosage ... Les Hettéma s' y mettaient sitôt que le mari rentré échangeait son costume de bureau contre une veste de Robinson ; après dîner , ils s' y reprenaient encore , et la nuit venue depuis longtemps , dans le noir de le petit jardin d' où montait une buée fraîche de terre mouillée , on entendait le grincement de la pompe , les heurts de les grands arrosoirs , et d' énormes souffles errant à toutes les plates-bandes avec un ruissellement qui semblait tomber de le front de les travailleurs dans leurs pommes d' arrosage , puis de temps en temps un cri de triomphe : — J' en ai mis trente-deux à les pois gourmands !","le NC ... le NP se y VIMP ADV que le NCs PPAS VIMP DETPOSS NCo de NCmod contre un NC de NP ; PHASE NC , il se y VIMP encore , et le NCT venir depuis longtemps , dans le NC de le ADJ NCmod de où VIMP un ADJ NCs de NCmod PPAS , on VCOG le NCo de le NCmod , le NC de le ADJ NCmod , et de NC ADJ PPRES à tout le NC avec un NC qui sembler INF de le NCCOR de le NCmod dans DETPOSS NC de NCmod , puis de temps en temps un NCmod de NCmod : — je en avoir mettre NUM à le NCmod ADJ !"
1183,Daudet/1884_Daudet_sapho_N.txt,... — Et moi quatorze à les balsamines !,... — et soi quatorze à le NCmod !
1184,Daudet/1884_Daudet_sapho_N.txt,"... De les gens qui ne se contentaient pas d' être heureux , mais se regardaient l' être , dégustaient leur bonheur à vous en faire venir l' eau à la bouche ; l' homme surtout , par la façon irrésistible dont racontait les joies de l' hivernage à deux : — Ce n' est rien maintenant , mais vous verrez en décembre !","... de le NC qui ne se VIMP pas de être ADJ , mais se VCOG le être , VIMP lui NCSENT à vous en faire venir le NCo à le NCCOR ; le NC surtout , par le façon ADJ dont VIMP le NCSENT de le NCmod à NUM : — ce ne être rien ADVT , mais vous PRES en MOIS !"
1185,Daudet/1884_Daudet_sapho_N.txt,"... On rentre crotté , mouillé , avec tous les embêtements de Paris sur le dos ; on trouve bon feu , bonne lampe , la soupe qui embaume et , sous la table , une paire de sabots remplis de paille .","... on PRES PPAS , PPAS , avec tout le NCSENT de NP sur le NCCOR ; on PRES ADJ NCo , ADJ NC , le NC qui PRES et , sous le NC , un NC de NCmod PPAS de NC ."
1186,Daudet/1884_Daudet_sapho_N.txt,"Non , voyez -vous , quand on s' est fourré une platée de choux et de saucisses , un quartier de gruyère tenu à le frais sous le linge , quand on a versé là-dessus un litre de ginglard qui n' a pas passé par Bercy , libre de baptême et d' entrée , ce que c' est bon de tirer son fauteuil à le coin de le feu , d' allumer une pipe , en buvant son café arrosé d' un caramel à l' eau-de-vie , et de piquer un chien en face l' un de l' autre , pendant que le verglas dégouline sur les vitres ... Oh !","non , IMP vous , quand on se être PPAS un NCo de NCmod et de NC , un NC de NCmod PPAS à le NC sous le NC , quand on avoir PPAS ADV un NCo de NCmod qui ne avoir pas PPAS par NP , ADJ de NCmod et de NC , ce que ce être ADJ de INF DETPOSS NCo à le NC de le NCmod , de INF un NCo , en PPRES DETPOSS NCo PPAS de un NC à le NCmod , et de INF un NCo en NC le un de le autre , PHASE que le NCs PRES sur le NC ... INTJ !"
1187,Daudet/1884_Daudet_sapho_N.txt,"un tout petit chien , le temps de laisser passer le gros de la digestion ... Après on dessine un moment , la femme dessert , fait son petit train-train , la couverture , le moine , et quand elle est couchée , la place chaude , on tombe dans le tas , et ça vous fait par tout le corps une chaleur comme si l' on entrait tout entier dans la paille de ses sabots ... en devenait presque éloquent de matérialité , ce géant velu , à lourde mâchoire , si timide à l' ordinaire qu ' ne pouvait pas dire deux mots sans rougir et sans bégayer .","un tout ADJ NC , le temps de laisser INF le NCo de le NCmod ... PHASE on PRES un NCo , le NC NCmod , faire DETPOSS ADJ NCo , le NC , le NC , et quand il être PPAS , le NC ADJ , on PRES dans le NC , et ça vous faire par tout le NCCOR un NCo comme si l' on VIMP tout INF dans le NC de DETPOSS NCmod ... en devenir presque NCs de NCmod , ce NC ADJ , à ADJ NCCOR , si ADJ à le NC que ' ne pouvoir pas VDIC NUM NCo sans INF et sans VDIC ."
1188,Daudet/1884_Daudet_sapho_N.txt,"Cette timidité folle , d' un contraste comique avec cette barbe noire et cette envergure de colosse , avait fait son mariage et la tranquillité de sa vie .","ce NCSENT ADJ , de un NCmod ADJ avec ce NCCOR ADJ et ce NC de NCmod , avoir faire DETPOSS NCo et le NCSENT de DETPOSS NCmod ."
1189,Daudet/1884_Daudet_sapho_N.txt,"À vingt-cinq ans , débordant de vigueur et de santé , Hettéma ignorait l' amour et la femme , quand un jour , à Nevers , après un repas de corps , de les camarades l' entraînèrent à moitié gris dans une maison de filles et l' obligèrent à faire son choix .","à NUM NCT , PPRES de NCSENT et de NC , NP VCOG le NCSENT et le NC , quand un NCT , à NP , PHASE un NC de NCCOR , de le NC le VPS à NC ADJCOL dans un NC de NCmod et le VPS à faire DETPOSS NCo ."
1190,Daudet/1884_Daudet_sapho_N.txt,"sortit de là bouleversé , revint , choisit la même , toujours , paya ses dettes , l' emmena , et s' effrayant à l' idée qu' on pourrait la lui prendre , qu ' faudrait recommencer une nouvelle conquête , finit par l' épouser .","VPS de ADVLIEU VSENT , VPS , PRES le même , ADVTEMPS , VPS DETPOSS NCo , le VPS , et se VSENT à le NC que on pouvoir le lui INF , que ' VCOND INF un ADJ NCo , VASP par le INF ."
1191,Daudet/1884_Daudet_sapho_N.txt,"— Un ménage légitime , mon cher ... disait Fanny dans un rire de triomphe à Jean qui l' écoutait terrifié ... Et , de tous ceux que j' ai connus , c' est encore le plus propre , le plus honnête .","— un NCs ADJ , DETPOSS NC ... VDIC NP dans un NCMAN de NCmod à NP qui le VIMP VSENT ... et , de tout celui que je avoir PPAS , ce être encore le plus ADJ , le plus ADJ ."
1192,Daudet/1884_Daudet_sapho_N.txt,"Elle l' affirmait dans la sincérité de son ignorance , les ménages légitimes où elle avait pu pénétrer ne méritant sans doute pas d' autre jugement ; et toutes ses notions de la vie étaient aussi fausses et sincères que celle-là .","il le VDIC dans le NCSENT de DETPOSS NCmod , le NC ADJ où il avoir pouvoir INF ne PPRES sans NCSENT pas un autre NCo ; et tout DETPOSS NCs de le NCmod être aussi ADJ et ADJ que celle-là ."
1193,Daudet/1884_Daudet_sapho_N.txt,"D' un calmant voisinage ces Hettéma , l' humeur toujours égale , capables même de services pas trop dérangeants , ayant surtout l' horreur de les scènes , de les querelles où faut prendre parti , et en général de tout ce qui peut troubler une heureuse digestion .","de un ADJ NCmod ce NP , le NC ADVTEMPS ADJ , ADJ même de NCmod pas trop ADJ , avoir surtout le NCo de le NCmod , de le NCmod où PRES INF NCo , et en NC de tout ce qui pouvoir VSENT un ADJ NCo ."
1194,Daudet/1884_Daudet_sapho_N.txt,"La femme essayait d' initier Fanny à l' élevage de les poules et de les lapins , à les joies salubres de l' arrosage , mais inutilement .","le NCs VIMP de INF NP à le NC de le NCmod et de le NC , à le NCSENT ADJ de le NCmod , mais ADV ."
1195,Daudet/1884_Daudet_sapho_N.txt,"La maîtresse de Gaussin , faubourienne passée par les ateliers , n' aimait la campagne qu' en échappées , en parties , comme un endroit où l' on peut crier , se rouler , se perdre avec son amant .","le NCs de NP , ADJ PPAS par le NC , ne VSENT le NCo que en PPAS , en NC , comme un NC où l' on pouvoir VDIC , se INF , se INF avec DETPOSS NC ."
1196,Daudet/1884_Daudet_sapho_N.txt,"Elle détestait l' effort , le travail ; et ses six mois de gérance ayant épuisé pour longtemps ses facultés actives , elle s' amollissait dans une torpeur vague , une griserie de bien-être et de plein air qui lui ôtait presque la force de s' habiller , de se coiffer , ou même d' ouvrir son piano .","il VSENT le NCo , le NC ; et DETPOSS NUM NCT de NCmod avoir PPAS pour longtemps DETPOSS NCo ADJ , il se VIMP dans un NC NC , un NC de NCSENT et de ADJ NCMAN qui lui VIMP presque le NCSENT de se INF , de se INF , ou même de INF DETPOSS NCo ."
1197,Daudet/1884_Daudet_sapho_N.txt,"Le soin de leur intérieur laissé tout entier à une ménagère de le pays , quand , le soir venu , elle résumait sa journée pour la raconter à Jean , elle ne trouvait rien qu' une visite à Olympe , de les potins par-dessus la clôture , et de les cigarettes , de les tas de cigarettes dont les débris salissaient le marbre devant la cheminée .","le NC de lui NCmod laisser tout ADJ à un NC de le NCmod , quand , le NCT PPAS , il VIMP DETPOSS NCT pour le INF à NP , il ne VIMP rien que un NC à NP , de le NCmod ADV le NC , et de le NC , de le NC de NCmod dont le NCs VIMP le NCo ADVLIEU le NCmod ."
1198,Daudet/1884_Daudet_sapho_N.txt,Déjà six heures !,déjà NUM NCT !
1199,Daudet/1884_Daudet_sapho_N.txt,"... à peine le temps de passer une robe , de piquer une fleur à son corsage pour aller au-devant de lui par le chemin vert ... Mais avec les brouillards , les pluies d' automne , la nuit qui tombait de bonne heure , elle eut plus d' un prétexte pour ne pas sortir ; et souvent la surprenait à le retour dans une de ces gandouras de laine blanche à grands plis qu' elle mettait le matin , les cheveux relevés comme quand était parti .","... à NCSENT le temps de INF un NCo , de INF un NCo à DETPOSS NC pour aller ADVLIEU de lui par le NC ADJCOL ... mais avec le NC , le NC de NCmod , le NCT qui VIMP de ADJ NCT , il avoir plus de un NC pour ne pas INF ; et ADVTEMPS le VIMP à le NC dans un de ce NCmod de NCmod ADJCOL à ADJ NCmod que il mettre le NCT , le NCCOR PPAS comme quand être PPAS ."
1200,Daudet/1884_Daudet_sapho_N.txt,"la trouvait charmante ainsi , la nuque restée jeune , sa chair tentante et soignée qu ' sentait toute prête , sans entraves .","le VIMP ADJ ainsi , le NCs PPAS ADJ , DETPOSS NCCOR ADJ et ADJ que ' sentir tout NCo , sans NC ."
1201,Daudet/1884_Daudet_sapho_N.txt,"Pourtant cet aveulissement le choquait , l' effrayait comme un danger .","pourtant ce NCs le VSENT , le VSENT comme un NC ."
1202,Daudet/1884_Daudet_sapho_N.txt,"Lui-même , après un grand effort de travail pour augmenter un peu leurs ressources sans recourir à Castelet , de les veillées passées sur de les plans , de les reproductions de pièces d' artillerie , de caissons , de fusils nouveau modèle qu ' dessinait à le compte d' Hettéma , se sentit envahi tout à coup par cette influence dissolvante de la campagne et de la solitude à laquelle se laissent prendre les plus forts , les plus actifs , et dont sa première enfance dans un coin perdu de nature avait mis en lui le germe engourdissant .","lui-même , PHASE un ADJ NC de NCmod pour INF un peu DETPOSS NCo sans INF à NP , de le NCmod PPAS sur de le NC , de le NC de NCmod de NCmod , de NC , de NC ADJ NCmod que ' VIMP à le NC de NP , se sentir ADV tout à NC par ce NCo ADJ de le NCmod et de le NC à lequel se laisser INF le plus fort , le plus ADJ , et dont DETPOSS ADJ NCs dans un NCmod ADJ de NCmod avoir mettre en lui le NCo ADJ ."
1203,Daudet/1884_Daudet_sapho_N.txt,"Et la matérialité de leurs gros voisins aidant , se communiquant à eux dans de perpétuelles allées et venues d' une maison à l' autre , avec un peu de leur abaissement moral et de leur appétit monstrueux , Gaussin et sa maîtresse en vinrent eux aussi à discuter gravement la question de les repas et l' heure de le coucher .","et le NCs de DETPOSS ADJ NCmod PPRES , se PPRES à eux dans un ADJ NC et venir de un NCmod à le autre , avec un peu de lui NC ADJ et de lui NC ADJ , NP et DETPOSS NC en venir eux aussi à INF ADVMAN le NCo de le NCmod et le NCT de le INF ."
1204,Daudet/1884_Daudet_sapho_N.txt,"Césaire ayant envoyé une pièce de son vin de grenouille , ils passèrent tout un dimanche à le mettre en bouteilles , la porte de leur petit caveau ouverte sur le dernier soleil de l' année , un ciel bleu où couraient de les nuées roses , d' un rose de bruyère de les bois .","NP avoir PPAS un NCo de DETPOSS NCmod de NCmod , il VPS tout un ADVT à le mettre en NCmod , le NCo de lui ADJ NCmod PPAS sur le ADJ NC de le NCT , un NC ADJCOL où VIMP de le NC ADJCOL , de un ADJCOL de NCmod de le NCmod ."
1205,Daudet/1884_Daudet_sapho_N.txt,"L' heure n' était pas loin de les sabots remplis de paille chaude , ni de le petit somme à deux , de chaque côté d' un feu de souches .","le NCT ne être pas ADVLIEU de le NC PPAS de NC ADJ , ni de le ADJ NC à NUM , de chaque NCmod de un NCmod de NCmod ."
1206,Daudet/1884_Daudet_sapho_N.txt,Heureusement leur arriva une distraction .,heureusement lui VPS un NCSENT .
1207,Daudet/1884_Daudet_sapho_N.txt,la trouva un soir très émue .,le VPS un NCT très VSENT .
1208,Daudet/1884_Daudet_sapho_N.txt,"Olympe venait de lui raconter l' histoire d' un pauvre petit enfant , élevé à le Morvan par une grand-mère .","NP venir de lui INF le NCo de un ADJ ADJ NCmod , ADJ à le NP par un NC ."
1209,Daudet/1884_Daudet_sapho_N.txt,"Le père et la mère à Paris , marchands de bois , n' écrivaient plus , ne payaient plus depuis de les mois .","le NCs et le NC à NP , NC de NCmod , ne VIMP plus , ne VIMP plus depuis de le NCT ."
1210,Daudet/1884_Daudet_sapho_N.txt,"La grand-mère morte subitement , de les mariniers avaient ramené le mioche par le canal de l' Yonne pour le remettre à ses parents ; mais , plus personne .","le NCs ADJ ADV , de le NCmod avoir PPAS le NCo par le NC de le NP pour le INF à DETPOSS NC ; mais , plus NC ."
1211,Daudet/1884_Daudet_sapho_N.txt,"Le chantier fermé , la mère partie avec un amant , le père ivrogne , failli , disparu ... Ils vont bien les ménages légitimes !","le NCs PPAS , le NC NC avec un NCmod , le NC ivrogne , PPAS , PPAS ... il aller bien le NCo ADJ !"
1212,Daudet/1884_Daudet_sapho_N.txt,"... Et voilà le pauvre petit , six ans , un amour , sans pain ni vêtements , à la rue .","... et voilà le NCo ADJ , NUM NCT , un NCSENT , sans NC ni NC , à le NC ."
1213,Daudet/1884_Daudet_sapho_N.txt,"Elle s' émouvait jusqu' à les larmes , puis tout à coup : — Si nous le prenions ... veux -tu ?","il se VSENT jusque à le NC , puis tout à NC : — si nous le NC ... vouloir il ?"
1214,Daudet/1884_Daudet_sapho_N.txt,— Quelle folie !,— quel NC !
1215,Daudet/1884_Daudet_sapho_N.txt,— Pourquoi ?,— pourquoi ?
1216,Daudet/1884_Daudet_sapho_N.txt,"... Et , de bien près , le câlinant : — Tu sais comme j' ai désiré un enfant de toi ; on élèverait celui-là , on l' instruirait .","... et , de bien ADVLIEU , le NC : — je VCOG comme je avoir VSENT un NCo de soi ; on VCOND celui-là , on le VCOND ."
1217,Daudet/1884_Daudet_sapho_N.txt,"Ces petits qu' on ramasse , à le bout d' un temps on les aime comme s' ils étaient à vous ... Elle invoquait aussi la distraction que ce serait pour elle , seule tout le jour à s' abêtir en remuant de les tas de vilaines idées .","ce NCs que on PRES , à le NCmod de un temps on le VSENT comme si il être à vous ... il VIMP aussi le NCSENT que ce être pour il , ADJ tout le NCT à se INF en PPRES de le NC de NCmod ADJ ."
1218,Daudet/1884_Daudet_sapho_N.txt,"Un enfant , c' est une sauvegarde .","un NC , ce être un NC ."
1219,Daudet/1884_Daudet_sapho_N.txt,"Puis , le voyant effrayé de la dépense : — Mais ce n' est rien , la dépense ... Songe donc , à six ans !","puis , le PPRES PPAS de le NC : — mais ce ne être rien , le NC ... NCs donc , à NUM NCT !"
1220,Daudet/1884_Daudet_sapho_N.txt,"... on l' habillera avec tes vieux effets ... Olympe , qui s' y entend , m' assurait que nous ne nous en apercevrions même pas .","... on le VF avec DETPOSS ADJ NC ... NP , qui se y VCOG , lui VIMP que nous ne nous en VIMP même pas ."
1221,Daudet/1884_Daudet_sapho_N.txt,— Que ne le prend -elle alors !,— que ne le PRES il alors !
1222,Daudet/1884_Daudet_sapho_N.txt,dit Jean avec la mauvaise humeur de l' homme qui se sent vaincu par sa propre faiblesse .,VDIC NP avec le ADJ NC de le NCmod qui se sentir PPAS par DETPOSS ADJ NC .
1223,Daudet/1884_Daudet_sapho_N.txt,"essaya pourtant de résister , à l' aide de l' argument décisif : — Et quand je ne serai plus là ?","VPS pourtant de INF , à le NC de le NCmod ADJ : — et quand je ne VF plus ADVLIEU ?"
1224,Daudet/1884_Daudet_sapho_N.txt,"... en parlait rarement de ce départ pour ne pas attrister Fanny , mais y pensait , s' en rassurait contre les dangers de le ménage et les tristes confidences de De Potter .","... en VIMP ADVTEMPS de ce NC pour ne pas VSENT NP , mais y VCOG , se en VIMP contre le NC de le NCmod et le ADJ NC de NP NP ."
1225,Daudet/1884_Daudet_sapho_N.txt,"— Quelle complication que cet enfant , quelle charge pour toi dans l' avenir !","— quel NC que ce NCmod , quel NC pour soi dans le NCmod !"
1226,Daudet/1884_Daudet_sapho_N.txt,"... Les yeux de Fanny se voilèrent : — Tu te trompes , m' ami , ce serait quelqu'un à qui parler de toi , une consolation , une responsabilité aussi qui me donnerait la force de travailler , de reprendre goût à l' existence ... réfléchit une minute , la vit toute seule , dans la maison vide : — Où est - , ce petit ?","... le NCCOR de NP se VPS : — je me NCmod , le NC , ce être quelqu'un à qui INF de soi , un NCSENT , un NC aussi qui me VCOND le NCSENT de INF , de INF NCo à le NC ... PRES un NCT , le PRES tout ADJ , dans le NC ADJ : — où être - , ce NCs ?"
1227,Daudet/1884_Daudet_sapho_N.txt,"— À le Bas-Meudon , chez un marinier qui l' a recueilli pour quelques jours ... Après , c' est l' hospice , l' assistance .","— à le NP , chez un NCmod qui le avoir PPAS pour quelque NCT ... PHASE , ce être le NC , le NC ."
1228,Daudet/1884_Daudet_sapho_N.txt,— Eh bien !,— INTJ bien !
1229,Daudet/1884_Daudet_sapho_N.txt,"va le chercher , puisque tu y tiens ... Elle lui sauta à le cou , et d' une joie d' enfant tout le soir , fit de la musique , chanta , heureuse , exubérante , transfigurée .","aller le INF , puisque je y PRES ... il lui VPS à le NCCOR , et de un NCSENT de NCmod tout le NCT , faire de le NC , NC , ADJ , ADJ , PPAS ."
1230,Daudet/1884_Daudet_sapho_N.txt,"Le lendemain , en wagon , Jean parla de leur décision à le gros Hettéma qui paraissait instruit de l' affaire , mais désireux de ne pas s' en mêler .","le NC , en NCmod , NP VPS de lui NC à le NCmod NP qui paraître NCo de le NCmod , mais ADJ de ne pas se en INF ."
1231,Daudet/1884_Daudet_sapho_N.txt,"Enfoncé dans son coin et dans la lecture de le Petit Journal , bégayait de le fond de sa barbe : — Oui , je sais ... ce sont ces dames ... ça ne me regarde pas ... Et montrant sa tête au-dessus de la feuille dépliée : — Votre femme me paraît très romanesque , dit-. Romanesque ou non , elle était le soir consternée , à genoux , une assiette de soupe à la main , essayant d' apprivoiser le petit gars morvandiau , qui debout , dans une pose de recul , la tête basse , une tête énorme à les cheveux de chanvre , refusait énergiquement de parler , de manger , même de montrer sa figure et répétait d' une forte voix étranglée et monotone : — Voir Ménine , voir Ménine .","PPAS dans DETPOSS NC et dans le NC de le ADJ NCmod , VDIC de le NC de DETPOSS NCCOR : — oui , je VCOG ... ce être ce NC ... ça ne me VCOG pas ... et PPRES DETPOSS NCCOR ADVLIEU de le NC PPAS : — DETPOSS NCs me paraître très ADJ , NC ADV ou non , il être le NCT VSENT , à NC , un NC de NCmod à le NCCOR , PPRES de INF le ADJ NCo ADJ , qui PRES , dans un NC de NCmod , le NCCOR ADJ , un NCCOR ADJ à le NCCOR de NCmod , VIMP ADVMAN de INF , de INF , même de INF DETPOSS NCCOR et VIMP de un fort NCMAN ADJ et ADJ : — VCOG NP , VCOG NP ."
1232,Daudet/1884_Daudet_sapho_N.txt,"— Ménine , c' est sa grand-mère , je pense ... Depuis deux heures , je n' ai pas pu en tirer autre chose .","— NP , ce être DETPOSS NC , je VCOG ... depuis NUM NCT , je ne avoir pas pouvoir en INF autre chose ."
1233,Daudet/1884_Daudet_sapho_N.txt,"Jean s' y mit aussi à vouloir lui faire avaler sa soupe , mais sans succès .","NP se y mettre aussi à vouloir lui faire INF DETPOSS NC , mais sans NC ."
1234,Daudet/1884_Daudet_sapho_N.txt,"Et ils restaient là , agenouillés tous deux à sa hauteur , tenant l' un l' assiette , l' autre la cuiller , comme devant un agneau malade , à répéter de les encouragements , de les mots de tendresse pour le décider .","et il VIMP ADVLIEU , PPAS tout NUM à DETPOSS NC , PPRES le un le NC , le autre le INF , comme ADVLIEU un NC ADJ , à INF de le NC , de le NCmod de NCSENT pour le INF ."
1235,Daudet/1884_Daudet_sapho_N.txt,"— Mettons -nous à table , peut-être nous l' intimidons ; mangera si nous ne le regardons plus ... Mais continua à se tenir immobile , ahuri , répétant sa plainte de petit sauvage , « voir ménine » , qui leur déchirait le cœur , jusqu' à ce qu ' se fût endormi , debout contre le buffet , et si profondément qu' ils purent le déshabiller , le coucher dans la lourde berce campagnarde empruntée à un voisin , sans qu ' ouvrît l' œil une seconde .","— IMP le à NCmod , peut-être nous le PRES ; VF si nous ne le VCOG plus ... mais VPS à se INF ADJ , VSENT , PPRES DETPOSS NCo de ADJ NCmod , "" VCOG NCo "" , qui lui VCOND le NCo , jusque à ce NC ' se être PPAS , ADV contre le NC , et si ADVINT que il pouvoir le INF , le INF dans le ADJ NC ADJ PPAS à un NC , sans que ' PRES le NCo un NCT ."
1236,Daudet/1884_Daudet_sapho_N.txt,"« Vois comme est beau ... » disait Fanny très fière de son acquisition ; et elle forçait Gaussin à admirer ce front têtu , ces traits fins et délicats sous leur hâle paysan , cette perfection de petit corps à les reins râblés , à les bras pleins , à les jambes de petit faune , longues et nerveuses , déjà duvetées dans le bas .",""" ADV comme être ADJ ... "" VDIC NP très ADJ de DETPOSS NCmod ; et il VIMP NP à VSENT ce NCCOR têil , ce NC ADJ et NC sous lui NCmod ADJ , ce NC de ADJ NCCOR à le NCCOR PPAS , à le NCCOR ADJ , à le NCCOR de ADJ NCmod , ADJ et ADJ , déjà PPAS dans le NC ."
1237,Daudet/1884_Daudet_sapho_N.txt,Elle s' oubliait à contempler cette beauté d' enfant .,il se VCOG à INF ce NCo de NCmod .
1238,Daudet/1884_Daudet_sapho_N.txt,"« Couvre - le donc , va avoir froid ... » dit Jean dont la voix la fit tressaillir , comme tirée d' un rêve ; et tandis qu' elle le bordait tendrement , le petit avait de longs soupirs sanglotés , une houle de désespoir malgré le sommeil .",""" NP - le donc , aller avoir NCo ... "" VDIC NP dont le NCMAN le faire INF , comme PPAS de un NC ; et PHASE que il le VIMP ADVMAN , le NCs avoir un ADJ NCo ADJ , un NC de INF malgré le NC ."
1239,Daudet/1884_Daudet_sapho_N.txt,"La nuit , se mit à parler tout seul : — Guerlaude mé , ménine ... — Qu' est -ce qu' dit ?","le NCT , se mettre à INF tout ADJ : — NP ADJ , NC ... — que être ce que VDIC ?"
1240,Daudet/1884_Daudet_sapho_N.txt,... écoute ... voulait être guerlaudé ; mais que signifiait ce mot patois ?,... VCOG ... vouloir être PPAS ; mais que VIMP ce NCs ADJ ?
1241,Daudet/1884_Daudet_sapho_N.txt,"Jean , à tout hasard , allongea le bras et se mit à remuer la lourde couchette ; à mesure l' enfant se calmait et se rendormit en tenant dans sa grosse petite main rugueuse , la main qu ' croyait être celle de sa « ménine » , morte depuis quinze jours .","NP , à tout NCmod , VPS le NCCOR et se mettre à INF le ADJ NCo ; à NC le NC se VSENT et se VPS en PPRES dans DETPOSS ADJ ADJ NCCOR ADJ , le NCCOR que ' VCOG être celui de DETPOSS "" NCmod "" , PPAS depuis NUM NCT ."
1242,Daudet/1884_Daudet_sapho_N.txt,"Ce fut comme un chat sauvage dans la maison , qui griffait , mordait , mangeait à part de les autres , avec de les grondements quand on s' approchait de son écuelle ; les quelques mots qu' on en tirait étaient d' un langage barbare de bûcherons morvandiaux , que jamais sans les Hettéma , de le même pays que lui , personne n' aurait pu comprendre .","ce être comme un NCs ADJ dans le NCmod , qui VIMP , VIMP , VIMP à NC de le autre , avec un le NC quand on se VIMP de DETPOSS NC ; le quelque NCs que on en VCOND être de un NC ADJ de NCmod ADJ , que ADVTEMPS sans le NP , de le même NCmod que lui , personne ne avoir pouvoir VCOG ."
1243,Daudet/1884_Daudet_sapho_N.txt,"Pourtant , à force de bons soins , de douceur , on parvint à l' apprivoiser un peu , « un pso » , comme disait .","pourtant , à NCSENT de ADJ NCmod , de NCmod , on VPS à le INF un peu , "" un NCo "" , comme VDIC ."
1244,Daudet/1884_Daudet_sapho_N.txt,"consentit à changer les guenilles dans lesquelles on l' avait amené contre les vêtements chauds et propres dont l' approche , les premiers jours , le faisait « querrier » de fureur , en vrai chacal qu' on voudrait affubler d' un manteau de levrette .","VPS à INF le NCo dans lequel on le avoir PPAS contre le NC ADJ et ADJ dont le NCs , le ADJ NCT , le faire "" NC "" de NCmod , en vrai NC que on vouloir INF de un NC de NCmod ."
1245,Daudet/1884_Daudet_sapho_N.txt,"apprit à manger à table , l' usage de la fourchette et de la cuiller , et à répondre , quand on lui demandait son nom , qu' à le pays « dision Josaph » .","PPAS à INF à NC , le NC de le NCmod et de le INF , et à VDIC , quand on lui VIMP DETPOSS NCo , que à le NC "" NC NP "" ."
1246,Daudet/1884_Daudet_sapho_N.txt,"Quant à lui donner les moindres notions élémentaires , n' y fallait pas songer encore .","quant à lui INF le ADJ NCo ADJ , ne y VIMP pas INF encore ."
1247,Daudet/1884_Daudet_sapho_N.txt,"Élevé en plein bois , sous une hutte de charbonnage , la rumeur d' une nature bruissante et fourmillante hantait sa caboche dure de petit sylvain , comme le bruit de la mer la spirale d' un coquillage ; et nul moyen d' y faire entrer autre chose , ni de le garder à la maison , même par les temps les plus durs .","PPAS en ADJ NC , sous un NC de NCmod , le NCs de un NCmod ADJ et ADJ VSENT DETPOSS NCo ADJ de ADJ NCmod , comme le NCmod de le NCmod le NCo de un NCmod ; et ADJ ADJ de y faire INF autre chose , ni de le INF à le NC , même par le temps le plus ADJ ."
1248,Daudet/1884_Daudet_sapho_N.txt,"Dans la pluie , la neige , quand les arbres dénudés se dressaient en coraux de givre , s' échappait , battait les buissons , fouillait les terriers avec d' adroites cruautés de furet chasseur , et lorsqu ' rentrait , rabattu par la faim , y avait toujours dans sa veste de futaine mise en loques , dans la poche de sa petite culotte crottée jusqu' à le ventre , quelque bête engourdie ou morte , oiseau , taupe , mulot , ou , à défaut , de les betteraves , de les pommes de terre arrachées dans les champs .","dans le NC , le NCs , quand le NCs ADJ se VIMP en NC de NCmod , se VIMP , VIMP le NCo , VIMP le NCs avec un NCmod PPAS de furet NCmod , et lorsque ' VCOND , PPAS par le NC , y avoir ADVTEMPS dans DETPOSS NC de NCmod mettre en NC , dans le NC de DETPOSS ADJ NCmod PPAS jusque à le NCCOR , quelque ADJ NC ou NC , NC , NC , NC , ou , à NC , de le NC , de le NC de NCmod PPAS dans le NC ."
1249,Daudet/1884_Daudet_sapho_N.txt,"Rien ne pouvait vaincre ces instincts braconniers et chapardeurs , compliqués d' une manie paysanne , d' enfouir toutes sortes de menus objets luisants , boutons de cuivre , perles de jais , papier de plomb de le chocolat , que Josaph ramassait en fermant la main , emportait vers de les cachettes de pie voleuse .","rien ne pouvoir INF ce NCo ADJ et NC , PPAS de un NC ADJ , de INF tout sorte de NCmod NCmod ADJ , NC de NCmod , NC de NCmod , NC de NCmod de le NCmod , que NP VIMP en PPRES le NCCOR , VIMP ADV de le NC de NCmod ADJ ."
1250,Daudet/1884_Daudet_sapho_N.txt,"Tout ce butin prenait pour lui un nom vague et générique , la denrée , qu ' prononçait denraie ; et ni raisonnements , ni taloches n' auraient pu l' empêcher de faire sa denraie à les dépens de tout et de tous .","tout ce NCs VIMP pour lui un NCo ADJ et ADJ , le NC , que ' VIMP NCo ; et ni NC , ni NCs ne avoir pouvoir le INF de faire DETPOSS NCo à le NC de tout et de tout ."
1251,Daudet/1884_Daudet_sapho_N.txt,"Les Hettéma seuls y mettaient bon ordre , le dessinateur gardant à portée de sa main , sur sa table autour de laquelle rôdait le petit sauvage attiré par les compas , les crayons de couleur , un fouet à chien qu ' lui faisait claquer à les jambes .","le NP ADJ y VIMP ADJ NCo , le NCs PPRES à NC de DETPOSS NCCOR , sur DETPOSS NCmod ADV de lequel VIMP le ADJ NCo VSENT par le NC , le NC de NCmod , un NC à NCmod que ' lui faire INF à le NCCOR ."
1252,Daudet/1884_Daudet_sapho_N.txt,"Mais ni Jean ni Fanny n' eussent usé de menaces pareilles , quoique le petit se montrât , vis-à-vis d' eux , sournois , méfiant , inapprivoisable même à les gâteries tendres , comme si la ménine , en mourant , l' eût privé de toute expansion affective .","mais ni NP ni NP ne eusser PPAS de NC ADJ , quoique le NCs se VSUBI , ADV de eux , NC , PPRES , ADJ même à le NC ADJ , comme si le NCs , en PPRES , le NC ADJ de tout NCmod ADJ ."
1253,Daudet/1884_Daudet_sapho_N.txt,"Fanny , « parce qu' elle puait bon » , parvenait encore à le garder un moment sur ses genoux , tandis que pour Gaussin , cependant très doux avec lui , c' était toujours la bête fauve de l' arrivée , le regard méfiant , les griffes tendues .","NP , "" parce que il VIMP ADJ "" , VIMP encore à le INF un NCo sur DETPOSS NCCOR , PHASE que pour NP , cependant très ADJ avec lui , ce être ADVTEMPS le ADJ ADJCOL de le NCmod , le NCMAN ADJ , le NC ADJ ."
1254,Daudet/1884_Daudet_sapho_N.txt,"Cette répulsion invincible et presque instinctive de l' enfant , la malice curieuse de ses petits yeux bleus à les cils d' albinos , et surtout l' aveugle et subite tendresse de Fanny pour cet étranger tout à coup tombé dans leur vie , troublaient l' amant d' un soupçon nouveau .","ce NCSENT ADJ et presque ADJ de le NCmod , le NCs ADJ de DETPOSS ADJ NCCOR ADJCOL à le NCCOR de NCmod , et surtout le NC et PRES NCSENT de NP pour ce NCmod tout à NC PPAS dans lui NC , VIMP le NCo de un NCmod ADJ ."
1255,Daudet/1884_Daudet_sapho_N.txt,"C' était peut-être un enfant à elle , élevé en nourrice ou chez sa belle-mère ; et la mort de Machaume apprise vers cette époque semblait une coïncidence pour justifier son tourment .","ce être INF un NCo à il , PPAS en NC ou chez DETPOSS NC ; et le NCs de NP PPAS vers ce NC sembler un NCo pour INF DETPOSS NCSENT ."
1256,Daudet/1884_Daudet_sapho_N.txt,"Parfois , la nuit , quand tenait cette petite main cramponnée à la sienne , — car l' enfant dans le vague de le sommeil et de le rêve croyait toujours la tendre à ménine , — l' interrogeait de tout son trouble intérieur et inavoué : « D' où viens -tu ?","ADVTEMPS , le NCT , quand VIMP ce ADJ NCCOR PPAS à le sien , — car le NCs dans le NCmod de le NCmod et de le NC VCOG ADVTEMPS le INF à NC , — le VDIC de tout DETPOSS NCSENT ADJ et ADJ : "" de où ADJ il ?"
1257,Daudet/1884_Daudet_sapho_N.txt,Qui es - tu ?,qui être - je ?
1258,Daudet/1884_Daudet_sapho_N.txt,"» espérant deviner , communiqué par la chaleur de le petit être , le mystère de sa naissance .",""" VCOG VCOG , PPAS par le NC de le ADJ être , le NC de DETPOSS NCmod ."
1259,Daudet/1884_Daudet_sapho_N.txt,"Mais son inquiétude tomba , sur un mot de le père Legrand qui venait demander qu' on l' aidât à payer un entourage à sa défunte et criait à sa fille en apercevant la berce de Josaph : — Tiens !","mais DETPOSS NCSENT VPS , sur un NC de le NCmod NP qui venir INF que on le VSUBI à INF un NCo à DETPOSS NC et VDIC à DETPOSS NC en PPRES le NCo de NP : — NP !"
1260,Daudet/1884_Daudet_sapho_N.txt,un gosse !,un NC !
1261,Daudet/1884_Daudet_sapho_N.txt,... tu dois être contente !,... je devoir être VSENT !
1262,Daudet/1884_Daudet_sapho_N.txt,... Toi qui n' as jamais pu en décrocher un .,... soi qui ne avoir ADVTEMPS pouvoir en INF un .
1263,Daudet/1884_Daudet_sapho_N.txt,"Gaussin fut si heureux , qu' paya l' entourage , sans demander à voir les devis , et retint le père Legrand à déjeuner .","NP être si ADJ , que VPS le NCs , sans INF à VCOG le NCo , et VPS le NCo NP à INF ."
1264,Daudet/1884_Daudet_sapho_N.txt,"Employé dans les tramways de Paris à Versailles , injecté de vin et d' apoplexie , mais toujours vert et de belle mine sous son chapeau de cuir bouilli entouré pour la circonstance d' une lourde ganse de crêpe qui en faisait un vrai chapeau de croque-mort , le vieux cocher parut enchanté de l' accueil de le monsieur de sa fille , et revint de temps en temps manger la soupe avec eux .","PPAS dans le NC de NP à NP , PPAS de NC et de NC , mais ADVTEMPS ADJCOL et de ADJ NC sous DETPOSS NC de NCmod ADJ PPAS pour le NC de un ADJ NCmod de NCmod qui en faire un vrai NCo de NCmod , le ADJ NCs VPS VSENT de le NC de le monsieur de DETPOSS NCmod , et VPS de temps en temps INF le NCo avec eux ."
1265,Daudet/1884_Daudet_sapho_N.txt,"Ses cheveux blancs de polichinelle sur sa face rase et tuméfiée , ses airs de pochard majestueux , le respect qu ' portait à son fouet , le posant , le calant dans un coin sûr avec de les précautions de nourrice , impressionnaient beaucoup l' enfant ; et tout de suite le vieux et lui furent en grande intimité .","DETPOSS NCCOR ADJCOL de NCmod sur DETPOSS NCmod ADJ et PPAS , DETPOSS NCMAN de NCmod ADJ , le NC qu ' VIMP à DETPOSS NC , le NC , le NC dans un NCmod ADJ avec de le NCmod de NCmod , VIMP beaucoup le NCo ; et tout de NCmod le ADJ et lui être en ADJ NC ."
1266,Daudet/1884_Daudet_sapho_N.txt,"Un jour qu' ils achevaient de dîner tous ensemble , les Hettéma vinrent les surprendre : « Ah !","un NCT que il VIMP de NC tout ensemble , le NP VPS le VSENT : "" INTJ !"
1267,Daudet/1884_Daudet_sapho_N.txt,"pardon , vous êtes en famille ... » fit la femme en minaudant , et le mot frappa Jean à le visage , humiliant comme un soufflet .","NC , vous être en NC ... "" faire le NCo en NCmod , et le NCs VPS NP à le NCCOR , VSENT comme un NC ."
1268,Daudet/1884_Daudet_sapho_N.txt,Sa famille !,DETPOSS NC !
1269,Daudet/1884_Daudet_sapho_N.txt,"... Cet enfant trouvé qui ronflait la tête sur la nappe , ce vieux forban ramolli , la pipe en coin de bouche , la voix poisseuse , expliquant pour la centième fois que deux sous de fouet lui duraient six mois et que , depuis vingt ans , n' avait pas changé de manche !","... ce NCs PPAS qui VIMP le NCCOR sur le NCmod , ce ADJ NC ADJ , le NC en NCmod de NCCOR , le NCMAN ADJ , VDIC pour le ADJ fois que NUM NCs de NCmod lui VIMP NUM NCT et que , depuis NUM NCT , ne avoir pas PPAS un NCo !"
1270,Daudet/1884_Daudet_sapho_N.txt,"... Sa famille , allons donc !","... DETPOSS NC , aller donc !"
1271,Daudet/1884_Daudet_sapho_N.txt,"... pas plus qu' elle n' était sa femme , cette Fanny Legrand , vieille et fatiguée , avachie sur ses coudes dans la fumée de les cigarettes ... Avant un an , tout cela disparaîtrait de sa vie , avec le vague de rencontres de voyage , de convives de table d' hôte .","... pas plus que il ne être DETPOSS NC , ce NP NP , ADJ et VSENT , PPAS sur DETPOSS NCCOR dans le NCmod de le NCmod ... PHASE un NCT , tout cela VCOND de DETPOSS NC , avec le NC de NCmod de NCmod , de NC de NCmod de NCmod ."
1272,Daudet/1884_Daudet_sapho_N.txt,"Mais à d' autres moments cette idée de départ qu ' invoquait comme excuse à sa faiblesse , dès qu ' se sentait déchoir , tiré en bas , cette idée , à le lieu de le rassurer , de le soulager , lui faisait sentir les liens multiples serrés autour de lui , quel déchirement ce serait que ce départ , non pas une rupture , mais ruptures , et qu ' lui en coûterait de lâcher cette petite main d' enfant qui la nuit s' abandonnait dans la sienne .","mais à un autre NC ce NCs de NCmod ADJ ' VIMP comme VCOG à DETPOSS NC , dès que ' se sentir INF , PPAS en NC , ce NC , à le NC de le VSENT , de le VSENT , lui faire sentir le NCo ADJ PPAS ADV de lui , quel NCSENT ce être que ce NC , non pas un NC , mais NC , et que ' lui en VCOND de INF ce ADJ NCCOR de NCmod qui le NCT se VIMP dans le sien ."
1273,Daudet/1884_Daudet_sapho_N.txt,"Jusqu' à La Balue , le loriot sifflant et chantant dans sa cage trop petite qu' on devait toujours lui changer et où courbait le dos comme le vieux cardinal dans sa prison de fer ; oui , La Balue lui-même avait pris un petit coin de son cœur , et ce serait une souffrance que l' ôter de là .","jusque à le NP , le NC PPRES et PPRES dans DETPOSS NC trop ADJ que on devoir ADVTEMPS lui INF et où VIMP le NCCOR comme le ADJ NC dans DETPOSS NCmod de NCmod ; oui , le NP soi-même avoir PPAS un ADJ NCo de DETPOSS NCmod , et ce être un NCSENT que le INF de ADVLIEU ."
1274,Daudet/1884_Daudet_sapho_N.txt,"Elle approchait pourtant , cette inévitable séparation ; et le splendide mois de juin , qui mettait la nature en fête , serait probablement le dernier qu' ils passeraient ensemble .","il VIMP pourtant , ce ADJ NCo ; et le ADJ NCT de MOIS , qui mettre le NCo en NCmod , être ADVINT le NC que il VIMP ensemble ."
1275,Daudet/1884_Daudet_sapho_N.txt,"Est -ce cela qui la rendait nerveuse , irritable , ou l' éducation de Josaph entreprise d' une ardeur subite , à le grand ennui de le petit Morvandiau qui restait de les heures devant ses lettres , sans les voir ni les prononcer , le front fermé d' une barre comme les battants d' une cour de ferme ?","être ce cela qui le VIMP ADJ , ADJ , ou le NC de NP PPAS de un NC PPAS , à le ADJ NCSENT de le ADJ NCmod qui VIMP de le NCT ADVLIEU DETPOSS NCmod , sans le VCOG ni le INF , le NCCOR PPAS de un NC comme le NCmod de un NCmod de NCmod ?"
1276,Daudet/1884_Daudet_sapho_N.txt,"De jour en jour , ce caractère de femme s' exaltait en violences et en pleurs dans de les scènes sans cesse renouvelées , bien que Gaussin s' appliquât à l' indulgence ; mais elle était si injurieuse , montait de sa colère une telle vase de rancune et de haine contre la jeunesse de son amant , son éducation , sa famille , l' écart que la vie allait agrandir entre leurs deux destinées , elle s' entendait si bien à le piquer à les points sensibles , qu ' finissait par s' emporter aussi et répondre .","de NCT en NCT , ce NCs de NCmod se VIMP en NC et en NC ADJ de le NC sans NCmod PPAS , bien que NP se VSUBI à le NCSENT ; mais il être si ADJ , VIMP de DETPOSS NCSENT un tel NCs de NCmod et de VSENT contre le NCmod de DETPOSS NCmod , DETPOSS NC , DETPOSS NC , le NC que le NCs aller INF entre DETPOSS NUM NC , il se VCOG si bien à le INF à le NC ADJ , que ' VASP par se INF aussi et VDIC ."
1277,Daudet/1884_Daudet_sapho_N.txt,"Seulement sa colère à lui gardait une réserve , une pitié d' homme bien élevé , de les coups qu ' ne portait pas , comme trop douloureux et faciles , tandis qu' elle se lâchait dans ses fureurs de fille , sans responsabilité , ni pudeur , faisait arme de tout , épiant sur le visage de sa victime avec une joie cruelle la contraction de souffrance qu' elle occasionnait , puis tout à coup tombant dans ses bras et implorant son pardon .","seulement DETPOSS NCSENT à lui VIMP un NCo , un VSENT de NCmod bien ADJ , de le NC que ' ne VIMP pas , comme trop ADJ et ADJ , PHASE que il se VIMP dans DETPOSS NC de NCmod , sans NC , ni NC , faire NCo de tout , PPRES sur le NCCOR de DETPOSS NCmod avec un NCSENT ADJ le NC de NCSENT que il VIMP , puis tout à NC PPRES dans DETPOSS NCCOR et PPRES DETPOSS NCo ."
1278,Daudet/1884_Daudet_sapho_N.txt,"La physionomie de les Hettéma , témoins de ces querelles éclatant presque toujours à table , à le moment assis et installé de découvrir la soupière ou de mettre le couteau dans le rôti , était à peindre .","le NCs de le NP , NC de ce NCmod PPRES presque ADVTEMPS à NC , à le NC ADJ et PPAS de VCOG le NCo ou de mettre le NCo dans le NC , être à INF ."
1279,Daudet/1884_Daudet_sapho_N.txt,Ils échangeaient par-dessus la table servie un regard de comique effarement .,il VIMP ADV le NCo PPAS un NCMAN de NCmod ADV .
1280,Daudet/1884_Daudet_sapho_N.txt,"Pourrait -on manger , ou le gigot allait- voler par le jardin avec le plat , la sauce et l' étuvée de haricots ?","pouvoir on INF , ou le NC ADV INF par le NC avec le NCmod , le NC et le NC de NCmod ?"
1281,Daudet/1884_Daudet_sapho_N.txt,« Surtout pas de scène !,""" surtout pas de NCs !"
1282,Daudet/1884_Daudet_sapho_N.txt,"... » disaient -ils à chaque fois qu ' était question de se réunir ; et c' est le mot dont ils accueillaient une offre de déjeuner ensemble en forêt , que Fanny leur jetait un dimanche par-dessus le mur ... Oh , non !","... "" VDIC il à chaque fois que ' être NC de se INF ; et ce être le NC dont il VIMP un NCo de INF ensemble en NC , que NP lui VIMP un ADVT ADV le NC ... INTJ , non !"
1283,Daudet/1884_Daudet_sapho_N.txt,"on ne se disputerait pas aujourd'hui , faisait trop beau !","on ne se VCOND pas ADVT , faire trop ADJ !"
1284,Daudet/1884_Daudet_sapho_N.txt,"... Et elle courut habiller l' enfant , remplir les paniers .","... et il VPS INF le NCo , INF le NCo ."
1285,Daudet/1884_Daudet_sapho_N.txt,"Tout était prêt , on partait , quand le facteur apporta une lettre chargée dont la signature retint Gaussin en arrière .","tout être ADJ , on VIMP , quand le NCs VPS un NCo PPAS dont le NCs VPS NP en NC ."
1286,Daudet/1884_Daudet_sapho_N.txt,"rejoignit la bande à l' entrée de le bois , et tout bas à Fanny : — C' est de l' oncle ... est ravi ... Une récolte superbe , vendue sur pied ... renvoie les huit mille francs de Déchelette , avec bien de les compliments et remerciements à sa nièce .","VPS le NCo à le NCmod de le NCmod , et tout ADJ à NP : — ce être de le NCs ... être ADJ ... un NCs ADJ , PPAS sur NCCOR ... PRES le NUM NUM NCo de NP , avec bien de le NC et NC à DETPOSS NCmod ."
1287,Daudet/1884_Daudet_sapho_N.txt,"— Oui , sa nièce !","— oui , DETPOSS NC !"
1288,Daudet/1884_Daudet_sapho_N.txt,"... à la mode de Gascogne ... Vieille carotte , va ... dit Fanny qui ne conservait guère d' illusions sur les oncles de le ; puis , toute joyeuse : va falloir placer cet argent ... la regarda stupéfait , l' ayant toujours connue très scrupuleuse sur les questions de probité monnayée ... — Placer ?","... à le NCmod de NP ... ADJ NCs , NC ... VDIC NP qui ne VIMP guère de NC sur le NC de le ; puis , tout NCmod : aller INF INF ce NCo ... le NCs VIMP , le avoir ADVTEMPS PPAS très ADJ sur le NC de NCmod PPAS ... — NP ?"
1289,Daudet/1884_Daudet_sapho_N.txt,"... mais ce n' est pas à toi ... — Tiens , à le fait , je ne t' ai pas dit ... Elle rougit , avec ce regard qui se ternissait à la moindre altération de la vérité ... Ce bon enfant de Déchelette ayant appris ce qu' ils faisaient pour Joseph , lui avait écrit que cet argent les aiderait à élever le petit .","... mais ce ne être pas à soi ... — NP , à le NC , je ne lui avoir pas VDIC ... il VPS , avec ce NCMAN qui se VIMP à le ADJ NC de le NCmod ... ce ADJ NCs de NP avoir VCOG ce que il faire pour NP , lui avoir PPAS que ce NCs le VCOND à INF le NCo ."
1290,Daudet/1884_Daudet_sapho_N.txt,"— Puis tu sais , si ça t' ennuie , on les lui rendra , ses huit mille francs ; est à Paris ... La voix de les Hettéma , qui discrètement avaient pris l' avance , retentit sous les arbres : — À droite ou à gauche ?","— puis je PRES , si ça le PRES , on le lui VF , DETPOSS NUM NUM NCo ; être à NP ... le NCMAN de le NP , qui ADVMAN avoir PPAS le NCo , VPS sous le NC : — à NC ou à NC ?"
1291,Daudet/1884_Daudet_sapho_N.txt,"— À droite , à droite ... à les Étangs !","— à NCs , à NCmod ... à le NP !"
1292,Daudet/1884_Daudet_sapho_N.txt,"... » cria Fanny , puis , tournée vers son amant : Voyons , tu ne vas pas recommencer à te dévorer pour de les bêtises ... nous sommes un vieux ménage , que diable !","... "" VPS NP , puis , PPAS vers DETPOSS NC : VCOG , je ne ADV pas INF à me VSENT pour de le NC ... nous être un ADJ NC , que ADJ !"
1293,Daudet/1884_Daudet_sapho_N.txt,"... Elle connaissait cette pâleur tremblée de ses lèvres , ce coup d' œil à le petit , l' interrogeant de les pieds à la tête ; mais cette fois ce ne fut qu' une velléité de violence jalouse .","... il VIMP ce NCo PPAS de DETPOSS NCCOR , ce NC de NCmod à le NCmod , le VDIC de le NCCOR à le NCCOR ; mais ce fois ce ne être que un NC de NCmod ADJ ."
1294,Daudet/1884_Daudet_sapho_N.txt,"en arrivait maintenant à les lâchetés de l' habitude , à les concessions pour la paix .","en VIMP ADVT à le NC de le NCmod , à le NCmod pour le NCmod ."
1295,Daudet/1884_Daudet_sapho_N.txt,"« Quel besoin de me torturer , d' aller à le fond de les choses ?",""" quel NC de me INF , de aller à le NC de le chose ?"
1296,Daudet/1884_Daudet_sapho_N.txt,"... Si cet enfant est à elle , quoi de plus simple qu' elle l' ait pris , en me cachant la vérité , après toutes les scènes , les interrogatoires que je lui ai fait subir !","... si ce NCs être à il , quoi de plus ADJ que il le avoir PPAS , en me PPRES le NCo , PHASE tout le NC , le NC que je lui avoir faire INF !"
1297,Daudet/1884_Daudet_sapho_N.txt,... Vaut- pas mieux accepter ce qui est et passer tranquillement les quelques mois qui nous restent ?,... ADV pas mieux INF ce qui être et INF ADVMAN le quelque NCT qui nous PRES ?
1298,Daudet/1884_Daudet_sapho_N.txt,"... » Et par les chemins vallonnés de le bois s' en allait portant leur déjeuner de cantine dans son lourd panier drapé de blanc , résigné , las , le dos rond d' un vieux jardinier , tandis que devant lui la mère et l' enfant marchaient ensemble , Josaph endimanché et gauche dans un complet de la Belle-Jardinière qui l' empêchait de courir , elle , en peignoir clair , tête et cou nus sous un parasol japonais , la taille épaissie , la marche veule , et dans ses beaux cheveux en torsades , une grande mèche blanche qu' elle ne se donnait plus la peine de cacher .","... "" et par le NCs PPAS de le NC se en aller PPRES lui NCo de NCmod dans DETPOSS ADJ NC PPAS de ADJCOL , PPAS , NC , le NCCOR ADJ de un ADJ NCmod , PHASE que ADVLIEU lui le NCs et le NC VIMP ensemble , NP PPAS et PRES dans un NC de le NP qui le VIMP de INF , il , en NC ADJ , NCCOR et NCCOR ADJ sous un NC ADJ , le NC ADJ , le NC ADJ , et dans DETPOSS ADJ NCCOR en NCmod , un ADJ NC ADJCOL que il ne se VIMP plus le NCSENT de INF ."
1299,Daudet/1884_Daudet_sapho_N.txt,"En avant et plus bas , se tassait dans la pente de l' allée le couple Hettéma , coiffé de gigantesques chapeaux de paille pareils à ceux de les cavaliers Touaregs , vêtu de flanelle rouge , chargé de victuailles , d' engins de pêche , filets , balances à écrevisses , et la femme , pour alléger son mari , portant vaillamment en sautoir sur sa poitrine de colosse le cor de chasse sans lequel n' y avait pas de promenade en forêt possible pour le dessinateur .","en PHASE et plus ADJ , se VIMP dans le NC de le NCmod le NC NP , PPAS de ADJ NC de NUM NCmod à celui de le NCmod NP , PPAS de NC ADJCOL , PPAS de NC , de NC de NCmod , NC , NC à NCmod , et le NC , pour INF DETPOSS NCo , PPRES ADV en NC sur DETPOSS NC de NCmod le NCo de NCmod sans lequel ne y avoir pas un NCo en NCmod ADJ pour le NC ."
1300,Daudet/1884_Daudet_sapho_N.txt,"En marchant , le ménage chantait : J' aime entendre la rame Le soir battre les flots ; J' aime le cerf qui brame ... Le répertoire d' Olympe était inépuisable de ces sentimentalités de la rue ; et quand on se figurait où elle les avait ramassées , dans quelle demi-ombre honteuse de persiennes closes , à combien d' hommes elle les avait chantées , la sérénité de le mari accompagnant à la tierce prenait une extraordinaire grandeur .","en PPRES , le NCs VIMP : je VSENT VCOG le NCo le NCT PRES le NCo ; je VSENT le NCo qui PRES ... le NCs de NP être ADJ de ce NC de le NCmod ; et quand on se VCOND où il le avoir PPAS , dans quel NC ADJ de ADJ NCmod , à combien de NCmod il le avoir PPAS , le NCSENT de le NCmod PPRES à le NC VIMP un ADJ NCo ."
1301,Daudet/1884_Daudet_sapho_N.txt,Le mot de le grenadier à Waterloo : « Ils sont trop ... » devait être celui de la philosophique indifférence de cet homme .,"le NCs de le NCmod à NP : "" il être trop ... "" devoir être celui de le ADJ VSENT de ce NCmod ."
1302,Daudet/1884_Daudet_sapho_N.txt,"Pendant que Gaussin rêveur regardait l' énorme couple s' enfoncer dans un creux de vallon où lui-même s' engageait à sa suite , un grincement de roues montait l' allée avec une volée de fous rires , de voix enfantines ; et tout à coup parut , à quelques pas de lui , un chargement de fillettes , rubans et cheveux flottants dans une charrette anglaise traînée par un petit âne , qu' une jeune fille , guère plus âgée que les autres , tirait par la bride sur ce chemin difficile .","PHASE que NP ADJ VCOG le ADJ NCo se INF dans un NC de NCmod où soi-même se VIMP à DETPOSS NC , un NCs de NCmod VIMP le NCo avec un NCmod de NCmod NCMAN , de NCMAN ADJ ; et tout à NC VPS , à quelque pas de lui , un NCo de NCmod , NC et NCCOR ADJ dans un NC ADJ PPAS par un ADJ NC , que un ADJ NCs , guère plus ADJ que le autre , VCOND par le NC sur ce NCmod ADJ ."
1303,Daudet/1884_Daudet_sapho_N.txt,"était aisé de voir que Jean faisait partie de la bande dont les tournures hétéroclites , la grosse dame surtout , ceinturée d' un cor de chasse , avaient animé le petit monde d' une gaieté inextinguible ; aussi la jeune fille essaya -t -elle d' imposer silence à les enfants une minute .","être PPAS de VCOG que NP faire NC de le NCmod dont le NC ADJ , le ADJ NCs surtout , PPAS de un NC de NCmod , avoir PPAS le ADJ NCo de un NCSENT ADJ ; aussi le ADJ NCs VPS t il de INF NCo à le NCmod un NCT ."
1304,Daudet/1884_Daudet_sapho_N.txt,"Mais ce nouveau chapeau Touareg déchaîna plus fort leur folie moqueuse , et en passant devant l' homme qui se rangeait pour laisser de la place à la petite charrette , un joli sourire un peu gêné lui demandait grâce et s' étonnait naïvement de trouver à le vieux jardinier une figure si douce et si jeune .","mais ce ADJ NCs NP VPS plus fort lui NCo ADJ , et en PPRES ADVLIEU le NC qui se VIMP pour laisser de le NC à le ADJ NC , un ADJ NCMAN un peu VSENT lui VIMP ADV et se VSENT ADV de INF à le ADJ NC un NCCOR si ADJ et si ADJ ."
1305,Daudet/1884_Daudet_sapho_N.txt,"salua timidement , rougit sans trop savoir de quelle honte ; et l' attelage s' arrêtant en haut de la côte à une croiserie de chemins , avec un ramage de petites voix qui lisaient tout haut les noms de le poteau indicateur à demi-effacés par les pluies ... Route de les Étangs , Chêne de le grand veneur , Fausses reposes , Chemin de Vélizy ... , Jean se retourna pour voir disparaître dans l' allée verte étoilée de soleil et tapissée de mousse , où les roues filaient sur de le velours , ce tourbillon de blonde jeunesse , cette charretée de bonheur à les couleurs de le printemps , à les rires en fusées sous les branches .","VF ADVMAN , VPS sans trop VCOG de quel NCSENT ; et le NCs se PPRES en NC de le NCmod à un NC de NCmod , avec un NCmod de ADJ NCMAN qui VIMP tout NCo le NC de le NCmod ADJ à PPAS par le NC ... NC de le NP , NP de le ADJ NCmod , NP ADJ , NP de NP ... , NP se VPS pour VCOG INF dans le NC ADJCOL PPAS de NC et PPAS de NC , où le NCs VIMP sur de le NC , ce NCo de ADJCOL NCmod , ce NC de NCSENT à le NCmod de le NCmod , à le NCMAN en NCmod sous le NCmod ."
1306,Daudet/1884_Daudet_sapho_N.txt,"La trompe d' Hettéma , furieuse , le tira brusquement de son rêve .","le NCs de NP , NC , le VPS ADV de DETPOSS NC ."
1307,Daudet/1884_Daudet_sapho_N.txt,"Ils étaient installés à le bord de l' étang , en train de déballer les provisions ; et de loin on voyait reflétées par l' eau claire la nappe blanche sur l' herbe rase , et les vareuses de flanelle rouge éclatant dans la verdure comme de les vestes de piqueur .","il être PPAS à le NC de le NCmod , en NC de INF le NCo ; et de ADVLIEU on VCOG PPAS par le NC ADJ le NC ADJCOL sur le NCmod ADJ , et le NC de NCmod ADJCOL PPRES dans le NC comme de le NC de NCmod ."
1308,Daudet/1884_Daudet_sapho_N.txt,"« Arrivez donc ... c' est vous qui avez le homard » , criait le gros homme ; et la voix nerveuse de Fanny : — C' est la petite Bouchereau qui t' a arrêté en route ?",""" IMP donc ... ce être vous qui avoir le NCo "" , VDIC le ADJ NCs ; et le NCMAN ADJ de NP : — ce être le ADJ NP qui lui avoir PPAS en NC ?"
1309,Daudet/1884_Daudet_sapho_N.txt,"... Jean tressaillit à ce nom de Bouchereau qui le ramenait à Castelet , près de le lit de sa mère malade .","... NP PRES à ce NC de NP qui le VIMP à NP , ADVLIEU de le NC de DETPOSS NCmod ADJ ."
1310,Daudet/1884_Daudet_sapho_N.txt,"— Mais oui , dit le dessinateur lui prenant le panier de les mains ... la grande , celle qui conduisait , c' est la nièce de le médecin ... Une fille de son frère qu' a prise chez lui .","— mais oui , VDIC le NCo lui PPRES le NCo de le NCCOR ... le ADJ , celui qui VIMP , ce être le NC de le NCmod ... un NC de DETPOSS NCmod que avoir PPAS chez lui ."
1311,Daudet/1884_Daudet_sapho_N.txt,Ils habitent Vélizy pendant l' été ... Elle est jolie .,il PRES NP PHASE le NC ... il être ADJ .
1312,Daudet/1884_Daudet_sapho_N.txt,— Oh !,— INTJ !
1313,Daudet/1884_Daudet_sapho_N.txt,"jolie ... l' air effronté , surtout ... Et Fanny , coupant le pain , épiait son amant , inquiète de ses yeux distraits .","jolie ... le NCMAN PPAS , surtout ... et NP , PPRES le NCo , VIMP DETPOSS NCo , NC de DETPOSS NCCOR ADJ ."
1314,Daudet/1884_Daudet_sapho_N.txt,"Mme Hettéma , très grave , déballant le jambon , blâmait fort cette façon de laisser de les jeunes filles courir les bois en liberté .","madame NP , très ADJ , PPRES le NCo , VIMP fort ce façon de laisser de le ADJ NC INF le NCo en NC ."
1315,Daudet/1884_Daudet_sapho_N.txt,"— Vous me direz que c' est le genre anglais , et que celle- a été élevée à Londres ... , mais c' est égal , ça n' est vraiment pas convenable .","— vous me VF que ce être le NC ADJ , et que celle- avoir être PPAS à NP ... , mais ce être ADJ , ça ne être ADVINT pas ADJ ."
1316,Daudet/1884_Daudet_sapho_N.txt,"— Non , mais très commode pour les aventures !","— non , mais très ADJ pour le NC !"
1317,Daudet/1884_Daudet_sapho_N.txt,— Oh !,— INTJ !
1318,Daudet/1884_Daudet_sapho_N.txt,"Fanny ... — Pardon , j' oubliais ... Monsieur croit à les innocentes ... — Voyons , si l' on déjeunait ... fit Hettéma qui commençait à s' effrayer .","NP ... — NP , je VIMP ... monsieur VCOG à le NC ... — VCOG , si l' on VIMP ... faire NP qui VASP à se VSENT ."
1319,Daudet/1884_Daudet_sapho_N.txt,Mais fallait qu' elle lâchât tout ce qu' elle savait de les jeunes filles de le monde .,mais VIMP que il VSUBI tout ce que il VCOG de le ADJ NC de le NCmod .
1320,Daudet/1884_Daudet_sapho_N.txt,"Elle avait de belles histoires là-dessus ... , les couvents , les pensionnats , c' était de le propre ... Elles sortaient de là épuisées , flétries , avec le dégoût de l' homme ; pas même capables de faire de les enfants .","il avoir un ADJ NCo ADV ... , le NC , le NC , ce être de le ADJ ... il VIMP de ADVLIEU NC , NC , avec le NCSENT de le NCmod ; pas même ADJ de faire de le NC ."
1321,Daudet/1884_Daudet_sapho_N.txt,"— Et c' est alors qu' on vous les donne , tas de jobards ... Une ingénue !","— et ce être alors que on vous le PRES , ADV de NC ... un NCo !"
1322,Daudet/1884_Daudet_sapho_N.txt,"... Comme s' y avait de les ingénues ; comme si de le monde ou pas de le monde , toutes les filles ne savaient pas , de naissance , de quoi retourne ... Moi , d' abord , à douze ans , je n' avais plus rien à apprendre ... vous non plus , n' est -ce pas , Olympe ?","... comme se y avoir de le NC ; comme si de le NC ou pas de le NCmod , tout le NCs ne VCOG pas , de NC , de quoi PRES ... soi , de NC , à NUM NCT , je ne avoir plus rien à VCOG ... vous non plus , ne être ce pas , NP ?"
1323,Daudet/1884_Daudet_sapho_N.txt,"— ... turellement ... dit Mme Hettéma avec un haussement d' épaules ; mais le sort de le déjeuner la préoccupait surtout , en entendant Gaussin qui se montait , déclarer qu' y avait jeunes filles et jeunes filles , et qu' on trouverait encore dans les familles ... — Ah !","— ... ADV ... VDIC madame NP avec un NC de NCCOR ; mais le NCs de le NCmod le VIMP surtout , en VCOG NP qui se VIMP , INF que y avoir ADJ NCo et ADJ NC , et que on VCOND encore dans le NC ... — INTJ !"
1324,Daudet/1884_Daudet_sapho_N.txt,"oui , la famille , ripostait sa maîtresse d' un air de mépris , parlons -en ... ; surtout de la tienne .","oui , le NCs , VIMP DETPOSS NCo de un NCMAN de NCmod , VF en ... ; surtout de le NC ."
1325,Daudet/1884_Daudet_sapho_N.txt,— Tais -toi ... Je te défends ... — Bourgeois !,— VIMP soi ... je me PRES ... — NC !
1326,Daudet/1884_Daudet_sapho_N.txt,— Drôlesse !,— NP !
1327,Daudet/1884_Daudet_sapho_N.txt,"... Heureusement ça va finir ... Je n' en ai plus pour longtemps à vivre avec toi ... — Va , va , file , c' est moi qui serai contente ... Ils s' injuriaient en pleine figure , devant la curiosité mauvaise de l' enfant à plat ventre dans l' herbe , quand une effroyable sonnerie de trompe , centuplée en écho par l' étang , les masses étagées de le bois , couvrit tout à coup leur querelle .","... heureusement ça aller VASP ... je ne en avoir plus pour longtemps à INF avec soi ... — NP , NC , ADJ , ce être soi qui VF VSENT ... il se VIMP en ADJ NCCOR , ADVLIEU le NCSENT ADJ de le NCmod à ADJ NCCOR dans le NCmod , quand un ADJ NCs de NCmod , PPAS en NC par le NC , le NC PPAS de le NC , VPS tout à NC lui NCo ."
1328,Daudet/1884_Daudet_sapho_N.txt,« En avez -vous assez ?,""" en avoir vous ADV ?"
1329,Daudet/1884_Daudet_sapho_N.txt,... En voulez -vous encore ?,... en vouloir vous encore ?
1330,Daudet/1884_Daudet_sapho_N.txt,"» et rouge , le cou gonflé , le gros Hettéma , n' ayant trouvé que ce moyen de les faire taire , attendait , l' embouchure à les lèvres , le pavillon menaçant .",""" et ADJCOL , le NCCOR PPAS , le ADJ NP , ne avoir PPAS que ce NCs de le faire NCmod , VIMP , le NCo à le NCCOR , le NC VDIC ."
1331,Daudet/1884_Daudet_sapho_N.txt,"Table de les matières D' habitude leurs fâcheries ne duraient guère , fondues à un peu de musique , à les câlines effusions de Fanny ; mais , cette fois , lui en voulut sérieusement , et plusieurs jours de suite garda le même pli à le front , le même silence de rancune , s' installant à dessiner sitôt les repas , se refusant à toute sortie avec elle .","ADJ de le NC de NC DETPOSS NCs ne VIMP guère , PPAS à un peu de NC , à le ADJ NCmod de NP ; mais , ce fois , lui en vouloir ADVMAN , et plusieurs NCT de NCmod VPS le même NCo à le NCCOR , le même NC de NCmod , se PPRES à INF ADV le NCo , se PPRES à tout NC avec il ."
1332,Daudet/1884_Daudet_sapho_N.txt,"C' était comme une honte subite de l' abjection où vivait , la crainte de rencontrer encore la petite charrette montant l' allée et ce limpide sourire de jeunesse à lequel songeait constamment .","ce être comme un NCSENT ADJ de le NCmod où VIMP , le NCSENT de INF encore le ADJ NCo PPRES le NCo et ce ADJ NCMAN de NCmod à lequel VIMP ADVTEMPS ."
1333,Daudet/1884_Daudet_sapho_N.txt,"Puis , avec un brouillement de rêve qui s' en va , de décor qui se casse pour les changements à vue d' une féerie , l' apparition devint confuse , se perdit dans son lointain de bois , et Jean ne la revit plus .","puis , avec un NC de NCmod qui se en aller , de NC qui se PRES pour le NC à NCmod de un NCmod , le NCs devenir ADJ , se VPS dans DETPOSS NC de NCmod , et NP ne le VPS plus ."
1334,Daudet/1884_Daudet_sapho_N.txt,"Seulement lui resta un fond de tristesse dont Fanny crut savoir la cause , et résolut d' avoir raison ... — C' est fait , lui dit -elle un jour toute joyeuse ... J' ai vu Déchelette ... Je lui ai rendu l' argent ... trouve , comme toi , que c' est plus convenable ainsi ; je me demande pourquoi , par exemple ... Enfin , ça y est ... Plus tard , quand je serai seule , pensera à le petit ... Es - tu content ?","seulement lui VPS un NCo de NCSENT dont NP VPS VCOG le NCo , et VPS de avoir NCo ... — ce être faire , lui VDIC il un NCT tout NCmod ... je avoir VCOG NP ... je lui avoir PPAS le NCo ... PRES , comme soi , que ce être plus ADJ ainsi ; je me PRES pourquoi , par NC ... PHASE , ça y être ... plus tard , quand je VCOND ADJ , VCOG à le NC ... es - je PRES ?"
1335,Daudet/1884_Daudet_sapho_N.txt,... M' en veux -tu toujours ?,... le en vouloir il ADVTEMPS ?
1336,Daudet/1884_Daudet_sapho_N.txt,"Et elle lui raconta sa visite rue de Rome , son étonnement de trouver à le lieu de le caravansérail bruyant et fou , traversé de bandes en délire , une maison bourgeoise paisible , gardée d' une consigne très sévère .","et il lui VPS DETPOSS ADJ NCo de NP , DETPOSS NCSENT de INF à le NC de le NC ADJ et ADJ , PPAS de NC en NCmod , un NCo ADJ ADJ , PPAS de un NC très ADJ ."
1337,Daudet/1884_Daudet_sapho_N.txt,"Plus de galas , plus de bals masqués ; et l' explication de ce changement , dans ces mots à la craie que quelque parasite éconduit et furieux avait écrits sur la petite entrée de l' atelier : Fermé pour cause de collage .","plus de NC , plus de NC PPAS ; et le NC de ce NCmod , dans ce NCmod à le NCmod que quelque NCs ADJ et ADJ avoir PPAS sur le ADJ NC de le NCmod : PPAS pour NC de NCmod ."
1338,Daudet/1884_Daudet_sapho_N.txt,"— Et c' est la vérité , mon cher ... Déchelette en arrivant s' est toqué d' une fille de skating , Alice Doré ; l' a prise avec lui depuis un mois , en ménage , absolument en ménage ... Une petite femme bien gentille , bien douce , un joli mouton ... Ils ne font guère de bruit à eux deux ... J' ai promis que nous irions les voir ; ça nous changera un peu de le cor de chasse et de les barcarolles ... C' est égal , dis donc , le philosophe avec ses théories ... Pas de lendemain , pas de collage ... Ah !","— et ce être le NCs , DETPOSS NC ... NP en arriver se être PPAS de un NC de NCmod , NP ADJCOL ; le avoir PPAS avec lui depuis un NCT , en NC , ADVINT en NC ... un ADJ NC bien NC , bien ADJ , un NC ADJ ... il ne faire guère de NC à eux NUM ... je avoir PPAS que nous VIMP le VCOG ; ça nous VF un peu de le NC de NCmod et de le NC ... ce être ADJ , VDIC donc , le NC avec DETPOSS NCmod ... pas de NC , pas un NC ... INTJ !"
1339,Daudet/1884_Daudet_sapho_N.txt,je l' ai joliment blagué !,je le avoir ADVINT PPAS !
1340,Daudet/1884_Daudet_sapho_N.txt,Jean se laissa conduire chez Déchelette qu ' n' avait pas revu depuis leur rencontre à la Madeleine .,NP se laisser INF chez NP que ' ne avoir pas VCOG depuis lui NC à le NP .
1341,Daudet/1884_Daudet_sapho_N.txt,"On l' eût bien surpris alors , en lui disant qu ' en arriverait à fréquenter sans dégoût ce cynique et dédaigneux amant de sa maîtresse , à devenir presque son ami .","on le avoir bien VSENT alors , en lui VDIC que ' en VCOND à INF sans NCSENT ce NCo et ADJ NCmod de DETPOSS NCmod , à devenir presque DETPOSS NCo ."
1342,Daudet/1884_Daudet_sapho_N.txt,"Dès la première visite , lui-même s' étonnait de se sentir si à l' aise , charmé par la douceur de cet homme à le bon rire d' enfant dans sa barbe de cosaque , et d' une sérénité d' humeur que n' altéraient pas les cruelles crises de foie qui plombaient son teint , le tour de ses yeux .","dès le ADJ NC , soi-même se VSENT de se sentir si à le NC , VSENT par le NC de ce NCmod à le ADJ NCMAN de NCmod dans DETPOSS NCCOR de NCmod , et de un NCSENT de NCmod que ne VIMP pas le ADJ NCs de NCmod qui VIMP DETPOSS NCo , le NC de DETPOSS NCCOR ."
1343,Daudet/1884_Daudet_sapho_N.txt,"Et comme on comprenait bien la tendresse qu ' inspirait à cette Alice Doré , à les longues mains molles et blanches , à l' insignifiante beauté blonde , que relevait l' éclat de sa chair de Flamande , aussi dorée que son nom ; de l' or dans les cheveux , dans les prunelles , frangeant les cils , pailletant la peau jusque sous les ongles .","et comme on VCOG bien le NCSENT que ' VCOND à ce NP NP , à le ADJ NCCOR ADJ et ADJCOL , à le ADJ NC ADJCOL , que VIMP le NCs de DETPOSS NCCOR de NP , aussi PPAS que DETPOSS NC ; de le NCmod dans le NCCOR , dans le NC , PPRES le NCCOR , PPRES le NCCOR jusque sous le NCmod ."
1344,Daudet/1884_Daudet_sapho_N.txt,"Ramassée par Déchelette sur l' asphalte de le skating , parmi les grossièretés , les brutalités de la traite , les tourbillons de fumée que l' homme crache , avec un chiffre , dans le maquillage de la fille , la politesse de celui- l' avait attendrie et surprise .","PPAS par NP sur le NC de le NCmod , parmi le NC , le NCo de le NCmod , le NC de NCmod que le NCs PRES , avec un NC , dans le NC de le NCmod , le NC de celui- le avoir NC et NCSENT ."
1345,Daudet/1884_Daudet_sapho_N.txt,"Elle se retrouva femme , de pauvre bétail à plaisir qu' elle était , et quand voulut la renvoyer à le matin , conformément à ses principes , avec un bon déjeuner et quelques louis , elle eut le cœur si gros , lui demanda si doucement , si désirément « garde-moi encore ... » qu ' ne se sentit pas le courage de refuser .","il se VPS NCo , de NCmod NCmod à NCSENT que il être , et quand vouloir le INF à le NCT , ADV à DETPOSS NC , avec un ADJ NCmod et quelque NC , il avoir le NCo si ADJ , lui VPS si ADVMAN , si ADV "" garde-moi encore ... "" que ' ne se sentir pas le NCo de INF ."
1346,Daudet/1884_Daudet_sapho_N.txt,"Depuis , moitié respect humain , moitié lassitude , tenait sa porte close sur cette lune de miel de hasard , qu ' passait à le frais et à le calme de son palais d' été si bien aménagé pour le confortable ; et ils vivaient ainsi très heureux , elle de ces égards tendres qu' elle n' avait jamais connus , lui de le bonheur qu ' donnait à ce pauvre être et de sa reconnaissance naïve , subissant aussi sans qu ' s' en rendît compte , et pour la première fois , le charme pénétrant d' une intimité de femme , le mystérieux sortilège de la vie à deux , dans une conformité de bonté et de douceur .","depuis , PPAS NC ADJ , PPAS NC , VIMP DETPOSS NCs ADJ sur ce NCmod de NCmod de NCmod , que ' VIMP à le NC et à le NCSENT de DETPOSS NCmod de NCmod si bien PPAS pour le NC ; et il VIMP ainsi très ADJ , il de ce NCmod ADJ que il ne avoir ADVTEMPS PPAS , lui de le NCSENT que ' VIMP à ce NC être et de DETPOSS NC ADJ , PPRES aussi sans que ' se en PRES NCo , et pour le ADJ fois , le NC PPRES de un NC de NCmod , le ADJ NC de le NCmod à NUM , dans un NCmod de NCSENT et de NC ."
1347,Daudet/1884_Daudet_sapho_N.txt,"Pour Gaussin , l' atelier de la rue de Rome fut une diversion à le milieu bas et mesquin où traînait sa vie de petit employé en faux ménage ; aimait la conversation de ce savant à les goûts d' artiste , de ce philosophe en robe persane , légère et lâche comme sa doctrine , ces récits de voyages que Déchelette esquissait avec le moins de mots possible , et si bien à leur place parmi les tentures orientales , les Bouddhas dorés , les chimères de bronze , le luxe exotique de ce hall immense où le jour tombait d' un haut vitrage , vraie lumière de fond de parc , remuée par le feuillage grêle de les bambous , les palmes découpées de les fougères arborescentes , et les énormes feuilles de les strilligias mêlées à de les philodendrons à les minces flexibilités de plantes d' eau , cherchant l' ombre et l' humide .","pour NP , le NCs de le NCmod de NP être un NC à le milieu ADJ et ADJ où VIMP DETPOSS NCs de ADJ PPAS en ADJ NC ; VSENT le NCo de ce NCmod à le NC de NCmod , de ce NC en NCmod ADJ , ADJ et ADJ comme DETPOSS NC , ce NCo de NCmod que NP VIMP avec le moins de NC ADJ , et si bien à lui NC parmi le NC ADJ , le NP ADJCOL , le NC de NCmod , le NC ADJ de ce NCmod ADJ où le NCT VIMP de un ADJ NC , vrai NC de NCmod de NCmod , PPAS par le NC ADJ de le NCmod , le NC PPAS de le NCmod ADJ , et le ADJ NC de le NCmod PPAS à de le NC à le ADJ NCmod de NCmod de NCmod , PPRES le NCo et le NC ."
1348,Daudet/1884_Daudet_sapho_N.txt,"Le dimanche surtout , avec cette large baie sur une rue déserte de le Paris d' été , le frisson de les feuilles , l' odeur de terre fraîche à le pied de les plantes , c' était la campagne et le sous-bois presque autant qu' à Chaville , moins la promiscuité et la trompe de les Hettéma .","le ADVT surtout , avec ce ADJ NCmod sur un NCmod ADJ de le NP de NCmod , le NCSENT de le NCmod , le NC de NCmod ADJ à le NCCOR de le NCmod , ce être le NC et le NC presque autant que à NP , moins le NC et le NC de le NP ."
1349,Daudet/1884_Daudet_sapho_N.txt,"ne venait jamais de monde ; une fois pourtant Gaussin et sa maîtresse , arrivant pour dîner , entendirent dès l' entrée l' animation de plusieurs voix .","ne venir ADVTEMPS de NC ; un fois pourtant NP et DETPOSS NC , PPRES pour NC , VPS dès le NC le NCmod de plusieurs NCMAN ."
1350,Daudet/1884_Daudet_sapho_N.txt,"Le jour baissait , on prenait le raki dans la serre , et la discussion semblait vive : — Et moi je trouve que cinq ans de Mazas , le nom perdu , la vie détruite , c' est assez payer cher un coup de passion et de folie ... Je signerai votre pétition , Déchelette .","le NCT VIMP , on VIMP le NCo dans le NC , et le NCs sembler ADJ : — et soi je PRES que NUM NCT de NP , le NC ADJ , le NC ADJ , ce être ADV INF ADJ un NCo de NCSENT et de NC ... je VF DETPOSS NCo , NP ."
1351,Daudet/1884_Daudet_sapho_N.txt,"— C' est Caoudal ... dit Fanny tout bas , en tressaillant .","— ce être NP ... VDIC NP tout ADJ , en NCmod ."
1352,Daudet/1884_Daudet_sapho_N.txt,"Quelqu'un répondait avec la sécheresse cassante d' un refus : — Moi , je ne signe rien , n' acceptant aucune solidarité avec ce drôle ... — La Gournerie , maintenant ... Et Fanny , serrée contre son amant , murmurait : — Allons-nous -en , si ça t' ennuie de les voir ... — Pourquoi donc !","quelqu'un VDIC avec le NC ADJ de un NCmod : — soi , je ne PRES rien , ne PPRES aucun NCo avec ce NC ... — le NP , ADVT ... et NP , PPAS contre DETPOSS NC , VDIC : — NP ADJ , si ça le PRES de le VCOG ... — pourquoi donc !"
1353,Daudet/1884_Daudet_sapho_N.txt,"mais pas de le tout ... En réalité , ne se rendait pas bien compte de l' impression qu ' aurait à se trouver en face de ces hommes , mais ne voulait pas reculer devant l' épreuve , désireux peut-être de savoir le degré actuel de cette jalousie qui avait fait son misérable amour .","mais pas de le tout ... en NC , ne se VIMP pas bien NCo de le NCmod que ' avoir à se INF en NC de ce NC , mais ne vouloir pas INF ADVLIEU le NC , ADJ peut-être de VCOG le NCo ADJ de ce NCmod qui avoir faire DETPOSS ADJ NCSENT ."
1354,Daudet/1884_Daudet_sapho_N.txt,« Allons !,""" NP !"
1355,Daudet/1884_Daudet_sapho_N.txt,"» dit- , et ils se montrèrent dans une lumière rose de fin de jour , éclairant les crânes chauves , les barbes grisonnantes de les amis de Déchelette jetés sur les divans bas , autour d' une table d' Orient en escabeau où tremblait , dans cinq ou six verres , la liqueur anisée et laiteuse qu' Alice était en train de verser .",""" dit- , et il se VPS dans un NC ADJCOL de NCmod de NCT , PPRES le NCo ADJ , le NCCOR ADJ de le NCmod de NP PPAS sur le NC ADJ , ADV de un NC de NP en NCmod où VIMP , dans NUM ou NUM NC , le NC ADJ et ADJ que NP être en NC de INF ."
1356,Daudet/1884_Daudet_sapho_N.txt,"Les femmes s' embrassèrent : — Vous connaissez ces messieurs , Gaussin ?","le NCs se PRES : — vous PRES ce NCo , NP ?"
1357,Daudet/1884_Daudet_sapho_N.txt,"demanda Déchelette , à le mouvement berceur de son fauteuil à bascule .","VPS NP , à le NC ADJ de DETPOSS NCmod à NCmod ."
1358,Daudet/1884_Daudet_sapho_N.txt,S' les connaissait !,se le VIMP !
1359,Daudet/1884_Daudet_sapho_N.txt,... Deux à le moins lui étaient familiers à force d' avoir dévisagé pendant de les heures leurs portraits à les vitrines de célébrités .,... Deux à le moins lui être ADJ à NCSENT de avoir PPAS PHASE de le NCT DETPOSS NCo à le NCmod de NCmod .
1360,Daudet/1884_Daudet_sapho_N.txt,"Comme ils l' avaient fait souffrir , quelle haine s' était sentie contre eux , une haine de succession , une rage à sauter dessus , à leur manger la figure , lorsqu' les rencontrait dans la rue !","comme il le avoir faire VSENT , quel VSENT se être sentir contre eux , un VSENT de NCmod , un NCSENT à INF ADV , à lui INF le NCCOR , lorsque le VIMP dans le NC !"
1361,Daudet/1884_Daudet_sapho_N.txt,"... Mais Fanny disait bien que cela lui passerait ; maintenant c' était pour lui de les visages de connaissance , presque de les parents , de les oncles lointains qu' retrouvait .","... mais NP VDIC bien que cela lui VCOND ; ADVT ce être pour lui de le NCCOR de NCmod , presque de le NC , de le NC ADJ que VIMP ."
1362,Daudet/1884_Daudet_sapho_N.txt,"« Toujours beau , le petit !",""" ADVTEMPS ADJ , le ADJ !"
1363,Daudet/1884_Daudet_sapho_N.txt,"... » dit Caoudal , allongé de toute sa taille géante et tenant un écran au-dessus de ses paupières pour les garantir de le vitrage .","... "" VDIC NP , PPAS de tout DETPOSS NC ADJ et PPRES un NCo ADVLIEU de DETPOSS NCCOR pour le INF de le NC ."
1364,Daudet/1884_Daudet_sapho_N.txt,"« Et Fanny , voyons ?",""" et NP , NC ?"
1365,Daudet/1884_Daudet_sapho_N.txt,"... » se leva sur le coude , cligna ses yeux d' expert : — La figure tient encore ; mais la taille , tu fais bien de la ficeler ... enfin , console -toi , ma fille , La Gournerie est encore plus gros que toi .","... "" se PRES sur le NCCOR , VPS DETPOSS NCCOR de NCmod : — le NCCOR PRES encore ; mais le NC , je faire bien de le INF ... PHASE , PRES soi , DETPOSS NC , La NP être encore plus ADJ que soi ."
1366,Daudet/1884_Daudet_sapho_N.txt,Le poète pinça dédaigneusement ses lèvres minces .,le NCs VPS ADVMAN DETPOSS NCCOR ADJ .
1367,Daudet/1884_Daudet_sapho_N.txt,"Assis à la turque sur une pile de coussins — depuis son voyage en Algérie prétendait ne pouvoir se tenir autrement — , énorme , empâté , n' ayant plus d' intelligent que son front solide sous une forêt blanche , et son dur regard de négrier , affectait avec Fanny une réserve mondaine , une politesse exagérée , comme pour donner une leçon à Caoudal .","PPAS à le NC sur un NC de NCmod — depuis DETPOSS NC en NP VIMP ne pouvoir se INF ADVINT — , ADJ , PPAS , ne avoir plus de ADJ que DETPOSS NCCOR ADJ sous un NCmod ADJCOL , et DETPOSS ADJ NCMAN de NCmod , VSENT avec NP un NCo ADJ , un NC PPAS , comme pour INF un NCo à NP ."
1368,Daudet/1884_Daudet_sapho_N.txt,"Deux paysagistes à têtes hâlées et rustiques complétaient la réunion ; eux aussi connaissaient la maîtresse de Jean , et le plus jeune lui dit dans un serrement de main : — Déchelette nous a conté l' histoire de l' enfant , c' est très gentil ce que vous avez fait là , ma chère .","NUM NCs à NCCOR ADJ et ADJ VIMP le NCo ; eux aussi VIMP le NCo de NP , et le plus ADJ lui VDIC dans un NC de NCCOR : — NP nous avoir PPAS le NCo de le NCmod , ce être très ADJ ce que vous avoir faire ADVLIEU , DETPOSS NCo ."
1369,Daudet/1884_Daudet_sapho_N.txt,"— Oui , fit Caoudal à Gaussin , oui , très chic , l' adoption ... Pas province de le tout .","— oui , faire NP à NP , oui , très ADJ , le NC ... ADV NCmod de le tout ."
1370,Daudet/1884_Daudet_sapho_N.txt,"Elle semblait embarrassée de ces éloges , quand on buta contre un meuble dans l' atelier obscur , et une voix , demanda : — Personne ?","il sembler VSENT de ce NC , quand on VPS contre un NC dans le NC ADJ , et un NCMAN , VPS : — personne ?"
1371,Daudet/1884_Daudet_sapho_N.txt,Déchelette dit : — Voilà Ezano .,NP VDIC : — voilà NP .
1372,Daudet/1884_Daudet_sapho_N.txt,"Celui-là , Jean ne l' avait jamais vu ; mais savait quelle place ce bohème , ce fantaisiste , aujourd'hui rangé , marié , chef de division à les Beaux-Arts , avait tenue dans l' existence de Fanny Legrand , et se souvenait d' un paquet de lettres passionnées et charmantes .","celui-là , NP ne le avoir ADVTEMPS VCOG ; mais VCOG quel NCo ce NC , ce NCs , ADVT PPAS , PPAS , NC de NCmod à le NP , avoir PPAS dans le NC de NP NP , et se VIMP de un NC de NCmod ADJ et ADJ ."
1373,Daudet/1884_Daudet_sapho_N.txt,"Un petit homme s' avança , creusé , desséché , la démarche raide , qui donnait la main de loin , tenait les gens à distance par une habitude d' estrade , de figuration administrative .","un ADJ NCs se VPS , PPAS , PPAS , le NC ADJ , qui VIMP le NCCOR de ADVLIEU , VIMP le NCo à NCmod par un NC de NCmod , de NC ADJ ."
1374,Daudet/1884_Daudet_sapho_N.txt,"parut très surpris de voir Fanny , surtout de la retrouver belle après tant d' années : « Tiens !","VPS très VSENT de VCOG NP , surtout de le INF ADJ PHASE tant de NCT : "" NP !"
1375,Daudet/1884_Daudet_sapho_N.txt,... ... » et une rougeur furtive égaya ses pommettes .,"... ... "" et un NC ADJ VSENT DETPOSS NCo ."
1376,Daudet/1884_Daudet_sapho_N.txt,"Ce nom de qui la rendait à le passé , la rapprochait de tous ses anciens , causa une certaine gêne .","ce NCs de qui le VIMP à le NC , le VIMP de tout DETPOSS NC , VPS un ADJ NCSENT ."
1377,Daudet/1884_Daudet_sapho_N.txt,« Et .,""" et ."
1378,Daudet/1884_Daudet_sapho_N.txt,d' Armandy qui nous l' a amenée ... » fit Déchelette vivement pour prévenir le nouveau venu .,"de NP qui nous le avoir PPAS ... "" faire NP ADVINT pour INF le ADJ NCo ."
1379,Daudet/1884_Daudet_sapho_N.txt,Ezano salua ; on se mit à causer .,NP NP ; on se mettre à INF .
1380,Daudet/1884_Daudet_sapho_N.txt,"Fanny rassurée de voir comme son amant prenait les choses , et fière de lui , de sa beauté , de sa jeunesse , devant de les artistes , de les connaisseurs , se montra très gaie , très en verve .","NP PRES de VCOG comme DETPOSS NC VIMP le chose , et NC de lui , de DETPOSS NC , de DETPOSS NC , devoir de le NC , de le NC , se VPS très ADJ , très en NC ."
1381,Daudet/1884_Daudet_sapho_N.txt,"Toute à sa passion présente , à peine se souvenait -elle de ses liaisons avec ces hommes ; de les années de cohabitation pourtant , de vie en commun où l' empreinte se fait d' habitudes , de manies , gagnées à un contact et lui survivant , jusqu' à cette façon de rouler les cigarettes qu' elle tenait d' Ezano comme sa préférence de le Job et de le Maryland .","tout à DETPOSS NCSENT ADJ , à NCSENT se VIMP il de DETPOSS NC avec ce NCmod ; de le NCT de NCmod pourtant , de NCmod en ADJ où le NCs se faire de NC , de NC , PPAS à un NC et lui PPRES , jusque à ce façon de INF le NCo que il VIMP de NP comme DETPOSS NC de le NP et de le NP ."
1382,Daudet/1884_Daudet_sapho_N.txt,"Jean constatait sans le moindre trouble ce petit détail qui l' eût exaspéré jadis , éprouvant à se trouver aussi calme , la joie d' un prisonnier qui a limé sa chaîne , et sent que le moindre effort lui suffira pour l' évasion .","NP VIMP sans le INF NCSENT ce ADJ NC qui le avoir VSENT ADV , VSENT à se INF aussi NCSENT , le NCSENT de un NCmod qui avoir PPAS DETPOSS NCo , et sentir que le ADJ NCs lui VF pour le NC ."
1383,Daudet/1884_Daudet_sapho_N.txt,— Hein !,— NP !
1384,Daudet/1884_Daudet_sapho_N.txt,"ma pauvre Fanny , disait Caoudal d' un ton blagueur en lui montrant les autres ... quel déchet !","DETPOSS ADJ NP , VDIC NP de un NCmod ADJ en lui PPRES le autre ... quel NCs !"
1385,Daudet/1884_Daudet_sapho_N.txt,"... sont -ils vieux , sont -ils raplatis !","... être il ADJ , être il PPAS !"
1386,Daudet/1884_Daudet_sapho_N.txt,"... n' y a que nous deux , vois -tu , qui tenions le coup .","... ne y avoir que nous NUM , NUM il , qui VIMP le NCo ."
1387,Daudet/1884_Daudet_sapho_N.txt,Fanny se mit à rire : — Ah !,NP se mettre à INF : — INTJ !
1388,Daudet/1884_Daudet_sapho_N.txt,"pardon , colonel — on l' appelait quelquefois ainsi à cause de ses moustaches — , ce n' est pas tout à fait la même chose ... je suis d' une autre promotion ... — Caoudal oublie toujours qu ' est un ancêtre , dit La Gournerie ; et sur un mouvement de le sculpteur qu ' savait toucher à le vif : Médaillé de , cria -t- de sa voix stridente , c' est une date , mon bon !","NC , NC — on le VIMP ADVTEMPS ainsi à NC de DETPOSS NCCOR — , ce ne être pas tout à NC le même chose ... je être de un autre NC ... — NP VCOG ADVTEMPS que ' être un NCs , VDIC le NP ; et sur un NC de le NCmod qu ' VCOG INF à le NC : NP de , VDIC -t- de DETPOSS NCMAN ADJ , ce être un NC , DETPOSS NC !"
1389,Daudet/1884_Daudet_sapho_N.txt,"... restait entre ces deux anciens amis un ton agressif , une sourde antipathie qui ne les avait jamais séparés , mais éclatait dans leurs regards , leurs moindres paroles , et cela depuis vingt ans , de le jour où le poète enlevait sa maîtresse à le sculpteur .","... VIMP entre ce NUM ADJ NC un NCo ADJ , un ADJ NC qui ne le avoir ADVTEMPS PPAS , mais VIMP dans DETPOSS NCMAN , DETPOSS ADJ NC , et cela depuis NUM NCT , de le NCT où le NCs VIMP DETPOSS NCo à le NCmod ."
1390,Daudet/1884_Daudet_sapho_N.txt,"Fanny ne comptait plus pour eux , ils avaient l' un et l' autre couru d' autres joies , d' autres déboires , mais la rancune subsistait , creusée plus profonde avec les années .","NP ne VIMP plus pour eux , il avoir le un et le autre PPAS de autre NCSENT , de autre NC , mais le rancune VIMP , PPAS plus ADJ avec le NCT ."
1391,Daudet/1884_Daudet_sapho_N.txt,"— Regardez -nous donc tous les deux , et dites franchement si c' est moi qui suis l' ancêtre !","— IMP le donc tout le NCo , et VDIC ADVMAN si ce être soi qui être le NC !"
1392,Daudet/1884_Daudet_sapho_N.txt,"... Serré dans le veston qui faisait saillir ses muscles , Caoudal se campait debout , la poitrine cambrée , secouant sa crinière flamboyante où ne se voyait pas un poil blanc : — Médaillé de ... cinquante-huit ans dans trois mois ... Et puis , qu' est -ce que ça prouve ?","... PPAS dans le NC qui faire INF DETPOSS NCo , NP se VIMP ADV , le NC ADJ , PPRES DETPOSS NCo ADJ où ne se VCOG pas un NCCOR ADJCOL : — PPAS de ... NUM NCT dans NUM NCT ... et puis , que être ce que ça PRES ?"
1393,Daudet/1884_Daudet_sapho_N.txt,... Est -ce l' âge qui fait les vieux ?,... être ce le NCo qui faire le ADJ ?
1394,Daudet/1884_Daudet_sapho_N.txt,"... n' y a qu' à la Comédie-Française et à le Conservatoire que les hommes bafouillent à la soixantaine , en branlant la tête , et petonnent , le dos rond , les jambes molles , avec de les accidents séniles .","... ne y avoir que à le NP et à le NP que le NCs VDIC à le NC , en PPRES le NCCOR , et PRES , le NCCOR ADJ , le NCCOR ADJ , avec de le NC ADJ ."
1395,Daudet/1884_Daudet_sapho_N.txt,"À soixante ans , sacrebleu !","à NUM NCT , ADJ !"
1396,Daudet/1884_Daudet_sapho_N.txt,"on marche plus droit qu' à trente , parce qu' on se surveille ; et la femme vous gobe encore pourvu que le cœur reste jeune , et chauffe , et remonte toute la carcasse ... — Crois -tu ?","on PRES plus NCo que à NUM , parce que on se PRES ; et le NCs vous PRES encore pourvoir que le NCs PRES ADJ , et NC , et VSENT tout le NCo ... — VCOG il ?"
1397,Daudet/1884_Daudet_sapho_N.txt,fit La Gournerie qui regardait Fanny en ricanant .,faire le NP qui VCOG NP en PPRES .
1398,Daudet/1884_Daudet_sapho_N.txt,"Et Déchelette , avec son bon sourire : — Pourtant tu dis toujours qu ' n' y a que la jeunesse , tu en rabâches ... — C' est ma petite Cousinard qui m' a fait changer d' idée ... Cousinard , mon nouveau modèle ... - huit ans , de les ronds , de les fossettes partout , un Clodion ... Et si bon enfant , si peuple , de le Paris de la Halle où sa mère vend de la volaille ... Elle vous a de ces mots bêtes à l' embrasser , de ces mots ... L' autre jour , dans l' atelier , elle trouve un roman de Dejoie , regarde le titre : Thérèse , et le rejette avec sa jolie moue : « Si ça s' était appelé Pauv' Thérèse , je l' aurais lu toute la nuit !","et NP , avec DETPOSS ADJ NCMAN : — pourtant je VDIC ADVTEMPS que ' ne y avoir que le NC , je en NCmod ... — ce être DETPOSS ADJ NP qui lui avoir faire INF de NC ... NP , DETPOSS ADJ NC ... - NUM NCT , de le NC , de le NC ADV , un NC ... et si ADJ NC , si NC , de le NP de le NP où DETPOSS NCs PRES de le NC ... il vous avoir de ce NC ADJ à le NC , de ce NC ... le autre NCT , dans le NCmod , il PRES un NCo de NP , VCOG le NCo : NP , et le NC avec DETPOSS ADJ NCmod : "" si ça se être PPAS NP NP , je le avoir PPAS tout le NCT !"
1399,Daudet/1884_Daudet_sapho_N.txt,"... » J' en suis fou , je vous dis .","... "" je en être ADJ , je vous VDIC ."
1400,Daudet/1884_Daudet_sapho_N.txt,— De le coup te voilà en ménage ?,— de le NC me voilà en NC ?
1401,Daudet/1884_Daudet_sapho_N.txt,"... Et dans six mois encore une rupture , de les larmes comme le poing , le dégoût de le travail , de les colères à tout tuer ... Le front de Caoudal s' assombrit : — C' est vrai que rien ne dure ... On se prend , on se quitte ... — Alors pourquoi se prendre ?","... et dans NUM NCT encore un NCmod , de le NCmod comme le NCmod , le NCSENT de le NCmod , de le NCSENT à tout INF ... le NCCOR de NP se PRES : — ce être vrai que rien ne ADJ ... on se PRES , on se PRES ... — alors pourquoi se INF ?"
1402,Daudet/1884_Daudet_sapho_N.txt,"— Eh bien , et toi ?","— INTJ bien , et soi ?"
1403,Daudet/1884_Daudet_sapho_N.txt,... Crois -tu donc que tu en as pour la vie avec ta Flamande !,... VCOG il donc que je en PRES pour le NC avec NP NP !
1404,Daudet/1884_Daudet_sapho_N.txt,... — Oh !,... — INTJ !
1405,Daudet/1884_Daudet_sapho_N.txt,"nous autres , nous ne sommes pas en ménage ... pas vrai , Alice ?","nous autre , nous ne être pas en NC ... pas vrai , NP ?"
1406,Daudet/1884_Daudet_sapho_N.txt,"— Certainement , répondit d' une voix douce et distraite la jeune femme montée sur une chaise , en train de cueillir de les glycines et de les verdures pour un bouquet de table .","— ADVINT , VDIC de un NCMAN ADJ et PPAS le ADJ NCo PPAS sur un NC , en NC de NCmod de le NCmod et de le NC pour un NC de NCmod ."
1407,Daudet/1884_Daudet_sapho_N.txt,"Déchelette continua : — n' y aura pas de rupture entre nous , à peine une quitterie ... Nous avons fait un bail de deux mois à passer ensemble ; le dernier jour on se séparera sans désespoir et sans surprise ... Moi je retournerai à Ispahan — je viens de retenir mon sleeping — et Alice rentrera dans son petit appartement de la rue Labruyère qu' elle a toujours gardé .","Déchelette NC : — ne y avoir pas de NC entre nous , à NCSENT un NC ... nous avoir faire un NCo de NUM NCT à INF ensemble ; le ADJ NCT on se VF sans NCSENT et sans NCSENT ... soi je VF à NP — je venir de INF DETPOSS NCo — et NP VF dans DETPOSS ADJ NC de le NCmod NP que il avoir ADVTEMPS PPAS ."
1408,Daudet/1884_Daudet_sapho_N.txt,"— Troisième au-dessus de l' entresol , tout ce qu' y a de plus commode pour se fiche par la fenêtre !","— ADJ ADVLIEU de le NC , tout ce que y avoir de plus NC pour se PRES par le NC !"
1409,Daudet/1884_Daudet_sapho_N.txt,"En disant cela , la jeune femme souriait , rousse et lumineuse dans le jour tombant , sa lourde grappe de fleurs mauves à la main ; mais l' accent de sa parole était si profond , si grave , que personne ne répondit .","en VDIC cela , le ADJ NCs VIMP , ADJCOL et ADJ dans le NCT PPRES , DETPOSS ADJ NC de NCmod ADJ à le NCCOR ; mais le NCs de DETPOSS NCmod être si ADJ , si ADJ , que personne ne VDIC ."
1410,Daudet/1884_Daudet_sapho_N.txt,"Le vent fraîchissait , les maisons d' en face semblaient plus hautes .","le NCs VIMP , le NCs de en NC VIMP plus ADJ ."
1411,Daudet/1884_Daudet_sapho_N.txt,"— Allons nous mettre à table , cria le colonel ... Et disons de les choses folâtres ... — Oui , c' est cela , gaudeamus igitur ... amusons -nous pendant que nous sommes jeunes , n' est -ce pas , Caoudal ?","— aller nous mettre à NC , VDIC le NCs ... et VDIC de le chose ADJ ... — oui , ce être cela , NC ADJ ... VSENT nous PHASE que nous être ADJ , ne être ce pas , NP ?"
1412,Daudet/1884_Daudet_sapho_N.txt,... dit La Gournerie avec un rire qui sonnait faux .,... VDIC le NP avec un NCMAN qui VIMP ADJ .
1413,Daudet/1884_Daudet_sapho_N.txt,"Jean , quelques jours après , passait de nouveau rue de Rome , trouvait l' atelier fermé , le grand rideau de coutil descendu sur la vitre , un silence morne de les caves jusqu' à la toiture en terrasse .","NP , quelque NCT PHASE , VIMP de ADJ NC de NP , VIMP le NCo PPAS , le ADJ NC de NCmod PPAS sur le NC , un NC ADJ de le NCmod jusque à le NCmod en NCmod ."
1414,Daudet/1884_Daudet_sapho_N.txt,"Déchelette était parti , à l' heure indiquée , le bail fini .","NP être PPAS , à le NCT PPAS , le NC ADJ ."
1415,Daudet/1884_Daudet_sapho_N.txt,"Et lui pensait : — C' est beau de faire ce qu' on veut dans l' existence , de gouverner sa raison et son cœur ... Aurai -je jamais ce courage ?","et lui VCOG : — ce être ADJ de faire ce que on vouloir dans le NC , de INF DETPOSS NCo et DETPOSS NC ... NP je ADVTEMPS ce NC ?"
1416,Daudet/1884_Daudet_sapho_N.txt,"... Une main se posa sur son épaule : — Bonjour , Gaussin !","... un NCCOR se VPS sur DETPOSS NCCOR : — INTJ , NP !"
1417,Daudet/1884_Daudet_sapho_N.txt,"... Déchelette , l' air fatigué , plus jaune et plus froncé que d' habitude , lui expliqua qu ' ne partait pas encore , retenu à Paris par quelques affaires , et qu ' habitait le Grand-Hôtel , l' atelier lui faisant horreur depuis cette histoire épouvantable ... — Quoi donc ?","... NP , le NCMAN VSENT , plus ADJCOL et plus PPAS que de NC , lui VDIC que ' ne VIMP pas encore , PPAS à NP par quelque NC , et que ' VIMP le NP , le NC lui faire NCo depuis ce NC ADJ ... — quoi donc ?"
1418,Daudet/1884_Daudet_sapho_N.txt,"— C' est vrai , vous ne savez pas ... Alice est morte ... Elle s' est tuée ... Attendez -moi , que je regarde si j' ai de les lettres ... revint presque aussitôt , et tout en faisant sauter de les bandes de journaux d' un doigt nerveux , parlait sourdement , comme un somnambule , sans regarder Gaussin qui marchait près de lui : — Oui , tuée , jetée par la fenêtre , comme elle l' avait dit le soir où vous étiez là ... Qu' est -ce que vous voulez ?","— ce être vrai , vous ne VCOG pas ... NP être PPAS ... il se être PPAS ... IMP soi , que je VCOG si je avoir de le NC ... VPS presque aussitôt , et tout en faire INF de le NC de NCmod de un NCCOR ADJ , VIMP ADV , comme un NC , sans VCOG NP qui VIMP ADVLIEU de lui : — oui , PPAS , PPAS par le NC , comme il le avoir VDIC le NCT où vous PRES ADVLIEU ... que être ce que vous vouloir ?"
1419,Daudet/1884_Daudet_sapho_N.txt,"... moi , je ne savais pas , je ne pouvais pas me douter ... Le jour où je devais partir , elle me dit d' un air tranquille : « Emmène -moi , Déchelette ... ne me laisse pas seule ... je ne pourrai plus vivre sans toi ... » Ça me faisait rire .","... soi , je ne VCOG pas , je ne pouvoir pas me INF ... le NCT où je devoir INF , il me VDIC de un NCMAN ADJ : "" NP soi , NP ... ne me laisser pas ADJ ... je ne pouvoir plus INF sans soi ... "" ça me faire INF ."
1420,Daudet/1884_Daudet_sapho_N.txt,"Me voyez -vous avec une femme , là-bas , chez ces Kurdes ... Le désert , les fièvres , les nuits de bivouac ... à dîner , elle me répétait encore : « Je ne te gênerai pas , tu verras comme je serai gentille ... » Puis , voyant qu' elle me faisait de la peine , elle n' a plus insisté ... Après , nous sommes allés à les Variétés dans une baignoire ... tout cela convenu d' avance ... Elle paraissait contente , me tenait la main tout le temps et murmurait : « Je suis bien ... » Comme je partais dans la nuit , je la ramenai chez elle en voiture ; mais nous étions tristes tous deux , sans parler .","me VCOG vous avec un NC , ADVLIEU , chez ce NP ... le NCs , le VSENT , le NCT de NCmod ... à NCmod , il me VIMP encore : "" je ne me VF pas , je NC comme je VF NCo ... "" puis , VCOG que il me faire de le NCSENT , il ne avoir plus PPAS ... PHASE , nous être aller à le NP dans un NC ... tout cela PPAS de NC ... il paraître ADJ , me VIMP le NCCOR tout le temps et VDIC : "" je être bien ... "" comme je VIMP dans le NCT , je le VF chez il en NC ; mais nous être ADJ tout NUM , sans INF ."
1421,Daudet/1884_Daudet_sapho_N.txt,"Elle ne me dit même pas merci pour un petit paquet que je lui glissai dans la poche , de quoi vivre tranquille un an ou deux .","il ne me VDIC même pas INTJ pour un ADJ NC que je lui VF dans le NC , de quoi INF ADJ un NCT ou NUM ."
1422,Daudet/1884_Daudet_sapho_N.txt,"Arrivés rue Labruyère , elle me demande de monter ... Je ne voulais pas .","PPAS NCo NP , il me PRES de INF ... je ne VIMP pas ."
1423,Daudet/1884_Daudet_sapho_N.txt,« Je t' en prie ... jusqu' à la porte seulement .,""" je lui en PRES ... jusque à le NC seulement ."
1424,Daudet/1884_Daudet_sapho_N.txt,"» Mais là je tins bon , je n' entrai pas .",""" mais ADVLIEU je PRES ADJ , je ne VF pas ."
1425,Daudet/1884_Daudet_sapho_N.txt,"Ma place était retenue , mon sac fait , puis j' avais trop dit que je partirais ... En descendant , le cœur un peu gros , j' entendais qu' elle me criait quelque chose comme « ... plus vite que toi ... » mais je ne compris qu' en bas , dans la rue ... Oh !","DETPOSS NCspas être PPAS , DETPOSS NCs faire , puis je avoir trop VDIC que je VCOND ... en PPRES , le NC un peu ADJ , je VCOG que il me VDIC quelque chose comme "" ... plus ADV que soi ... "" mais je ne VCOG que en NC , dans le NC ... INTJ !"
1426,Daudet/1884_Daudet_sapho_N.txt,"... s' arrêta , les yeux à terre , devant l' horrible vision que le trottoir lui présentait maintenant à chaque pas , cette masse inerte et noire qui râlait ... — Elle est morte deux heures après , sans un mot , sans une plainte , me fixant de ses prunelles d' or .","... se VPS , le NCCOR à NCmod , ADVLIEU le ADJ NC que le NCs lui VIMP ADVT à chaque pas , ce NC ADJ et ADJ qui VDIC ... — il être PPAS NUM NCT PHASE , sans un NC , sans un NC , me PPRES de DETPOSS NC de NCmod ."
1427,Daudet/1884_Daudet_sapho_N.txt,Souffrait -elle ?,VCOND il ?
1428,Daudet/1884_Daudet_sapho_N.txt,m' a -t -elle reconnu ?,lui avoir t il VCOG ?
1429,Daudet/1884_Daudet_sapho_N.txt,"Nous l' avions couchée sur son lit , tout habillée , une grande mantille de dentelle enveloppant la tête d' un côté , pour cacher la blessure de le crâne .","nous le avoir PPAS sur DETPOSS NC , tout PPAS , un ADJ NC de NCmod PPRES le NCCOR de un NCmod , pour INF le NCSENT de le NCmod ."
1430,Daudet/1884_Daudet_sapho_N.txt,"Très pâle , avec un peu de sang sur la tempe , elle était encore jolie , si douce ... Mais comme je me penchais pour essuyer cette goutte de sang qui revenait toujours , inépuisable — son regard m' a semblé prendre une expression indignée et terrible ... Une malédiction muette que la pauvre fille me jetait ... Aussi qu' est -ce que ça me faisait de rester quelque temps encore ou de l' emmener avec moi , prête à tout , si peu gênante ?","très ADJ , avec un peu de NCCOR sur le NCCOR , il être encore ADJ , si ADJ ... mais comme je me VIMP pour INF ce NCo de NCCOR qui VIMP ADVTEMPS , ADJ — DETPOSS NCMAN le avoir sembler INF un NCo ADJ et ADJ ... un NCs PRES que le ADJ NCs me VIMP ... aussi que être ce que ça me faire de INF quelque temps encore ou de le INF avec soi , ADJ à tout , si peu ADJ ?"
1431,Daudet/1884_Daudet_sapho_N.txt,"... Non , l' orgueil , l' entêtement d' une parole dite ... Eh bien , je n' ai pas cédé , et elle est morte , morte de moi qui l' aimais pourtant ... se montait , parlait tout haut , suivi de l' étonnement de les gens qu ' coudoyait en descendant la rue d' Amsterdam ; et Gaussin , passant devant son ancien logis dont apercevait le balcon , la véranda , faisait un retour vers Fanny et leur propre histoire , se sentait pris d' un frisson , pendant que Déchelette continuait : — Je l' ai conduite à Montparnasse , sans amis , sans famille ... J' ai voulu être seul à m' occuper d' elle ... Et depuis , je suis là , pensant toujours à la même chose , ne pouvant me décider à partir avec cette idée obsédante , et fuyant ma maison où j' ai passé deux mois si heureux à côté d' elle ... Je vis dehors , je cours , j' essaye de me distraire , d' échapper à cet œil de morte qui m' accuse sous un filet de sang ... Et s' arrêtant , buté à ce remords , avec deux grosses larmes qui glissaient sur son petit nez camard si bon , si épris de la vie , disait : — Voyons , mon ami ; je ne suis pourtant pas méchant ... C' est un peu fort tout de même que j' aie fait ça ... Jean essayait de le consoler , rejetant tout sur un hasard , un mauvais sort ; mais Déchelette répétait en secouant la tête , les dents serrées : — Non , non ... Je ne me pardonnerai jamais ... Je voudrais me punir ... Ce désir d' une expiation ne cessa de le hanter , en parlait à tous ses amis , à Gaussin qu ' venait prendre à la sortie de le bureau .","... non , le NCSENT , le NC de un NCmod VDIC ... INTJ bien , je ne avoir pas PPAS , et il être PPAS , PPAS de soi qui le aimais pourtant ... se VIMP , VIMP tout NCs , PPAS de le NCSENT de le NCmod que ' VIMP en PPRES le NCo de NP ; et NP , PPRES ADVLIEU DETPOSS ADJ NC dont VIMP le NCs , le NC , faire un NCo vers NP et lui ADJ NCs , se sentir PPAS de un NCSENT , PHASE que NP VIMP : — je le avoir PPAS à NP , sans NC , sans NC ... je avoir vouloir être ADJ à lui INF de il ... et depuis , je être ADVLIEU , VCOG ADVTEMPS à le même chose , ne pouvoir me INF à INF avec ce NC ADJ , et PPRES DETPOSS NCo où je avoir PPAS NUM NCT si ADJ à NC de il ... je VCOG ADV , je NCmod , je PRES de me VSENT , de INF à ce NC de NCmod qui lui VDIC sous un NC de NCCOR ... et se PPRES , PPAS à ce NCSENT , avec NUM ADJ NC qui VIMP sur DETPOSS ADJ NCCOR ADJ si ADJ , si PPAS de le NC , VDIC : — VCOG , DETPOSS NC ; je ne être pourtant pas ADJ ... ce être un peu fort tout de même que je avoir faire ça ... NP VIMP de le INF , PPRES tout sur un NC , un ADJ NC ; mais NP VIMP en PPRES le NCCOR , le NCCOR ADJ : — non , non ... je ne me VF ADVTEMPS ... je vouloir me INF ... ce NCSENT de un NCmod ne VASP de le VSENT , en VIMP à tout DETPOSS NC , à NP que ' venir INF à le NC de le NCmod ."
1432,Daudet/1884_Daudet_sapho_N.txt,"« Allez-vous - en donc , Déchelette ... Voyagez , travaillez , ça vous distraira ... » lui répétaient Caoudal et les autres , un peu inquiets de son idée fixe , de cet acharnement à leur faire répéter qu ' n' était pas méchant .",""" NP - en donc , NP ... NP , IMP , ça vous VF ... "" lui VIMP NP et le autre , un peu NC de DETPOSS NCmod ADJ , de ce NC à lui faire INF que ' ne être pas ADJ ."
1433,Daudet/1884_Daudet_sapho_N.txt,"Enfin un soir , soit qu ' eût voulu revoir l' atelier avant de partir , ou qu' un projet très arrêté d' en finir avec sa peine l' y eût amené , rentra chez lui et à le matin de les ouvriers descendant de les faubourgs à leur travail le ramassèrent , le crâne en deux , sur le trottoir devant sa porte , mort de le même suicide que la femme , avec les mêmes affres , le même fracassement d' un désespoir jeté à la rue .","PHASE un NCT , ADV que ' avoir vouloir VCOG le NCo PHASE de INF , ou que un NCs très PPAS de en VASP avec DETPOSS NCSENT le y avoir PPAS , VPS chez lui et à le NCT de le NCmod PPRES de le NC à lui NCmod le VPS , le NC en NUM , sur le NC ADVLIEU DETPOSS NCmod , NC de le même NCmod que le NCmod , avec le même NCmod , le même NC de un NCSENT PPAS à le NC ."
1434,Daudet/1884_Daudet_sapho_N.txt,"Dans l' atelier en demi-jour , une foule se pressait , d' artistes , de modèles , de femmes de théâtre , tous les danseurs , tous les soupeurs de les dernières fêtes .","dans le NC en NCmod , un NCs se VIMP , de NC , de NC , de NC de NCmod , tout le NC , tout le NC de le ADJ NCmod ."
1435,Daudet/1884_Daudet_sapho_N.txt,"C' était un bruit piétiné , chuchoté , une rumeur de chapelle sous la flamme courte de les cierges .","ce être un NC ADJ , VDIC , un NC de NCmod sous le NCmod ADJ de le NCmod ."
1436,Daudet/1884_Daudet_sapho_N.txt,"On regardait à travers les lianes , les feuillages , le corps exposé dans une étoffe de soie ramagée de fleurs d' or , coiffé en turban pour la hideuse plaie de la tête , et tout de son long étendu , les mains blanches en avant qui disaient l' abandon , le déliement suprême , sur le divan bas ombragé de glycines où Gaussin et sa maîtresse s' étaient connus la nuit de le bal .","on VCOG à travers le NC , le NC , le NCCOR ADJ dans un NCmod de NCmod PPAS de NC de NCmod , PPAS en NC pour le ADJ NC de le NCCOR , et tout de DETPOSS NCmod PPAS , le NCCOR ADJCOL en PHASE qui VDIC le NCo , le NC ADJ , sur le NC ADJ PPAS de NC où NP et DETPOSS NC se être PPAS le NCT de le NCmod ."
1437,Daudet/1884_Daudet_sapho_N.txt,Table de les matières On en meurt donc quelquefois de ces ruptures !,ADJ de le NC on en PRES donc ADVTEMPS de ce NC !
1438,Daudet/1884_Daudet_sapho_N.txt,"... Maintenant , quand ils se disputaient , Jean n' osait plus parler de son départ , ne criait plus , exaspéré : — Heureusement , ça va finir .","... ADVT , quand il se VIMP , NP ne VIMP plus INF de DETPOSS NC , ne VDIC plus , PPAS : — heureusement , ça aller VASP ."
1439,Daudet/1884_Daudet_sapho_N.txt,"Elle n' aurait eu qu' à répondre : — C' est bien , va -t 'en ... moi , je me tuerai , je ferai comme l' autre ... Et cette menace qu ' croyait comprendre dans la mélancolie de ses regards et de les airs qu' elle chantait , dans la songerie de ses silences , le troublait jusqu' à l' épouvante .","il ne avoir avoir que à VDIC : — ce être bien , aller t ADJ ... soi , je me VF , je faire comme le autre ... et ce NCs que ' VCOG VCOG dans le NCSENT de DETPOSS NCMAN et de le NCMAN que il VIMP , dans le NCmod de DETPOSS NCmod , le VIMP jusque à le NC ."
1440,Daudet/1884_Daudet_sapho_N.txt,"Cependant avait passé l' examen de classement qui termine , pour les attachés consulaires , le stage ministériel ; reçu dans un bon rang , on allait le désigner pour un de les premiers postes libres , ce n' était plus qu' une affaire de semaines , de jours !","cependant avoir PPAS le NCo de NCmod qui VASP , pour le NC ADJ , le NCo ADJ ; PPAS dans un ADJ NC , on aller le INF pour un de le ADJ NCmod ADJ , ce ne être plus que un NC de NCmod , de NCT !"
1441,Daudet/1884_Daudet_sapho_N.txt,"... Et autour d' eux , dans cette fin de saison à les soleils de plus en plus brefs , tout se hâtait aussi vers les changements de l' hiver .","... et ADV de eux , dans ce NC de NCmod à le NCmod de plus en plus ADJ , tout se VIMP aussi vers le NC de le NCmod ."
1442,Daudet/1884_Daudet_sapho_N.txt,"Un matin , Fanny , ouvrant la fenêtre devant le premier brouillard , s' écriait : — Tiens , les hirondelles sont parties ... L' une après l' autre , les maisons bourgeoises de le pays fermaient leurs persiennes ; sur la route de Versailles , de les voitures de déménagement se succédaient , de grands omnibus de campagne chargés de paquets , avec de les panaches de plantes vertes sur la plate-forme , pendant que les feuilles s' en allaient par tourbillons , roulaient comme les nuages en fuite sous le ciel bas , et que les meules montaient dans les champs dégarnis .","un NCT , NP , PPRES le NCo ADVLIEU le ADJ NC , se VIMP : — NC , le NCs être ADJ ... le un PHASE le autre , le NCs ADJ de le NCmod VIMP DETPOSS NCo ; sur le NC de NP , de le NCmod de NCmod se VIMP , un ADJ NCs de NCmod PPAS de NC , avec de le NC de NCmod ADJCOL sur le NCmod , PHASE que le NCs se en aller par NC , VIMP comme le NC en NC sous le NCmod ADJ , et que le NCs VIMP dans le NC ADJ ."
1443,Daudet/1884_Daudet_sapho_N.txt,"Derrière le verger , dépouillé , rapetissé par le manque de verdure , les chalets fermés , les séchoirs de les blanchisseries à les toits rouges se massaient en paysage triste , et de l' autre côté de la maison , la voie ferrée mise à nu déroulait tout le long de les bois en grisaille sa noire ligne voyageuse .","ADVLIEU le NC , PPAS , PPAS par le NC de NCmod , le NCs ADJ , le NC de le NCmod à le NCmod ADJCOL se VIMP en NC ADJ , et de le autre NC de le NCmod , le NC ADJ mettre à NC VIMP tout le NC de le NCmod en NC DETPOSS ADJ NCo ADJ ."
1444,Daudet/1884_Daudet_sapho_N.txt,Quelle cruauté de la laisser là toute seule dans cette tristesse de les choses !,quel NC de le laisser ADVLIEU tout ADJ dans ce NCSENT de le chose !
1445,Daudet/1884_Daudet_sapho_N.txt,sentait son cœur défaillir d' avance ; jamais n' aurait le courage de l' adieu .,sentir DETPOSS NCo INF de NC ; ADVTEMPS ne avoir le NCo de le NCmod .
1446,Daudet/1884_Daudet_sapho_N.txt,"C' était bien là-dessus qu' elle comptait , l' attendant à cette minute suprême , et jusque -là tranquille , ne parlant de rien , fidèle à sa promesse de ne pas mettre d' entraves à ce départ de tout temps prévu et consenti .","ce être bien ADV que il VIMP , le PPRES à ce NCT ADJ , et jusque ADVLIEU ADJ , ne PPRES de rien , ADJ à DETPOSS NC de ne pas mettre un NCo à ce NC de tout temps PPAS et PPAS ."
1447,Daudet/1884_Daudet_sapho_N.txt,"Un jour , rentra avec cette nouvelle : — Je suis nommé ... — Ah !","un NCT , VPS avec ce NC : — je être PPAS ... — INTJ !"
1448,Daudet/1884_Daudet_sapho_N.txt,... et où donc ?,... et où donc ?
1449,Daudet/1884_Daudet_sapho_N.txt,"... Elle questionnait , l' air indifférent , mais les lèvres et les yeux décolorés , une telle crispation sur tout le visage qu ' ne la fit pas plus longtemps attendre : — Non , non ... pas encore ... J' ai cédé mon tour à Hédouin ... ça nous donne à le moins six mois .","... il VDIC , le NCMAN ADJ , mais le NCCOR et le NCCOR PPAS , un tel NCSENT sur tout le NCCOR que ' ne le faire pas plus longtemps INF : — non , non ... pas encore ... je avoir PPAS DETPOSS NCo à NP ... ça nous PRES à le moins NUM NCT ."
1450,Daudet/1884_Daudet_sapho_N.txt,"Ce fut un débordement de larmes , de rires , de baisers fous qui balbutiaient : — Merci , merci ... Quelle bonne vie je vais te faire maintenant !","ce être un NC de NCmod , de NCMAN , de NC ADJ qui VDIC : — INTJ , INTJ ... quel ADJ NCo je aller me faire ADVT !"
1451,Daudet/1884_Daudet_sapho_N.txt,"... C' était ça , vois -tu , qui me rendait méchante , cette idée de départ ... Elle allait s' y préparer mieux , s' y résigner petit à petit .","... ce être ça , ADV -tre , qui me VIMP ADJ , ce NC de NCmod ... il aller se y INF mieux , se y INF ADJ à ADJ ."
1452,Daudet/1884_Daudet_sapho_N.txt,"Et puis , dans six mois , ce ne serait plus l' automne , avec le contrecoup de ces histoires de mort .","et puis , dans NUM NCT , ce ne être plus le NC , avec le NCmod de ce NCmod de NCmod ."
1453,Daudet/1884_Daudet_sapho_N.txt,Elle tint parole .,il VPS NCo .
1454,Daudet/1884_Daudet_sapho_N.txt,"Plus de nerfs , plus de querelles ; et même , pour éviter les ennuis causés par l' enfant , elle se décidait à le mettre en pension à Versailles .","plus de NCCOR , plus de NC ; et même , pour INF le NCSENT PPAS par le NC , il se VIMP à le mettre en NC à NP ."
1455,Daudet/1884_Daudet_sapho_N.txt,"ne sortait que le dimanche , et si ce nouveau régime ne modifiait pas encore sa nature rebelle et sauvage , de le moins lui apprenait l' hypocrisie .","ne VIMP que le ADVT , et si ce ADJ NCs ne VIMP pas encore DETPOSS NCo ADJ et ADJ , de le moins lui VCOG le NCo ."
1456,Daudet/1884_Daudet_sapho_N.txt,"On vivait à le calme , les dîners avec les Hettéma savourés sans orage , et le piano rouvert pour les partitions favorites .","on VIMP à le NCSENT , le NC avec le NP PPAS sans NC , et le NC ADJ pour le NCmod ADJ ."
1457,Daudet/1884_Daudet_sapho_N.txt,"Mais à le fond , Jean restait plus troublé , plus perplexe que jamais , se demandant où le mènerait sa faiblesse , songeant parfois à renoncer à les consulats , à passer dans le service de les bureaux .","mais à le NC , NP VIMP plus VSENT , plus ADJ que ADVTEMPS , se PPRES où le NC DETPOSS NC , PPRES ADVTEMPS à INF à le NC , à INF dans le NC de le NCmod ."
1458,Daudet/1884_Daudet_sapho_N.txt,"C' était Paris , le bail de le ménage indéfiniment renouvelé ; mais tout le rêve de sa jeunesse à bas , et le désespoir de les siens , la brouille certaine avec son père qui ne lui pardonnerait pas cet abandon , surtout lorsqu ' en saurait les causes .","ce être NP , le NC de le NCmod ADV PPAS ; mais tout le NC de DETPOSS NCmod à ADJ , et le NCSENT de le NCmod , le NC ADJ avec DETPOSS NCmod qui ne lui VCOND pas ce NCo , surtout lorsque ' en VCOND le NCo ."
1459,Daudet/1884_Daudet_sapho_N.txt,Et pour qui ?,et pour qui ?
1460,Daudet/1884_Daudet_sapho_N.txt,"... Pour une créature vieillie , fanée , qu ' n' aimait plus , en avait eu la preuve en face de ses amants ... Quel maléfice tenait donc , dans cette vie à deux ?","... pour un NC ADJ , PPAS , que ' ne VSENT plus , en avoir avoir le NCo en NC de DETPOSS NCmod ... quel NCs VIMP donc , dans ce NC à NUM ?"
1461,Daudet/1884_Daudet_sapho_N.txt,"Comme montait en wagon , un matin , à les derniers jours d' octobre , un regard de jeune fille levé vers le sien lui rappela tout à coup sa rencontre de le bois , cette grâce radieuse de femme-enfant , dont le souvenir l' avait poursuivi pendant de les mois .","comme VIMP en NC , un NCT , à le ADJ NCT de MOIS , un NCMAN de ADJ NCmod PPAS vers le sien lui VPS tout à NC DETPOSS NCo de le NCmod , ce NC ADJ de NCmod , dont le INF le avoir PPAS PHASE de le NCT ."
1462,Daudet/1884_Daudet_sapho_N.txt,"Elle portait la même robe claire que le soleil tachait si joliment sous les branches , mais recouverte d' un grand manteau de voyage ; et dans le wagon , de les livres , un petit sac , un bouquet de grands roseaux , et de les dernières fleurs disaient le retour vers Paris , la fin de la villégiature .","il VIMP le même NCo ADJ que le NCs VIMP si ADVINT sous le NC , mais PPAS de un ADJ NC de NCmod ; et dans le NC , de le NCmod , un ADJ NCs , un NC de ADJ NCmod , et de le ADJ NC VDIC le NCo vers NP , le NC de le NCmod ."
1463,Daudet/1884_Daudet_sapho_N.txt,"Elle aussi l' avait reconnu , d' un demi-sourire frissonnant sur la limpidité d' eau de source de ses yeux ; et ce fut , pendant une seconde , l' entente inexprimée de la même pensée chez ces deux êtres .","il aussi le avoir VCOG , de un NC PPRES sur le NC de NCmod de NCmod de DETPOSS NCCOR ; et ce être , PHASE un NCT , le NC PPAS de le même NC chez ce NUM être ."
1464,Daudet/1884_Daudet_sapho_N.txt,"« Comment va votre mère , .",""" comment aller DETPOSS NCo , ."
1465,Daudet/1884_Daudet_sapho_N.txt,d' Armandy ?,de NP ?
1466,Daudet/1884_Daudet_sapho_N.txt,"» demanda tout à coup le vieux Bouchereau que Jean , ébloui , n' avait pas vu d' abord dans son coin , enfoui et lisant , sa pâle figure inclinée .",""" VPS tout à NC le ADJ NP que NP , INTJ , ne avoir pas VCOG un NC dans DETPOSS NC , PPAS et PPRES , DETPOSS ADJ NCCOR ADJ ."
1467,Daudet/1884_Daudet_sapho_N.txt,"Jean donna de les nouvelles , très touché qu' on se souvînt de les siens et de lui , bien plus ému encore , quand la jeune fille s' informa de les deux petites bessonnes qui avaient écrit à son oncle une si gentille lettre pour le remercier de les soins donnés à leur mère ... Elle les connaissait !","NP VPS de le NC , très PPAS que on se PRES de le NC et de lui , bien plus VSENT encore , quand le ADJ NCs se VPS de le NUM ADJ NC qui avoir PPAS à DETPOSS NC un si NUM NCo pour le VDIC de le NCmod PPAS à lui NC ... il le VIMP !"
1468,Daudet/1884_Daudet_sapho_N.txt,"... cela le remplit de joie ; puis comme était , paraît- , d' une sensibilité extraordinaire ce matin-là , devint triste aussitôt , en apprenant qu' ils rentraient à Paris , que Bouchereau allait prendre son cours de semestre à l' école de Médecine .","... cela le NCs de NCSENT ; puis comme être , paraît- , de un NCSENT ADJ ce matin-là , devenir ADJ aussitôt , en VCOG que il VIMP à NP , que NP aller INF DETPOSS NC de NCmod à le NCmod de NP ."
1469,Daudet/1884_Daudet_sapho_N.txt,"n' aurait plus la chance de la revoir ... Et les champs filant à les portières , splendides tout à l' heure , lui semblaient lugubres , éclairés d' une lumière d' éclipse .","ne avoir plus le NCo de le VCOG ... et le NCs PPRES à le NC , ADJ tout à le NCT , lui VIMP ADJ , PPAS de un NC de NCmod ."
1470,Daudet/1884_Daudet_sapho_N.txt,Le train siffla longuement ; on arrivait .,le NCs VPS ADV ; on VIMP .
1471,Daudet/1884_Daudet_sapho_N.txt,"salua , les perdit , mais à la sortie de la gare ils se retrouvèrent , et Bouchereau dans le tumulte de la presse l' avertit qu' à partir de le jeudi suivant restait chez lui , place Vendôme ... si le cœur lui disait d' une tasse de thé ... Elle donnait le bras à son oncle , et sembla à Jean que c' était elle qui l' invitait sans rien dire .","VF , le VPS , mais à le NC de le NCmod il se VPS , et NP dans le NCmod de le NCmod le PRES que à INF de le ADVT ADJ VIMP chez lui , NC NP ... si le NCs lui VDIC de un NC de NCmod ... il VIMP le NCCOR à DETPOSS NC , et sembler à NP que ce être il qui le VIMP sans rien VDIC ."
1472,Daudet/1884_Daudet_sapho_N.txt,"Après avoir décidé plusieurs fois qu ' irait chez Bouchereau , puis qu ' n' irait pas — car à quoi bon se donner de les regrets inutiles ?","PHASE avoir PPAS plusieurs fois que ' aller chez NP , puis que ' ne aller pas — car à quoi ADJ se INF de le NCSENT ADJ ?"
1473,Daudet/1884_Daudet_sapho_N.txt,— prévint pourtant chez lui qu' y aurait bientôt une grande soirée à le ministère à laquelle lui faudrait assister .,— VPS pourtant chez lui que y avoir bientôt un ADJ NCT à le NCmod à lequel lui VCOND INF .
1474,Daudet/1884_Daudet_sapho_N.txt,"Fanny visitait son habit , lui faisait repasser de les cravates blanches ; et brusquement , le jeudi soir , n' eut plus la moindre envie de sortir .","NP VIMP DETPOSS NCo , lui faire INF de le NC ADJCOL ; et ADV , le ADVT NCT , ne avoir plus le ADJ NCo de INF ."
1475,Daudet/1884_Daudet_sapho_N.txt,"Mais sa maîtresse le raisonnait sur la nécessité de cette corvée , se reprochant de l' avoir trop absorbé , gardé pour elle en égoïste , et elle le décidait , achevait de l' habiller avec de les jeux tendres , retouchait le nœud de sa cravate , le pli de ses cheveux , riait parce que ses doigts sentaient la cigarette qu' elle reprenait et posait sur la cheminée à toute minute , et que cela ferait faire la grimace à les danseuses .","mais DETPOSS NCs le VIMP sur le NC de ce NCmod , se PPRES de le avoir trop PPAS , PPAS pour il en NC , et il le VIMP , VASP de le NC avec de le NCmod ADJ , VIMP le NCo de DETPOSS NCmod , le NC de DETPOSS NCCOR , VIMP parce que DETPOSS NCCOR VIMP le NCo que il VIMP et VIMP sur le NC à tout NCT , et que cela faire faire le NCo à le NC ."
1476,Daudet/1884_Daudet_sapho_N.txt,"Et de la voir très gaie et très bonne , avait le remords de son mensonge , serait volontiers resté près d' elle à le coin de le feu , si Fanny ne l' eût forcé : « Je veux ... le faut » , tendrement poussé dehors dans la nuit de le chemin .","et de le VCOG très ADJ et très ADJ , avoir le NCSENT de DETPOSS NCmod , être ADV PPAS ADVLIEU de il à le NC de le NCmod , si NP ne le avoir PPAS : "" je vouloir ... le NC "" , ADVMAN PPAS ADV dans le NCT de le NCmod ."
1477,Daudet/1884_Daudet_sapho_N.txt,"était tard quand rentra ; elle dormait , et la lampe allumée sur ce sommeil de fatigue lui rappela une rentrée pareille , trois ans passés déjà , après les révélations terribles qu' on venait de lui faire .","être tard quand VPS ; il VIMP , et le NCs PPAS sur ce NC de NCSENT lui VPS un NCo ADJ , NUM NCT PPAS déjà , PHASE le NC ADJ que on venir de lui faire ."
1478,Daudet/1884_Daudet_sapho_N.txt,Comme s' était montré lâche alors !,comme se être PPAS NCs alors !
1479,Daudet/1884_Daudet_sapho_N.txt,Par quelle aberration ce qui devait briser sa chaîne l' avait - rivée plus solidement ?,par quel NCs ce qui devoir INF DETPOSS NCo le avoir - PPAS plus ADV ?
1480,Daudet/1884_Daudet_sapho_N.txt,"... Une nausée lui monta à les lèvres , de dégoût .","... un NCs lui VPS à le NCCOR , de NCSENT ."
1481,Daudet/1884_Daudet_sapho_N.txt,"La chambre , le lit , la femme lui faisaient également horreur ; prit la lumière , l' emporta dans la pièce à côté , doucement .","le NC , le NC , le NCs lui faire également NCo ; VPS le NCo , le VPS dans le NC à NC , ADVMAN ."
1482,Daudet/1884_Daudet_sapho_N.txt,désirait tant être seul pour songer à ce qui lui arrivait ... oh !,VSENT tant être ADJ pour INF à ce qui lui VIMP ... INTJ !
1483,Daudet/1884_Daudet_sapho_N.txt,"rien , presque rien ... aimait .","rien , presque rien ... VSENT ."
1484,Daudet/1884_Daudet_sapho_N.txt,"y a dans certains mots que nous employons ordinairement un ressort caché qui tout à coup les ouvre jusqu' à le fond , nous les explique dans leur intimité exceptionnelle ; puis le mot se replie , reprend sa forme banale et roule insignifiant , usé par l' habitude et le machinal .","y avoir dans certain NC que nous PRES ADVTEMPS un NCo PPAS qui tout à NC le PRES jusque à le NC , nous le VDIC dans lui NC ADJ ; puis le NCs se PRES , PRES DETPOSS NCo ADJ et ADJ PPRES , PPAS par le NC et le NC ."
1485,Daudet/1884_Daudet_sapho_N.txt,"L' amour est un de ces mots -là ; ceux pour qui sa clarté s' est une fois traduite entière , comprendront l' angoisse délicieuse où vivait Jean depuis une heure , sans bien se rendre compte d' abord de ce qu' éprouvait .","le NCSENT être un de ce NCmod ADVLIEU ; celui pour qui DETPOSS NCs se être un fois ADV ADJ , VCOG le NCSENT ADJ où VIMP NP depuis un NCT , sans bien se INF NCo de NC de ce que VSENT ."
1486,Daudet/1884_Daudet_sapho_N.txt,"Là-bas , place Vendôme , dans ce coin de salon où ils étaient restés longtemps à causer ensemble , ne sentait rien qu' un grand bien-être , un charme doux qui l' enveloppait .","ADVLIEU , NCs NP , dans ce NCmod de NCmod où il être PPAS longtemps à INF ensemble , ne sentir rien que un ADJ NCSENT , un NC ADJ qui le VIMP ."
1487,Daudet/1884_Daudet_sapho_N.txt,"Ce n' est qu' une fois dehors , la porte retombée sur lui , qu ' avait été saisi d' une allégresse folle , puis d' une défaillance à croire que toutes ses veines s' ouvraient : « Qu' est -ce que j' ai , mon Dieu ?","ce ne être que un fois ADV , le NC PPAS sur lui , que ' avoir être PPAS de un NCSENT ADJ , puis de un NC à VCOG que tout DETPOSS NCs se VIMP : "" que être ce que je avoir , son NP ?"
1488,Daudet/1884_Daudet_sapho_N.txt,"... » Et le Paris qu ' traversait pour revenir lui paraissait tout nouveau , féerique , élargi , radieux .","... "" et le NP qu ' VIMP pour INF lui paraître tout ADJ , ADJ , PPAS , ADJ ."
1489,Daudet/1884_Daudet_sapho_N.txt,"Oui , à cette heure où les bêtes de nuit sont lâchées et circulent , où la vase de les égouts remonte , s' étale , grouille sous le gaz jaune , lui l' amant de , curieux de toutes les débauches , le Paris que peut voir la jeune fille revenant de le bal avec de les airs de valse plein la tête qu' elle redit à les étoiles sous les blancheurs de sa parure , ce Paris chaste baigné de lune claire où s' éclosent les âmes vierges , c' est ce Paris qu ' avait vu !","oui , à ce NCT où le NCspas de NCT être PPAS et PRES , où le NCs de le NCmod VSENT , se ADJ , NC sous le NCmod ADJCOL , lui le NC de , NCmod de tout le NCmod , le NP que pouvoir VCOG le ADJ NCo PPRES de le NC avec de le NCMAN de NCmod ADV le NCCOR que il VPS à le NC sous le NCmod de DETPOSS NCmod , ce NP NCmod PPAS de NCmod ADJ où se PRES le NCs ADJ , ce être ce NP que ' avoir VCOG !"
1490,Daudet/1884_Daudet_sapho_N.txt,"... Et tout à coup , comme montait le large escalier de la gare , si près de le retour vers le mauvais gîte , se surprenait à dire tout haut : « Mais je l' aime ... je l' aime ... » et c' est ainsi qu ' l' avait appris .","... et tout à NC , comme VIMP le ADJ NCo de le NCmod , si ADVLIEU de le NC vers le ADJ NCmod , se VIMP à VDIC tout NCo : "" mais je le VSENT ... je le VSENT ... "" et ce être ainsi PPAS ' le avoir VCOG ."
1491,Daudet/1884_Daudet_sapho_N.txt,"— Tu es là , Jean ?","— je être ADVLIEU , NP ?"
1492,Daudet/1884_Daudet_sapho_N.txt,... Que fais -tu donc ?,... que faire il donc ?
1493,Daudet/1884_Daudet_sapho_N.txt,"Fanny s' éveille en sursaut , effrayée de ne pas le sentir à côté d' elle .","NP se PRES en NC , VSENT de ne pas le sentir à NC de il ."
1494,Daudet/1884_Daudet_sapho_N.txt,"faut venir l' embrasser , mentir , raconter le bal de le ministère , dire s' y avait de jolies toilettes et avec qui a dansé ; mais pour échapper à cette inquisition , surtout à les caresses qu ' redoute , tout imprégné de le souvenir de l' autre , invente un travail pressé , les dessins d' Hettéma .","PRES venir le INF , INF , INF le NCo de le NCmod , VDIC se y avoir un ADJ NCo et avec qui avoir PPAS ; mais pour INF à ce NC , surtout à le NCo que ' NCs , tout PPAS de le NC de le autre , PRES un NCo ADJ , le NCo de NP ."
1495,Daudet/1884_Daudet_sapho_N.txt,— n' y a plus de feu ; tu vas avoir froid .,— ne y avoir plus un NC ; je ADV avoir ADJ .
1496,Daudet/1884_Daudet_sapho_N.txt,"— Non , non ... — À le moins laisse la porte ouverte , que je voie ta lampe ... doit jouer son mensonge jusqu' à le bout , installer la table , les épures ; puis assis , immobile , retenant son souffle , songe , se rappelle , et , pour fixer son rêve , le raconte à Césaire dans une longue lettre , pendant que le vent de nuit remue les branches qui craquent sans un froissement de feuilles , que les trains se succèdent en grondant et que La Balue , troublé par la lumière , s' agite dans sa petite cage , sautille d' un perchoir à l' autre avec de les cris hésitants .","— non , non ... — à le moins laisser le NCo ADJ , que je PRES ta NC ... devoir INF DETPOSS NCo jusque à le NC , INF le NCo , le NC ; puis ADJ , ADJ , PPRES DETPOSS NCo , NC , se PRES , et , pour INF DETPOSS NCo , le PRES à NP dans un ADJ NC , PHASE que le NCs de NCT PRES le NCo qui PRES sans un NC de NCmod , que le NCs se PRES en NC et que le NP , VSENT par le NC , se PRES dans DETPOSS ADJ NC , NC de un NCmod à le autre avec de le NCmod ADJ ."
1497,Daudet/1884_Daudet_sapho_N.txt,"dit tout , la rencontre dans les bois , le wagon , son émotion singulière à l' entrée de ces salons qu ' avait vus si lugubres et tragiques le jour de la consultation , de les chuchotements furtifs dans les portes , de tristes regards échangés de chaise à chaise , et qui , ce soir , s' ouvraient animés et bruyants en une longue enfilade lumineuse .","VDIC tout , le NC dans le NCmod , le NC , DETPOSS NCSENT ADJ à le NCmod de ce NCmod que ' avoir VCOG si ADJ et ADJ le NCT de le NCmod , de le NC ADJ dans le NCmod , de NC NCMAN PPAS de NC à NCmod , et qui , ce NCT , se VIMP ADJ et ADJ en un ADJ NC ADJ ."
1498,Daudet/1884_Daudet_sapho_N.txt,"Bouchereau lui-même n' avait plus sa physionomie dure , cet œil noir , fouilleur et déconcertant sous ses gros sourcils d' étoupe , mais une expression reposée et paternelle de bonhomme qui consent à ce que l' on s' amuse chez lui .","NP soi-même ne avoir plus DETPOSS NCo ADJ , ce NC ADJ , NC et PPRES sous DETPOSS ADJ NCCOR de NCmod , mais un NC PPAS et ADJ de NC qui PRES à ce que l' on se VSENT chez lui ."
1499,Daudet/1884_Daudet_sapho_N.txt,"« Tout à coup elle est venue vers moi et je n' ai plus rien vu ... Mon ami , elle s' appelle Irène , elle est jolie , l' air bon , les cheveux de ce brun doré de les Anglaises , une bouche d' enfant toujours prête à rire ... Oh !",""" tout à NC il être venir vers soi et je ne avoir plus rien VCOG ... DETPOSS NC , il se PRES NP , il être ADJ , le NCMAN ADJ , le NCCOR de ce ADJCOL ADJ de le NP , un NCCOR de NCmod ADVTEMPS ADJ à INF ... INTJ !"
1500,Daudet/1884_Daudet_sapho_N.txt,"pas ce rire sans gaieté , qui agace chez tant de femmes ; une vraie expansion de jeunesse et de bonheur ... Elle est née à Londres ; mais son père était Français et elle n' a pas d' accent de le tout , seulement une adorable façon de prononcer certains mots , de dire « unclé » qui chaque fois met une caresse dans les yeux de le vieux Bouchereau .","pas ce NCMAN sans NCSENT , qui VSENT chez tant de NC ; un vrai NC de NCmod et de NCSENT ... il être PPAS à NP ; mais DETPOSS NCs être ADJ et il ne avoir pas un NCo de le tout , seulement un ADJ façon de INF certain NCo , de VDIC "" PPAS "" qui chaque fois mettre un NCo dans le NCCOR de le ADJ NP ."
1501,Daudet/1884_Daudet_sapho_N.txt,"l' a prise avec lui pour soulager la famille de son frère qui est nombreuse , et remplacer la sœur d' Irène , l' aînée , mariée depuis deux ans à son chef de clinique .","le avoir PPAS avec lui pour VSENT le NCo de DETPOSS NCmod qui être ADJ , et INF le NCo de NP , le NCo , PPAS depuis NUM NCT à DETPOSS NC de NCmod ."
1502,Daudet/1884_Daudet_sapho_N.txt,"Mais elle , voilà , les médecins ne lui vont guère ... Comme elle m' a amusé avec la bêtise de ce jeune savant exigeant de sa fiancée , sur toute chose , un engagement formel et solennel de léguer leur deux corps à la Société d' anthropologie !","mais il , voilà , le NCs ne lui aller guère ... comme il lui avoir VSENT avec le NC de ce NCmod PPRES PPRES de DETPOSS NC , sur tout chose , un NCo ADJ et ADJ de INF lui NUM NCCOR à le NC de NCmod !"
1503,Daudet/1884_Daudet_sapho_N.txt,"... Elle , c' est un oiseau voyageur .","... il , ce être un NC NCmod ."
1504,Daudet/1884_Daudet_sapho_N.txt,"Elle aime les bateaux , la mer ; la vue d' un beaupré tourné à le large lui prend le cœur ... Elle me disait tout cela librement , en camarade , bien miss d' allures , malgré sa grâce parisienne , et je l' écoutais ravi de sa voix , de son rire , de la conformité de nos goûts , d' une certitude intime que le bonheur de ma vie était là , à côté de ma main , et que je n' avais qu' à le saisir , l' emporter loin , bien loin , où m' enverrait la carrière aventureuse ... » — Viens donc te coucher , m' ami ... tressaute , s' arrête , cache instinctivement la lettre qu ' est en train d' écrire !","il VSENT le NCo , le NC ; le NCs de un NCmod PPAS à le NC lui PRES le NCo ... il me VDIC tout cela ADVMAN , en NC , bien NC de NCMAN , malgré DETPOSS NCmod ADJ , et je le NC ADJ de DETPOSS NCMAN , de DETPOSS NCMAN , de le NC de DETPOSS NCmod , de un NC ADJ que le NCSENT de DETPOSS NCmod être ADVLIEU , à NC de DETPOSS NCCOR , et que je ne avoir que à le INF , le INF ADVLIEU , bien ADVLIEU , où se VIMP le NCo ADJ ... "" — venir donc me INF , le NC ... ADV , se PRES , PRES ADV le NCo que ' être en NC de INF !"
1505,Daudet/1884_Daudet_sapho_N.txt,"— Tout à l' heure ... Dors , dors ... lui parle avec colère et , le dos tendu , écoute le sommeil revenir dans cette respiration de femme , car ils sont très près l' un de l' autre , et si loin !","— tout à le NCT ... NC , dors ... lui PRES avec NCSENT et , le NCCOR ADJ , VCOG le NCo INF dans ce NC de NCmod , car il être très ADVLIEU le un de le autre , et si ADVLIEU !"
1506,Daudet/1884_Daudet_sapho_N.txt,"« ... Quoi qu ' arrive , ce sera la délivrance que cette rencontre et cet amour .",""" ... quoi que ' PRES , ce être le NC que ce NCmod et ce NCSENT ."
1507,Daudet/1884_Daudet_sapho_N.txt,"Tu connais ma vie ; tu as compris , sans que nous en parlions jamais , qu' elle est la même qu' autrefois , que je n' ai pas pu m' affranchir .","je PRES DETPOSS NCo ; je avoir VCOG , sans que nous en NCmod ADVTEMPS , que il être le même que ADVT , que je ne avoir pas pouvoir lui INF ."
1508,Daudet/1884_Daudet_sapho_N.txt,"Mais ce que tu ne sais pas , c' est que j' étais prêt à sacrifier fortune , avenir , tout , à cette habitude fatale où je m' enlisais un peu plus chaque jour .","mais ce que je ne VCOG pas , ce être que je être ADJ à INF NCo , NC , tout , à ce NC ADJ où je lui PRES un peu plus chaque NCT ."
1509,Daudet/1884_Daudet_sapho_N.txt,"Maintenant , j' ai trouvé le ressort , le point d' appui qui me manquait ; et pour ne plus laisser de recours à ma faiblesse , je me suis juré de ne retourner là-bas que libre et séparé ... à demain l' évasion ... » Ce ne fut ni le lendemain ni le jour suivant .","ADVT , je avoir PPAS le NCo , le NCo de NCmod qui me VIMP ; et pour ne plus laisser un NC à DETPOSS NCmod , je me être PPAS de ne INF ADVLIEU que ADJ et ADJ ... à ADVT le NC ... "" ce ne être ni le NC ni le NCT ADJ ."
1510,Daudet/1884_Daudet_sapho_N.txt,"fallait un moyen pour s' évader , un prétexte , le dénouement d' une querelle où l' on crie : « Je m' en vais » , pour ne plus revenir ; et Fanny se montrait douce et gaie comme à les premiers temps illusionnés de le ménage .","VIMP un NCo pour se INF , un NC , le NC de un NCmod où l' on VDIC : "" je se en aller "" , pour ne plus INF ; et NP se VIMP ADJ et PRES comme à le ADJ temps ADJ de le NCmod ."
1511,Daudet/1884_Daudet_sapho_N.txt,Écrire « c' est fini » sans plus d' explications ?,"NP "" ce être PPAS "" sans plus de NC ?"
1512,Daudet/1884_Daudet_sapho_N.txt,"... Mais cette violente ne se résignerait pas ainsi , le relancerait , s' acharnerait jusqu' à la porte de son hôtel , de son bureau .","... mais ce NCs ne se VCOND pas ainsi , le VCOND , se VCOND jusque à le NC de DETPOSS NCmod , de DETPOSS NC ."
1513,Daudet/1884_Daudet_sapho_N.txt,"Non , mieux vaudrait l' attaquer de face , la convaincre de l' irrévocable , de le définitif de cette rupture , et sans colère comme sans pitié , lui en énumérer les causes .","non , mieux VCOND le INF de NC , le NC de le NCmod , de le NC de ce NCmod , et sans NCSENT comme sans VSENT , lui en INF le NCo ."
1514,Daudet/1884_Daudet_sapho_N.txt,"Mais avec ces réflexions , une peur lui revint de le suicide d' Alice Doré .","mais avec ce NC , un NCSENT lui VPS de le NC de NP NP ."
1515,Daudet/1884_Daudet_sapho_N.txt,"y avait devant chez eux , de l' autre côté de le pavé , une ruelle en pente conduisant à la voie et fermée d' une barrière ; les voisins prenaient par là , les jours de presse , pour suivre les rails jusqu' à la gare .","y avoir ADVLIEU chez eux , de le autre NC de le NCmod , un NCo en NCmod PPRES à le NC et PPAS de un NC ; le NCs VIMP par ADVLIEU , le NCT de NCmod , pour INF le NCo jusque à le NC ."
1516,Daudet/1884_Daudet_sapho_N.txt,"Et l' imagination de le Méridional voyait , après leur scène de rupture , sa maîtresse s' échapper sur la route , joindre la traverse , se jeter sous les roues de le train qui l' emportait .","et le NCs de le NP VCOG , PHASE lui NC de NCmod , DETPOSS NCo se INF sur le NC , INF le NCo , se INF sous le NC de le NCmod qui le VIMP ."
1517,Daudet/1884_Daudet_sapho_N.txt,"Cette crainte l' obsédait à le point que la seule pensée de cette barrière battante , entre deux murs chargés de lierre , lui faisait reculer l' explication .","ce NCSENT le VIMP à le NC que le ADJ NC de ce NCmod ADJ , entre NUM NCmod PPAS de NC , lui faire INF le NC ."
1518,Daudet/1884_Daudet_sapho_N.txt,"Encore s ' avait eu là un ami , quelqu'un pour la garder , l' assister à cette première crise ; mais , terrés dans leur collage comme de les marmottes , ils ne connaissaient personne , et ce n' était pas les Hettéma , ces monstrueux égoïstes luisants et noyés de graisse , bestialisés encore par l' approche de leur hivernage d' Esquimaux , que la malheureuse aurait pu appeler à le secours de son désespoir et de son abandon .","encore s ' avoir avoir ADVLIEU un NCo , quelqu'un pour le INF , le INF à ce ADJ NC ; mais , PPAS dans lui NC comme de le NC , il ne VIMP NCo , et ce ne être pas le NP , ce NC ADJ ADJ et PPAS de NC , PPAS encore par le NC de lui NCmod de NP , que le NCs avoir pouvoir INF à le NC de DETPOSS NCSENT et de DETPOSS NC ."
1519,Daudet/1884_Daudet_sapho_N.txt,"fallait rompre , pourtant , et rompre vite .","VIMP INF , pourtant , et PRES ADV ."
1520,Daudet/1884_Daudet_sapho_N.txt,"Malgré sa promesse à lui-même , Jean était retourné deux ou trois fois place Vendôme , de plus en plus épris ; et quoiqu ' n' eût rien dit encore , l' accueil à bras ouverts de le vieux Bouchereau , l' attitude d' Irène où se mêlaient dans la réserve une tendresse , une indulgence , et comme l' attente émue de la déclaration , tout l' avertissait de ne plus tarder .","malgré DETPOSS NC à soi-même , NP être PPAS NUM ou NUM fois NCo NP , de plus en plus PPAS ; et quoique ' ne avoir rien VDIC encore , le NC à NCCOR ADJ de le ADJ NP , le NC de NP où se VIMP dans le NC un NCSENT , un NCSENT , et comme le NC PPAS de le NC , tout le VIMP de ne plus INF ."
1521,Daudet/1884_Daudet_sapho_N.txt,"Puis le supplice de mentir , les prétextes qu ' inventait pour Fanny , et l' espèce de sacrilège d' aller de les baisers de à la cour discrète , balbutiante ... Table de les matières À le milieu de ces alternatives , trouvait à le ministère , sur sa table , la carte d' un monsieur venu déjà deux fois dans la matinée , disait l' huissier avec un certain respect de la nomenclature suivante : L' oncle Césaire à Paris !","puis le NCSENT de INF , le NCs que ' VIMP pour NP , et le espèce de NCmod de aller de le NC de à le NCmod ADJ , ADJ ... ADJ de le NC à le milieu de ce NCmod , VIMP à le NC , sur DETPOSS NCmod , le NC de un monsieur venir déjà NUM fois dans le NC , VDIC le NCs avec un ADJ NC de le NCmod ADJ : le NC ADJ à NP !"
1522,Daudet/1884_Daudet_sapho_N.txt,"... Le Fénat délégué , membre d' un comité de vigilance !","... le NC NC , NC de un NCmod de NCmod !"
1523,Daudet/1884_Daudet_sapho_N.txt,"... Sa stupeur durait encore , quand l' oncle parut , toujours brun comme une pomme de pin , ses yeux fous , son rire à le coin de les tempes , sa barbe de le temps de la Ligue , mais à le lieu de l' éternelle veste de futaine à côtes , une redingote en drap neuf bridant sur le ventre et donnant à le petit homme une majesté vraiment présidentielle .","... DETPOSS NCSENT VIMP encore , quand le NCs VPS , ADVTEMPS ADJCOL comme un NC de NCmod , DETPOSS NCCOR ADV , DETPOSS NCMAN à le NCmod de le NCCOR , DETPOSS NCCOR de le temps de le NP , mais à le NC de le ADJ NC de NCmod à NCmod , un NC en NCmod ADJ PPRES sur le NCCOR et PPRES à le ADJ NC un NCo ADVINT ADJ ."
1524,Daudet/1884_Daudet_sapho_N.txt,Ce qui l' amenait à Paris ?,ce qui le VIMP à NP ?
1525,Daudet/1884_Daudet_sapho_N.txt,"L' achat d' une machine élévatoire pour l' immersion de ses nouvelles vignes — prononçait le mot « élévatoire » avec une conviction qui le grandissait à ses propres yeux — , puis la commande de son buste que ses collègues lui demandaient pour orner la salle de le conseil .","le NCs de un NCmod ADJ pour le NCmod de DETPOSS ADJ NCmod — VIMP le NCo "" NC "" avec un NC qui le VIMP à DETPOSS ADJ NCCOR — , puis le NC de DETPOSS NCCOR que DETPOSS NCs lui VIMP pour INF le NCo de le NCmod ."
1526,Daudet/1884_Daudet_sapho_N.txt,"— Tu as vu , ajouta -t - d' un air modeste , ils m' ont nommé président ... Mon idée de submersion bouleverse le ... Et dire que c' est moi , le Fénat , qui suis en train de sauver les vins de France !","— je avoir VCOG , VPS t - de un NCMAN ADJ , il lui avoir PPAS NC ... DETPOSS NCs de NCmod ADJ le ... et VDIC que ce être soi , le NP , qui être en NC de INF le NCo de NP !"
1527,Daudet/1884_Daudet_sapho_N.txt,"... n' y a que les toqués , vois-tu .","... ne y avoir que le NC , NC ."
1528,Daudet/1884_Daudet_sapho_N.txt,"Mais le but principal de son voyage , c' était la rupture avec Fanny .","mais le NC ADJ de DETPOSS NCmod , ce être le NC avec NP ."
1529,Daudet/1884_Daudet_sapho_N.txt,"Comprenant que l' affaire traînait en longueur , venait donner un coup de main .","VCOG que le NCs VIMP en NC , venir INF un NCo de NCCOR ."
1530,Daudet/1884_Daudet_sapho_N.txt,"— Je m' y connais , tu penses ... Quand Courbebaisse a lâché la sienne pour se marier ... Avant d' attaquer son histoire , s' arrêta et , déboutonnant sa redingote , en tira un petit portefeuille rondement tendu : — D' abord , débarrasse-moi de ceci ... Bé oui !","— je se y PRES , je ADJ ... quand NP avoir PPAS le senir pour se INF ... PHASE de INF DETPOSS NCo , se VPS et , PPRES DETPOSS NCo , en VF un ADJ NCo ADV ADJ : — de NC , NC de ceci ... NP oui !"
1531,Daudet/1884_Daudet_sapho_N.txt,"l' argent ... la libération de le territoire ... se trompa à le geste de son neveu , comprit qu ' refusait par discrétion : — Prends donc !","le NC ... le NC de le NCmod ... se VPS à le NC de DETPOSS NCmod , VCOG que ' VIMP par NC : — prendre donc !"
1532,Daudet/1884_Daudet_sapho_N.txt,prends donc !,prendre donc !
1533,Daudet/1884_Daudet_sapho_N.txt,"... C' est ma fierté de pouvoir rendre à le fils un peu de ce que le père a fait pour moi ... D' ailleurs , Divonne le veut ainsi .","... ce être DETPOSS NCSENT de pouvoir INF à le NC un peu de ce que le NCs avoir faire pour soi ... de ADVLIEU , NP le vouloir ainsi ."
1534,Daudet/1884_Daudet_sapho_N.txt,"Elle est à le courant de l' affaire , et si contente que tu penses à te marier , à secouer ton vieux crampon !","il être à le NC de le NCmod , et si ADJ que je NC à me INF , à INF DETPOSS ADJ NCo !"
1535,Daudet/1884_Daudet_sapho_N.txt,"Dans la bouche de Césaire , après le service que sa maîtresse lui avait rendu , Jean trouva « vieux crampon » un peu injuste , et c' est avec une pointe d' amertume qu ' répondit : — Reprenez votre portefeuille , mon oncle ... vous savez mieux que personne combien ces questions sont indifférentes à Fanny .","dans le NCCOR de NP , PHASE le NCmod que DETPOSS NCs lui avoir PPAS , NP VPS "" ADJ NCo "" un peu ADJ , et ce être avec un NC de NCSENT que ' VDIC : — IMP DETPOSS NCo , DETPOSS NC ... vous VCOG mieux que NCs combien ce NC être ADJ à NP ."
1536,Daudet/1884_Daudet_sapho_N.txt,"— Oui , c' était une bonne fille ... dit l' oncle en oraison funèbre , et ajouta , clignant sa patte d' oie : Garde toujours l' argent ... Avec les tentations de Paris , je l' aime mieux entre tes mains que dans les miennes ; et puis en faut pour les ruptures comme pour les duels ... se leva là-dessus , déclarant qu ' mourait de faim et que cette grosse question se discuterait mieux , la fourchette à la main , en déjeunant .","— oui , ce être un ADJ NCs ... VDIC le NCo en NC ADJ , et VPS , PPRES DETPOSS NCo de NCmod : NC ADVTEMPS le NCmod ... avec le NCSENT de NP , je le VSENT mieux entre DETPOSS NCCOR que dans le NC ; et puis en NC pour le NCmod comme pour le NC ... se VPS ADV , PPRES que ' VIMP de NC et que ce ADJ NCs se VCOND mieux , le NC à le NCCOR , en PPRES ."
1537,Daudet/1884_Daudet_sapho_N.txt,Toujours la légèreté gouailleuse de le Méridional à traiter les affaires de femme .,ADVTEMPS le NC ADJ de le NP à INF le NCo de NCmod .
1538,Daudet/1884_Daudet_sapho_N.txt,"« Entre nous , petit ... » Ils étaient attablés dans un restaurant de la rue de Bourgogne , et l' oncle s' épanouissait , la serviette à le menton , tandis que Jean grignotait de le bout de les dents , l' estomac serré .",""" entre nous , ADJ ... "" il être PPAS dans un NC de le NCmod de NP , et le NCs se VSENT , le NC à le NCCOR , PHASE que NP VIMP de le NC de le NCCOR , le NCCOR ADJ ."
1539,Daudet/1884_Daudet_sapho_N.txt,« … Je trouve que tu prends la chose trop à le tragique .,""" … je PRES que je PRES le chose trop à le NCmod ."
1540,Daudet/1884_Daudet_sapho_N.txt,"Je sais bien que le premier coup est dur , l' explication ennuyeuse ; mais , si cela te coûte trop , ne dis rien , fais comme Courbebaisse .","je VCOG bien que le ADJ NCs être ADJ , le NC ADJ ; mais , si cela me PRES trop , ne VDIC rien , faire comme NP ."
1541,Daudet/1884_Daudet_sapho_N.txt,"Jusqu' à le matin de le mariage , la Mornas a tout ignoré .","jusque à le NCT de le NCmod , le NP avoir tout VCOG ."
1542,Daudet/1884_Daudet_sapho_N.txt,"Le soir , en sortant de chez sa future , allait chercher la chanteuse à son beuglant , et la reconduisait chez elle .","le NCT , en PPRES de chez DETPOSS NC , aller INF le NCo à DETPOSS NC , et le VIMP chez il ."
1543,Daudet/1884_Daudet_sapho_N.txt,Tu me diras que ça n' est pas très régulier ni bien loyal non plus .,je me ADJ que ça ne être pas très ADJ ni bien ADJ non plus .
1544,Daudet/1884_Daudet_sapho_N.txt,"Mais quand on n' aime pas les scènes , et avec de les femmes terribles comme Paola Mornas !","mais quand on ne VSENT pas le NCo , et avec de le NC ADJ comme NP NP !"
1545,Daudet/1884_Daudet_sapho_N.txt,... y avait près de ans que ce grand beau garçon tremblait devant cette petite moricaude .,... y avoir ADVLIEU de NCT que ce ADJ ADJ NCs VIMP ADVLIEU ce ADJ NC .
1546,Daudet/1884_Daudet_sapho_N.txt,"Pour le décrochage , fallait ruser , manœuvrer ... » Et voici comme s' y était pris .","pour le NC , VIMP INF , INF ... "" et ADV comme se y être PPAS ."
1547,Daudet/1884_Daudet_sapho_N.txt,"La veille de le mariage , un Quinze Août , le jour de la fête , Césaire proposa à la petite d' aller pêcher une friture dans l' Yvette .","le NC de le NCmod , un NP MOIS , le NCT de le NCmod , NP VDIC à le NC de aller INF un NCo dans le NP ."
1548,Daudet/1884_Daudet_sapho_N.txt,"Courbebaisse devait venir les rejoindre pour dîner ; et l' on s' en retournerait tous trois le lendemain soir , quand Paris aurait évaporé son odeur de poussière , de carcasses de fusées et d' huile à lampions .","NP devoir venir le INF pour NC ; et l' on se en VCOND tout PRES le NC NCT , quand NP avoir PPAS DETPOSS NCo de NCmod , de NC de NCmod et de NC à NCmod ."
1549,Daudet/1884_Daudet_sapho_N.txt,Ça va .,ça aller .
1550,Daudet/1884_Daudet_sapho_N.txt,"Les voilà tous deux étendus dans l' herbe à le bord de cette petite rivière qui frétille et luit entre ses berges basses , fait les prairies si vertes et les saules si feuillus .","le ADV tout NUM PPAS dans le NC à le NC de ce ADJ NCmod qui PRES et PRES entre DETPOSS NC ADJ , faire le NCo si ADJCOL et le NC si ADV ."
1551,Daudet/1884_Daudet_sapho_N.txt,"Après la pêche , le bain .","PHASE le NC , le NC ."
1552,Daudet/1884_Daudet_sapho_N.txt,"Ce n' était pas la première fois qu ' leur arrivait de nager ensemble , Paola et lui , en bons garçons , en camarades ; mais ce jour -là , cette petite Mornas , les bras , les jambes nues , son corps de maugrabine fait à le moule , que la mouillure de le costume plaquait de partout ... peut-être aussi l' idée que Courbebaisse lui avait donné carte blanche ... Ah !","ce ne être pas le ADJ fois que ' lui VIMP de INF ensemble , NP et lui , en ADJ NC , en NC ; mais ce NCT ADVLIEU , ce ADJ NP , le NCCOR , le NCCOR ADJ , DETPOSS NCCOR de NCmod faire à le NC , que le NCs de le NCmod VIMP de ADV ... peut-être aussi le NC que NP lui avoir PPAS NCo ADJCOL ... INTJ !"
1553,Daudet/1884_Daudet_sapho_N.txt,"la mâtine ... Elle se retourna , le regarda dans les yeux , durement .","le NC ... il se VPS , le VCOG dans le NCCOR , ADVINT ."
1554,Daudet/1884_Daudet_sapho_N.txt,"— Vous savez , Césaire , n' y revenez plus .","— vous VCOG , NP , ne y PRES plus ."
1555,Daudet/1884_Daudet_sapho_N.txt,"n' insista pas , de peur de gâter son affaire , et se dit : « Ce sera pour après dîner .","ne VPS pas , de NCSENT de INF DETPOSS NCo , et se VDIC : "" ce être pour PHASE NC ."
1556,Daudet/1884_Daudet_sapho_N.txt,"» Très gai , le dîner , sur le balcon en bois de l' auberge , entre les deux drapeaux que le patron avait arborés en l' honneur de le Quinze Août .",""" très ADJ , le NC , sur le NC en NCmod de le NCmod , entre le NUM NC que le NCs avoir PPAS en le NCSENT de le NP MOIS ."
1557,Daudet/1884_Daudet_sapho_N.txt,"faisait chaud , les foins sentaient bon , et l' on entendait les tambours , les pétards , la musique de l' orphéon qui courait les rues .","faire NCo , le NCs VIMP ADJ , et l' on VCOG le NCo , le NC , le NC de le NCmod qui VIMP le NCo ."
1558,Daudet/1884_Daudet_sapho_N.txt,"— Est- embêtant , ce Courbebaisse , de n' arriver que demain , disait la Mornas , qui s' étirait les bras avec un coup de champagne dans les yeux ... , j' ai envie de m' amuser , moi , ce soir .","— NP PPRES , ce NP , de ne INF que ADVT , VDIC le NP , qui se VCOND le NCCOR avec un NCmod de NCmod dans le NCCOR ... , je avoir NCo de se VSENT , soi , ce NCT ."
1559,Daudet/1884_Daudet_sapho_N.txt,"— Et moi , donc !","— et soi , donc !"
1560,Daudet/1884_Daudet_sapho_N.txt,"était venu s' appuyer à côté d' elle sur la rampe de le balcon , encore brûlante de le soleil de la journée , et sournoisement , en sondeur , passait le bras autour de sa taille : — Oh !","être venir se INF à NC de il sur le NC de le NCmod , encore ADJ de le NC de le NCT , et ADVMAN , en NC , VIMP le NCCOR ADV de DETPOSS NC : — INTJ !"
1561,Daudet/1884_Daudet_sapho_N.txt,"Paola ... Paola ... Cette fois , à le lieu de se fâcher , la chanteuse se mit à rire , mais si fort , de si bon cœur qu ' finit par en faire autant .","NP ... NP ... ce fois , à le NC de se VSENT , le NCs se mettre à INF , mais si fort , de si ADJ NC que ' VASP par en faire autant ."
1562,Daudet/1884_Daudet_sapho_N.txt,"Même tentative repoussée de la même façon , le soir , en rentrant de la fête où ils avaient dansé , tiré de les macarons ; et comme leurs chambres étaient voisines , elle lui chantait à travers la cloison : T' es trop p' tit , t' es trop p'tit ... , avec toutes sortes de comparaisons désobligeantes entre lui et Courbebaisse .","même NC PPAS de le même façon , le NCT , en PPRES de le NC où il avoir PPAS , PPAS de le NC ; et comme DETPOSS NCs être ADJ , il lui VIMP à travers le NC : le être trop pe NC , lui être trop ADJ ... , avec tout sorte de NCmod ADJ entre lui et NP ."
1563,Daudet/1884_Daudet_sapho_N.txt,"se tenait pour ne pas lui répondre , l' appeler la veuve Mornas ; mais c' était encore trop tôt .","se VIMP pour ne pas lui VDIC , le INF le NCs NP ; mais ce être encore trop tôt ."
1564,Daudet/1884_Daudet_sapho_N.txt,"Le lendemain , par exemple , en s' installant devant un bon déjeuner , pendant que Paola s' impatientait et s' inquiétait , à la fin , de ne pas voir arriver son homme , ce fut avec une certaine satisfaction qu ' tira sa montre et dit solennellement : — , c' est fait ... — Quoi donc ?","le NC , par NC , en se PPRES ADVLIEU un ADJ NC , PHASE que NP se VSENT et se VSENT , à le NC , de ne pas VCOG INF DETPOSS NCo , ce être avec un ADJ NCSENT que ' VPS DETPOSS NCo et VDIC ADV : — , ce être faire ... — quoi donc ?"
1565,Daudet/1884_Daudet_sapho_N.txt,— est marié .,— être PPAS .
1566,Daudet/1884_Daudet_sapho_N.txt,— Qui ?,— qui ?
1567,Daudet/1884_Daudet_sapho_N.txt,— Courbebaisse .,— NP .
1568,Daudet/1884_Daudet_sapho_N.txt,Vlan !,NP !
1569,Daudet/1884_Daudet_sapho_N.txt,— Ah !,— INTJ !
1570,Daudet/1884_Daudet_sapho_N.txt,"mon ami , quelle gifle ... Dans toutes mes aventures galantes je n' ai jamais rien reçu de pareil .","DETPOSS NC , quel NC ... dans tout DETPOSS NC ADJ je ne avoir ADVTEMPS rien PPAS de NCmod ."
1571,Daudet/1884_Daudet_sapho_N.txt,"Et , tout de suite , la voilà qui veut partir ... Mais , pas de train avant quatre heures ... Et pendant ce temps l' infidèle brûlait les rails de le P. -.-. vers l' Italie avec sa femme .","et , tout de NC , le voilà qui vouloir INF ... mais , pas de NC PHASE NUM NCT ... et PHASE ce temps le NCs VIMP le NCo de le NP -.-. vers le NP avec DETPOSS NCmod ."
1572,Daudet/1884_Daudet_sapho_N.txt,"Alors , dans sa rage , elle repique , m' abîme de coups et de griffes ; — cette chance !","alors , dans DETPOSS NCSENT , il PRES , le PRES de NC et de NC ; — ce NC !"
1573,Daudet/1884_Daudet_sapho_N.txt,... moi qui nous avais enfermés à clef ; — puis elle s' en prend à la vaisselle et tombe enfin dans une crise de nerfs épouvantable .,... soi qui nous avoir PPAS à NC ; — puis il se en PRES à le NC et PRES PHASE dans un NC de NCCOR ADJ .
1574,Daudet/1884_Daudet_sapho_N.txt,"À cinq , on la porte sur son lit , on la maintient , tandis que tout éraflé , comme si je sortais d' un buisson de ronces , je cours pour trouver le médecin d' Orsay ... Dans ces affaires -là , c' est comme sur le terrain , faudrait toujours avoir un médecin avec soi .","à NUM , on le PRES sur DETPOSS NC , on le PRES , PHASE que tout PPAS , comme si je VIMP de un NC de NCmod , je NC pour INF le NCo de NP ... dans ce NC ADVLIEU , ce être comme sur le NC , VCOND ADVTEMPS avoir un NCo avec soi ."
1575,Daudet/1884_Daudet_sapho_N.txt,"Me vois -tu , par les routes , à jeun , et un soleil !","me ADV -tre , par le NCmod , à NCmod , et un NC !"
1576,Daudet/1884_Daudet_sapho_N.txt,"... faisait nuit quand je le ramenai ... Tout à coup , en approchant de l' auberge , une rumeur de foule , un rassemblement sous les fenêtres ... Ah !","... faire NCT quand je le VF ... tout à NC , en PPRES de le NC , un NC de NCmod , un NC sous le NCmod ... INTJ !"
1577,Daudet/1884_Daudet_sapho_N.txt,"mon Dieu , elle s' est suicidée ?","son NP , il se être PPAS ?"
1578,Daudet/1884_Daudet_sapho_N.txt,Elle a tué quelqu'un ?,il avoir PPAS quelqu'un ?
1579,Daudet/1884_Daudet_sapho_N.txt,"Avec la Mornas c' était plus vraisemblable ... Je me précipite , et qu' est -ce que je vois ?","avec le NP ce être plus ADJ ... je me PRES , et que être ce que je ADJ ?"
1580,Daudet/1884_Daudet_sapho_N.txt,"... Le balcon chargé de lanternes vénitiennes et la chanteuse debout , consolée et superbe , enroulée dans un de les drapeaux et gueulant la Marseillaise , en pleine fête impériale , au-dessus de le peuple qui acclamait .","... le NC PPAS de NC ADJ et le NC ADV , PPAS et ADJ , PPAS dans un de le NCmod et VDIC le NP , en ADJ NC ADJ , ADVLIEU de le NC qui VIMP ."
1581,Daudet/1884_Daudet_sapho_N.txt,"« Et voilà , mon petit , comment s' est terminée la liaison de Courbebaisse ; je ne te dirai pas que tout a été fini d' une fois .",""" et voilà , DETPOSS NC , ADV se être VASP le NCo de NP ; je ne me VF pas que tout avoir être VASP de un fois ."
1582,Daudet/1884_Daudet_sapho_N.txt,"Après ans de fers , faut toujours compter un peu de surveillance .","PHASE NCT de NCmod , PRES ADVTEMPS INF un peu de NCo ."
1583,Daudet/1884_Daudet_sapho_N.txt,"Mais enfin , le plus fort s' était passé sur moi ; et j' en recevrai bien autant de la tienne , si tu veux .","mais PHASE , le plus fort se être PPAS sur soi ; et je en VF bien autant de le NC , si je vouloir ."
1584,Daudet/1884_Daudet_sapho_N.txt,— Ah !,— INTJ !
1585,Daudet/1884_Daudet_sapho_N.txt,"mon oncle , ce n' est pas le même genre de femme .","DETPOSS NC , ce ne être pas le même NC de NCmod ."
1586,Daudet/1884_Daudet_sapho_N.txt,"— Va donc , dit Césaire décachetant une boîte de cigares qu ' approchait de son oreille pour s' assurer s' ils étaient secs , tu n' es pas le premier qui la quitte ... — C' est pourtant vrai ... Et Jean se rattrapait avec bonheur à ce mot qui l' eût navré quelques mois auparavant .","— NP donc , VDIC NP PPRES un NCo de NCmod que ' VIMP de DETPOSS NCCOR pour se INF si il être ADJ , je ne être pas le ADJ qui le NC ... — ce être pourtant vrai ... et NP se VIMP avec NCSENT à ce NCmod qui le avoir VSENT quelque NCT ADV ."
1587,Daudet/1884_Daudet_sapho_N.txt,"À le fond , l' oncle et son histoire comique le rassuraient un peu , mais ce qu ' n' admettait pas , c' était le mensonge en partie double pendant de les mois , cette hypocrisie , ce partage , ne pourrait jamais s' y résoudre et n' avait que trop attendu .","à le NC , le NCs et DETPOSS NC ADJ le VIMP un peu , mais ce NCs ' ne VIMP pas , ce être le NC en NCmod ADJ PHASE de le NCT , ce NC , ce NC , ne pouvoir ADVTEMPS se y VCOG et ne avoir que trop PPAS ."
1588,Daudet/1884_Daudet_sapho_N.txt,"— Alors , comment veux -tu faire ?","— alors , comment vouloir il faire ?"
1589,Daudet/1884_Daudet_sapho_N.txt,"... Pendant que le jeune homme se débattait dans ces incertitudes , le membre de le conseil de vigilance lissait sa barbe , essayait de les sourires , de les effets , de les ports de tête , puis d' un air négligent : — C' est loin d ' qu ' demeure ?","... PHASE que le ADJ NCs se VIMP dans ce NC , le NCs de le NCmod de NCmod VIMP DETPOSS NCCOR , VIMP de le NCMAN , de le NC , de le NC de NCCOR , puis de un NCMAN ADJ : — ce être ADVLIEU ADJ ' que ' PRES ?"
1590,Daudet/1884_Daudet_sapho_N.txt,— Qui donc ?,— qui donc ?
1591,Daudet/1884_Daudet_sapho_N.txt,"— Mais cet artiste , ce Caoudal dont tu m' as parlé pour mon buste ... On pourrait aller voir ses prix , pendant qu' on est ensemble ... Caoudal , bien que célèbre , grand mangeur d' argent , occupait toujours rue d' Assas l' atelier de ses premiers succès .","— mais ce NC , ce NP dont je le avoir PPAS pour DETPOSS NCCOR ... on pouvoir aller VCOG DETPOSS NCo , PHASE que on être ensemble ... NP , bien que ADJ , ADJ NC de NCmod , VIMP ADVTEMPS NC de NP le NCmod de DETPOSS ADJ NCmod ."
1592,Daudet/1884_Daudet_sapho_N.txt,"Césaire , tout en allant , s' informait de sa valeur artistique ; y mettrait le prix , certainement , mais ces messieurs de le comité tenaient à une œuvre de premier ordre .","NCs , tout en PPRES , se VIMP de DETPOSS NC ADJ ; y mettre le NCo , ADVINT , mais ce NCs de le NCmod VIMP à un NC de ADJ NCmod ."
1593,Daudet/1884_Daudet_sapho_N.txt,— Oh !,— INTJ !
1594,Daudet/1884_Daudet_sapho_N.txt,"ne craignez rien , mon oncle , si Caoudal veut bien s' en charger ... Et lui énumérait les titres de le sculpteur , membre de l' Institut , commandeur de la Légion d' honneur et d' une foule d' ordres étrangers .","ne IMP rien , DETPOSS NC , si NP vouloir bien se en INF ... et lui VCOND le NCo de le NCmod , NC de le NCmod , NC de le NCmod de NCSENT et de un NC de NCmod ADJ ."
1595,Daudet/1884_Daudet_sapho_N.txt,Le Fénat ouvrait de grands yeux .,le NP VIMP un ADJ NCCOR .
1596,Daudet/1884_Daudet_sapho_N.txt,— Et vous êtes amis ?,— et vous PRES PPAS ?
1597,Daudet/1884_Daudet_sapho_N.txt,— Très amis .,— très PPAS .
1598,Daudet/1884_Daudet_sapho_N.txt,"— Ce Paris , pas moins !","— ce NP , pas moins !"
1599,Daudet/1884_Daudet_sapho_N.txt,... comme on y fait de belles connaissances .,... comme on y faire un ADJ NCo .
1600,Daudet/1884_Daudet_sapho_N.txt,"Gaussin aurait eu pourtant quelque honte à avouer que Caoudal était un ancien amant de Fanny , et qu' elle les avait mis en relation .","NP avoir avoir pourtant quelque NCSENT à VDIC que NP être un ADJ NC de NP , et que il le avoir mettre en NC ."
1601,Daudet/1884_Daudet_sapho_N.txt,Mais on eût dit que Césaire y pensait : — C' est lui l' auteur de cette que nous avons à Castelet ?,mais on avoir VDIC que NP y VCOG : — ce être lui le NCs de ce que nous avoir à NP ?
1602,Daudet/1884_Daudet_sapho_N.txt,"... Alors connaît ta maîtresse , et pourrait t' aider peut-être à la rupture .","... alors PRES ta NC , et pouvoir le INF peut-être à le NC ."
1603,Daudet/1884_Daudet_sapho_N.txt,"L' Institut , la Légion d' honneur , ça impressionne toujours une femme ... Jean ne répondit pas , songeant aussi peut-être à utiliser l' influence de le premier amant .","le NC , le NC de NCSENT , ça PRES ADVTEMPS un NCo ... NP ne VDIC pas , PPRES aussi peut-être à INF le NCo de le ADJ NCmod ."
1604,Daudet/1884_Daudet_sapho_N.txt,"Et l' oncle continuait d' un bon rire : — À propos , tu sais , le bronze n' est plus chez ton père ... Quand Divonne a su , quand j' ai eu le malheur de lui dire que ça représentait ta maîtresse , elle n' a plus voulu qu ' fût là ... Avec les manies de le consul , ses difficultés à le moindre changement , ce n' était pas commode , surtout sans laisser soupçonner le motif ... Oh !","et le NCs VIMP de un ADJ NCMAN : — à NC , je VCOG , le NCs ne être plus chez DETPOSS NC ... quand NP avoir VCOG , quand je avoir avoir le NCo de lui VDIC que ça VIMP ta NC , il ne avoir plus vouloir que ' être ADVLIEU ... avec le NC de le NCmod , DETPOSS NC à le ADJ NCmod , ce ne être pas ADJ , surtout sans laisser VCOG le NCo ... INTJ !"
1605,Daudet/1884_Daudet_sapho_N.txt,les femmes ... Elle a si bien manœuvré qu' à cette heure .,le NC ... il avoir si bien PPAS que à ce NCT .
1606,Daudet/1884_Daudet_sapho_N.txt,"Thiers préside sur la cheminée de ton père , et la pauvre se ronge de poussière dans la chambre de le vent , avec les vieux chenets et les meubles hors d' usage ; même qu' elle a reçu un atout dans le transport , le chignon cassé et sa lyre qui ne tient plus .","NP PRES sur le NC de DETPOSS NCmod , et le NCs se VSENT de NC dans le NC de le NCmod , avec le ADJ NC et le NC ADV de NC ; même que il avoir PPAS un NCo dans le NC , le NCo ADJ et DETPOSS NC qui ne PRES plus ."
1607,Daudet/1884_Daudet_sapho_N.txt,"La rancune de Divonne , sans doute , qui lui aura porté malheur .","le NC de NP , sans NCSENT , qui lui avoir PPAS NCo ."
1608,Daudet/1884_Daudet_sapho_N.txt,Ils arrivaient rue d' Assas .,il VIMP NCo de NP .
1609,Daudet/1884_Daudet_sapho_N.txt,"Devant l' aspect modeste et travailleur de cette cité d' artistes , ces ateliers à les portes de remises numérotées , s' ouvrant de chaque côté d' une longue cour que terminent les bâtiments vulgaires d' une école communale à les perpétuelles mélopées de lecture , le président de les submersionnistes eut de nouveaux doutes sur le talent d' un homme aussi médiocrement logé ; mais sitôt entré chez Caoudal , sut à quoi s' en tenir : « Pas pour cent mille francs , pas pour un million !","ADVLIEU le NC ADJ et NC de ce NCmod de NCmod , ce NCs à le NCmod de NCmod ADJ , se PPRES de chaque NC de un ADJ NCmod que VASP le NCs ADJ de un NCmod ADJ à le NCmod PPAS de NC , le NC de le NCmod avoir un ADJ NCSENT sur le NC de un NCmod aussi ADVINT PPAS ; mais ADV PPAS chez NP , ADV à quoi se en INF : "" ADV pour NUM NUM NCs , pas pour NUM NC !"
1610,Daudet/1884_Daudet_sapho_N.txt,... » hurlait le sculpteur à le premier mot de Gaussin ; et soulevant à mesure son grand corps de le divan où s' allongeait dans le désordre et l' abandon de l' atelier : « Un buste !,"... "" VDIC le NCo à le ADJ NC de NP ; et PPRES à NC DETPOSS ADJ NCCOR de le NCmod où se VIMP dans le NC et le NC de le NCmod : "" un NCCOR !"
1611,Daudet/1884_Daudet_sapho_N.txt,... Ah bien !,... INTJ bien !
1612,Daudet/1884_Daudet_sapho_N.txt,"oui ... mais regardez donc là-bas cet écrasement de plâtre en mille miettes ... ma figure de le prochain Salon que je viens de démolir à coups de maillet ... Voilà le cas que j' en fais , de la sculpture , et si tentante que soit la binette de le monsieur ... — Gaussin d' Armandy ... président ... L' oncle rassemblait tous ses titres , mais y en avait trop , Cadoual l' interrompit , et tourné vers le jeune homme : — Vous me regardez , Gaussin ... Vous me trouvez vieilli ?","oui ... mais VCOG donc ADVLIEU ce NC de NCmod en NUM NC ... DETPOSS NCCOR de le ADJ NP que je venir de INF à NC de NCmod ... voilà le NCo que je en faire , de le NC , et si ADJ que être le NC de le monsieur ... — NP de NP ... NC ... le NCs VIMP tout DETPOSS NCo , mais y en avoir trop , NP le VPS , et PPAS vers le ADJ NC : — vous me VCOG , NP ... vous me PRES PPAS ?"
1613,Daudet/1884_Daudet_sapho_N.txt,"... C' est vrai qu ' avait bien son âge dans ce jour tombé d' en haut sur les balafres , les creux et meurtrissures de sa tête viveuse et surmenée , sa crinière de lion montrant de les râpes de vieux tapis , ses bajoues pendantes et flasques , et sa moustache à les tons de métal dédoré qu ' ne se donnait plus la peine de friser ni de teindre ... à quoi bon ?","... ce être vrai qu ' avoir bien DETPOSS NCo dans ce NCT PPAS de en NC sur le NC , le NC et NC de DETPOSS NCCOR ADJ et PPAS , DETPOSS NCo de NCmod PPRES de le NC de ADJ NCmod , DETPOSS NC PHASE et ADJ , et DETPOSS NCCOR à le NC de NCmod PPAS que ' ne se VIMP plus le NCSENT de INF ni de INF ... à quoi ADJ ?"
1614,Daudet/1884_Daudet_sapho_N.txt,"... Cousinard , le petit modèle , venait de partir .","... NP , le ADJ NC , venir de INF ."
1615,Daudet/1884_Daudet_sapho_N.txt,"— Oui , mon cher , avec mon mouleur , un sauvage , une brute , mais vingt ans !","— oui , DETPOSS NCo , avec DETPOSS NCmod , un NC , un NC , mais NUM NCT !"
1616,Daudet/1884_Daudet_sapho_N.txt,"... L' intonation rageuse et ironique , arpentait l' atelier , bousculant d' un coup de botte l' escabeau qui le gênait à le passage .","... le NCs ADJ et ADJ , VIMP le NCo , PPRES de un NC de NCmod le NCmod qui le VSENT à le NC ."
1617,Daudet/1884_Daudet_sapho_N.txt,"Tout à coup , arrêté devant le miroir enguirlandé de cuivre au-dessus de le divan , se regardait avec une affreuse grimace : — Suis -je assez laid , assez démoli , en voilà de les cordes , de les fanons de vieille vache !","tout à NC , PPAS ADVLIEU le NC PPAS de NCmod ADVLIEU de le NC , se VCOG avec un ADJ NC : — être je ADV ADJ , ADV PPAS , en voilà de le NCmod , de le NCmod de ADJ NCmod !"
1618,Daudet/1884_Daudet_sapho_N.txt,"... prenait son cou à poignée , puis dans un accent lamentable et comique , une prévoyance de vieux beau qui se pleure : — Et dire que je regretterai ça , l' an prochain !","... VIMP DETPOSS NCCOR à NCmod , puis dans un NC ADJ et ADJ , un NC de ADJ ADJ qui se PRES : — et VDIC que je VF ça , le NCT ADJ !"
1619,Daudet/1884_Daudet_sapho_N.txt,... L' oncle restait effaré .,... le NCs VIMP VSENT .
1620,Daudet/1884_Daudet_sapho_N.txt,Cet académicien qui se tirait la langue racontait ses basses amours !,ce NC qui se VIMP le NCCOR VIMP DETPOSS ADJ NCSENT !
1621,Daudet/1884_Daudet_sapho_N.txt,"y avait donc de les toqués partout , même à l' Institut ; et son admiration pour le grand homme s' amoindrissait de la sympathie qu ' ressentait pour ses faiblesses .","y avoir donc de le NC ADV , même à le NC ; et DETPOSS NCSENT pour le ADJ NCmod se VIMP de le NCSENT que ' VSENT pour DETPOSS NC ."
1622,Daudet/1884_Daudet_sapho_N.txt,— Comment va Fanny ?,— comment aller NP ?
1623,Daudet/1884_Daudet_sapho_N.txt,... Êtes -vous toujours à Chaville ?,... être vous ADVTEMPS à NP ?
1624,Daudet/1884_Daudet_sapho_N.txt,... fit Caoudal subitement apaisé et venant s' asseoir à côté de Gaussin dont tapotait familièrement l' épaule .,... faire NP ADV VSENT et venir se INF à NC de NP dont VIMP ADVMAN le NCCOR .
1625,Daudet/1884_Daudet_sapho_N.txt,— Ah !,— INTJ !
1626,Daudet/1884_Daudet_sapho_N.txt,"la pauvre Fanny , nous n' avons plus longtemps à vivre ensemble ... — Vous partez ?","le NC NP , nous ne avoir plus longtemps à INF ensemble ... — vous PRES ?"
1627,Daudet/1884_Daudet_sapho_N.txt,"— Oui , bientôt ... et je me marie avant ... faut que je la quitte .","— oui , bientôt ... et je me PRES PHASE ... ADV que je le NC ."
1628,Daudet/1884_Daudet_sapho_N.txt,Le sculpteur eut un rire féroce : — Bravo !,le NCs avoir un NCMAN ADJ : — INTJ !
1629,Daudet/1884_Daudet_sapho_N.txt,"Je suis content ... Venge -nous , mon petit , venge -nous de ces coquines -là .","je être ADJ ... NP le , DETPOSS NC , PRES nous de ce NCmod ADVLIEU ."
1630,Daudet/1884_Daudet_sapho_N.txt,"Lâche-les , trompe -les , et qu' elles pleurent , les misérables !","Lâche-les , trompe les , et que il PRES , le NC !"
1631,Daudet/1884_Daudet_sapho_N.txt,Tu ne leur feras jamais autant de mal qu' elles en ont fait à les autres .,je ne lui NC ADVTEMPS autant de mal que il en avoir faire à le autre .
1632,Daudet/1884_Daudet_sapho_N.txt,"L' oncle Césaire triomphait : — Tu vois , monsieur ne prend pas les choses aussi tragiquement que toi ... Comprenez-vous cet innocent ... ce qui le retient de s' en aller , c' est la peur qu' elle se tue !","le NCs NP VIMP : — je ADV , monsieur ne PRES pas le chose aussi ADV que soi ... Comprenez-le ce NC ... ce qui le PRES de se en aller , ce être le NCSENT que il se PRES !"
1633,Daudet/1884_Daudet_sapho_N.txt,Jean avoua très simplement l' impression que lui avait faite le suicide d' Alice Doré .,NP VDIC très ADVMAN le NCo que lui avoir faire le NCs de NP NP .
1634,Daudet/1884_Daudet_sapho_N.txt,"— Mais ce n' est pas la même chose , dit Caoudal vivement ... Celle -là , c' était une triste , une molle à les mains tombantes ... une pauvre poupée qui manquait de son ... Déchelette a eu tort de croire qu' elle mourait pour lui ... Un suicide par fatigue et ennui de vivre .","— mais ce ne être pas le même chose , VDIC NP ADVINT ... celui ADVLIEU , ce être un NC , un NC à le NCCOR ADJ ... un ADJ NC qui VIMP de NC ... NP avoir avoir NCo de VCOG que il VCOND pour lui ... un NC par NCSENT et PPAS de INF ."
1635,Daudet/1884_Daudet_sapho_N.txt,Tandis que ... ah !,PHASE que ... INTJ !
1636,Daudet/1884_Daudet_sapho_N.txt,"ouiche , se tuer ... Elle aime bien trop l' amour et brûlera jusqu' à le bout , jusqu' à les bobèches .","NC , se INF ... il VSENT bien trop le NCSENT et VF jusque à le NC , jusque à le NCmod ."
1637,Daudet/1884_Daudet_sapho_N.txt,"Elle est de la race de les jeunes premiers qui ne changent jamais de rôle , et finissent sans dents , sans cils , dans leur peau de jeunes premiers ... Regardez -moi donc ... Est -ce que je me tue ?","il être de le NC de le NCmod ADJ qui ne PRES ADVTEMPS de NC , et VASP sans NCCOR , sans NCCOR , dans lui NCCOR de NCmod ADJ ... IMP soi donc ... être ce que je me PRES ?"
1638,Daudet/1884_Daudet_sapho_N.txt,"... J' ai beau avoir de le chagrin , je sais bien que , celle -là partie , j' en prendrai une autre , qu ' m' en faudra toujours ... Votre maîtresse fera comme moi , comme elle a déjà fait ... Seulement , elle n' est plus jeune , et ce sera plus difficile .","... je avoir PPAS avoir de le NCSENT , je VCOG bien que , celui -là NC , je en VF un autre , que ' se en VF ADVTEMPS ... DETPOSS NCs faire comme soi , comme il avoir déjà faire ... seulement , il ne être plus ADJ , et ce être plus ADJ ."
1639,Daudet/1884_Daudet_sapho_N.txt,"L' oncle continuait à triompher : — Te voilà rassuré , hein ?","le NCs VIMP à INF : — me voilà VSENT , ADJ ?"
1640,Daudet/1884_Daudet_sapho_N.txt,"Jean ne disait rien , mais ses scrupules étaient vaincus et sa résolution bien prise .","NP ne VDIC rien , mais DETPOSS NCs être ADJ et DETPOSS NC bien PPAS ."
1641,Daudet/1884_Daudet_sapho_N.txt,"Ils partaient , quand le sculpteur les rappela pour leur montrer une photographie ramassée sur la poussière de sa table et qu ' essuyait d' un revers de manche .","il VIMP , quand le NCs le VPS pour lui INF un NCo PPAS sur le NC de DETPOSS NCmod et que ' VIMP de un NC de NCmod ."
1642,Daudet/1884_Daudet_sapho_N.txt,"— Tenez , la voilà !","— NP , le voilà !"
1643,Daudet/1884_Daudet_sapho_N.txt,"... Est -elle jolie , la coquine ... à se mettre à genoux devant ... Ces jambes , cette gorge !","... être il ADJ , le NCo ... à se mettre à NC ADVLIEU ... ce NCCOR , ce NCCOR !"
1644,Daudet/1884_Daudet_sapho_N.txt,"Et c' était terrible le contraste de ces yeux ardents , de cette voix passionnée avec le tremblement sénile de les gros doigts en spatule où grelottait l' image souriante , à les charmes capitonnés de fossettes , de Cousinard le petit modèle .","et ce être ADJ le NC de ce NCCOR ADJ , de ce NCMAN VSENT avec le NC ADJ de le ADJ NCCOR en NCmod où VIMP le NCs ADJ , à le NCmod PPAS de NC , de NP le ADJ NC ."
1645,Daudet/1884_Daudet_sapho_N.txt,Table de les matières — C' est toi ?,ADJ de le NC — ce être soi ?
1646,Daudet/1884_Daudet_sapho_N.txt,... Comme tu viens de bonne heure !,... comme je venir de ADJ NCT !
1647,Daudet/1884_Daudet_sapho_N.txt,"... Elle arrivait de le fond de le jardin , sa robe pleine de pommes tombées , et montait le perron très vite , un peu inquiète de la mine à la fois gênée et volontaire de son amant .","... il VIMP de le NC de le NCmod , DETPOSS NC ADJ de NCmod PPAS , et VIMP le NCo très ADV , un peu ADJ de le NC à le fois ADJ et ADJ de DETPOSS NCmod ."
1648,Daudet/1884_Daudet_sapho_N.txt,— Qu' y a -t- donc ?,— que y avoir -t- donc ?
1649,Daudet/1884_Daudet_sapho_N.txt,"— Rien , rien ... c' est ce temps , ce soleil ... J' ai voulu profiter de le dernier beau jour pour faire un tour en forêt , nous deux ... Veux -tu ?","— rien , rien ... ce être ce temps , ce NC ... je avoir vouloir INF de le ADJ ADJ NCT pour faire un NCo en NC , nous NUM ... ADJ il ?"
1650,Daudet/1884_Daudet_sapho_N.txt,"Elle eut son cri d' enfant de la rue , qui lui revenait chaque fois qu' elle était contente : — Oh !","il avoir DETPOSS NCo de NCmod de le NC , qui lui VIMP chaque fois que il être ADJ : — INTJ !"
1651,Daudet/1884_Daudet_sapho_N.txt,"veine ... Plus d' un mois qu' ils n' étaient sortis , bloqués par les pluies , les bourrasques de novembre .","NC ... plus de un NCT que il ne être PPAS , PPAS par le NC , le NC de NCmod ."
1652,Daudet/1884_Daudet_sapho_N.txt,"On ne s' amusait pas toujours à la campagne ; autant vivre dans l' arche avec les bestiaux de Noé ... Elle avait quelques recommandations à faire à la cuisine , à cause de les Hettéma qui venaient dîner ; et pendant qu ' l' attendait dehors , sur le Pavé de les Gardes , Jean regardait la petite maison réchauffée de cette lumière douce d' arrière-été , la rue de campagne à les larges dalles moussues , avec cet adieu de nos yeux , étreignant et doué de mémoire , à les endroits que nous allons quitter .","on ne se VIMP pas ADVTEMPS à le NC ; autant INF dans le NC avec le NCmod de NP ... il avoir quelque NCo à faire à le NC , à NC de le NP qui venir NCo ; et PHASE que ' le VIMP ADV , sur le NP de le NP , NP VCOG le ADJ NCo PPAS de ce NC ADJ de NCmod , le NC de NCmod à le ADJ NCmod ADJ , avec ce NC de DETPOSS NCCOR , ADJ et ADJ de NC , à le NC que nous aller INF ."
1653,Daudet/1884_Daudet_sapho_N.txt,"La fenêtre de la salle , grande ouverte , laissait échapper les vocalises de le loriot , alternant avec les ordres de Fanny à la femme de service : — Surtout n' oubliez pas , pour six heures et demie ... Vous servirez d' abord la pintade ... Ah !","le NCs de le NCmod , ADJ ADJ , laisser INF le NCo de le NCmod , PPRES avec le NC de NP à le NCmod de NCmod : — surtout ne VCOG pas , pour NUM NCT et NC ... vous VF de NC le NCo ... INTJ !"
1654,Daudet/1884_Daudet_sapho_N.txt,"que je vous donne de le linge ... Sa voix sonnait , claire , heureuse , parmi de les grésillements de cuisine et les petits cris de l' oiseau s' égosillant à le soleil .","que je vous PRES de le NC ... DETPOSS NCMAN VIMP , ADJ , ADJ , parmi de le NC de NCmod et le ADJ NC de le NCmod se VDIC à le NC ."
1655,Daudet/1884_Daudet_sapho_N.txt,"Et lui qui savait que leur ménage n' avait plus que deux heures à vivre , ces préparatifs de fête lui serraient le cœur .","et lui qui VCOG que lui NCs ne avoir plus que NUM NCT à INF , ce NCs de NCmod lui VIMP le NCo ."
1656,Daudet/1884_Daudet_sapho_N.txt,"eut envie de rentrer , de tout lui dire , là , d' un coup ; mais eut peur de ses cris , de la scène épouvantable que le voisinage entendrait , d' un scandale à ameuter le haut et le bas Chaville .","avoir NC de INF , de tout lui VDIC , ADVLIEU , de un NC ; mais avoir NCSENT de DETPOSS NCmod , de le NC ADJ que le NCs VCOND , de un NC à INF le NCo et le ADJ NP ."
1657,Daudet/1884_Daudet_sapho_N.txt,"savait que déchaînée , rien ne comptait plus pour elle , et s' en tint à son idée de la conduire en forêt .","VCOG que PPAS , rien ne VIMP plus pour il , et se en VPS à DETPOSS NC de le INF en NC ."
1658,Daudet/1884_Daudet_sapho_N.txt,"— Voilà ... j' y suis ... Légère , elle prit son bras , l' avertissant de parler bas et de marcher vite en passant devant chez leurs voisins , dans la crainte qu' Olympe voulût les accompagner et gêner leur bonne partie .","— voilà ... je y être ... NP , il VPS DETPOSS NCCOR , le PPRES de INF ADJ et de INF ADV en PPRES devoir chez DETPOSS NC , dans le NCSENT que NP vouloir le INF et VSENT lui ADJ NCo ."
1659,Daudet/1884_Daudet_sapho_N.txt,"Elle ne fut tranquille que le pavé franchi et la voûte de le chemin de fer , lorsqu' ils eurent tourné à gauche dans le bois .","il ne être ADJ que le NC ADJ et le NC de le NCmod de NCmod , lorsque il avoir PPAS à NC dans le NC ."
1660,Daudet/1884_Daudet_sapho_N.txt,"faisait un temps doux , rayonnant , un soleil tamisé d' une brume argentée et flottante , qui baignait toute l' atmosphère , s' accrochait à les taillis où quelques arbres , entre leurs feuilles dorées tenant encore , gardaient de les nids de pies , de les paquets de gui vert à de grandes hauteurs .","faire un temps ADJ , PPRES , un NCo PPAS de un NCmod ADJ et ADJ , qui VIMP tout le NCo , se VIMP à le NC où quelque NCs , entre DETPOSS NCmod ADJCOL PPRES encore , VIMP de le NC de NCmod , de le NC de NCmod ADJCOL à un ADJ NC ."
1661,Daudet/1884_Daudet_sapho_N.txt,"On entendait un cri d' oiseau , continu , en bruit de lime , et ces coups de bec sur le bois qui répondent à le bûcheron dans les coupes .","on VCOG un NCo de NCmod , ADJ , en NCmod de NCmod , et ce NC de NCmod sur le NCmod qui VDIC à le NC dans le NC ."
1662,Daudet/1884_Daudet_sapho_N.txt,"Ils allaient lentement , marquant leurs pas sur la terre amollie par les pluies de l' automne .","il aller ADV , PPRES DETPOSS pas sur le NC PPAS par le NC de le NCmod ."
1663,Daudet/1884_Daudet_sapho_N.txt,"Elle avait chaud d' être venue si vite , les joues allumées , les yeux brillants , s' arrêta pour enlever la grande mantille de blonde , un cadeau de Rosa , dont elle s' était garantie la tête en sortant , le reste fragile et coûteux de les splendeurs passées .","il avoir NCo de être venir si ADV , le NCCOR PPAS , le NCCOR ADJ , se VPS pour INF le ADJ NCo de NCmod , un NC de NP , dont il se être PPAS le NCCOR en PPRES , le NCo ADJ et ADJ de le NCmod PPAS ."
1664,Daudet/1884_Daudet_sapho_N.txt,"La robe qu' elle portait , une pauvre robe en soie noire , craquée sous les bras , à la taille , la lui connaissait depuis trois ans ; et quand elle la relevait , en passant devant lui , à cause de quelque flaque , voyait les talons de ses bottines qui se tournaient .","le NCs que il VIMP , un ADJ NC en NCmod ADJ , PPAS sous le NCCOR , à le NC , le lui VIMP depuis NUM NCT ; et quand il le VIMP , en PPRES ADVLIEU lui , à NC de quelque NCmod , VCOG le NCCOR de DETPOSS NCmod qui se VIMP ."
1665,Daudet/1884_Daudet_sapho_N.txt,"Comme elle avait pris gaiement cette demi-misère , sans regret ni plainte , occupée de lui , de son bien-être , jamais plus heureuse que lorsqu' elle le frôlait , les deux mains croisées sur son bras .","comme il avoir PPAS ADV ce NCo , sans NCSENT ni NC , PPAS de lui , de DETPOSS NCSENT , ADVTEMPS plus ADJ que lorsque il le VIMP , le NUM NCCOR PPAS sur DETPOSS NCCOR ."
1666,Daudet/1884_Daudet_sapho_N.txt,"Et Jean se demandait en la regardant toute rajeunie de ce renouveau de soleil et d' amour , quelle poussée de sève y avait dans une créature pareille , quelle merveilleuse faculté d' oubli et de pardon , pour garder tant de gaieté , d' insouciance , après une vie de passions , de traverses et de larmes , tout cela marqué sur son visage , mais s' effaçant à le moindre épanouissement de gaieté .","et NP se VIMP en le VCOG tout NCo de ce NCmod de NCmod et de NCSENT , quel NC de NCmod y avoir dans un NC ADJ , quel ADJ NCo de NP et de NC , pour INF tant de NCSENT , de NCSENT , PHASE un NC de NCSENT , de travers et de NC , tout cela PPAS sur DETPOSS NCCOR , mais se PPRES à le ADJ NCSENT de NCSENT ."
1667,Daudet/1884_Daudet_sapho_N.txt,"— C' est un cèpe , je te dis que c' est un cèpe ... Elle entrait sous bois , enfonçait jusqu' à les genoux dans les feuilles mortes , revenait toute décoiffée et fripée par les ronces , et lui montrait ce petit réseau sur le pied de le champignon qui distingue le vrai cèpe de le faux : — Tu vois , a le tulle !","— ce être un NC , je me VDIC que ce être un NC ... il VIMP sous NC , VIMP jusque à le NCCOR dans le NC ADJ , VIMP tout NCo et PPAS par le NC , et lui VCOND ce ADJ NCo sur le NCCOR de le NCmod qui VCOG le vrai NCo de le NCmod : — je ADV , avoir le NCo !"
1668,Daudet/1884_Daudet_sapho_N.txt,... Et elle triomphait .,... et il VIMP .
1669,Daudet/1884_Daudet_sapho_N.txt,"Lui n' écoutait pas , distrait , s' interrogeant : — Est -ce le moment ?","il ne VCOG pas , ADJ , se VDIC : — être ce le NCo ?"
1670,Daudet/1884_Daudet_sapho_N.txt,... Faut - ?,... PRES - ?
1671,Daudet/1884_Daudet_sapho_N.txt,"... Mais le courage lui manquait , elle riait trop , ou l' endroit n' était pas favorable ; et l' entraînait toujours plus loin , comme un assassin qui médite son coup .","... mais le NCs lui VIMP , il VIMP trop , ou le NCs ne être pas ADJ ; et le VIMP ADVTEMPS plus ADVLIEU , comme un NC qui PRES DETPOSS NCo ."
1672,Daudet/1884_Daudet_sapho_N.txt,"allait se décider , quand à le tournant d' une allée , quelqu'un apparut et les dérangea , le garde de ce peuplement , Hochecorne , qu' ils rencontraient quelquefois .","aller se INF , quand à le NC de un NCmod , quelqu'un VPS et le VPS , le NC de ce NCmod , NP , que il VIMP ADVTEMPS ."
1673,Daudet/1884_Daudet_sapho_N.txt,"Pauvre diable qui avait successivement perdu , dans la petite maison forestière que l' état lui allouait à le bord de l' étang , deux enfants , puis sa femme , et toujours de les mêmes fièvres pernicieuses .","NC ADJ qui avoir ADV PPAS , dans le ADJ NC ADJ que le NCs lui VIMP à le NC de le NCmod , NUM NC , puis DETPOSS NC , et ADVTEMPS de le même VSENT ADJ ."
1674,Daudet/1884_Daudet_sapho_N.txt,"Dès le premier décès , le médecin déclarait le logement insalubre , trop près de l' eau et de ses émanations ; et malgré les certificats , les apostilles , on l' avait laissé là deux ans , trois ans , le temps de voir mourir tous les siens , à l' exception d' une petite fille avec qui venait enfin de s' installer dans un logis neuf à l' entrée de le bois .","dès le ADJ NC , le NCs VIMP le NCo ADJ , trop ADVLIEU de le NC et de DETPOSS NC ; et malgré le NC , le NC , on le avoir laisser ADVLIEU NUM NCT , NUM NCT , le temps de VCOG INF tout le NCo , à le NCmod de un ADJ NCmod avec qui venir PHASE de se INF dans un NC ADJ à le NC de le NCmod ."
1675,Daudet/1884_Daudet_sapho_N.txt,"Hochecorne , face de Breton têtu , à les yeux clairs et courageux , à le front fuyant sous sa casquette d' uniforme , vrai type de fidélité , de superstition à toutes les consignes , avait la bricole de son fusil sur une épaule , sur l' autre la tête endormie de son enfant , qu ' portait .","NP , NC de NP têil , à le NCCOR ADJ et ADJ , à le NCCOR PPRES sous DETPOSS NC de NCmod , vrai NC de NCmod , de NCmod à tout le NCmod , avoir le NCo de DETPOSS NCmod sur un NCCOR , sur le autre le NCCOR ADJ de DETPOSS NCmod , que ' VIMP ."
1676,Daudet/1884_Daudet_sapho_N.txt,— Comment va -t -elle ?,— comment aller t il ?
1677,Daudet/1884_Daudet_sapho_N.txt,"demanda Fanny souriant à cette fillette de quatre ans , pâlie et diminuée par la fièvre , qui s' éveillait , ouvrait de grands yeux cerclés de rose .","VPS NP PPRES à ce NC de NUM NCT , PPAS et PPAS par le VSENT , qui se VIMP , VIMP un ADJ NCCOR PPAS de ADJCOL ."
1678,Daudet/1884_Daudet_sapho_N.txt,"Le garde soupira : — Pas bien ... J' ai beau la mener partout avec moi ... voilà qu' elle ne mange plus , qu' elle n' a de goût à rien ; faut croire que c' était trop tard quand on a changé d' air et qu' elle a déjà pris le mal ... Elle est si légère , voyez , madame , on dirait une feuille ... Un de ces jours elle va fiche le camp comme les autres ... Bon Dieu !","le NCs VF : — pas bien ... je avoir PPAS le INF ADV avec soi ... voilà que il ne PRES plus , que il ne avoir un NCo à rien ; PRES VCOG que ce être trop tard quand on avoir PPAS de NCMAN et que il avoir déjà PPAS le mal ... il être si ADJ , IMP , madame , on VDIC un NCo ... un de ce NCT il aller NCo le NCo comme le autre ... NP NP !"
1679,Daudet/1884_Daudet_sapho_N.txt,... Ce « bon Dieu !,"... ce "" ADJ NP !"
1680,Daudet/1884_Daudet_sapho_N.txt,"» tout bas , dans la moustache , c' était toute sa révolte contre la cruauté de les bureaux et de les paperassiers .",""" tout ADJ , dans le NCCOR , ce être tout DETPOSS NCSENT contre le NCmod de le NCmod et de le NC ."
1681,Daudet/1884_Daudet_sapho_N.txt,"— Elle tremble , on dirait qu' elle a froid .","— il PRES , on VDIC que il avoir NCo ."
1682,Daudet/1884_Daudet_sapho_N.txt,"« C' est la fièvre , madame .",""" ce être le VSENT , madame ."
1683,Daudet/1884_Daudet_sapho_N.txt,"— Attendez , nous allons la réchauffer ... Elle prit la mantille qui pendait sur son bras , en entoura la petite : — Si , si , laissez donc ... ce sera son voile de mariée , plus tard ... Le père eut un sourire navré , et remuant la menotte de l' enfant qui se rendormait , blême dans tout ce blanc comme une petite morte , lui faisait dire merci à la dame , puis s' éloignait avec un « bon Dieu !","— NP , nous aller le INF ... il VPS le NCo qui VIMP sur DETPOSS NCCOR , en VPS le ADJ : — si , si , laisser donc ... ce être DETPOSS NC de NCmod , plus tard ... le NCs avoir un NCMAN ADJ , et PPRES le NCo de le NCmod qui se VIMP , ADV dans tout ce ADJCOL comme un ADJ NC , lui faire VDIC NC à le NC , puis se VIMP avec un "" ADJ NP !"
1684,Daudet/1884_Daudet_sapho_N.txt,» perdu dans le craquement de les branches sous ses pieds .,""" PPAS dans le NC de le NCmod sous DETPOSS NCCOR ."
1685,Daudet/1884_Daudet_sapho_N.txt,"Fanny n' était plus gaie , serrée contre lui de toute cette tendresse craintive de la femme que son émotion , tristesse ou joie , rapproche de celui qu' elle aime .","NP ne être plus ADJ , PPAS contre lui de tout ce NCSENT ADJ de le NCmod que DETPOSS NCSENT , NCSENT ou NCSENT , PRES de celui que il VSENT ."
1686,Daudet/1884_Daudet_sapho_N.txt,"Jean se disait : « Quelle bonne fille ... » , mais sans faiblir dans ses décisions , s' y affermissant à le contraire , car sur la pente de l' allée où ils entraient se levait l' image d' Irène , le souvenir de le rayonnant sourire rencontré là et qui l' avait pris tout de suite , avant même qu ' en connût le charme profond , la source intime de douceur intelligente .","NP se VDIC : "" quel ADJ NC ... "" , mais sans INF dans DETPOSS NC , se y PPRES à le NC , car sur le NC de le NCmod où il VIMP se VIMP le NCo de NP , le NC de le ADJ NCMAN PPAS ADVLIEU et qui le avoir PPAS tout de NC , PHASE même que ' en NC le NCmod ADJ , le NC ADJ de NCmod ADJ ."
1687,Daudet/1884_Daudet_sapho_N.txt,"songea qu ' avait attendu jusqu' à le dernier moment , que c' était aujourd'hui jeudi ... « Allons , le faut ... » et visant un rond-point à quelque distance , se le donna comme dernière limite .","VPS que ' avoir PPAS jusque à le ADJ NC , que ce être ADVT ADVT ... "" NP , le NCs ... "" et PPRES un NCo à quelque NCmod , se le VPS comme ADJ NC ."
1688,Daudet/1884_Daudet_sapho_N.txt,"Une éclaircie dans une coupe de bois , de les arbres couchés à le milieu de copeaux , de sanglants débris d' écorce , et de les fagots , de les trous de charbonnage ... Un peu plus bas on voyait l' étang d' où montait une buée blanche , et sur le bord la petite maison abandonnée , à le toit tombant , à les fenêtres cassées , ouvertes , le lazaret de les Hochecorne .","un NC dans un NCmod de NCmod , de le NC PPAS à le milieu de NCmod , de ADJ NC de NCmod , et de le NC , de le NC de NCmod ... un peu plus ADJ on VCOG le NCo de où VIMP un NCs ADJCOL , et sur le NC le ADJ NC PPAS , à le NCmod PPRES , à le NCmod PPAS , PPAS , le NC de le NP ."
1689,Daudet/1884_Daudet_sapho_N.txt,"Après , les bois remontaient vers Vélizy , un grand coteau de toisons rousses , de haute futaie serrée et triste ... s' arrêta brusquement : — Si l' on se reposait un peu ?","PHASE , le NCs VIMP vers NP , un ADJ NC de NCmod ADJ , de ADJ NCmod ADJ et ADJ ... se VPS ADV : — si l' on se VIMP un peu ?"
1690,Daudet/1884_Daudet_sapho_N.txt,"Ils s' assirent sur une longue charpente jetée à terre , un ancien chêne dont se comptaient les branches à les blessures de la hache .","il se PRES sur un ADJ NC PPAS à NC , un ADJ NC dont se VIMP le NCs à le NCSENT de le NCmod ."
1691,Daudet/1884_Daudet_sapho_N.txt,"L' endroit était tiède , égayé d' une pâle réverbération lumineuse , et d' un parfum de violettes perdues .","le NCs être ADJ , VSENT de un ADJ NC ADJ , et de un NC de NCmod ADJ ."
1692,Daudet/1884_Daudet_sapho_N.txt,— Comme fait bon !,— comme NC ADJ !
1693,Daudet/1884_Daudet_sapho_N.txt,"... dit -elle , alanguie sur son épaule et cherchant la place d' un baiser dans son cou .","... VDIC il , PPAS sur DETPOSS NCCOR et PPRES le NCo de un NCmod dans DETPOSS NCCOR ."
1694,Daudet/1884_Daudet_sapho_N.txt,"se recula un peu , lui prit la main .","se VPS un peu , lui VPS le NCCOR ."
1695,Daudet/1884_Daudet_sapho_N.txt,"Alors , devant l' expression subitement durcie de son visage , elle s' effraya : — Quoi donc ?","alors , ADVLIEU le NC ADV PPAS de DETPOSS NCCOR , il se VSENT : — quoi donc ?"
1696,Daudet/1884_Daudet_sapho_N.txt,Qu' y a -t - ?,que y avoir t - ?
1697,Daudet/1884_Daudet_sapho_N.txt,"— Une mauvaise nouvelle , ma pauvre amie ... Hédouin , tu sais , celui qui est parti à ma place ... parlait péniblement , avec une voix rauque dont le son l' étonnait lui-même , mais qui se raffermissait vers la fin de l' histoire préparée d' avance ... Hédouin tombé malade en arrivant à son poste , et lui , désigné d' office pour aller le remplacer .","— un ADJ NC , DETPOSS ADJ NC ... NP , je VCOG , celui qui être PPAS à DETPOSS NC ... VIMP ADV , avec un NCMAN ADJ dont le NCs le VSENT soi-même , mais qui se VIMP vers le NC de le NCmod PPAS de NC ... NP PPAS ADJ en PPRES à DETPOSS NC , et lui , PPAS de NC pour aller le INF ."
1698,Daudet/1884_Daudet_sapho_N.txt,"avait trouvé cela plus facile à dire , moins cruel que la vérité .","avoir PPAS cela plus ADJ à VDIC , moins ADJ que le NC ."
1699,Daudet/1884_Daudet_sapho_N.txt,"Elle l' écouta jusqu' à le bout sans l' interrompre , la face d' une pâleur grise , l' œil fixe .","il le VCOG jusque à le NC sans le INF , le NC de un NCmod ADJ , le NC ADJ ."
1700,Daudet/1884_Daudet_sapho_N.txt,— Quand pars -tu ?,— quand NCs tu ?
1701,Daudet/1884_Daudet_sapho_N.txt,"demanda -t -elle , en retirant sa main .","VPS t il , en PPRES DETPOSS NCCOR ."
1702,Daudet/1884_Daudet_sapho_N.txt,"— Mais ce soir ... cette nuit ... Et la voix fausse et dolente , ajouta : — Je compte passer vingt-quatre heures à Castelet , puis m' embarquer à Marseille ... — Assez , ne mens plus , cria -t -elle dans une explosion farouche qui la mit debout , ne mens plus , tu ne sais pas !","— mais ce NCT ... ce NCT ... et le NCMAN ADJ et ADJ , ajouta : — je PRES INF NUM NCT à NP , puis le INF à NP ... — ADV , ne ADJ plus , VDIC t il dans un NC ADJ qui le mettre ADV , ne ADJ plus , je ne VCOG pas !"
1703,Daudet/1884_Daudet_sapho_N.txt,"... Le vrai , c' est que tu te maries ... y a assez longtemps que ta famille te travaille ... Ils ont tellement peur que je te retienne , que je t' empêche d' aller chercher le typhus ou la fièvre jaune ... Enfin les voilà satisfaits ... La demoiselle à ton goût , faut croire ... Et quand je pense à les nœuds de cravate que je te faisais , le jeudi !","... le vrai , ce être que je me PPAS ... y avoir ADV longtemps que ta NCs me PRES ... il avoir ADVINT NCSENT que je me VSUBP , que je lui PRES de aller INF le NCo ou le VSENT ADJCOL ... ADV le ADV ADJ ... le NC à DETPOSS NCmod , PRES VCOG ... et quand je VCOG à le NC de NCmod que je me faire , le ADVT !"
1704,Daudet/1884_Daudet_sapho_N.txt,"... Étais -je assez bête , hein ?","... être je ADV ADJ , NC ?"
1705,Daudet/1884_Daudet_sapho_N.txt,"Elle riait d' un rire douloureux , atroce , qui tordait sa bouche , montrait l' écart que faisait sur le côté la cassure toute récente sans doute , car ne l' avait pas vue encore , d' une de ses belles dents nacrées dont elle était si fière ; et cela , cette dent manquante dans cette figure terreuse , creusée , bouleversée , fit à Gaussin une peine horrible .","il VIMP de un NCMAN ADJ , NC , qui VIMP DETPOSS NCCOR , VIMP le NCo que faire sur le NC le NC tout ADJ sans NCSENT , car ne le avoir pas PPAS encore , de un de DETPOSS ADJ NCCOR ADJ dont il être si ADJ ; et cela , ce NCCOR ADJ dans ce NCCOR ADJ , PPAS , VSENT , faire à NP un NCSENT ADJ ."
1706,Daudet/1884_Daudet_sapho_N.txt,"— Écoute-moi , dit - la reprenant , l' asseyant de force contre lui ... Eh bien , oui , je me marie ... Mon père y tenait , tu sais bien ; mais qu' est -ce que cela peut te faire puisque je dois partir ?","— NP , VDIC - le PPRES , le NC de NCSENT contre lui ... INTJ bien , oui , je me PRES ... DETPOSS NCs y VIMP , je PRES bien ; mais que être ce que cela pouvoir me faire puisque je devoir INF ?"
1707,Daudet/1884_Daudet_sapho_N.txt,"... Elle se dégagea , voulant garder sa colère : — Et c' est pour m' apprendre ça , que tu m' as fait faire une lieue à travers bois ... Tu t' es dit : À le moins on ne l' entendra pas , si elle crie ... Non , tu vois ... pas un éclat , pas une larme .","... il se VPS , vouloir INF DETPOSS NCSENT : — et ce être pour lui VCOG ça , que je le avoir faire faire un NCo à travers NCmod ... je lui être VDIC : À le moins on ne le VCOG pas , si il VDIC ... non , je ADV ... pas un NC , pas un NC ."
1708,Daudet/1884_Daudet_sapho_N.txt,"D' abord , j' en ai plein le dos de le joli garçon que tu es ... tu peux t' en aller , ce n' est pas moi qui te ferai revenir ... Sauve -toi donc dans les Îles avec ta femme , ta petite , comme on dit chez toi ... Elle doit être propre , la petite ... laide comme un gorille , ou alors enceinte à pleine ceinture ... car tu es aussi jobard que ceux qui te l' ont choisie .","de NC , je en avoir ADJ le NCCOR de le ADJ NCmod que je être ... je pouvoir lui en aller , ce ne être pas soi qui me faire INF ... NP soi donc dans le NCmod avec ter NC , NC ADJ , comme on VDIC chez soi ... il devoir être ADJ , le ADJ ... PRES comme un NC , ou alors ADJ à ADJ NC ... car je être aussi ADV que celui qui me le avoir PPAS ."
1709,Daudet/1884_Daudet_sapho_N.txt,"Elle ne se retenait plus , lancée dans un débordement d' injures , d' infamies , jusqu' à ne pouvoir bégayer à la fin que de les mots « lâche ... menteur ... lâche ... » sous son nez , en provocation , comme on montre le poing .","il ne se VIMP plus , PPAS dans un NC de NCmod , de NCmod , jusque à ne pouvoir VDIC à le NC que de le NC "" NC ... NC ... NC ... "" sous DETPOSS NCCOR , en NCmod , comme on PRES le NCo ."
1710,Daudet/1884_Daudet_sapho_N.txt,"C' était à le tour de Jean de l' écouter sans rien dire , sans aucun effort pour l' arrêter .","ce être à le NC de NP de le VCOG sans rien VDIC , sans aucun NCmod pour le INF ."
1711,Daudet/1884_Daudet_sapho_N.txt,"l' aimait mieux ainsi , insultante , ignoble , la vraie fille de le père Legrand ; la séparation serait moins cruelle ... En eut -elle conscience ?","le VSENT mieux ainsi , ADJ , ADJ , le vrai NC de le NCmod NP ; le NCs être moins ADJ ... en avoir il NC ?"
1712,Daudet/1884_Daudet_sapho_N.txt,"Mais elle se tut tout à coup , tomba , la tête et le buste en avant , dans les genoux de son amant , avec un grand sanglot qui la secouait toute , et d' où sortait une plainte entrecoupée : — Pardon , grâce ... je t' aime , je n' ai que toi ... Mon amour , ma vie , ne fais pas ça ... ne me laisse pas ... qu' est -ce que tu veux que je devienne ?","mais il se PRES tout à NC , tomber , le NCCOR et le NCCOR en PHASE , dans le NCCOR de DETPOSS NCmod , avec un ADJ NC qui le VIMP tout , et de où VIMP un NCo PPAS : — NP , ADV ... je lui VSENT , je ne avoir que soi ... DETPOSS NCSENT , DETPOSS NC , ne faire pas ça ... ne me laisser pas ... que être ce que je vouloir que je devenir ?"
1713,Daudet/1884_Daudet_sapho_N.txt,L' émotion le gagnait ... Oh !,le NCSENT le VIMP ... NP !
1714,Daudet/1884_Daudet_sapho_N.txt,"voilà ce qu ' avait redouté ... Les larmes montaient d' elle à lui , et renversait la tête en arrière pour les garder dans ses yeux débordants , essayant de l' apaiser par de les mots bêtes , et toujours cet argument raisonnable : — Mais puisque je devais partir ... Elle se redressa avec ce cri qui dévoilait tout son espoir : — Eh !","voilà ce NCo ' avoir VSENT ... le NCs VIMP de il à lui , et VIMP le NCCOR en NCmod pour le INF dans DETPOSS NCCOR ADJ , PPRES de le VSENT par de le NC ADJ , et ADVTEMPS ce NC ADJ : — mais puisque je devoir INF ... il se VPS avec ce NC qui VIMP tout DETPOSS NCSENT : — INTJ !"
1715,Daudet/1884_Daudet_sapho_N.txt,tu ne serais pas parti .,je ne être pas PPAS .
1716,Daudet/1884_Daudet_sapho_N.txt,"Je t' aurais dit : Attends , laisse -toi aimer encore ... Crois -tu que cela se retrouve deux fois d' être aimé comme je t' aime ?","je lui avoir VDIC : NP , laisser soi VSENT encore ... VCOG il que cela se PRES NUM fois de être VSENT comme je lui VSENT ?"
1717,Daudet/1884_Daudet_sapho_N.txt,"... Tu as le temps de te marier , tu es si jeune ... moi , bientôt , je serai finie ... je ne pourrai plus , et alors nous nous quitterons naturellement .","... je avoir le temps de me INF , je être si ADJ ... soi , bientôt , je VF NCo ... je ne pouvoir plus , et alors nous nous VF ADVINT ."
1718,Daudet/1884_Daudet_sapho_N.txt,"voulut se lever ; eut ce courage , et de lui dire que tout ce qu' elle faisait était inutile ; mais s' accrochant à lui , se traînant agenouillée dans la boue restée à ce creux de vallon , elle le forçait à reprendre sa place , et devant lui , dans ses jambes , avec le souffle de ses lèvres , la voluptueuse étreinte de ses yeux , et de les caresses enfantines , les mains à plat sur cette figure qui se raidissait , les doigts dans ses cheveux , dans sa bouche , elle essayait de tisonner les cendres froides de leur amour , lui redisait tout bas les délices passés , les réveils sans force , l' enlacement anéanti de leurs après - de le dimanche .","vouloir se INF ; avoir ce NCo , et de lui VDIC que tout ce que il faire être ADJ ; mais se PPRES à lui , se PPRES PPAS dans le NC PPAS à ce NC de NCmod , il le VIMP à INF DETPOSS NCo , et ADVLIEU lui , dans DETPOSS NCCOR , avec le NC de DETPOSS NCCOR , le ADJ NC de DETPOSS NCCOR , et de le NC ADJ , le NCCOR à NCmod sur ce NCCOR qui se VIMP , le NCCOR dans DETPOSS NCCOR , dans DETPOSS NCCOR , il VIMP de INF le NCo ADJ de lui NCSENT , lui VIMP tout ADJ le NC PPAS , le NC sans NCSENT , le NC PPAS de DETPOSS PHASE - de le ADVT ."
1719,Daudet/1884_Daudet_sapho_N.txt,"Tout cela n' était rien auprès de ce qu' elle lui donnerait encore ; elle savait d' autres baisers , d' autres ivresses , elle en inventerait pour lui ... Et pendant qu' elle lui chuchotait de ces mots comme les hommes en entendent à la porte de les bouges , elle avait de grosses larmes ruisselant sur une expression d' agonie et de terreur , se débattait , criait d' une voix de rêve : — Oh !","tout cela ne être ADV ADV de ce que il lui VCOND encore ; il VCOG un autre NCo , un autre NCSENT , il en VCOND pour lui ... et PHASE que il lui VDIC de ce NC comme le NC en VCOG à le NC de le NCmod , il avoir un ADJ NCo PPRES sur un NC de NCmod et de NCSENT , se VIMP , VDIC de un NCMAN de NCmod : — INTJ !"
1720,Daudet/1884_Daudet_sapho_N.txt,"que ça ne soit pas ... dis que ce n' est pas vrai que tu me quittes ... Et de les sanglots encore , de les gémissements , de les appels à le secours , comme si elle lui voyait un couteau dans les mains .","que ça ne être pas ... VDIC que ce ne être pas vrai que je me PPAS ... et de le NC encore , de le NC , de le NC à le NCmod , comme si il lui VCOG un NCo dans le NCCOR ."
1721,Daudet/1884_Daudet_sapho_N.txt,Le bourreau n' était guère plus vaillant que la victime .,le NCs ne être guère plus ADJ que le NC .
1722,Daudet/1884_Daudet_sapho_N.txt,"Sa colère , ne la craignait pas plus que ses caresses ; mais restait sans défense contre ce désespoir , cette bramée qui remplissait le bois , allait s' éteindre sur l' eau morte et fiévreuse où descendait un triste soleil rouge ... pensait bien souffrir , mais pas à cette acuité ; et lui fallait tout l' éblouissement de le nouvel amour pour résister à la relever de les deux mains , lui dire : — Je reste , tais -toi , je reste ... Depuis combien de temps s' épuisaient -ils ainsi tous deux ?","DETPOSS NCSENT , ne le VIMP pas plus que DETPOSS NCo ; mais VIMP sans NC contre ce NCSENT , ce NC qui VIMP le NCo , aller se INF sur le NC ADJ et ADJ où VIMP un ADJ NCs ADJCOL ... VCOG bien VSENT , mais pas à ce NCSENT ; et lui VIMP tout le NCo de le ADJ NCSENT pour INF à le INF de le NUM NCCOR , lui VDIC : — je PRES , NC -toi , je PRES ... depuis combien de temps se VIMP il ainsi tout NUM ?"
1723,Daudet/1884_Daudet_sapho_N.txt,"... Le soleil n' était plus qu' une barre toujours plus étroite à le couchant ; l' étang se teignait d' un gris d' ardoise , et l' on eût dit que sa vapeur malsaine envahissait la lande et le bois , les coteaux en face .","... le NCs ne être plus que un NC ADVTEMPS plus ADJ à le NCmod ; le NCs se VIMP de un ADJCOL de NCmod , et l' on avoir VDIC que DETPOSS NCs ADJ VIMP le NCo et le NC , le NC en NCmod ."
1724,Daudet/1884_Daudet_sapho_N.txt,"Dans l' ombre qui les gagnait , ne voyait plus que cette figure pâle , levée vers lui , cette bouche ouverte , clamant d' une intarissable plainte .","dans le NC qui le VIMP , ne VCOG plus que ce NCCOR ADJ , PPAS vers lui , ce NCCOR PPAS , PPRES de un ADJ NC ."
1725,Daudet/1884_Daudet_sapho_N.txt,"Un peu après , la nuit venue , les cris s' apaisèrent .","un peu PHASE , le NCT venir , le NCs se VSENT ."
1726,Daudet/1884_Daudet_sapho_N.txt,"Maintenant , c' était un bruit de larmes à flots , sans fin , une de ces longues pluies installées sur le grand fracas de l' orage , et de temps en temps un « Oh !","ADVT , ce être un NC de NCmod à NCmod , sans NCmod , un de ce ADJ NCmod PPAS sur le ADJ NC de le NCmod , et de temps en temps un "" NP !"
1727,Daudet/1884_Daudet_sapho_N.txt,... » profond et sourd comme devant quelque chose d' horrible qu' elle chassait et revoyait toujours .,"... "" ADJ et PRES comme ADVLIEU quelque chose de NCmod que il VIMP et VCOG ADVTEMPS ."
1728,Daudet/1884_Daudet_sapho_N.txt,"Puis , plus rien .","puis , plus rien ."
1729,Daudet/1884_Daudet_sapho_N.txt,"C' est fini , la bête est morte ... Une bise froide se lève , froisse les branches , apportant l' écho d' une heure lointaine .","ce être VASP , le NCs être ADJ ... un NCs ADJ se PRES , VSENT le NCo , PPRES le NCo de un NCT ADJ ."
1730,Daudet/1884_Daudet_sapho_N.txt,"— Allons , viens , ne reste pas là .","— NP , ADJ , ne PRES pas ADVLIEU ."
1731,Daudet/1884_Daudet_sapho_N.txt,"la soulève doucement , la sent molle dans ses mains , obéissante comme un enfant et convulsionnée de gros soupirs .","le NCs ADVMAN , le sentir ADJ dans DETPOSS NCCOR , PRES comme un NC et PPAS de ADJ NC ."
1732,Daudet/1884_Daudet_sapho_N.txt,"semble qu' elle garde une peur , un respect de l' homme qui vient de se montrer si fort .","sembler que il PRES un NCSENT , un NC de le NCmod qui venir de se INF si fort ."
1733,Daudet/1884_Daudet_sapho_N.txt,"Elle marche à côté de lui , de son pas , mais timidement , sans lui donner le bras ; et à les voir ainsi , chancelants et mornes , par les allées où les guide le reflet jaune de le terrain , on dirait un couple de paysans , qui rentre harassé d' une longue fatigue en plein air .","il PRES à NC de lui , de DETPOSS pas , mais ADVMAN , sans lui INF le NCCOR ; et à le VCOG ainsi , NC et NC , par le NC où le PRES le NCo ADJCOL de le NCmod , on VDIC un NCo de NCmod , qui PRES ADJ de un ADJ NCSENT en ADJ NCMAN ."
1734,Daudet/1884_Daudet_sapho_N.txt,"À la lisière , une lueur apparaît , la porte ouverte d' Hochecorne , éclairant la silhouette arrêtée de deux hommes : — Est -ce vous , Gaussin ?","à le NC , un NCs PRES , le NCo ADJ de NP , PPRES le NCo PPAS de NUM NC : — être ce vous , NP ?"
1735,Daudet/1884_Daudet_sapho_N.txt,demande la voix d' Hettéma qui s' approche avec le garde .,PRES le NCMAN de NP qui se PRES avec le NC .
1736,Daudet/1884_Daudet_sapho_N.txt,"Ils commençaient à être inquiets de ne pas les voir revenir , et de ces gémissements qu' on entendait à travers bois .","il VIMP à être ADJ de ne pas le VCOG INF , et de ce NC que on VCOG à travers NC ."
1737,Daudet/1884_Daudet_sapho_N.txt,"Hochecorne allait prendre son fusil , se mettre à leur recherche ... — Bonsoir , monsieur , madame ... c' est la petite qui est contente de son châle ... A fallu que je la couche , avec ... Leur dernière action en commun , cette charité de tout à l' heure , leurs mains une dernière fois liées autour de ce petit corps moribond .","NP aller INF DETPOSS NCo , se mettre à lui NC ... — NP , monsieur , madame ... ce être le ADJ qui être ADJ de DETPOSS NC ... avoir PPAS que je le NC , avec ... DETPOSS ADJ NC en ADJ , ce NC de tout à le NCT , DETPOSS NCCOR un ADJ fois PPAS ADV de ce ADJ NCCOR ADJ ."
1738,Daudet/1884_Daudet_sapho_N.txt,"— Adieu , adieu , père Hochecorne .","— NP , NC , NC NP ."
1739,Daudet/1884_Daudet_sapho_N.txt,"Et ils se hâtent tous trois vers la maison , Hettéma toujours très intrigué de ces clameurs qui remplissaient le bois .","et il se PRES tout NUM vers le NC , NP ADVTEMPS très PPAS de ce NC qui VIMP le NCo ."
1740,Daudet/1884_Daudet_sapho_N.txt,"— Ça montait , descendait , on aurait dit une bête qu' on égorge ... Mais comment n' avez-vous rien entendu ?","— ça VIMP , VIMP , on avoir VDIC un NCo que on PRES ... mais comment ne avez-le rien VCOG ?"
1741,Daudet/1884_Daudet_sapho_N.txt,Ni l' un ni l' autre ne répondent .,Ni le un ni le autre ne VDIC .
1742,Daudet/1884_Daudet_sapho_N.txt,"À le coin de le Pavé de les Gardes , Jean hésite .","à le NC de le NP de le NP , NP PRES ."
1743,Daudet/1884_Daudet_sapho_N.txt,"— Reste dîner ... lui dit -elle tout bas , suppliante ... Ton train est passé ... tu prendras celui de neuf heures .","— ADJ NCs ... lui VDIC il tout ADJ , ADJ ... DETPOSS NCspas être PPAS ... je ADJ celui de NUM NCT ."
1744,Daudet/1884_Daudet_sapho_N.txt,rentre avec eux .,PRES avec eux .
1745,Daudet/1884_Daudet_sapho_N.txt,Que peut- craindre ?,que ADV VSENT ?
1746,Daudet/1884_Daudet_sapho_N.txt,"On ne recommence pas deux fois une scène pareille , et c' est bien le moins qu ' lui donne cette petite consolation .","on ne PRES pas NUM fois un NCo ADJ , et ce être bien le moins ADJ ' lui PRES ce ADJ NCSENT ."
1747,Daudet/1884_Daudet_sapho_N.txt,"La salle est chaude , la lampe éclaire bien , et le bruit de leurs pas dans la traverse a prévenu la servante , qui apporte la soupe sur la table .","le NCs être ADJ , le NC ADJ bien , et le NCs de DETPOSS pas dans le NCmod avoir PPAS le NCo , qui PRES le NCo sur le NCmod ."
1748,Daudet/1884_Daudet_sapho_N.txt,"« Enfin , vous voilà !",""" PHASE , vous voilà !"
1749,Daudet/1884_Daudet_sapho_N.txt,"... » dit Olympe déjà installée , la serviette remontée sous ses bras courts .","... "" VDIC NP déjà PPAS , le NC VSENT sous DETPOSS NCCOR ADJ ."
1750,Daudet/1884_Daudet_sapho_N.txt,"Elle découvre la soupière et s' arrête tout à coup avec un cri : — Mon Dieu , ma chère !","il VCOG le NCo et se PRES tout à NC avec un NC : — NP NP , DETPOSS NC !"
1751,Daudet/1884_Daudet_sapho_N.txt,"... Hâve , de ans plus vieille , les paupières gonflées et sanglantes , de la boue sur sa robe , jusque dans ses cheveux , le désordre effaré d' une pierreuse qui sort d' une chasse de police , c' est Fanny .","... NP , de NCT plus ADJ , le NCCOR ADJ et ADJ , de le NCmod sur DETPOSS NCmod , jusque dans DETPOSS NCCOR , le NC VSENT de un NC qui PRES de un NC de NCmod , ce être NP ."
1752,Daudet/1884_Daudet_sapho_N.txt,"Elle respire un moment , ses pauvres yeux brûlés clignotent à la lumière , et peu à peu la chaleur de la petite maison , cette table gaiement servie , provoquent le souvenir de les bons jours , un nouveau rappel de larmes où se distinguent ces mots : — me quitte ... se marie .","il PRES un NCo , DETPOSS ADJ NCCOR VSENT PRES à le NC , et peu à peu le NC de le ADJ NCmod , ce NC ADV PPAS , PRES le NCo de le ADJ NCT , un ADJ NC de NCmod où se VCOG ce NCs : — me PRES ... se PRES ."
1753,Daudet/1884_Daudet_sapho_N.txt,"Hettéma , sa femme , la paysanne qui les sert se regardent , regardent Gaussin .","NP , DETPOSS NC , le ADJ qui le PRES se VCOG , VCOG NP ."
1754,Daudet/1884_Daudet_sapho_N.txt,"« Enfin , dînons toujours » , dit le gros homme qu' on sent furieux ; et le bruit de les cuillerées voraces se mêle à un ruissellement d' eau dans la chambre voisine , où Fanny est en train d' éponger son visage .",""" PHASE , IMP ADVTEMPS "" , VDIC le ADJ NCs que on sentir ADJ ; et le NCs de le ADJ NCmod se PRES à un NC de NCmod dans le NC ADJ , où NP être en NC de INF DETPOSS NCCOR ."
1755,Daudet/1884_Daudet_sapho_N.txt,"Quand elle revient toute bleuie de poudre , en blanc peignoir de laine , les Hettéma l' épient avec angoisse , s' attendant à quelque nouvelle explosion , et sont très étonnés de la voir , sans un mot , se jeter sur les plats gloutonnement , comme un naufragé , combler le creusement de son chagrin et le gouffre de ses cris de tout ce qu' elle trouve à portée , le pain , les choux , une aile de pintade , de les pommes .","quand il PRES tout NCo de NCmod , en ADJCOL NC de NCmod , le NP le PRES avec NCSENT , se PPRES à quelque ADJ NC , et être très VSENT de le VCOG , sans un NC , se INF sur le NC ADVMAN , comme un NC , VSENT le NCo de DETPOSS NCSENT et le NC de DETPOSS NCmod de tout ce que il PRES à NC , le NC , le NC , un NC de NCmod , de le NC ."
1756,Daudet/1884_Daudet_sapho_N.txt,"Elle mange , elle mange ... On cause d' abord d' un air contraint , puis plus librement , et comme avec les Hettéma ce n' est que de choses bien plates et matérielles , la façon d' accommoder les crêpes à les confitures , ou si le crin vaut mieux que la plume pour dormir , on arrive sans encombre à le café , que le gros ménage agrémente d' un petit caramel savouré lentement , les coudes sur la table .","il PRES , il PRES ... on PRES de NC de un NCMAN ADJ , puis plus ADVMAN , et comme avec le NP ce ne être que de chose bien ADJ et ADJ , le façon de INF le NCo à le NCmod , ou si le NCs PRES mieux que le NC pour INF , on PRES sans NC à le NC , que le ADJ NCs PRES de un ADJ NC PPAS ADV , le NCCOR sur le NCmod ."
1757,Daudet/1884_Daudet_sapho_N.txt,C' est plaisir de voir le bon regard confiant et tranquille qu' échangent ces lourds compagnons de crèche et de litière .,ce être NCSENT de VCOG le ADJ NCMAN ADJ et ADJ que PRES ce ADJ NCs de NCmod et de NC .
1758,Daudet/1884_Daudet_sapho_N.txt,"Ils n' ont pas envie de se quitter , ceux-là .","il ne avoir pas NCo de se INF , ceux-là ."
1759,Daudet/1884_Daudet_sapho_N.txt,"Jean surprend ce regard et , dans l' intimité de la salle pleine de souvenirs , d' habitudes tapies à tous les coins , une torpeur de fatigue , de digestion , de bien-être l' envahit .","NP VSENT ce NCMAN et , dans le NCmod de le NCmod ADJ de NCmod , de NC ADJ à tout le NCmod , un NC de NCSENT , de NC , de NCSENT le NC ."
1760,Daudet/1884_Daudet_sapho_N.txt,"Fanny qui le surveille a rapproché doucement sa chaise , coulé ses jambes , glissé son bras sous le sien .","NP qui le NCs avoir PPAS ADVMAN DETPOSS NCo , PPAS DETPOSS NCCOR , PPAS DETPOSS NCCOR sous le sien ."
1761,Daudet/1884_Daudet_sapho_N.txt,"— Écoute , dit- brusquement ... Neuf heures ... vite , adieu ... Je t' écrirai .","— NC , ADV ADV ... NUM NCT ... ADV , NC ... je le VF ."
1762,Daudet/1884_Daudet_sapho_N.txt,"est debout , dehors , la rue franchie , tâte dans l' ombre pour ouvrir la barrière de le passage .","être ADV , ADV , le NC ADJ , ADJ dans le NC pour INF le NCo de le NCmod ."
1763,Daudet/1884_Daudet_sapho_N.txt,"Deux bras l' étreignent à plein corps : — Embrasse-moi à le moins ... se sent pris sous le peignoir ouvert où elle est nue , pénétré de cette odeur , de cette chaleur de chair de femme , bouleversé de ce baiser d' adieu qui lui laisse dans la bouche un goût de fièvre et de larmes ; et elle , tout bas , le sentant faible : — Encore une nuit , plus qu' une ... Un signal sur la voie ... C' est le train !","NUM NCCOR le PRES à ADJ NCCOR : — NP à le moins ... se sentir PPAS sous le NC ADJ où il être ADJ , PPAS de ce NC , de ce NC de NCCOR de NCmod , NC de ce NCmod de NCmod qui lui laisser dans le NCCOR un NCo de VSENT et de NC ; et il , tout ADJ , le NC ADJ : — encore un NCT , plus que un ... un NC sur le NCmod ... ce être le NC !"
1764,Daudet/1884_Daudet_sapho_N.txt,"... Comment eut- la force de se dégager , de bondir jusqu' à la gare dont les fanaux luisaient à travers les branches défeuillées ?","... comment ADV le NCSENT de se INF , de INF jusque à le NC dont le NCs VIMP à travers le NC ADJ ?"
1765,Daudet/1884_Daudet_sapho_N.txt,"s' en étonnait encore , tout haletant dans un coin de wagon , guettant par la portière les fenêtres allumées de la maisonnette , une forme blanche contre la barrière ... — Adieu !","se en VSENT encore , tout PPRES dans un NC de NCmod , PPRES par le NC le NC PPAS de le NCmod , un NC ADJCOL contre le NCmod ... — NP !"
1766,Daudet/1884_Daudet_sapho_N.txt,adieu !,NC !
1767,Daudet/1884_Daudet_sapho_N.txt,"... Et ce cri rassurait la terreur silencieuse qu ' venait d' avoir à ce tournant de les rails , en apercevant sa maîtresse à la place occupée par son rêve de mort .","... et ce NCs VSENT le NCSENT ADJ que ' venir de avoir à ce NC de le NCmod , en PPRES DETPOSS NCo à le NC PPAS par DETPOSS NC de NCmod ."
1768,Daudet/1884_Daudet_sapho_N.txt,"La tête dehors , voyait fuir et diminuer et rouler dans le pelotonnement de les terrains leur petit pavillon , dont la lueur n' était plus qu' une étoile égarée .","le NCCOR ADV , VCOG INF et INF et INF dans le NC de le NCmod lui ADJ NCo , dont le NCs ne être plus que un NC PPAS ."
1769,Daudet/1884_Daudet_sapho_N.txt,"Tout à coup sentit une joie , un soulagement énormes .","tout à NC sentir un NCSENT , un NCSENT ADJ ."
1770,Daudet/1884_Daudet_sapho_N.txt,"Comme on respirait , que c' était beau toute cette vallée de Meudon et ces grands coteaux noirs dégageant à le loin un triangle étincelant d' innombrables lumières , égrenées vers la Seine en cordons réguliers !","comme on VCOND , que ce être ADJ tout ce NC de NP et ce ADJ NC ADJ PPRES à le ADVLIEU un NCo PPRES un ADJ NCo , PPAS vers le NP en NC ADJ !"
1771,Daudet/1884_Daudet_sapho_N.txt,"Irène l' attendait là , et allait à elle de toute la vitesse de le train , de tout son désir d' amoureux , de tout son élan vers l' honnête et jeune vie ... Paris !","NP le VIMP ADVLIEU , et aller à il de tout le NC de le NCmod , de tout DETPOSS NCSENT de NCmod , de tout DETPOSS NCmod vers le NCmod et ADJ NC ... NP !"
1772,Daudet/1884_Daudet_sapho_N.txt,... arrêtait une voiture pour se faire conduire place Vendôme .,... VIMP un NCo pour se faire INF NC NP .
1773,Daudet/1884_Daudet_sapho_N.txt,"Mais , sous le gaz , aperçut ses vêtements , ses souliers couverts de boue , une boue lourde , épaisse , tout son passé qui le tenait encore pesamment et salement .","mais , sous le NC , VPS DETPOSS NCo , DETPOSS NC ADJ de NCmod , un NC ADJ , NC , tout DETPOSS NC qui le VIMP encore ADVMAN et ADVMAN ."
1774,Daudet/1884_Daudet_sapho_N.txt,« Oh !,""" INTJ !"
1775,Daudet/1884_Daudet_sapho_N.txt,"non , pas ce soir ... » Et rentra à son ancien hôtel , rue Jacob , où le Fénat lui avait retenu une chambre près de la sienne .","non , pas ce NCT ... "" et VPS à DETPOSS ADJ NC , NCmod NP , où le NCs lui avoir PPAS un NCo ADVLIEU de le sien ."
1776,Daudet/1884_Daudet_sapho_N.txt,"Table de les matières Le lendemain , Césaire , qui s' était chargé de la commission délicate d' aller à Chaville reprendre les effets , les livres de son neveu , consommer la rupture par le déménagement , revint fort tard , alors que Gaussin commençait à se fatiguer de toutes sortes de suppositions folles ou sinistres .","ADJ de le NC le NCs , NP , qui se être PPAS de le NC ADJ de aller à NP INF le NCo , le NC de DETPOSS NCmod , INF le NCo par le NC , VPS fort tard , alors que NP VASP à se VSENT de tout sorte de NCmod ADJ ou ADJ ."
1777,Daudet/1884_Daudet_sapho_N.txt,"Enfin un fiacre à galerie , lourd comme un corbillard , tourna le coin de la rue Jacob , chargé de caisses ficelées et d' une énorme malle qu ' reconnut pour la sienne , et l' oncle rentra mystérieux et navré : — J' ai été long , pour ramasser le tout en une fois et n' être pas obligé d' y revenir ... Puis , montrant les colis que deux garçons rangeaient par la chambre : — le linge , les vêtements , là tes papiers , tes livres ... ne manque que tes lettres ; elle m' a supplié de les lui laisser encore pour les relire , avoir quelque chose de toi .","PHASE un NCs à NCmod , ADJ comme un NC , VPS le NCo de le NCmod NP , PPAS de NC ADJ et de un NC mal que ' VCOG pour le sienne , et le NCs VPS ADJ et ADJ : — je avoir être ADJ , pour INF le tout en un fois et ne être pas PPAS de y INF ... puis , PPRES le NCo que NUM NCmod VIMP par le NC : — le NCs , le NC , ADVLIEU DETPOSS NC , DETPOSS NC ... ne PRES que DETPOSS NCo ; il lui avoir PPAS de le lui laisser encore pour le INF , avoir quelque chose de soi ."
1778,Daudet/1884_Daudet_sapho_N.txt,"J' ai pensé que ça n' offrait pas de danger ... C' est une si bonne fille ... souffla longuement , assis sur la malle , et s' épongeant le front avec son mouchoir de soie écrue , large comme une serviette .","je avoir VCOG que ça ne VIMP pas de NCo ... ce être un si ADJ NC ... VSENT ADV , PPAS sur le NC , et se PPRES le NCCOR avec DETPOSS NC de NCmod ADJCOL , ADV comme un NC ."
1779,Daudet/1884_Daudet_sapho_N.txt,"Jean n' osait demander de les détails , dans quelles dispositions l' avait trouvée ; l' autre n' en donnait pas , de peur de l' attrister .","NP ne VIMP INF de le NC , dans quel NC le avoir PPAS ; le autre ne en VIMP pas , de NCSENT de le VSENT ."
1780,Daudet/1884_Daudet_sapho_N.txt,"Et ils remplirent ce silence , difficile , gros de choses inexprimées , par de les remarques sur le temps changé brusquement depuis la veille , tourné à le froid , sur l' aspect lamentable de cette banlieue de Paris déserte et dénudée , plantée de cheminées d' usines et de ces énormes cylindres de fonte , réservoirs de les maraîchers .","et il VPS ce NCo , ADJ , ADJ de chose ADJ , par un le NC sur le temps PPAS ADV depuis le NC , PPAS à le NC , sur le NC ADJ de ce NCmod de NP PPAS et PPAS , PPAS de NC de NCmod et de ce ADJ NC de NCmod , NC de le NCmod ."
1781,Daudet/1884_Daudet_sapho_N.txt,"Puis à le bout d' un moment : — Elle ne vous a rien donné pour moi , mon oncle ?","puis à le NC de un NCmod : — il ne vous avoir rien PPAS pour soi , DETPOSS NC ?"
1782,Daudet/1884_Daudet_sapho_N.txt,"— Non ... tu peux être tranquille ... Elle ne t' embêtera pas , elle a pris son parti avec beaucoup de résolution et de dignité ... Pourquoi Jean vit- dans ce peu de mots une intention de blâme , un reproche de sa rigueur ?","— non ... je pouvoir être ADJ ... il ne le VSENT pas , il avoir PPAS DETPOSS NCo avec beaucoup de NC et de NC ... pourquoi NP vit- dans ce peu de NCmod un NC de NCmod , un NC de DETPOSS NCmod ?"
1783,Daudet/1884_Daudet_sapho_N.txt,"— C' est égal , corvée pour corvée , reprenait l' oncle , j' aimais mieux encore les griffes de la Mornas que le désespoir de cette malheureuse .","— ce être ADJ , PPAS pour PPAS , VIMP le NCo , je aimais mieux encore le NC de le NP que le NCSENT de ce NCmod ."
1784,Daudet/1884_Daudet_sapho_N.txt,— Elle a beaucoup pleuré ?,— il avoir beaucoup PPAS ?
1785,Daudet/1884_Daudet_sapho_N.txt,— Ah !,— INTJ !
1786,Daudet/1884_Daudet_sapho_N.txt,"mon ami ... Et si bien , d' un tel cœur , que je sanglotais moi-même en face d' elle sans la force de ... s' ébroua , secoua son émotion d' un coup de tête de vieille chèvre : — Enfin , que veux -tu ?","DETPOSS NC ... et si bien , de un tel NC , que je VIMP soi-même en NC de il sans le NCSENT de ... se VPS , VPS DETPOSS NCSENT de un NCmod de NCCOR de ADJ NCmod : — PHASE , que vouloir il ?"
1787,Daudet/1884_Daudet_sapho_N.txt,"ce n' est pas ta faute ... tu ne pouvais passer toute ta vie là ... Les choses sont très convenablement faites , tu lui laisses de l' argent , un mobilier ... Et maintenant , voguent les amours !","ce ne être pas VPS ADV ... je ne pouvoir INF tout NCo PRES ADVLIEU ... le chose être très ADV ADJ , je lui NC de le NCmod , un NC ... et ADVT , PRES le NCo !"
1788,Daudet/1884_Daudet_sapho_N.txt,"Tâche de nous mener ton mariage rondement ... De les affaires trop sérieuses pour moi , par exemple ... faudra que le consul s' en mêle ... Moi , je suis pour les liquidations de la main gauche ... Et brusquement repris d' un accès mélancolique , le front à la vitre , regardant le ciel bas qui ruisselait entre les toits : — C' est égal , le monde devient triste ... De mon temps on se séparait plus gaiement que ça .","NC de nous INF DETPOSS NCo NC ... de le NC trop ADJ pour soi , par NC ... VF que le NCs se en PRES ... soi , je être pour le NC de le NCCOR ADJ ... et ADV PPAS de un NC ADJ , le NCCOR à le NCmod , VCOG le NCo ADJ qui VIMP entre le NC : — ce être ADJ , le NCs devenir ADJ ... de DETPOSS temps on se PRES plus ADV que ça ."
1789,Daudet/1884_Daudet_sapho_N.txt,"Le Fénat parti , suivi de sa machine élévatoire , Jean , privé de cette bonne humeur remuante et bavarde , eut une longue semaine à passer , une impression de vide et de solitude , tout le noir désorientement d' un veuvage .","le NCs NC , PPAS de DETPOSS NC ADJ , NP , ADJ de ce ADJ NC ADJ et ADJ , avoir un ADJ NCo à INF , un NCo de NCmod et de NC , tout le NC ADV de un NCmod ."
1790,Daudet/1884_Daudet_sapho_N.txt,"En pareil cas , même sans le regret d' une passion , on cherche son double , vous manque ; car l' existence à deux , la cohabitation de la table et de le lit , créent un tissu de liens invisibles et subtils , dont la solidité ne se révèle qu' à la douleur , à l' effort de la brisure .","en NC NCmod , même sans le NCSENT de un NCSENT , on PRES DETPOSS NCo , vous PRES ; car le NC à NUM , le NCs de le NCmod et de le NC , PRES un NCo de NCmod ADJ et ADJ , dont le NCs ne se PRES que à le NCSENT , à le NC de le NCmod ."
1791,Daudet/1884_Daudet_sapho_N.txt,L' influence de le contact et de l' habitude est si miraculeusement pénétrante que deux êtres vivant de la même vie en arrivent à se ressembler .,le NCs de le NCmod et de le NC être si ADV ADJ que NUM être ADJ de le même NCmod en PRES à se INF .
1792,Daudet/1884_Daudet_sapho_N.txt,"Ses cinq ans de n' avaient pu le pétrir encore à ce point ; mais son corps gardait pourtant les marques de la chaîne , en subissait le lourd entraînement .","DETPOSS NUM NCT de ne avoir pouvoir le INF encore à ce NC ; mais DETPOSS NCCOR VIMP pourtant le NCo de le NCmod , en VIMP le ADJ NCo ."
1793,Daudet/1884_Daudet_sapho_N.txt,"Et de même que , plusieurs fois , ses pas l' auraient tout seuls dirigé vers Chaville à le sortir de son bureau , lui arrivait le matin de chercher à côté de lui sur l' oreiller les cheveux noirs en nappes lourdes , démordus de leur peigne , où tombait son premier baiser .","et de même que , plusieurs fois , DETPOSS pas le avoir tout ADJ PPAS vers NP à le INF de DETPOSS NC , lui VIMP le NCT de INF à NC de lui sur le INF le NCCOR ADJ en NCmod ADJ , PPAS de lui NC , où VIMP DETPOSS ADJ NCs ."
1794,Daudet/1884_Daudet_sapho_N.txt,"Les soirées surtout lui semblaient interminables , dans cette chambre d' hôtel qui lui rappelait les premiers temps de leur liaison , la présence d' une autre maîtresse délicate et silencieuse , dont la petite carte embaumait la glace d' un parfum d' alcôve et de le mystère de son nom : Fanny Legrand .","le NCT surtout lui sembler ADJ , dans ce NC de NCmod qui lui VIMP le ADJ temps de lui NCmod , le NCo de un autre NCmod ADJ et ADJ , dont le ADJ NCs VIMP le NCo de un NCmod de NCmod et de le NC de DETPOSS NCmod : NP NP ."
1795,Daudet/1884_Daudet_sapho_N.txt,"Alors s' en allait se fatiguer , marcher , s' étourdir à les flonflons et à les lumières de quelque petit théâtre , jusqu' à le moment où le vieux Bouchereau lui donnait le droit de passer trois soirées par semaine auprès de sa fiancée .","alors se en aller se VSENT , INF , se VSENT à le NC et à le NC de quelque ADJ NCmod , jusque à le NC où le ADJ NP lui VIMP le NCo de INF NUM NCT par NC ADV de DETPOSS NC ."
1796,Daudet/1884_Daudet_sapho_N.txt,On s' était enfin entendu .,on se être PHASE VCOG .
1797,Daudet/1884_Daudet_sapho_N.txt,"Irène l' aimait , Unclé voulait bien ; ce serait pour les premiers jours d' avril , à la fin de le cours .","NP le VSENT , NP vouloir bien ; ce être pour le ADJ NCT de MOIS , à le NC de le NCmod ."
1798,Daudet/1884_Daudet_sapho_N.txt,"Trois mois d' hiver à se voir , à s' apprendre , se désirer , faire la paraphrase aimante et charmante de le premier regard qui lie les âmes et de le premier aveu qui les trouble .","NUM NCT de NCmod à se VCOG , à se VCOG , se VSENT , faire le NCo ADJ et ADJ de le ADJ NCMAN qui PRES le NCo et de le ADJ NC qui le VSENT ."
1799,Daudet/1884_Daudet_sapho_N.txt,"Le soir de les accordailles , en rentrant chez lui sans la moindre envie de dormir , Jean éprouva le désir de faire sa chambre ordonnée et laborieuse , par cet instinct naturel de mettre notre vie en rapport avec nos idées .","le NCT de le NCmod , en PPRES chez lui sans le ADJ NC de INF , NP VSENT le NCSENT de faire DETPOSS NCo ADJ et ADJ , par ce NC ADJ de mettre DETPOSS NCo en NC avec DETPOSS NCmod ."
1800,Daudet/1884_Daudet_sapho_N.txt,"installa sa table et ses livres non encore déficelés , tassés à le fond d' une de ces caisses faites à la hâte , les codes entre une pile de mouchoirs et une vareuse de jardin .","installa DETPOSS NCmod et DETPOSS NC non encore ADJ , PPAS à le NC de un de ce NCmod faire à le NC , le NC entre un NCmod de NCmod et un NC de NCmod ."
1801,Daudet/1884_Daudet_sapho_N.txt,"De l' entrebâillement d' un dictionnaire de Droit commercial , le plus fréquemment feuilleté , tombait alors une lettre sans enveloppe , à l' écriture de la maîtresse .","de le NC de un NCmod de NP ADJ , le plus ADVTEMPS PPAS , VIMP alors un NCo sans NCmod , à le NC de le NCmod ."
1802,Daudet/1884_Daudet_sapho_N.txt,"Fanny l' avait confiée à le hasard de travaux futurs , se méfiant de l' attendrissement trop court de Césaire , pensant qu' elle arriverait plus sûrement ainsi .","NP le avoir PPAS à le NC de NCmod ADJ , se PPRES de le VSENT trop ADJ de NP , VCOG que il VCOND plus ADVINT ainsi ."
1803,Daudet/1884_Daudet_sapho_N.txt,"se défendait d' abord de l' ouvrir , mais cédait à les premiers mots bien doux , bien raisonnables , dont l' agitation se sentait seulement à le tremblé de la plume , à l' inégale conduite de les lignes .","se VIMP de NC de le INF , mais VIMP à le ADJ NC bien ADJ , bien ADJ , dont le NCs se sentir seulement à le NC de le NCmod , à le ADJ NC de le NCmod ."
1804,Daudet/1884_Daudet_sapho_N.txt,"Elle ne demandait qu' une grâce , une seule , qu ' revînt de temps à autre .","il ne VIMP que un NCo , un ADJ , que ' PRES de temps à autre ."
1805,Daudet/1884_Daudet_sapho_N.txt,"Elle ne dirait rien , ne reprocherait rien , ni le mariage , ni cette séparation qu' elle savait absolue et définitive .","il ne VIMP rien , ne VCOND rien , ni le NC , ni ce NC que il VCOG ADJ et ADJ ."
1806,Daudet/1884_Daudet_sapho_N.txt,Mais le voir !,mais le VCOG !
1807,Daudet/1884_Daudet_sapho_N.txt,"... « Songe que c' est pour moi un coup terrible et si inattendu , si brusque ... Je suis comme après une mort ou un incendie , ne sachant à quoi me prendre .","... "" NP que ce être pour soi un NC ADJ et si ADJ , si ADJ ... je être comme PHASE un NC ou un NC , ne VCOG à quoi me INF ."
1808,Daudet/1884_Daudet_sapho_N.txt,"Je pleure , j' attends , je regarde la place de mon bonheur .","je VSUBP , je PRES , je VCOG le NCo de DETPOSS NCSENT ."
1809,Daudet/1884_Daudet_sapho_N.txt,"n' y aurait que toi pour m' acclimater à cette situation nouvelle ... C' est une charité , viens me voir , que je ne me sente pas si seule ... j' ai peur de moi ... » Ces plaintes , ce suppliant appel couraient tout le long de la lettre , se reprenaient chaque fois à le même mot : « Viens , viens ... » pouvait se croire dans la clairière à le milieu de les bois avec Fanny à ses pieds , et sous la cendre violette de le soir , cette pauvre figure levée vers lui , toute fripée et molle de larmes , cette bouche ouverte qui s' emplissait d' ombre à crier .","ne y avoir que soi pour lui INF à ce NC ADJ ... ce être un NC , venir me VCOG , que je ne me PRES pas si ADJ ... je avoir NCSENT de soi ... "" ce NC , ce ADJ NCs VIMP tout le NC de le NCmod , se VIMP chaque fois à le même NC : "" NC , venir ... "" pouvoir se VCOG dans le NC à le milieu de le NCmod avec NP à DETPOSS NCCOR , et sous le NC ADJCOL de le NCT , ce ADJ NCCOR PPAS vers lui , tout PPAS et ADJ de NC , ce NCCOR ADJ qui se VIMP de NC à VDIC ."
1810,Daudet/1884_Daudet_sapho_N.txt,"C' est cela qui le poursuivit toute la nuit , cela qui troubla son sommeil , et non l' heureuse ivresse qu ' avait rapportée de là-bas .","ce être cela qui le VPS tout le NCT , cela qui VSENT DETPOSS NCo , et non le ADJ NCSENT que ' avoir PPAS de ADVLIEU ."
1811,Daudet/1884_Daudet_sapho_N.txt,"C' est cette figure vieillie , flétrie , qu ' revoyait , malgré tous ses efforts pour mettre entre lui et elle le visage à les purs contours , à la pulpe d' œillet en fleur , que l' aveu de l' amour teintait de petites flammes roses sous les yeux .","ce être ce NCCOR NP , NC , que ' VCOG , malgré tout DETPOSS NC pour mettre entre lui et il le NCCOR à le ADJ NCmod , à le NCmod de NCmod en NCmod , que le NCs de le NCSENT VIMP un ADJ NCo ADJCOL sous le NCCOR ."
1812,Daudet/1884_Daudet_sapho_N.txt,"Cette lettre avait huit jours de date ; huit jours que la malheureuse attendait un mot , ou une visite , l' encouragement à la résignation qu' elle demandait .","ce NCs avoir NUM NCT de NCmod ; NUM NCT que le NCs VIMP un NCo , ou un NC , le NC à le NCmod que il VIMP ."
1813,Daudet/1884_Daudet_sapho_N.txt,Mais comment n' avait -elle pas récrit depuis ?,mais comment ne avoir il pas PPAS depuis ?
1814,Daudet/1884_Daudet_sapho_N.txt,Peut-être était -elle malade ; et d' anciennes craintes lui revenaient .,peut-être être il ADJ ; et un ADJ NCSENT lui VIMP .
1815,Daudet/1884_Daudet_sapho_N.txt,"pensa qu' Hettéma pourrait lui donner de les nouvelles , et , confiant dans la régularité de ses habitudes , alla l' attendre devant le Comité d' artillerie .","VCOG que NP pouvoir lui INF de le NC , et , PPRES dans le NC de DETPOSS NCmod , alla le INF ADVLIEU le NC de NCmod ."
1816,Daudet/1884_Daudet_sapho_N.txt,"Le dernier coup de heures sonnait à Saint-Thomas d' Aquin lorsque le gros homme tourna le coin de la petite place , le collet retroussé , la pipe à les dents , qu ' tenait à deux mains pour se chauffer les doigts .","le ADJ NCs de NCT VIMP à NP de NP lorsque le ADJ NCs VPS le NCo de le ADJ NCmod , le NC PPAS , le NC à le NCCOR , que ' VIMP à NUM NCCOR pour se INF le NCCOR ."
1817,Daudet/1884_Daudet_sapho_N.txt,"Jean le regardait venir de loin , très ému de tout ce qu ' lui rappelait ; mais Hettéma l' accueillit d' un mouvement d' humeur à peine contraint .","NP le VCOG venir de ADVLIEU , très VSENT de tout ce NC ' lui VIMP ; mais NP le VPS de un NC de NCmod à NCSENT PPAS ."
1818,Daudet/1884_Daudet_sapho_N.txt,— Vous voilà !,— vous voilà !
1819,Daudet/1884_Daudet_sapho_N.txt,... Je ne sais pas si nous vous avons maudit cette semaine !,... je ne VCOG pas si nous vous avoir PPAS ce NCo !
1820,Daudet/1884_Daudet_sapho_N.txt,"... nous qui sommes allés à la campagne pour vivre à le calme ... Et sur la porte , en finissant sa pipe , lui raconta que le dimanche précédent ils avaient invité Fanny à dîner chez eux avec l' enfant dont c' était le jour de sortie , histoire de la distraire un peu de ses vilaines idées .","... nous qui être aller à le NC pour INF à le NCSENT ... et sur le NCs , en VASP DETPOSS NCo , lui VPS que le ADVT ADJ il avoir PPAS NP à INF chez eux avec le NC dont ce être le NCT de NCmod , NC de le VSENT un peu de DETPOSS NC ADJ ."
1821,Daudet/1884_Daudet_sapho_N.txt,"En effet , on avait mangé assez gaiement , même elle leur chantait un morceau de musique à le dessert ; puis on se séparait vers heures , et ils s' apprêtaient à se mettre à le lit délicieusement , quand tout à coup on frappe à les volets et la voix de le petit Joseph appelle effarée : — Venez vite , maman veut s' empoisonner ... Hettéma se précipite , arrive à temps pour lui arracher de force le flacon de laudanum .","en NC , on avoir PPAS ADV ADV , même il lui VIMP un NCo de NCmod à le NC ; puis on se VIMP vers NCT , et il se VIMP à se mettre à le NC ADVINT , quand tout à NC on frapper à le NC et le NCMAN de le ADJ NP PRES VSENT : — venir ADV , NP vouloir se INF ... NP se PRES , PRES à temps pour lui INF de NCSENT le NCo de NCmod ."
1822,Daudet/1884_Daudet_sapho_N.txt,"avait fallu se battre , la prendre à bras-le-corps , la maintenir et se défendre , contre les coups de tête , les coups de peigne dont elle lui abîmait la figure .","avoir PPAS se INF , le INF à NC , le INF et se INF , contre le NC de NCCOR , le NCo de NCmod dont il lui VIMP le NCCOR ."
1823,Daudet/1884_Daudet_sapho_N.txt,"Dans la lutte , la fiole se brisait , le laudanum répandu partout , et n' en avait pas été autre chose que de les vêtements tachés et empestés de poison .","dans le NC , le NCs se VIMP , le NCo PPAS ADV , et ne en avoir pas être autre chose que de le NC PPAS et PPAS de NC ."
1824,Daudet/1884_Daudet_sapho_N.txt,"— Mais vous comprenez bien que de les scènes pareilles , tout ce drame de faits-divers , pour de les gens tranquilles ... Aussi c' est fini , j' ai donné congé , le mois prochain je déménage ... remit sa pipe dans l' étui , et avec un adieu bien paisible disparut sous les arcades basses d' une petite cour , laissant Gaussin tout bouleversé de ce qu' venait d' entendre .","— mais vous VCOG bien que de le NC ADJ , tout ce NC de NCmod , pour de le NC NC ... aussi ce être ADJ , je avoir PPAS NCo , le NCT ADJ je PRES ... VPS DETPOSS NCo dans le NC , et avec un NC bien ADJ VPS sous le NC ADJ de un ADJ NCmod , laisser NP tout NC de ce que venir de VCOG ."
1825,Daudet/1884_Daudet_sapho_N.txt,"se représentait la scène dans cette chambre qui avait été leur chambre , l' effroi de le petit appelant à le secours , la lutte brutale avec le gros homme , et croyait sentir le goût opiacé , l' amertume somnolente de le laudanum répandu .","se VIMP le NCs dans ce NC qui avoir être lui NC , le NC de le NCmod PPRES à le NC , le NC ADJ avec le ADJ NCmod , et VCOG sentir le NCo ADJ , le NCSENT ADJ de le NCmod ADJ ."
1826,Daudet/1884_Daudet_sapho_N.txt,"L' épouvante lui en resta tout le jour , aggravée de l' isolement où elle allait se trouver .","le NCs lui en VPS tout le NCT , PPAS de le NC où il aller se INF ."
1827,Daudet/1884_Daudet_sapho_N.txt,"Les Hettéma partis , qui lui retiendrait la main à la nouvelle tentative ?","le NP PPAS , qui lui VCOND le NCCOR à le ADJ NC ?"
1828,Daudet/1884_Daudet_sapho_N.txt,Une lettre vint le rassurer un peu .,un NCs venir le VSENT un peu .
1829,Daudet/1884_Daudet_sapho_N.txt,"Fanny le remerciait de n' être pas si dur qu ' voulait le paraître , puisqu ' prenait encore quelque intérêt à la pauvre abandonnée : « On t' a dit , n' est -ce pas ?","NP le VDIC de ne être pas si ADJ que ' vouloir le paraître , puisque ' VIMP encore quelque NCSENT à le NC PPAS : "" on lui avoir VDIC , ne être ce pas ?"
1830,Daudet/1884_Daudet_sapho_N.txt,... J' ai voulu mourir ... c' était de me sentir si seule !,... je avoir vouloir INF ... ce être de me sentir si ADJ !
1831,Daudet/1884_Daudet_sapho_N.txt,"... J' ai essayé , je n' ai pas pu , on m' a arrêtée , ma main tremblait peut-être ... la peur de souffrir , de devenir laide ... Oh !","... je avoir PPAS , je ne avoir pas pouvoir , on lui avoir PPAS , DETPOSS NCCOR VIMP peut-être ... le NCSENT de VSENT , de devenir NC ... NP !"
1832,Daudet/1884_Daudet_sapho_N.txt,"cette petite Doré , comment a -t -elle eu le courage ?","ce ADJ NP , comment avoir t il avoir le NCo ?"
1833,Daudet/1884_Daudet_sapho_N.txt,"... Après la première honte de m' être manquée , ç' a été une joie de penser que je pourrais t' écrire , t' aimer de loin , te voir encore ; car je ne perds pas l' espoir que tu viendras une fois , comme on vient chez une amie malheureuse , dans une maison en deuil , par pitié , seulement par pitié .","... PHASE le ADJ NCSENT de se être PPAS , çe avoir être un NCSENT de VCOG que je pouvoir lui INF , le VSENT de ADVLIEU , me VCOG encore ; car je ne NUM pas le NCSENT que je ADJ un fois , comme on venir chez un NC ADJ , dans un NC en NCmod , par VSENT , seulement par VSENT ."
1834,Daudet/1884_Daudet_sapho_N.txt,"» Dès lors arriva de Chaville tous les deux ou trois jours une capricieuse correspondance , longue , courte , un journal de douleur qu ' n' eut pas la force de renvoyer et qui agrandit dans ce cœur tendre la place à vif d' une pitié sans amour , non plus pour la maîtresse , mais pour l' être humain souffrant à cause de lui .",""" dès lors VPS de NP tout le NUM ou NUM NCT un ADJ NCo , ADJ , NC , un NCs de NCSENT que ' ne avoir pas le NCSENT de INF et qui PRES dans ce NC PRES le NCo à ADJ de un VSENT sans NCSENT , non plus pour le NC , mais pour le être ADJ VSENT à NC de lui ."
1835,Daudet/1884_Daudet_sapho_N.txt,"Un jour c' était le départ de ses voisins , ces témoins de son bonheur passé qui lui emportaient tant de souvenirs .","un NCT ce être le NC de DETPOSS NCmod , ce NC de DETPOSS NCSENT PPAS qui lui VIMP tant de NC ."
1836,Daudet/1884_Daudet_sapho_N.txt,"À présent elle n' avait plus pour les lui rappeler que les meubles , les murs de leur petite maison , et la femme de service , pauvre bête sauvage , aussi peu intéressée à les choses que le loriot , tout frileux de l' hiver , tristement ébouriffé dans un coin de sa cage .","à NC il ne avoir plus pour le lui INF que le NC , le NC de lui ADJ NCmod , et le NC de NCmod , NC ADJ ADJ , aussi peu VSENT à le chose que le NCmod , tout ADJ de le NC , ADV PPAS dans un NC de DETPOSS NCmod ."
1837,Daudet/1884_Daudet_sapho_N.txt,"Un autre jour , un pâle rayon égayant la vitre , elle se réveillait toute joyeuse dans cette persuasion : viendra aujourd'hui !","un autre NCT , un NC ADJ VSENT le NCo , il se VIMP tout NCo dans ce NCmod : venir ADVT !"
1838,Daudet/1884_Daudet_sapho_N.txt,... Pourquoi ?,... pourquoi ?
1839,Daudet/1884_Daudet_sapho_N.txt,"... rien , une idée ... Tout de suite elle se mettait à faire la maison belle , et la femme coquette avec sa robe de les dimanches et la coiffure qu ' aimait ; puis jusqu' à le soir , jusqu' à la dernière goutte de lumière , elle comptait les trains à la fenêtre de la salle , l' écoutait venir par le Pavé de les Gardes ... Fallait - être folle !","... rien , un NC ... tout de NC il se mettre à faire le NCo ADJ , et le NC ADJ avec DETPOSS NCmod de le ADVT et le NC que ' VSENT ; puis jusque à le NCT , jusque à le ADJ NC de NCmod , il VIMP le NCo à le NC de le NCmod , le êcoutre venir par le NP de le NP ... VIMP - être ADJ !"
1840,Daudet/1884_Daudet_sapho_N.txt,"Quelquefois rien qu' une ligne : « pleut , fait noir ... je suis seule et je te pleure ... » Ou bien elle se contentait de mettre sous enveloppe une pauvre fleur toute trempée et raide de frimas , la dernière de leur petit jardin .","ADVTEMPS ADV que un NC : "" NC , NC ADJ ... je être ADJ et je me VSUBP ... "" ou bien il se VSENT de mettre sous NC un ADJ NCo tout PPAS et PRES de NC , le NC de lui ADJ NCmod ."
1841,Daudet/1884_Daudet_sapho_N.txt,"Mieux que toutes les plaintes , cette fleur ramassée sous la neige , disait l' hiver , la solitude , l' abandon ; voyait la place , à le bout de l' allée , et contre les plates-bandes , une jupe de femme mouillée jusqu' à l' ourlet , allant et revenant dans une solitaire promenade .","mieux que tout le NCs , ce NC PPAS sous le NC , VDIC le NCo , le NCs , le NC ; VCOG le NCo , à le NC de le NCmod , et contre le NC , un NC de NCmod PPAS jusque à le NC , aller et PPRES dans un ADJ NC ."
1842,Daudet/1884_Daudet_sapho_N.txt,"Cette pitié qui lui angoissait le cœur le faisait vivre encore avec Fanny , malgré la rupture .","ce VSENT qui lui VSENT le NCo le faire INF encore avec NP , malgré le NC ."
1843,Daudet/1884_Daudet_sapho_N.txt,"y songeait , se la figurait à toute heure ; mais par une singulière défaillance de sa mémoire , quoiqu ' n' y eût guère plus de cinq ou six semaines depuis leur séparation , et que les moindres détails de leur intérieur lui fussent encore présents , la cage de La Balue en face d' un coucou en bois gagné à une fête de campagne , jusqu' à les branches de le noisetier qui battaient à le moindre vent la vitre de leur cabinet de toilette , la femme elle-même ne lui apparaissait plus distinctement .","y VIMP , se le VCOND à tout NCT ; mais par un ADJ NC de DETPOSS NCmod , quoique ' ne y avoir guère plus de NUM ou NUM NC depuis lui NCmod , et que le ADJ NCs de lui NCmod lui PRES encore ADJ , le NC de La NP en NCmod de un NCmod en NCmod PPAS à un NC de NCmod , jusque à le NCmod de le NCmod qui VIMP à le ADJ NC le NCo de lui NCmod de NCmod , le NCs elle-même ne lui PRES plus ADV ."
1844,Daudet/1884_Daudet_sapho_N.txt,"la voyait dans un reculement de brume avec un seul détail de sa figure , accentué et pénible , la bouche déformée , le sourire troué par cette dent qui manquait .","le VCOG dans un NC de NCmod avec un ADJ NCmod de DETPOSS NCCOR , PPAS et ADJ , le NCCOR PPAS , le NCMAN PPAS par ce NCCOR qui VIMP ."
1845,Daudet/1884_Daudet_sapho_N.txt,"Ainsi vieillie , qu' allait -elle devenir , la pauvre créature contre qui avait dormi si longtemps ?","ainsi ADJ , que aller il devenir , le ADJ NC contre qui avoir PPAS si longtemps ?"
1846,Daudet/1884_Daudet_sapho_N.txt,"L' argent fini qu ' lui avait laissé , où irait -elle , jusque vers quel bas-fond ?","le NC PPAS qu ' lui avoir laisser , où aller il , jusque vers quel NC ?"
1847,Daudet/1884_Daudet_sapho_N.txt,"Et tout à coup se dressait dans son souvenir , la triste raccrocheuse , rencontrée le soir dans une taverne anglaise , mourant de soif devant sa tranche de saumon fumé .","et tout à NC se VIMP dans DETPOSS NC , le NC ADJ , PPAS le NCT dans un NC ADJ , PPRES de NC ADVLIEU DETPOSS NCmod de NCmod PPAS ."
1848,Daudet/1884_Daudet_sapho_N.txt,"Elle deviendrait cela , celle dont avait si longtemps accepté les soins , la tendresse passionnée et fidèle .","il devenir cela , celui dont avoir si longtemps PPAS le NCo , le NCSENT ADJ et ADJ ."
1849,Daudet/1884_Daudet_sapho_N.txt,"Et cette idée le désespérait ... Cependant , que faire ?","et ce NCs le NC ... cependant , que faire ?"
1850,Daudet/1884_Daudet_sapho_N.txt,"Parce qu ' avait eu le malheur de rencontrer cette femme , de vivre quelque temps avec elle , était - condamné à la garder toujours , à lui sacrifier son bonheur ?","parce que ' avoir avoir le NCo de INF ce NCo , de INF quelque temps avec il , être - PPAS à le INF ADVTEMPS , à lui INF DETPOSS NCSENT ?"
1851,Daudet/1884_Daudet_sapho_N.txt,Pourquoi lui et pas les autres ?,pourquoi lui et pas le autre ?
1852,Daudet/1884_Daudet_sapho_N.txt,À le nom de quelle justice ?,à le NC de quel NCmod ?
1853,Daudet/1884_Daudet_sapho_N.txt,"Tout en s' interdisant de la revoir , lui écrivait ; et ses lettres à dessein positives et sèches laissaient deviner son émotion sous de les conseils de sagesse et d' apaisement .","tout en se PPRES de le VCOG , lui VIMP ; et DETPOSS NCs à NCmod ADJ et ADJ VIMP VCOG DETPOSS NCSENT sous de le NC de NCmod et de NCSENT ."
1854,Daudet/1884_Daudet_sapho_N.txt,"l' engageait à retirer Joseph de pension , à le reprendre pour s' occuper , se distraire ; mais Fanny refusait .","le VIMP à INF NP de NC , à le INF pour se INF , se VSENT ; mais NP VIMP ."
1855,Daudet/1884_Daudet_sapho_N.txt,"À quoi bon mettre cet enfant en présence de sa douleur , de son découragement ?","à quoi ADJ mettre ce NCo en NC de DETPOSS NCSENT , de DETPOSS NCSENT ?"
1856,Daudet/1884_Daudet_sapho_N.txt,"c' était bien assez de le dimanche où le petit rôdait de chaise en chaise , errait de la salle à le jardin , devinant qu' un grand malheur avait attristé la maison , et n' osant plus demander de les nouvelles de « papa Jean » depuis qu' on lui avait dit avec de les sanglots qu ' était parti , qu ' ne reviendrait plus : — Tous mes papas s' en vont , alors !","ce être bien ADV de le ADVT où le ADJ NCs de NCmod en NCmod , VIMP de le NC à le NCmod , VCOG que un ADJ NCs avoir VSENT le NCo , et ne PPRES plus INF de le NC de "" NCmod NP "" depuis que on lui avoir VDIC avec de le NC que ' être PPAS , que ' ne VCOND plus : — tout DETPOSS NCs se en aller , alors !"
1857,Daudet/1884_Daudet_sapho_N.txt,"Et ce mot de le petit abandonné , tombant d' une lettre navrante , restait lourd sur le cœur de Gaussin .","et ce NCs de le NCmod PPAS , PPRES de un NC ADJ , VIMP ADJ sur le NC de NP ."
1858,Daudet/1884_Daudet_sapho_N.txt,"Bientôt , cette pensée de la savoir à Chaville devint une oppression telle , qu ' lui conseilla de rentrer dans Paris , de voir de le monde .","bientôt , ce NCs de le VCOG à NP devenir un NC tel , que ' lui VPS de INF dans NP , de VCOG de le NC ."
1859,Daudet/1884_Daudet_sapho_N.txt,"Avec sa triste expérience de les hommes et de les ruptures , Fanny ne vit dans cette offre qu' un affreux égoïsme , l' envie de se débarrasser d' elle à jamais , par un de ces brusques béguins dont elle était familière ; et elle s' en expliqua avec sincérité : « Tu sais ce que je t' ai dit autrefois ... Je resterai ta femme malgré tout , ta femme aimante et fidèle .","avec DETPOSS ADJ NC de le NCmod et de le NC , NP ne PRES dans ce NC que un ADJ NC , le NC de se INF de il à ADVTEMPS , par un de ce NCmod ADJ dont il être ADJ ; et il se en VDIC avec NCSENT : "" je VCOG ce que je lui avoir VDIC ADVT ... je VCOND VPS NCo malgré tout , VPS NCo ADJ et ADJ ."
1860,Daudet/1884_Daudet_sapho_N.txt,"Notre petite maison m' enveloppe de toi , et je ne voudrais la quitter pour rien à le monde ... Que ferais -je à Paris ?","DETPOSS ADJ NCs lui PRES de soi , et je ne vouloir le INF pour rien à le NCmod ... que faire je à NP ?"
1861,Daudet/1884_Daudet_sapho_N.txt,"J' ai le dégoût de mon passé qui t' éloigne ; et puis , songe à quoi tu nous exposes ... Tu te crois donc bien fort ?","je avoir le NCSENT de DETPOSS NCmod qui lui PRES ; et puis , PRES à quoi je nous ADJ ... je me VCOG donc bien fort ?"
1862,Daudet/1884_Daudet_sapho_N.txt,"Viens , alors , méchant ... une fois , rien qu' une ... » n' y alla pas ; mais , un dimanche , l' après - , seul et travaillant , entendit frapper deux petits coups à sa porte .","ADJ , alors , ADJ ... un fois , rien que un ... "" ne y aller pas ; mais , un ADVT , le PHASE - , ADJ et ADJ , VCOG frapper NUM ADJ NCo à DETPOSS NCmod ."
1863,Daudet/1884_Daudet_sapho_N.txt,"tressaillit , reconnut sa façon vive de s' annoncer comme autrefois .","NCs , VCOG DETPOSS façon ADJ de se VDIC comme ADVT ."
1864,Daudet/1884_Daudet_sapho_N.txt,"Craignant de trouver en bas quelque consigne , elle était montée d' une haleine , sans rien demander .","VSENT de INF en ADJ quelque NCo , il être PPAS de un NC , sans rien INF ."
1865,Daudet/1884_Daudet_sapho_N.txt,"s' approcha , les pas enfoncés dans le tapis , entendant son souffle par la feuillure : — Jean , es - tu là ?","se VPS , le pas PPAS dans le NC , VCOG DETPOSS NCo par le NC : — NP , es - je ADVLIEU ?"
1866,Daudet/1884_Daudet_sapho_N.txt,... Oh !,... INTJ !
1867,Daudet/1884_Daudet_sapho_N.txt,"cette voix humble et brisée ... Encore une fois , pas bien fort : « Jean !","ce NCMAN ADJ et ADJ ... encore un fois , pas bien fort : "" NP !"
1868,Daudet/1884_Daudet_sapho_N.txt,"... » puis une plainte soupirée , le froissement d' une lettre , et la caresse et l' adieu d' un baiser jeté .","... "" puis un NC PPAS , le NC de un NCmod , et le NC et le NC de un NCmod PPAS ."
1869,Daudet/1884_Daudet_sapho_N.txt,"L' escalier descendu marche à marche , lentement , comme si elle attendait un rappel , Jean , seulement alors , ramassa la lettre et l' ouvrit .","le NCs PPAS NCo à NCmod , ADV , comme si il VIMP un NCo , NP , seulement alors , VPS le NCo et le VPS ."
1870,Daudet/1884_Daudet_sapho_N.txt,On avait enterré le matin la petite Hochecorne à l' hospice de les Enfants-Malades .,on avoir PPAS le NCT le ADJ NP à le NC de le NP .
1871,Daudet/1884_Daudet_sapho_N.txt,"Elle était venue avec le père et quelques personnes de Chaville , et n' avait pu se défendre de monter pour le voir ou laisser ces lignes écrites d' avance .","il être venir avec le NC et quelque NC de NP , et ne avoir pouvoir se INF de INF pour le VCOG ou laisser ce NCo PPAS de NCmod ."
1872,Daudet/1884_Daudet_sapho_N.txt,« ... Quand je te le disais !,""" ... quand je me le VDIC !"
1873,Daudet/1884_Daudet_sapho_N.txt,"... si j' habitais Paris , on ne verrait que moi dans ton escalier ... Adieu , m' ami , je rentre chez nous ... » Et en lisant , les yeux brouillés de larmes , se rappelait la même scène rue de l' Arcade , la douleur de l' amant congédié , la lettre glissée sous la porte , et le rire sans cœur de Fanny .","... si je VIMP NP , on ne VCOND que soi dans DETPOSS NC ... NP , le NC , je rentre chez nous ... "" et en PPRES , le NCCOR ADJ de NCmod , se VIMP le même NCs NC de le NP , le NCSENT de le NCmod PPAS , le NC PPAS sous le NC , et le NCMAN sans NCmod de NP ."
1874,Daudet/1884_Daudet_sapho_N.txt,Elle l' aimait donc plus qu ' n' aimait Irène !,il le VSENT donc plus que ' ne VSENT NP !
1875,Daudet/1884_Daudet_sapho_N.txt,"Ou bien est -ce que l' homme , plus mêlé que la femme à le combat de les affaires et de la vie , n' a pas comme elle l' exclusivisme de l' amour , l' oubli et l' indifférence de tout ce qui n' est pas sa passion , absorbante et unique ?","ADV bien être ce que le NC , plus PPAS que le NCs à le NCmod de le NCmod et de le NC , ne avoir pas comme il le NCo de le NCSENT , le NC et le VSENT de tout ce qui ne être pas DETPOSS NCSENT , ADJ et ADJ ?"
1876,Daudet/1884_Daudet_sapho_N.txt,"Cette torture , ce mal de pitié dont souffrait , ne s' apaisait qu' auprès d' Irène .","ce NC , ce mal de VSENT dont VIMP , ne se VSENT que ADV de NP ."
1877,Daudet/1884_Daudet_sapho_N.txt,"seulement l' angoisse se desserrait , fondait sous le doux rayon bleu de ses regards .","seulement le NCSENT se VIMP , VIMP sous le ADJ NC ADJCOL de DETPOSS NCMAN ."
1878,Daudet/1884_Daudet_sapho_N.txt,"ne lui restait plus qu' une grande lassitude , une tentation de mettre la tête sur son épaule et de rester là , sans parler , sans bouger , à l' abri .","ne lui VIMP plus que un ADJ NCSENT , un NCSENT de mettre le NCCOR sur DETPOSS NCCOR et de INF ADVLIEU , sans INF , sans NC , à le NCmod ."
1879,Daudet/1884_Daudet_sapho_N.txt,"— Qu' avez -vous , lui disait -elle ... Est -ce que vous n' êtes pas heureux ?","— que avoir vous , lui VDIC il ... être ce que vous ne être pas ADJ ?"
1880,Daudet/1884_Daudet_sapho_N.txt,"Si , bien heureux .","si , bien ADJ ."
1881,Daudet/1884_Daudet_sapho_N.txt,Mais pourquoi son bonheur était - fait de tant de tristesse et de larmes ?,mais pourquoi DETPOSS NCSENT être - faire de tant de NCSENT et de NC ?
1882,Daudet/1884_Daudet_sapho_N.txt,"Et par moments aurait voulu tout lui dire , comme à une amie intelligente et bonne ; sans songer , pauvre fou , à le trouble que de pareilles confidences agitent dans les âmes toutes neuves , à les inguérissables blessures qu' elles peuvent faire à la confiance d' une affection .","et par NC avoir vouloir tout lui VDIC , comme à un NC ADJ et ADJ ; sans NC , PRES ADJ , à le NCSENT que de pareille NC PRES dans le NC tout ADJ , à le ADJ NCSENT que il pouvoir faire à le NC de un NCSENT ."
1883,Daudet/1884_Daudet_sapho_N.txt,Ah !,INTJ !
1884,Daudet/1884_Daudet_sapho_N.txt,"s ' avait pu l' emporter , fuir avec elle !","s ' avoir pouvoir le INF , INF avec il !"
1885,Daudet/1884_Daudet_sapho_N.txt,"sentait que ce serait la fin de les tourments ; mais le vieux Bouchereau ne voulait pas faire grâce d' une heure sur le temps fixé : — Je suis vieux , je suis malade ... Je ne verrai plus mon enfant , ne me privez pas de ces derniers jours ... Sous son air dur , c' était le meilleur de les hommes que ce grand homme .","sentir que ce être le NC de le NCSENT ; mais le ADJ NCs ne vouloir pas faire NCo de un NCT sur le temps ADJ : — je être ADJ , je être ADJ ... je ne VF plus DETPOSS NCo , ne me IMP pas de ce ADJ NCT ... sous DETPOSS NCMAN ADJ , ce être le meilleur de le NCmod que ce ADJ NCmod ."
1886,Daudet/1884_Daudet_sapho_N.txt,"Condamné sans rémission par la maladie de cœur dont suivait et constatait lui-même les progrès , en parlait avec un sang-froid admirable , continuait ses cours en suffoquant , auscultait de les malades moins atteints que lui .","PPAS sans NC par le NC de NCmod dont VIMP et VIMP soi-même le NCo , en VIMP avec un NC ADJ , VIMP DETPOSS NCo en NCmod , VIMP de le NC moins ADJ que lui ."
1887,Daudet/1884_Daudet_sapho_N.txt,"Une seule faiblesse dans ce vaste esprit , et marquant bien l' origine paysanne de le Tourangeau : son respect pour les titres , la noblesse .","un ADJ NC dans ce ADJ NCmod , et ADV bien le NC ADJ de le NP : DETPOSS NC pour le NCmod , le NC ."
1888,Daudet/1884_Daudet_sapho_N.txt,"Et le souvenir de les petites tourelles de Castelet , le vieux nom d' Armandy n' avaient pas été étrangers à sa facilité d' agréer Jean comme mari de sa nièce .","et le NC de le ADJ NCmod de NP , le ADJ NCs de NP ne avoir pas être ADJ à DETPOSS NCmod de INF NP comme NC de DETPOSS NCmod ."
1889,Daudet/1884_Daudet_sapho_N.txt,"Le mariage se ferait à la gentilhommière , ce qui éviterait de déplacer la pauvre maman qui envoyait tous les huit jours à sa future fille une bonne lettre bien tendre , dictée à Divonne ou à l' une de les petites de Béthanie .","le NCs se faire à le NC , ce qui VCOND de INF le ADJ NCo qui VIMP tout le NUM NCT à DETPOSS ADJ NCmod un ADJ NCo bien INF , PPAS à NP ou à le un de le NCmod de NP ."
1890,Daudet/1884_Daudet_sapho_N.txt,"Et c' était une joie douce pour lui de parler avec Irène de ses gens , de retrouver Castelet place Vendôme , toutes ses affections serrées autour de sa chère fiancée .","et ce être un NCSENT ADJ pour lui de INF avec NP de DETPOSS NCmod , de INF NP NC NP , tout DETPOSS NCSENT ADJ ADV de DETPOSS NC PPAS ."
1891,Daudet/1884_Daudet_sapho_N.txt,"Seulement s' effrayait de se sentir si vieux , si las en face d' elle , de la voir prendre un plaisir d' enfant à de les choses qui ne l' amusaient plus , à de les joies de la vie commune , déjà escomptées par lui .","seulement se VIMP de se sentir si ADJ , si NC en NCmod de il , de le VCOG INF un NCSENT de NCmod à de le chose qui ne le VIMP plus , à un le NCSENT de le NCmod ADJ , déjà PPAS par lui ."
1892,Daudet/1884_Daudet_sapho_N.txt,"Ainsi la liste à dresser de tout ce qu ' leur faudrait emporter à le Consulat , meubles , étoffes à choisir , liste à le milieu de laquelle s' arrêtait un soir , la plume hésitante , épouvanté de le retour qu ' faisait vers son installation de la rue d' Amsterdam , et de le recommencement inévitable de tant de jolis bonheurs usés , finis par ces cinq ans auprès d' une femme , dans un travestissement de mariage et de ménage .","ainsi le NCs à INF de tout ce NC ' lui VCOND INF à le NP , ADJ , NC à INF , NC à le milieu de lequel se VIMP un NCT , le NCo ADJ , NC de le NCmod qu ' faire vers DETPOSS NC de le NCmod de NP , et de le NC ADJ de tant un ADJ NCSENT ADJ , VASP par ce NUM NCT ADV de un NC , dans un NCmod de NCmod et de NC ."
1893,Daudet/1884_Daudet_sapho_N.txt,"Table de les matières — Oui , mon cher , mort cette nuit dans les bras de Rosa ... Je viens de le porter chez l' empailleur .","ADJ de le NC — oui , DETPOSS NCo , PPAS ce NCT dans le NCCOR de NP ... je venir de le INF chez le NC ."
1894,Daudet/1884_Daudet_sapho_N.txt,"De Potter , le musicien , que Jean rencontrait sortant d' un magasin de la rue de le Bac , s' accrochait à lui avec un besoin d' effusion qui n' allait guère à ses traits impassibles et durs d' homme d' affaires , et lui racontait le martyre de le pauvre Bichito tué par l' hiver parisien , ratatiné de froid malgré les tampons d' ouate , la mèche d' esprit-de-vin allumée depuis deux mois sous sa petite niche , comme on fait à les enfants venus avant terme .","de NP , le NCs , que NP VIMP PPRES de un NC de le NCmod de le NCmod , se VIMP à lui avec un NC de NCmod qui ne aller guère à DETPOSS NC ADJ et ADJ de NCmod de NCmod , et lui VIMP le NCo de le ADJ NP PPAS par le NC ADJ , PPAS de NC malgré le NC de NCmod , le NC de NCmod PPAS depuis NUM NCT sous DETPOSS ADJ NC , comme on faire à le NC venir PHASE NC ."
1895,Daudet/1884_Daudet_sapho_N.txt,"Rien n' avait pu l' empêcher de grelotter , et la nuit d' avant , pendant qu' ils étaient tous autour de lui , un dernier frisson le secouant de la tête à la queue , était mort en bon chrétien , grâce à les flots d' eau bénite que sur sa peau grenue , où la vie s' évanouissait en moires changeantes , en mouvements de prisme , maman Pilar répandait en disant , les yeux à le ciel : « Dios loui pardonne !","rien ne avoir pouvoir le INF de INF , et le NCT de PHASE , PHASE que il être tout ADV de lui , un ADJ NCSENT le NC de le NCCOR à le NCmod , être PPAS en ADJ NC , ADV à le NC de NCmod ADJ que sur DETPOSS NCCOR ADJ , où le NCs se VIMP en NC ADJ , en NC de NCmod , NC NP VIMP en VDIC , le NCCOR à le NC : "" NP loui PRES !"
1896,Daudet/1884_Daudet_sapho_N.txt,"» — J' en ris , mais j' ai le cœur gros tout de même ; surtout quand je pense à le chagrin de ma pauvre Rosa que j' ai laissée en larmes ... Heureusement Fanny était près d' elle ... — Fanny ?",""" — je en PPAS , mais je avoir le NCo ADJ tout de même ; surtout quand je VCOG à le NCSENT de DETPOSS NCmod NP que je avoir laisser en NC ... heureusement NP être ADVLIEU de il ... — NP ?"
1897,Daudet/1884_Daudet_sapho_N.txt,"... — Oui , voilà de les temps que nous ne l' avions vue ... Elle est arrivée ce matin juste à le milieu de le drame , et cette bonne fille est restée consoler son amie .","... — oui , voilà de le temps que nous ne le avoir VCOG ... il être PPAS ce NCT ADV à le milieu de le NCmod , et ce ADJ NCspas être PPAS INF DETPOSS NCo ."
1898,Daudet/1884_Daudet_sapho_N.txt,"ajouta , sans s' apercevoir de l' impression causée par ses paroles : — C' est donc fini ?","VPS , sans se INF de le NC PPAS par DETPOSS NC : — ce être donc VASP ?"
1899,Daudet/1884_Daudet_sapho_N.txt,Vous n' êtes plus ensemble ?,vous ne être plus ensemble ?
1900,Daudet/1884_Daudet_sapho_N.txt,... Vous rappelez -vous notre conversation à le lac d' Enghien ?,... vous PRES vous DETPOSS NCo à le NCmod de NP ?
1901,Daudet/1884_Daudet_sapho_N.txt,"À le moins , vous profitez de les leçons qu' on vous donne ... Et perçait une pointe d' envie dans son approbation .","à le moins , vous PRES de le NC que on vous PRES ... et VIMP un NCo de NCmod dans DETPOSS NCSENT ."
1902,Daudet/1884_Daudet_sapho_N.txt,"Gaussin , le front plissé , éprouvait un véritable malaise à songer que Fanny était retournée chez Rosario ; mais s' en voulait de cette faiblesse , n' ayant plus après tout ni droit , ni responsabilité sur cette existence .","NP , le NCCOR ADJ , VSENT un véritable NCSENT à INF que NP être PPAS chez NP ; mais se en vouloir de ce NC , ne avoir plus PHASE tout ni NC , ni NC sur ce NCmod ."
1903,Daudet/1884_Daudet_sapho_N.txt,"Devant une maison de la rue de Beaune , une très ancienne rue de le Paris aristocratique d' autrefois où ils venaient de s' engager , de Potter s' arrêta .","ADVLIEU un NC de le NCmod de NP , un très ADJ NCs de le NP ADJ de ADVT où il venir de se INF , de NP se VPS ."
1904,Daudet/1884_Daudet_sapho_N.txt,"C' est là qu ' demeurait ou qu ' était censé demeurer pour les convenances , pour le monde , car réellement son temps se passait avenue de Villiers ou à Enghien , et ne faisait que de les apparitions à le domicile conjugal , pour empêcher que sa femme et son enfant n' eussent l' air trop abandonnés .","ce être ADVLIEU PPAS ' VCOND ou que ' être ADJ INF pour le NC , pour le NC , car ADVINT DETPOSS temps se VIMP NCo de NP ou à NP , et ne faire que de le NC à le NC ADJ , pour INF que DETPOSS NCs et DETPOSS NC ne PRES le NCMAN trop PPAS ."
1905,Daudet/1884_Daudet_sapho_N.txt,"Jean suivait sa route , esquissant déjà un adieu , mais l' autre lui retint la main dans ses longues mains dures de briseur de clavier et , sans le moindre embarras , comme un homme que son vice ne gêne plus : — Rendez -moi donc un service ... montez avec moi .","NP VIMP DETPOSS NCo , PPRES déjà un NCo , mais le autre lui VPS le NCCOR dans DETPOSS ADJ NCCOR ADJ de NCmod de NCmod et , sans le ADJ NCSENT , comme un NCmod que DETPOSS NCs ne PRES plus : — IMP soi donc un NCo ... IMP avec soi ."
1906,Daudet/1884_Daudet_sapho_N.txt,"Je devais dîner chez ma femme aujourd'hui , mais je ne peux vraiment pas laisser ma pauvre Rosa toute seule à son désespoir ... Vous servirez de prétexte à ma sortie et m' éviterez une explication ennuyeuse .","je devoir INF chez DETPOSS NC ADVT , mais je ne pouvoir ADVINT pas laisser DETPOSS ADJ NP tout ADJ à DETPOSS NCSENT ... vous PRES de NC à DETPOSS NCmod et lui VF un NCo ADJ ."
1907,Daudet/1884_Daudet_sapho_N.txt,"Le cabinet de le musicien , dans un superbe et froid appartement bourgeois de le second étage , sentait l' abandon de la pièce où l' on ne travaille pas .","le NCs de le NCmod , dans un ADJ et ADJ NCmod ADJ de le ADJ NCmod , sentir le NCo de le NCmod où l' on ne VSUBP pas ."
1908,Daudet/1884_Daudet_sapho_N.txt,"Tout y était trop net , sans rien de le désordre , de l' active petite fièvre qui gagne les objets et les meubles .","tout y être trop ADJ , sans rien de le NCmod , de le NC ADJ VSENT qui PRES le NCo et le NC ."
1909,Daudet/1884_Daudet_sapho_N.txt,"Pas un livre , pas un feuillet sur la table qu' encombrait majestueusement un énorme encrier de bronze à sec et reluisant comme dans une devanture ; ni la moindre partition à le vieux piano à forme d' épinette dont s' étaient inspirées les premières œuvres .","pas un NC , pas un NC sur le NCmod que VIMP ADVMAN un ADJ NCs de NCmod à NCmod et PPRES comme dans un NC ; ni le ADJ NC à le ADJ NCmod à NCmod de NCmod dont se être PPAS le ADJ NCs ."
1910,Daudet/1884_Daudet_sapho_N.txt,"Et un buste en marbre blanc , le buste d' une jeune femme à les traits délicats , à l' expression de douceur , tout pâle dans le jour qui tombait , faisait plus froide encore la cheminée sans feu et drapée , semblait regarder tristement les murs chargés de couronnes dorées , enrubannées , de médailles , de cadres commémoratifs , toute une défroque glorieuse et vaniteuse généreusement laissée à la femme en compensation , et qu' elle entretenait comme les ornements de tombe de son bonheur .","et un NCCOR en NCmod ADJCOL , le NCCOR de un ADJ NCmod à le NCmod ADJ , à le NCmod de NCmod , tout PRES dans le NCT qui VIMP , faire plus ADJ encore le NCs sans NCmod et NC , sembler VCOG ADV le NCo PPAS de NC ADJCOL , NC , de NC , de NC ADJ , tout un NC ADJ et ADJ ADVMAN laisser à le NC en NCmod , et que il VIMP comme le NC de NCmod de DETPOSS NCSENT ."
1911,Daudet/1884_Daudet_sapho_N.txt,"À peine étaient -ils entrés , la porte de le cabinet se rouvrit , et Mme de Potter parut : — C' est toi , Gustave ?","à NCSENT être il PPAS , le NCs de le NCmod se VPS , et madame de NP VPS : — ce être soi , NP ?"
1912,Daudet/1884_Daudet_sapho_N.txt,"Elle le croyait seul , s' arrêta devant la figure inconnue , avec une visible inquiétude .","il le VCOG ADJ , se VPS ADVLIEU le NCCOR ADJ , avec un ADJ NCSENT ."
1913,Daudet/1884_Daudet_sapho_N.txt,"Élégante et jolie , d' une recherche de mise intelligente , elle paraissait plus affinée que son buste , la douce physionomie changée en une résolution courageuse et nerveuse .","ADJ et ADJ , de un NC de NCmod ADJ , il paraître plus PPAS que DETPOSS NCCOR , le ADJ NC PPAS en un NC ADJ et ADJ ."
1914,Daudet/1884_Daudet_sapho_N.txt,"Dans le monde , les avis se partageaient sur ce caractère de femme .","dans le NC , le NCs se VIMP sur ce NC de NCmod ."
1915,Daudet/1884_Daudet_sapho_N.txt,"Les uns la blâmaient de supporter le dédain affiché de le mari , ce ménage en ville , connu , installé ; d' autres admiraient à le contraire sa résignation silencieuse .","le un le VIMP de INF le NCSENT PPAS de le NCmod , ce NC en NCmod , PPAS , PPAS ; de autre VIMP à le NC DETPOSS NCo ADJ ."
1916,Daudet/1884_Daudet_sapho_N.txt,"Et l' opinion générale la tenait pour une tranquille personne aimant son repos par-dessus tout , trouvant de les compensations suffisantes à son veuvage dans les caresses d' un bel enfant et la joie de porter le nom d' un grand homme .","et le NCs ADJ le VIMP pour un NC ADJ VSENT DETPOSS NCo ADV tout , PPRES de le NC ADJ à DETPOSS NCmod dans le NCmod de un ADJ NCmod et le NCSENT de INF le NCo de un ADJ NCmod ."
1917,Daudet/1884_Daudet_sapho_N.txt,"Mais pendant que le musicien présentait son compagnon et débitait n' importe quel mensonge pour se débarrasser de le dîner de famille , à le tressaillement de ce jeune visage féminin , à la fixité de ce regard qui ne voyait plus , n' écoutait plus , comme absorbé de souffrance , Jean pouvait se rendre compte que sous ces dehors mondains une grande douleur s' enterrait vivante .","mais PHASE que le NCs VIMP DETPOSS NCo et VIMP ne PRES quel NC pour se INF de le NC de NCmod , à le NC de ce ADJ NCCOR ADJ , à le NC de ce NCMAN qui ne VCOG plus , ne VCOG plus , comme PPAS de NCSENT , NP pouvoir se INF NCo que sous ce NC ADJ un ADJ NCSENT se VIMP ADJ ."
1918,Daudet/1884_Daudet_sapho_N.txt,"Elle parut accepter cette histoire qu' elle ne croyait pas , se contenta de dire doucement : — Raymond va pleurer , je lui avais promis que nous dînerions près de son lit .","il paraître INF ce NCo que il ne VCOG pas , se VSENT de VDIC ADVMAN : — NP aller INF , je lui avoir PPAS que nous VIMP ADVLIEU de DETPOSS NC ."
1919,Daudet/1884_Daudet_sapho_N.txt,— Comment est - ?,— comment être - ?
1920,Daudet/1884_Daudet_sapho_N.txt,"demanda de Potter , distrait , impatient .","VPS de NP , ADJ , ADJ ."
1921,Daudet/1884_Daudet_sapho_N.txt,"— Mieux , mais tousse toujours ... Tu ne viens pas le voir ?","— mieux , mais PRES ADVTEMPS ... je ne venir pas le VCOG ?"
1922,Daudet/1884_Daudet_sapho_N.txt,"bredouilla quelques mots dans sa moustache , en feignant de chercher autour de la pièce : — Pas maintenant ... très pressé ... rendez-vous à le club pour six heures ... Ce qu ' voulait éviter , c' était d' être seul avec elle .","bredouilla quelque NC dans DETPOSS NCCOR , en PPRES de INF ADV de le NC : — pas ADVT ... très ADJ ... NC à le NCmod pour NUM NCT ... ce NCs ' vouloir INF , ce être de être ADJ avec il ."
1923,Daudet/1884_Daudet_sapho_N.txt,"« Adieu alors » , fit la jeune femme subitement apaisée , les traits en place , refermée comme une eau pure que vient de troubler une pierre jusqu' à le fond .",""" NP alors "" , faire le ADJ NCo ADV PPAS , le NC en NCmod , PPAS comme un NC ADJ que venir de VSENT un NCo jusque à le NC ."
1924,Daudet/1884_Daudet_sapho_N.txt,"Elle salua , disparut .","il VPS , VPS ."
1925,Daudet/1884_Daudet_sapho_N.txt,— Filons !,— NP !
1926,Daudet/1884_Daudet_sapho_N.txt,"... Et de Potter délivré entraîna Gaussin qui regardait descendre devant lui , raide et correct dans son long pardessus serré de coupe anglaise , ce sinistre passionné , tellement ému quand portait à empailler le caméléon de sa maîtresse , et s' en allant sans embrasser son enfant malade .","... et de NP PPAS VPS NP qui VCOG INF ADVLIEU lui , ADJ et ADJ dans DETPOSS NCmod ADV ADJ de NCmod ADJ , ce NC ADJ , ADVINT VSENT quand VIMP à INF le NCo de DETPOSS NCmod , et se en aller sans INF DETPOSS NCo ADJ ."
1927,Daudet/1884_Daudet_sapho_N.txt,"— Tout ça , mon cher , fit le musicien comme en réponse à la pensée de son ami , c' est la faute de ceux qui m' ont marié .","— tout ça , DETPOSS NC , faire le NCo comme en NC à le NC de DETPOSS NCmod , ce être le NC de celui qui lui avoir PPAS ."
1928,Daudet/1884_Daudet_sapho_N.txt,Un vrai service qu' ils m' ont rendu là et à cette pauvre femme ... Quelle folie de vouloir faire de moi un mari et un père !,un vrai NC que il lui avoir PPAS ADVLIEU et à ce ADJ NC ... quel NC de vouloir faire de soi un NCo et un NC !
1929,Daudet/1884_Daudet_sapho_N.txt,"... J' étais l' amant de Rosa , je le suis resté , je le resterai jusqu' à ce que l' un de nous crève ... Un vice qui vous a pris à le bon moment , qui vous tient bien , est -ce qu' on s' en dégage jamais ?","... je être le NC de NP , je le être PPAS , je le VCOND jusque à ce que le un de nous PRES ... un NCs qui vous avoir PPAS à le ADJ NC , qui vous PRES bien , être ce que on se en PRES ADVTEMPS ?"
1930,Daudet/1884_Daudet_sapho_N.txt,"... Et vous-même , êtes-vous sûr que si Fanny avait voulu ?","... et ADV , êtes-le ADV que si NP avoir vouloir ?"
1931,Daudet/1884_Daudet_sapho_N.txt,"... héla un fiacre vide qui passait , et en montant : — À propos de Fanny , vous savez la nouvelle ?","... VPS un NCo ADJ qui VIMP , et en PPRES : — à NC de NP , vous VCOG le NCo ?"
1932,Daudet/1884_Daudet_sapho_N.txt,"... Flamant est gracié , sorti de Mazas ... C' est la pétition de Déchelette ... Pauvre Déchelette !","... NP être PPAS , PPAS de NP ... ce être le NC de NP ... NP NP !"
1933,Daudet/1884_Daudet_sapho_N.txt,aura fait de le bien même après sa mort .,avoir faire de le bien même PHASE DETPOSS NC .
1934,Daudet/1884_Daudet_sapho_N.txt,"Immobile , avec une envie folle de courir , de rattraper ces roues qui cahotaient à fond de train dans la rue sombre où le gaz s' allumait , Gaussin s' étonnait de se sentir si ému .","ADJ , avec un NC ADJ de INF , de INF ce NCo qui VIMP à NC de NCmod dans le NC ADJ où le NCs se VIMP , NP se VSENT de se sentir si VSENT ."
1935,Daudet/1884_Daudet_sapho_N.txt,"— Flamant gracié ... sorti de Mazas ... redisait ces mots tout bas , y voyant la raison de le silence de Fanny depuis quelques jours , de ses lamentations brusquement interrompues , tombées sous les caresses d' un consolateur ; car la première pensée de le misérable enfin libre avait dû être pour elle .","— NP ADJ ... PPAS de NP ... rediser ce NCo tout ADJ , y VCOG le NCo de le NCmod de NP depuis quelque NCT , de DETPOSS NC ADV PPAS , PPAS sous le NC de un NCmod ; car le ADJ NCs de le NCmod PHASE ADJ avoir devoir être pour il ."
1936,Daudet/1884_Daudet_sapho_N.txt,"se rappelait la correspondance amoureuse datée de la prison , l' obstination de sa maîtresse à défendre celui-là seul , quand elle faisait si bon marché de les autres ; et à le lieu de se féliciter d' une aventure qui logiquement le déchargeait de toute inquiétude , de tout remords , une angoisse indéfinissable le tint éveillé et fiévreux une partie de la nuit .","se VIMP le NCs ADJ PPAS de le NC , le NC de DETPOSS NCmod à INF celui-là ADJ , quand il faire si ADJ NC de le autre ; et à le NC de se INF de un NC qui ADVMAN le NCmod de tout NCSENT , de tout NCSENT , un NCSENT ADJ le NC ADJ et ADJ un NC de le NCT ."
1937,Daudet/1884_Daudet_sapho_N.txt,Pourquoi ?,pourquoi ?
1938,Daudet/1884_Daudet_sapho_N.txt,"ne l' aimait plus ; seulement songeait à ses lettres restées à les mains de cette femme , qu' elle lirait peut-être à l' autre , et dont — qui sait ?","ne le VSENT plus ; seulement VIMP à DETPOSS NC PPAS à le NCCOR de ce NCmod , que il VCOND peut-être à le autre , et dont — qui VCOG ?"
1939,Daudet/1884_Daudet_sapho_N.txt,"— sous une influence mauvaise , elle pourrait se servir un jour pour troubler son repos , son bonheur .","— sous un NCo ADJ , il pouvoir se INF un NCT pour VSENT DETPOSS NCo , DETPOSS NCSENT ."
1940,Daudet/1884_Daudet_sapho_N.txt,"Vraie ou fausse , ou cachant sans qu ' s' en doutât un souci d' autre genre , cette préoccupation de ses lettres le décida à une démarche imprudente , la visite à Chaville qu ' avait toujours obstinément refusée .","PPAS ou ADJ , ou PPRES sans qu ' se en VSUBI un NCSENT de autre NCmod , ce NCSENT de DETPOSS NCmod le VPS à un NC ADJ , le NC à NP que ' avoir ADVTEMPS ADV PPAS ."
1941,Daudet/1884_Daudet_sapho_N.txt,Mais à qui confier une mission aussi intime et délicate ?,mais à qui INF un NCo aussi ADJ et ADJ ?
1942,Daudet/1884_Daudet_sapho_N.txt,"... Un matin de février , prit le train de heures , très calme d' esprit et de cœur , avec la seule crainte de trouver la maison fermée , la femme disparue déjà à la suite de son bandit .","... un NCT de MOIS , VPS le NCo de NCT , très NCSENT de NC et de NC , avec le ADJ NCSENT de INF le NCo PPAS , le NC ADJ déjà à le NCmod de DETPOSS NCmod ."
1943,Daudet/1884_Daudet_sapho_N.txt,"Dès la courbe de la voie , les persiennes ouvertes , les rideaux à les fenêtres de le pavillon le rassurèrent ; et se souvenant de son émotion , lorsqu ' voyait fuir derrière lui la petite lumière mouchetant l' ombre , se raillait lui-même et la fragilité de ses impressions .","dès le NC de le NCmod , le ADJ NCs , le NCmod à le NCmod de le NCmod le VSENT ; et se PPRES de DETPOSS NCSENT , lorsque ' VCOG INF ADVLIEU lui le ADJ NCo PPRES le NCo , se VIMP soi-même et le NC de DETPOSS NCmod ."
1944,Daudet/1884_Daudet_sapho_N.txt,"Ce n' était plus le même homme qui passait là , et certainement ne trouverait plus la même femme .","ce ne être plus le même NC qui VIMP ADVLIEU , et ADVINT ne VCOND plus le même NCo ."
1945,Daudet/1884_Daudet_sapho_N.txt,n' y avait pourtant que deux mois depuis .,ne y avoir pourtant que NUM NCT depuis .
1946,Daudet/1884_Daudet_sapho_N.txt,"Les bois que longeait le train n' avaient pas pris de nouvelles feuilles , gardaient les mêmes lèpres de rouille que le jour de la rupture , et de sa clameur à les échos .","le NCs que VIMP le NCs ne avoir pas PPAS un ADJ NCo , VIMP le même NCo de NCmod que le NCT de le NCmod , et de DETPOSS NC à le NCmod ."
1947,Daudet/1884_Daudet_sapho_N.txt,"descendit seul à la station , par ce brouillard pénétrant et froid , prit le petit chemin de campagne tout glissant de neige durcie , la voûte de le chemin de fer , ne rencontra personne avant le Pavé de les Gardes , à le tournant de lequel apparurent un homme et un enfant suivis d' un employé de la gare poussant sa brouette chargée de malles .","VPS ADV à le NC , par ce NC ADJ et ADJ , VPS le ADJ NCo de NCmod tout PPRES de NC ADJ , le NC de le NCmod de NCmod , ne VPS NCo PHASE le NP de le NP , à le NC de lequel VPS un NCo et un NC PPAS de un NC de le NCmod PPRES DETPOSS NCo PPAS de NC ."
1948,Daudet/1884_Daudet_sapho_N.txt,"L' enfant , tout emmitouflé d' un cache-nez , la casquette jusqu' à les oreilles , retint un cri en passant près de lui .","le NCs , tout PPAS de un NC , le NC jusque à le NCCOR , VPS un NCo en PPRES ADVLIEU de lui ."
1949,Daudet/1884_Daudet_sapho_N.txt,"« Mais c' est Joseph ... » se dit-, un peu étonné et triste de cette ingratitude de le petit ; et s' étant retourné rencontra le regard de l' homme qui accompagnait l' enfant par la main .",""" mais ce être NP ... "" se dit-, un peu VSENT et ADJ de ce NC de le NCmod ; et se être PPAS VPS le NCMAN de le NCmod qui VIMP le NCo par le NCCOR ."
1950,Daudet/1884_Daudet_sapho_N.txt,"Cette figure intelligente et fine , pâlie par la claustration , ces vêtements de confection achetés de la veille , cette barbe blonde à fleur de menton , qui n' avait pas eu le temps de repousser depuis Mazas ... Flamant , parbleu !","ce NCCOR ADJ et ADJ , PPAS par le NC , ce NC de NCmod PPAS de le NCmod , ce NCCOR ADJCOL à NCmod de NCCOR , qui ne avoir pas avoir le temps de INF depuis NP ... NP , NC !"
1951,Daudet/1884_Daudet_sapho_N.txt,Et Joseph était son fils ... Ce fut une révélation dans un éclair .,et NP être DETPOSS NC ... ce être un NC dans un NCmod .
1952,Daudet/1884_Daudet_sapho_N.txt,"revit , comprit tout , depuis la lettre de le coffret où le beau graveur confiait à sa maîtresse un enfant qu ' avait en province , jusqu' à l' arrivée mystérieuse de le petit , et la mine gênée d' Hettéma pour parler de cette adoption , et les regards de Fanny à Olympe ; car ils s' étaient tous entendus pour lui faire nourrir le fils de le faussaire .","VPS , VCOG tout , depuis le NC de le NCmod où le ADJ NCs VIMP à DETPOSS NC un NCo ADJ ' avoir en NC , jusque à le NC ADJ de le NCmod , et le NC ADJ de NP pour INF de ce NC , et le NCMAN de NP à NP ; car il se être tout VCOG pour lui faire INF le NCo de le NCmod ."
1953,Daudet/1884_Daudet_sapho_N.txt,Oh !,INTJ !
1954,Daudet/1884_Daudet_sapho_N.txt,"le joli niais , et comme ils avaient dû rire !","le NC ADJ , et comme il avoir devoir NCMAN !"
1955,Daudet/1884_Daudet_sapho_N.txt,"... Un dégoût lui en vint de tout ce passé de honte , une envie de fuir bien loin ; mais de les choses le troublaient qu ' aurait voulu savoir .","... un NCSENT lui en venir de tout ce NC de NCSENT , un NCo de INF bien ADVLIEU ; mais de le chose le VIMP qu ' avoir vouloir VCOG ."
1956,Daudet/1884_Daudet_sapho_N.txt,"L' homme et l' enfant partis , pourquoi pas elle ?","le NC et le NC ADJ , pourquoi pas il ?"
1957,Daudet/1884_Daudet_sapho_N.txt,"Et puis ses lettres , lui fallait ses lettres , ne rien laisser de lui dans ce coin de souillure et de malheur .","et puis DETPOSS NCs , lui VIMP DETPOSS NCo , ne rien laisser de lui dans ce NC de NCmod et de NC ."
1958,Daudet/1884_Daudet_sapho_N.txt,— Madame ?,— madame ?
1959,Daudet/1884_Daudet_sapho_N.txt,... Voilà monsieur !,... Voile monsieur !
1960,Daudet/1884_Daudet_sapho_N.txt,"... — Qui , monsieur ?","... — qui , monsieur ?"
1961,Daudet/1884_Daudet_sapho_N.txt,... demanda naïvement une voix de le fond de la chambre .,... VPS ADV un NCMAN de le NCmod de le NCmod .
1962,Daudet/1884_Daudet_sapho_N.txt,"— Moi ... On entendit un cri , un bond précipité , puis : — Attends , je me lève ... je viens ... Encore à le lit à passé !","— soi ... on VCOG un NCo , un NC PPAS , puis : — Attends , je me PRES ... je venir ... encore à le NC avoir passer !"
1963,Daudet/1884_Daudet_sapho_N.txt,"Jean se doutait bien pourquoi , connaissait les causes de ces lendemains brisés , harassés ; et pendant qu ' l' attendait dans la salle à les moindres objets familiers , le sifflet de le train montant , le « mé » grelottant d' une chèvre dans un jardinet voisin , les couverts épars sur la table le reportaient à les matins d' autrefois , le petit déjeuner en hâte avant le départ .","NP se VIMP bien pourquoi , VIMP le NCo de ce NCmod PPAS , PPAS ; et PHASE qu ' le VIMP dans le NC à le ADJ NC ADJ , le NCs de le NCmod ADJ , le "" NC "" PPRES de un NC dans un NCmod ADJ , le ADJ NCs sur le NCmod le VIMP à le NCT de ADVT , le ADJ NC en NCmod PHASE le NCmod ."
1964,Daudet/1884_Daudet_sapho_N.txt,"Fanny entra avec un élan vers lui , puis , s' arrêtant devant sa froideur , ils restèrent une seconde étonnés , hésitants , comme lorsqu' on se retrouve après ces intimités brisées , de chaque côté d' un pont rompu , d' une distance de rive à rive , et entre soi l' espace immense de les flots roulants et engloutissants .","NP VPS avec un NC vers lui , puis , se PPRES ADVLIEU DETPOSS NC , il VPS un NCT VSENT , ADJ , comme lorsque on se PRES PHASE ce NC ADJ , de chaque NCmod de un NCmod ADJ , de un NC de NCmod à NCmod , et entre soi le NC ADJ de le NCmod ADJ et ADJ ."
1965,Daudet/1884_Daudet_sapho_N.txt,"— Bonjour ... dit -elle tout bas , sans bouger .","— INTJ ... VDIC il tout ADJ , sans NC ."
1966,Daudet/1884_Daudet_sapho_N.txt,"Elle le trouvait changé , pâli .","il le VIMP PPAS , PPAS ."
1967,Daudet/1884_Daudet_sapho_N.txt,"Lui s' étonnait de la revoir si jeune , un peu grossie seulement , moins grande qu ' ne se la figurait , mais baignée de ce rayonnement spécial , cet éclat de le teint et de les yeux , cette douceur de pelouse fraîche que lui laissaient les nuits de grandes caresses .","il se VSENT de le VCOG si ADJ , un peu ADJ seulement , moins ADJ que ' ne se le VIMP , mais PPAS de ce NC ADJ , ce NCo de le NCmod et de le NCCOR , ce NC de NCmod ADJ que lui VIMP le NCT de ADJ NCmod ."
1968,Daudet/1884_Daudet_sapho_N.txt,"Elle était donc restée dans le bois , à le fond de le ravin encombré de feuilles mortes , celle dont le souvenir le rongeait de pitié .","il être donc PPAS dans le NC , à le NC de le NCmod PPAS de NCmod ADJ , celui dont le INF le VSENT de VSENT ."
1969,Daudet/1884_Daudet_sapho_N.txt,— On se lève tard à la campagne ... fit - d' un accent ironique .,— on se PRES tard à le NC ... faire - de un NC ADJ .
1970,Daudet/1884_Daudet_sapho_N.txt,"Elle s' excusait , prétextait une migraine , et , comme lui , employait de les formes impersonnelles , ne sachant dire ni toi , ni vous ; puis à l' interrogation muette qui lui montrait le repas desservi : — C' est l' enfant ... a déjeuné là ce matin avant de s' en aller ... — S' en aller ?","il se VIMP , VIMP un NCo , et , comme lui , VIMP de le NC ADJ , ne VCOG VDIC ni soi , ni vous ; puis à le NC ADJ qui lui VIMP le NCo PPAS : — ce être le NCs ... avoir PPAS ADVLIEU ce NCT PHASE de se en aller ... — se en aller ?"
1971,Daudet/1884_Daudet_sapho_N.txt,... Où donc ?,... où donc ?
1972,Daudet/1884_Daudet_sapho_N.txt,"affectait une suprême indifférence de le bout de les lèvres , mais l' éclair de ses yeux le trahissait .","VSENT un ADJ VSENT de le NCmod de le NCCOR , mais le NCs de DETPOSS NCCOR le VIMP ."
1973,Daudet/1884_Daudet_sapho_N.txt,"Et Fanny : — Le père a reparu ... est venu le reprendre ... — En sortant de Mazas , n' est -ce pas ?","et NP : — le NCs avoir PPAS ... être venir le INF ... — en PPRES de NP , ne être ce pas ?"
1974,Daudet/1884_Daudet_sapho_N.txt,"Elle tressaillit , mais n' essaya pas de mentir .","il PRES , mais ne VPS pas de INF ."
1975,Daudet/1884_Daudet_sapho_N.txt,"— Eh bien , oui ... J' avais promis , je l' ai fait ... Que de fois l' envie me tenait de te le dire , mais je n' osais pas , j' avais peur que tu le renvoies , le pauvre petit ... Et elle ajouta timidement : — Tu étais si jaloux ... eut un beau rire de dédain .","— INTJ bien , oui ... je avoir PPAS , je le avoir faire ... que de fois le NCs me VIMP de me le VDIC , mais je ne PRES pas , je avoir NCSENT que je le PPAS , le NP ADJ ... et il VPS ADVMAN : — je être si ADJ ... avoir un ADJ NCMAN de NCSENT ."
1976,Daudet/1884_Daudet_sapho_N.txt,"Jaloux , lui , de ce forçat ... allons donc !","NP , lui , de ce NC ... aller donc !"
1977,Daudet/1884_Daudet_sapho_N.txt,"... Et sentant monter sa colère coupa court , dit vivement ce qui l' amenait .","... et sentir INF DETPOSS NCSENT VPS ADJ , VDIC ADVINT ce qui le VIMP ."
1978,Daudet/1884_Daudet_sapho_N.txt,Ses lettres !,DETPOSS NC !
1979,Daudet/1884_Daudet_sapho_N.txt,"... Pourquoi ne les avait -elle pas données à Césaire , cela leur eût évité une entrevue pénible pour tous deux .","... pourquoi ne le avoir il pas PPAS à NP , cela lui avoir PPAS un NCo ADJ pour tout NUM ."
1980,Daudet/1884_Daudet_sapho_N.txt,"— C' est vrai , dit -elle , toujours très douce , mais je vais te les rendre , elles sont là ... la suivit dans la chambre , aperçut le lit défait , recouvert en hâte sur les deux oreillers , respira cette odeur de cigarettes brûlées mêlée à de les parfums de toilette de femme , qu ' reconnaissait comme le petit coffret nacré posé sur la table .","— ce être vrai , VDIC il , ADVTEMPS très ADJ , mais je aller me le INF , il être ADVLIEU ... le VPS dans le NC , VPS le NCs PPAS , PPAS en NC sur le NUM NC , VF ce NCo de NCmod VSENT PPAS à de le NC de NCmod de NCmod , que ' VCOG comme le ADJ NC ADJ PPAS sur le NC ."
1981,Daudet/1884_Daudet_sapho_N.txt,"Et la même pensée leur venant à tous deux : — n' y en a pas lourd , dit -elle en ouvrant la boîte ... nous ne risquerions pas de mettre le feu ... se taisait , troublé , la bouche sèche , hésitant à se rapprocher de ce lit saccagé , devant lequel elle feuilletait les lettres une dernière fois , la tête penchée , la nuque solide et blanche sous la torsade relevée de ses cheveux , et dans le flottant vêtement de laine la taille épaissie et molle , à l' abandon ... — Voilà !","et le même NCs lui venir à tout NUM : — ne y en avoir pas ADJ , VDIC il en PPRES le NCo ... nous ne VIMP pas de mettre le NCo ... se VIMP , VSENT , le NCCOR ADJ , PPRES à se INF de ce NC ADJ , ADVLIEU lequel il VIMP le NCo un ADJ fois , le NCCOR PPAS , le NC ADJ et ADJCOL sous le NCmod PPAS de DETPOSS NCCOR , et dans le ADJ NC de NCmod le NC ADJ et ADJ , à le NCmod ... — voilà !"
1982,Daudet/1884_Daudet_sapho_N.txt,... Elles y sont toutes .,... il y être tout .
1983,Daudet/1884_Daudet_sapho_N.txt,"Le paquet pris , mis brusquement dans sa poche , car ses préoccupations avaient changé , Jean demanda : — Alors emmène son enfant ?","le NC PPAS , mettre ADV dans DETPOSS NC , car DETPOSS NCSENT avoir PPAS , NP demander : — alors PRES DETPOSS NCo ?"
1984,Daudet/1884_Daudet_sapho_N.txt,... Où vont -ils ?,... où aller il ?
1985,Daudet/1884_Daudet_sapho_N.txt,"... — À le Morvan , dans son pays , pour se cacher , faire sa gravure qu ' enverra à Paris sous un faux nom .","... — à le NP , dans DETPOSS NCmod , pour se INF , faire DETPOSS NCo que ' VF à NP sous un ADJ NC ."
1986,Daudet/1884_Daudet_sapho_N.txt,— Et toi ?,— et soi ?
1987,Daudet/1884_Daudet_sapho_N.txt,... Est -ce que tu comptes rester ?,... être ce que je PPAS INF ?
1988,Daudet/1884_Daudet_sapho_N.txt,"... Elle détourna les yeux pour lui échapper , balbutiant que ce serait bien triste .","... il VPS le NCCOR pour lui INF , VDIC que ce être bien ADJ ."
1989,Daudet/1884_Daudet_sapho_N.txt,Aussi elle pensait ... elle partirait peut-être bientôt ... un petit voyage .,aussi il VCOG ... il VCOND peut-être bientôt ... un ADJ NCo .
1990,Daudet/1884_Daudet_sapho_N.txt,"— Dans le Morvan , sans doute ?","— dans le NP , sans NCSENT ?"
1991,Daudet/1884_Daudet_sapho_N.txt,... En famille !,... en NC !
1992,Daudet/1884_Daudet_sapho_N.txt,"... Et lâchant sa fureur jalouse : — Dis donc tout de suite que tu rejoindras ton voleur , que vous allez vous mettre en ménage ... y a assez longtemps que tu en as envie ... Allons .","... et PPRES DETPOSS NCo ADJ : — VDIC donc tout de NC que je ADJ DETPOSS NC , que vous aller vous mettre en NC ... y avoir ADV longtemps que je en NCmod NCmod ... NP ."
1993,Daudet/1884_Daudet_sapho_N.txt,"Retourne à ta bauge ... Fille et faussaire ça va ensemble , j' étais bien bon de vouloir te tirer de cette boue .","IMP à ta NCs ... NC et ADJ ça aller ensemble , je être bien ADJ de vouloir me INF de ce NC ."
1994,Daudet/1884_Daudet_sapho_N.txt,"Elle gardait son mutisme immobile , un éclair de triomphe filtrant entre ses cils baissés .","il VIMP DETPOSS NCo ADJ , un NC de NCmod PPRES entre DETPOSS NCCOR PPAS ."
1995,Daudet/1884_Daudet_sapho_N.txt,"Et plus la cinglait d' une ironie féroce , outrageante , plus elle semblait fière , et s' accentuait le frisson à le coin de sa bouche .","et plus le NC de un NCmod ADJ , ADJ , plus il sembler NCo , et se VIMP le NCSENT à le NCmod de DETPOSS NCCOR ."
1996,Daudet/1884_Daudet_sapho_N.txt,"Maintenant parlait de son bonheur à lui , l' amour honnête et jeune , le seul amour .","ADVT VIMP de DETPOSS NCSENT à lui , le NCSENT ADJ et ADJ , le ADJ NCSENT ."
1997,Daudet/1884_Daudet_sapho_N.txt,Oh !,INTJ !
1998,Daudet/1884_Daudet_sapho_N.txt,"le doux oreiller pour dormir qu' un cœur d' honnête femme ... Puis , brusquement , la voix baissée , comme s ' avait honte : — Je viens de le rencontrer , ton Flamant , a passé la nuit ?","le ADJ NC pour INF que un NC de ADJ NCmod ... puis , ADV , le NCMAN PPAS , comme s ' avoir NCSENT : — je venir de le INF , DETPOSS NC , avoir PPAS le NCT ?"
1999,Daudet/1884_Daudet_sapho_N.txt,"— Oui , était tard , neigeait ... On lui a fait un lit sur le divan .","— oui , être tard , VIMP ... on lui avoir faire un NCo sur le NCmod ."
2000,Daudet/1884_Daudet_sapho_N.txt,"— Tu mens , a couché là ... n' y a qu' à voir le lit , qu' à te regarder .","— je NCs , avoir PPAS ADVLIEU ... ne y avoir que à VCOG le NCo , que à me VCOG ."
2001,Daudet/1884_Daudet_sapho_N.txt,— Et après ?,— et PHASE ?
2002,Daudet/1884_Daudet_sapho_N.txt,"Elle approchait son visage de le sien , ses grands yeux gris éclairés de flammes libertines ... — Est -ce que je savais que tu viendrais ?","il VIMP DETPOSS NCCOR de le sien , DETPOSS ADJ NCCOR ADJCOL PPAS de NC ADJ ... — être ce que je VCOG que je venir ?"
2003,Daudet/1884_Daudet_sapho_N.txt,"... Et toi perdu , qu' est -ce que ça pouvait me faire , tout le reste ?","... et soi PPAS , que être ce que ça pouvoir me faire , tout le NC ?"
2004,Daudet/1884_Daudet_sapho_N.txt,"J' étais triste , seule , dégoûtée ... — Et puis le bouquet de le bagne !","je être ADJ , ADJ , VSENT ... — et puis le NC de le NCmod !"
2005,Daudet/1884_Daudet_sapho_N.txt,"... Depuis le temps que tu vivais avec un honnête homme ... ça t' a semblé bon , hein ?","... depuis le temps que je VIMP avec un ADJ NC ... ça lui avoir sembler ADJ , ADJ ?"
2006,Daudet/1884_Daudet_sapho_N.txt,... Avez -vous dû vous en fourrer de ces caresses ... Ah !,... avoir vous devoir vous en INF de ce NC ... INTJ !
2007,Daudet/1884_Daudet_sapho_N.txt,saleté !,NC !
2008,Daudet/1884_Daudet_sapho_N.txt,"... tiens ... Elle vit venir le coup sans l' éviter , le reçut en pleine figure , puis avec un grondement sourd de douleur , de joie , de victoire , elle sauta sur lui , l' empoigna à pleins bras : « M' ami , m' ami ... tu m' aimes encore ... » et ils roulèrent ensemble sur le lit .","... NC ... il PRES venir le NCo sans le INF , le VPS en ADJ NCCOR , puis avec un NC ADJ de NCSENT , de NCSENT , de NC , il VPS sur lui , le VPS à ADJ NCCOR : "" le NC , le NC ... je le VSENT encore ... "" et il VPS ensemble sur le NC ."
2009,Daudet/1884_Daudet_sapho_N.txt,"Le passage à grand fracas d' un express le réveilla en sursaut vers le soir ; et les yeux ouverts , resta quelques instants sans se reconnaître , tout seul à le fond de ce grand lit où ses membres rompus comme par une marche excessive semblaient posés les uns à côté de les autres , sans attaches ni ressorts .","le NCs à ADJ NCmod de un NCmod le VPS en NC vers le NCT ; et le NCCOR ADJ , VPS quelque NCo sans se VCOG , tout ADJ à le NC de ce ADJ NCmod où DETPOSS NCs ADJ comme par un NCmod ADJ VIMP ADJ le NCo à NC de le autre , sans NCmod ni NC ."
2010,Daudet/1884_Daudet_sapho_N.txt,"L' après - , était tombé beaucoup de neige .","le PHASE - , être PPAS beaucoup de NC ."
2011,Daudet/1884_Daudet_sapho_N.txt,"Dans un silence de désert , on l' entendait fondre , ruisseler contre les murs , le long de les vitres , s' égoutter dans les combles de le toit , et , par moments , sur le feu de coke de la cheminée qu' elle éclaboussait .","dans un NC de NCmod , on le VCOG INF , INF contre le NC , le NCmod de le NCmod , se INF dans le NC de le NCmod , et , par NC , sur le NCmod de NCmod de le NCmod que il VIMP ."
2012,Daudet/1884_Daudet_sapho_N.txt,Où était - ?,où être - ?
2013,Daudet/1884_Daudet_sapho_N.txt,Que faisait- là ?,que ADV ADVLIEU ?
2014,Daudet/1884_Daudet_sapho_N.txt,"Peu à peu , dans la réverbération de le petit jardin , la chambre lui apparaissait toute blanche , éclairée d' en bas , le grand portrait de Fanny dressé en face de lui , et le souvenir lui revenait de sa chute , sans le moindre étonnement .","peu à peu , dans le NC de le ADJ NCmod , le NCs lui VIMP tout ADJCOL , PPAS de en NC , le ADJ NC de NP PPAS en NC de lui , et le NCs lui VIMP de DETPOSS NC , sans le ADJ NCSENT ."
2015,Daudet/1884_Daudet_sapho_N.txt,"Dès en entrant , devant ce lit , s' était senti repris , perdu ; ces draps l' attiraient comme un gouffre , et se disait : « Si j' y tombe , ce sera sans rémission et pour toujours .","dès en PPRES , ADVLIEU ce NC , se être sentir PPAS , PPAS ; ce NCs le VSENT comme un NC , et se VDIC : "" si je y PRES , ce être sans NC et pour ADVTEMPS ."
2016,Daudet/1884_Daudet_sapho_N.txt,"» C' était fait ; et sous le triste dégoût de sa lâcheté , y avait comme un soulagement à l' idée qu ' ne sortirait plus de cette fange , le pitoyable bien-être de le blessé qui , perdant son sang , traînant sa plaie , s' est étendu sur un tas de fumier pour y mourir , et las de souffrir , de lutter , toutes les veines ouvertes , s' enfonce délicieusement dans la tiédeur molle et fétide .",""" ce être faire ; et sous le ADJ NCSENT de DETPOSS NCmod , y avoir comme un NCSENT à le NCmod que ' ne VIMP plus de ce NC , le ADJ NCSENT de le NCmod qui , PPRES DETPOSS NCCOR , PPRES DETPOSS NCo , se être PPAS sur un NC de NCmod pour y INF , et NC de VSENT , de INF , tout le NC ADJ , se PRES ADVINT dans le NC ADJ et ADJ ."
2017,Daudet/1884_Daudet_sapho_N.txt,"Ce qui lui restait à faire maintenant était horrible , mais très simple .","ce qui lui VIMP à faire ADVT être ADJ , mais très ADJ ."
2018,Daudet/1884_Daudet_sapho_N.txt,"Retourner à Irène après cette trahison , risquer un ménage à la de Potter ?","INF à NP PHASE ce NC , INF un NCo à le de NP ?"
2019,Daudet/1884_Daudet_sapho_N.txt,"... Si bas qu ' fût tombé , n' en était pas encore là ... allait écrire à Bouchereau , à le grand physiologiste qui le premier a étudié et décrit les maladies de la volonté , lui en soumettre un cas terrible , l' histoire de sa vie depuis la première rencontre avec cette femme quand elle lui avait posé sa main sur le bras , jusqu' à le jour où , se croyant sauvé , en plein bonheur , en pleine ivresse , elle le ressaisissait par la magie de le passé , cet horrible passé où l' amour tenait si peu de place , seulement la lâche habitude et le vice entré dans les os ... La porte s' ouvrit .","... si ADJ que ' être PPAS , ne en être pas encore ADVLIEU ... aller INF à NP , à le ADJ NCmod qui le ADJ avoir PPAS et PPAS le NCo de le NCmod , lui en INF un NCo ADJ , le NC de DETPOSS NCmod depuis le ADJ NCmod avec ce NCmod quand il lui avoir PPAS DETPOSS NCCOR sur le NCCOR , jusque à le NCT où , se VCOG PPAS , en ADJ NCSENT , en ADJ NCSENT , il le VIMP par le NC de le NCmod , ce NC PPAS où le NCSENT VIMP si peu de NC , seulement le NC NC et le NC PPAS dans le NC ... le NCs se PRES ."
2020,Daudet/1884_Daudet_sapho_N.txt,Fanny marchait tout doucement dans la chambre pour ne pas le réveiller .,NP VIMP tout ADVMAN dans le NC pour ne pas le INF .
2021,Daudet/1884_Daudet_sapho_N.txt,"Entre ses paupières closes , la regardait , alerte et forte , rajeunie , chauffant à le foyer ses pieds trempés de la neige de le jardin , et de temps en temps tournée vers lui avec le petit sourire qu' elle avait le matin , dans la dispute .","entre DETPOSS NCCOR ADJ , le VCOG , ADJ et fort , NC , PPRES à le NC DETPOSS NCCOR PPAS de le NCmod de le NCmod , et de temps en temps PPAS vers lui avec le ADJ NCMAN que il avoir le NCT , dans le NC ."
2022,Daudet/1884_Daudet_sapho_N.txt,"Elle vint prendre le paquet de maryland à sa place habituelle , roula une cigarette et s' en allait , mais la retint .","il venir INF le NCo de NCmod à DETPOSS NC ADJ , VPS un NCo et se en aller , mais le VPS ."
2023,Daudet/1884_Daudet_sapho_N.txt,— Tu ne dors donc pas ?,— je ne dors donc pas ?
2024,Daudet/1884_Daudet_sapho_N.txt,— Non ... assieds -toi là ... et causons .,— non ... PRES soi ADVLIEU ... et NC .
2025,Daudet/1884_Daudet_sapho_N.txt,"Elle resta à le bord de le lit , un peu surprise de cette gravité .","il VPS à le NC de le NCmod , un peu NCSENT de ce NCmod ."
2026,Daudet/1884_Daudet_sapho_N.txt,— Fanny ... Nous allons partir .,— NP ... nous aller INF .
2027,Daudet/1884_Daudet_sapho_N.txt,Elle crut d' abord qu ' plaisantait pour l' éprouver .,il VPS de NC qu ' VIMP pour le VSENT .
2028,Daudet/1884_Daudet_sapho_N.txt,Mais les détails très précis qu ' donnait la détrompèrent vite .,mais le NCs très ADJ qu ' VIMP le VPS ADV .
2029,Daudet/1884_Daudet_sapho_N.txt,"y avait un poste vacant , celui d' Arica ; le demanderait .","y avoir un NCo ADJ , celui de NP ; le VCOND ."
2030,Daudet/1884_Daudet_sapho_N.txt,"C' était l' affaire d' une quinzaine de jours , le temps de préparer les malles ... — Et ton mariage ?","ce être le NC de NUM NCmod de NCT , le temps de INF le NCo ... — et DETPOSS NC ?"
2031,Daudet/1884_Daudet_sapho_N.txt,"— Plus un mot là-dessus ... Ce que j' ai fait est irréparable ... Je vois bien que c' est fini , je ne pourrai plus me séparer de toi .","— plus un NC ADV ... ce que je avoir faire être ADJ ... je ADV bien que ce être ADJ , je ne pouvoir plus me INF de soi ."
2032,Daudet/1884_Daudet_sapho_N.txt,— Pauvre bébé !,— NP PPAS !
2033,Daudet/1884_Daudet_sapho_N.txt,"fit -elle avec une douceur triste , un peu méprisante .","faire il avec un NC ADJ , un peu ADJ ."
2034,Daudet/1884_Daudet_sapho_N.txt,"Puis , après avoir tiré deux ou trois bouffées : — C' est loin , ce pays que tu dis ?","puis , PHASE avoir PPAS NUM ou NUM NCo : — ce être ADVLIEU , ce NC que je VDIC ?"
2035,Daudet/1884_Daudet_sapho_N.txt,— Arica ?,— NP ?
2036,Daudet/1884_Daudet_sapho_N.txt,"... très loin , à le Pérou ... Et tout bas : — Flamant ne pourra pas te rejoindre ... Elle resta songeuse et mystérieuse dans son nuage de tabac .","... très ADVLIEU , à le NP ... et tout ADJ : — PPRES ne pouvoir pas me INF ... il VPS ADJ et ADJ dans DETPOSS NC de NCmod ."
2037,Daudet/1884_Daudet_sapho_N.txt,"Lui , tenait toujours sa main , frôlait son bras nu , et bercé par le dégoulinement de l' eau tout autour de la petite maison , fermait les yeux , s' enfonçait dans la vase doucement .","il , VIMP ADVTEMPS DETPOSS NCCOR , VIMP DETPOSS NCCOR ADJ , et PPAS par le NC de le NCmod tout ADV de le ADJ NC , VIMP le NCCOR , se VIMP dans le NC ADVMAN ."
2038,Daudet/1884_Daudet_sapho_N.txt,"Table de les matières Nerveux , trépidant , sous vapeur , déjà parti comme tous ceux qui s' apprêtent à le départ , Gaussin est depuis deux jours à Marseille où Fanny doit venir le rejoindre et s' embarquer avec lui .","ADJ de le NC ADJ , PPRES , sous NC , déjà PPAS comme tout celui qui se PRES à le NC , NP être depuis NUM NCT à NP où NP devoir venir le INF et se INF avec lui ."
2039,Daudet/1884_Daudet_sapho_N.txt,"Tout est prêt , les places retenues , deux cabines de première pour le vice-consul d' Arica voyageant avec sa belle-sœur ; et le voilà qui arpente le carreau dérougi de la chambre d' hôtel , dans la double attente fiévreuse de sa maîtresse et de l' appareillage .","tout être ADJ , le NC NCSENT , NUM NC de NCmod pour le NCmod de NP PPRES avec DETPOSS NC ; et le voilà qui PRES le NCo ADJ de le NCmod de NCmod , dans le ADJ NCmod ADJ de DETPOSS NCmod et de le NC ."
2040,Daudet/1884_Daudet_sapho_N.txt,"faut qu ' marche et s' agite sur place , puisqu ' n' ose sortir .","PRES que ' PRES et se PRES sur NC , puisque ' ne PRES INF ."
2041,Daudet/1884_Daudet_sapho_N.txt,"La rue le gêne comme un criminel , comme un déserteur , la rue marseillaise mêlée et grouillante où lui semble qu' à chaque tournant son père , le vieux Bouchereau vont se montrer , lui mettre la main sur l' épaule pour le reprendre et le ramener .","le NCs le PRES comme un NC , comme un NCmod , le NC ADJ ADJ et ADJ où lui sembler que à chaque NC DETPOSS NC , le ADJ NP aller se INF , lui mettre le NCCOR sur le NCCOR pour le INF et le INF ."
2042,Daudet/1884_Daudet_sapho_N.txt,"s' enferme , mange là sans même descendre à la table d' hôte , lit sans fixer ses yeux , se jette sur son lit , distrayant ses vagues siestes avec le Naufrage de La Pérouse , la Mort de le capitaine Cook pendus à les murs , piquetés de mouches , et de les heures entières s' accoude à le balcon en bois vermoulu , abrité d' un store jaune aussi rapiécé que la voile d' un bateau de pêche .","se PRES , PRES ADVLIEU sans même INF à le NC de NCmod , NC sans INF DETPOSS NCCOR , se PRES sur DETPOSS NC , PPRES DETPOSS NCo ADJ avec le NC de La NP , le NCs de le NCmod NP PPAS à le NC , PPAS de NC , et de le NCT ADJ se PRES à le NC en NC ADJ , NC de un NCmod ADJCOL aussi PPAS que le NC de un NCmod de NCmod ."
2043,Daudet/1884_Daudet_sapho_N.txt,"Son hôtel , « l' Hôtel de le Jeune Anacharsis » , dont le nom pris à le hasard sur le Bottin l' a tenté quand convenait de le rendez-vous avec Fanny , est une vieille auberge point luxueuse ni même très propre , mais qui donne sur le port , en pleine marine , en plein voyage .","DETPOSS NCs , "" le NC de le ADJ NP "" , dont le NCs PPAS à le NC sur le NP le avoir PPAS quand VIMP de le NC avec NP , être un ADJ NC ADV ADJ ni même très ADJ , mais qui PRES sur le NC , en ADJ NC , en ADJ NC ."
2044,Daudet/1884_Daudet_sapho_N.txt,"Sous ses fenêtres , de les perruches , de les cacatoès , de les oiseaux de les îles à le doux ramage interminable , tout l' étalage en plein air d' un oiselier dont les cages empilées saluent le jour levant d' une rumeur de forêt vierge , couverte et dominée , à mesure que la journée s' avance , par les bruyants travaux de le port , réglés à le bourdon de Notre Dame-de-la-Garde .","sous DETPOSS NC , de le NCmod , de le NC , de le NC de le NCmod à le ADJ NCmod ADJ , tout le NC en ADJ NCMAN de un NCmod dont le NCs ADJ PRES le NCT PPRES de un NC de NCmod ADJ , PPAS et PPAS , à NC que le NCT se PRES , par le ADJ NC de le NCmod , PPAS à le NC de son NP ."
2045,Daudet/1884_Daudet_sapho_N.txt,"C' est une confusion de jurons dans toutes les langues , de cris de bateliers , de portefaix , de marchands de coquillages , entre les coups de marteau de le bassin de radoub , le grincement de les grues , le heurt sonore de les « romaines » rebondissant sur le pavé , cloches de bords , sifflets de machines , bruits rythmés de pompes , de cabestans , eaux de cale qu' on dégorge , vapeur qui s' échappe , tout ce fracas doublé et répercuté par le tremplin de la mer voisine , d' où monte de loin en loin le mugissement rauque , l' haleine de monstre marin d' un grand transatlantique qui prend le large .","ce être un NC de NCmod dans tout le NCCOR , de NC de NCmod , de NC , de NC de NCmod , entre le NCmod de NCmod de le NCmod de NCmod , le NC de le NCmod , le NC ADJ de le "" NCmod "" PPRES sur le NC , NC de NCmod , NC de NCmod , NC ADJ de NCmod , de NC , NC de NCmod que on PRES , NC qui se PRES , tout ce NC PPAS et PPAS par le NC de le NCmod ADJ , de où NC de ADVLIEU en ADVLIEU le NC ADJ , le NC de NCmod ADJ de un ADJ NCmod qui PRES le NCo ."
2046,Daudet/1884_Daudet_sapho_N.txt,"Et les odeurs aussi évoquent de les pays lointains , de les quais plus ensoleillés et chauds encore que celui- ; les bois de santal , de campêche qu' on décharge , les limons , les oranges , pistaches , fèves , arachides , dont l' âcre senteur se dégage , monte avec de les tourbillons de poussières exotiques dans une atmosphère saturée d' eau saumâtre , d' herbes brûlées , de les graisses fumeuses de les Cook-house .","et le NCs aussi PRES de le NC ADJ , de le NC plus ADJ et ADJ encore que celui- ; le NCo de NCmod , de NC que on PRES , le NC , le ADJCOL , NC , NC , NC , dont le ADJ NCs se PRES , PRES avec de le NC de NCmod ADJ dans un NC PPAS de NC ADJ , de NC VSENT , de le NC ADJ de le NP ."
2047,Daudet/1884_Daudet_sapho_N.txt,"Le soir venu , ces rumeurs s' apaisent , ces épaisseurs de l' air retombent et s' évaporent ; et tandis que Jean , rassuré par l' ombre , le store relevé , regarde le port endormi et noir sous l' entrecroisement en hachures de les mâts , de les vergues , de les beauprés , quand le silence n' est traversé que de le clapotis d' une rame , de l' aboi lointain d' un chien de bord , à le large , tout à le large , le phare de Planier projette en tournant une longue flamme rouge ou blanche qui déchire l' ombre , montre en un clignotement d' éclair de les silhouettes d' îles , de forts , de roches .","le NCT venir , ce NCs se VSENT , ce NCs de le NCMAN PRES et se PRES ; et PHASE que NP , VSENT par le NC , le NCs PPAS , VCOG le NCo ADJ et ADJ sous le NC en NC de le NCmod , de le NC , de le NC , quand le NCspas ne être PPAS que de le NC de un NCmod , de le NC ADJ de un NCmod de NCmod , à le NCmod , tout à le NC , le NCs de NP PRES en PPRES un ADJ NCo ADJCOL ou ADJCOL qui PRES le NCo , PRES en un NC de NCmod de le NCmod de NCmod , de fort , de NC ."
2048,Daudet/1884_Daudet_sapho_N.txt,"Et ce regard lumineux guidant de les milliers de vies à l' horizon , c' est encore le voyage , qui l' invite et lui fait signe , l' appelle dans la voix d' un vent , les houles de la pleine mer , et la rauque clameur d' un steamboat qui râle et souffle toujours à quelque point de la rade .","et ce NCMAN ADJ PPRES de le NC de NCmod à le NCmod , ce être encore le NCs , qui le PRES et lui faire NCo , le PRES dans le NCMAN de un NCmod , le NC de le ADJ NCmod , et le ADJ NC de un NCmod qui VDIC et VSENT ADVTEMPS à quelque NC de le NCmod ."
2049,Daudet/1884_Daudet_sapho_N.txt,Encore vingt-quatre heures d' attente ; Fanny ne doit le rejoindre que dimanche .,encore NUM NCT de NCmod ; NP ne devoir le INF que ADVT .
2050,Daudet/1884_Daudet_sapho_N.txt,"Ces trois jours trop tôt à le rendez-vous , devait les passer près de les siens , les donner à les bien-aimés qu ' ne reverra de plusieurs années , qu ' ne retrouvera plus peut-être ; mais dès le soir de son arrivée à Castelet , quand son père a su que le mariage était rompu et qu ' en a deviné les causes , une explication a eu lieu , violente , terrible .","ce NUM NCT trop tôt à le NCmod , devoir le INF ADVLIEU de le NC , le INF à le NC que ' ne VF de plusieurs NCT , que ' ne VF plus peut-être ; mais dès le NCT de DETPOSS NCmod à NP , quand DETPOSS NCs avoir VCOG que le NCspas être PPAS et que ' en avoir VCOG le NCo , un NCs avoir avoir NCo , ADJ , ADJ ."
2051,Daudet/1884_Daudet_sapho_N.txt,"Que sommes -nous donc , que sont nos affections les plus tendres , les plus près de notre cœur , pour qu' une colère qui passe entre deux êtres de même chair , de même sang , arrache , torde , emporte leur tendresse , les sentiments de nature à les racines si profondes et si fines , avec la violence aveugle , irrésistible , d' un de ces typhons de les mers de Chine dont les plus durs marins n' osent se souvenir et disent en pâlissant : — Ne parlons pas de ça ... n' en parlera jamais , mais s' en souviendra toute sa vie de cette horrible scène sur la terrasse de Castelet où s' est passée son enfance heureuse , devant cet horizon splendide et calme , ces pins , ces myrtes , ces cyprès qui se serraient immobiles et frissonnants autour de la malédiction paternelle .","que être le donc , que être DETPOSS NCSENT le plus ADJ , le plus ADVLIEU de DETPOSS NC , pour que un NCSENT qui PRES entre NUM être de même INF , de même NCCOR , NC , NC , PRES lui NCSENT , le NCSENT de NCmod à le NCmod si ADJ et si ADJ , avec le NC ADJ , ADJ , de un de ce NCmod de le NCmod de NP dont le plus ADJ NCs ne PRES se INF et VDIC en PPRES : — ne IMP pas de ça ... ne en VF ADVTEMPS , mais se en VF tout DETPOSS NCo de ce ADJ NCmod sur le NCmod de NP où se être PPAS DETPOSS NCo ADJ , ADVLIEU ce NC ADJ et NCSENT , ce NC , ce NC , ce NC qui se VIMP ADJ et ADJ ADV de le NC ADJ ."
2052,Daudet/1884_Daudet_sapho_N.txt,"Toujours reverra ce grand vieillard , à les joues convulsées et remuantes , marchant sur lui avec cette bouche de haine , ce regard de haine , proférant les paroles qu' on ne pardonne pas , le chassant de la maison et de l' honneur : — Va -t'en , pars avec ta gueuse , tu es mort pour nous !","ADVTEMPS VF ce ADJ NCo , à le NCCOR PPAS et ADJ , PPRES sur lui avec ce NCCOR de VSENT , ce NCMAN de VSENT , PPRES le NCo que on ne PRES pas , le NCo de le NCmod et de le NCSENT : — NP ADJ , NC avec NCmod ADJ , je être PPAS pour nous !"
2053,Daudet/1884_Daudet_sapho_N.txt,"... Et les petites bessonnes criant , se traînant à genoux sur le perron , demandant grâce pour le grand frère , et la pâleur de Divonne , sans un regard , sans un adieu , pendant que là-haut , derrière la vitre , le doux et anxieux visage de la malade demandait pourquoi tout ce bruit et son Jean s' en allant si vite et sans l' embrasser .","... et le ADJ NCs PPRES , se PPRES à NC sur le NC , PPRES ADV pour le ADJ NC , et le NC de NP , sans un NCMAN , sans un NCmod , PHASE que ADVLIEU , ADVLIEU le NC , le NC et ADJ NCCOR de le NCmod VIMP pourquoi tout ce NCo et son NP se en aller si ADV et sans le INF ."
2054,Daudet/1884_Daudet_sapho_N.txt,"Cette idée qu ' n' avait pas embrassé sa mère l' a fait revenir à -route d' Avignon ; a laissé Césaire avec la voiture à le bas de le pays , pris la traverse et pénétré dans Castelet par le clos , comme un voleur .","ce NC que ' ne avoir pas PPAS DETPOSS NCo le avoir faire INF à NC de NP ; avoir laisser NP avec le NC à le NCmod de le NCmod , PPAS le NCo et PPAS dans NP par le NC , comme un NCmod ."
2055,Daudet/1884_Daudet_sapho_N.txt,"La nuit était sombre ; ses pas s' empêtraient dans la vigne morte , et même finissait par ne plus pouvoir s' orienter , cherchant sa maison dans les ténèbres , déjà étranger chez lui .","le NCT être ADJ ; DETPOSS pas se VIMP dans le NC ADJ , et même VASP par ne plus pouvoir se INF , PPRES DETPOSS NCo dans le NC , déjà ADJ chez lui ."
2056,Daudet/1884_Daudet_sapho_N.txt,"La blancheur de les murs crépis le guidait enfin d' un reflet vague ; mais la porte de le perron était fermée , les fenêtres partout éteintes .","le NCs de le NCmod ADJ le VIMP PHASE de un NC ADJ ; mais le NCs de le NCmod être PPAS , le NC ADV ADJ ."
2057,Daudet/1884_Daudet_sapho_N.txt,"Sonner , appeler ?","INF , INF ?"
2058,Daudet/1884_Daudet_sapho_N.txt,"n' osait , par crainte de son père .","ne VIMP , par NCSENT de DETPOSS NCmod ."
2059,Daudet/1884_Daudet_sapho_N.txt,"Deux ou trois fois a fait le tour de le logis , espérant trouver l' issue d' un volet mal clos .","NUM ou NUM fois avoir faire le NCo de le NCmod , VCOG INF le NCo de un NCmod mal PPAS ."
2060,Daudet/1884_Daudet_sapho_N.txt,"Partout la lanterne de Divonne avait passé comme chaque soir ; et après un long regard à la chambre de sa mère , l' adieu de tout son cœur à sa maison d' enfance qui le repousse elle aussi , s' est enfui désespéré avec un remords qui ne le quitte plus .","ADV le NCs de NP avoir PPAS comme chaque NCT ; et PHASE un ADJ NCMAN à le NCmod de DETPOSS NCmod , le NCs de tout DETPOSS NCmod à DETPOSS NCmod de NCmod qui le PRES il aussi , se être ADV VSENT avec un NCSENT qui ne le PRES plus ."
2061,Daudet/1884_Daudet_sapho_N.txt,"D' ordinaire , pour ces absences de durée , ces traversées à les dangereux hasards de la mer et de le vent , les parents , les amis , prolongent les adieux jusqu' à l' embarquement définitif ; on passe la dernière journée ensemble , on visite le bateau , la cabine de le partant afin de mieux le suivre dans sa route .","de NC , pour ce NC de NCmod , ce NCs à le ADJ NCmod de le NCmod et de le NC , le NC , le NC , PRES le NCo jusque à le NC ADJ ; on PRES le ADJ NCT ensemble , on PRES le NCo , le NC de le NCmod ADV de mieux le INF dans DETPOSS NC ."
2062,Daudet/1884_Daudet_sapho_N.txt,"Plusieurs fois par jour , Jean voit passer devant l' hôtel de ces affectueuses reconduites , parfois nombreuses et bruyantes ; mais s' émeut surtout d' un groupe familial à l' étage au-dessous de le sien .","plusieurs fois par NCT , NP VCOG INF ADVLIEU le NC de ce ADJ NCmod , ADVTEMPS ADJ et ADJ ; mais se VSENT surtout de un NC ADJ à le NCmod ADVLIEU de le sien ."
2063,Daudet/1884_Daudet_sapho_N.txt,"Un vieux , une vieille , de les gens de campagne à tournure aisée , en veste de drap et cambrésine jaune , sont venus accompagner leur garçon , l' assistent jusqu' à le départ de le paquebot ; et penchés à leur fenêtre , dans le désœuvrement de l' attente , on les voit tous les trois , se tenant par le bras , le matelot à le milieu , bien serrés .","un ADJ , un NC , de le NC de NCmod à NCmod ADJ , en NC de NCmod et NC ADJCOL , être venir INF lui NCo , le PRES jusque à le NC de le NCmod ; et PPAS à lui NC , dans le NC de le NCmod , on le VCOG tout le NUM , se PPRES par le NCCOR , le NC à le milieu , bien ADJ ."
2064,Daudet/1884_Daudet_sapho_N.txt,"Ils ne parlent pas , ils s' étreignent .","il ne PRES pas , il se PRES ."
2065,Daudet/1884_Daudet_sapho_N.txt,"Jean songe en les regardant à le beau départ qu ' aurait eu ... Son père , ses petites sœurs , et , s' appuyant sur lui d' une douce main frémissante , celle dont les beauprés à le large entraînaient le vif esprit et l' âme aventureuse ... Regrets stériles .","NP PRES en le VCOG à le ADJ NC qu ' avoir avoir ... DETPOSS NC , DETPOSS ADJ NC , et , se PPRES sur lui de un ADJ NCCOR ADJ , celui dont le NCs à le NCmod VIMP le ADJ NCo et le NC ADJ ... NP ADJ ."
2066,Daudet/1884_Daudet_sapho_N.txt,"Le crime est accompli , son destin sur les rails , n' a qu' à partir et à oublier ... Qu' elles lui semblèrent lentes et cruelles les heures de la dernière nuit !","le NCspas être PPAS , DETPOSS NC sur le NCmod , ne avoir que à INF et à VCOG ... que il lui sembler ADJ et ADJ le NCT de le ADJ NCT !"
2067,Daudet/1884_Daudet_sapho_N.txt,"se tournait , se retournait dans son lit d' auberge , guettait le jour sur la vitre à les décroissements lents de le noir à le gris , puis à le blanc d' aube que le phare piquait encore d' une étincelle rouge effacée à le soleil levant .","se VIMP , se VIMP dans DETPOSS NC de NCmod , VIMP le NCT sur le NCmod à le NCmod ADJ de le NCmod à le ADJCOL , puis à le ADJCOL de NCmod que le NCs VIMP encore de un NC ADJCOL PPAS à le NC PPRES ."
2068,Daudet/1884_Daudet_sapho_N.txt,"Alors seulement s' endormit , réveillé tout à coup par un éclaboussement de rayons dans sa chambre , les cris confondus de les cages de l' oiselier avec les innombrables carillons de le dimanche de Marseille , répandus par les quais élargis , toutes machines à le repos , de les oriflammes flottant à les mâts ... Déjà heures !","alors seulement se VPS , PPAS tout à NC par un NC de NCmod dans DETPOSS NCmod , le NCspas PPAS de le NC de le NCmod avec le ADJ NC de le ADVT de NP , PPAS par le NC ADJ , tout NC à le NCmod , de le NC PPRES à le NC ... déjà NCT !"
2069,Daudet/1884_Daudet_sapho_N.txt,"Et l' express de Paris arrive à , vite s' habille pour aller au-devant de sa maîtresse ; ils déjeuneront en face de la mer , puis on portera les bagages à bord et à cinq heures , le signal .","et le NCs de NP PRES à , ADV se PRES pour aller ADVLIEU de DETPOSS NC ; il VF en NC de le NC , puis on VF le NCo à NC et à NUM NCT , le NC ."
2070,Daudet/1884_Daudet_sapho_N.txt,"Un jour merveilleux , un ciel profond où les mouettes passent en taches blanches , la mer d' un bleu plus foncé , d' un bleu minéral , sur lequel , à l' horizon , de les voiles , de les fumées , tout est visible , tout miroite et tout danse ; et comme le chant naturel de ces rives de soleil à les transparences d' atmosphère et d' eau , de les harpes sonnent sous les croisées de l' hôtel , un air italien d' une facilité divine , mais dont la note pincée et traînée sur les cordes émeut cruellement les nerfs .","un NCT ADJ , un NC ADJ où le NCs PRES en NC ADJCOL , le NC de un ADJCOL plus ADJ , de un ADJCOL ADJ , sur lequel , à le NC , de le NC , de le NC , tout être ADJ , tout PRES et tout PRES ; et comme le NCs ADJ de ce NCmod de NCmod à le NCmod de NCmod et de NC , de le NC PRES sous le NC de le NCmod , un NCMAN ADJ de un NCmod ADJ , mais dont le NC PPAS et PPAS sur le NC PRES ADVMAN le NCCOR ."
2071,Daudet/1884_Daudet_sapho_N.txt,"C' est plus que de la musique , c' est la traduction ailée de ces allégresses de le , ces plénitudes de vie et d' amour gonflées jusqu' à les larmes .","ce être plus que de le NC , ce être le NC PPAS de ce NCSENT de le , ce NCmod de NCmod et de NCSENT PPAS jusque à le NC ."
2072,Daudet/1884_Daudet_sapho_N.txt,"Et le souvenir d' Irène passe dans la mélodie , vibrant et pleurant .","et le NCs de NP PRES dans le NC , PPRES et PPRES ."
2073,Daudet/1884_Daudet_sapho_N.txt,Comme c' est loin !,comme ce être ADVLIEU !
2074,Daudet/1884_Daudet_sapho_N.txt,"... Quel beau pays perdu , quel regret pour toujours de les choses brisées , irréparables !","... quel ADJ NCs ADJ , quel PRES pour ADVTEMPS de le chose ADJ , ADJ !"
2075,Daudet/1884_Daudet_sapho_N.txt,Allons !,NP !
2076,Daudet/1884_Daudet_sapho_N.txt,"Sur le seuil , en sortant , Jean rencontre un garçon : — Une lettre pour .","sur le NC , en PPRES , NP PRES un NCo : — un NC pour ."
2077,Daudet/1884_Daudet_sapho_N.txt,"le consul ... Elle est arrivée le matin , mais .","le NCmod ... il être PPAS le NCT , mais ."
2078,Daudet/1884_Daudet_sapho_N.txt,le consul dormait si profondément !,le NCs VIMP si ADVINT !
2079,Daudet/1884_Daudet_sapho_N.txt,Les voyageurs de distinction sont rares à l' hôtel de le Jeune Anacharsis ; aussi les braves Marseillais font -ils sonner à tout propos le titre de leur pensionnaire ... Qui peut lui écrire ?,le NCs de NCmod être ADJ à le NC de le ADJ NP ; aussi le ADJ NP faire il INF à tout NC le NCo de lui NCmod ... qui pouvoir lui INF ?
2080,Daudet/1884_Daudet_sapho_N.txt,"Personne ne connaît son adresse , à moins que Fanny ... Et regardant mieux l' enveloppe , s' épouvante , a compris .","personne ne PRES DETPOSS NCo , à moins que NP ... et VCOG mieux le NCo , se PRES , avoir VCOG ."
2081,Daudet/1884_Daudet_sapho_N.txt,"« Eh bien , non !",""" INTJ bien , non !"
2082,Daudet/1884_Daudet_sapho_N.txt,je ne pars pas ; c' est une trop grande folie dont je ne me sens pas la force .,je ne PRES pas ; ce être un trop ADJ NC dont je ne me sentir pas le NCSENT .
2083,Daudet/1884_Daudet_sapho_N.txt,"Pour de les coups pareils , mon pauvre ami , faut la jeunesse que je n' ai plus , ou l' aveuglement d' une passion folle qui nous manque à l' un comme à l' autre .","NC de le NCmod ADJ , DETPOSS ADJ NCs , PRES le NCo que je ne avoir plus , ou le NC de un NCSENT ADJ qui nous PRES à le un comme à le autre ."
2084,Daudet/1884_Daudet_sapho_N.txt,"y a cinq ans , à les beaux jours , un signe de toi m' aurait fait te suivre de l' autre côté de la terre , car tu ne peux nier que je t' aie aimé passionnément .","y avoir NUM NCT , à le ADJ NCT , un NC de soi lui avoir faire me INF de le autre NC de le NCmod , car je ne pouvoir VDIC que je le avoir VSENT ADVINT ."
2085,Daudet/1884_Daudet_sapho_N.txt,"Je t' ai donné tout ce que j' avais ; et lorsqu' a fallu m' arracher de toi j' ai souffert , comme jamais pour aucun homme .","je lui avoir PPAS tout ce que je avoir ; et lorsque avoir PPAS le INF de soi je avoir VSENT , comme ADVTEMPS pour aucun NC ."
2086,Daudet/1884_Daudet_sapho_N.txt,"Mais ça use , vois -tu , un amour pareil ... Te sentir si beau , si jeune , toujours trembler , tant de choses à défendre !","mais ça PRES , ADV il , un NCSENT NCmod ... me sentir si ADJ , si ADJ , ADVTEMPS INF , tant de chose à INF !"
2087,Daudet/1884_Daudet_sapho_N.txt,"... Maintenant je n' en peux plus , tu m' as trop fait vivre , trop fait souffrir , je suis à bout .","... ADVT je ne en pouvoir plus , je lui avoir trop faire INF , trop faire VSENT , je être à NC ."
2088,Daudet/1884_Daudet_sapho_N.txt,"« Dans ces conditions , la perspective de ce grand voyage , de ce déménagement d' existence , me fait peur .",""" dans ce NC , le NCs de ce ADJ NCmod , de ce NCmod de NCmod , me faire NCSENT ."
2089,Daudet/1884_Daudet_sapho_N.txt,"Moi qui aime tant ne pas bouger et qui ne suis jamais allée plus loin que Saint-Germain , tu penses !","soi qui VSENT tant ne pas INF et qui ne être ADVTEMPS aller plus ADVLIEU que NP , je ADJ !"
2090,Daudet/1884_Daudet_sapho_N.txt,"Et puis les femmes vieillissent trop vite à le soleil , et tu n' aurais pas encore trente ans que je serais jaunie et fripée comme maman Pilar ; c' est pour le coup que tu m' en voudrais de ton sacrifice et que la pauvre Fanny paierait pour tout le monde .","et puis le NCs PRES trop ADV à le NC , et je ne avoir pas encore NUM NCT que je être PPAS et PPAS comme NC NP ; ce être pour le NC que je lui en VCOND de DETPOSS NC et que le ADJ NP VCOND pour tout le NC ."
2091,Daudet/1884_Daudet_sapho_N.txt,"Écoute , y a un pays d' Orient , j' ai lu ça dans un de tes Tour de le Monde , où , quand une femme trompe son mari , on la coud vivante avec un chat , en une peau de bête toute fraîche , puis on lâche le paquet sur la plage hurlant et bondissant en plein soleil .","NCs , y avoir un NCo de NP , je avoir PPAS ça dans un de DETPOSS NCmod de le NCmod , où , quand un NCs PRES DETPOSS NCo , on le NC ADJ avec un NCmod , en un NCCOR de ADJ tout NCmod , puis on PRES le NCo sur le NC VDIC et ADJ en ADJ NC ."
2092,Daudet/1884_Daudet_sapho_N.txt,"La femme miaule , le chat griffe , tous deux s' entre-dévorent pendant que la peau se racornit , se resserre sur cette horrible bataille de captifs , jusqu' à le dernier râle , jusqu' à la dernière palpitation de le sac .","le NCs ADJ , le NC ADJ , tout NUM se PRES PHASE que le NCCOR se PRES , se PRES sur ce ADJ NC de NCmod , jusque à le ADJ NC , jusque à le ADJ NC de le NCmod ."
2093,Daudet/1884_Daudet_sapho_N.txt,"C' est un peu le supplice qui nous attendait ensemble ... » s' arrêta une minute , écrasé , stupide .","ce être un peu le NCSENT qui nous VIMP ensemble ... "" se VPS un NCT , PPAS , ADJ ."
2094,Daudet/1884_Daudet_sapho_N.txt,À perte de vue le bleu de la mer étincelait .,à NC de NCmod le ADJCOL de le NCmod VIMP .
2095,Daudet/1884_Daudet_sapho_N.txt,"Addio ... chantaient les harpes à lesquelles s' était jointe une voix chaude et passionnée comme elles ... Addio ... Et le néant de sa vie détruite , ravagée , toute de débris et de larmes , lui apparut , le champ ras , les moissons faites sans espoir de retour , et pour cette femme qui lui échappait ... « J' aurais dû te dire cela plus tôt , mais je n' osais pas , te voyant si monté , si résolu .","NP ... VIMP le NCo à lequel se être PPAS un NCMAN ADJ et VSENT comme il ... NP ... et le NCs de DETPOSS NCmod PPAS , PPAS , tout de NC et de NC , lui VPS , le NC ADJ , le NCo faire sans NCSENT de NCmod , et pour ce NC qui lui VIMP ... "" je avoir devoir me VDIC cela plus tôt , mais je ne PRES pas , me VCOG si PPAS , si PPAS ."
2096,Daudet/1884_Daudet_sapho_N.txt,"Ton exaltation me gagnait ; puis la vanité de la femme , la fierté bien naturelle de t' avoir reconquis après la rupture .","DETPOSS NCSENT me VIMP ; puis le NC de le NCmod , le NCSENT bien ADJ de lui avoir PPAS PHASE le NC ."
2097,Daudet/1884_Daudet_sapho_N.txt,"Seulement , tout à le fond de moi , je sentais que ça n' y était plus , quelque chose de fini , de craqué .","seulement , tout à le NC de soi , je VIMP que ça ne y être plus , quelque chose de ADJ , de NC ."
2098,Daudet/1884_Daudet_sapho_N.txt,Comment veux -tu ?,comment ADJ il ?
2099,Daudet/1884_Daudet_sapho_N.txt,après de les secousses pareilles ... Et ne te figure pas que ce soit à cause de ce malheureux Flamant .,PHASE de le ADJ NC ... et ne me PRES pas que ce être à NC de ce ADJ NP .
2100,Daudet/1884_Daudet_sapho_N.txt,"Pour lui comme pour toi et tous les autres , c' est fini , mon cœur est mort ; mais reste cet enfant dont je ne peux plus me passer et qui me ramène auprès de le père , pauvre homme qui s' est perdu par amour et m' est revenu de Mazas aussi fervent et tendre qu' à notre première rencontre .","pour lui comme pour soi et tout le autre , ce être VASP , DETPOSS NCs être ADJ ; mais PRES ce NC dont je ne pouvoir plus me INF et qui me PRES ADV de le NC , PRES NCo qui se être PPAS par NCSENT et lui être PPAS de NP aussi ADJ et INF que à DETPOSS ADJ NC ."
2101,Daudet/1884_Daudet_sapho_N.txt,"Figure -toi que , lorsque nous nous sommes revus , a passé toute la nuit à pleurer sur mon épaule ; tu vois qu' n' y avait guère de quoi te monter la tête ... « Je te l' ai dit , mon cher enfant , j' ai trop aimé , je suis rompue .","NCCOR soi que , lorsque nous nous être VCOG , avoir PPAS tout le NCT à INF sur DETPOSS NCCOR ; je ADV que ne y avoir guère de quoi me INF le NCCOR ... "" je me le avoir VDIC , DETPOSS ADJ NC , je avoir trop VSENT , je être PPAS ."
2102,Daudet/1884_Daudet_sapho_N.txt,"À présent j' ai besoin qu' on m' aime à mon tour , qu' on me choie , et m' admire , et me berce .","à NC je avoir NCo que on lui VSENT à DETPOSS NC , que on me PRES , et se INF , et me ADV ."
2103,Daudet/1884_Daudet_sapho_N.txt,"Celui-là sera à genoux , ne me verra jamais de rides ni de cheveux blancs ; et s ' m' épouse , comme en a l' intention , c' est moi qui lui ferai une grâce .","celui-là être à NC , ne me VCOG ADVTEMPS de NC ni de NCCOR ADJCOL ; et s ' le PRES , comme en avoir le NCo , ce être soi qui lui faire un NCo ."
2104,Daudet/1884_Daudet_sapho_N.txt,Compare ... Surtout pas de folies .,NC ... surtout pas de NC .
2105,Daudet/1884_Daudet_sapho_N.txt,Mes précautions sont prises pour que tu ne puisses me retrouver .,DETPOSS NCspas être PPAS pour que je ne ADJ me INF .
