id,titre,phrase,motifs_phrase
1,Daudet/1886_Daudet_la_belle_Nivernaise_N.txt,"La rue de les Enfants-Rouges , à le quartier de le Temple .","le NC de le NP , à le NCmod de le NP ."
2,Daudet/1886_Daudet_la_belle_Nivernaise_N.txt,"Une rue étroite comme un égout , de les ruisseaux stagnants , de les flaques de boue noire , de les odeurs de moisi et d' eau sale sortant de les allées béantes .","un NC PPAS comme un NC , de le NC ADJ , de le NC de NCmod ADJ , de le NC de NCmod et de NC ADJ PPRES de le NC ADJ ."
3,Daudet/1886_Daudet_la_belle_Nivernaise_N.txt,"De chaque côté , de les maisons très hautes , avec de les fenêtres de casernes , de les vitres troubles , sans rideaux , de les maisons de journaliers , d' ouvriers en chambre , de les hôtels de maçons et de les garnis à la nuit .","de chaque NC , de le NCmod très ADJ , avec de le NCmod de NCmod , de le NC NCSENT , sans NC , de le NC de NCmod , de NC en NCmod , de le NC de NCmod et de le NC à le NCT ."
4,Daudet/1886_Daudet_la_belle_Nivernaise_N.txt,"À le rez-de-chaussée , de les boutiques .","à le NC , de le NCmod ."
5,Daudet/1886_Daudet_la_belle_Nivernaise_N.txt,"Beaucoup de charcutiers , de marchands de marrons ; de les boulangeries de gros pain , une boucherie de viandes violettes et jaunes .","beaucoup de NC , de NC de ADJCOL ; de le NC de ADJ NCmod , un NC de NCmod ADJ et ADJCOL ."
6,Daudet/1886_Daudet_la_belle_Nivernaise_N.txt,"Pas d' équipages dans la rue , de falbalas , ni de flâneurs sur les trottoirs , — mais de les marchands de quatre saisons criant le rebut de les Halles , et une bousculade d' ouvriers sortant de les fabriques , la blouse roulée sous le bras .","pas de NC dans le NC , de NC , ni un NC sur le NCmod , — mais de le NC de NUM NCmod VDIC le NCo de le NP , et un NC de NCmod PPRES de le NC , le NC PPAS sous le NCCOR ."
7,Daudet/1886_Daudet_la_belle_Nivernaise_N.txt,"C' est le huit de le mois , jour où les pauvres payent leur terme , où les propriétaires , las d' attendre , mettent la misère à la porte .","ce être le NC de le NCT , NCT où le NCs PRES lui NCo , où le NCs , NC de INF , mettre le NCo à le NC ."
8,Daudet/1886_Daudet_la_belle_Nivernaise_N.txt,"C' est le jour où l' on voit passer dans de les carrioles de les déménagements de lits de fer et de tables boiteuses , entassés les pieds en l' air , avec les matelas éventrés et la batterie de cuisine .","ce être le NCT où l' on VCOG INF dans de le NC de le NCmod de NCmod de NCmod et de NC ADJ , PPAS le NCCOR en le NCMAN , avec le NC ADJ et le NC de NCmod ."
9,Daudet/1886_Daudet_la_belle_Nivernaise_N.txt,"Et pas même une botte de paille pour emballer tous ces pauvres meubles estropiés , douloureux , las de dégringoler les escaliers crasseux et de rouler de les greniers à les caves !","et pas même un NC de NCmod pour VSENT tout ce ADJ NCo PPAS , ADJ , NC de INF le NCo ADJ et de INF de le NC à le NCmod !"
10,Daudet/1886_Daudet_la_belle_Nivernaise_N.txt,La nuit tombe .,le NCT PRES .
11,Daudet/1886_Daudet_la_belle_Nivernaise_N.txt,"Un à un les becs de gaz s' allument , reflétés dans les ruisseaux et dans les devantures de boutiques .","un à un le NCmod de NCmod se ADV , PPAS dans le NC et dans le NC de NCmod ."
12,Daudet/1886_Daudet_la_belle_Nivernaise_N.txt,Le brouillard est froid .,le NCs être ADJ .
13,Daudet/1886_Daudet_la_belle_Nivernaise_N.txt,Les passants se hâtent .,le NCs se PRES .
14,Daudet/1886_Daudet_la_belle_Nivernaise_N.txt,"Adossé à le comptoir d' un marchand de vin , dans une bonne salle bien chauffée , le père Louveau trinque avec un menuisier de la Villette .","PPAS à le NC de un NCmod de NCmod , dans un ADJ NC bien PPAS , le NCs NP PRES avec un NC de le NP ."
15,Daudet/1886_Daudet_la_belle_Nivernaise_N.txt,"Son énorme figure de marinier honnête , toute rougeaude et couturée , s' épanouit dans un large rire qui secoue ses boucles d' oreilles .","DETPOSS NCs PRES de NC ADJ , tout NC et PPAS , se VSENT dans un ADJ NCMAN qui PRES DETPOSS NCo de NCCOR ."
16,Daudet/1886_Daudet_la_belle_Nivernaise_N.txt,"« Affaire conclue , père Dubac , vous m' achetez mon chargement de bois à le prix que j' ai dit .",""" NC ADJ , NC NP , vous lui PRES DETPOSS NCo de NCmod à le NC que je avoir VDIC ."
17,Daudet/1886_Daudet_la_belle_Nivernaise_N.txt,— Topez -là .,— IMP ADVLIEU .
18,Daudet/1886_Daudet_la_belle_Nivernaise_N.txt,— À votre santé !,— à DETPOSS NC !
19,Daudet/1886_Daudet_la_belle_Nivernaise_N.txt,— À la vôtre !,— à le nôtre !
20,Daudet/1886_Daudet_la_belle_Nivernaise_N.txt,"» On choque les verres , et le père Louveau boit , la tête renversée , les yeux mi-clos , claquant la langue , pour déguster son vin blanc .",""" on VSENT le NCo , et le NC ADJ ADJ , le NCCOR PPAS , le NCCOR NC , PPRES le NCCOR , pour INF DETPOSS NCo ADJCOL ."
21,Daudet/1886_Daudet_la_belle_Nivernaise_N.txt,Que voulez -vous !,que vouloir vous !
22,Daudet/1886_Daudet_la_belle_Nivernaise_N.txt,"personne n' est parfait , et le faible de le père Louveau , c' est le vin blanc .","personne ne être ADJ , et le NC de le NCmod ADJ , ce être le NC ADJCOL ."
23,Daudet/1886_Daudet_la_belle_Nivernaise_N.txt,Ce n' est pas que ce soit un ivrogne .,ce ne être pas que ce être un NC .
24,Daudet/1886_Daudet_la_belle_Nivernaise_N.txt,— Dieu non !,— NP non !
25,Daudet/1886_Daudet_la_belle_Nivernaise_N.txt,"— La ménagère , qui est une femme de tête , ne tolérerait pas la ribote ; mais quand on vit comme le marinier , les pieds dans l' eau , le crâne à le soleil , il faut bien avaler un verre de temps en temps .","— le NCs , qui être un NC de NCCOR , ne VCOND pas le NCo ; mais quand on PRES comme le NC , le NCCOR dans le NCmod , le NC à le NCmod , il PRES bien INF un NCo de temps en temps ."
26,Daudet/1886_Daudet_la_belle_Nivernaise_N.txt,"Et le père Louveau , de plus en plus gai , sourit à le comptoir de zinc qu' il aperçoit à le travers d' un brouillard et qui le fait songer à la pile d' écus qu' il empochera demain en livrant son bois .","et le NC ADJ , de plus en plus ADJ , PPAS à le NC de NCmod que il PRES à le travers de un NCmod et qui le faire INF à le NC de NCmod que il VF ADVT en PPRES DETPOSS NCo ."
27,Daudet/1886_Daudet_la_belle_Nivernaise_N.txt,"Une dernière poignée de main , un dernier petit verre et l' on se sépare .","un ADJ NC de NCCOR , un ADJ ADJ NC et l' on se PRES ."
28,Daudet/1886_Daudet_la_belle_Nivernaise_N.txt,« À demain sans faute ?,""" à ADVT sans NC ?"
29,Daudet/1886_Daudet_la_belle_Nivernaise_N.txt,— Comptez sur moi .,— IMP sur soi .
30,Daudet/1886_Daudet_la_belle_Nivernaise_N.txt,"» Pour sûr il ne manquera pas le rendez-vous , le père Louveau .",""" pour ADV il ne VF pas le NCo , le NCo NP ."
31,Daudet/1886_Daudet_la_belle_Nivernaise_N.txt,"Le marché est trop beau , il a été trop rondement mené pour qu' on traînasse .","le NCs être trop ADJ , il avoir être trop ADV PPAS pour que on VSUBP ."
32,Daudet/1886_Daudet_la_belle_Nivernaise_N.txt,"Et le joyeux marinier descend vers la Seine , roulant les épaules , bousculant les couples , avec la joie débordante d' un écolier qui rapporte un bon point dans sa poche .","et le ADJ NCs PRES vers le NP , PPRES le NCCOR , PPRES le NCo , avec le NCSENT ADJ de un NCmod qui PRES un ADJ NCo dans DETPOSS NC ."
33,Daudet/1886_Daudet_la_belle_Nivernaise_N.txt,"Qu' est -ce qu' elle dira la mère Louveau , — la femme de tête , — quand elle saura que son homme a vendu le bois de le premier coup , et que l' affaire est bonne ?","que être ce que il VDIC le NCo NP , — le NCs de NCCOR , — quand il VCOG que DETPOSS NCs avoir PPAS le NCo de le ADJ NCmod , et que le NCs être ADJ ?"
34,Daudet/1886_Daudet_la_belle_Nivernaise_N.txt,"Encore un ou deux marchés comme celui-là et on pourra se payer un bateau neuf , planter là la Belle Nivernaise qui commence à faire par trop d' eau .","encore un ou NUM NC comme celui-là et on pouvoir se INF un NC ADJ , INF ADVLIEU le ADJ NP qui VASP à faire par trop de NC ."
35,Daudet/1886_Daudet_la_belle_Nivernaise_N.txt,"Ce n' est pas un reproche , car c' était un fier bateau dans sa jeunesse ; seulement voilà , tout pourrit , tout vieillit , et le père Louveau lui-même sent bien qu' il n' est plus aussi ingambe que dans le temps où il était « petit derrière » sur les flotteurs de la Marne .","ce ne être pas un NC , car ce être un ADJ NC dans DETPOSS NCmod ; seulement voilà , tout VPS , tout VPS , et le NCs NP soi-même sentir bien que il ne être plus aussi ADJ que dans le temps où il être "" ADJ ADVLIEU "" sur le NCmod de le NP ."
36,Daudet/1886_Daudet_la_belle_Nivernaise_N.txt,Mais qu' est -ce qui se passe là-bas ?,mais que être ce qui se PRES ADVLIEU ?
37,Daudet/1886_Daudet_la_belle_Nivernaise_N.txt,"Les commères s' assemblent devant une porte ; on s' arrête , on cause et le gardien de la paix , debout à le milieu de le groupe , écrit sur son calepin .","le NCs se PRES ADVLIEU un NC ; on se PRES , on PRES et le NC de le NCmod , ADV à le milieu de le NCmod , PPAS sur DETPOSS NC ."
38,Daudet/1886_Daudet_la_belle_Nivernaise_N.txt,"Le marinier traverse la chaussée par curiosité , pour faire comme tout le monde .","le NCs PRES le NCo par NCSENT , pour faire comme tout le NC ."
39,Daudet/1886_Daudet_la_belle_Nivernaise_N.txt,« Qu' est -ce qu' il y a ?,""" que être ce que il y avoir ?"
40,Daudet/1886_Daudet_la_belle_Nivernaise_N.txt,"» Quelque chien écrasé , quelque voiture accrochée , un ivrogne tombé dans le ruisseau , rien d' intéressant ... Non !",""" quelque NC PPAS , quelque NC PPAS , un NC PPAS dans le NC , rien de ADJ ... non !"
41,Daudet/1886_Daudet_la_belle_Nivernaise_N.txt,"c' est un petit enfant assis sur une chaise de bois , les cheveux ébouriffés , les joues pleines de confitures , qui se frotte les yeux avec les poings .","ce être un ADJ NC PPAS sur un NC de NCmod , le NCCOR PPAS , le NC ADJ de NCmod , qui se PRES le NCCOR avec le NCmod ."
42,Daudet/1886_Daudet_la_belle_Nivernaise_N.txt,"Imperturbable et digne comme s' il interrogeait un prévenu , l' agent questionne le marmot et prend de les notes .","ADJ et PRES comme si il VDIC un NCo , le NCs VDIC le NCo et PRES de le NC ."
43,Daudet/1886_Daudet_la_belle_Nivernaise_N.txt,« Comment t' appelles -tu ?,""" comment te ADJ tu ?"
44,Daudet/1886_Daudet_la_belle_Nivernaise_N.txt,— Totor .,— NP .
45,Daudet/1886_Daudet_la_belle_Nivernaise_N.txt,— Victor quoi ?,— NP quoi ?
46,Daudet/1886_Daudet_la_belle_Nivernaise_N.txt,» Pas de réponse .,""" pas de NC ."
47,Daudet/1886_Daudet_la_belle_Nivernaise_N.txt,Le mioche pleure plus fort et crie : « Maman !,"le NCs PRES plus fort et VDIC : "" NP !"
48,Daudet/1886_Daudet_la_belle_Nivernaise_N.txt,maman !,NCmod !
49,Daudet/1886_Daudet_la_belle_Nivernaise_N.txt,"» Alors une femme qui passait , une femme de le peuple , très laide , très sale , traînant deux enfants après elle , sortit de le groupe et dit à le gardien : « Laissez -moi faire .",""" alors un NC qui VIMP , un NCs de le NCmod , très ADJ , très ADJ , PPRES NUM NCo PHASE il , VPS de le NC et VDIC à le NC : "" laisser soi faire ."
50,Daudet/1886_Daudet_la_belle_Nivernaise_N.txt,"» Elle s' agenouilla , moucha le petit , lui essuya les yeux , embrassa ses joues poissées .",""" il se VPS , VPS le ADJ , lui VPS le NCCOR , VPS DETPOSS NCo PPAS ."
51,Daudet/1886_Daudet_la_belle_Nivernaise_N.txt,"« Comment s' appelle ta maman , mon chéri ?",""" comment se PRES ta NC , DETPOSS NC ?"
52,Daudet/1886_Daudet_la_belle_Nivernaise_N.txt,"» Le sergent de ville s' adressa à les voisins : « Voyons , vous , le concierge , vous devez connaître ces gens -là ?",""" le NCs de NCmod se VPS à le NC : "" VCOG , vous , le NC , vous devoir INF ce NCo ADVLIEU ?"
53,Daudet/1886_Daudet_la_belle_Nivernaise_N.txt,» On n' avait jamais su leur nom .,""" on ne avoir ADVTEMPS VCOG lui NCo ."
54,Daudet/1886_Daudet_la_belle_Nivernaise_N.txt,"Tout ce qu' on pouvait dire , c' est qu' ils habitaient là depuis un mois , qu' ils n' avaient jamais payé un sou , que le propriétaire venait de les chasser , et que c' était un fameux débarras .","tout ce que on pouvoir VDIC , ce être que il VIMP ADVLIEU depuis un NCT , que il ne avoir ADVTEMPS PPAS un NCo , que le NCs venir de le INF , et que ce être un ADJ NC ."
55,Daudet/1886_Daudet_la_belle_Nivernaise_N.txt,« Qu' est -ce qu' ils faisaient ?,""" que être ce que il faire ?"
56,Daudet/1886_Daudet_la_belle_Nivernaise_N.txt,— Rien de le tout .,— rien de le tout .
57,Daudet/1886_Daudet_la_belle_Nivernaise_N.txt,» Le père et la mère passaient leur journée à boire et leur soirée à se battre .,""" le NCs et le NC VIMP lui NCT à NCmod et lui NCT à se INF ."
58,Daudet/1886_Daudet_la_belle_Nivernaise_N.txt,"Ils ne s' entendaient que pour rosser leurs enfants , deux garçons qui mendiaient dans la rue et volaient à les étalages .","il ne se VIMP que pour INF DETPOSS NCo , NUM NC qui VIMP dans le NC et VIMP à le NC ."
59,Daudet/1886_Daudet_la_belle_Nivernaise_N.txt,"Une jolie famille , comme vous voyez .","un ADJ NC , comme vous VCOG ."
60,Daudet/1886_Daudet_la_belle_Nivernaise_N.txt,« Croyez -vous qu' ils viendront chercher leur enfant ?,""" PRES vous que il venir INF lui NCo ?"
61,Daudet/1886_Daudet_la_belle_Nivernaise_N.txt,— Sûrement non .,— ADVINT non .
62,Daudet/1886_Daudet_la_belle_Nivernaise_N.txt,» Ils avaient profité de le déménagement pour le perdre .,""" il avoir PPAS de le NC pour le NCmod ."
63,Daudet/1886_Daudet_la_belle_Nivernaise_N.txt,"Ce n' était pas la première fois que cette chose -là arrivait , les jours de le terme .","ce ne être pas le ADJ fois que ce chose ADVLIEU VIMP , le NCT de le NCmod ."
64,Daudet/1886_Daudet_la_belle_Nivernaise_N.txt,Alors l' agent demanda : « Personne n' a donc vu les parents s' en aller ?,"alors le NCs VPS : "" personne ne avoir donc VCOG le NCs se en aller ?"
65,Daudet/1886_Daudet_la_belle_Nivernaise_N.txt,"» Ils étaient partis depuis le matin , le mari poussant la charrette , la femme un paquet dans son tablier , les deux garçons les mains dans leurs poches .",""" il être PPAS depuis le NCT , le NCs PPRES le NCo , le NC un NC dans DETPOSS NCmod , le NUM NC le NCCOR dans DETPOSS NCmod ."
66,Daudet/1886_Daudet_la_belle_Nivernaise_N.txt,"Et maintenant , rattrape-les .","et ADVT , ADJ ."
67,Daudet/1886_Daudet_la_belle_Nivernaise_N.txt,"Les passants se récriaient indignés , puis continuaient leur chemin .","le NCs se VIMP VSENT , puis VIMP lui NCo ."
68,Daudet/1886_Daudet_la_belle_Nivernaise_N.txt,Sa mère l' avait assis sur une chaise et lui avait dit : « Sois sage .,"DETPOSS NCs le avoir PPAS sur un NC et lui avoir VDIC : "" NP ADJ ."
69,Daudet/1886_Daudet_la_belle_Nivernaise_N.txt,"» Depuis , il attendait .",""" depuis , il VIMP ."
70,Daudet/1886_Daudet_la_belle_Nivernaise_N.txt,"Comme il criait la faim , la fruitière d' en face lui avait donné une tartine de confiture .","comme il VDIC le NCo , le NCs de en NC lui avoir PPAS un NCo de NCmod ."
71,Daudet/1886_Daudet_la_belle_Nivernaise_N.txt,"Mais la tartine était finie depuis longtemps , et le marmot avait recommencé à pleurer .","mais le NCspas être VASP depuis longtemps , et le NCs avoir PPAS à INF ."
72,Daudet/1886_Daudet_la_belle_Nivernaise_N.txt,Autour de lui le rassemblement grandissait et l' agent ennuyé l' avait pris par la main pour le conduire à le poste .,ADV de lui le NCs VIMP et le NCs VSENT le avoir PPAS par le NCCOR pour le INF à le NC .
73,Daudet/1886_Daudet_la_belle_Nivernaise_N.txt,"« Voyons , personne ne le réclame ?",""" NP , personne ne le NC ?"
74,Daudet/1886_Daudet_la_belle_Nivernaise_N.txt,— Un instant !,— un NC !
75,Daudet/1886_Daudet_la_belle_Nivernaise_N.txt,» Tout le monde se retourna .,""" tout le NCs se VPS ."
76,Daudet/1886_Daudet_la_belle_Nivernaise_N.txt,Et l' on vit une grosse bonne figure rougeaude qui souriait bêtement jusqu' à les oreilles chargées d' anneaux en cuivre .,et l' on PRES un ADJ ADJ NCCOR ADJCOL qui VIMP ADVMAN jusque à le NCCOR PPAS de NC en NCmod .
77,Daudet/1886_Daudet_la_belle_Nivernaise_N.txt,« Un instant !,""" un NC !"
78,Daudet/1886_Daudet_la_belle_Nivernaise_N.txt,"si personne n' en veut , je le prends , moi .","si personne ne en vouloir , je le PRES , soi ."
79,Daudet/1886_Daudet_la_belle_Nivernaise_N.txt,» Et comme la foule poussait de les exclamations : « À la bonne heure !,""" et comme le NCs VIMP de le NC : "" à le ADJ NCT !"
80,Daudet/1886_Daudet_la_belle_Nivernaise_N.txt,"— C' est bien , ce que vous faites là .","— ce être bien , ce que vous faire ADVLIEU ."
81,Daudet/1886_Daudet_la_belle_Nivernaise_N.txt,— Vous êtes un brave homme .,— vous être un ADJ NC .
82,Daudet/1886_Daudet_la_belle_Nivernaise_N.txt,"» Le père Louveau , très allumé par le vin blanc , le succès de son marché et l' approbation générale , se posa les bras croisés à le milieu de le cercle .",""" le NCs ADJ , très PPAS par le NC ADJCOL , le NC de DETPOSS NCmod et le NCSENT ADJ , se VPS le NCCOR PPAS à le milieu de le NCmod ."
83,Daudet/1886_Daudet_la_belle_Nivernaise_N.txt,« Eh bien !,""" INTJ bien !"
84,Daudet/1886_Daudet_la_belle_Nivernaise_N.txt,quoi ?,quoi ?
85,Daudet/1886_Daudet_la_belle_Nivernaise_N.txt,C' est tout simple .,ce être tout ADJ .
86,Daudet/1886_Daudet_la_belle_Nivernaise_N.txt,"» Puis les curieux l' accompagnèrent chez le commissaire de police , sans laisser refroidir son enthousiasme .",""" puis le NCs le VPS chez le NC de NCmod , sans laisser INF DETPOSS NCo ."
87,Daudet/1886_Daudet_la_belle_Nivernaise_N.txt,"Là , selon l' usage en pareil cas , on lui fit subir un interrogatoire .","ADVLIEU , selon le NC en NCmod ADJ , on lui faire INF un NCo ."
88,Daudet/1886_Daudet_la_belle_Nivernaise_N.txt,« Votre nom ?,""" DETPOSS NC ?"
89,Daudet/1886_Daudet_la_belle_Nivernaise_N.txt,"— François Louveau , monsieur le commissaire , un homme marié , et bien marié , j' ose le dire , avec une femme de tête .","— NP NP , monsieur le NC , un NC PPAS , et bien PPAS , je PRES le VDIC , avec un NC de NCCOR ."
90,Daudet/1886_Daudet_la_belle_Nivernaise_N.txt,"Et c' est une chance pour moi , monsieur le commissaire , parce que je ne suis pas très fort , pas très fort , hé !","et ce être un NC pour soi , monsieur le NC , parce que je ne être pas très fort , pas très fort , PPAS !"
91,Daudet/1886_Daudet_la_belle_Nivernaise_N.txt,hé !,PPAS !
92,Daudet/1886_Daudet_la_belle_Nivernaise_N.txt,voyez-vous .,lyez-voui .
93,Daudet/1886_Daudet_la_belle_Nivernaise_N.txt,Je ne suis pas un aigle .,je ne être pas un NC .
94,Daudet/1886_Daudet_la_belle_Nivernaise_N.txt,"« François n' est pas un aigle » , comme dit ma femme .",""" NP ne être pas un NC "" , comme VDIC DETPOSS NCs ."
95,Daudet/1886_Daudet_la_belle_Nivernaise_N.txt,» « Votre profession ?,""" "" DETPOSS NC ?"
96,Daudet/1886_Daudet_la_belle_Nivernaise_N.txt,"— Marinier , monsieur le commissaire , patron de , un rude bateau , monté par un équipage un peu chouette .","— NP , monsieur le NC , NC de , un ADJ NCmod , PPAS par un NC un peu NC ."
97,Daudet/1886_Daudet_la_belle_Nivernaise_N.txt,Ah !,INTJ !
98,Daudet/1886_Daudet_la_belle_Nivernaise_N.txt,ah !,INTJ !
99,Daudet/1886_Daudet_la_belle_Nivernaise_N.txt,"fameux , mon équipage !","ADJ , DETPOSS NC !"
100,Daudet/1886_Daudet_la_belle_Nivernaise_N.txt,"... Demandez plutôt à les éclusiers , depuis le pont Marie jusqu' à Clamecy ... Connaissez -vous ça , Clamecy , monsieur le commissaire ?","... IMP plutôt à le NC , depuis le NC NP jusque à NP ... IMP vous ça , NP , monsieur le NC ?"
101,Daudet/1886_Daudet_la_belle_Nivernaise_N.txt,"» Les gens souriaient autour de lui , le père Louveau continua , bredouillant , avalant les syllabes .",""" le NCs VIMP ADV de lui , le NCs ADJ VPS , VDIC , PPRES le NCo ."
102,Daudet/1886_Daudet_la_belle_Nivernaise_N.txt,"« Un joli endroit , Clamecy , allez !",""" un ADJ NCs , NP , aller !"
103,Daudet/1886_Daudet_la_belle_Nivernaise_N.txt,"Boisé de le haut en bas ; de le beau bois , de le bois ouvrable ; tous les menuisiers savent ça ... C' est là que j' achète mes coupes .","PPAS de le NC en NCmod ; de le ADJ NC , de le NC ADJ ; tout le NCs VCOG ça ... ce être ADVLIEU que je PRES DETPOSS NCo ."
104,Daudet/1886_Daudet_la_belle_Nivernaise_N.txt,Hé !,PPAS !
105,Daudet/1886_Daudet_la_belle_Nivernaise_N.txt,hé !,PPAS !
106,Daudet/1886_Daudet_la_belle_Nivernaise_N.txt,je suis renommé pour mes coupes .,je être PPAS pour DETPOSS NC .
107,Daudet/1886_Daudet_la_belle_Nivernaise_N.txt,"J' ai le coup d' œil , quoi !","je avoir le NCo de NCmod , quoi !"
108,Daudet/1886_Daudet_la_belle_Nivernaise_N.txt,"Ce n' est pas que je sois fort ; — bien sûr je ne suis pas un aigle , comme dit ma femme ; — mais enfin !","ce ne être pas que je ADV fort ; — bien ADJ je ne être pas un NC , comme VDIC DETPOSS NCs ; — mais PHASE !"
109,Daudet/1886_Daudet_la_belle_Nivernaise_N.txt,j' ai le coup d' œil .,je avoir le NCo de NCmod .
110,Daudet/1886_Daudet_la_belle_Nivernaise_N.txt,"Ainsi , tenez je prends un arbre , gros comme vous , — sauf votre respect , monsieur le commissaire , — je l' entoure avec une corde comme ça ... » L' agent se débattait .","ainsi , IMP je PRES un NCo , ADJ comme vous , — sauf DETPOSS NC , monsieur le NC , — je le PRES avec un NC comme ça ... "" le NCs se VIMP ."
111,Daudet/1886_Daudet_la_belle_Nivernaise_N.txt,« Laissez -moi donc tranquille .,""" laisser soi donc ADJ ."
112,Daudet/1886_Daudet_la_belle_Nivernaise_N.txt,"— Mais si ... Mais si ... C' est pour faire voir à monsieur le commissaire ... Je l' entortille comme ça , et puis , quand j' ai la mesure , je multiplie , je multiplie ... Je ne me rappelle plus par quoi je multiplie ... C' est ma femme qui sait le calcul .","— mais si ... mais si ... ce être pour faire VCOG à monsieur le NC ... je le PRES comme ça , et puis , quand je avoir le NCo , je PPAS , je PPAS ... je ne me PRES plus par quoi je PRES ... ce être DETPOSS NC qui VCOG le NCo ."
113,Daudet/1886_Daudet_la_belle_Nivernaise_N.txt,"Une forte tête , ma femme .","un fort NCCOR , DETPOSS NC ."
114,Daudet/1886_Daudet_la_belle_Nivernaise_N.txt,"» La galerie s' amusait énormément , et M. le commissaire lui-même daignait sourire derrière sa table .",""" le NCs se VSENT ADVINT , et monsieur le NCmod soi-même VIMP ADV ADVLIEU DETPOSS NC ."
115,Daudet/1886_Daudet_la_belle_Nivernaise_N.txt,"Quand la gaieté fut un peu calmée , il demanda : « Que ferez -vous de cet enfant -là ?","quand le NCSENT être un peu VSENT , il VPS : "" que faire vous de ce NC ADVLIEU ?"
116,Daudet/1886_Daudet_la_belle_Nivernaise_N.txt,"— Pas un rentier , pour sûr .","— pas un NC , pour ADV ."
117,Daudet/1886_Daudet_la_belle_Nivernaise_N.txt,Il n' y a jamais eu de rentier dans la famille .,il ne y avoir ADVTEMPS avoir de INF dans le NC .
118,Daudet/1886_Daudet_la_belle_Nivernaise_N.txt,"Mais un marinier , un brave garçon de marinier , comme les autres .","mais un NC , un ADJ NC de NCmod , comme le autre ."
119,Daudet/1886_Daudet_la_belle_Nivernaise_N.txt,— Vous avez de les enfants ?,— vous avoir de le NC ?
120,Daudet/1886_Daudet_la_belle_Nivernaise_N.txt,— Si j' en ai !,— si je en avoir !
121,Daudet/1886_Daudet_la_belle_Nivernaise_N.txt,"Une qui marche , une qui tête et un qui vient .","un qui PRES , un qui PRES et un qui venir ."
122,Daudet/1886_Daudet_la_belle_Nivernaise_N.txt,"Pas trop mal , n' est -ce pas , pour un homme qui n' est pas un aigle ?","pas trop mal , ne être ce pas , pour un NCmod qui ne être pas un NC ?"
123,Daudet/1886_Daudet_la_belle_Nivernaise_N.txt,"Avec celui-là ça fera quatre , mais bah !","avec celui-là ça faire NUM , mais INTJ !"
124,Daudet/1886_Daudet_la_belle_Nivernaise_N.txt,"quand il y en a pour trois , il y en a pour quatre .","quand il y en avoir pour NUM , il y en avoir pour NUM ."
125,Daudet/1886_Daudet_la_belle_Nivernaise_N.txt,On se tasse un peu .,on se PRES un peu .
126,Daudet/1886_Daudet_la_belle_Nivernaise_N.txt,"On serre sa ceinture , et on tâche de vendre son bois plus cher .","on PRES DETPOSS NCo , et on PRES de INF DETPOSS NCo plus ADJ ."
127,Daudet/1886_Daudet_la_belle_Nivernaise_N.txt,"» Et ses boucles d' oreilles remuaient , secouées par son gros rire , tandis qu' il promenait un regard satisfait sur les assistants .",""" et DETPOSS NCs de NCCOR VIMP , PPAS par DETPOSS ADJ NCMAN , PHASE que il VIMP un NCMAN ADJ sur le NC ."
128,Daudet/1886_Daudet_la_belle_Nivernaise_N.txt,On poussa devant lui un gros livre .,on VPS ADVLIEU lui un ADJ NCo .
129,Daudet/1886_Daudet_la_belle_Nivernaise_N.txt,"Comme il ne savait pas écrire , il fit une croix , à le bas de la page .","comme il ne VCOG pas INF , il faire un NCo , à le NC de le NCmod ."
130,Daudet/1886_Daudet_la_belle_Nivernaise_N.txt,Puis le commissaire lui remit l' enfant trouvé .,puis le NCs lui VPS le NCo PPAS .
131,Daudet/1886_Daudet_la_belle_Nivernaise_N.txt,"« Emmenez le petit , François Louveau , et élevez -le bien .",""" IMP le NCo , NP NP , et IMP le bien ."
132,Daudet/1886_Daudet_la_belle_Nivernaise_N.txt,"Si j' apprends quelque chose à son sujet , je vous tiendrai à le courant .","si je VCOG quelque chose à DETPOSS NCmod , je vous VF à le NC ."
133,Daudet/1886_Daudet_la_belle_Nivernaise_N.txt,Mais il n' est pas probable que ses parents le réclament jamais .,mais il ne être pas ADJ que DETPOSS NC le NC ADVTEMPS .
134,Daudet/1886_Daudet_la_belle_Nivernaise_N.txt,"Quant à vous , vous m' avez l' air d' un brave homme , et j' ai confiance en vous .","quant à vous , vous lui avoir le NCMAN de un ADJ NCmod , et je avoir NCo en vous ."
135,Daudet/1886_Daudet_la_belle_Nivernaise_N.txt,Obéissez toujours à votre femme .,IMP ADVTEMPS à DETPOSS NC .
136,Daudet/1886_Daudet_la_belle_Nivernaise_N.txt,Et à le revoir !,et à le VCOG !
137,Daudet/1886_Daudet_la_belle_Nivernaise_N.txt,Ne buvez pas trop de vin blanc .,ne IMP pas trop de NC ADJCOL .
138,Daudet/1886_Daudet_la_belle_Nivernaise_N.txt,"» La nuit noire , le brouillard froid , la presse indifférente de les gens qui se hâtent de rentrer chez eux , tout cela est fait pour dégriser vivement un pauvre homme .",""" le NCT ADJ , le NC ADJ , le NC ADJ de le NCmod qui se PRES de INF chez eux , tout cela être PPAS pour INF ADVINT un ADJ NCo ."
139,Daudet/1886_Daudet_la_belle_Nivernaise_N.txt,"À peine dans la rue , seul avec son papier timbré en poche et son protégé par la main , le marinier sentit tout d' un coup tomber son enthousiasme ; et l' énormité de son action lui apparut .","à NCSENT dans le NCmod , ADJ avec DETPOSS NC PPAS en NC et son PPAS par le NCCOR , le NCs VPS tout de un NCmod INF DETPOSS NCo ; et le NCs de DETPOSS NCmod lui VPS ."
140,Daudet/1886_Daudet_la_belle_Nivernaise_N.txt,Un niais ?,un NC ?
141,Daudet/1886_Daudet_la_belle_Nivernaise_N.txt,Un glorieux ?,un ADJ ?
142,Daudet/1886_Daudet_la_belle_Nivernaise_N.txt,"Quel accueil , bonnes gens , quel accueil !","quel NC , ADJ NC , quel NC !"
143,Daudet/1886_Daudet_la_belle_Nivernaise_N.txt,C' est terrible une femme de tête pour un pauvre homme qui a le cœur sur la main .,ce être ADJ un NC de NCCOR pour un ADJ NCmod qui avoir le NCo sur le NCCOR .
144,Daudet/1886_Daudet_la_belle_Nivernaise_N.txt,Jamais il n' oserait rentrer chez lui .,ADVTEMPS il ne VCOND INF chez lui .
145,Daudet/1886_Daudet_la_belle_Nivernaise_N.txt,Que faire ?,que faire ?
146,Daudet/1886_Daudet_la_belle_Nivernaise_N.txt,Que faire ?,que faire ?
147,Daudet/1886_Daudet_la_belle_Nivernaise_N.txt,Ils cheminaient dans le brouillard .,il VIMP dans le NC .
148,Daudet/1886_Daudet_la_belle_Nivernaise_N.txt,"Louveau gesticulait , parlait seul , préparait un discours .","ADJ NCs , NC ADJ , VIMP un NCo ."
149,Daudet/1886_Daudet_la_belle_Nivernaise_N.txt,Victor traînait ses souliers dans la crotte .,NP VIMP DETPOSS NCo dans le NC .
150,Daudet/1886_Daudet_la_belle_Nivernaise_N.txt,"Alors le père Louveau s' arrêta , le prit à son cou , l' enveloppa dans sa vareuse .","alors le NCs NP se VPS , le VPS à DETPOSS NCCOR , le VPS dans DETPOSS NC ."
151,Daudet/1886_Daudet_la_belle_Nivernaise_N.txt,L' étreinte de les petits bras serrés lui rendit un peu de courage .,le NCs de le ADJ NCCOR ADJ lui VPS un peu de NCo .
152,Daudet/1886_Daudet_la_belle_Nivernaise_N.txt,"Ma foi , tant pis !","DETPOSS NC , tant ADJ !"
153,Daudet/1886_Daudet_la_belle_Nivernaise_N.txt,il risquerait le paquet .,il VCOND le NCo .
154,Daudet/1886_Daudet_la_belle_Nivernaise_N.txt,"Si la mère Louveau les mettait à la porte , il serait temps de reporter le marmot à la police ; mais peut-être bien qu' elle le garderait pour une nuit , et ce serait toujours un bon dîner de gagné .","si le NCs NP le mettre à le NC , il être temps de INF le NCo à le NC ; mais peut-être bien que il le VCOND pour un NCT , et ce être ADVTEMPS un ADJ NCo de NCmod ."
155,Daudet/1886_Daudet_la_belle_Nivernaise_N.txt,"Ils arrivaient à le pont d' Austerlitz , où était amarrée .","il VIMP à le NC de NP , où être PPAS ."
156,Daudet/1886_Daudet_la_belle_Nivernaise_N.txt,L' odeur fade et douce de les chargements de bois frais emplissait la nuit .,le NCs ADJ et ADJ de le NCmod de NCmod ADJ VIMP le NCT .
157,Daudet/1886_Daudet_la_belle_Nivernaise_N.txt,Toute une flottille de bateaux grouillait dans l' ombre de la rivière .,tout un NCs de NCmod VIMP dans le NC de le NCmod .
158,Daudet/1886_Daudet_la_belle_Nivernaise_N.txt,Le mouvement de le flot faisait vaciller les lanternes et grincer les chaînes entrecroisées .,le NC de le NCmod faire INF le NC et INF le NCo PPAS .
159,Daudet/1886_Daudet_la_belle_Nivernaise_N.txt,"Pour rejoindre son bateau , le père Louveau avait à traverser deux chalands reliés par de les passerelles .","pour INF DETPOSS NCo , le NCs NP avoir à INF NUM NCo PPAS par de le NC ."
160,Daudet/1886_Daudet_la_belle_Nivernaise_N.txt,Comme la nuit était noire !,comme le NCT être ADJ !
161,Daudet/1886_Daudet_la_belle_Nivernaise_N.txt,"Seule une petite lampe étoilait la vitre de la cabine , et une raie lumineuse , qui filtrait sous la porte , animait le sommeil de .","ADJ un ADJ NCs VIMP le NCo de le NCmod , et un NC ADJ , qui VIMP sous le NC , VIMP le NCo de ."
162,Daudet/1886_Daudet_la_belle_Nivernaise_N.txt,On entendait la voix de la mère Louveau qui grondait les enfants en surveillant sa cuisine .,on VCOG le NCMAN de le NCmod NP qui VIMP le NCo en PPRES DETPOSS NCo .
163,Daudet/1886_Daudet_la_belle_Nivernaise_N.txt,« Veux -tu finir Clara ?,""" vouloir il VASP NP ?"
164,Daudet/1886_Daudet_la_belle_Nivernaise_N.txt,» Le marinier poussa la porte .,""" le NCs VPS le NCo ."
165,Daudet/1886_Daudet_la_belle_Nivernaise_N.txt,"La mère Louveau lui tournait le dos , penchée sur le poêlon , mais elle avait reconnu son pas et dit sans se déranger : « C' est toi , François ?","le NCs NP lui VIMP le NCCOR , PPAS sur le NC , mais il avoir VCOG DETPOSS pas et VDIC sans se VSENT : "" ce être soi , NP ?"
166,Daudet/1886_Daudet_la_belle_Nivernaise_N.txt,Comme tu rentres tard !,comme je NC tard !
167,Daudet/1886_Daudet_la_belle_Nivernaise_N.txt,» Les pommes de terre sautaient dans la friture crépitante et la vapeur qui s' envolait de la marmite vers la porte ouverte troublait les vitres de la cabine .,""" le NCs de NCmod VIMP dans le NC ADJ et le NC qui se VIMP de le NC vers le NCmod ADJ VIMP le NCo de le NCmod ."
168,Daudet/1886_Daudet_la_belle_Nivernaise_N.txt,"François avait posé le marmot par terre , et le pauvre mignon , saisi par la tiédeur de la chambre , sentait se déraidir ses petits poings rougis .","NP avoir PPAS le NCo par NC , et le ADJ NCs , PPAS par le NC de le NCmod , sentir se INF DETPOSS ADJ NCo ADJ ."
169,Daudet/1886_Daudet_la_belle_Nivernaise_N.txt,« Fait chaud ... » La mère Louveau se retourna .,""" NC ADJ ... "" le NCs NP se VPS ."
170,Daudet/1886_Daudet_la_belle_Nivernaise_N.txt,"Et montrant à son homme l' enfant déguenillé debout à le milieu de la chambre , elle cria d' un ton courroucé : « Qu' est -ce que c' est que ça ?","et PPRES à DETPOSS NC le NC PPAS ADV à le milieu de le NCmod , il VDIC de un NC VSENT : "" que être ce que ce être que ça ?"
171,Daudet/1886_Daudet_la_belle_Nivernaise_N.txt,» Non !,""" non !"
172,Daudet/1886_Daudet_la_belle_Nivernaise_N.txt,"il y a de ces minutes , dans les meilleurs ménages .","il y avoir de ce NCT , dans le meilleur NC ."
173,Daudet/1886_Daudet_la_belle_Nivernaise_N.txt,"« Une surprise , hé !",""" un NCSENT , PPAS !"
174,Daudet/1886_Daudet_la_belle_Nivernaise_N.txt,hé !,PPAS !
175,Daudet/1886_Daudet_la_belle_Nivernaise_N.txt,une surprise !,un NCSENT !
176,Daudet/1886_Daudet_la_belle_Nivernaise_N.txt,» Le marinier riait jusqu' à les oreilles pour se donner une contenance ; mais il aurait bien voulu être encore dans la rue .,""" le NCs VIMP jusque à le NCCOR pour se INF un NCo ; mais il avoir bien vouloir être encore dans le NC ."
177,Daudet/1886_Daudet_la_belle_Nivernaise_N.txt,"Et comme sa femme , attendant une explication , le regardait d' un air terrible , il bégaya l' histoire tout de travers , avec de les yeux suppliants de chien qu' on menace .","et comme DETPOSS NC , PPRES un NCo , le VCOG de un NCMAN ADJ , il VDIC le NCo tout de travers , avec de le NCCOR ADJ de NCmod que on VDIC ."
178,Daudet/1886_Daudet_la_belle_Nivernaise_N.txt,"Ses parents l' avaient abandonné , il l' avait trouvé pleurant sur le trottoir .","DETPOSS NCs le avoir PPAS , il le avoir PPAS PPRES sur le NC ."
179,Daudet/1886_Daudet_la_belle_Nivernaise_N.txt,On avait demandé : « Qu' est -ce qui en veut ?,"on avoir PPAS : "" que être ce qui en vouloir ?"
180,Daudet/1886_Daudet_la_belle_Nivernaise_N.txt,» « Moi .,""" "" soi ."
181,Daudet/1886_Daudet_la_belle_Nivernaise_N.txt,» Et le commissaire lui avait dit : « Emportez -le .,""" et le NCs lui avoir VDIC : "" IMP -l ."
182,Daudet/1886_Daudet_la_belle_Nivernaise_N.txt,"— Pas vrai , petit ?","— pas vrai , ADJ ?"
183,Daudet/1886_Daudet_la_belle_Nivernaise_N.txt,"» Alors la mère Louveau éclata : « Tu es fou , ou tu as trop bu !",""" alors le NC NP éclater : "" je être ADJ , ou je avoir trop PPAS !"
184,Daudet/1886_Daudet_la_belle_Nivernaise_N.txt,A -t -on jamais entendu parler d' une bêtise pareille ?,à t on ADVTEMPS VCOG INF de un NC ADJ ?
185,Daudet/1886_Daudet_la_belle_Nivernaise_N.txt,Tu veux donc nous faire mourir dans la misère ?,je vouloir donc nous faire INF dans le NC ?
186,Daudet/1886_Daudet_la_belle_Nivernaise_N.txt,Tu trouves que nous sommes trop riches ?,je ADJ que nous être trop ADJ ?
187,Daudet/1886_Daudet_la_belle_Nivernaise_N.txt,Que nous avons trop de pain à manger ?,que nous avoir trop de NC à INF ?
188,Daudet/1886_Daudet_la_belle_Nivernaise_N.txt,Trop de place pour coucher ?,trop de NC pour INF ?
189,Daudet/1886_Daudet_la_belle_Nivernaise_N.txt,» François considérait ses souliers sans répondre .,""" NP VIMP DETPOSS NCo sans VDIC ."
190,Daudet/1886_Daudet_la_belle_Nivernaise_N.txt,"« Mais , malheureux , regarde -toi , regarde nous !",""" mais , ADJ , VCOG soi , VCOG nous !"
191,Daudet/1886_Daudet_la_belle_Nivernaise_N.txt,Ton bateau est percé comme mon écumoire !,DETPOSS NCspas être PPAS comme DETPOSS NC !
192,Daudet/1886_Daudet_la_belle_Nivernaise_N.txt,Et il faut encore que tu t' amuses à ramasser les enfants de les autres dans les ruisseaux .,et il PRES encore que je le PPAS à INF le NCo de le autre dans le NC .
193,Daudet/1886_Daudet_la_belle_Nivernaise_N.txt,» « Tu vas me faire le plaisir de reporter cet enfant -là à le commissaire de police .,""" "" je ADV me faire le NCSENT de INF ce NCo ADVLIEU à le NC de NCmod ."
194,Daudet/1886_Daudet_la_belle_Nivernaise_N.txt,"S' il fait de les façons pour le reprendre , tu lui diras que ta femme ne veut pas .","si il faire de le façon pour le NC , je lui ADJ que ta NCs ne vouloir pas ."
195,Daudet/1886_Daudet_la_belle_Nivernaise_N.txt,Est -ce compris ?,être ce VCOG ?
196,Daudet/1886_Daudet_la_belle_Nivernaise_N.txt,"» Elle marchait sur lui , son poêlon à la main , avec un geste menaçant .",""" il VIMP sur lui , DETPOSS NCo à le NCCOR , avec un NC VDIC ."
197,Daudet/1886_Daudet_la_belle_Nivernaise_N.txt,Le marinier promit tout ce qu' elle voulut .,le NCs VPS tout ce que il vouloir .
198,Daudet/1886_Daudet_la_belle_Nivernaise_N.txt,"« Voyons , ne te fâche pas .",""" NP , ne me VSENT pas ."
199,Daudet/1886_Daudet_la_belle_Nivernaise_N.txt,J' avais cru bien faire .,je avoir PPAS bien faire .
200,Daudet/1886_Daudet_la_belle_Nivernaise_N.txt,Je me suis trompé .,je me être PPAS .
201,Daudet/1886_Daudet_la_belle_Nivernaise_N.txt,Ça suffit .,ça PRES .
202,Daudet/1886_Daudet_la_belle_Nivernaise_N.txt,Faut -il le ramener tout de suite ?,PRES il le INF tout de NC ?
203,Daudet/1886_Daudet_la_belle_Nivernaise_N.txt,» La soumission de le bonhomme adoucit la mère Louveau .,""" le NCs de le NCmod VSENT le NCo NP ."
204,Daudet/1886_Daudet_la_belle_Nivernaise_N.txt,"Peut-être aussi eut -elle la vision d' un de ses enfants à elle perdu tout seul dans la nuit , la main tendue vers les passants .","peut-être aussi avoir il le NCo de un de DETPOSS NCmod à il VPS tout ADJ dans le NCT , le NCCOR PPAS vers le NC ."
205,Daudet/1886_Daudet_la_belle_Nivernaise_N.txt,"Elle se détourna pour mettre son poêlon sur le feu et dit d' un ton bourru : « Ce n' est pas possible ce soir , le bureau est fermé .","il se VPS pour mettre DETPOSS NCo sur le NC et VDIC de un NC ADJ : "" ce ne être pas ADJ ce NCT , le NCspas être PPAS ."
206,Daudet/1886_Daudet_la_belle_Nivernaise_N.txt,"Et maintenant que tu l' as pris , tu ne peux pas le reporter sur le trottoir .","et ADVT que je le avoir PPAS , je ne pouvoir pas le INF sur le NC ."
207,Daudet/1886_Daudet_la_belle_Nivernaise_N.txt,"On le gardera cette nuit , mais demain matin ... » Et la mère Louveau était si en colère qu' elle tisonnait le feu à tour de bras ... « Mais demain matin , je te jure bien que tu m' en débarrasseras !","on le VF ce NCT , mais ADVT NCT ... "" et le NCs NP être PPAS en NCSENT que il VIMP le NCo à NC de NCCOR ... "" mais ADVT NCT , je me PRES bien que je lui en NC !"
208,Daudet/1886_Daudet_la_belle_Nivernaise_N.txt,"» La ménagère mettait le couvert brutalement , heurtant les verres , jetant les fourchettes .",""" le NCs mettre le NCo ADVMAN , VSENT le NCo , PPRES le NCo ."
209,Daudet/1886_Daudet_la_belle_Nivernaise_N.txt,"Clara , effrayée , se tenait coite dans un coin .","NP , VSENT , se VIMP PPAS dans un NC ."
210,Daudet/1886_Daudet_la_belle_Nivernaise_N.txt,"Le bébé grognait sur le lit , et l' enfant trouvé regardait avec admiration rougir la braise .","le NCs VDIC sur le NC , et le NCs PPAS VCOG avec NCSENT INF le NCo ."
211,Daudet/1886_Daudet_la_belle_Nivernaise_N.txt,Lui qui n' avait peut-être jamais vu de feu depuis qu' il était né !,il qui ne avoir peut-être ADVTEMPS PPAS un NCo depuis que il être PPAS !
212,Daudet/1886_Daudet_la_belle_Nivernaise_N.txt,"Ce fut bien une autre joie quand il se trouva à table , une serviette à le cou , un monceau de pommes de terre dans son assiette .","ce être bien un autre NCSENT quand il se VPS à NC , un NC à le NCCOR , un NC de NCmod de NCmod dans DETPOSS NCmod ."
213,Daudet/1886_Daudet_la_belle_Nivernaise_N.txt,"La mère Louveau le servait rageusement , à le fond un brin touchée par cet appétit d' enfant maigre .","le NCs NP le VIMP ADVMAN , à le NC un NCo PPAS par ce NC de NCmod ADJ ."
214,Daudet/1886_Daudet_la_belle_Nivernaise_N.txt,"La petite Clara , ravie , le flattait avec sa cuillère .","le ADJ NP , NC , le VSENT avec DETPOSS NC ."
215,Daudet/1886_Daudet_la_belle_Nivernaise_N.txt,"Louveau , consterné , n' osait plus lever les yeux .","NP , VSENT , ne VIMP plus INF le NCCOR ."
216,Daudet/1886_Daudet_la_belle_Nivernaise_N.txt,"La table desservie , ses enfants couchés , la mère Louveau s' assit près de le feu , le petit entre les genoux , pour lui faire un peu de toilette .","le NCs PPAS , DETPOSS NC PPAS , le NC NP se PRES ADVLIEU de le NC , le NC entre le NCCOR , pour lui faire un peu de NCmod ."
217,Daudet/1886_Daudet_la_belle_Nivernaise_N.txt,"« On ne peut pas le coucher , sale comme il est .",""" on ne pouvoir pas le INF , ADJ comme il être ."
218,Daudet/1886_Daudet_la_belle_Nivernaise_N.txt,Je parie qu' il n' a jamais vu ni l' éponge ni le peigne .,je PRES que il ne avoir ADVTEMPS VCOG ni le NCo ni le NC .
219,Daudet/1886_Daudet_la_belle_Nivernaise_N.txt,» L' enfant tournait comme une toupie dans ses mains .,""" le NCs VIMP comme un NC dans DETPOSS NCCOR ."
220,Daudet/1886_Daudet_la_belle_Nivernaise_N.txt,"Vraiment , une fois lavé et démêlé , il n' avait pas trop laide mine , le pauvre petit gosse , avec son nez rose de caniche et ses mains , rondes comme de les pommes d' api .","ADVINT , un fois PPAS et PPAS , il ne avoir pas trop ADJ NCo , le PRES ADJ NC , avec DETPOSS NCCOR PRES de NC et DETPOSS NCCOR , NC comme de le NC de NCmod ."
221,Daudet/1886_Daudet_la_belle_Nivernaise_N.txt,La mère Louveau considérait son œuvre avec une nuance de satisfaction .,le NCs NP VIMP DETPOSS NCo avec un NC de NCSENT .
222,Daudet/1886_Daudet_la_belle_Nivernaise_N.txt,« Quel âge peut -il avoir ?,""" quel NCs pouvoir il avoir ?"
223,Daudet/1886_Daudet_la_belle_Nivernaise_N.txt,"» François posa sa pipe , enchanté de rentrer en scène .",""" NP VPS DETPOSS NCo , PPAS de INF en NC ."
224,Daudet/1886_Daudet_la_belle_Nivernaise_N.txt,"C' était la première fois qu' on lui parlait de la soirée , et une question valait presque un retour en grâce .","ce être le ADJ fois que on lui VIMP de le NCT , et un NCs VIMP presque un NCo en NCmod ."
225,Daudet/1886_Daudet_la_belle_Nivernaise_N.txt,"« Quel âge , hé !",""" quel NC , PPAS !"
226,Daudet/1886_Daudet_la_belle_Nivernaise_N.txt,hé !,PPAS !
227,Daudet/1886_Daudet_la_belle_Nivernaise_N.txt,On va te dire ça .,on aller me VDIC ça .
228,Daudet/1886_Daudet_la_belle_Nivernaise_N.txt,» La mère Louveau le regardait avec stupéfaction .,""" le NCs NP le VCOG avec NCSENT ."
229,Daudet/1886_Daudet_la_belle_Nivernaise_N.txt,« Qu' est -ce que tu fais donc ?,""" que être ce que je faire donc ?"
230,Daudet/1886_Daudet_la_belle_Nivernaise_N.txt,"— Je prends la mesure , bédame !","— je PRES le NCo , NC !"
231,Daudet/1886_Daudet_la_belle_Nivernaise_N.txt,"» Elle lui arracha la corde de les mains , et la jeta à l' autre bout de la chambre .",""" il lui VPS le NCo de le NCCOR , et le NC à le autre NCmod de le NCmod ."
232,Daudet/1886_Daudet_la_belle_Nivernaise_N.txt,"« Mon pauvre homme , que tu es bête avec tes manies !",""" DETPOSS ADJ NC , que je être ADJ avec DETPOSS NC !"
233,Daudet/1886_Daudet_la_belle_Nivernaise_N.txt,Un enfant n' est pas un baliveau .,un NCs ne être pas un NC .
234,Daudet/1886_Daudet_la_belle_Nivernaise_N.txt,"» Pas de chance ce soir , le malheureux François !",""" pas de NC ce NCT , le ADJ NP !"
235,Daudet/1886_Daudet_la_belle_Nivernaise_N.txt,"La fillette sommeille les poings fermés , tenant toute la place .","le NCs PRES le NCo ADJ , PPRES tout le NCo ."
236,Daudet/1886_Daudet_la_belle_Nivernaise_N.txt,"Elle sent vaguement que l' on glisse quelque chose à côté d' elle , étend les bras , refoule son voisin dans un coin , lui fourre les coudes dans les yeux , se retourne et se rendort .","il sentir ADV que l' on PRES quelque chose à NC de il , PRES le NCCOR , PRES DETPOSS NCo dans un NC , lui PRES le NCCOR dans le NCCOR , se PRES et se PRES ."
237,Daudet/1886_Daudet_la_belle_Nivernaise_N.txt,Maintenant on a soufflé la lampe .,ADVT on avoir VSENT le NCo .
238,Daudet/1886_Daudet_la_belle_Nivernaise_N.txt,"La Seine , qui clapote autour de le bateau , balance tout doucement la maison de planches .","le NP , qui PRES ADV de le NC , NC tout ADVMAN le NCo de NCmod ."
239,Daudet/1886_Daudet_la_belle_Nivernaise_N.txt,"Le petit enfant perdu sent une douce chaleur l' envahir et il s' endort avec la sensation inconnue de quelque chose comme une main caressante qui a passé sur sa tête , lorsque ses yeux se fermaient .","le ADJ NCs ADJ sentir un ADJ NCo le INF et il se PRES avec le NCSENT ADJ de quelque chose comme un NCCOR ADJ qui avoir PPAS sur DETPOSS NCCOR , lorsque DETPOSS NCCOR se VIMP ."
240,Daudet/1886_Daudet_la_belle_Nivernaise_N.txt,"Elle fut tout étonnée , ce matin-là , de ne pas voir sa mère dans la cabine et de trouver cette autre tête à côté d' elle sur l' oreiller .","il être tout VSENT , ce matin-là , de ne pas VCOG DETPOSS NCo dans le NC et de INF ce autre NCCOR à NC de il sur le INF ."
241,Daudet/1886_Daudet_la_belle_Nivernaise_N.txt,"Elle se frotta les yeux avec ses petits poings , prit son camarade de lit par les cheveux et le secoua .","il se VPS le NCCOR avec DETPOSS ADJ NC , VPS DETPOSS NCo de NCmod par le NCCOR et le VPS ."
242,Daudet/1886_Daudet_la_belle_Nivernaise_N.txt,"Le pauvre Totor se réveilla à le milieu de les supplices les plus bizarres , tourmenté par de les doigts malins qui lui chatouillaient le cou et l' empoignaient par le nez .","le ADJ NP se VPS à le milieu de le NCSENT le plus ADJ , VSENT par de le NC ADJ qui lui VIMP le NCCOR et le VIMP par le NCCOR ."
243,Daudet/1886_Daudet_la_belle_Nivernaise_N.txt,"Au-dessus d' eux , de les pas craquaient .","ADVLIEU de eux , de le pas VIMP ."
244,Daudet/1886_Daudet_la_belle_Nivernaise_N.txt,On débarquait de les planches sur le quai avec un bruit sourd .,on VIMP de le NC sur le NCmod avec un NCmod ADJ .
245,Daudet/1886_Daudet_la_belle_Nivernaise_N.txt,Mlle Clara semblait fort intriguée .,NP NP sembler fort VSENT .
246,Daudet/1886_Daudet_la_belle_Nivernaise_N.txt,Elle éleva le petit doigt en l' air et montra le plafond à son ami avec un geste qui voulait dire : « Qu' est -ce que c' est que ça ?,"il VPS le ADJ NCCOR en le NCMAN et VPS le NCo à DETPOSS NC avec un NC qui vouloir VDIC : "" que être ce que ce être que ça ?"
247,Daudet/1886_Daudet_la_belle_Nivernaise_N.txt,» C' était la livraison qui commençait .,""" ce être le NC qui VASP ."
248,Daudet/1886_Daudet_la_belle_Nivernaise_N.txt,"Dubac , le menuisier de la Villette , était arrivé à six heures , avec son cheval et sa charrette , et le père Louveau s' était mis à la besogne , d' un entrain qu' on ne lui connaissait pas .","NP , le NC de le NP , être PPAS à NUM NCT , avec DETPOSS NC et DETPOSS NC , et le NCs NP se être mettre à le NC , de un NC que on ne lui VIMP pas ."
249,Daudet/1886_Daudet_la_belle_Nivernaise_N.txt,François croyait gagner beaucoup en reculant l' heure de l' explication .,NP VCOG INF beaucoup en PPRES le NCT de le NCmod .
250,Daudet/1886_Daudet_la_belle_Nivernaise_N.txt,"« Dis donc , toi , puisque tu ne fais rien , reconduis le petit où tu l' as pris .",""" dis donc , soi , puisque je ne faire rien , PPAS le ADJ où je le avoir PPAS ."
251,Daudet/1886_Daudet_la_belle_Nivernaise_N.txt,» Et il travaillait .,""" et il VIMP ."
252,Daudet/1886_Daudet_la_belle_Nivernaise_N.txt,Les tas de planches diminuaient à vue d' œil .,le NCs de NCmod VIMP à NC de NCmod .
253,Daudet/1886_Daudet_la_belle_Nivernaise_N.txt,"Dubac avait déjà fait trois voyages , et la mère Louveau , debout sur la passerelle , son nourrisson dans les bras , avait tout juste le temps de compter les livraisons à le passage .","NP avoir déjà faire NUM NCo , et le NC NP , ADV sur le NC , DETPOSS NC dans le NCCOR , avoir tout ADV le temps de INF le NCo à le NC ."
254,Daudet/1886_Daudet_la_belle_Nivernaise_N.txt,"Dans sa bonne volonté , François choisissait de les madriers longs comme de les mats , épais comme de les murs .","dans DETPOSS ADJ NC , NP VIMP de le NC ADJ comme de le NCmod , VIMP comme de le NC ."
255,Daudet/1886_Daudet_la_belle_Nivernaise_N.txt,"Quand la solive était trop lourde , il appelait l' Équipage à son secours , pour charger .","quand le NCs être trop ADJ , il VIMP le NCo à DETPOSS NCmod , pour INF ."
256,Daudet/1886_Daudet_la_belle_Nivernaise_N.txt,"L' Équipage , c' était un matelot à jambe de bois qui composait à lui tout seul le personnel de .","le NC , ce être un NC à NCCOR de NCmod qui VIMP à lui tout ADJ le NCo de ."
257,Daudet/1886_Daudet_la_belle_Nivernaise_N.txt,On l' avait recueilli par charité et gardé par habitude .,on le avoir PPAS par NC et PPAS par NC .
258,Daudet/1886_Daudet_la_belle_Nivernaise_N.txt,"L' invalide s' arcboutait sur sa quille , ou soulevait la poutre avec de grands efforts , et Louveau , ployant sous le faix , la ceinture tendue sur les reins , descendait lentement le pont volant .","le NCs se VIMP sur DETPOSS NC , ou VIMP le NCo avec un ADJ NC , et NP , PPRES sous le NC , le NCo ADJ sur le NCCOR , VIMP ADV le NCo ADJ ."
259,Daudet/1886_Daudet_la_belle_Nivernaise_N.txt,Le moyen de déranger un homme si occupé ?,le NC de VSENT un NCo si PPAS ?
260,Daudet/1886_Daudet_la_belle_Nivernaise_N.txt,La mère Louveau n' y pensait pas .,le NCs NP ne y VCOG pas .
261,Daudet/1886_Daudet_la_belle_Nivernaise_N.txt,"Elle allait et venait sur la passerelle , absorbée par Mimile , qui tétait .","il aller et venir sur le NC , PPAS par NP , qui VIMP ."
262,Daudet/1886_Daudet_la_belle_Nivernaise_N.txt,"Toujours altéré , ce Mimile !","ADVTEMPS PPAS , ce NP !"
263,Daudet/1886_Daudet_la_belle_Nivernaise_N.txt,Comme son père .,comme DETPOSS NC .
264,Daudet/1886_Daudet_la_belle_Nivernaise_N.txt,"Altéré , lui , Louveau !","PPAS , lui , NP !"
265,Daudet/1886_Daudet_la_belle_Nivernaise_N.txt,"... pas aujourd'hui , bien sûr .","... pas ADVT , bien ADJ ."
266,Daudet/1886_Daudet_la_belle_Nivernaise_N.txt,"Depuis le matin qu' on travaille , il n' a pas encore été question de vin blanc .","depuis le NCT que on VSUBP , il ne avoir pas encore être NC de NCmod ADJCOL ."
267,Daudet/1886_Daudet_la_belle_Nivernaise_N.txt,"On n' a pas seulement pris le temps de souffler , de s' éponger le front , de trinquer sur le coin d' un comptoir .","on ne avoir pas seulement PPAS le temps de VSENT , de se INF le NCCOR , de INF sur le NC de un NCmod ."
268,Daudet/1886_Daudet_la_belle_Nivernaise_N.txt,"Même tout à l' heure , quand Dubac a proposé d' aller boire un verre , François a répondu héroïquement : « Plus tard , nous avons le temps .","même tout à le NCT , quand NP avoir VDIC de aller INF un NCo , NP avoir VDIC ADVMAN : "" plus tard , nous avoir le temps ."
269,Daudet/1886_Daudet_la_belle_Nivernaise_N.txt,» Refuser un verre !,""" INF un NCo !"
270,Daudet/1886_Daudet_la_belle_Nivernaise_N.txt,"La ménagère n' y comprend plus rien , on lui a changé son Louveau .","le NCs ne y VCOG plus rien , on lui avoir PPAS son NP ."
271,Daudet/1886_Daudet_la_belle_Nivernaise_N.txt,"On a changé Clara aussi , car voilà onze heures sonnées , et la petite , qui ne veut jamais rester à le lit , n' a pas bougé de la matinée .","on avoir PPAS NP aussi , car voilà NUM NCT ADJ , et le ADJ , qui ne vouloir ADVTEMPS INF à le NC , ne avoir pas PPAS de le NC ."
272,Daudet/1886_Daudet_la_belle_Nivernaise_N.txt,Et la mère Louveau descend quatre à quatre dans la cabine pour voir ce qui se passe .,et le NCs NP PRES NUM à NUM dans le NC pour VCOG ce qui se PRES .
273,Daudet/1886_Daudet_la_belle_Nivernaise_N.txt,"François reste sur le pont , les bras ballants , suffoqué comme s' il venait de recevoir une solive dans l' estomac .","NP PRES sur le NC , le NCCOR ADJ , PPAS comme si il venir de INF un NCo dans le NCCOR ."
274,Daudet/1886_Daudet_la_belle_Nivernaise_N.txt,"Cette fois , ça y est .","ce fois , ça y être ."
275,Daudet/1886_Daudet_la_belle_Nivernaise_N.txt,"Sa femme s' est souvenue de Victor ; elle va le remonter avec elle , et il faudra se mettre en route pour le bureau de le commissaire .","DETPOSS NCs se être PPAS de NP ; il aller le VSENT avec il , et il VF se mettre en NC pour le NC de le NCmod ."
276,Daudet/1886_Daudet_la_belle_Nivernaise_N.txt,"Mais non ; la mère Louveau reparaît toute seule , elle rit , elle l' appelle d' un signe .","mais non ; le NCs NP PRES tout ADJ , il PRES , il le PRES de un NC ."
277,Daudet/1886_Daudet_la_belle_Nivernaise_N.txt,"« Viens donc voir , c' est trop drôle !",""" venir donc VCOG , ce être trop ADJ !"
278,Daudet/1886_Daudet_la_belle_Nivernaise_N.txt,"» Le bonhomme ne comprend rien à cette gaieté subite , et il la suit comme un automate , les jambes raides de son émotion .",""" le NCs ne VCOG rien à ce NCSENT ADJ , et il le PRES comme un NC , le NCCOR ADJ de DETPOSS NCSENT ."
279,Daudet/1886_Daudet_la_belle_Nivernaise_N.txt,"Les deux marmots étaient assis à le bord de le lit , en chemise ; les pieds nus .","le NUM NCspas être PPAS à le NC de le NCmod , en NC ; le NCCOR ADJ ."
280,Daudet/1886_Daudet_la_belle_Nivernaise_N.txt,"Ils s' étaient emparés de le bol de soupe que la mère en se levant , avait laissé à la portée de les petits bras .","il se être PPAS de le NC de NCmod que le NCs en se PPRES , avoir laisser à le NC de le ADJ NCCOR ."
281,Daudet/1886_Daudet_la_belle_Nivernaise_N.txt,"N' ayant qu' une cuillère pour deux bouches , ils s' empâtaient à tour de rôle , comme de les oisillons dans un nid , et Clara , qui faisait toujours de les façons pour manger sa soupe tendait son bec à la cuillère , en riant .","ne avoir que un NCo pour NUM NCCOR , il se VIMP à NC de NCmod , comme de le NC dans un NCmod , et NP , qui faire ADVTEMPS de le façon pour INF DETPOSS NCs VIMP DETPOSS NCo à le NCmod , en PPRES ."
282,Daudet/1886_Daudet_la_belle_Nivernaise_N.txt,"On s' était bien mis un peu de pain dans les yeux et dans les oreilles , mais l' on n' avait rien cassé , rien renversé , et les deux bébés s' amusaient de si bon cœur , qu' il n' y avait pas moyen de rester fâché .","on se être bien mettre un peu de NCmod dans le NCCOR et dans le NCCOR , mais l' on ne avoir rien PPAS , rien PPAS , et le NUM NCs se VIMP de si ADJ NC , que il ne y avoir pas ADJ de INF NCo ."
283,Daudet/1886_Daudet_la_belle_Nivernaise_N.txt,La mère Louveau riait toujours .,le NCs NP VIMP ADVTEMPS .
284,Daudet/1886_Daudet_la_belle_Nivernaise_N.txt,"« Puisqu' ils s' entendent si bien que cela , nous n' avons pas besoin de nous occuper d' eux .",""" puisque il se VCOG si bien que cela , nous ne avoir pas NC de nous INF de eux ."
285,Daudet/1886_Daudet_la_belle_Nivernaise_N.txt,"» François retourna vite à sa besogne , enchanté de la tournure que prenaient les choses .",""" NP VPS ADV à DETPOSS NC , NC de le NCmod que VIMP le chose ."
286,Daudet/1886_Daudet_la_belle_Nivernaise_N.txt,"D' ordinaire , les jours de livraison , il se reposait , dans la journée , c'est-à-dire qu' il roulait tous les cabarets de mariniers , de le Pont-du-Jour à le quai de Bercy .","de NC , le NCT de NCmod , il se VIMP , dans le NCT , ADV que il VIMP tout le NCo de NCmod , de le NP à le NCmod de NP ."
287,Daudet/1886_Daudet_la_belle_Nivernaise_N.txt,"Aussi le déchargement traînait pendant une grande semaine , et la mère Louveau ne décolérait pas .","aussi le NCs VIMP PHASE un ADJ NC , et le NCs NP ne VIMP pas ."
288,Daudet/1886_Daudet_la_belle_Nivernaise_N.txt,"Mais , cette fois , pas de vin blanc , pas de paresse , une rage de bien faire , un travail fiévreux et soutenu .","mais , ce fois , pas un NC ADJCOL , pas de NC , un NCSENT de bien faire , un NC ADJ et ADJ ."
289,Daudet/1886_Daudet_la_belle_Nivernaise_N.txt,"De son côté , comme s' il eût compris qu' il fallait gagner sa cause , le petit faisait bien tout ce qu' il pouvait pour amuser Clara .","de DETPOSS NC , comme si il avoir VCOG que il VIMP INF DETPOSS NCo , le NCs faire bien tout ce que il pouvoir pour VSENT NP ."
290,Daudet/1886_Daudet_la_belle_Nivernaise_N.txt,"Pour la première fois de sa vie , la fillette passa la journée sans pleurer , sans se cogner , sans trouer ses bas .","pour le ADJ fois de DETPOSS NCmod , le NCs VPS le NCT sans INF , sans se INF , sans INF DETPOSS NCo ."
291,Daudet/1886_Daudet_la_belle_Nivernaise_N.txt,"Son camarade l' amusait , la mouchait .","DETPOSS NCs le VSENT , le VIMP ."
292,Daudet/1886_Daudet_la_belle_Nivernaise_N.txt,"Et elle tirait à pleines mains dans la tignasse embrouillée , taquinant son grand ami comme un roquet qui mordille un caniche .","et il VCOND à ADJ NCCOR dans le NC PPAS , PPRES DETPOSS ADJ NCo comme un NC qui PRES un NCo ."
293,Daudet/1886_Daudet_la_belle_Nivernaise_N.txt,La mère Louveau voyait tout cela de loin .,le NCs NP VCOG tout cela de ADVLIEU .
294,Daudet/1886_Daudet_la_belle_Nivernaise_N.txt,Elle se disait que cette petite bonne d' enfant était tout de même bien commode .,il se VDIC que ce ADJ NCs de NCmod être tout de même bien ADJ .
295,Daudet/1886_Daudet_la_belle_Nivernaise_N.txt,Ou pouvait bien garder Victor jusqu' à la fin de la livraison .,ou pouvoir bien INF NP jusque à le NC de le NCmod .
296,Daudet/1886_Daudet_la_belle_Nivernaise_N.txt,"Il serait temps de le rendre après , à le moment de partir .","il être temps de le INF PHASE , à le NC de INF ."
297,Daudet/1886_Daudet_la_belle_Nivernaise_N.txt,"C' est pourquoi , le soir , elle ne fit pas d' allusion à le renvoi de le petit , le gorgea de pommes de terre , et le coucha comme la veille .","ce être pourquoi , le NCT , il ne faire pas de NC à le NCmod de le NCmod , le NCo de NCmod de NCmod , et le VPS comme le NC ."
298,Daudet/1886_Daudet_la_belle_Nivernaise_N.txt,"On aurait dit que le protégé de François faisait partie de la famille et , à voir Clara le serrer par le cou en s' endormant , on devinait que la fillette l' avait pris sou sa protection .","on avoir VDIC que le NCs de NP faire NCo de le NCmod et , à VCOG NP le INF par le NCCOR en se PPRES , on VCOG que le NCs le avoir PPAS ADV DETPOSS NCo ."
299,Daudet/1886_Daudet_la_belle_Nivernaise_N.txt,Le déchargement de dura trois jours .,le NCs de VPS NUM NCT .
300,Daudet/1886_Daudet_la_belle_Nivernaise_N.txt,"Trois jours de travail forcé , sans une distraction , sans un écart .","NUM NCT de NCmod PPAS , sans un NCSENT , sans un NCmod ."
301,Daudet/1886_Daudet_la_belle_Nivernaise_N.txt,"Sur le midi , la dernière charrette fut chargée , le bateau vidé .","sur le NC , le ADJ NCspas être PPAS , le NC PPAS ."
302,Daudet/1886_Daudet_la_belle_Nivernaise_N.txt,"On ne pouvait prendre le remorqueur que le lendemain , et François passa toute la journée caché dans l' entrepont , radoubant le bordage , poursuivi par cette phrase qui , depuis trois jours , lui bourdonnait à les oreilles : « Reporte -le chez le commissaire .","on ne pouvoir INF le NCo que le NC , et NP VPS tout le NCT PPAS dans le NC , PPRES le NCo , PPAS par ce NC qui , depuis NUM NCT , lui VIMP à le NCCOR : "" PRES le chez le NC ."
303,Daudet/1886_Daudet_la_belle_Nivernaise_N.txt,» Ah !,""" INTJ !"
304,Daudet/1886_Daudet_la_belle_Nivernaise_N.txt,ce commissaire !,ce NC !
305,Daudet/1886_Daudet_la_belle_Nivernaise_N.txt,Toutes les fois qu' elle prononçait ce nom redouté le petit attachait sur elle ses yeux inquiets d' enfant qui a trop tôt souffert .,tout le fois que il VIMP ce NC VSENT le ADJ NCo sur il DETPOSS NCCOR ADJ de NCmod qui avoir trop tôt VSENT .
306,Daudet/1886_Daudet_la_belle_Nivernaise_N.txt,Le commissaire !,le NC !
307,Daudet/1886_Daudet_la_belle_Nivernaise_N.txt,"Cela voulait dire : plus de Clara , plus de caresses , plus de feu , plus de pommes de terre .","cela vouloir VDIC : plus de NP , plus de NC , plus de NC , plus de NC de NCmod ."
308,Daudet/1886_Daudet_la_belle_Nivernaise_N.txt,"Mais le retour à la vie noire , à les jours sans pain , à les sommeils sans lit , à les réveils sans baisers .","mais le NC à le NCmod ADJ , à le NCT sans NCmod , à le NC sans NCmod , à le NC sans NCmod ."
309,Daudet/1886_Daudet_la_belle_Nivernaise_N.txt,"Aussi , comme il se cramponna à les jupes de la mère Louveau la veille de le départ , quand François demanda d' une voix tremblante : « Voyons , le reportons -nous , oui ou non ?","aussi , comme il se VPS à le NC de le NCmod NP le NCo de le NCmod , quand NP VPS de un NCMAN ADJ : "" VCOG , le NC ADJ , oui ou non ?"
310,Daudet/1886_Daudet_la_belle_Nivernaise_N.txt,» La mère Louveau ne répondit pas .,""" le NCs NP ne VDIC pas ."
311,Daudet/1886_Daudet_la_belle_Nivernaise_N.txt,On aurait dit qu' elle cherchait une excuse pour garder Victor .,on avoir VDIC que il VIMP un NCo pour INF NP .
312,Daudet/1886_Daudet_la_belle_Nivernaise_N.txt,"Quant à Clara , elle se roulait sur le parquet , suffoquée de larmes , décidée à avoir de les convulsions si on la séparait de son ami .","quant à NP , il se VIMP sur le NC , PPAS de NC , PPAS à avoir de le NC si on le VCOND de DETPOSS NC ."
313,Daudet/1886_Daudet_la_belle_Nivernaise_N.txt,La femme de tête parla gravement .,le NCs de NCCOR VPS ADVMAN .
314,Daudet/1886_Daudet_la_belle_Nivernaise_N.txt,"« Mon pauvre homme , tu as fait une bêtise , comme toujours .",""" DETPOSS ADJ NC , je avoir faire un NCo , comme ADVTEMPS ."
315,Daudet/1886_Daudet_la_belle_Nivernaise_N.txt,Maintenant il faut la payer .,ADVT il PRES le INF .
316,Daudet/1886_Daudet_la_belle_Nivernaise_N.txt,"Cet enfant -là s' est attaché à nous , Clara s' est toquée de lui , et ça peinerait tout le monde de le voir partir .","ce NCs ADVLIEU se être PPAS à nous , NP se être PPAS de lui , et ça VSENT tout le NCo de le VCOG INF ."
317,Daudet/1886_Daudet_la_belle_Nivernaise_N.txt,"Je vais essayer de le garder , mais je veux que chacun y mette de le sien .","je aller INF de le INF , mais je vouloir que chacun y mettre de le sien ."
318,Daudet/1886_Daudet_la_belle_Nivernaise_N.txt,"La première fois que Clara aura ses nerfs ou que tu te griseras , je le reporterai chez le commissaire .","le ADJ fois que NP avoir DETPOSS NCCOR ou que je me ADJ , je le VF chez le NC ."
319,Daudet/1886_Daudet_la_belle_Nivernaise_N.txt,» Le père Louveau rayonnait .,""" le NCs ADJ VIMP ."
320,Daudet/1886_Daudet_la_belle_Nivernaise_N.txt,C' était dit .,ce être VDIC .
321,Daudet/1886_Daudet_la_belle_Nivernaise_N.txt,Il ne boirait plus .,il ne VIMP plus .
322,Daudet/1886_Daudet_la_belle_Nivernaise_N.txt,Victor était en route .,NP être en NC .
323,Daudet/1886_Daudet_la_belle_Nivernaise_N.txt,"En route pour la campagne de banlieue , mirant dans l' eau ses maisonnettes et ses potagers .","en NC pour le NCmod de NCmod , PPRES dans le NC DETPOSS NCo et DETPOSS NC ."
324,Daudet/1886_Daudet_la_belle_Nivernaise_N.txt,En route pour le pays blanc de les collines crayeuses .,en NC pour le NCmod ADJCOL de le NCmod ADJ .
325,Daudet/1886_Daudet_la_belle_Nivernaise_N.txt,En route le long de les chemins de halage sonores et dallés .,en NC le NCmod de le NCmod de NCmod ADJ et ADJ .
326,Daudet/1886_Daudet_la_belle_Nivernaise_N.txt,"En route pour la montagnette , pour le canal de l' Yonne endormi dans son lit d' écluses .","en NC pour le NCmod , pour le NCmod de le NP PPAS dans DETPOSS NC de NCmod ."
327,Daudet/1886_Daudet_la_belle_Nivernaise_N.txt,En route pour les verdures d' hiver et les bois de le Morvan .,en NC pour le NCmod de NCmod et le NC de le NP .
328,Daudet/1886_Daudet_la_belle_Nivernaise_N.txt,"Adossé à la barre de son bateau , et entêté dans sa volonté de ne pas boire , François faisait la sourde oreille à les invitations de les éclusiers et de les marchands de vins étonnés de le voir passer à le large .","PPAS à le NC de DETPOSS NCmod , et PPAS dans DETPOSS NC de ne pas INF , NP faire le ADJ NCCOR à le NC de le NCmod et de le NC de NCmod PPAS de le VCOG INF à le NC ."
329,Daudet/1886_Daudet_la_belle_Nivernaise_N.txt,"Depuis le temps que le vieux bateau faisait le même voyage , il connaissait les stations , et s' arrêtait tout seul comme un cheval d' omnibus .","depuis le temps que le ADJ NCs faire le même NC , il VIMP le NCo , et se VIMP tout ADJ comme un NC de NCmod ."
330,Daudet/1886_Daudet_la_belle_Nivernaise_N.txt,"À l' avant , juché sur une seule patte , l' Équipage manœuvrait mélancoliquement une gaffe immense , repoussait les herbes , arrondissait les tournants , accrochait les écluses .","à le PHASE , PPAS sur un ADJ NC , le NCs VCOND ADVMAN un NCo ADJ , VIMP le NCo , VIMP le NCo , VIMP le NCo ."
331,Daudet/1886_Daudet_la_belle_Nivernaise_N.txt,"Résigné et muet , il était de ceux pour qui tout a mal tourné dans la vie .","PPAS et ADJ , il être de celui pour qui tout avoir mal PPAS dans le NC ."
332,Daudet/1886_Daudet_la_belle_Nivernaise_N.txt,"Un camarade l' avait éborgné à l' école , une hache l' avait estropié à la scierie , une cuve l' avait ébouillanté à la raffinerie .","un NCs le avoir PPAS à le NC , un NCs le avoir PPAS à le NC , un NCs le avoir PPAS à le NC ."
333,Daudet/1886_Daudet_la_belle_Nivernaise_N.txt,"Ç' avait même été l' occasion d' une fière querelle , autrefois , exactement comme pour Victor .","NP avoir même être le NC de un NCmod ADJ , ADVT , ADVINT comme pour NP ."
334,Daudet/1886_Daudet_la_belle_Nivernaise_N.txt,La femme de tête s' était fâchée .,le NC de NCCOR se être VSENT .
335,Daudet/1886_Daudet_la_belle_Nivernaise_N.txt,Louveau avait baissé le nez .,NP avoir PPAS le NCCOR .
336,Daudet/1886_Daudet_la_belle_Nivernaise_N.txt,Et l' Équipage avait fini par rester .,et le NCs avoir VASP par INF .
337,Daudet/1886_Daudet_la_belle_Nivernaise_N.txt,"À présent il faisait partie de la ménagerie de , à le même titre que le chat et le corbeau .","à NC il faire NCo de le NCmod de , à le même NCmod que le NC et le NC ."
338,Daudet/1886_Daudet_la_belle_Nivernaise_N.txt,"Le père Louveau gouverna si droit et l' Équipage manœuvra si juste , que douze jours après son départ de Paris , , ayant remonté le fleuve et les canaux , vint s' amarrer à le pont de Corbigny pour dormir en paix son sommeil d' hiver .","le NCs NP VPS si ADJ et le NC VPS si ADV , que NUM NCT PHASE DETPOSS NCmod de NP , , avoir VSENT le NCo et le NC , venir se INF à le NC de NP pour INF en NC DETPOSS NCo de NCmod ."
339,Daudet/1886_Daudet_la_belle_Nivernaise_N.txt,"De décembre à la fin de février , les mariniers ne naviguent pas .","de MOIS à le NCmod de MOIS , le NCs ne PRES pas ."
340,Daudet/1886_Daudet_la_belle_Nivernaise_N.txt,Ils radoubent leurs bateaux et parcourent les forêts pour acheter sur pied les coupes de printemps .,il PRES DETPOSS NCo et PRES le NCo pour INF sur NCCOR le NCo de NCmod .
341,Daudet/1886_Daudet_la_belle_Nivernaise_N.txt,"Comme le bois n' est pas cher , on brûle beau feu dans les cabines , et , si la vente d' automne a bien réussi , ce temps de chômage est un repos joyeux .","comme le NCs ne être pas ADJ , on PRES ADJ NCo dans le NC , et , si le NCs de NCmod avoir bien PPAS , ce temps de NCmod être un NC ADJ ."
342,Daudet/1886_Daudet_la_belle_Nivernaise_N.txt,"On disposa pour l' hivernage , c'est-à-dire que l' on décrocha le gouvernail , que l' on cacha le mât de fortune dans l' entrepont et que toute la place resta libre pour jouer et pour courir sur le tillac .","on VPS pour le NC , ADV que l' on VPS le NCo , que l' on VPS le NC de NCmod dans le NCmod et que tout le NCs VPS ADJ pour INF et pour INF sur le NC ."
343,Daudet/1886_Daudet_la_belle_Nivernaise_N.txt,Quel changement de vie pour l' enfant trouvé !,quel NC de NCmod pour le NCmod PPAS !
344,Daudet/1886_Daudet_la_belle_Nivernaise_N.txt,"Pendant tout le voyage , il était demeuré abasourdi , effarouché .","PHASE tout le NC , il être PPAS NC , VSENT ."
345,Daudet/1886_Daudet_la_belle_Nivernaise_N.txt,"On aurait dit un oiseau élevé en cage que la liberté étonne , et qui oublie de le coup sa roulade et ses ailes .","on avoir VDIC un NCo ADJ en NCmod que le NCs PRES , et qui VCOG de le NC DETPOSS NCo et DETPOSS NC ."
346,Daudet/1886_Daudet_la_belle_Nivernaise_N.txt,"Trop jeune pour être charmé de le paysage déroulé sous ses yeux , il avait subi pourtant la majesté de cette montée de le fleuve entre deux horizons fuyants .","trop ADJ pour être VSENT de le NC PPAS sous DETPOSS NCCOR , il avoir PPAS pourtant le NCo de ce NCmod de le NCmod entre NUM NCmod ADJ ."
347,Daudet/1886_Daudet_la_belle_Nivernaise_N.txt,"La mère Louveau , qui le voyait sauvage et taciturne , répétait de le matin à le soir : « Il est sourd-muet !","le NCs NP , qui le VCOG ADJ et ADJ , VIMP de le NCT à le NCT : "" il être ADJ !"
348,Daudet/1886_Daudet_la_belle_Nivernaise_N.txt,"» Non , il n' était pas muet , le petit Parisien de le faubourg de le Temple !",""" non , il ne être pas ADJ , le ADJ NP de le NCmod de le NP !"
349,Daudet/1886_Daudet_la_belle_Nivernaise_N.txt,"Quand il eut bien compris qu' il ne rêvait pas , qu' il ne retournerait plus dans sa mansarde , et que malgré les menaces de la mère Louveau , on n' avait plus grand chose à craindre de le commissaire , sa langue se délia .","quand il avoir bien VCOG que il ne VIMP pas , que il ne VCOND plus dans DETPOSS NC , et que malgré le NC de le NCmod NP , on ne avoir plus ADJ chose à VSENT de le NC , DETPOSS NCCOR se VPS ."
350,Daudet/1886_Daudet_la_belle_Nivernaise_N.txt,"Ce fut l' épanouissement d' une fleur de cave , que l' on porterait sur une croisée .","ce être le NCSENT de un NCmod de NCmod , que l' on VCOND sur un NC ."
351,Daudet/1886_Daudet_la_belle_Nivernaise_N.txt,"Ses yeux enfoncés sous son front bombé perdirent leur mobilité inquiète , et , bien qu' il restât palot et de mine réfléchie , il apprit à rire avec Clara .","DETPOSS NCCOR PPAS sous DETPOSS NCCOR ADJ VPS lui NCo ADJ , et , bien que il VSUBI NCo et de NC PPAS , il PRES à INF avec NP ."
352,Daudet/1886_Daudet_la_belle_Nivernaise_N.txt,"La fillette aimait passionnément son camarade , comme on aime à cet âge -là , pour le plaisir de se quereller et de se raccommoder .","le NCs VSENT ADVINT DETPOSS NCo , comme on VSENT à ce NC ADVLIEU , pour le NCSENT de se INF et de se INF ."
353,Daudet/1886_Daudet_la_belle_Nivernaise_N.txt,"Bien qu' elle fût têtue comme une petite bourrique , elle avait un cœur très tendre , et il suffisait de parler de le commissaire pour la faire obéir .","bien que il être PPAS comme un ADJ NC , il avoir un NCo très INF , et il VIMP de INF de le NC pour le faire INF ."
354,Daudet/1886_Daudet_la_belle_Nivernaise_N.txt,On était à peine arrivé à Corbigny qu' une nouvelle sœur vint à le monde .,on être à NCSENT PPAS à NP que un ADJ NCmod venir à le NC .
355,Daudet/1886_Daudet_la_belle_Nivernaise_N.txt,"Mimile avait tout juste dix-huit mois , et cela fit bien de les berceaux dans la cabine , bien de la besogne aussi ; car , avec toutes les charges que l' on avait , il n' était pas possible de payer une servante .","NP avoir tout ADV NUM NCT , et cela faire bien de le NC dans le NC , bien de le NC aussi ; car , avec tout le NC que l' on avoir , il ne être pas ADJ de INF un NCo ."
356,Daudet/1886_Daudet_la_belle_Nivernaise_N.txt,La mère Louveau bougonnait à faire trembler la jambe de bois de l' Équipage .,le NCs NP VIMP à faire INF le NCCOR de NCmod de le NCmod .
357,Daudet/1886_Daudet_la_belle_Nivernaise_N.txt,Personne ne la plaignait dans le pays .,personne ne le VIMP dans le NC .
358,Daudet/1886_Daudet_la_belle_Nivernaise_N.txt,"Même , les paysans ne se gênèrent pas pour dire leur façon de penser à M. le curé qui proposait le marinier pour exemple .","même , le NCs ne se VSENT pas pour VDIC lui façon de VCOG à monsieur le NCo qui VDIC le NCo pour NCmod ."
359,Daudet/1886_Daudet_la_belle_Nivernaise_N.txt,"« Tout ce que vous voudrez , monsieur le curé , ça n' a pas de bon sens , quand on a trois enfants à soi , d' aller ramasser ceux de les autres .",""" tout ce que vous PRES , monsieur le NC , ça ne avoir pas un ADJ NCo , quand on avoir NUM NCo à soi , de aller INF celui de le autre ."
360,Daudet/1886_Daudet_la_belle_Nivernaise_N.txt,Mais les Louveau ont toujours été comme cela .,mais le NP avoir ADVTEMPS être comme cela .
361,Daudet/1886_Daudet_la_belle_Nivernaise_N.txt,"C' est la gloriole qui les tient , et tous les conseils qu' on leur donnera ne les changeront pas .","ce être le NCs qui le PRES , et tout le NC que on lui VF ne le VF pas ."
362,Daudet/1886_Daudet_la_belle_Nivernaise_N.txt,"» On ne leur souhaitait pas de mal , mais on n' aurait pas été fâché qu' ils reçussent une leçon .",""" on ne lui VSENT pas un mal , mais on ne avoir pas être VSENT que il VSUBP un NCo ."
363,Daudet/1886_Daudet_la_belle_Nivernaise_N.txt,"« Mes paroissiens ont raison , se disait -il en passant la main sous son menton mal rasé .",""" DETPOSS NCs avoir NCo , se VDIC il en PPRES le NCCOR sous DETPOSS NCCOR mal PPAS ."
364,Daudet/1886_Daudet_la_belle_Nivernaise_N.txt,Il ne faut pas tenter la divine Providence .,il ne PRES pas INF le ADJ NCo .
365,Daudet/1886_Daudet_la_belle_Nivernaise_N.txt,"» Mais , comme à tout prendre , les Louveau étaient de braves gens , il leur fit , à l' ordinaire , sa visite pastorale .",""" mais , comme à tout INF , le NP être de ADJ NC , il lui faire , à le NC , DETPOSS NC ADJ ."
366,Daudet/1886_Daudet_la_belle_Nivernaise_N.txt,"Elle donna un banc à M. le curé , et comme il lui parlait de Victor , insinuant que , peut-être , avec la protection de Monseigneur , on pourrait le faire entrer à l' orphelinat d' Autun , la mère Louveau , qui avait son franc-parler avec tout le monde , répondit brusquement : « Que le petit soit une charge pour nous autres , ça c' est sûr , monsieur le curé ; m' est avis que , en me l' apportant , François a prouvé une fois de plus qu' il n' était pas un aigle .","il VPS un NCo à monsieur le NC , et comme il lui VIMP de NP , VDIC que , peut-être , avec le NC de NP , on pouvoir le faire INF à le NC de NP , le NC NP , qui avoir DETPOSS NCo avec tout le NC , VDIC ADV : "" que le ADJ être un NC pour nous autre , ça ce être ADJ , monsieur le NC ; le être NC que , en me le PPRES , NP avoir PPAS un fois de plus que il ne être pas un NC ."
367,Daudet/1886_Daudet_la_belle_Nivernaise_N.txt,"Je n' ai pas le cœur plus dur que le père ; si j' avais rencontré Victor ça m' aurait fait de la peine , pourtant je l' aurais laissé où il était .","je ne avoir pas le NCo plus ADJ que le NC ; si je avoir PPAS NP ça lui avoir faire de le NCSENT , pourtant je le avoir laisser où il être ."
368,Daudet/1886_Daudet_la_belle_Nivernaise_N.txt,"Mais maintenant qu' on l' a pris , ce n' est pas pour s' en défaire , et , si , un jour , nous nous trouvons dans l' embarras à cause de lui , nous n' irons demander la charité à personne .","mais ADVT que on le avoir PPAS , ce ne être pas pour se en INF , et , si , un NCT , nous nous PRES dans le NCSENT à NC de lui , nous ne PRES INF le NCo à NCmod ."
369,Daudet/1886_Daudet_la_belle_Nivernaise_N.txt,"» À ce moment Victor entra dans la cabine , portant Mimile à son cou .",""" à ce NC NP VPS dans le NC , PPRES NP à DETPOSS NCCOR ."
370,Daudet/1886_Daudet_la_belle_Nivernaise_N.txt,"Le marmot , furieux d' avoir été sevré , se vengeait en refusant de poser le pied à terre .","le NCs , ADJ de avoir être PPAS , se VIMP en PPRES de INF le NCCOR à NC ."
371,Daudet/1886_Daudet_la_belle_Nivernaise_N.txt,"Ému de ce spectacle , M. le curé étendit la main sur la tête de l' enfant trouvé , et dit solennellement : « Dieu bénit les grandes familles .","NC de ce NCmod , monsieur le NCmod VPS le NCCOR sur le NCCOR de le NCmod PPAS , et VDIC ADV : "" NP PRES le ADJ NCo ."
372,Daudet/1886_Daudet_la_belle_Nivernaise_N.txt,"» Et il s' en alla , enchanté d' avoir trouvé , dans ses souvenirs une sentence si appropriée à la situation .",""" et il se en aller , VSENT de avoir PPAS , dans DETPOSS NC un NCo si PPAS à le NC ."
373,Daudet/1886_Daudet_la_belle_Nivernaise_N.txt,"Elle n' avait pas menti , la mère Louveau , en disant que Victor était maintenant de la famille .","il ne avoir pas PPAS , le NCo NP , en VDIC que NP être ADVT de le NC ."
374,Daudet/1886_Daudet_la_belle_Nivernaise_N.txt,"Tout en bougonnant , tout en parlant sans cesse de reporter le petit chez le commissaire , la femme de tête s' était attachée à le pauvre pâlot qui ne quittait pas ses jupes .","tout en NC , tout en PPRES sans NC de INF le ADJ chez le NC , le NCs de NCCOR se être PPAS à le ADJ NC qui ne VIMP pas DETPOSS NCo ."
375,Daudet/1886_Daudet_la_belle_Nivernaise_N.txt,"Quand Louveau trouvait qu' on en faisait trop , elle répondait invariablement : « Il ne fallait pas le prendre .","quand NP VIMP que on en faire trop , il VDIC ADVTEMPS : "" il ne VIMP pas le INF ."
376,Daudet/1886_Daudet_la_belle_Nivernaise_N.txt,"» Dès qu' il eut sept ans , elle l' envoya à l' école avec Clara .",""" dès que il avoir NUM NCT , il le VPS à le NC avec NP ."
377,Daudet/1886_Daudet_la_belle_Nivernaise_N.txt,C' était toujours Victor qui portait le panier et les livres .,ce être ADVTEMPS NP qui VIMP le NCo et le NC .
378,Daudet/1886_Daudet_la_belle_Nivernaise_N.txt,Victor et Clara revenaient de l' école par la forêt .,NP et NP VIMP de le NC par le NCmod .
379,Daudet/1886_Daudet_la_belle_Nivernaise_N.txt,Les deux enfants s' amusaient à regarder les bûcherons saper les arbres .,le NUM NCs se VIMP à VCOG le NCo INF le NCo .
380,Daudet/1886_Daudet_la_belle_Nivernaise_N.txt,"Comme Victor était léger et adroit , on le faisait grimper à la cime de les sapins pour attacher la corde qui sert à les abattre .","comme NP être ADJ et ADJ , on le faire INF à le NC de le NCmod pour INF le NCo qui PRES à le INF ."
381,Daudet/1886_Daudet_la_belle_Nivernaise_N.txt,"Il paraissait plus petit à mesure qu' il montait , et quand il arrivait en haut , Clara avait très peur .","il paraître plus ADJ à NC que il VIMP , et quand il VIMP en NC , NP avoir très NCSENT ."
382,Daudet/1886_Daudet_la_belle_Nivernaise_N.txt,"Lui , brave , se balançait tout exprès pour la taquiner .","il , ADJ , se VIMP tout ADV pour le INF ."
383,Daudet/1886_Daudet_la_belle_Nivernaise_N.txt,"D' autres fois , ils allaient voir M. Maugendre à son chantier .","un autre fois , il aller VCOG monsieur NP à DETPOSS NCmod ."
384,Daudet/1886_Daudet_la_belle_Nivernaise_N.txt,Le charpentier était un homme maigre et sec comme une douve .,le NCs être un NC ADJ et ADJ comme un NCmod .
385,Daudet/1886_Daudet_la_belle_Nivernaise_N.txt,On ne lui connaissait pas d' amis .,on ne lui VIMP pas un NCo .
386,Daudet/1886_Daudet_la_belle_Nivernaise_N.txt,"La curiosité villageoise avait été longtemps intriguée par la solitude et le silence de cet inconnu qui était venu , de le fond de la Nièvre , monter un chantier à l' écart de les autres .","le NCSENT ADJ avoir être longtemps VSENT par le NC et le NC de ce NCmod qui être venir , de le NC de le NP , INF un NCo à le NC de le autre ."
387,Daudet/1886_Daudet_la_belle_Nivernaise_N.txt,"Depuis six ans , il travaillait par tous les temps , sans jamais chômer , comme un homme à la peine , bien qu' il passât pour avoir beaucoup de « denrée » , fit de gros marchés et allât souvent consulter le notaire de Corbigny sur le placement de ses économies .","depuis NUM NCT , il VIMP par tout le temps , sans ADVTEMPS INF , comme un NC à le NCSENT , bien que il VSUBI pour avoir beaucoup de "" NC "" , faire un ADJ NCo et ADV ADVTEMPS INF le NCo de NP sur le NCmod de DETPOSS NCmod ."
388,Daudet/1886_Daudet_la_belle_Nivernaise_N.txt,Un jour il avait dit à M. le curé qu' il était veuf .,un NCT il avoir VDIC à monsieur le NCo que il être ADJ .
389,Daudet/1886_Daudet_la_belle_Nivernaise_N.txt,On n' en savait pas plus .,on ne en VCOG pas plus .
390,Daudet/1886_Daudet_la_belle_Nivernaise_N.txt,"Quand Maugendre voyait arriver les enfants , il posait sa scie , et laissait là sa besogne pour causer avec eux .","quand NP VCOG INF le NCo , il VIMP DETPOSS NCo , et laisser ADVLIEU DETPOSS NCo pour INF avec eux ."
391,Daudet/1886_Daudet_la_belle_Nivernaise_N.txt,"Une fois , il lui dit : « Tu me rappelles un enfant que j' ai perdu .","un fois , il lui VDIC : "" je me ADJ un NCo que je avoir PPAS ."
392,Daudet/1886_Daudet_la_belle_Nivernaise_N.txt,"» Et , comme s' il eût craint d' en avoir trop conté , il ajouta : « Oh !",""" et , comme si il avoir VSENT de en avoir trop PPAS , il VPS : "" INTJ !"
393,Daudet/1886_Daudet_la_belle_Nivernaise_N.txt,"il y a longtemps , bien longtemps .","il y avoir longtemps , bien longtemps ."
394,Daudet/1886_Daudet_la_belle_Nivernaise_N.txt,"» Un autre jour , il dit à le père Louveau : « Quand tu ne voudras plus de Victor , donne-le-moi .",""" un autre NCT , il VDIC à le NC ADJ : "" quand je ne ADJ plus de NP , NC ."
395,Daudet/1886_Daudet_la_belle_Nivernaise_N.txt,"Je n' ai pas d' héritiers , je ferai de les sacrifices , je l' enverrai à la ville , à le collège .","je ne avoir pas un NCo , je faire de le NC , je le VF à le NC , à le NC ."
396,Daudet/1886_Daudet_la_belle_Nivernaise_N.txt,"Il passera de les examens , il entrera à l' école forestière .","il VF de le NC , il VF à le NC ADJ ."
397,Daudet/1886_Daudet_la_belle_Nivernaise_N.txt,"» Mais , François était encore dans le feu de sa belle action .",""" mais , NP être encore dans le NC de DETPOSS ADJ NCmod ."
398,Daudet/1886_Daudet_la_belle_Nivernaise_N.txt,"Il refusa , et Maugendre attendit impatiemment que l' accroissement progressif de la famille Louveau , ou quelque embarras d' argent , dégoûtât le marinier de les adoptions .","il VPS , et NP VPS ADVMAN que le NCs ADJ de le NCmod NP , ou quelque NCSENT de NCmod , VSENT le NCo de le NCmod ."
399,Daudet/1886_Daudet_la_belle_Nivernaise_N.txt,Le hasard parut vouloir exaucer ses vœux .,le NCs paraître vouloir VSENT DETPOSS NCo .
400,Daudet/1886_Daudet_la_belle_Nivernaise_N.txt,"En effet , on eût pu croire que le guignon s' était embarqué sur en même temps que Victor .","en NC , on avoir pouvoir VCOG que le NCs se être PPAS sur en même temps que NP ."
401,Daudet/1886_Daudet_la_belle_Nivernaise_N.txt,"Depuis ce moment -là , tout allait de travers .","depuis ce NC ADVLIEU , tout aller de travers ."
402,Daudet/1886_Daudet_la_belle_Nivernaise_N.txt,Le bois se vendait mal .,le NCs se VIMP mal .
403,Daudet/1886_Daudet_la_belle_Nivernaise_N.txt,L' Équipage se cassait toujours quelque membre la veille de les livraisons .,le NCs se VIMP ADVTEMPS quelque NCo le NC de le NCmod .
404,Daudet/1886_Daudet_la_belle_Nivernaise_N.txt,"Enfin , un beau jour , à le moment de partir pour Paris , la mère Louveau tomba malade .","PHASE , un ADJ NCT , à le NC de INF pour NP , le NCs NP VPS ADJ ."
405,Daudet/1886_Daudet_la_belle_Nivernaise_N.txt,"À le milieu de les hurlements de les marmots , François perdait la tête .","à le milieu de le NCmod de le NCmod , NP VIMP le NCCOR ."
406,Daudet/1886_Daudet_la_belle_Nivernaise_N.txt,"Pour la première fois de sa vie , le marinier acheta son bois .","pour le ADJ fois de DETPOSS NCmod , le NCs VPS DETPOSS NCo ."
407,Daudet/1886_Daudet_la_belle_Nivernaise_N.txt,"Je multiplie , je multiplie ... C' était la mère Louveau qui savait ça !","je PPAS , je PPAS ... ce être le NC NP qui VCOG ça !"
408,Daudet/1886_Daudet_la_belle_Nivernaise_N.txt,"« Ma pauvre femme , tâche de te guérir ou bien nous sommes perdus .",""" DETPOSS ADJ NC , NC de me INF ou bien nous être PPAS ."
409,Daudet/1886_Daudet_la_belle_Nivernaise_N.txt,» La mère Louveau se remit lentement .,""" le NCs NP se VPS ADV ."
410,Daudet/1886_Daudet_la_belle_Nivernaise_N.txt,"Elle se débattit contre la mauvaise chance , fit l' impossible pour joindre les deux bouts .","il se PRES contre le ADJ NC , VPS le NCo pour INF le NUM NCo ."
411,Daudet/1886_Daudet_la_belle_Nivernaise_N.txt,"S' ils avaient eu de quoi acheter un bateau neuf , ils auraient pu relever leur commerce , mais on avait dépensé toutes les économies pendant les jours de maladie , et les bénéfices passaient à boucher les trous de qui n' en pouvait plus .","si il avoir avoir de quoi INF un NCo ADJ , il avoir pouvoir INF lui NCo , mais on avoir PPAS tout le NCo PHASE le NCT de NCmod , et le NCs VIMP à NC le NCo de qui ne en pouvoir plus ."
412,Daudet/1886_Daudet_la_belle_Nivernaise_N.txt,Victor devint une lourde charge pour eux .,NP devenir un ADJ NC pour eux .
413,Daudet/1886_Daudet_la_belle_Nivernaise_N.txt,Ce n' était plus l' enfant de quatre ans qu' on habillait dans une vareuse et que l' on nourrissait par-dessus le marché .,ce ne être plus le NC de NUM NCT que on VIMP dans un NC et que l' on VIMP ADV le NCo .
414,Daudet/1886_Daudet_la_belle_Nivernaise_N.txt,Et tout allait de mal en pis .,et tout aller de mal en NC .
415,Daudet/1886_Daudet_la_belle_Nivernaise_N.txt,"On avait eu grand-peine à le dernier voyage , à remonter la Seine jusqu' à Clamecy .","on avoir avoir NCo à le ADJ NC , à VSENT le NP jusque à NP ."
416,Daudet/1886_Daudet_la_belle_Nivernaise_N.txt,"faisait eau de toutes parts ; les raccords ne suffisaient plus , il aurait fallu radouber toute la coque , ou plutôt mettre la barque à le rancart et la remplacer .","faire NCo de tout NCmod ; le NCs ne VIMP plus , il avoir PPAS INF tout le NCo , ou plutôt mettre le NCo à le NC et le INF ."
417,Daudet/1886_Daudet_la_belle_Nivernaise_N.txt,"Un soir de mars , c' était la veille de l' appareillage pour Paris , comme Louveau tout soucieux prenait congé de Maugendre , après avoir réglé son compte de bois , le charpentier lui offrit de venir boire une bouteille dans sa maison .","un NCT de MOIS , ce être le NC de le NCmod pour NP , comme NP tout ADJ VIMP NCo de NP , PHASE avoir PPAS DETPOSS NCo de NCmod , le NCs lui VPS de venir INF un NCo dans DETPOSS NC ."
418,Daudet/1886_Daudet_la_belle_Nivernaise_N.txt,"« J' ai à te causer , François .",""" je avoir à me INF , NP ."
419,Daudet/1886_Daudet_la_belle_Nivernaise_N.txt,» Ils entrèrent dans la cabane .,""" il VPS dans le NC ."
420,Daudet/1886_Daudet_la_belle_Nivernaise_N.txt,Maugendre remplit deux verres et ils s' attablèrent en face l' un de l' autre .,NP PRES NUM NCo et il se PRES en NC le un de le autre .
421,Daudet/1886_Daudet_la_belle_Nivernaise_N.txt,"« Je n' ai pas toujours été isolé comme tu vois , Louveau .",""" je ne avoir pas ADVTEMPS être PPAS comme je ADV , NP ."
422,Daudet/1886_Daudet_la_belle_Nivernaise_N.txt,Je me rappelle un temps où j' avais tout ce qu' il faut pour être heureux : un peu de bien et une femme qui m' aimait .,je me PRES un temps où je avoir tout ce que il PRES pour être ADJ : un peu de bien et un NC qui lui VSENT .
423,Daudet/1886_Daudet_la_belle_Nivernaise_N.txt,J' ai tout perdu .,je avoir tout PPAS .
424,Daudet/1886_Daudet_la_belle_Nivernaise_N.txt,Par ma faute .,par DETPOSS NC .
425,Daudet/1886_Daudet_la_belle_Nivernaise_N.txt,» Et le charpentier s' interrompit ; l' aveu qu' il avait dans la gorge l' étranglait .,""" et le NCs se PRES ; le NCs que il avoir dans le NCCOR le VIMP ."
426,Daudet/1886_Daudet_la_belle_Nivernaise_N.txt,"« Je n' ai jamais été un méchant homme , François .",""" je ne avoir ADVTEMPS être un ADJ NC , NP ."
427,Daudet/1886_Daudet_la_belle_Nivernaise_N.txt,Mais j' avais un vice .,mais je avoir un NCo .
428,Daudet/1886_Daudet_la_belle_Nivernaise_N.txt,— Toi ?,— soi ?
429,Daudet/1886_Daudet_la_belle_Nivernaise_N.txt,— Je l' ai encore .,— je le avoir encore .
430,Daudet/1886_Daudet_la_belle_Nivernaise_N.txt,J' aime la « denrée » par-dessus tout .,"je VSENT le "" NCo "" ADV tout ."
431,Daudet/1886_Daudet_la_belle_Nivernaise_N.txt,C' est ce qui a causé mes malheurs .,ce être ce qui avoir PPAS DETPOSS NCo .
432,Daudet/1886_Daudet_la_belle_Nivernaise_N.txt,"— Comment ça , mon pauvre Maugendre ?","— comment ça , DETPOSS ADJ NP ?"
433,Daudet/1886_Daudet_la_belle_Nivernaise_N.txt,— Je vais te le dire .,— je aller me le VDIC .
434,Daudet/1886_Daudet_la_belle_Nivernaise_N.txt,"Sitôt marié , quand nous avons eu notre enfant , l' idée m' est venue d' envoyer ma femme à Paris , chercher une place de nourrice .","ADV PPAS , quand nous avoir avoir DETPOSS NCo , le NCs lui être venir de INF DETPOSS NCo à NP , INF un NCo de NCmod ."
435,Daudet/1886_Daudet_la_belle_Nivernaise_N.txt,"Ça rapporte gros , quand le mari a de l' ordre et qu' il sait conduire sa maison tout seul .","ça PRES ADJ , quand le NCs avoir de le NC et que il VCOG INF DETPOSS NCo tout ADJ ."
436,Daudet/1886_Daudet_la_belle_Nivernaise_N.txt,Ma femme ne voulait pas se séparer de son moutard .,DETPOSS NCs ne vouloir pas se INF de DETPOSS NC .
437,Daudet/1886_Daudet_la_belle_Nivernaise_N.txt,"Elle me disait : « Mais mon homme , nous gagnons assez d' argent comme ça !","il me VDIC : "" mais DETPOSS NC , nous PRES ADV de NC comme ça !"
438,Daudet/1886_Daudet_la_belle_Nivernaise_N.txt,Le reste serait de l' argent maudit !,le NCs être de le NC ADJ !
439,Daudet/1886_Daudet_la_belle_Nivernaise_N.txt,Il ne nous profiterait pas .,il ne nous VCOND pas .
440,Daudet/1886_Daudet_la_belle_Nivernaise_N.txt,"Laisse ces ressources -là à les pauvres ménages déjà chargés d' enfants , et épargne-moi le chagrin de vous quitter .","laisser ce NCo ADVLIEU à le ADJ NC déjà PPAS de NC , et NC le NCSENT de vous INF ."
441,Daudet/1886_Daudet_la_belle_Nivernaise_N.txt,"» Je n' ai rien voulu écouter , Louveau et je l' ai forcée à partir .",""" je ne avoir rien vouloir VCOG , NP et je le avoir PPAS à INF ."
442,Daudet/1886_Daudet_la_belle_Nivernaise_N.txt,— Eh bien ?,— INTJ bien ?
443,Daudet/1886_Daudet_la_belle_Nivernaise_N.txt,"— Eh bien , quand ma femme a eu trouvé une place , elle a donné son enfant à une vieille pour le ramener à le pays .","— INTJ bien , quand DETPOSS NCs avoir avoir PPAS un NCo , il avoir PPAS DETPOSS NCo à un NC pour le INF à le NC ."
444,Daudet/1886_Daudet_la_belle_Nivernaise_N.txt,Elle les a accompagnés à le chemin de fer .,il le avoir PPAS à le NC de NCmod .
445,Daudet/1886_Daudet_la_belle_Nivernaise_N.txt,Depuis on n' en a plus jamais entendu parler .,depuis on ne en avoir plus ADVTEMPS VCOG INF .
446,Daudet/1886_Daudet_la_belle_Nivernaise_N.txt,"— Et ta femme , mon pauvre Maugendre ?","— et VPS NCo , DETPOSS NC NP ?"
447,Daudet/1886_Daudet_la_belle_Nivernaise_N.txt,"— Quand on lui a appris la nouvelle , ça a fait tourner son lait .","— quand on lui avoir VCOG le NCo , ça avoir faire INF DETPOSS NCo ."
448,Daudet/1886_Daudet_la_belle_Nivernaise_N.txt,Elle est morte .,il être PPAS .
449,Daudet/1886_Daudet_la_belle_Nivernaise_N.txt,"» Ils se turent tous deux , Louveau ému de ce qu' il venait d' entendre , Maugendre accablé par ses souvenirs .",""" il se PRES tout NUM , NP PPAS de ce que il venir de VCOG , NP VSENT par DETPOSS NC ."
450,Daudet/1886_Daudet_la_belle_Nivernaise_N.txt,"Ce fut le charpentier qui parla le premier : « Pour me punir , je me suis condamné à l' existence que je mène .","ce être le NC qui VPS le ADJ : "" pour me INF , je me être PPAS à le NC que je PRES ."
451,Daudet/1886_Daudet_la_belle_Nivernaise_N.txt,J' ai vécu douze ans à l' écart de tous .,je avoir PPAS NUM NCT à le NC de tout .
452,Daudet/1886_Daudet_la_belle_Nivernaise_N.txt,Je n' en peux plus .,je ne en pouvoir plus .
453,Daudet/1886_Daudet_la_belle_Nivernaise_N.txt,J' ai peur de mourir seul .,je avoir NCSENT de INF ADJ .
454,Daudet/1886_Daudet_la_belle_Nivernaise_N.txt,"Si tu as pitié de moi , tu me donneras Victor , pour me remplacer l' enfant que j' ai perdu .","si je avoir PPAS de soi , je me donnera Victor , pour me INF le NCo que je avoir PPAS ."
455,Daudet/1886_Daudet_la_belle_Nivernaise_N.txt,» Louveau était très embarrassé .,""" NP être très VSENT ."
456,Daudet/1886_Daudet_la_belle_Nivernaise_N.txt,Victor lui coûtait cher .,NP lui VIMP ADJ .
457,Daudet/1886_Daudet_la_belle_Nivernaise_N.txt,"Mais , si on se séparait de lui à le moment où il allait pouvoir se rendre utile , tous les sacrifices qu' on s' était imposés pour l' élever seraient perdus .","mais , si on se VCOND de lui à le NC où il aller pouvoir se INF ADJ , tout le NCspas que on se être PPAS pour le NC être PPAS ."
458,Daudet/1886_Daudet_la_belle_Nivernaise_N.txt,"Maugendre devina sa pensée : « Il va sans dire , François , que , si tu me le donnes , je te dédommagerai de tes frais .","NP VCOG DETPOSS NCo : "" il aller sans VDIC , NP , que , si je me le PPAS , je me VF de DETPOSS NC ."
459,Daudet/1886_Daudet_la_belle_Nivernaise_N.txt,Ça serait aussi une bonne affaire pour le petit .,ça être aussi un ADJ NCo pour le NC .
460,Daudet/1886_Daudet_la_belle_Nivernaise_N.txt,Je ne peux jamais voir les élèves forestiers dans les bois sans me dire : J' aurais pu faire de mon garçon un monsieur comme ces messieurs -là .,je ne pouvoir ADVTEMPS VCOG le NCo ADJ dans le NC sans me VDIC : je avoir pouvoir faire de DETPOSS NC un monsieur comme ce NCmod ADVLIEU .
461,Daudet/1886_Daudet_la_belle_Nivernaise_N.txt,Victor est laborieux et il me plaît .,NP être ADJ et il me PRES .
462,Daudet/1886_Daudet_la_belle_Nivernaise_N.txt,Tu sais bien que je le traiterai comme mon fils .,je PRES bien que je le VF comme DETPOSS NC .
463,Daudet/1886_Daudet_la_belle_Nivernaise_N.txt,"Voyons , est -ce dit ?","VCOG , être ce VDIC ?"
464,Daudet/1886_Daudet_la_belle_Nivernaise_N.txt,"» On en causa le soir , les enfants couchés dans la cabine de .",""" on en VPS le NCT , le NCo PPAS dans le NC de ."
465,Daudet/1886_Daudet_la_belle_Nivernaise_N.txt,La femme de tête essaya de raisonner .,le NCs de NCCOR VPS de INF .
466,Daudet/1886_Daudet_la_belle_Nivernaise_N.txt,"« Vois -tu , François , nous avons fait pour cet enfant -là tout ce que nous avons pu .",""" NP -tu , NP , nous avoir faire pour ce NC ADVLIEU tout ce que nous avoir pouvoir ."
467,Daudet/1886_Daudet_la_belle_Nivernaise_N.txt,Dieu sait qu' on désirait le garder !,NP VCOG que on VCOND le INF !
468,Daudet/1886_Daudet_la_belle_Nivernaise_N.txt,"Mais , puisqu' il s' offre une occasion de nous séparer de lui sans le rendre malheureux , il faut tâcher d' avoir de le courage .","mais , puisque il se PRES un NCo de nous INF de lui sans le INF ADJ , il PRES INF de avoir de le NC ."
469,Daudet/1886_Daudet_la_belle_Nivernaise_N.txt,"» Et , malgré eux , les yeux se tournèrent vers le lit , où Victor et Mimile dormaient d' un sommeil d' enfants , calme et abandonné .",""" et , malgré eux , le NCCOR se VPS vers le NC , où NP et NP VIMP de un NC de NCmod , NCSENT et PPAS ."
470,Daudet/1886_Daudet_la_belle_Nivernaise_N.txt,« Pauvre petit !,""" NP ADJ !"
471,Daudet/1886_Daudet_la_belle_Nivernaise_N.txt,» dit François d' une voix douce .,""" VDIC NP de un NCMAN ADJ ."
472,Daudet/1886_Daudet_la_belle_Nivernaise_N.txt,"Ils entendaient la rivière clapoter le long de le bordage , et , de temps en temps , le sifflet de le chemin de fer déchirant la nuit .","il VIMP le NCo INF le NCo de le NCmod , et , de temps en temps , le NC de le NCmod de NCmod PPRES le NCT ."
473,Daudet/1886_Daudet_la_belle_Nivernaise_N.txt,"La mère Louveau éclata en sanglots : « Dieu aie pitié de nous , François , je le garde !","le NCs NP VPS en NC : "" NP avoir PPAS de nous , NP , je le PRES !"
474,Daudet/1886_Daudet_la_belle_Nivernaise_N.txt,» Victor touchait à ses quinze ans .,""" NP VIMP à DETPOSS NUM NCT ."
475,Daudet/1886_Daudet_la_belle_Nivernaise_N.txt,"Depuis le temps qu' il naviguait sur , il commençait à connaître son chemin comme un vieux marinier , nommant les bas-fonds , flairant les hauteurs d' eau , passant de les manœuvres de la perche à celles de le gouvernail .","depuis le temps que il VIMP sur , il VASP à INF DETPOSS NCo comme un ADJ NC , PPRES le NCo , PPRES le NCo de NCmod , PPRES de le NC de le NCmod à celui de le NCmod ."
476,Daudet/1886_Daudet_la_belle_Nivernaise_N.txt,"Quand le père Louveau lui abandonnait la barre , Clara , qui se faisait grande fille , venait tricoter à côté de lui , éprise de sa figure calme et de ses mouvements robustes .","quand le NCs NP lui VIMP le NCo , NP , qui se faire ADJ NCo , venir INF à NC de lui , NCo de DETPOSS NCCOR NCSENT et de DETPOSS NC ADJ ."
477,Daudet/1886_Daudet_la_belle_Nivernaise_N.txt,"Cette fois -là , la route de Corbigny à Paris avait été rude .","ce fois ADVLIEU , le NCs de NP à NP avoir être NC ."
478,Daudet/1886_Daudet_la_belle_Nivernaise_N.txt,"Grossie par les pluies d' automne , la Seine avait fait tomber les barrages , et se ruait vers la mer comme une bête échappée .","PPAS par le NC de NCmod , le NP avoir faire INF le NCo , et se VIMP vers le NC comme un ADJ NCmod ."
479,Daudet/1886_Daudet_la_belle_Nivernaise_N.txt,"Les mariniers inquiets hâtaient leurs livraisons , car le fleuve roulait déjà à le ras de les quais , et les dépêches , envoyées d' heure en heure par les postes d' éclusiers annonçaient de mauvaises nouvelles .","le NCs ADJ VIMP DETPOSS NCo , car le NCs VIMP déjà à le NC de le NCmod , et le NC , PPAS de NCT en NCT par le NC de NCmod VIMP de ADJ NCo ."
480,Daudet/1886_Daudet_la_belle_Nivernaise_N.txt,"On disait que les affluents rompaient les digues , inondaient la campagne , et la crue montait , montait .","on VDIC que le NCs VIMP le NCo , VIMP le NCo , et le NCs VIMP , VIMP ."
481,Daudet/1886_Daudet_la_belle_Nivernaise_N.txt,"Les quais étaient envahis par une foule affairée , grouillement d' hommes , de charrettes et de chevaux ; au-dessus les grues à vapeur manœuvraient leur grand bras .","le NCspas être PPAS par un NC PPAS , ADV de NC , de NC et de NC ; ADVLIEU le NCs à NCmod VCOND lui ADJ NCCOR ."
482,Daudet/1886_Daudet_la_belle_Nivernaise_N.txt,La Halle à les vins était déjà déblayée .,le NP à le NCmod être déjà PPAS .
483,Daudet/1886_Daudet_la_belle_Nivernaise_N.txt,De les camions emportaient de les caisses de sucre .,de le NC VIMP de le NC de NCmod .
484,Daudet/1886_Daudet_la_belle_Nivernaise_N.txt,"Les toueurs quittaient leurs cabines ; les quais se vidaient ; et la file de les charrois , gravissant la pente de les rampes , fuyait la crue comme une armée en marche .","le NCs VIMP DETPOSS NCo ; le NCs se VIMP ; et le NCs de le NCmod , PPRES le NCo de le NCmod , VIMP le NCo comme un NCmod en NCmod ."
485,Daudet/1886_Daudet_la_belle_Nivernaise_N.txt,"Retardés par la brutalité de les eaux et les relâches de les nuits sans lune , les Louveau désespéraient de livrer leur bois à temps .","PPAS par le NC de le NCmod et le NC de le NCT sans NCmod , le NP VIMP de INF lui NCo à temps ."
486,Daudet/1886_Daudet_la_belle_Nivernaise_N.txt,"Tout le monde avait mis la main à la besogne , et l' on travaillait fort tard dans la soirée à la lueur de les becs de gaz de le quai et de les lanternes .","tout le NCs avoir mettre le NCCOR à le NC , et l' on VIMP fort tard dans le NCT à le NC de le NCmod de NCmod de le NCmod et de le NC ."
487,Daudet/1886_Daudet_la_belle_Nivernaise_N.txt,"À onze heures , toute la cargaison était empilée à le pied de la rampe .","à NUM NCT , tout le NCspas être PPAS à le NCCOR de le NCmod ."
488,Daudet/1886_Daudet_la_belle_Nivernaise_N.txt,"Comme la charrette de Dubac , le menuisier , ne reparaissait pas , on se coucha .","comme le NC de NP , le NCs , ne VIMP pas , on se VPS ."
489,Daudet/1886_Daudet_la_belle_Nivernaise_N.txt,"Ce fut une terrible nuit , pleine de grincements de chaînes , de craquements de bordages , de chocs de bateaux .","ce être un ADJ NCT , ADJ de NC de NCmod , de NC de NCmod , de NCSENT de NCmod ."
490,Daudet/1886_Daudet_la_belle_Nivernaise_N.txt,", disloquée par les secousses , poussait de les gémissements comme un patient à la torture .",", PPAS par le NC , VIMP de le NC comme un NCmod à le NCmod ."
491,Daudet/1886_Daudet_la_belle_Nivernaise_N.txt,Pas moyen de fermer l' œil .,pas ADJ de INF le NCo .
492,Daudet/1886_Daudet_la_belle_Nivernaise_N.txt,"Le père Louveau , sa femme , Victor et l' Équipage se levèrent à l' aube , laissant les enfants dans leur lit .","le NCs ADJ , DETPOSS NC , NP et le NP se VPS à le NC , laisser le NCo dans lui NC ."
493,Daudet/1886_Daudet_la_belle_Nivernaise_N.txt,La Seine avait encore monté dans la nuit .,le NP avoir encore PPAS dans le NCT .
494,Daudet/1886_Daudet_la_belle_Nivernaise_N.txt,"Houleuse et vaguée comme une mer , elle coulait verte sous le ciel bas .","ADJ et PPAS comme un NC , il VIMP ADJ sous le NC ADJ ."
495,Daudet/1886_Daudet_la_belle_Nivernaise_N.txt,"Sur les quais , pas un mouvement de vie .","sur le NC , pas un NC de NCmod ."
496,Daudet/1886_Daudet_la_belle_Nivernaise_N.txt,"Sur l' eau , pas une barque .","sur le NC , pas un NC ."
497,Daudet/1886_Daudet_la_belle_Nivernaise_N.txt,Mais de les débris de toits et de clôture charriés à le fil de le courant .,mais de le NC de NCmod et de NC PPAS à le NC de le NCmod .
498,Daudet/1886_Daudet_la_belle_Nivernaise_N.txt,"Au-delà de les ponts , la silhouette de Notre-Dame , estompée dans le brouillard .","ADV de le NC , le NC de NP , PPAS dans le NC ."
499,Daudet/1886_Daudet_la_belle_Nivernaise_N.txt,"À mi-jambes dans l' eau , François , la mère Louveau et Dubac chargeaient la charrette .","à NC dans le NCmod , NP , le NC NP et NP VIMP le NCo ."
500,Daudet/1886_Daudet_la_belle_Nivernaise_N.txt,"Tout d' un coup , un grand bruit , à côté d' eux , les effraya .","tout de un NCmod , un ADJ NC , à NC de eux , le effraya ."
501,Daudet/1886_Daudet_la_belle_Nivernaise_N.txt,"Un chaland , chargé de pierres meulières brisant sa chaîne , vint couler bas contre le quai , fendu de l' étrave à l' étambot .","un NCs , PPAS de NC ADJ PPRES DETPOSS NCo , venir INF ADJ contre le NC , PPAS de le NC à le NCmod ."
502,Daudet/1886_Daudet_la_belle_Nivernaise_N.txt,"Et , comme ils restaient immobiles , terrifiés par ce naufrage , ils entendirent une clameur derrière eux .","et , comme il VIMP ADJ , VSENT par ce NC , il PRES un NCo ADVLIEU eux ."
503,Daudet/1886_Daudet_la_belle_Nivernaise_N.txt,"Déchaînée par la secousse , se détachait de le bord .","PPAS par le NC , se VIMP de le NC ."
504,Daudet/1886_Daudet_la_belle_Nivernaise_N.txt,La mère Louveau poussa un cri : « Mes enfants !,"le NCs NP VPS un NCo : "" DETPOSS NC !"
505,Daudet/1886_Daudet_la_belle_Nivernaise_N.txt,» Victor s' était déjà précipité dans la cabine .,""" NP se être déjà PPAS dans le NC ."
506,Daudet/1886_Daudet_la_belle_Nivernaise_N.txt,"Clara et Mimile le suivaient , et tous tendaient les mains vers le quai .","NP et NP le VIMP , et tout VIMP le NCCOR vers le NC ."
507,Daudet/1886_Daudet_la_belle_Nivernaise_N.txt,« Prenez -les !,""" prendre ADJ !"
508,Daudet/1886_Daudet_la_belle_Nivernaise_N.txt,— Un canot !,— un NC !
509,Daudet/1886_Daudet_la_belle_Nivernaise_N.txt,— Une corde !,— un NC !
510,Daudet/1886_Daudet_la_belle_Nivernaise_N.txt,» Que faire ?,""" que faire ?"
511,Daudet/1886_Daudet_la_belle_Nivernaise_N.txt,Pas moyen de les passer tous à la nage .,pas ADJ de le INF tout à le NC .
512,Daudet/1886_Daudet_la_belle_Nivernaise_N.txt,"Et l' Équipage qui courait d' un bordage à l' autre , inutile , affolé !","et le NC qui VIMP de un NC à le autre , ADJ , VSENT !"
513,Daudet/1886_Daudet_la_belle_Nivernaise_N.txt,"En face de cet homme égaré et de ces petits sanglotant , Victor improvisé capitaine se sentit l' énergie qu' il fallait pour les sauver .","en NC de ce NC PPAS et de ce NC PPRES , NP ADJ NC se sentir le NCo que il VIMP pour le INF ."
514,Daudet/1886_Daudet_la_belle_Nivernaise_N.txt,« Allons !,""" NP !"
515,Daudet/1886_Daudet_la_belle_Nivernaise_N.txt,Jette une amarre !,PRES un NCo !
516,Daudet/1886_Daudet_la_belle_Nivernaise_N.txt,Dépêche -toi !,NP soi !
517,Daudet/1886_Daudet_la_belle_Nivernaise_N.txt,— Attrape !,— NP !
518,Daudet/1886_Daudet_la_belle_Nivernaise_N.txt,» Ils recommencèrent par trois fois .,""" il VPS par NUM fois ."
519,Daudet/1886_Daudet_la_belle_Nivernaise_N.txt,"Mais était déjà trop loin de le quai , le câble tomba dans l' eau .","mais être déjà trop ADVLIEU de le NC , le NCs VPS dans le NC ."
520,Daudet/1886_Daudet_la_belle_Nivernaise_N.txt,"Alors Victor courut à le gouvernail , et on l' entendit qui criait : « Ayez pas peur !","alors NP VPS à le NC , et on le VCOG qui VDIC : "" avoir pas NCSENT !"
521,Daudet/1886_Daudet_la_belle_Nivernaise_N.txt,Je m' en charge !,je lui en NCmod !
522,Daudet/1886_Daudet_la_belle_Nivernaise_N.txt,"» En effet , d' un vigoureux coup de barre il redressa l' embarcation qui s' en allait , prise de flanc , à la dérive .",""" en NC , de un ADJ NC de NCmod il VPS le NCo qui se en aller , PPAS de NC , à le NC ."
523,Daudet/1886_Daudet_la_belle_Nivernaise_N.txt,"Sur le quai , Louveau perdait la tête .","sur le NC , NP VIMP le NCCOR ."
524,Daudet/1886_Daudet_la_belle_Nivernaise_N.txt,Maintenant tenait le courant et filait avec la vitesse d' un remorqueur sur le pont d' Austerlitz .,ADVT VIMP le NCo et VIMP avec le NC de un NCmod sur le NCmod de NP .
525,Daudet/1886_Daudet_la_belle_Nivernaise_N.txt,"Tranquillement adossé à la barre , Victor gouvernait , encourageait les petits , donnait de les ordres à l' Équipage .","ADVMAN PPAS à le NC , NP VIMP , VIMP le NCo , VIMP de le NC à le NCmod ."
526,Daudet/1886_Daudet_la_belle_Nivernaise_N.txt,"Mais aurait -on la hauteur de passer , mon Dieu !","mais avoir on le NC de INF , son NP !"
527,Daudet/1886_Daudet_la_belle_Nivernaise_N.txt,"« À ta gaffe , l' Équipage !",""" à NCmod ADJ , le NC !"
528,Daudet/1886_Daudet_la_belle_Nivernaise_N.txt,"Toi , Clara , ne lâche pas les enfants .","NP , NP , ne PRES pas le NCo ."
529,Daudet/1886_Daudet_la_belle_Nivernaise_N.txt,» On y était .,""" on y être ."
530,Daudet/1886_Daudet_la_belle_Nivernaise_N.txt,"Emportée par son élan , disparut sous la travée , avec un bruit épouvantable , mais non pas si vite que la foule , amassée sur le pont d' Austerlitz , n' aperçût le matelot à la jambe de bois manquer son coup de gaffe , et tomber à plat ventre , tandis que l' enfant criait de le gouvernail : « Un grappin !","PPAS par DETPOSS NC , VPS sous le NC , avec un NC ADJ , mais non pas si ADV que le NC , PPAS sur le NC de NP , ne VSUBI le NCo à le NCCOR de NCmod INF DETPOSS NCo de NCmod , et INF à ADJ NCCOR , PHASE que le NCs VDIC de le NC : "" un NC !"
531,Daudet/1886_Daudet_la_belle_Nivernaise_N.txt,un grappin !,un NC !
532,Daudet/1886_Daudet_la_belle_Nivernaise_N.txt,» était sous le pont .,""" être sous le NC ."
533,Daudet/1886_Daudet_la_belle_Nivernaise_N.txt,"Dans l' ombre de l' arche , Victor distinguait nettement les énormes anneaux scellés dans l' assise de les piles , les joints de la voûte au-dessus de sa tête , et , dans la perspective , l' enfilade de les autres ponts encadrant de les pans de ciel .","dans le NC de le NCmod , NP VCOG ADVINT le ADJ NCo PPAS dans le NC de le NCmod , le NC de le NCmod ADVLIEU de DETPOSS NCCOR , et , dans le NC , le NC de le autre NCmod PPRES de le NC de NCmod ."
534,Daudet/1886_Daudet_la_belle_Nivernaise_N.txt,"Puis ce fut comme un élargissement d' horizon , un éblouissement de plein air à le sortir d' une cave , un bruit de hourras au-dessus de sa tête , et la vision de la cathédrale , ancrée sur le fleuve comme une frégate .","puis ce être comme un NC de NCmod , un NC de ADJ NCMAN à le NCmod de un NCmod , un NC de NCmod ADVLIEU de DETPOSS NCCOR , et le NC de le NCmod , PPAS sur le NC comme un NCmod ."
535,Daudet/1886_Daudet_la_belle_Nivernaise_N.txt,Le bateau s' arrêta net .,le NCs se VPS ADV .
536,Daudet/1886_Daudet_la_belle_Nivernaise_N.txt,De les pontiers avaient réussi à lancer un croc dans le bordage .,de le NC avoir PPAS à INF un NCo dans le NC .
537,Daudet/1886_Daudet_la_belle_Nivernaise_N.txt,Victor courut à l' amarre et enroula solidement le câble autour de la corde .,NP VPS à le NC et VPS ADV le NCo ADV de le NC .
538,Daudet/1886_Daudet_la_belle_Nivernaise_N.txt,"On vit virer de bord , pivoter sur l' amarre et , cédant à l' impulsion nouvelle qui la halait , accoster lentement le quai de la Tournelle , avec son équipage de marmots et son capitaine de quinze ans .","on PRES INF de NC , INF sur le NC et , PPRES à le NC ADJ qui le VIMP , INF ADV le NCo de le NP , avec DETPOSS NC de NCmod et DETPOSS NC de NUM NCT ."
539,Daudet/1886_Daudet_la_belle_Nivernaise_N.txt,Oh !,INTJ !
540,Daudet/1886_Daudet_la_belle_Nivernaise_N.txt,"quelle joie , le soir , de se compter tous autour de le fricot fumant , dans la cabine de le bateau — cette fois bien ancré , bien amarré .","quel NCSENT , le NCT , de se INF tout ADV de le NC PPRES , dans le NC de le NCmod — ce fois bien ADJ , bien PPAS ."
541,Daudet/1886_Daudet_la_belle_Nivernaise_N.txt,"Le petit héros à la place d' honneur , — la place de le capitaine .","le ADJ NC à le NCmod de NCSENT , — le NC de le NCmod ."
542,Daudet/1886_Daudet_la_belle_Nivernaise_N.txt,"On n' avait pas beaucoup d' appétit , après la rude émotion de le matin , mais les cœurs étaient dilatés , comme à la suite de les angoisses .","on ne avoir pas beaucoup de NC , PHASE le ADJ NCSENT de le NCT , mais le NCspas être PPAS , comme à le NC de le NCSENT ."
543,Daudet/1886_Daudet_la_belle_Nivernaise_N.txt,On respirait largement .,on VCOND ADVINT .
544,Daudet/1886_Daudet_la_belle_Nivernaise_N.txt,On clignait de l' œil à le travers de la table pour se dire : « Hein !,"on VIMP de le NC à le travers de le NCmod pour se VDIC : "" NP !"
545,Daudet/1886_Daudet_la_belle_Nivernaise_N.txt,"tout de même , si nous l' avions reporté chez le commissaire ?","tout de même , si nous le avoir PPAS chez le NC ?"
546,Daudet/1886_Daudet_la_belle_Nivernaise_N.txt,"» Et le père Louveau riait jusqu' à les oreilles , promenant un regard mouillé sur sa couvée .",""" et le NCs NP VIMP jusque à le NCCOR , PPRES un NCMAN PPAS sur DETPOSS NC ."
547,Daudet/1886_Daudet_la_belle_Nivernaise_N.txt,"On aurait dit qu' il leur était arrivé une bonne fortune , que n' avait plus un trou dans les côtes , qu' ils avaient gagné le gros lot à la loterie .","on avoir VDIC que il lui être PPAS un ADJ NCo , que ne avoir plus un NCo dans le NCmod , que il avoir PPAS le ADJ NCo à le NCmod ."
548,Daudet/1886_Daudet_la_belle_Nivernaise_N.txt,Le marinier assommait Victor de coups de poings .,le NCs VIMP NP de NCmod de NCmod .
549,Daudet/1886_Daudet_la_belle_Nivernaise_N.txt,Une façon de lui témoigner sa tendresse .,un façon de lui INF DETPOSS NCSENT .
550,Daudet/1886_Daudet_la_belle_Nivernaise_N.txt,« Mâtin de Victor !,""" NP de NP !"
551,Daudet/1886_Daudet_la_belle_Nivernaise_N.txt,Quel coup de barre !,quel NC de NCmod !
552,Daudet/1886_Daudet_la_belle_Nivernaise_N.txt,"As -tu vu ça , l' Équipage ?","avoir il VCOG ça , le NC ?"
553,Daudet/1886_Daudet_la_belle_Nivernaise_N.txt,"Je n' aurais pas mieux fait , hé !","je ne avoir pas mieux faire , PPAS !"
554,Daudet/1886_Daudet_la_belle_Nivernaise_N.txt,hé !,PPAS !
555,Daudet/1886_Daudet_la_belle_Nivernaise_N.txt,"moi , le patron .","soi , le NC ."
556,Daudet/1886_Daudet_la_belle_Nivernaise_N.txt,"» Le bonhomme en eut pour quinze jours à pousser de les exclamations , à courir les quais pour raconter le coup de barre .",""" le NCs en avoir pour NUM NCT à INF de le NC , à INF le NCo pour INF le NCo de NCmod ."
557,Daudet/1886_Daudet_la_belle_Nivernaise_N.txt,« Vous comprenez : le bateau drossait .,""" vous VCOG : le NCs VIMP ."
558,Daudet/1886_Daudet_la_belle_Nivernaise_N.txt,Alors lui : Vlan !,alors lui : NP !
559,Daudet/1886_Daudet_la_belle_Nivernaise_N.txt,» Et il faisait un geste pour indiquer la manœuvre .,""" et il faire un NCo pour INF le NCo ."
560,Daudet/1886_Daudet_la_belle_Nivernaise_N.txt,Pendant ce temps la Seine baissait et le moment approchait de repartir .,PHASE ce temps le NP VIMP et le NCs VIMP de INF .
561,Daudet/1886_Daudet_la_belle_Nivernaise_N.txt,"Un matin , comme Victor et Louveau pompaient sur le tillac , le facteur apporta une lettre .","un NCT , comme NP et NP VIMP sur le NC , le NCs VPS un NCo ."
562,Daudet/1886_Daudet_la_belle_Nivernaise_N.txt,"Le marinier ouvrit la lettre d' une main un peu tremblante , et , comme il n' était pas beaucoup plus fort sur la lecture que sur le calcul , il dit à Victor : « Épelle-moi ça , toi .","le NCs VPS le NCo de un NCCOR un peu ADJ , et , comme il ne être pas beaucoup plus fort sur le NC que sur le NCmod , il VDIC à NP : "" NP ça , soi ."
563,Daudet/1886_Daudet_la_belle_Nivernaise_N.txt,"» Et Victor lut : BUREAU DE LE COMMISSAIRE DE POLICE XIIe arrondissement « Monsieur Louveau ( François ) , patron-marinier est invité à passer dans le plus bref délai à le cabinet de le commissaire de police .",""" et NP PRES : NP NP NP NP NP NP ADJ NC "" monsieur NP ( NP ) , NCs être PPAS à INF dans le plus ADJ NC à le NC de le NCmod de NCmod ."
564,Daudet/1886_Daudet_la_belle_Nivernaise_N.txt,» « C' est tout ?,""" "" ce être tout ?"
565,Daudet/1886_Daudet_la_belle_Nivernaise_N.txt,— C' est tout .,— ce être tout .
566,Daudet/1886_Daudet_la_belle_Nivernaise_N.txt,» Louveau s' absenta toute la journée .,""" NP se VPS tout le NCT ."
567,Daudet/1886_Daudet_la_belle_Nivernaise_N.txt,"Quand il rentra le soir , sa gaieté avait disparu ... La mère Louveau n' y comprenait rien , et , comme les petits étaient montés sur le pont pour jouer , elle lui demanda : « Qu' est -ce qui se passe ?","quand il VPS le NCT , DETPOSS NCSENT avoir PPAS ... le NCs NP ne y VCOG rien , et , comme le NCspas être PPAS sur le NC pour INF , il lui VPS : "" que être ce qui se PRES ?"
568,Daudet/1886_Daudet_la_belle_Nivernaise_N.txt,— J' ai de les ennuis .,— je avoir de le NCSENT .
569,Daudet/1886_Daudet_la_belle_Nivernaise_N.txt,— À cause de la livraison ?,— à NC de le NCmod ?
570,Daudet/1886_Daudet_la_belle_Nivernaise_N.txt,"— Non , à cause de Victor .","— non , à NCmod de NP ."
571,Daudet/1886_Daudet_la_belle_Nivernaise_N.txt,» Et il conta sa visite à le commissaire .,""" et il VPS DETPOSS NCo à le NCmod ."
572,Daudet/1886_Daudet_la_belle_Nivernaise_N.txt,"« Tu sais , cette femme qui l' a abandonné ?",""" je VCOG , ce NCo qui le avoir PPAS ?"
573,Daudet/1886_Daudet_la_belle_Nivernaise_N.txt,Ce n' était pas sa mère .,ce ne être pas DETPOSS NC .
574,Daudet/1886_Daudet_la_belle_Nivernaise_N.txt,— Ah !,— INTJ !
575,Daudet/1886_Daudet_la_belle_Nivernaise_N.txt,bah !,INTJ !
576,Daudet/1886_Daudet_la_belle_Nivernaise_N.txt,— Elle l' avait volé .,— il le avoir PPAS .
577,Daudet/1886_Daudet_la_belle_Nivernaise_N.txt,— Comment le sait -on ?,— comment le VCOG on ?
578,Daudet/1886_Daudet_la_belle_Nivernaise_N.txt,— C' est elle-même qui l' a avoué à le commissaire avant de mourir .,— ce être elle-même qui le avoir VDIC à le NC PHASE de INF .
579,Daudet/1886_Daudet_la_belle_Nivernaise_N.txt,— Mais alors on t' a dit le nom de ses parents ?,— mais alors on lui avoir VDIC le NCo de DETPOSS NCmod ?
580,Daudet/1886_Daudet_la_belle_Nivernaise_N.txt,» Louveau tressaillit .,""" ADJ NC ."
581,Daudet/1886_Daudet_la_belle_Nivernaise_N.txt,« Pourquoi veux -tu qu' on me l' ait dit !,""" pourquoi ADJ il que on me le avoir VDIC !"
582,Daudet/1886_Daudet_la_belle_Nivernaise_N.txt,— Dame !,— NP !
583,Daudet/1886_Daudet_la_belle_Nivernaise_N.txt,puisqu' on t' a fait demander .,puisque on lui avoir faire INF .
584,Daudet/1886_Daudet_la_belle_Nivernaise_N.txt,» François se fâcha .,""" NP se VSENT ."
585,Daudet/1886_Daudet_la_belle_Nivernaise_N.txt,"« Si je le savais , je te le dirais peut-être ?",""" si je le VCOG , je me le VCOND peut-être ?"
586,Daudet/1886_Daudet_la_belle_Nivernaise_N.txt,» La mère Louveau resta interdite .,""" le NCs NP VPS PPAS ."
587,Daudet/1886_Daudet_la_belle_Nivernaise_N.txt,« Qu' est -ce qu' il a donc ?,""" que être ce que il avoir donc ?"
588,Daudet/1886_Daudet_la_belle_Nivernaise_N.txt,"» Oui , qu' est -ce qu' il avait donc , François ?",""" oui , que être ce que il avoir donc , NP ?"
589,Daudet/1886_Daudet_la_belle_Nivernaise_N.txt,"À partir de ce jour , ses façons , ses paroles , son caractère , tout fut changé en lui .","à INF de ce NCT , DETPOSS façon , DETPOSS NC , DETPOSS NC , tout être PPAS en lui ."
590,Daudet/1886_Daudet_la_belle_Nivernaise_N.txt,"Quand la mère Louveau , étonnée , lui demandait ce qu' il avait , il répondait brutalement : « Je n' ai rien .","quand le NCs NP , VSENT , lui VIMP ce que il avoir , il VDIC ADVMAN : "" je ne avoir rien ."
591,Daudet/1886_Daudet_la_belle_Nivernaise_N.txt,Est -ce que j' ai l' air d' avoir quelque chose ?,être ce que je avoir le NCMAN de avoir quelque chose ?
592,Daudet/1886_Daudet_la_belle_Nivernaise_N.txt,Vous êtes tous conjurés contre moi .,vous être tout PPAS contre soi .
593,Daudet/1886_Daudet_la_belle_Nivernaise_N.txt,"» La pauvre femme y perdait sa peine : « Il devient fou , ma parole !",""" le ADJ NCs y VIMP DETPOSS NCSENT : "" il devenir ADV , DETPOSS NC !"
594,Daudet/1886_Daudet_la_belle_Nivernaise_N.txt,"» Elle le crut tout à fait toqué , lorsque , un beau soir , il leur fit une scène épouvantable à propos de Maugendre .",""" il le VPS tout à NC PPAS , lorsque , un ADJ NCT , il lui faire un NCo ADJ à NC de NP ."
595,Daudet/1886_Daudet_la_belle_Nivernaise_N.txt,On était à le bout de le voyage et l' on allait arriver à Clamecy .,on être à le NC de le NCmod et l' on aller INF à NP .
596,Daudet/1886_Daudet_la_belle_Nivernaise_N.txt,"Victor et Clara causaient de l' école , et le garçon ayant dit qu' il aurait de le plaisir à revoir Maugendre , le père Louveau s' emporta : « Laisse-moi tranquille avec ton Maugendre .","NP et NP VIMP de le NC , et le NCs avoir VDIC que il avoir de le NCSENT à VCOG NP , le NCs NP se VPS : "" NP PRES avec NC NP ."
597,Daudet/1886_Daudet_la_belle_Nivernaise_N.txt,Je ne veux plus avoir affaire à lui .,je ne vouloir plus avoir NCo à lui .
598,Daudet/1886_Daudet_la_belle_Nivernaise_N.txt,» La mère intervint : « Qu' est -ce qu' il t' a fait ?,""" le NCs PRES : "" que être ce que il lui avoir faire ?"
599,Daudet/1886_Daudet_la_belle_Nivernaise_N.txt,— Il m' a fait ... Il m' a fait ... Ça ne te regarde pas .,— il lui avoir faire ... il le avoir faire ... ça ne me VCOG pas .
600,Daudet/1886_Daudet_la_belle_Nivernaise_N.txt,"Je suis le maître , peut-être !","je être le NC , peut-être !"
601,Daudet/1886_Daudet_la_belle_Nivernaise_N.txt,» Hélas !,""" NP !"
602,Daudet/1886_Daudet_la_belle_Nivernaise_N.txt,"il était si bien le maître maintenant , que , à le lieu de relâcher à Corbigny , comme à l' habitude , il remonta deux lieues plus haut , en pleine forêt .","il être si bien le NC ADVT , que , à le NC de INF à NP , comme à le NC , il VSENT NUM NCo plus ADJ , en ADJ NC ."
603,Daudet/1886_Daudet_la_belle_Nivernaise_N.txt,On était trop loin de le village pour songer à aller en classe .,on être trop ADVLIEU de le NC pour INF à aller en NC .
604,Daudet/1886_Daudet_la_belle_Nivernaise_N.txt,Victor et Clara couraient les bois toute la journée pour faire de le fagot .,NP et NP VIMP le NCo tout le NCT pour faire de le NC .
605,Daudet/1886_Daudet_la_belle_Nivernaise_N.txt,"Quand ils étaient las de porter leur charge , ils la déposaient à le dos d' un fossé , s' asseyaient par terre à le milieu de les fleurs .","quand il être NC de INF lui NCo , il le VIMP à le NCCOR de un NCmod , se VIMP par NC à le milieu de le NCmod ."
606,Daudet/1886_Daudet_la_belle_Nivernaise_N.txt,Victor tirait un livre de sa poche et faisait lire Clara .,NP VIMP un NCo de DETPOSS NCmod et faire INF NP .
607,Daudet/1886_Daudet_la_belle_Nivernaise_N.txt,"Ils aimaient à voir le soleil , filtrant à le travers de les branches , jeter de les lumières tremblantes sur leur page et sur leurs cheveux .","il VIMP à VCOG le NCo , PPRES à le travers de le NCmod , INF de le NC ADJ sur lui NC et sur DETPOSS NCCOR ."
608,Daudet/1886_Daudet_la_belle_Nivernaise_N.txt,"Autour d' eux , le bourdonnement de les milliers de petites bêtes ; à le loin , le calme de les bois .","ADV de eux , le NC de le NCmod de ADJ NCmod ; à le ADVLIEU , le NCSENT de le NCmod ."
609,Daudet/1886_Daudet_la_belle_Nivernaise_N.txt,"Quand on s' était attardé , il fallait revenir bien vite tout de le long de la grande avenue , barrée par l' ombre de les troncs .","quand on se être PPAS , il VIMP INF bien ADV tout de le NC de le ADJ NCmod , PPAS par le NC de le NCmod ."
610,Daudet/1886_Daudet_la_belle_Nivernaise_N.txt,À le bout on apercevait dans une éclaircie le mât de et la lueur d' un feu dans le brouillard léger qui montait de la rivière .,à le NC on VIMP dans un NC le NC de et le NCmod de un NCmod dans le NCmod ADJ qui VIMP de le NC .
611,Daudet/1886_Daudet_la_belle_Nivernaise_N.txt,"C' était la mère Louveau qui cuisinait en plein vent à le bord de l' eau , sur un feu de bourrée .","ce être le NC NP qui VIMP en ADJ NC à le NC de le NCmod , sur un NC de NCmod ."
612,Daudet/1886_Daudet_la_belle_Nivernaise_N.txt,"Près d' elle , Mimile ébouriffé comme un plumeau , sa chemise crevant les culottes , surveillait amoureusement la marmite .","ADVLIEU de il , NP PPAS comme un NC , DETPOSS NC PPRES le NCo , VIMP ADVMAN le NCo ."
613,Daudet/1886_Daudet_la_belle_Nivernaise_N.txt,La petite sœur se roulait par terre .,le ADJ NCs se VIMP par NC .
614,Daudet/1886_Daudet_la_belle_Nivernaise_N.txt,L' Équipage et Louveau fumaient leurs pipes .,le NP et NP VIMP DETPOSS NCo .
615,Daudet/1886_Daudet_la_belle_Nivernaise_N.txt,"Un soir , à l' heure de la soupe , ils virent quelqu'un sortir de le bois et venir à eux .","un NCT , à le NCT de le NCmod , il VCOG quelqu'un INF de le NC et venir à eux ."
616,Daudet/1886_Daudet_la_belle_Nivernaise_N.txt,"« Tiens , Maugendre !",""" NP , NP !"
617,Daudet/1886_Daudet_la_belle_Nivernaise_N.txt,» C' était le charpentier .,""" ce être le NC ."
618,Daudet/1886_Daudet_la_belle_Nivernaise_N.txt,"Bien vieilli , bien blanchi .","bien ADJ , bien ADJ ."
619,Daudet/1886_Daudet_la_belle_Nivernaise_N.txt,« Eh bien !,""" INTJ bien !"
620,Daudet/1886_Daudet_la_belle_Nivernaise_N.txt,"Tu m' as donc quitté , François ?","je le avoir donc PPAS , NP ?"
621,Daudet/1886_Daudet_la_belle_Nivernaise_N.txt,» Le marinier bredouilla une réponse embarrassée .,""" le NCs VPS un NCo VSENT ."
622,Daudet/1886_Daudet_la_belle_Nivernaise_N.txt,« Oh !,""" INTJ !"
623,Daudet/1886_Daudet_la_belle_Nivernaise_N.txt,je ne t' en veux pas .,je ne lui en vouloir pas .
624,Daudet/1886_Daudet_la_belle_Nivernaise_N.txt,"» Sans prendre garde à la mauvaise humeur de son mari , elle lui offrit un banc pour s' asseoir .",""" sans INF NCo à le ADJ NC de DETPOSS NCmod , il lui VPS un NCo pour se INF ."
625,Daudet/1886_Daudet_la_belle_Nivernaise_N.txt,"« Vous n' êtes pas malade , à le moins , monsieur Maugendre ?",""" vous ne être pas ADJ , à le moins , monsieur NP ?"
626,Daudet/1886_Daudet_la_belle_Nivernaise_N.txt,— J' ai pris un mauvais froid .,— je avoir PPAS un ADJ NCo .
627,Daudet/1886_Daudet_la_belle_Nivernaise_N.txt,» La peine l' avait adouci .,""" le NCSENT le avoir ADV ."
628,Daudet/1886_Daudet_la_belle_Nivernaise_N.txt,« C' est fini ; je ne ferai plus le commerce .,""" ce être VASP ; je ne faire plus le NCo ."
629,Daudet/1886_Daudet_la_belle_Nivernaise_N.txt,"Je suis riche maintenant ; j' ai de l' argent , beaucoup d' argent .","je être ADJ ADVT ; je avoir de le NCo , beaucoup de NC ."
630,Daudet/1886_Daudet_la_belle_Nivernaise_N.txt,Mais à quoi bon ?,mais à quoi ADJ ?
631,Daudet/1886_Daudet_la_belle_Nivernaise_N.txt,Je ne peux pas racheter le bonheur que j' ai perdu .,je ne pouvoir pas INF le NCSENT que je avoir PPAS .
632,Daudet/1886_Daudet_la_belle_Nivernaise_N.txt,"» François écoutait , les sourcils froncés .",""" NP VIMP , le NCCOR ADJ ."
633,Daudet/1886_Daudet_la_belle_Nivernaise_N.txt,"Maugendre continua : « Plus je vieillis , plus je souffre d' être seul .","NP VPS : "" plus je PRES , plus je VSENT de être ADJ ."
634,Daudet/1886_Daudet_la_belle_Nivernaise_N.txt,"Autrefois , j' oubliais encore en travaillant ; mais à présent , je n' ai plus le cœur à la besogne .","ADVT , je VCOG encore en PPRES ; mais à NC , je ne avoir plus le NCo à le NCmod ."
635,Daudet/1886_Daudet_la_belle_Nivernaise_N.txt,Je n' ai plus de goût à rien .,je ne avoir plus de NC à rien .
636,Daudet/1886_Daudet_la_belle_Nivernaise_N.txt,"Aussi , je vais me dépatrier , ça me distraira peut-être .","aussi , je aller me INF , ça me VF peut-être ."
637,Daudet/1886_Daudet_la_belle_Nivernaise_N.txt,"» Et , comme malgré lui , ses yeux se tournaient vers les enfants .",""" et , comme malgré lui , DETPOSS NCCOR se VIMP vers le NC ."
638,Daudet/1886_Daudet_la_belle_Nivernaise_N.txt,À ce moment Victor et Clara débouchèrent de l' avenue avec leur charge de ramée .,à ce NC NP et NP VPS de le NC avec lui NCmod de NCmod .
639,Daudet/1886_Daudet_la_belle_Nivernaise_N.txt,"En apercevant Maugendre , ils jetèrent leurs fagots et coururent à lui .","en PPRES NP , il VPS DETPOSS NCo et VPS à lui ."
640,Daudet/1886_Daudet_la_belle_Nivernaise_N.txt,"« Tu es heureux , toi , tu as quatre enfants .",""" je être ADJ , soi , je avoir NUM NCo ."
641,Daudet/1886_Daudet_la_belle_Nivernaise_N.txt,"Moi , je n' en ai plus .","soi , je ne en avoir plus ."
642,Daudet/1886_Daudet_la_belle_Nivernaise_N.txt,"» Et il soupira : « Je n' ai rien à dire , c' est de ma faute .",""" et il VF : "" je ne avoir rien à VDIC , ce être de DETPOSS NC ."
643,Daudet/1886_Daudet_la_belle_Nivernaise_N.txt,» Tout le monde l' imita .,""" tout le NCs le VPS ."
644,Daudet/1886_Daudet_la_belle_Nivernaise_N.txt,"« Adieu , Victor .",""" NP , NP ."
645,Daudet/1886_Daudet_la_belle_Nivernaise_N.txt,"Travaille bien et aime tes parents , tu le dois .","PRES bien et VSENT DETPOSS NCo , je le PRES ."
646,Daudet/1886_Daudet_la_belle_Nivernaise_N.txt,"» « Dire que si j' avais un enfant , il serait comme lui .",""" "" VDIC que si je avoir un NCo , il être comme lui ."
647,Daudet/1886_Daudet_la_belle_Nivernaise_N.txt,"» En face , Louveau , la bouche colère , avait un air de dire : « Mais va -t -en donc !",""" en NC , NP , le NCCOR ADJ , avoir un NCMAN de VDIC : "" mais aller t en donc !"
648,Daudet/1886_Daudet_la_belle_Nivernaise_N.txt,"» Pourtant à le moment où le charpentier s' en allait , François eut un élan de pitié et l' appela : « Maugendre , tu ne manges pas la soupe avec nous ?",""" pourtant à le NC où le NCs se en aller , NP avoir un NCo de VSENT et le VPS : "" NP , je ne PRES pas le NCo avec nous ?"
649,Daudet/1886_Daudet_la_belle_Nivernaise_N.txt,"» C' était dit comme malgré soi , d' un ton brusque qui décourageait d' accepter .",""" ce être VDIC comme malgré soi , de un NCmod ADJ qui VSENT de INF ."
650,Daudet/1886_Daudet_la_belle_Nivernaise_N.txt,Le vieux secoua la tête .,le ADJ NC le NCCOR .
651,Daudet/1886_Daudet_la_belle_Nivernaise_N.txt,"« Merci , je n' ai pas faim .",""" INTJ , je ne avoir pas NCo ."
652,Daudet/1886_Daudet_la_belle_Nivernaise_N.txt,"Le bonheur de les autres , vois -tu , ça fait mal quand on est bien triste .","le NCSENT de le autre , ADV tu , ça faire mal quand on être bien ADJ ."
653,Daudet/1886_Daudet_la_belle_Nivernaise_N.txt,"» Et il s' éloigna , courbé sur sa canne .",""" et il se VPS , PPAS sur DETPOSS NC ."
654,Daudet/1886_Daudet_la_belle_Nivernaise_N.txt,Louveau ne prononça pas une parole de la soirée .,NP ne VPS pas un NCo de le NCT .
655,Daudet/1886_Daudet_la_belle_Nivernaise_N.txt,La maison de le curé était voisine de l' église .,le NCs de le NCmod être ADJ de le NC .
656,Daudet/1886_Daudet_la_belle_Nivernaise_N.txt,C' était une grande bâtisse carrée avec une cour par-devant et un potager derrière .,ce être un ADJ NC ADJ avec un NCmod PPRES et un NC ADVLIEU .
657,Daudet/1886_Daudet_la_belle_Nivernaise_N.txt,De les poules picoraient sur le seuil .,de le NC VIMP sur le NC .
658,Daudet/1886_Daudet_la_belle_Nivernaise_N.txt,Une vache à l' attache beuglait dans l' herbage .,un NCs à le NCmod VIMP dans le NC .
659,Daudet/1886_Daudet_la_belle_Nivernaise_N.txt,Louveau se sentait le cœur allégé par sa résolution .,NP se sentir le NCo PPAS par DETPOSS NC .
660,Daudet/1886_Daudet_la_belle_Nivernaise_N.txt,"En ouvrant la barrière , il se dit avec un soupir de satisfaction qu' il serait débarrassé de son souci quand il sortirait .","en PPRES le NCo , il se VDIC avec un NC de NCSENT que il être PPAS de DETPOSS NCSENT quand il VIMP ."
661,Daudet/1886_Daudet_la_belle_Nivernaise_N.txt,"Le prêtre avait fini son repas et sommeillait légèrement , la tête inclinée sur son bréviaire .","le NCs avoir VASP DETPOSS NCo et VIMP ADVINT , le NCCOR ADJ sur DETPOSS NCmod ."
662,Daudet/1886_Daudet_la_belle_Nivernaise_N.txt,"Réveillé par l' entrée de Louveau , il marqua la page , et ayant fermé le livre , fit asseoir le marinier qui tournait sa casquette entre ses doigts .","PPAS par le NC de NP , il VPS le NCo , et avoir PPAS le NCo , faire INF le NCo qui VIMP DETPOSS NCo entre DETPOSS NCCOR ."
663,Daudet/1886_Daudet_la_belle_Nivernaise_N.txt,"« Voyons , François , que me voulez -vous ?",""" NP , NP , que me vouloir vous ?"
664,Daudet/1886_Daudet_la_belle_Nivernaise_N.txt,"» « Parce que , vous savez , monsieur le curé , je ne suis pas bien fort .",""" "" parce que , vous VCOG , monsieur le NCmod , je ne être pas bien fort ."
665,Daudet/1886_Daudet_la_belle_Nivernaise_N.txt,"Je ne suis pas un aigle , hé !","je ne être pas un NC , PPAS !"
666,Daudet/1886_Daudet_la_belle_Nivernaise_N.txt,hé !,PPAS !
667,Daudet/1886_Daudet_la_belle_Nivernaise_N.txt,comme dit ma femme .,comme VDIC DETPOSS NCo .
668,Daudet/1886_Daudet_la_belle_Nivernaise_N.txt,"» Et mis à l' aise par ce préambule , il narra son affaire , très essoufflé , très rouge , en considérant obstinément la visière de sa casquette .",""" et mettre à le NC par ce NC , il VF DETPOSS NCo , très PPAS , très ADJCOL , en PPRES ADV le NCo de DETPOSS NCmod ."
669,Daudet/1886_Daudet_la_belle_Nivernaise_N.txt,"« Vous vous souvenez , monsieur le curé , que Maugendre vous a dit qu' il était veuf ?",""" vous vous PRES , monsieur le NC , que NP vous avoir VDIC que il être ADJ ?"
670,Daudet/1886_Daudet_la_belle_Nivernaise_N.txt,Il y a quinze ans de ça ; sa femme était venue à Paris pour faire une nourriture .,il y avoir NUM NCT de ça ; DETPOSS NCs être venir à NP pour faire un NCo .
671,Daudet/1886_Daudet_la_belle_Nivernaise_N.txt,"Elle avait montré son enfant à le médecin comme c' était l' usage , elle lui avait donné à téter une dernière goutte , et puis elle l' avait confié à une meneuse .","il avoir PPAS DETPOSS NCo à le NC comme ce être le NC , il lui avoir PPAS à INF un ADJ NCo , et puis il le avoir PPAS à un NC ."
672,Daudet/1886_Daudet_la_belle_Nivernaise_N.txt,"» Le prêtre l' interrompit : « Qu' est -ce que c' est qu' une meneuse , François ?",""" le NC le NC : "" que être ce que ce être que un NC , NP ?"
673,Daudet/1886_Daudet_la_belle_Nivernaise_N.txt,"— C' est une femme , monsieur le curé , que l' on charge de reconduire à le pays les enfants de les nourrices .","— ce être un NC , monsieur le NC , que l' on PRES de INF à le NC le NCo de le NCmod ."
674,Daudet/1886_Daudet_la_belle_Nivernaise_N.txt,"Elle les emporte à la hotte , dans un panier , comme de pauvres petits chats .","il le PRES à le NC , dans un NC , comme un ADJ ADJ NC ."
675,Daudet/1886_Daudet_la_belle_Nivernaise_N.txt,— Drôle de métier !,— ADJ de NC !
676,Daudet/1886_Daudet_la_belle_Nivernaise_N.txt,"— Il y a de les honnêtes gens pour le faire , monsieur le curé .","— il y avoir de le ADJ NC pour le faire , monsieur le NC ."
677,Daudet/1886_Daudet_la_belle_Nivernaise_N.txt,"Mais la mère Maugendre était tombée sur une femme qu' on ne connaissait pas , une sorcière qui volait les enfants et les louait à d' autres fainéantes , pour les trimbaler dans la rue et faire pitié à le monde .","mais le NCs NP être PPAS sur un NC que on ne VIMP pas , un NC qui VIMP le NCo et le VIMP à un autre NC , pour le INF dans le NC et faire PPAS à le NC ."
678,Daudet/1886_Daudet_la_belle_Nivernaise_N.txt,"— Qu' est -ce que vous me contez là , François ?","— que être ce que vous me PRES ADVLIEU , NP ?"
679,Daudet/1886_Daudet_la_belle_Nivernaise_N.txt,"— La vérité toute pure , monsieur le curé .","— le NC tout ADJ , monsieur le NC ."
680,Daudet/1886_Daudet_la_belle_Nivernaise_N.txt,"Cette coquine de femme -là a enlevé un tas d' enfants , et le mioche de Maugendre avec les autres .","ce NCs de NCmod ADVLIEU avoir PPAS un NCo de NCmod , et le NC de NP avec le autre ."
681,Daudet/1886_Daudet_la_belle_Nivernaise_N.txt,Elle l' a gardé jusqu' à quatre ans .,il le avoir PPAS jusque à NUM NCT .
682,Daudet/1886_Daudet_la_belle_Nivernaise_N.txt,"Elle voulait lui apprendre à mendier , mais c' était le fils d' un brave homme , il refusait de tendre la main .","il vouloir lui VCOG à INF , mais ce être le NC de un ADJ NCmod , il VIMP de INF le NCCOR ."
683,Daudet/1886_Daudet_la_belle_Nivernaise_N.txt,"Alors , elle l' a abandonné dans la rue , et puis , deviens ce que tu peux !","alors , il le avoir PPAS dans le NC , et puis , devenir ce que je pouvoir !"
684,Daudet/1886_Daudet_la_belle_Nivernaise_N.txt,"Mais voilà que , il y a six mois , à l' hôpital , à le moment de mourir , un remords l' a prise .","mais voilà que , il y avoir NUM NCT , à le NCmod , à le NC de NCmod , un NCs le avoir PPAS ."
685,Daudet/1886_Daudet_la_belle_Nivernaise_N.txt,"Je sais ce que c' est , monsieur le curé , ça fait diablement souffrir .","je VCOG ce que ce être , monsieur le NCmod , ça faire ADVINT VSENT ."
686,Daudet/1886_Daudet_la_belle_Nivernaise_N.txt,"» Et il leva les yeux à le plafond , comme pour jurer qu' il ne mentait pas , le pauvre homme .",""" et il VPS le NCCOR à le NC , comme pour INF que il ne VIMP pas , le ADJ NCo ."
687,Daudet/1886_Daudet_la_belle_Nivernaise_N.txt,"« Alors , elle a demandé le commissaire .",""" alors , il avoir PPAS le NCo ."
688,Daudet/1886_Daudet_la_belle_Nivernaise_N.txt,Elle lui a dit le nom de l' enfant .,il lui avoir VDIC le NCo de le NCmod .
689,Daudet/1886_Daudet_la_belle_Nivernaise_N.txt,Le commissaire me l' a répété .,le NCs me le avoir PPAS .
690,Daudet/1886_Daudet_la_belle_Nivernaise_N.txt,C' est Victor .,ce être NP .
691,Daudet/1886_Daudet_la_belle_Nivernaise_N.txt,» « Victor est le fils de Maugendre ?,""" "" NP être le NC de NP ?"
692,Daudet/1886_Daudet_la_belle_Nivernaise_N.txt,— C' est sûr .,— ce être ADJ .
693,Daudet/1886_Daudet_la_belle_Nivernaise_N.txt,» L' ecclésiastique n' en revenait pas .,""" le NCs ne en VIMP pas ."
694,Daudet/1886_Daudet_la_belle_Nivernaise_N.txt,« Eh bien !,""" INTJ bien !"
695,Daudet/1886_Daudet_la_belle_Nivernaise_N.txt,mais il faut le rendre à son père .,mais il PRES le INF à DETPOSS NC .
696,Daudet/1886_Daudet_la_belle_Nivernaise_N.txt,» Louveau tressaillit .,""" ADJ NC ."
697,Daudet/1886_Daudet_la_belle_Nivernaise_N.txt,"« Voilà justement mon ennui , monsieur le curé .",""" voilà ADVMAN DETPOSS NCSENT , monsieur le NC ."
698,Daudet/1886_Daudet_la_belle_Nivernaise_N.txt,"Depuis six mois que je sais ça , je n' ai eu le courage de rien dire à personne , pas même à ma femme .","depuis NUM NCT que je VCOG ça , je ne avoir avoir le NCo de rien VDIC à NC , pas même à DETPOSS NC ."
699,Daudet/1886_Daudet_la_belle_Nivernaise_N.txt,"Nous nous sommes donné tant de mal pour élever cet enfant -là ; nous avons eu tant de misère ensemble , que , aujourd'hui , je ne sais plus comment je ferais pour m' en séparer .","nous nous être PPAS tant de mal pour INF ce NCo ADVLIEU ; nous avoir avoir tant de NC ensemble , que , ADVT , je ne VCOG plus comment je faire pour lui en INF ."
700,Daudet/1886_Daudet_la_belle_Nivernaise_N.txt,"» Tout ça , c' était vrai , et si Maugendre semblait à plaindre , on pouvait bien avoir aussi pitié de le pauvre François .",""" tout ça , ce être vrai , et si NP sembler à INF , on pouvoir bien avoir aussi NCo de le ADJ NP ."
701,Daudet/1886_Daudet_la_belle_Nivernaise_N.txt,"Pris entre ces attendrissements contradictoires , M. le curé suait à grosses gouttes , appelait mentalement les lumières d' en haut .","PPAS entre ce VSENT ADJ , NCmod le NCs VIMP à ADJ NC , VIMP ADV le NCs de en NC ."
702,Daudet/1886_Daudet_la_belle_Nivernaise_N.txt,"Et , oubliant que Louveau était venu lui demander un avis , il articula d' une voix étouffée : « Voyons , François , mettez -vous à ma place , que conseilleriez -vous ?","et , VCOG que NP être venir lui INF un NCo , il VPS de un NCMAN PPAS : "" NP , NP , mettre lui à DETPOSS NC , que PRES vous ?"
703,Daudet/1886_Daudet_la_belle_Nivernaise_N.txt,» Le marinier baissa la tête .,""" le NCs VPS le NCCOR ."
704,Daudet/1886_Daudet_la_belle_Nivernaise_N.txt,"« Je vois bien qu' il faudra rendre Victor , monsieur le curé .",""" je ADV bien que il VF INF NP , monsieur le NC ."
705,Daudet/1886_Daudet_la_belle_Nivernaise_N.txt,J' ai senti ça l' autre jour quand Maugendre est venu nous surprendre .,je avoir sentir ça le autre NCT quand NP être venir nous VSENT .
706,Daudet/1886_Daudet_la_belle_Nivernaise_N.txt,"Il m' a fendu le cœur à le voir si vieux , si triste et si cassé .","il lui avoir PPAS le NCo à le VCOG si ADJ , si ADJ et si ADJ ."
707,Daudet/1886_Daudet_la_belle_Nivernaise_N.txt,"J' étais honteux comme si j' avais eu de l' argent à lui , de l' argent volé , dans ma poche .","je être ADJ comme si je avoir avoir de le NC à lui , de le NC PPAS , dans DETPOSS NC ."
708,Daudet/1886_Daudet_la_belle_Nivernaise_N.txt,"Je ne pouvais plus porter mon secret tout seul , je suis venu vous le dire .","je ne pouvoir plus INF DETPOSS NCo tout ADJ , je être venir vous le VDIC ."
709,Daudet/1886_Daudet_la_belle_Nivernaise_N.txt,"— Et vous avez bien fait , Louveau , dit M. le curé , enchanté de voir le marinier lui fournir une solution .","— et vous avoir bien faire , NP , VDIC monsieur le NCmod , VSENT de VCOG le NCo lui INF un NCo ."
710,Daudet/1886_Daudet_la_belle_Nivernaise_N.txt,Il n' est jamais trop tard pour réparer une faute .,il ne être ADVTEMPS trop tard pour INF un NCo .
711,Daudet/1886_Daudet_la_belle_Nivernaise_N.txt,Je vais vous accompagner chez Maugendre .,je aller vous INF chez NP .
712,Daudet/1886_Daudet_la_belle_Nivernaise_N.txt,Vous lui avouerez tout .,vous lui VDIC tout .
713,Daudet/1886_Daudet_la_belle_Nivernaise_N.txt,"— Demain , monsieur le curé !","— ADVT , monsieur le NC !"
714,Daudet/1886_Daudet_la_belle_Nivernaise_N.txt,"— Non , François , tout de suite .","— non , NP , tout de NC ."
715,Daudet/1886_Daudet_la_belle_Nivernaise_N.txt,"» Et , voyant la douleur de le bonhomme , le tortillement convulsif de sa casquette , il implora d' une voix faible : « Je vous en prie , Louveau , pendant que nous sommes décidés tous les deux !",""" et , VCOG le NCSENT de le NCmod , le NC ADJ de DETPOSS NCmod , il VPS de un NCMAN ADJ : "" je vous en NCmod , NP , PHASE que nous être PPAS tout le NCo !"
716,Daudet/1886_Daudet_la_belle_Nivernaise_N.txt,Un fils !,un NC !
717,Daudet/1886_Daudet_la_belle_Nivernaise_N.txt,Maugendre a un fils !,NP avoir un NCo !
718,Daudet/1886_Daudet_la_belle_Nivernaise_N.txt,C' est un véritable enlèvement .,ce être un véritable NC .
719,Daudet/1886_Daudet_la_belle_Nivernaise_N.txt,"Le vieux a emporté son fils presque sans dire merci , comme un manant qui a gagné le gros lot , et se sauve avec .","le ADJ avoir PPAS DETPOSS NCo presque sans VDIC INTJ , comme un NC qui avoir PPAS le ADJ NCo , et se PRES avec ."
720,Daudet/1886_Daudet_la_belle_Nivernaise_N.txt,Pas d' emprunt !,pas de NC !
721,Daudet/1886_Daudet_la_belle_Nivernaise_N.txt,pas de partage !,pas de NC !
722,Daudet/1886_Daudet_la_belle_Nivernaise_N.txt,"Mais son trésor à lui tout seul , sans yeux autour pour le guigner .","mais DETPOSS NC à lui tout ADJ , sans NCCOR ADV pour le NCmod ."
723,Daudet/1886_Daudet_la_belle_Nivernaise_N.txt,Les oreilles de Maugendre bourdonnent comme l' express .,le NCCOR de NP PRES comme le NC .
724,Daudet/1886_Daudet_la_belle_Nivernaise_N.txt,Sa tête est chauffée comme la locomotive .,DETPOSS NCCOR être PPAS comme le NC .
725,Daudet/1886_Daudet_la_belle_Nivernaise_N.txt,"Et son rêve roule plus vite que toutes les locomotives et que tous les express , franchissant d' un élan les jours , les mois , les années .","et DETPOSS NCs PRES plus ADV que tout le NC et que tout le NC , PPRES de un NC le NCT , le NCT , le NCT ."
726,Daudet/1886_Daudet_la_belle_Nivernaise_N.txt,"Ce qu' il rêve c' est un Victor de vingt ans boutonné d' argent , habillé de vert sombre .","ce que il PRES ce être un NP de NUM NCT PPAS de NC , PPAS de ADJCOL ADJ ."
727,Daudet/1886_Daudet_la_belle_Nivernaise_N.txt,Un élève de l' école forestière !,un NC de le NCmod ADJ !
728,Daudet/1886_Daudet_la_belle_Nivernaise_N.txt,"On dirait même que l' élève Maugendre a l' épée à le côté et le bicorne sur l' oreille , — comme un polytechnicien ; — car toutes les écoles et tous les uniformes sont un peu mêlés dans le rêve de Maugendre .","on VDIC même que le NCs NP PRES le NCo à le NC et le NC sur le NCCOR , — comme un NC ; — car tout le NCspas et tout le NC être un peu PPAS dans le NC de NP ."
729,Daudet/1886_Daudet_la_belle_Nivernaise_N.txt,Et qu' importe !,et que PRES !
730,Daudet/1886_Daudet_la_belle_Nivernaise_N.txt,Les galons et les dorures ne coûtent pas à le charpentier .,le NCs et le NC ne PRES pas à le NC .
731,Daudet/1886_Daudet_la_belle_Nivernaise_N.txt,On a de la « denrée » pour payer tout ça ... Et Victor sera un « monsieur » chamarré de les pieds à la tête .,"on avoir de le "" NC "" pour INF tout ça ... et NP être un "" monsieur "" PPAS de le NCCOR à le NCCOR ."
732,Daudet/1886_Daudet_la_belle_Nivernaise_N.txt,Les hommes lui parleront chapeau bas .,le NCs lui VF NCo ADJ .
733,Daudet/1886_Daudet_la_belle_Nivernaise_N.txt,Les belles dames en seront folles .,le ADJ NCs en être ADJ .
734,Daudet/1886_Daudet_la_belle_Nivernaise_N.txt,"Et , dans un coin , il y aura un vieux à les mains calleuses qui dira en se rengorgeant : « Voilà mon fils !","et , dans un NC , il y avoir un ADJ à le NCCOR ADJ qui VDIC en se PPRES : "" voilà DETPOSS NCo !"
735,Daudet/1886_Daudet_la_belle_Nivernaise_N.txt,"Allons , mon fils !","NP , DETPOSS NC !"
736,Daudet/1886_Daudet_la_belle_Nivernaise_N.txt,» Ça a été si brusque la séparation !,""" ça avoir être si ADJ le NC !"
737,Daudet/1886_Daudet_la_belle_Nivernaise_N.txt,Clara lui a donné un baiser qui lui brûle encore la joue .,NP lui avoir PPAS un NCo qui lui PRES encore le NCCOR .
738,Daudet/1886_Daudet_la_belle_Nivernaise_N.txt,Le père Louveau s' est détourné .,le NCs NP se être PPAS .
739,Daudet/1886_Daudet_la_belle_Nivernaise_N.txt,La mère Louveau était toute pâle .,le NCs NP être tout ADJ .
740,Daudet/1886_Daudet_la_belle_Nivernaise_N.txt,"Et Mimile lui a apporté son écuelle de soupe , pour le consoler .","et NP lui avoir PPAS DETPOSS NCo de NCmod , pour le INF ."
741,Daudet/1886_Daudet_la_belle_Nivernaise_N.txt,Tous !,tout !
742,Daudet/1886_Daudet_la_belle_Nivernaise_N.txt,jusqu' à Mimile !,jusque à NP !
743,Daudet/1886_Daudet_la_belle_Nivernaise_N.txt,Oh !,INTJ !
744,Daudet/1886_Daudet_la_belle_Nivernaise_N.txt,comment vivront -ils sans lui ?,comment VF il sans lui ?
745,Daudet/1886_Daudet_la_belle_Nivernaise_N.txt,Comment vivra -t -il sans eux ?,comment VF t il sans eux ?
746,Daudet/1886_Daudet_la_belle_Nivernaise_N.txt,"Et le futur élève de l' école forestière est si troublé qu' il répond : « Oui , monsieur Maugendre .","et le ADJ NCs de le NCmod ADJ être si VSENT que il VDIC : "" oui , monsieur NP ."
747,Daudet/1886_Daudet_la_belle_Nivernaise_N.txt,» Toutes les fois que son père lui parle .,""" tout le fois que DETPOSS NCs lui PRES ."
748,Daudet/1886_Daudet_la_belle_Nivernaise_N.txt,"Et il n' est pas à le bout de ses tribulations , le petit marinier de .","et il ne être pas à le NC de DETPOSS NCmod , le ADJ NC de ."
749,Daudet/1886_Daudet_la_belle_Nivernaise_N.txt,"Cela ne coûte pas seulement de l' argent de devenir un « monsieur » , mais bien de les sacrifices et de les tristesses .","cela ne PRES pas seulement de le NC de devenir un "" monsieur "" , mais bien de le NC et de le NCSENT ."
750,Daudet/1886_Daudet_la_belle_Nivernaise_N.txt,"Victor en a le sentiment , tandis que le train rapide passe en sifflant , sur les ponts , au-dessus de le faubourg de Nevers .","NP en avoir le NCSENT , PHASE que le NCs ADJ PRES en PPRES , sur le NC , ADVLIEU de le NC de NP ."
751,Daudet/1886_Daudet_la_belle_Nivernaise_N.txt,Maintenant ils ont le pavé sous les pieds .,ADVT il avoir le NCo sous le NCCOR .
752,Daudet/1886_Daudet_la_belle_Nivernaise_N.txt,"Autour d' eux circule et bourdonne la cohue de les débarcadères , presse de curieux , bousculade de gens chargés de colis , roulement de les fiacres et de les lourds omnibus de le chemin de fer , que de les voyageurs , chargés de couvertures serrées dans de les courroies , prennent bruyamment d' assaut .","ADV de eux PRES et PRES le NCo de le NCmod , NC de NCmod , NC de NCmod PPAS de NC , NC de le NCmod et de le ADJ NC de le NCmod de NCmod , que de le NC , PPAS de NC PPAS dans un le NC , PRES ADVMAN de NC ."
753,Daudet/1886_Daudet_la_belle_Nivernaise_N.txt,Victor et son père sortent en voiture de les grilles de la gare .,NP et DETPOSS NC PRES en NC de le NCmod de le NCmod .
754,Daudet/1886_Daudet_la_belle_Nivernaise_N.txt,Le charpentier ne lâche pas son idée .,le NCs ne PRES pas DETPOSS NCo .
755,Daudet/1886_Daudet_la_belle_Nivernaise_N.txt,Et il conduit « son fils » tout droit chez le tailleur de le collège .,"et il PRES "" DETPOSS NCo "" tout NCo chez le NCmod de le NCmod ."
756,Daudet/1886_Daudet_la_belle_Nivernaise_N.txt,"La boutique est neuve , les comptoirs luisants , de les messieurs bien mis , qui ressemblent à ceux que l' on voit dans les gravures coloriées , appendues à les murailles , ouvrent la porte à les clients avec un petit sourire protecteur .","le NCs être ADJ , le NC ADJ , de le NCmod bien mettre , qui PRES à celui que l' on VCOG dans le NC PPAS , PPAS à le NC , PRES le NCo à le NCmod avec un ADJ NCMAN ADJ ."
757,Daudet/1886_Daudet_la_belle_Nivernaise_N.txt,"Ils mettent sous les yeux de le père Maugendre une prime de les Modes illustrées , où un collégien fume en compagnie d' une amazone , d' un gentleman en complet de chasse , et d' une mariée vêtue de satin blanc .","il mettre sous le NCCOR de le NCmod NP un NCo de le NP ADJ , où un NC ADJ en NCmod de un NCmod , de un NCmod en NCmod de NCmod , et de un NC PPAS de NC ADJCOL ."
758,Daudet/1886_Daudet_la_belle_Nivernaise_N.txt,"Justement le tailleur a sous la main la tunique type rembourrée devant et derrière , à basques carrées , à boutons d' or .","ADVMAN le NCs avoir sous le NCCOR le ADJ NCo PPAS ADVLIEU et ADVLIEU , à NC ADJ , à NC de NCmod ."
759,Daudet/1886_Daudet_la_belle_Nivernaise_N.txt,« Tu auras l' air d' un militaire là-dedans !,""" je ADJ le NCMAN de un ADJ NCmod !"
760,Daudet/1886_Daudet_la_belle_Nivernaise_N.txt,"» Un monsieur en bras de chemise , qui porte un mètre autour de le cou , s' approche de l' élève Maugendre .",""" un monsieur en NCCOR de NCmod , qui PRES un NCo ADV de le NCCOR , se PRES de le NC NP ."
761,Daudet/1886_Daudet_la_belle_Nivernaise_N.txt,Cette opération rappelle à le petit marinier de les souvenirs qui lui noient les yeux de larmes !,ce NCs PRES à le ADJ NC de le NCmod qui lui PRES le NCCOR de NCmod !
762,Daudet/1886_Daudet_la_belle_Nivernaise_N.txt,"Les tics de le pauvre père Louveau , les colères de la femme de tête , tout ce qu' il a laissé derrière lui .","le NC de le ADJ NCmod NP , le NCSENT de le NCmod de NCCOR , tout ce que il avoir laisser ADVLIEU lui ."
763,Daudet/1886_Daudet_la_belle_Nivernaise_N.txt,"C' est bien fini , maintenant .","ce être bien ADJ , ADVT ."
764,Daudet/1886_Daudet_la_belle_Nivernaise_N.txt,"Le jeune homme correct que Victor aperçoit en pantalon d' uniforme , dans la grande glace d' essayage , n' a plus rien de commun avec le « petit derrière » de .","le ADJ NCs ADJ que NP PRES en NC de NCmod , dans le ADJ NC de NCmod , ne avoir plus rien de ADJ avec le "" ADJ ADVLIEU "" de ."
765,Daudet/1886_Daudet_la_belle_Nivernaise_N.txt,"Le tailleur pousse dédaigneusement de le bout de le pied , sous l' établi , la vareuse humiliée , comme un paquet de loques .","le NCs PRES ADVMAN de le NC de le NCCOR , sous le NC , le NCo VSENT , comme un NCmod de NCmod ."
766,Daudet/1886_Daudet_la_belle_Nivernaise_N.txt,Victor sent que c' est tout son passé qu' on lui a fait quitter là .,NP sentir que ce être tout DETPOSS NC que on lui avoir faire INF ADVLIEU .
767,Daudet/1886_Daudet_la_belle_Nivernaise_N.txt,"Qu' est -ce à dire , quitter !","que être ce à VDIC , INF !"
768,Daudet/1886_Daudet_la_belle_Nivernaise_N.txt,Voici qu' on lui défend même de se souvenir !,voici que on lui PRES même de se INF !
769,Daudet/1886_Daudet_la_belle_Nivernaise_N.txt,"« Il faut rompre avec les vices de votre éducation première » , dit sévèrement M. le principal , qui ne dissimule pas sa méfiance .",""" il PRES ADJ avec le NC de DETPOSS NCmod ADJ "" , VDIC ADVMAN monsieur le NCmod , qui ne PRES pas DETPOSS NCo ."
770,Daudet/1886_Daudet_la_belle_Nivernaise_N.txt,"Et , pour faciliter cette régénération , on décide que l' élève Maugendre ne sortira de le collège que tous les premiers dimanches de les mois .","et , pour INF ce NCo , on PRES que le NCs NP ne VF de le NC que tout le ADJ ADVT de le NCT ."
771,Daudet/1886_Daudet_la_belle_Nivernaise_N.txt,Oh !,INTJ !
772,Daudet/1886_Daudet_la_belle_Nivernaise_N.txt,"comme il pleure , le premier soir , à le fond de le dortoir triste et froid , tandis que les autres écoliers ronflent dans leurs lits de fer , et que le pion dévore un roman , en cachette , à la lueur d' une veilleuse !","comme il VSUBP , le ADJ NCT , à le NC de le NCmod ADJ et ADJ , PHASE que le autre NCs PRES dans DETPOSS NC de NCmod , et que le NCs VSENT un NCo , en NCmod , à le NC de un NCmod !"
773,Daudet/1886_Daudet_la_belle_Nivernaise_N.txt,"Comme il souffre pendant l' heure maudite de récréations , tandis que les camarades le bousculent et le houspillent !","comme il VSENT PHASE le NCT ADJ de NCmod , PHASE que le NC le NC et le NC !"
774,Daudet/1886_Daudet_la_belle_Nivernaise_N.txt,"Comme il est triste en étude , le nez dans son pupitre , tremblant à les colères de le pion qui tape à tour de bras sur la chaire en répétant toujours la même phrase : « Un peu de silence , messieurs .","comme il être ADJ en NC , le NCCOR dans DETPOSS NCmod , PPRES à le NCSENT de le NCmod qui PRES à NC de NCCOR sur le NCmod en PPRES ADVTEMPS le même NCo : "" un peu de NC , NC ."
775,Daudet/1886_Daudet_la_belle_Nivernaise_N.txt,"» Cette voix criarde remue toute la lie de les mauvais souvenirs , empoisonne sa vie .",""" ce NCMAN ADJ PPAS tout le NCo de le ADJ NCmod , PRES DETPOSS NCo ."
776,Daudet/1886_Daudet_la_belle_Nivernaise_N.txt,"Elle lui rappelle les jours noirs de la première enfance , le taudis de le faubourg de le Temple , les coups , les querelles , tout ce qu' il avait oublié .","il lui PRES le NCT ADJ de le ADJ NCmod , le NC de le NCmod de le NP , le NC , le NC , tout ce que il avoir VCOG ."
777,Daudet/1886_Daudet_la_belle_Nivernaise_N.txt,"Et il se raccroche désespérément à les images de Clara , de comme à une éclaircie de soleil , dans le sombre de sa vie .","et il se PRES ADVMAN à le NC de NP , de comme à un NCmod de NCmod , dans le NC de DETPOSS NCmod ."
778,Daudet/1886_Daudet_la_belle_Nivernaise_N.txt,Et c' est sans doute pour cela que le pion trouve avec stupéfaction de les dessins de bateaux à toutes les pages de les livres de l' élève Maugendre .,et ce être sans NCSENT pour cela que le NCs PRES avec NCSENT de le NCmod de NCmod à tout le NCmod de le NCmod de le NCmod NP .
779,Daudet/1886_Daudet_la_belle_Nivernaise_N.txt,Toujours la même chaloupe reproduite à tous les feuillets avec une obstination d' obsédé .,ADVTEMPS le même NC PPAS à tout le NC avec un NC de NCmod .
780,Daudet/1886_Daudet_la_belle_Nivernaise_N.txt,"Tantôt , elle gravit lentement , resserrée comme dans un canal , l' échelle étroite de les marges .","ADV , il VPS ADV , PPAS comme dans un NC , le NC ADJ de le NCmod ."
781,Daudet/1886_Daudet_la_belle_Nivernaise_N.txt,"Tantôt , elle vient s' échouer en plein théorème , éclaboussant les figures intercalées et les corollaires en petit texte .","ADV , il venir se INF en ADJ NC , PPRES le NCCOR PPAS et le NC en ADJ NCmod ."
782,Daudet/1886_Daudet_la_belle_Nivernaise_N.txt,"Tantôt , elle navigue à pleines voiles sur les océans de les planisphères .","ADV , il PRES à NC ADJ sur le NCmod de le NCmod ."
783,Daudet/1886_Daudet_la_belle_Nivernaise_N.txt,"C' est là qu' elle se carre à l' aise , qu' elle déploie ses voiles , qu' elle fait flotter son drapeau .","ce être ADVLIEU que il se PRES à le NC , que il PRES DETPOSS NCo , que il faire INF DETPOSS NC ."
784,Daudet/1886_Daudet_la_belle_Nivernaise_N.txt,Le charpentier n' en revient pas .,le NCs ne en PRES pas .
785,Daudet/1886_Daudet_la_belle_Nivernaise_N.txt,« Un garçon si doux !,""" un NC si ADJ !"
786,Daudet/1886_Daudet_la_belle_Nivernaise_N.txt,— Il est têtu comme un âne .,— il être PPAS comme un NC .
787,Daudet/1886_Daudet_la_belle_Nivernaise_N.txt,— Si intelligent !,— si ADJ !
788,Daudet/1886_Daudet_la_belle_Nivernaise_N.txt,— On ne peut rien lui apprendre .,— on ne pouvoir rien lui VCOG .
789,Daudet/1886_Daudet_la_belle_Nivernaise_N.txt,"» Et personne ne peut comprendre que l' élève Maugendre a appris à lire en plein bois , par-dessus l' épaule de Clara , et que ce n' est pas la même chose que d' étudier la géométrie , sous la férule d' un pion hirsute .",""" et personne ne pouvoir VCOG que le NCs NP avoir VCOG à INF en ADJ NC , ADV le NCCOR de NP , et que ce ne être pas le même chose que de INF le NCo , sous le NCmod de un NCmod ADV ."
790,Daudet/1886_Daudet_la_belle_Nivernaise_N.txt,Voilà pourquoi l' élève Maugendre dégringole de l' étude de les « moyens » dans l' étude de les « petits » .,"voilà pourquoi le NCs NP PRES de le NC de le "" NCmod "" dans le NCmod de le "" ADJ "" ."
791,Daudet/1886_Daudet_la_belle_Nivernaise_N.txt,C' est qu' il y a une singulière différence entre les leçons de le Magister de Corbigny et celles de MM. les professeurs de le collège de Nevers .,ce être que il y avoir un ADJ NC entre le NCmod de le NP de NP et celui de NP le NC de le NCmod de NP .
792,Daudet/1886_Daudet_la_belle_Nivernaise_N.txt,Toute la distance qui sépare un enseignement en bonnet de peau de lapin d' un enseignement en toque d' hermine .,tout le NC qui PRES un NCo en NCmod de NCCOR de NCmod de un NCmod en NCmod de NCmod .
793,Daudet/1886_Daudet_la_belle_Nivernaise_N.txt,Le père Maugendre se désespère .,le NCs NP se VSENT .
794,Daudet/1886_Daudet_la_belle_Nivernaise_N.txt,« Veux -tu de les leçons ?,""" PRES -tre de le NCmod ?"
795,Daudet/1886_Daudet_la_belle_Nivernaise_N.txt,Veux -tu de les maîtres ?,vouloir il de le NCmod ?
796,Daudet/1886_Daudet_la_belle_Nivernaise_N.txt,Je te donnerai les meilleurs .,je me VF le meilleur .
797,Daudet/1886_Daudet_la_belle_Nivernaise_N.txt,Les plus chers !,le plus ADJ !
798,Daudet/1886_Daudet_la_belle_Nivernaise_N.txt,"» En attendant , l' élève Maugendre devient un cancre , et les « bulletins trimestriels » constatent impitoyablement sa « turpitude » .",""" en PPRES , le NCs NP devenir un NC , et le "" NC ADJ "" PRES ADV DETPOSS "" NCo "" ."
799,Daudet/1886_Daudet_la_belle_Nivernaise_N.txt,"Lui-même , il a le sentiment de sa sottise .","lui-même , il avoir le NCSENT de DETPOSS NCmod ."
800,Daudet/1886_Daudet_la_belle_Nivernaise_N.txt,Si Clara et les autres pouvaient voir ce qu' on a fait de leur Victor !,si NP et le autre pouvoir VCOG ce que on avoir faire de lui NP !
801,Daudet/1886_Daudet_la_belle_Nivernaise_N.txt,Comme ils viendraient ouvrir toutes grandes les portes de sa prison !,comme il VIMP INF tout ADJ le NCo de DETPOSS NCmod !
802,Daudet/1886_Daudet_la_belle_Nivernaise_N.txt,"Comme ils lui offriraient de bon cœur de partager avec lui leur dernier morceau de pain , leur dernier bout de planche !","comme il lui VCOND de ADJ NC de INF avec lui lui ADJ NCo de NCmod , lui ADJ NC de NCmod !"
803,Daudet/1886_Daudet_la_belle_Nivernaise_N.txt,"Car ils sont malheureux eux aussi , les autres .","car il être ADJ eux aussi , le autre ."
804,Daudet/1886_Daudet_la_belle_Nivernaise_N.txt,Les affaires vont de mal en pis .,le NCs aller de mal en NC .
805,Daudet/1886_Daudet_la_belle_Nivernaise_N.txt,Le bateau est de plus en plus vieux .,le NCs être de plus en plus ADJ .
806,Daudet/1886_Daudet_la_belle_Nivernaise_N.txt,"Victor sait cela par les lettres de Clara , qui lui arrivent de temps en temps marquées d' un « vu » à le crayon rouge , énorme , furieux , grisonné par M. le principal , qui déteste ces « correspondances interlopes » .","NP VCOG cela par le NC de NP , qui lui PRES de temps en temps PPAS de un "" VCOG "" à le NCmod ADJCOL , ADJ , ADJ , PPAS par monsieur le NCmod , qui VSENT ce "" NCo ADJ "" ."
807,Daudet/1886_Daudet_la_belle_Nivernaise_N.txt,« Ah !,""" INTJ !"
808,Daudet/1886_Daudet_la_belle_Nivernaise_N.txt,Quand tu étais là !,quand je être ADVLIEU !
809,Daudet/1886_Daudet_la_belle_Nivernaise_N.txt,"disent les épîtres de Clara , toujours aussi tendres , mais de plus en plus affligées ... Ah !","VDIC le NCo de NP , ADVTEMPS aussi ADJ , mais de plus en plus VSENT ... INTJ !"
810,Daudet/1886_Daudet_la_belle_Nivernaise_N.txt,si tu étais avec nous !,si je être avec nous !
811,Daudet/1886_Daudet_la_belle_Nivernaise_N.txt,"» Ne dirait -on pas , vraiment , que tout allait bien dans ce temps -là , et que tout serait sauvé si Victor revenait ?",""" ne VDIC on pas , ADVINT , que tout aller bien dans ce temps ADVLIEU , et que tout être PPAS si NP VIMP ?"
812,Daudet/1886_Daudet_la_belle_Nivernaise_N.txt,Eh bien !,INTJ bien !
813,Daudet/1886_Daudet_la_belle_Nivernaise_N.txt,Victor sauvera tout .,NP VF tout .
814,Daudet/1886_Daudet_la_belle_Nivernaise_N.txt,"Mais pour cela , il faut devenir un homme .","mais pour cela , il PRES devenir un NC ."
815,Daudet/1886_Daudet_la_belle_Nivernaise_N.txt,Et Victor rouvre les livres à la bonne page .,et NP PRES le NCo à le ADJ NCmod .
816,Daudet/1886_Daudet_la_belle_Nivernaise_N.txt,"À présent , les flèches peuvent voler , le pion peut frapper à tour de bras sur la chaire en lançant sa phrase de perroquet : « Messieurs , un peu de silence !","à NC , le NCs pouvoir INF , le NCs pouvoir frapper à NC de NCCOR sur le NC en PPRES DETPOSS NCo de NCmod : "" NP , un peu de NC !"
817,Daudet/1886_Daudet_la_belle_Nivernaise_N.txt,» Victor ne lève plus le nez .,""" NP ne PRES plus le NCCOR ."
818,Daudet/1886_Daudet_la_belle_Nivernaise_N.txt,« Une lettre pour l' élève Maugendre .,""" un NC pour le NCmod NP ."
819,Daudet/1886_Daudet_la_belle_Nivernaise_N.txt,"» C' est une bénédiction que ce souvenir de Clara qui vient le surprendre en pleine étude , pour l' encourager et lui apporter un parfum de liberté et de tendresse .",""" ce être un NC que ce NCmod de NP qui venir le VSENT en ADJ NC , pour le INF et lui INF un NCo de NCmod et de NCSENT ."
820,Daudet/1886_Daudet_la_belle_Nivernaise_N.txt,"Victor se cache la tête dans son pupitre pour baiser l' adresse zigzagante , péniblement tracée , tremblée , comme si un perpétuel tangage de bateau balançait la table sur laquelle Clara écrit .","NP se PRES le NCCOR dans DETPOSS NCmod pour INF le NCo ADJ , ADV PPAS , PPAS , comme si un ADJ NCs de NCmod VIMP le NCo sur lequel NP PRES ."
821,Daudet/1886_Daudet_la_belle_Nivernaise_N.txt,Hélas !,NP !
822,Daudet/1886_Daudet_la_belle_Nivernaise_N.txt,"ce n' est pas le tangage , c' est l' émotion qui a fait trembler la main de Clara .","ce ne être pas le NC , ce être le NCSENT qui avoir faire INF le NCCOR de NP ."
823,Daudet/1886_Daudet_la_belle_Nivernaise_N.txt,"« C' est fini , mon cher Victor , ne naviguera plus .",""" ce être VASP , DETPOSS NC NP , ne VF plus ."
824,Daudet/1886_Daudet_la_belle_Nivernaise_N.txt,"Elle est bien morte , et , en mourant , elle nous ruine .","il être bien ADJ , et , en PPRES , il nous PRES ."
825,Daudet/1886_Daudet_la_belle_Nivernaise_N.txt,On a suspendu un écriteau noir à l' arrière : BOIS À VENDRE provenant de démolitions .,on avoir PPAS un NCo ADJ à le NC : ADV à NP PPRES de NC .
826,Daudet/1886_Daudet_la_belle_Nivernaise_N.txt,"« De les gens sont venus , qui ont tout estimé , tout numéroté , depuis la gaffe de l' Équipage jusqu' à le berceau où dormait la petite sœur .",""" de le NC être venir , qui avoir tout PPAS , tout NC , depuis le NCmod de le NCmod jusque à le NCmod où VIMP le ADJ NCs ."
827,Daudet/1886_Daudet_la_belle_Nivernaise_N.txt,"Il paraît que l' on va tout vendre , et nous n' avons plus rien .","il paraître que l' on aller tout INF , et nous ne avoir plus rien ."
828,Daudet/1886_Daudet_la_belle_Nivernaise_N.txt,Qu' allons -nous devenir ?,que aller le devenir ?
829,Daudet/1886_Daudet_la_belle_Nivernaise_N.txt,"Maman est capable d' en mourir de chagrin , et papa est si changé ... » Victor n' acheva pas la lettre .","NP être ADJ de en INF de NCSENT , et NCspas être si PPAS ... "" NP ne PRES pas le NCo ."
830,Daudet/1886_Daudet_la_belle_Nivernaise_N.txt,"Les mots dansaient devant ses yeux ; il avait comme un coup de feu sur la face , un bourdonnement dans les oreilles .","le NCs VIMP ADVLIEU DETPOSS NCCOR ; il avoir comme un NC de NCmod sur le NC , un NCo dans le NCCOR ."
831,Daudet/1886_Daudet_la_belle_Nivernaise_N.txt,Ah !,INTJ !
832,Daudet/1886_Daudet_la_belle_Nivernaise_N.txt,"il était loin de l' étude , maintenant .","il être ADVLIEU de le NC , ADVT ."
833,Daudet/1886_Daudet_la_belle_Nivernaise_N.txt,"Épuisé par le travail , le chagrin et la fièvre , il délirait .","PPAS par le NC , le NCSENT et le VSENT , il VIMP ."
834,Daudet/1886_Daudet_la_belle_Nivernaise_N.txt,"Puis , il entendit vaguement un son de cloche .","puis , il VCOG ADV un NCo de NCmod ."
835,Daudet/1886_Daudet_la_belle_Nivernaise_N.txt,"Sans doute , un remorqueur qui passait dans le brouillard ; — puis , ce fut comme un bruit de grandes eaux , et il cria : « La crue !","sans NCSENT , un NC qui VIMP dans le NC ; — puis , ce être comme un NC de ADJ NCmod , et il VDIC : "" le NC !"
836,Daudet/1886_Daudet_la_belle_Nivernaise_N.txt,la crue !,le NC !
837,Daudet/1886_Daudet_la_belle_Nivernaise_N.txt,"» Un frisson le prit , rien qu' à penser l' ombre accumulée sous l' arche de le pont ; et , à le milieu de toutes ces visions , la figure de le pion lui apparut tout près de lui , sous l' abat-jour , hirsute et effarée : « Vous êtes malade , Maugendre ?",""" un NCSENT le prendre , rien que à VCOG le NCo PPAS sous le NC de le NCmod ; et , à le milieu de tout ce NCmod , le NCCOR de le NCmod lui VPS tout ADVLIEU de lui , sous le NC , ADJ et VSENT : "" vous être ADJ , NP ?"
838,Daudet/1886_Daudet_la_belle_Nivernaise_N.txt,» L' élève Maugendre est bien malade .,""" le NCs NP être bien ADJ ."
839,Daudet/1886_Daudet_la_belle_Nivernaise_N.txt,"« Il ne va pas mourir , n' est -ce pas ?",""" il ne aller pas INF , ne être ce pas ?"
840,Daudet/1886_Daudet_la_belle_Nivernaise_N.txt,» On voit bien que M. le docteur n' est pas rassuré .,""" on VCOG bien que monsieur le NC ne être pas VSENT ."
841,Daudet/1886_Daudet_la_belle_Nivernaise_N.txt,Ses cheveux gris ne sont pas rassurés non plus .,DETPOSS NCCOR ADJCOL ne être pas VSENT non plus .
842,Daudet/1886_Daudet_la_belle_Nivernaise_N.txt,"Ils disent « non » mollement , comme s' ils avaient peur de se compromettre .","il VDIC "" non "" ADVMAN , comme si il avoir NCSENT de se INF ."
843,Daudet/1886_Daudet_la_belle_Nivernaise_N.txt,On ne parle plus d' habit vert ni de bicorne .,on ne PRES plus de NC ADJCOL ni de NC .
844,Daudet/1886_Daudet_la_belle_Nivernaise_N.txt,S' il en réchappait !,si il en VIMP !
845,Daudet/1886_Daudet_la_belle_Nivernaise_N.txt,La pensée de perdre l' enfant qu' il vient de retrouver anéantit tous les désirs ambitieux de le père enrichi .,le NCs de INF le NCo que il venir de INF VPS tout le NCSENT ADJ de le NCmod PPAS .
846,Daudet/1886_Daudet_la_belle_Nivernaise_N.txt,"C' est fini , il renonce à son rêve .","ce être VASP , il PRES à DETPOSS NC ."
847,Daudet/1886_Daudet_la_belle_Nivernaise_N.txt,"Mais , à le moins , que l' autre consente à vivre .","mais , à le moins , que le autre PRES à INF ."
848,Daudet/1886_Daudet_la_belle_Nivernaise_N.txt,"Qu' il lui parle , qu' il se lève , qu' il lui jette les bras à le cou , qu' il lui dise : « Console -toi , mon père .","que il lui PRES , que il se PRES , que il lui PRES le NCCOR à le NCCOR , que il lui PRES : "" NC soi , DETPOSS NC ."
849,Daudet/1886_Daudet_la_belle_Nivernaise_N.txt,Je suis guéri .,je être PPAS .
850,Daudet/1886_Daudet_la_belle_Nivernaise_N.txt,» Et le charpentier se pencha sur le lit de Victor .,""" et le NCs se VPS sur le NC de NP ."
851,Daudet/1886_Daudet_la_belle_Nivernaise_N.txt,C' est fini .,ce être ADJ .
852,Daudet/1886_Daudet_la_belle_Nivernaise_N.txt,Le vieil arbre est fendu jusqu' à l' aubier .,le ADJ NCspas être PPAS jusque à le NC .
853,Daudet/1886_Daudet_la_belle_Nivernaise_N.txt,Le cœur de Maugendre est devenu tendre .,le NCs de NP être devenir INF .
854,Daudet/1886_Daudet_la_belle_Nivernaise_N.txt,"« Je te laisserai partir , mon gars .",""" je me laisser INF , DETPOSS NC ."
855,Daudet/1886_Daudet_la_belle_Nivernaise_N.txt,"Tu retourneras avec eux , tu navigueras encore .","je NCo avec eux , je NC encore ."
856,Daudet/1886_Daudet_la_belle_Nivernaise_N.txt,Et ce sera trop bon pour moi de te voir en passant .,et ce être trop ADJ pour soi de me VCOG en PPRES .
857,Daudet/1886_Daudet_la_belle_Nivernaise_N.txt,"» À présent , la cloche ne sonne plus les heures de la récréation , de le réfectoire et de l' étude .",""" à NC , le NCs ne PRES plus le NCT de le NCmod , de le NC et de le NC ."
858,Daudet/1886_Daudet_la_belle_Nivernaise_N.txt,On est en vacances et le grand collège est désert .,on être en NCs et le ADJ NC être ADJ .
859,Daudet/1886_Daudet_la_belle_Nivernaise_N.txt,Pas d' autre bruit que celui de le jet d' eau dans la cour d' honneur et de les moineaux piaillant sur les préaux .,pas de autre NC que celui de le NCmod de NCmod dans le NCmod de NCSENT et de le NC PPRES sur le NC .
860,Daudet/1886_Daudet_la_belle_Nivernaise_N.txt,"Le roulement de les rares voitures arrive lointain et assourdi , car on a mis de la paille dans la rue .","le NCs de le ADJ NCmod PRES ADJ et NC , car on avoir mettre de le NC dans le NC ."
861,Daudet/1886_Daudet_la_belle_Nivernaise_N.txt,C' est à le milieu de ce silence et de cette solitude que l' élève Maugendre revient à lui .,ce être à le milieu de ce NCmod et de ce NC que le NCs NP PRES à lui .
862,Daudet/1886_Daudet_la_belle_Nivernaise_N.txt,Mais de les vois chuchotent autour de lui .,mais de le NCs VDIC ADV de lui .
863,Daudet/1886_Daudet_la_belle_Nivernaise_N.txt,"On dirait , sur le plancher , un bruit de pieds marchant sur la pointe , et même un clabaudement connu : quelque chose comme la promenade d' un manche à balai sur les planches .","on VDIC , sur le NC , un NCo de NCCOR PPRES sur le NC , et même un NC PPAS : quelque chose comme le NCmod de un NCmod à NCmod sur le NCmod ."
864,Daudet/1886_Daudet_la_belle_Nivernaise_N.txt,Victor a déjà entendu cela autrefois .,NP avoir déjà VCOG cela ADVT .
865,Daudet/1886_Daudet_la_belle_Nivernaise_N.txt,Où donc ?,où donc ?
866,Daudet/1886_Daudet_la_belle_Nivernaise_N.txt,Eh !,INTJ !
867,Daudet/1886_Daudet_la_belle_Nivernaise_N.txt,sur le tillac de .,sur le NC de .
868,Daudet/1886_Daudet_la_belle_Nivernaise_N.txt,C' est cela !,ce être cela !
869,Daudet/1886_Daudet_la_belle_Nivernaise_N.txt,C' est bien cela !,ce être bien cela !
870,Daudet/1886_Daudet_la_belle_Nivernaise_N.txt,"Et le malade , réunissant toute sa force , d' une voix faible , qu' il croit bien grosse : « Ohé !","et le NC , PPRES tout DETPOSS NCSENT , de un NCMAN ADJ , que il VCOG bien ADJ : "" NP !"
871,Daudet/1886_Daudet_la_belle_Nivernaise_N.txt,L' Équipage !,le NC !
872,Daudet/1886_Daudet_la_belle_Nivernaise_N.txt,Ohé !,PPAS !
873,Daudet/1886_Daudet_la_belle_Nivernaise_N.txt,"» Les rideaux se tirent , et , dans un éblouissement de lumière , il aperçoit tous les êtres chéris qu' il a tant appelés dans son délire .",""" le NCs se PRES , et , dans un NC de NCmod , il PRES tout le être ADJ que il avoir tant PPAS dans DETPOSS NC ."
874,Daudet/1886_Daudet_la_belle_Nivernaise_N.txt,Tous .,tout .
875,Daudet/1886_Daudet_la_belle_Nivernaise_N.txt,"Oui , tous !","oui , tout !"
876,Daudet/1886_Daudet_la_belle_Nivernaise_N.txt,"Ils sont tous là , Clara , Maugendre , le père Louveau , la mère Louveau , Mimile , la petite sœur , et le vieux héron ébouillanté , maigre comme sa gaffe , qui sourit démesurément de son rire silencieux .","il être tout ADVLIEU , NP , NP , le NC NP , le NC NP , NP , le ADJ NC , et le ADJ NC PPAS , ADJ comme DETPOSS NC , qui VPS ADV de DETPOSS NCMAN ADJ ."
877,Daudet/1886_Daudet_la_belle_Nivernaise_N.txt,"Et tous les bras sont tendus , et toutes les têtes sont penchées , et il y a de les baisers pour tout le monde , de les sourires , de les poignées de main , de les questions .","et tout le NCCOR être PPAS , et tout le NCCOR être PPAS , et il y avoir de le NC pour tout le NC , de le NCMAN , de le NC de NCCOR , de le NC ."
878,Daudet/1886_Daudet_la_belle_Nivernaise_N.txt,« Où suis -je ?,""" où être je ?"
879,Daudet/1886_Daudet_la_belle_Nivernaise_N.txt,— Comment êtes -vous là ?,— comment être vous ADVLIEU ?
880,Daudet/1886_Daudet_la_belle_Nivernaise_N.txt,» Mais les ordres de M. le docteur sont formels .,""" mais le NCs de monsieur le NC être ADJ ."
881,Daudet/1886_Daudet_la_belle_Nivernaise_N.txt,— Les cheveux gris ne plaisantent pas en commandant cela .,— le NCCOR ADJCOL ne PRES pas en NC cela .
882,Daudet/1886_Daudet_la_belle_Nivernaise_N.txt,"— Il faut rentrer les bras sous les couvertures , se taire , ne pas s' exciter .","— il PRES INF le NCCOR sous le NC , se INF , ne pas se VSENT ."
883,Daudet/1886_Daudet_la_belle_Nivernaise_N.txt,"Et , pour empêcher l' enfant de causer , Maugendre parle tout le temps .","et , pour INF le NCo de INF , NP PRES tout le temps ."
884,Daudet/1886_Daudet_la_belle_Nivernaise_N.txt,"« Figure -toi qu' il y a dix jours , — le jour où tu es tombé malade , — je venais justement voir le principal pour lui parler de toi .",""" NCCOR soi que il y avoir NUM NCT , — le NCT où je être NC ADJ , — je PRES ADVMAN VCOG le NCo pour lui INF de soi ."
885,Daudet/1886_Daudet_la_belle_Nivernaise_N.txt,"Il me dit que tu faisais de les progrès , que tu travaillais comme un manœuvre ... Tu juges si j' étais content !","il me VDIC que je faire de le NC , que je VIMP comme un NC ... je PRES si je être ADJ !"
886,Daudet/1886_Daudet_la_belle_Nivernaise_N.txt,Je demande à te voir .,je PRES à me VCOG .
887,Daudet/1886_Daudet_la_belle_Nivernaise_N.txt,"On t' envoie chercher , et , juste , ton pion tombe dans le cabinet de le principal tout effaré .","on le PRES INF , et , ADV , DETPOSS NCs PRES dans le NC de le NCmod tout PPAS ."
888,Daudet/1886_Daudet_la_belle_Nivernaise_N.txt,Tu venais d' avoir un accès de fièvre chaude .,je VIMP de avoir un NCo de VSENT ADJ .
889,Daudet/1886_Daudet_la_belle_Nivernaise_N.txt,Je cours à l' infirmerie ; tu ne me reconnais pas .,je NC à le NCmod ; je ne me VCOG pas .
890,Daudet/1886_Daudet_la_belle_Nivernaise_N.txt,"De les yeux comme de les chandelles , et un délire !","de le NCCOR comme de le NC , et un NC !"
891,Daudet/1886_Daudet_la_belle_Nivernaise_N.txt,Ah !,INTJ !
892,Daudet/1886_Daudet_la_belle_Nivernaise_N.txt,"mon pauvre petit gars , comme tu as été malade !","DETPOSS NC ADJ NCmod , comme je avoir être ADJ !"
893,Daudet/1886_Daudet_la_belle_Nivernaise_N.txt,Je ne t' ai plus quitté d' une minute .,je ne lui avoir plus PPAS de un NCT .
894,Daudet/1886_Daudet_la_belle_Nivernaise_N.txt,"Tu battais la campagne ... Tu parlais de , de Clara , de bateau neuf .","je VIMP le NCo ... je VIMP de , de NP , de NC ADJ ."
895,Daudet/1886_Daudet_la_belle_Nivernaise_N.txt,Est -ce que je sais ?,être ce que je VCOG ?
896,Daudet/1886_Daudet_la_belle_Nivernaise_N.txt,"Alors je me suis rappelé la lettre , la lettre de Clara ; on te l' avait trouvée dans les mains , on me l' avait donnée .","alors je me être PPAS le NCo , le NC de NP ; on me le avoir PPAS dans le NCCOR , on me le avoir PPAS ."
897,Daudet/1886_Daudet_la_belle_Nivernaise_N.txt,"Et , moi , je l' avais oubliée , tu comprends ?","et , soi , je le avoir VCOG , je VCOG ?"
898,Daudet/1886_Daudet_la_belle_Nivernaise_N.txt,"Je la tire de ma poche , je la lis , je me cogne la tête , je me dis : « Maugendre , il ne faut pas que ton chagrin te fasse oublier la peine de les amis .","je le NC de DETPOSS NCmod , je le PRES , je me PRES le NCCOR , je me VDIC : "" INF , il ne PRES pas que DETPOSS NCSENT me faire VCOG le NCSENT de le NCmod ."
899,Daudet/1886_Daudet_la_belle_Nivernaise_N.txt,» J' écris à tous ces gens -là de venir nous retrouver .,""" je PRES à tout ce NC ADVLIEU de venir nous INF ."
900,Daudet/1886_Daudet_la_belle_Nivernaise_N.txt,« Pas de réponse .,""" pas de NC ."
901,Daudet/1886_Daudet_la_belle_Nivernaise_N.txt,"« Je profite d' un jour où tu vas mieux , je vais les chercher , je les amène chez moi où ils habitent , et où ils habiteront jusqu' à ce qu' on ait trouvé moyen d' arranger les affaires .",""" je PRES de un NCT où je ADV mieux , je aller le INF , je le PRES chez soi où il PRES , et où il VF jusque à ce que on avoir PPAS ADJ de INF le NCo ."
902,Daudet/1886_Daudet_la_belle_Nivernaise_N.txt,"Pas vrai , Louveau ?","pas vrai , NP ?"
903,Daudet/1886_Daudet_la_belle_Nivernaise_N.txt,"» Tout le monde a la larme à l' œil , et , ma foi !",""" tout le NCs avoir le NCo à le NCmod , et , DETPOSS NC !"
904,Daudet/1886_Daudet_la_belle_Nivernaise_N.txt,"tant pis pour les cheveux gris de le docteur , les deux bras de Victor sortent de la couverture .","tant PPAS pour le NCCOR ADJCOL de le NC , le NUM NCCOR de NP PRES de le NC ."
905,Daudet/1886_Daudet_la_belle_Nivernaise_N.txt,"Et Maugendre est embrassé comme il ne l' a jamais été , un vrai baiser d' enfant tendre .","et NP être PPAS comme il ne le avoir ADVTEMPS être , un vrai NC de NCmod ADJ ."
906,Daudet/1886_Daudet_la_belle_Nivernaise_N.txt,"Puis , comme il n' est pas possible d' emmener Victor à la maison , on arrange la vie .","puis , comme il ne être pas ADJ de INF NP à le NC , on PRES le NCo ."
907,Daudet/1886_Daudet_la_belle_Nivernaise_N.txt,Clara restera près de le malade pour sucrer ses tisanes et faire la causette .,NP VF ADVLIEU de le NC pour INF DETPOSS NCo et faire le NCo .
908,Daudet/1886_Daudet_la_belle_Nivernaise_N.txt,"La mère Louveau ira tenir la maison , François surveillera une bâtisse que le charpentier a entreprise dans la Grande-Rue .","le NCs NP VF INF le NCo , NP VF un NCo que le NCs PRES PPAS dans le NP ."
909,Daudet/1886_Daudet_la_belle_Nivernaise_N.txt,"Quant à Maugendre , il part pour Clamecy .","quant à NP , il PRES pour NP ."
910,Daudet/1886_Daudet_la_belle_Nivernaise_N.txt,Ces gens -là seront enchantés d' employer un fin marinier comme Louveau .,ce NCspas ADVLIEU être VSENT de INF un NCo ADJ comme NP .
911,Daudet/1886_Daudet_la_belle_Nivernaise_N.txt,Non !,non !
912,Daudet/1886_Daudet_la_belle_Nivernaise_N.txt,non !,non !
913,Daudet/1886_Daudet_la_belle_Nivernaise_N.txt,"pas de récriminations , pas de résistance .","pas de NC , pas de NC ."
914,Daudet/1886_Daudet_la_belle_Nivernaise_N.txt,"C' est une affaire entendue , une chose toute simple .","ce être un NC VCOG , un chose tout ADJ ."
915,Daudet/1886_Daudet_la_belle_Nivernaise_N.txt,"Certes , ce n' est pas Victor qui récrimine .","ADV , ce ne être pas NP qui VDIC ."
916,Daudet/1886_Daudet_la_belle_Nivernaise_N.txt,On le lève maintenant et l' on roule son grand fauteuil contre la fenêtre .,on le PRES ADVT et l' on PRES DETPOSS ADJ NCo contre le NC .
917,Daudet/1886_Daudet_la_belle_Nivernaise_N.txt,Et Victor est ravi .,et NP être VSENT .
918,Daudet/1886_Daudet_la_belle_Nivernaise_N.txt,"« Te souviens -tu , Clara , quand je tenais la barre , et que tu venais t' asseoir auprès de moi , avec ton tricot ?",""" me PRES tu , NP , quand je VIMP le NCo , et que je VIMP lui INF ADV de soi , avec DETPOSS NC ?"
919,Daudet/1886_Daudet_la_belle_Nivernaise_N.txt,"» Clara se souvient si bien qu' elle baisse les yeux , qu' elle rougit , et qu' ils restent tous les deux embarrassés ?",""" NP se PRES si bien que il VSUBP le NCCOR , que il VPS , et que il VSUBP tout le NUM VSENT ?"
920,Daudet/1886_Daudet_la_belle_Nivernaise_N.txt,Car maintenant il n' est plus le petit gars en béret rouge dont les pieds ne touchaient pas le tillac quand il grimpait sur la barre à califourchon .,car ADVT il ne être plus le ADJ NC en NCmod ADJCOL dont le NCCOR ne VIMP pas le NCo quand il VIMP sur le NC à NCmod .
921,Daudet/1886_Daudet_la_belle_Nivernaise_N.txt,"Et , elle , quand elle arrive le matin , et qu' elle ôte son petit châle pour le jeter sur le lit , elle a l' air d' une vraie jeune fille , tant ses bras sont ronds dans ses manches , sa taille élancée .","et , il , quand il PRES le NCT , et que il PRES DETPOSS ADJ NCo pour le NC sur le NCmod , il avoir le NCMAN de un vrai ADJ NCmod , tant DETPOSS NCCOR être ADJ dans DETPOSS NC , DETPOSS NC ADJ ."
922,Daudet/1886_Daudet_la_belle_Nivernaise_N.txt,"« Viens de bonne heure , Clara , et reste le plus tard possible .",""" NP de ADJ NCT , NP , et PRES le plus tard ADJ ."
923,Daudet/1886_Daudet_la_belle_Nivernaise_N.txt,"» Ils se rappellent la petite enfance , les panades mangées à le bord de le lit , avec la même cuillère .",""" il se PRES le ADJ NCo , le NC PPAS à le NC de le NCmod , avec le même NC ."
924,Daudet/1886_Daudet_la_belle_Nivernaise_N.txt,Ah !,INTJ !
925,Daudet/1886_Daudet_la_belle_Nivernaise_N.txt,les souvenirs d' enfance !,le NC de NCmod !
926,Daudet/1886_Daudet_la_belle_Nivernaise_N.txt,Ils voltigent dans l' infirmerie de le collège comme de les oiseaux en volière .,il PRES dans le NC de le NCmod comme de le NC en NCmod .
927,Daudet/1886_Daudet_la_belle_Nivernaise_N.txt,"Sans doute ils font leur nid dans tous les coins de les rideaux car il y en a de nouveaux chaque matin frais éclos , qui prennent leur vol .","sans NCSENT il faire lui NCo dans tout le NC de le NCmod car il y en avoir un ADJ chaque NCT ADJ NCo , qui PRES lui NCo ."
928,Daudet/1886_Daudet_la_belle_Nivernaise_N.txt,"Et vraiment l' on dirait , à entendre ces conversations de le passé , un couple d' octogénaires , ne regardant plus qu' à le loin derrière eux .","et ADVINT l' on VDIC , à VCOG ce NCo de le NCmod , un NC de NCmod , ne VCOG plus que à le ADVLIEU ADVLIEU eux ."
929,Daudet/1886_Daudet_la_belle_Nivernaise_N.txt,"N' y a -t -il donc pas un avenir , qui pourrait bien être intéressant , lui aussi ?","ne y avoir t il donc pas un NCo , qui pouvoir bien être ADJ , lui aussi ?"
930,Daudet/1886_Daudet_la_belle_Nivernaise_N.txt,"Oui , il y a un avenir , et l' on y pense souvent , si l' on n' en parle jamais .","oui , il y avoir un NCo , et l' on y VCOG ADVTEMPS , si l' on ne en PRES ADVTEMPS ."
931,Daudet/1886_Daudet_la_belle_Nivernaise_N.txt,"D' ailleurs , il n' est pas indispensable de faire de les phrases pour causer .","de ADVLIEU , il ne être pas ADJ de faire de le NC pour INF ."
932,Daudet/1886_Daudet_la_belle_Nivernaise_N.txt,Certaine façon de se prendre la main et de rougir à tout propos en dit plus long que la parole .,ADJ façon de se INF le NCCOR et de INF à tout NC en VDIC plus ADV que le NC .
933,Daudet/1886_Daudet_la_belle_Nivernaise_N.txt,Victor et Clara causent dans cette langue -là toute la journée .,NP et NP PRES dans ce NCCOR ADVLIEU tout le NCT .
934,Daudet/1886_Daudet_la_belle_Nivernaise_N.txt,C' est probablement pour cela qu' ils sont souvent silencieux .,ce être ADVINT pour cela que il être ADVTEMPS ADJ .
935,Daudet/1886_Daudet_la_belle_Nivernaise_N.txt,"Et c' est pour cela aussi que les jours passe si vite , que le mois s' écoule à petit bruit sans qu' on l' entende .","et ce être pour cela aussi que le NCT PRES si ADV , que le NCT se PRES à ADJ NC sans que on le PRES ."
936,Daudet/1886_Daudet_la_belle_Nivernaise_N.txt,C' est pour cela que M. le docteur est obligé de hérisser ses cheveux gris et de mettre son malade à la porte de l' infirmerie .,ce être pour cela que monsieur le NC être PPAS de VSENT DETPOSS NCCOR ADJCOL et de mettre DETPOSS NCo à le NC de le NCmod .
937,Daudet/1886_Daudet_la_belle_Nivernaise_N.txt,"Justement , le père Maugendre revient de voyage à cette époque .","ADVMAN , le NCs NP PRES de NC à ce NCmod ."
938,Daudet/1886_Daudet_la_belle_Nivernaise_N.txt,« Eh bien !,""" INTJ bien !"
939,Daudet/1886_Daudet_la_belle_Nivernaise_N.txt,"veut -on de moi , là-bas ?","vouloir on de soi , ADVLIEU ?"
940,Daudet/1886_Daudet_la_belle_Nivernaise_N.txt,... » Maugendre ne peut se tenir de rire .,"... "" NP ne pouvoir se INF de INF ."
941,Daudet/1886_Daudet_la_belle_Nivernaise_N.txt,"« Si on veut de toi , mon vieux !",""" si on vouloir de soi , DETPOSS ADJ !"
942,Daudet/1886_Daudet_la_belle_Nivernaise_N.txt,"... Ils avaient besoin d' un patron pour un nouveau navire , et ils m' ont remercié de le cadeau que je leur faisais .","... il avoir NCo de un NCmod pour un ADJ NCmod , et il lui avoir VDIC de le NC que je lui faire ."
943,Daudet/1886_Daudet_la_belle_Nivernaise_N.txt,» Qui ça « ils » ?,""" qui ça "" il "" ?"
944,Daudet/1886_Daudet_la_belle_Nivernaise_N.txt,Le père Louveau est si enchanté qu' il n' en demande pas davantage .,le NCs ADJ être si VSENT que il ne en PRES pas davantage .
945,Daudet/1886_Daudet_la_belle_Nivernaise_N.txt,"Et tout le monde se met en route pour Clamecy , sans en savoir plus long .","et tout le NCs se mettre en NC pour NP , sans en VCOG plus ADJ ."
946,Daudet/1886_Daudet_la_belle_Nivernaise_N.txt,"Quelle joie , en arrivant à le bord de le canal !","quel NCSENT , en PPRES à le NC de le NCmod !"
947,Daudet/1886_Daudet_la_belle_Nivernaise_N.txt,"Là , à quai , pavoisé de le haut en bas , un magnifique bateau , flambant neuf , dresse son mat verni à le milieu de les verdures .","ADVLIEU , à NCmod , PPAS de le NC en NCmod , un ADJ NCs , PPRES NUM , PRES DETPOSS NCo ADJ à le milieu de le NCmod ."
948,Daudet/1886_Daudet_la_belle_Nivernaise_N.txt,"On lui donne le dernier coup d' astic , et l' étambot , où le nom de l' embarcation est écrit , demeure couvert d' une toile grise .","on lui PRES le ADJ NCo de NCmod , et le NC , où le NCspas de le NCmod être PPAS , PRES ADJ de un NC ADJ ."
949,Daudet/1886_Daudet_la_belle_Nivernaise_N.txt,Un cri sort de toutes les bouches : « Ah !,"un NCs PRES de tout le NCCOR : "" INTJ !"
950,Daudet/1886_Daudet_la_belle_Nivernaise_N.txt,le beau navire !,le ADJ NC !
951,Daudet/1886_Daudet_la_belle_Nivernaise_N.txt,» Louveau n' en croit pas ses yeux .,""" NP ne en VCOG pas DETPOSS NCCOR ."
952,Daudet/1886_Daudet_la_belle_Nivernaise_N.txt,« C' est trop beau !,""" ce être trop ADJ !"
953,Daudet/1886_Daudet_la_belle_Nivernaise_N.txt,Je n' oserai jamais conduire un bateau comme ça .,je ne VCOND ADVTEMPS INF un NCo comme ça .
954,Daudet/1886_Daudet_la_belle_Nivernaise_N.txt,C' est pas fait pour naviguer .,ce être pas faire pour INF .
955,Daudet/1886_Daudet_la_belle_Nivernaise_N.txt,On devrait mettre ça sous globe .,on devoir mettre ça sous NC .
956,Daudet/1886_Daudet_la_belle_Nivernaise_N.txt,» Comment !,""" comment !"
957,Daudet/1886_Daudet_la_belle_Nivernaise_N.txt,L' Équipage lui-même est restauré ?,le NCspas soi-même être PPAS ?
958,Daudet/1886_Daudet_la_belle_Nivernaise_N.txt,"Restauré , radoubé , calfaté à neuf .","PPAS , PPAS , PPAS à NUM ."
959,Daudet/1886_Daudet_la_belle_Nivernaise_N.txt,Voyez plutôt : Le tillac est en bois ciré entouré d' une balustrade .,IMP plutôt : le NCs être en NC PPAS PPAS de un NC .
960,Daudet/1886_Daudet_la_belle_Nivernaise_N.txt,"Il y a un banc pour s' asseoir , une tente pour s' abriter .","il y avoir un NCo pour se INF , un NC pour se INF ."
961,Daudet/1886_Daudet_la_belle_Nivernaise_N.txt,La cale est de taille à porter cargaison double .,le NCs être de NC à INF NCo ADJ .
962,Daudet/1886_Daudet_la_belle_Nivernaise_N.txt,Et la cabine !,et le NC !
963,Daudet/1886_Daudet_la_belle_Nivernaise_N.txt,... oh !,... INTJ !
964,Daudet/1886_Daudet_la_belle_Nivernaise_N.txt,la cabine !,le NC !
965,Daudet/1886_Daudet_la_belle_Nivernaise_N.txt,« Trois chambres !,""" NUM NC !"
966,Daudet/1886_Daudet_la_belle_Nivernaise_N.txt,— Une cuisine !,— un NC !
967,Daudet/1886_Daudet_la_belle_Nivernaise_N.txt,— De les glaces !,— de le NC !
968,Daudet/1886_Daudet_la_belle_Nivernaise_N.txt,» Louveau entraîne Maugendre sur le pont .,""" NP PRES NP sur le NC ."
969,Daudet/1886_Daudet_la_belle_Nivernaise_N.txt,« Mon vieux Maugendre ... — Qu' est -ce qu' il y a ?,""" DETPOSS ADJ NP ... — que être ce que il y avoir ?"
970,Daudet/1886_Daudet_la_belle_Nivernaise_N.txt,— Tu n' as oublié qu' une chose ... — Voyons ?,— je ne avoir VCOG que un chose ... — VCOG ?
971,Daudet/1886_Daudet_la_belle_Nivernaise_N.txt,— Tu ne m' as pas dit pour le compte de qui je naviguerais .,— je ne le avoir pas VDIC pour le NC de qui je VCOND .
972,Daudet/1886_Daudet_la_belle_Nivernaise_N.txt,— Tu veux le savoir ?,— je vouloir le VCOG ?
973,Daudet/1886_Daudet_la_belle_Nivernaise_N.txt,— Bédame !,— NC !
974,Daudet/1886_Daudet_la_belle_Nivernaise_N.txt,— Eh bien !,— INTJ bien !
975,Daudet/1886_Daudet_la_belle_Nivernaise_N.txt,pour ton compte !,pour DETPOSS NC !
976,Daudet/1886_Daudet_la_belle_Nivernaise_N.txt,— Comment ... mais alors ... le bateau .,— comment ... mais alors ... le NC .
977,Daudet/1886_Daudet_la_belle_Nivernaise_N.txt,— Est à toi !,— être à soi !
978,Daudet/1886_Daudet_la_belle_Nivernaise_N.txt,"» Quel coup , mes enfants !",""" quel NC , DETPOSS NC !"
979,Daudet/1886_Daudet_la_belle_Nivernaise_N.txt,Quel abordage en pleine poitrine !,quel NC en ADJ NCmod !
980,Daudet/1886_Daudet_la_belle_Nivernaise_N.txt,"Heureusement que l' entrepreneur , — qui est un homme entendu , — a eu l' idée de mettre un banc sur le pont .","heureusement que le NCs , — qui être un NC VCOG , — avoir avoir le NCo de mettre un NCo sur le NC ."
981,Daudet/1886_Daudet_la_belle_Nivernaise_N.txt,Louveau tombe dessus comme assommé .,NP PRES ADV comme PPAS .
982,Daudet/1886_Daudet_la_belle_Nivernaise_N.txt,« Ce n' est pas possible ... on ne peut pas accepter ... » Mais Maugendre a réponse à tout : « Allons donc ?,""" ce ne être pas ADJ ... on ne pouvoir pas INF ... "" mais NP avoir NCo à tout : "" NP donc ?"
983,Daudet/1886_Daudet_la_belle_Nivernaise_N.txt,"Tu oublies notre vieille dette , les dépenses que tu as faites pour Victor !","je PPAS DETPOSS ADJ NCo , le NC que je avoir faire pour NP !"
984,Daudet/1886_Daudet_la_belle_Nivernaise_N.txt,"Sois tranquille , François ; c' est encore moi qui te dois le plus .","ADV ADJ , NP ; ce être encore soi qui me devoir le plus ."
985,Daudet/1886_Daudet_la_belle_Nivernaise_N.txt,» Et les deux compagnons s' embrassent comme de les frères .,""" et le NUM NCs se PRES comme de le NC ."
986,Daudet/1886_Daudet_la_belle_Nivernaise_N.txt,"Cette fois , ça y est , on a pleuré .","ce fois , ça y être , on avoir PPAS ."
987,Daudet/1886_Daudet_la_belle_Nivernaise_N.txt,"Décidément Maugendre a tout disposé pour que la surprise soit complète , car tandis qu' on s' embrasse sur le pont , voilà M. le curé qui débouche de le bois , bannière à le vent , musique en tête .","NP NP avoir tout PPAS pour que le NCSENT être ADJ , car PHASE que on se PRES sur le NC , voilà monsieur le NC qui PRES de le NC , NC à le NCmod , NC en NCCOR ."
988,Daudet/1886_Daudet_la_belle_Nivernaise_N.txt,Qu' est -ce encore ?,que être ce encore ?
989,Daudet/1886_Daudet_la_belle_Nivernaise_N.txt,"La bénédiction de le bateau , parbleu !","le NC de le NCmod , NC !"
990,Daudet/1886_Daudet_la_belle_Nivernaise_N.txt,Tout Clamecy est venu en procession pour assister à la fête .,tout NP être venir en NC pour INF à le NC .
991,Daudet/1886_Daudet_la_belle_Nivernaise_N.txt,Et la bannière flotte à le vent .,et le NC ADJ à le NCmod .
992,Daudet/1886_Daudet_la_belle_Nivernaise_N.txt,Et la musique joue .,et le NC ADJ .
993,Daudet/1886_Daudet_la_belle_Nivernaise_N.txt,Zim boum-boum !,NP NP !
994,Daudet/1886_Daudet_la_belle_Nivernaise_N.txt,Et les figures sont joyeuses .,et le NCCOR être ADJ .
995,Daudet/1886_Daudet_la_belle_Nivernaise_N.txt,Et il y a sur tout cela un joli soleil qui fait flamber l' argent de la croix et les cuivres de les musiciens .,et il y avoir sur tout cela un ADJ NCo qui faire INF le NCo de le NCmod et le NC de le NCmod .
996,Daudet/1886_Daudet_la_belle_Nivernaise_N.txt,La jolie fête !,le ADJ NC !
997,Daudet/1886_Daudet_la_belle_Nivernaise_N.txt,On vient de découvrir la toile qui masquait l' étambot ; le nom de le bateau se détache en belles lettres d' or sur un fond d' azur : LA NOUVELLE-NIVERNAISE Hurrah !,on venir de VCOG le NCo qui VIMP le NCo ; le NCs de le NCmod se PRES en ADJ NC de NCmod sur un NC de NCmod : le NP NP !
998,Daudet/1886_Daudet_la_belle_Nivernaise_N.txt,pour la Nouvelle-Nivernaise !,pour le NP !
999,Daudet/1886_Daudet_la_belle_Nivernaise_N.txt,Qu' elle ait longue vie comme l' ancienne et plus heureuse vieillesse !,que il avoir ADJ NC comme le ADJ et plus ADJ NC !
1000,Daudet/1886_Daudet_la_belle_Nivernaise_N.txt,"Derrière lui , les chantres et les musiciens sont rangés sur une seule ligne .","ADVLIEU lui , le NCs et le NC être PPAS sur un ADJ NC ."
1001,Daudet/1886_Daudet_la_belle_Nivernaise_N.txt,La bannière fait fond .,le NCs faire NCo .
1002,Daudet/1886_Daudet_la_belle_Nivernaise_N.txt,« Benedicat Deus ... » C' est Victor qui est le parrain et Clara qui est la marraine .,""" NP NP ... "" ce être NP qui être le NC et NP qui être le NC ."
1003,Daudet/1886_Daudet_la_belle_Nivernaise_N.txt,"Ils bredouillent de travers les phrases que l' enfant de chœur leur souffle , tandis que M. le curé secoue le goupillon sur eux : « Benedicat Deus ... » Ne dirait -on pas un jeune couple à l' autel ?","il VDIC de travers le NC que le NC de NCmod lui NC , PHASE que monsieur le NCs PRES le NCo sur eux : "" NP NP ... "" ne VDIC on pas un ADJ NCo à le NCmod ?"
1004,Daudet/1886_Daudet_la_belle_Nivernaise_N.txt,Cette pensée -là vient à tout le monde .,ce NCs ADVLIEU venir à tout le NC .
1005,Daudet/1886_Daudet_la_belle_Nivernaise_N.txt,"Peut-être bien qu' elle leur vient à eux aussi , car ils n' osent pas se regarder et se troublent de plus en plus à mesure que la cérémonie avance .","peut-être bien que il lui venir à eux aussi , car il ne PRES pas se VCOG et se PRES de plus en plus à NC que le NC NCmod ."
1006,Daudet/1886_Daudet_la_belle_Nivernaise_N.txt,C' est fini .,ce être ADJ .
1007,Daudet/1886_Daudet_la_belle_Nivernaise_N.txt,La foule se retire et la Nouvelle-Nivernaise est bénie .,le NCs se PRES et le NP être PPAS .
1008,Daudet/1886_Daudet_la_belle_Nivernaise_N.txt,"Mais on ne peut laisser partir les musiciens comme cela , sans les rafraîchir .","mais on ne pouvoir laisser INF le NCo comme cela , sans le INF ."
1009,Daudet/1886_Daudet_la_belle_Nivernaise_N.txt,"Et , tandis que Louveau verse une rasade à les musiciens , Maugendre cligne de l' œil à la mère Louveau , prend par la main le parrain et la marraine , et se tournant vers M. le curé : « Voilà le baptême fini , monsieur le curé ; à quand le mariage ?","et , PHASE que NP PRES un NCo à le NC , NP PRES de le NC à le NCmod NP , PRES par le NCCOR le NCo et le NC , et se PPRES vers monsieur le NCmod : "" voilà le NCo ADJ , monsieur le NC ; à quand le NC ?"
1010,Daudet/1886_Daudet_la_belle_Nivernaise_N.txt,» Victor et Clara deviennent rouges comme de les coquelicots .,""" NP et NP devenir ADJCOL comme de le NC ."
1011,Daudet/1886_Daudet_la_belle_Nivernaise_N.txt,Mimile et la petite sœur battent de les mains .,NP et le ADJ NC PRES de le NCCOR .
1012,Daudet/1886_Daudet_la_belle_Nivernaise_N.txt,"Et à le milieu de l' enthousiasme général , le père Louveau , très allumé , se penche sur l' épaule de sa fille .","et à le milieu de le NCmod ADJ , le NCs NP , très PPAS , se PRES sur le NCCOR de DETPOSS NCmod ."
1013,Daudet/1886_Daudet_la_belle_Nivernaise_N.txt,"« Dis donc , Clara , v'là le moment ... si nous reportions Victor chez le commissaire ?",""" dis donc , NP , v'là le NCo ... si nous VIMP NP chez le NCmod ?"
