id,titre,phrase,motifs_phrase
1,1885_Adam_Chair-molle_N.txt,"Paul Adam Chair molle Roman naturaliste PREMIÈRE PARTIE I A la gare de Douai , Lucie Thirache était descendue .","NP NP NP ADJ NC ADJ NP NP NUM à le NC de NP , NP NP être PPAS ."
2,1885_Adam_Chair-molle_N.txt,Elle se faufila parmi les commissionnaires chargés de malles et parvint sous la marquise extérieure : les portières d' omnibus béaient à le bord de le trottoir .,il se VPS parmi le NC PPAS de NC et VPS sous le NC ADJ : le NCs de NCmod VIMP à le NC de le NCmod .
3,1885_Adam_Chair-molle_N.txt,"De l' une à l' autre elle allait , indifférente à les boniments de les conducteurs , s' attardant à déchiffrer les enseignes .","de le un à le autre il aller , ADJ à le NC de le NCmod , se PPRES à INF le NCo ."
4,1885_Adam_Chair-molle_N.txt,"L' inscription « Hôtel de Versailles » l' arrêta ; dans sa dernière lettre , la patronne avait désigné cette voiture .","le NC "" NP de NP "" le NC ; dans DETPOSS ADJ NC , le NCs avoir PPAS ce NCo ."
5,1885_Adam_Chair-molle_N.txt,Elle monta .,il VPS .
6,1885_Adam_Chair-molle_N.txt,"Pour lui faire place , un monsieur ramassa sur ses genoux les pans de sa redingote une jeune fille amoncela un châle , de les paquets , plusieurs cartons .","pour lui faire NC , un monsieur VPS sur DETPOSS NCCOR le NCo de DETPOSS NCmod un ADJ NCs VPS un NCo , de le NC , plusieurs NC ."
7,1885_Adam_Chair-molle_N.txt,"Lucie remercia , recueillit un coup de chapeau et un sourire .","NP VDIC , VPS un NCo de NCmod et un NCMAN ."
8,1885_Adam_Chair-molle_N.txt,"Flattée de ces politesses , elle examinait ses compagnons avec sympathie ; par les regards , rapidement , une intimité s' établissait : — Où va Mademoiselle ?","PPAS de ce NC , il VIMP DETPOSS NCo avec NCSENT ; par le NCMAN , ADVMAN , un NCs se VIMP : — où aller NP ?"
9,1885_Adam_Chair-molle_N.txt,interrogea le cocher .,VDIC le INF .
10,1885_Adam_Chair-molle_N.txt,"Elle rougit , par embarras : indiquer l' adresse , sans doute bien connue , de la maison Donard , c' était , devant tous , dénoncer son métier de fille .","il VPS , par NCSENT : INF le NCo , sans NCSENT bien PPAS , de le NC NP , ce être , ADVLIEU tout , INF DETPOSS NCo de NCmod ."
11,1885_Adam_Chair-molle_N.txt,"Muette , elle espéra d' inopinées recommandations qui , données par les autres voyageurs , étoufferaient peut-être sa réponse .","NC , il VCOG un ADJ NCo qui , PPAS par le autre NC , VIMP peut-être DETPOSS NCo ."
12,1885_Adam_Chair-molle_N.txt,Personne ne parla .,personne ne VPS .
13,1885_Adam_Chair-molle_N.txt,Elle dut se décider .,il devoir se INF .
14,1885_Adam_Chair-molle_N.txt,"— 7 , rue Pépin .","— NUM , NC NP ."
15,1885_Adam_Chair-molle_N.txt,Un rire montra les dents gâtées de le cocher .,un NCMAN VPS le NCCOR PPAS de le NCmod .
16,1885_Adam_Chair-molle_N.txt,"Il reclaqua la portière , proclamant à un collègue : — Hé !","il VPS le NCo , PPRES à un NC : — NP !"
17,1885_Adam_Chair-molle_N.txt,"Flachaut , nous nous mettons bien : nous conduisons une nouvelle pour le 7 .","NP , nous nous mettre bien : nous PRES un NCo pour le NUM ."
18,1885_Adam_Chair-molle_N.txt,"Avec un bruit étourdisseur de vitres dansant en leurs , châssis , l' omnibus cahota par la ville .","avec un NC ADJ de NCmod PPRES en DETPOSS , NC , le NCs VPS par le NC ."
19,1885_Adam_Chair-molle_N.txt,Le monsieur avait mis un binocle .,le monsieur avoir mettre un NCo .
20,1885_Adam_Chair-molle_N.txt,"Partout , il scrutait Lucie , dans une étude insolente de sa toilette et de ses gestes .","ADV , il VIMP NP , dans un NC ADJ de DETPOSS NCmod et de DETPOSS NC ."
21,1885_Adam_Chair-molle_N.txt,"Sous ce regard la fille , détourna la tête .","sous ce NCMAN le NCs , VPS le NCCOR ."
22,1885_Adam_Chair-molle_N.txt,"Par le vasistas elle fixait les yeux sur une place caillouteuse , vers un kiosque à musique militaire , renfermant de les chaises en piles .","par le NC il VIMP le NCCOR sur un NCmod ADJ , vers un NC à NCmod ADJ , PPRES de le NC en NCmod ."
23,1885_Adam_Chair-molle_N.txt,"Elle songea : Ainsi on la méprisait , tout de suite , sitôt sa condition décélée et , pourtant , elle n' était pas encore à le bordel !","il VPS : ainsi on le VSENT , tout de NC , PRES DETPOSS NCo PPAS et , pourtant , il ne être pas encore à le NC !"
24,1885_Adam_Chair-molle_N.txt,"Que serait -ce quand elle en porterait la livrée , ces hardes voyantes qu' elle imaginait bleues , rouges , vertes , très décolletées ; et , si on lui donnait de les peignoirs de gazé , ils lui siéraient parfaitement , car elle avait la peau fort blanche .","que être ce quand il en VCOND le NCo , ce ADJ NC que il VCOG ADJCOL , ADJCOL , ADJCOL , très PPAS ; et , si on lui VIMP de le NC de NCmod , il lui VIMP ADVINT , car il avoir le NCCOR fort ADJCOL ."
25,1885_Adam_Chair-molle_N.txt,"Elle s' oublia en une minutieuse analyse de ses beautés corporelles et , ayant pensé à les costumes qui lui conviendraient le mieux , les magasins l' intéressèrent .","il se VCOG en un ADJ NC de DETPOSS NCmod ADJ et , avoir VCOG à le NC qui lui VIMP le mieux , le NCs le VSENT ."
26,1885_Adam_Chair-molle_N.txt,"Puis elle se mit à considérer les passants ; de les dames marchandant à le seuil de les boutiques , de les hommes graves , portant sous le bras de les serviettes en cuir .","puis il se mettre à INF le NCo ; de le NC PPRES à le NC de le NCmod , de le NC ADJ , PPRES sous le NCCOR de le NCmod en NCmod ."
27,1885_Adam_Chair-molle_N.txt,"En elle-même , furent critiquées leurs allures , impitoyablement .","en elle-même , être VDIC DETPOSS NCMAN , ADVMAN ."
28,1885_Adam_Chair-molle_N.txt,"À les rampes de les balcons , de les jeunes gens s' étayaient , fumant .","à le NC de le NCmod , de le ADJ NCs se VIMP , PPRES ."
29,1885_Adam_Chair-molle_N.txt,"L' idée qu' ils seraient ses clients ramena la fille à l' appréhension de son nouveau métier , la fit se désoler encore , se reprocher , ainsi qu' une faute , l' instant de distraction qu' elle venait de prendre .","le NC que il être DETPOSS NCs VPS le NCo à le NCSENT de DETPOSS ADJ NCmod , le faire se VSENT encore , se INF , ainsi que un NC , le NC de NCSENT que il venir de INF ."
30,1885_Adam_Chair-molle_N.txt,"Cependant , il lui était bien permis s' éjouir un peu ; bientôt , elle allait être prisonnière pour un long temps .","cependant , il lui être bien permettre se INF un peu ; bientôt , il aller être NC pour un ADJ temps ."
31,1885_Adam_Chair-molle_N.txt,"Le monsieur s' était approché : il se serrait à elle , érotique .","le monsieur se être PPAS : il se VCOND à il , ADJ ."
32,1885_Adam_Chair-molle_N.txt,"Lucie se recula , mimant une moue froissée .","NP se VPS , PPRES un NCo VSENT ."
33,1885_Adam_Chair-molle_N.txt,"Vraiment il la dégoûtait , cet homme ; il n' était même pas convenable , devant le monde !","ADVINT il le VSENT , ce NC ; il ne être même pas ADJ , ADVLIEU le NC !"
34,1885_Adam_Chair-molle_N.txt,"Sévèrement , elle le toisa ; mais la mine enflammée de le vieux mâle lui parut très grotesque , et elle dut se tourner à le carreau , afin qu' il ne la vit pas s' égayer : pour un empire , elle n' aurait voulu l' encourager !","ADVMAN , il le VPS ; mais le NCs VSENT de le ADJ NCmod lui paraître très ADJ , et il devoir se INF à le NC , ADV que il ne le PRES pas se VSENT : pour un NC , il ne avoir vouloir le NCo !"
35,1885_Adam_Chair-molle_N.txt,"Bon plus tard , ce manège -là ; quand elle y serait contrainte !","NP plus tard , ce NC ADVLIEU ; quand il y être PPAS !"
36,1885_Adam_Chair-molle_N.txt,"Devant elle un bâtiment s' élevait , à les sombres murailles de pierres anciennes , à la tour munie d' un cadran et flanquée de clochetons .","ADVLIEU il un NCs se VIMP , à le ADJ NC de NCmod ADJ , à le NC PPAS de un NC et PPAS de NC ."
37,1885_Adam_Chair-molle_N.txt,"Probablement , c' était l' hôtel de ville .","ADVINT , ce être le NC de NCmod ."
38,1885_Adam_Chair-molle_N.txt,Il en existait un pareil à Saint-Quentin .,il en VIMP un NCo à NP .
39,1885_Adam_Chair-molle_N.txt,Et le bureau de police devait s' y trouver aussi .,et le NCs de NCmod devoir se y INF aussi .
40,1885_Adam_Chair-molle_N.txt,"On y porterait ses papiers demain ; pour que , définitivement , on la classât .","on y VCOND DETPOSS NCo ADVT ; pour que , ADV , on le NC ."
41,1885_Adam_Chair-molle_N.txt,Quel avilissement !,quel NC !
42,1885_Adam_Chair-molle_N.txt,L' omnibus doubla péniblement l' angle d' une rue .,le NCs VPS ADV le NCo de un NCmod .
43,1885_Adam_Chair-molle_N.txt,"Un instant , la fille passa par de les alternatives de crainte et de satisfaction triomphante , selon que la voiture semblait retenue en une dépression de le pavage ou qu' elle parvenait à en sortir .","un NC , le NCs VPS par de le NC de NCSENT et de NCSENT ADJ , selon que le NCs sembler PPAS en un NC de le NCmod ou que il VIMP à en INF ."
44,1885_Adam_Chair-molle_N.txt,"Quand les chevaux eurent repris le trot , elle s' était résignée à son sort : Bah !","quand le NCs avoir PPAS le NCo , il se être PPAS à DETPOSS NC : NP !"
45,1885_Adam_Chair-molle_N.txt,elle n' était pas la première ; il y avait bien d' autres filles de maison !,il ne être pas le ADJ ; il y avoir bien un autre NC de NCmod !
46,1885_Adam_Chair-molle_N.txt,"Et puis , la placeuse lui avait fait un grand éloge de l' établissement Donard .","et puis , le NCs lui avoir faire un ADJ NCo de le NCmod NP ."
47,1885_Adam_Chair-molle_N.txt,Pourquoi se croire autrement bâtie que les autres ?,pourquoi se VCOG ADVINT PPAS que le autre ?
48,1885_Adam_Chair-molle_N.txt,"Le beau malheur , mener une joyeuse vie de noce , être caressée , boire et manger d' excellentes choses !","le ADJ NC , INF un ADJ NCo de NCmod , être PPAS , INF et INF un ADJ chose !"
49,1885_Adam_Chair-molle_N.txt,Elle aimait beaucoup le champagne ; peut-être en boirait -elle chaque soir !,il VSENT beaucoup le NCo ; peut-être en NC il chaque NCT !
50,1885_Adam_Chair-molle_N.txt,Le véhicule stationnait .,le NCs VIMP .
51,1885_Adam_Chair-molle_N.txt,"Le monsieur se leva , poussant la jeune fille devant lui .","le monsieur se VPS , PPRES le ADJ NCo ADVLIEU lui ."
52,1885_Adam_Chair-molle_N.txt,"Il voulut l' empêcher de sourire à Lucie , et lui-même marcha sur le pied de la fille sans même dire pardon !","il vouloir le INF de INF à NP , et soi-même VPS sur le NCCOR de le NCmod sans même VDIC NCo !"
53,1885_Adam_Chair-molle_N.txt,"Dans la rue une porte s' était ouverte , une dame s' était avancée ; elle reçut la demoiselle dans ses bras .","dans le NC un NCs se être PPAS , un NCs se être PPAS ; il VPS le NCo dans DETPOSS NCCOR ."
54,1885_Adam_Chair-molle_N.txt,Toutes deux disparurent dans le couloir de marbre .,tout deux VPS dans le NC de NCmod .
55,1885_Adam_Chair-molle_N.txt,"Quand on eut déchargé les malles , le monsieur , resté à la porte , lança une dernière œillade .","quand on avoir PPAS le NCo , le monsieur , PPAS à le NC , VPS un ADJ NCo ."
56,1885_Adam_Chair-molle_N.txt,"Lucie haussa les épaules , attristée .","NP VPS le NCCOR , VSENT ."
57,1885_Adam_Chair-molle_N.txt,"On allait la traiter ainsi , tous .","on aller le INF ainsi , tout ."
58,1885_Adam_Chair-molle_N.txt,Cette jeune fille avait une grande chance d' être riche !,ce ADJ NCs avoir un ADJ NCo de être ADJ !
59,1885_Adam_Chair-molle_N.txt,Elle ne subirait jamais les mépris .,il ne VCOND ADVTEMPS le NCo .
60,1885_Adam_Chair-molle_N.txt,"À le fond , elle ne valait pas mieux qu' elle , certainement , mais elle n' avait pas consumé son enfance et sa jeunesse dans les ateliers de couture , courbée en deux , tout le jour , sur les étoffes puant le neuf , torturée par les crampes d' estomac , désirant avec passion , comme le seul plaisir gratuit , les amourettes de le soir ; elle n' avait pas connu le rapide entraînement de les amourettes à les amours sérieuses , à les collages qui vous donnent le goût de les amusements et l' inhabitude de le travail ; puis les tromperies , les débauches , la dèche invincible et pour finir le bordel !","à le NC , il ne VIMP pas mieux que il , ADVINT , mais il ne avoir pas PPAS DETPOSS NCo et DETPOSS NC dans le NC de NCmod , PPAS en NUM , tout le NCT , sur le NC PPRES le NCo , PPAS par le NC de NCCOR , VSENT avec NCSENT , comme le ADJ NCSENT ADJ , le NCo de le NCT ; il ne avoir pas PPAS le ADJ NCo de le NCmod à le NCSENT ADJ , à le NC qui vous PRES le NCo de le NCSENT et le NC de le NCmod ; puis le NC , le NC , le NC ADJ et pour VASP le NCo !"
61,1885_Adam_Chair-molle_N.txt,Voilà la vie quand on n' a pas le sou !,voilà le NCo quand on ne avoir pas le NCo !
62,1885_Adam_Chair-molle_N.txt,Elle soupira .,il VF .
63,1885_Adam_Chair-molle_N.txt,Elle ne voulut plus penser à ces choses : c' était trop révoltant .,il ne vouloir plus VCOG à ce chose : ce être trop ADJ .
64,1885_Adam_Chair-molle_N.txt,"En vue , une place gisait qui lui parut immense : à le seuil d' un café , de les officiers bottés , le monocle à l' œil , le képi bouffant , faisaient sauter un lévrier au-dessus d' une courte canne de cheval .","en NC , un NCs VIMP qui lui paraître ADJ : à le NC de un NCmod , de le NCmod VSENT , le NC à le NCmod , le NC ADJ , faire INF un NCo ADVLIEU de un NC ADJ de NCmod ."
65,1885_Adam_Chair-molle_N.txt,De les jeunes gens parlaient très haut et agitaient de les cigares dans l' air .,de le ADJ NCs VIMP très ADJ et VIMP de le NC dans le NCMAN .
66,1885_Adam_Chair-molle_N.txt,Encore de les clients ceux -là !,encore de le NC celui ADVLIEU !
67,1885_Adam_Chair-molle_N.txt,pensa -t -elle .,VCOG t il .
68,1885_Adam_Chair-molle_N.txt,"L' omnibus avait enfilé de les rues désertes , était arrivé à un terrain vague où seulement , par intervalles , de les bornes blanches apparaissaient , fichées en terre .","le NCs avoir PPAS de le NC ADJ , être PPAS à un NC ADJ où seulement , par NC , de le NCs ADJCOL VIMP , PPAS en NC ."
69,1885_Adam_Chair-molle_N.txt,"Plus loin le rempart tout couvert d' herbes rousses , d' arbres dépouillés , qui résillaient de leurs branches nues un ciel grisâtre .","plus ADVLIEU le NC tout ADJ un NCmod ADJ , de NC ADJ , qui VIMP de DETPOSS NC PPAS un NCo ADJ ."
70,1885_Adam_Chair-molle_N.txt,Lucie eut une seconde d' inquiétude : le cocher se trompait -il ?,NP avoir un NCT de NCSENT : le NCs se VIMP il ?
71,1885_Adam_Chair-molle_N.txt,"La mènerait -il à la campagne , par hasard ?","le VCOND il à le NC , par NC ?"
72,1885_Adam_Chair-molle_N.txt,"Elle allait frapper à la vitre pour l' interroger , mais un brusque cahot fit sursauter la fille , et la voiture demeura immobile .","il aller frapper à le NC pour le VDIC , mais un ADJ NC faire INF le NCo , et le NCs VPS ADJ ."
73,1885_Adam_Chair-molle_N.txt,"Par la portière ouverte , la face rieuse de le cocher renseigna : — Voilà la rue Pépin .","par le NC ADJ , le NCs ADJ de le NCmod VPS : — voilà le NCo NP ."
74,1885_Adam_Chair-molle_N.txt,"Lucie sentit son estomac se serrer , une grande lourdeur peser en sa tête : — Comment ?","NP sentir DETPOSS NCCOR se INF , un ADJ NC INF en DETPOSS NCCOR : — comment ?"
75,1885_Adam_Chair-molle_N.txt,Déjà ?,déjà ?
76,1885_Adam_Chair-molle_N.txt,Cependant elle suivit le geste et regarda .,cependant il VPS le NCo et VCOG .
77,1885_Adam_Chair-molle_N.txt,"La rue descendait tortueuse , très étroite .","le NCs VIMP ADJ , très ADJ ."
78,1885_Adam_Chair-molle_N.txt,"Les maisons avaient tous leurs volets fermés en de les façades sans ornements ; les réverbères en saillie au-dessus de les portes paraissaient s' allonger jusqu' à les murs leur faisant face , hautes murailles noircies où pendaient tristement de les lianes sans verdure .","le NCs avoir tout DETPOSS NC PPAS en de le NC sans NCmod ; le NCs en PRES ADVLIEU de le NC VIMP se INF jusque à le NC lui faire NCo , ADJ NC ADJ où VIMP ADV de le NC sans NCmod ."
79,1885_Adam_Chair-molle_N.txt,"Et , de le ciel , Lucie ne vit rien qu' une mince bande grise enserrée entre les toitures adverses , très rapprochées .","et , de le NC , NP ne PRES rien que un NC ADJ ADJ PPAS entre le NC ADJ , très PPAS ."
80,1885_Adam_Chair-molle_N.txt,"— L' omnibus n' aurait jamais pu entrer là-dedans , alors j' ai été forcé d' arrêter .","— le NCs ne avoir ADVTEMPS pouvoir INF NCo , alors je avoir être PPAS de INF ."
81,1885_Adam_Chair-molle_N.txt,"De le reste , le 7 , il est tout près .","de le NC , le NUM , il être tout ADVLIEU ."
82,1885_Adam_Chair-molle_N.txt,"Il se voit bien , hein !","il se VCOG bien , ADJ !"
83,1885_Adam_Chair-molle_N.txt,le numéro ?,le NC ?
84,1885_Adam_Chair-molle_N.txt,"A nouveau , l' homme eut une joie bruyante .","à ADJ , le NCs avoir un NCSENT ADJ ."
85,1885_Adam_Chair-molle_N.txt,Il avait empoigné la valise et marchait à côté de la fille .,il avoir PPAS le NCo et VIMP à NC de le NC .
86,1885_Adam_Chair-molle_N.txt,"Elle avait gardé un sourire , ne voulant pas laisser deviner son chagrin qui eût semblé ridicule ; il lui était même interdit de faire paraître un dégoût ; et , cependant , une folle terreur l' avait prise , une envie de se sauver , de fuir .","il avoir PPAS un NCMAN , ne vouloir pas laisser VCOG DETPOSS NCSENT qui avoir sembler ADJ ; il lui être même PPAS de faire paraître un NCSENT ; et , cependant , un ADJ NCSENT le avoir PPAS , un NC de se INF , de INF ."
87,1885_Adam_Chair-molle_N.txt,"On la poussa de le coude , on la fit arrêter : — C' est ici .","on le VPS de le NCCOR , on le faire INF : — ce être ADVLIEU ."
88,1885_Adam_Chair-molle_N.txt,"Les persiennes de le rez-de-chaussée cuirassées de tôle , l' huis bronzé garni de gros clous et d' un guichet grillé , la lanterne à les vitres rouges , enmaillées d' un filet de fer , donnaient à la maison l' air morne d' une geôle ; mais au-dessus de la porte , à la corniche , un écu d' azur offrait un énorme 7 tout en or , une réclame de joie , une impudente enseigne .","le NCs de le NCmod PPAS de NCmod , le NC ADJ ADJ de ADJ NCmod et de un NC PPAS , le NC à le NCmod ADJCOL , PPAS de un NC de NCmod , VIMP à le NC le NCMAN ADJ de un NCmod ; mais ADVLIEU de le NCs , à le NC , un NC de NCmod VIMP un NCo NUM tout en NC , un NC de NCSENT , un ADJ NC ."
89,1885_Adam_Chair-molle_N.txt,"Le cocher ayant sonné , le guichet glissa ; deux yeux luirent derrière le grillage ; puis , après un « Ah bien !","le NCs avoir PPAS , le NCo NP ; NUM NCCOR VPS ADVLIEU le NC ; puis , PHASE un "" NP bien !"
90,1885_Adam_Chair-molle_N.txt,"» de reconnaissance , un bruit de doubles tours et de verrous tirés , le lourd battant tourna sur ses gonds .",""" de NC , un NC de ADJ NCmod et de NC ADJ , le ADJ NCs VPS sur DETPOSS NC ."
91,1885_Adam_Chair-molle_N.txt,"Une forte fille de la campagne , les épaules carrées , la voix dure , glapit : « C' est vous la nouvelle ?","un fort NC de le NCmod , le NCCOR ADJ , le NCMAN ADJ , NC : "" ce être vous le NC ?"
92,1885_Adam_Chair-molle_N.txt,C' est bien ; je vais chercher Madame .,ce être bien ; je aller INF madame .
93,1885_Adam_Chair-molle_N.txt,"» Lucie restait atterrée d' une telle brusquerie , d' une si outrageante indifférence .",""" NP VIMP VSENT de un tel NC , de un si ADJ VSENT ."
94,1885_Adam_Chair-molle_N.txt,Oh !,INTJ !
95,1885_Adam_Chair-molle_N.txt,"certainement , si ses jambes ne tremblaient pas ainsi , elle s' en irait bien loin , loin de cette prison où elle venait , stupide fille , s' enfermer volontairement .","ADVINT , si DETPOSS NCCOR ne VIMP pas ainsi , il se en aller bien ADVLIEU , ADVLIEU de ce NC où il venir , ADJ NCo , se INF ADV ."
96,1885_Adam_Chair-molle_N.txt,Comme on allait la traiter !,comme on aller le INF !
97,1885_Adam_Chair-molle_N.txt,"que de grossièretés , que de tortures peut-être !","que de NC , que de NC peut-être !"
98,1885_Adam_Chair-molle_N.txt,A un bruit venu de l' intérieur elle leva la tête : le couloir de le 7 lui apparut superbe .,à un NC venir de le NC il VPS le NCCOR : le NCs de le NUM lui VPS ADJ .
99,1885_Adam_Chair-molle_N.txt,"D' abord ce fut le parquet , une mosaïque de marbre noir et rose , brillante , reflétant les objets ; de le milieu , une grille se dressait toute couverte d' argent ; un feuillage d' or enserrait les barreaux d' une étreinte resplendissante , et la fille émerveillée voyait ce feuillage s' appliquer partout , enlacer les torsades qui cadraient les panneaux , s' enrouler à les supports de les globes à gaz , piquer de taches étincelantes les ornements de le plafond .","de NC ce être le NC , un NC de NCmod ADJ et ADJCOL , ADJ , PPRES le NCo ; de le milieu , un NCs se VIMP tout NCo de NCmod ; un NCs de NCmod VIMP le NCo de un NCmod ADJ , et le NCs VSENT VCOG ce NCo se INF ADV , INF le NCo qui VIMP le NCo , se INF à le NC de le NCmod à NCmod , INF un NC ADJ le NCo de le NCmod ."
100,1885_Adam_Chair-molle_N.txt,"À le bout , sur un vitrage où de les fleurs étaient peintes , de les points d' or scintillaient aussi .","à le NC , sur un NCmod où de le NCs être ADJ , de le NC de NCmod VIMP aussi ."
101,1885_Adam_Chair-molle_N.txt,"Et les murs roses , et le plafond de couleur havane , et le parquet où se mirait la grille , tout semblait disparaître sous une couche rayonnante de poussière dorée .","et le NC ADJCOL , et le NC de NCmod ADJ , et le NC où se VIMP le NCs , tout sembler INF sous un NC ADJ de NCmod ADJCOL ."
102,1885_Adam_Chair-molle_N.txt,Ce spectacle charma Lucie Thirache .,ce NCs VPS NP NP .
103,1885_Adam_Chair-molle_N.txt,À le moins elle était tombée en une maison fréquentée par de les gens riches et propres : ça se voyait tout de suite .,à le moins il être PPAS en un NC PPAS par un le NC ADJ et ADJ : ça se VCOG tout de NC .
104,1885_Adam_Chair-molle_N.txt,"Et , au-delà de le vitrage , dans les salles , ce devait être plus magnifique encore .","et , ADV de le NC , dans le NC , ce devoir être plus ADJ encore ."
105,1885_Adam_Chair-molle_N.txt,"Elle aurait bien voulu voir , mais la grille empêchait d' entrer .","il avoir bien vouloir VCOG , mais le NCs VIMP de INF ."
106,1885_Adam_Chair-molle_N.txt,"Son désespoir reprit la fille ; elle se vit captive derrière cet infranchissable obstacle , enchaînée pour le plaisir de les autres .","DETPOSS NCSENT VPS le NCo ; il se PRES ADJ ADVLIEU ce ADJ NC , PPAS pour le NCSENT de le autre ."
107,1885_Adam_Chair-molle_N.txt,Le vitrage fut poussé .,le NCspas être PPAS .
108,1885_Adam_Chair-molle_N.txt,"Une femme parut , toute vêtue de soie noire , l' air très digne , les doigts pleins de bagues .","un NCs paraître , tout PPAS de NC ADJ , le NCMAN très ADJ , le NCCOR ADJ de NCmod ."
109,1885_Adam_Chair-molle_N.txt,"Un aspect intimidant de dame « bien » — Bonjour , mon enfant , soyez la bienvenue ; entrez donc !","un NC ADJ de NCmod "" bien "" — INTJ , DETPOSS NCs , être le NCo ; IMP donc !"
110,1885_Adam_Chair-molle_N.txt,La fille murmura une salutation .,le NCs VDIC un NCo .
111,1885_Adam_Chair-molle_N.txt,"Troublée , elle fouillait dans les plis de sa jupe et cherchait son porte-monnaie ; mais la patronne l' arrêta : — Laissez , laissez , ma chère ; maintenant que vous êtes de la maison , tous ces petits détails me regardent .","VSENT , il VIMP dans le NC de DETPOSS NCmod et VIMP DETPOSS NCo ; mais le NCs le VPS : — laisser , laisser , DETPOSS NC ; ADVT que vous être de le NC , tout ce ADJ NCs me VCOG ."
112,1885_Adam_Chair-molle_N.txt,"A tant d' affabilité , Lucie Thirache ne répondit pas .","à tant de NCSENT , NP NP ne VDIC pas ."
113,1885_Adam_Chair-molle_N.txt,Elle prit un air revêche : ce n' était pas avec de l' hypocrisie qu' on l' enjôlerait .,il VPS un NCMAN NC : ce ne être pas avec de le NC que on le VSENT .
114,1885_Adam_Chair-molle_N.txt,"Derrière Madame , elle monta , avec d' impatientantes glissades sur le rebord de les marches garnies de cuivre .","ADVLIEU madame , il VPS , avec un ADJ NC sur le NCmod de le NCmod PPAS de NC ."
115,1885_Adam_Chair-molle_N.txt,"En haut de l' escalier , s' affilait un couloir sombre de les teintes d' acajou colorant les boiseries .","en NC de le NC , se VIMP un NCs ADJ de le NCmod de NCmod PPRES le NCo ."
116,1885_Adam_Chair-molle_N.txt,"Lucie dut marcher à tâtons , jusqu' à le moment où Madame , ayant ouvert une porte , un flot de rayons lumineux s' échappa .","NP devoir INF à NC , jusque à le NCmod où madame , avoir PPAS un NCo , un NC de NCmod ADJ se VPS ."
117,1885_Adam_Chair-molle_N.txt,"La chambre était très claire , avec de les rideaux jaunes , une tapisserie presque blanche .","le NCs être très ADJ , avec de le NC ADJCOL , un NC presque ADJCOL ."
118,1885_Adam_Chair-molle_N.txt,— C' est ici que vous demeurerez .,— ce être ADVLIEU que vous VF .
119,1885_Adam_Chair-molle_N.txt,Est -ce que cet e pièce vous va ?,être ce que ce ADJ NCs vous aller ?
120,1885_Adam_Chair-molle_N.txt,"— Mais oui , Madame , bouda Lucie , certaine que si tout cela lui eût déplu , on n' y eût rien changé .","— mais oui , madame , NC NP , ADJ que si tout cela lui avoir PPAS , on ne y avoir rien PPAS ."
121,1885_Adam_Chair-molle_N.txt,"— Celle qui était ici , avant vous , c' était une Boulonnaise , elle nous a quittés , dans un coup de tête , et vit maintenant avec un commis-voyageur qui la bat .","— celui qui être ADVLIEU , PHASE vous , ce être un NP , il nous avoir PPAS , dans un NC de NCCOR , et PRES ADVT avec un NC qui le PRES ."
122,1885_Adam_Chair-molle_N.txt,"Tenez , voici ce qu' elle a laissé .","NP , voici ce que il avoir laisser ."
123,1885_Adam_Chair-molle_N.txt,"La patronne s' avança vers la cheminée et montra une poupée en costume de matelote , empalée sous les jupons par un pied de bois .","le NCs se VPS vers le NC et VPS un NCo en NCmod de NCmod , PPAS sous le NC par un NCCOR de NCmod ."
124,1885_Adam_Chair-molle_N.txt,"Comme Lucie se taisait , sans un apitoiement pour les calamités d' autrui , Madame continua : — Si ça ne vous fait rien , on vous appellera Nina , comme la Boulonnaise , parce qu' il y en a déjà une qui s' appelle Lucie ; alors vous comprenez ... — Oui , oui , madame .","comme NP se VIMP , sans un NCSENT pour le NCmod de autrui , madame VPS : — si ça ne vous faire rien , on vous VF NP , comme le NP , parce que il y en avoir déjà un qui se PRES NP ; alors vous VCOG ... — oui , oui , madame ."
125,1885_Adam_Chair-molle_N.txt,"Sans doute , la Donard avait l' habitude d' essuyer de pareilles humeurs , car elle reprit , avec une assurance qui agaça : — Ma chère Nina , je crois que vous serez contente de la maison ; Marianne ne reçoit que de les gens très convenables ... A propos , a -t -elle monté votre valise ?","sans NCSENT , le NP avoir le NCo de INF un pareil NC , car il VPS , avec un NCSENT qui VPS : — DETPOSS NC NP , je VCOG que vous être NCo de le NCmod ; NP ne PRES que de le NC très ADJ ... A VDIC , avoir t il PPAS DETPOSS NCo ?"
126,1885_Adam_Chair-molle_N.txt,"Ah oui , la voici ... Avec votre jolie tournure , vous ne serez pas longtemps sans amasser une petite fortune .","INTJ oui , le NC ... avec DETPOSS ADJ NC , vous ne être pas longtemps sans INF un ADJ NCo ."
127,1885_Adam_Chair-molle_N.txt,"Alors , il vous sera facile de devenir propriétaire de les effets qu' a laissés l' autre , et que je vous céderai pour un prix convenable .","alors , il vous être ADJ de devenir NC de le NCmod que avoir laisser le autre , et que je vous VF pour un NC ADJ ."
128,1885_Adam_Chair-molle_N.txt,"Nous prendrons cela peu à peu , sur vos gains .","nous VF cela peu à peu , sur DETPOSS NC ."
129,1885_Adam_Chair-molle_N.txt,"Ceci dit , Madame , avec un empressement satisfait , ouvrit l' armoire à glace , exposa sur le lit tout un chatoiement d' étoffes voyantes et soyeuses , dont elle énuméra les qualités .","ceci VDIC , madame , avec un NC ADJ , PRES le NCo à NCmod , VPS sur le NC tout un NCo de NCmod ADJ et ADJ , dont il VPS le NCo ."
130,1885_Adam_Chair-molle_N.txt,"— Maintenant je vous quitte , vous allez choisir parmi ces costumes et , quand le timbre sonnera , vous descendrez .","— ADVT je vous ADJ , vous aller INF parmi ce NC et , quand le NCs VF , vous VF ."
131,1885_Adam_Chair-molle_N.txt,Marianne vous conduira .,NP vous VF .
132,1885_Adam_Chair-molle_N.txt,À le revoir Nina .,à le VCOG NP .
133,1885_Adam_Chair-molle_N.txt,"— À le revoir , Madame .","— à le VCOG , madame ."
134,1885_Adam_Chair-molle_N.txt,"Cette mielleuse prolixité laissa Lucie Thirache froide , chagrinée , honteuse d' elle-même .","ce ADJ NCs VPS NP NP ADJ , VSENT , NC de elle-même ."
135,1885_Adam_Chair-molle_N.txt,"On lui imposait un nom , une livrée ; on l' accomoderait , on la ficellerait à le goût de les pratiques , comme une chose sans volonté .","on lui VIMP un NCo , un NC ; on le VCOND , on le VCOND à le NC de le NCmod , comme un chose sans NCmod ."
136,1885_Adam_Chair-molle_N.txt,"Désormais son devoir était plaire , plaire à tous , sans répit .","désormais DETPOSS devoir être INF , INF à tout , sans NC ."
137,1885_Adam_Chair-molle_N.txt,Elle voulut s' assurer si elle parviendrait sans trop d' efforts à s' acquitter de cette tâche .,il vouloir se INF si il VCOND sans trop de NC à se INF de ce NC .
138,1885_Adam_Chair-molle_N.txt,"L' armoire à glace était placée entre les deux fenêtres , la fille s' y étudia longuement .","le NCspas à NCmod être PPAS entre le NUM NC , le NCs se y VPS ADV ."
139,1885_Adam_Chair-molle_N.txt,"De les cheveux châtains , frisés très bas sur le front , ramenés en touffes épaisses devant les oreilles , où pendent de grands anneaux d' argent ; en ce cadre , une figure à les joues pleines toutes blanchies de veloutine , de les lèvres courtes et charnues vernissées de rouge vif laissant voir la blancheur mate de les dents larges et hautes , de les yeux couleur de bronze s' enfonçant en de les orbites bistrées ; les paupières brunies avec art , sont piquées de cils longs et espacés , et , entre elles , le nez droit , mince , à les narines mouvantes .","de le NCCOR ADJCOL , PPAS très ADJ sur le NCCOR , PPAS en NC ADJ ADVLIEU le NCCOR , où PRES un ADJ NCs de NCmod ; en ce NC , un NCCOR à le NCCOR ADJ tout ADJ de NCmod , de le NCCOR ADJ et ADJ PPAS de ADJCOL ADJ laisser VCOG le NCo ADJ de le NCCOR ADJ et ADJ , de le NCCOR NC de NCmod se PPRES en un le NC ADJ ; le NCCOR ADJ avec NCmod , être PPAS de NCCOR ADJ et NC , et , entre il , le NCCOR ADJ , ADJ , à le NCCOR ADJ ."
140,1885_Adam_Chair-molle_N.txt,"Son corps moulé en un costume bleu offrit à Lucie l' ample saillie de la poitrine , très haute , puis une taille svelte assise sur de les hanches peu développées et ces hanches s' amincissaient en deux longues jambes , montées sur de les pieds petits et cambrés .","DETPOSS NCCOR PPAS en un NC ADJCOL VPS à NP le ADJ NCo de le NCmod , très ADJ , puis un NC ADJ PPAS sur de le NCCOR peu PPAS et ce NCCOR se VIMP en NUM ADJ NCCOR , PPAS sur un le NCCOR ADJ et NC ."
141,1885_Adam_Chair-molle_N.txt,"Sans flatterie , elle était charmante et pouvait se l' avouer .","sans NCSENT , il être ADJ et pouvoir se le VDIC ."
142,1885_Adam_Chair-molle_N.txt,"Dire qu' il allait falloir , vendre tout cela !","VDIC que il aller INF , INF tout cela !"
143,1885_Adam_Chair-molle_N.txt,"À le moins , ils en auraient pour leur argent , les hommes !","à le moins , il en avoir pour lui NC , le NCo !"
144,1885_Adam_Chair-molle_N.txt,"Et c' était là , à le milieu de ces meubles , qu' elle détaillerait son amour à tout venant .","et ce être ADVLIEU , à le milieu de ce NCmod , que il VCOND DETPOSS NCSENT à tout venir ."
145,1885_Adam_Chair-molle_N.txt,"La chambre avait un aspect bourgeois avec sa tapisserie grise à desseins bleuâtres , sa cheminée de marbre veiné .","le NCs avoir un NCo ADJ avec DETPOSS NC ADJ à NCmod ADJCOL , DETPOSS NC de NCmod PPAS ."
146,1885_Adam_Chair-molle_N.txt,"Sous globes , une pendule dorée à cadran de faïence , de les flambeaux .","sous NCmod , un NC ADJ à NCmod de NCmod , de le NCmod ."
147,1885_Adam_Chair-molle_N.txt,"Entre la cheminée et la fenêtre , la toilette ouverte montrait son miroir placé trop bas , une large cuvette pleine d' eau où baignait un pot de forme élancée .","entre le NC et le NC , le NCs ADJ VIMP DETPOSS NCo PPAS trop ADJ , un ADJ NC ADJ de NCmod où VIMP un NCs de NCmod PPAS ."
148,1885_Adam_Chair-molle_N.txt,"Le divan , les chaises étaient dépareillés , avaient de les blancheurs d' usure à les coins de les étoffes tendues depuis longtemps .","le NC , le NCspas être PPAS , avoir de le NC de NCmod à le NC de le NCmod ADJ depuis longtemps ."
149,1885_Adam_Chair-molle_N.txt,"Partout s' étalaient les mailles d' un ouvrage à le crochet ; elles envahissaient les sièges , s' attachaient à le tapis de la table et chargeaient l' abat-jour de la lampe .","ADV se VIMP le NCs de un NCmod à le NCmod ; il VIMP le NCo , se VIMP à le NC de le NCmod et VIMP le NCo de le NCmod ."
150,1885_Adam_Chair-molle_N.txt,Cela donnait à la pièce un cachet purement féminin que Lucie ne se rappelait avoir vu nulle part ailleurs .,cela VIMP à le NC un NCo ADVMAN ADJ que NP ne se VIMP avoir VCOG ADJ NC ADVLIEU .
151,1885_Adam_Chair-molle_N.txt,"Et , en un moment , tous les garnis visités par elle , défilèrent en sa mémoire , parés de leurs mobiliers banaux , de leurs secrétaires servant à enfermer de les litres de liqueur ; garnis d' officiers , à les corniches d' alcôves décorées de sabres en croix ; garnis d' employés , à les guéridons couverts de paperasses calligraphiées ; garnis de filles , à les commodes supportant de les statuettes de plâtre rose ; et , parmi ces derniers , celui de Marthe , une ancienne amie , la hanta surtout .","et , en un NC , tout le NCs PPAS par il , VPS en DETPOSS NC , PPAS de DETPOSS NC ADJ , de DETPOSS NCmod PPRES à INF de le NC de NCmod ; PPAS de NC , à le NC de NCmod ADJ de NCmod en NCmod ; PPAS de NC , à le NCmod ADJ de NCmod ADJ ; PPAS de NC , à le NCmod PPRES de le NC de NCmod ADJCOL ; et , parmi ce NCmod , celui de NP , un ADJ NC , le NC surtout ."
152,1885_Adam_Chair-molle_N.txt,"Y avait -elle passé de les après-midi , autour de la table ronde , devant les verres pleins de café !","y avoir il PPAS de le NCT , ADV de le NC ADJ , ADVLIEU le NC ADJ de NCmod !"
153,1885_Adam_Chair-molle_N.txt,"Il se narrait de les tromperies , de bons tours joués à les amants .","il se VCOND de le NC , un ADJ NC PPAS à le NC ."
154,1885_Adam_Chair-molle_N.txt,"Là , elle avait appris les prétendues farces de Léon , son premier amour .","ADVLIEU , il avoir VCOG le ADJ NCo de NP , DETPOSS ADJ NCSENT ."
155,1885_Adam_Chair-molle_N.txt,"De stupides cancans , de les calomnies sans doute !","un ADJ NC , de le NCmod sans NCSENT !"
156,1885_Adam_Chair-molle_N.txt,"Les autres femmes enviaient leur bonheur , et , pour le détruire , elles n' avaient négligé aucun moyen .","le autre NCs VIMP lui NCSENT , et , pour le INF , il ne avoir PPAS aucun NCo ."
157,1885_Adam_Chair-molle_N.txt,"Elle , idiote , sans comprendre ce manège , avait suivi leurs conseils , succombé bêtement avec l' intime de Léon , un soir que cet homme lui contait de les histoires érotiques .","il , NC , sans VCOG ce NCo , avoir PPAS DETPOSS NCo , PPAS ADVMAN avec le NC de NP , un NCT que ce NCs lui VIMP de le NC ADJ ."
158,1885_Adam_Chair-molle_N.txt,"Un de ces récits , dont elle avait gardé la souvenance , la ramena à penser à les pratiques de la volupté .","un de ce NCmod , dont il avoir PPAS le NCo , le VPS à VCOG à le NC de le NCmod ."
159,1885_Adam_Chair-molle_N.txt,Elle regarda le lit .,il VCOG le NCo .
160,1885_Adam_Chair-molle_N.txt,Que de vilaines besognes elle allait être contrainte à accomplir !,que de NC ADJ il aller être PPAS à INF !
161,1885_Adam_Chair-molle_N.txt,"Il était en noyer , luisant de vernis , haussé par l' entassement de les édredons et de les couvertures , presque caché sous d' amples rideaux jaunes , frangés de rouge .","il être en NC , PPRES de NC , PPAS par le NC de le NCmod et de le NC , presque PPAS sous un ADJ NC ADJCOL , PPAS de ADJCOL ."
162,1885_Adam_Chair-molle_N.txt,Rien n' évoquait l' idée de raffinements bizarres .,rien ne VIMP le NCo de NCmod ADJ .
163,1885_Adam_Chair-molle_N.txt,"De même , ailleurs , nul objet , nulle gravure obscènes .","de même , ADVLIEU , nul NC , ADJ NC ADJ ."
164,1885_Adam_Chair-molle_N.txt,"Tout cela semblait attendre , dans la discrète clarté se filtrant à travers les persiennes closes , une jeune fille très pure , prête à faire sa prière de le soir , avant le sommeil .","tout cela sembler INF , dans le ADJ NC se PPRES à travers le NC ADJ , un ADJ NC très ADJ , ADJ à faire DETPOSS NCo de le NCT , PHASE le NC ."
165,1885_Adam_Chair-molle_N.txt,"À le mur , de les lithographies étaient appendues .","à le NC , de le NCspas être PPAS ."
166,1885_Adam_Chair-molle_N.txt,"Lucie les voulut voir de plus près , résolue à connaître toutes les infamies .","NP le vouloir VCOG de plus ADVLIEU , PRES à INF tout le NCo ."
167,1885_Adam_Chair-molle_N.txt,Ce fut une heureuse déception : l' une représentait un berger et une bergère causant sous un arbre ; en l' autre étaient dessinés de les costumes de ballet .,ce être un ADJ NCSENT : le un VIMP un NC et un NC PPRES sous un NC ; en le autre être PPAS de le NC de NCmod .
168,1885_Adam_Chair-molle_N.txt,"Longtemps elle contempla les jambes arrondies de les ballerines , leurs sourires gracieux , leurs yeux en coulisses .","longtemps il VPS le NCCOR ADJ de le NCmod , DETPOSS NCMAN ADJ , DETPOSS NCCOR en NCmod ."
169,1885_Adam_Chair-molle_N.txt,"La vue de ce tableau lui rappela les bals champêtres où elle s' amusait tant autrefois , les jours de chômage .","le NCs de ce NCmod lui VPS le ADJ NCo où il se VSENT tant ADVT , le NCT de NCmod ."
170,1885_Adam_Chair-molle_N.txt,"Elle revit la cour d' auberge , plantée d' arbres mal venus , ceinte , de gloriettes où , toutes en sueur , les fillettes buvaient de les sirops entre les quadrilles .","il VPS le NCo de NCmod , PPAS de NC mal venir , NC , de NC où , tout en NC , le NCs VIMP de le NC entre le NCmod ."
171,1885_Adam_Chair-molle_N.txt,"Elle eut une reminiscence de les airs de valse , un souvenir de ses premières amourettes , une vision de ses danseurs préférés qui l' embrassaient dans l' oreille pendant les polkas .","il avoir un NCo de le NCMAN de NCmod , un NC de DETPOSS ADJ NCmod , un NC de DETPOSS NCmod ADJ qui le VIMP dans le NCCOR PHASE le NC ."
172,1885_Adam_Chair-molle_N.txt,"Et elle fredonna , tout en cherchant à se représenter les figures de ses valseurs .","et il VPS , tout en PPRES à se INF le NCCOR de DETPOSS NCmod ."
173,1885_Adam_Chair-molle_N.txt,Puis elle s' exaspéra ; le souvenir d' un couplet de les Cloches de Corneville était perdu .,puis il se VF ; le NCspas de un NCmod de le NP de NP être PPAS .
174,1885_Adam_Chair-molle_N.txt,"Elle sursurra longtemps , espérant se rappeler par l' enchaînement de le récitatif , les paroles oubliées .","il VF longtemps , VCOG se INF par le NC de le NCmod , le NCo PPAS ."
175,1885_Adam_Chair-molle_N.txt,"Elle n' y put parvenir ; et , soudain , d' autres airs lui vinrent en la mémoire , une polka de Farbach jouée lorsqu' elle dansa , pour la première fois , avec Léon .","il ne y pouvoir INF ; et , soudain , un autre NCMAN lui venir en le NC , un NCo de NP PPAS lorsque il VPS , pour le ADJ fois , avec NP ."
176,1885_Adam_Chair-molle_N.txt,L' image de Léon s' empara de sa pensée .,le NCs de NP se VPS de DETPOSS NC .
177,1885_Adam_Chair-molle_N.txt,"Elle le revit beau , jeune , aimable .","il le PRES ADJ , ADJ , ADJ ."
178,1885_Adam_Chair-molle_N.txt,"Il lui sembla entendre encore sa voix douce , exempte de l' horrible accent de le pays .","il lui sembler VCOG encore DETPOSS NCMAN ADJ , NC de le ADJ NCmod de le NCmod ."
179,1885_Adam_Chair-molle_N.txt,"Les paroles de l' éphèbe avaient chanté à ses oreilles avec de les inflexions si tendres qu' elle ne s' expliquait plus , à présent , sa résistance trop prolongée .","le NCs de le NCmod avoir PPAS à DETPOSS NCCOR avec de le NCmod si ADJ que il ne se VDIC plus , à NC , DETPOSS NCo trop PPAS ."
180,1885_Adam_Chair-molle_N.txt,"Enfin elle l' avait aimé et , avec lui , avait éprouvé le suprême plaisir de se sentir caressée , embrassée , serrée éperdûment .","PHASE il le avoir VSENT et , avec lui , avoir VSENT le ADJ NCSENT de se sentir PPAS , PPAS , PPAS ADV ."
181,1885_Adam_Chair-molle_N.txt,Quelles ivresses alors !,quel NCSENT alors !
182,1885_Adam_Chair-molle_N.txt,"Lucie Thirache se perdit en de les rêveries enchantées , revécut sa vie d' amour .","NP NP se VPS en de le NCmod VSENT , VPS DETPOSS NCo de NCSENT ."
183,1885_Adam_Chair-molle_N.txt,Ses lèvres s' étaient entr' ouvertes .,DETPOSS NCCOR se être entr' ADV .
184,1885_Adam_Chair-molle_N.txt,"Assise sur le divan , la tête renversée à le dossier , elle regardait le plafond , les yeux noyés , dans une extase .","PPAS sur le NC , le NCCOR PPAS à le NC , il VCOG le NCo , le NCCOR ADJ , dans un NCSENT ."
185,1885_Adam_Chair-molle_N.txt,"Mais quand elle eut épuisé la série de les souvenirs joyeux , une tristesse la reprit .","mais quand il avoir PPAS le NCo de le NCmod ADJ , un NCSENT le VPS ."
186,1885_Adam_Chair-molle_N.txt,"A sa faute , à la rupture avec son amant , à la vie de noce dont elle avait ardée , pour s' étourdir , elle songea , avec de les désespoirs .","à DETPOSS NC , à le NCmod avec DETPOSS NCmod , à le NCmod de NCmod dont il avoir PPAS , pour se VSENT , il VPS , avec de le NCSENT ."
187,1885_Adam_Chair-molle_N.txt,"Et ses yeux s' étant rencontrés à la lithographie de le ballet , elle revit encore le bal , mais un autre celui-là ; ignoble , presque lugubre .","et DETPOSS NCCOR se être PPAS à le NC de le NCmod , il VPS encore le NCo , mais un autre celui-là ; ADJ , presque ADJ ."
188,1885_Adam_Chair-molle_N.txt,"Elle y allait , lorsque son père ayant appris son inconduite , l' eut chassée de chez lui .","il y aller , lorsque DETPOSS NCs avoir VCOG DETPOSS NCo , le avoir PPAS de chez lui ."
189,1885_Adam_Chair-molle_N.txt,"Abandonnée de ceux qui l' avaient perdue et rendue inhabile à le travail par un éreintement morbide , elle recherchait pour s' entretenir les amours de hasard .","PPAS de celui qui le avoir PPAS et PPAS ADJ à le NC par un NC ADJ , il VIMP pour se INF le NCSENT de NCmod ."
190,1885_Adam_Chair-molle_N.txt,"En un bastringue , dont les murs badigeonnés gardaient la trace brune de les doigts sales , parmi les filles en cheveux , à les mains rouges , les sous-officiers à la dégaine de souteneurs , elle tournoyait , collée à de jeunes riches en goguette , pour obtenir le paiement de sa chambre , de son manger et de ses toilettes .","en un NC , dont le NCs ADJ VIMP le NCo ADJ de le NCCOR ADJ , parmi le NC en NCCOR , à le NCCOR ADJCOL , le NCo à le NCmod de NCmod , il VIMP , PPAS à un ADJ NC en NCmod , pour INF le NCo de DETPOSS NCmod , de DETPOSS NC et de DETPOSS NC ."
191,1885_Adam_Chair-molle_N.txt,Cette existence était vraiment trop pénible et non moins déshonorante que celle de le lupanar .,ce NCs être ADVINT trop ADJ et non moins ADJ que celui de le NCmod .
192,1885_Adam_Chair-molle_N.txt,"À le moins , elle gagnait un abri et son pain assuré .","à le moins , il VIMP un NCo et DETPOSS NC PPAS ."
193,1885_Adam_Chair-molle_N.txt,De le pain pour sa chair !,de le NC pour DETPOSS NCCOR !
194,1885_Adam_Chair-molle_N.txt,"Elle allait se vendre à qui voudrait d' elle , sans distinction .","il aller se INF à qui vouloir de il , sans NC ."
195,1885_Adam_Chair-molle_N.txt,"Désormais ce sera à de les amours d' une minute , à de les aspirations bestiales qu' elle devra satisfaire .","ADV ce être à de le NCSENT de un NCT , à un le NCmod ADJ que il devoir VSENT ."
196,1885_Adam_Chair-molle_N.txt,"Il faudra singer les caresses tendres prodiguées autrefois à l' homme aimé , ressusciter par le mensonge une passion éteinte .","il VF INF le NCo ADJ PPAS ADVT à le NC VSENT , ressusciter par le NC un NCSENT ADJ ."
197,1885_Adam_Chair-molle_N.txt,Lucie Thirache se complaisait à imaginer toutes les vilenies qu' elle allait endurer .,NP NP se VIMP à VCOG tout le NCo que il aller INF .
198,1885_Adam_Chair-molle_N.txt,"Elle s' injuriait elle-même , et de les larmes brûlantes coulèrent sur ses joues , s' arrêtant à les rondeurs de le visage jusqu' à ce qu' elles fussent assez lourdes pour aller mouiller les mains croisées dans les jupes .","il se VDIC elle-même , et de le NC ADJ VPS sur DETPOSS NC , se PPRES à le NC de le NCCOR jusque à ce que il PRES ADV ADJ pour aller INF le NCCOR PPAS dans le NC ."
199,1885_Adam_Chair-molle_N.txt,"Elle restait assise sur le divan , les yeux ronds , fixés obstinément sur la poupée boulonnaise , lorsque le timbre sonna et la voix forte , de Marianne appela : « Toutes ces dames à le salon !","il VIMP NCo sur le NCmod , le NCCOR ADJ , PPAS ADV sur le NC ADJ , lorsque le NC NP et le NCMAN fort , de NP appela : "" tout ce NC à le NCmod !"
200,1885_Adam_Chair-molle_N.txt,» II L' entrée de Lucie à le grand salon provoqua un tumulte .,""" NUM le NCs de NP à le ADJ NCmod VPS un NCo ."
201,1885_Adam_Chair-molle_N.txt,"Elle se vit entourée , pressée , enlacée .","il se PRES PPAS , PPAS , PPAS ."
202,1885_Adam_Chair-molle_N.txt,"De les faces barbues la frôlèrent , de les baisers claquèrent sur ses épaules nues ; de les mains saillissaient vers elle de l' évasement de les manchettes blanches .","de le NC ADJ le VPS , de le NCmod VPS sur DETPOSS NCCOR ADJ ; de le NCCOR VIMP vers il de le NCmod de le NCmod ADJCOL ."
203,1885_Adam_Chair-molle_N.txt,"Elle , interdite , n' osait avancer .","il , PPAS , ne VIMP INF ."
204,1885_Adam_Chair-molle_N.txt,"Une terreur dégoûtée l' avait prise à le contact de ces mâles en rut et , de les bras , elle écartait les embrassades , répétant : — Allons , laissez -moi , voyons , vous allez me chiffonner .","un NCSENT VSENT le avoir PPAS à le NC de ce NCmod en NCmod et , de le NCCOR , il VIMP le NCo , PPRES : — NC , laisser soi , NC , vous aller me VSENT ."
205,1885_Adam_Chair-molle_N.txt,On s' écarta .,on se VPS .
206,1885_Adam_Chair-molle_N.txt,— Oh !,— INTJ !
207,1885_Adam_Chair-molle_N.txt,Fais voir cette belle robe ?,faire VCOG ce ADJ NCo ?
208,1885_Adam_Chair-molle_N.txt,— Mince de chic !,— NC de NCmod !
209,1885_Adam_Chair-molle_N.txt,Mais est -elle méchante !,mais être il ADJ !
210,1885_Adam_Chair-molle_N.txt,"— C' est bien madame , on vous laisse !","— ce être bien madame , on vous laisser !"
211,1885_Adam_Chair-molle_N.txt,"— Encore une , sur le ventre de qui il en passera !","— encore un , sur le NCCOR de qui il en VF !"
212,1885_Adam_Chair-molle_N.txt,"Elle , haussa les épaules , affichant un grand mépris pour ces observations !","il , VPS le NCCOR , PPRES un ADJ NCo pour ce NC !"
213,1885_Adam_Chair-molle_N.txt,"et alla s' asseoir en un fauteuil , murmurant : « En v'là de les imbéciles !","et aller se INF en un NC , PPRES : "" en v'là de le NCmod !"
214,1885_Adam_Chair-molle_N.txt,"» Elle rajustait et flattait les plis de son jupon jaune , les volants de dentelle noire .",""" il VIMP et VSENT le NCo de DETPOSS NCmod ADJCOL , le NC de NCmod ADJ ."
215,1885_Adam_Chair-molle_N.txt,"À les agaceries d' un jeune homme , assis près d' elle , elle ne daigna d' abord répondre .","à le NC de un ADJ NCmod , PPAS ADVLIEU de il , il ne VPS de NC VDIC ."
216,1885_Adam_Chair-molle_N.txt,"Mais , ayant trouvé insupportables ses questions sans cesse renouvelées , elle le renseigna rageusement : — Je m' appelle Nina , là .","mais , avoir PPAS ADJ DETPOSS NCo sans NCmod PPAS , il le VPS ADVMAN : — je se PRES NP , ADVLIEU ."
217,1885_Adam_Chair-molle_N.txt,Etes-vous content maintenant ?,Etes-le PRES ADVT ?
218,1885_Adam_Chair-molle_N.txt,— Comme tu es méchante !,— comme je être ADJ !
219,1885_Adam_Chair-molle_N.txt,"Satisfaite d' épancher sa fureur et ses dégoûts , elle s' emporta : — C' est vrai ça , aussi , si c' est pas bête de se lancer comme ça sur une femme pour lui éreinter toutes ses affaires !","NC de INF DETPOSS NCo et DETPOSS NCSENT , il se VPS : — ce être vrai ça , aussi , si ce être pas ADJ de se INF comme ça sur un NC pour lui INF tout DETPOSS NCo !"
220,1885_Adam_Chair-molle_N.txt,"— Allons , tu es folle de te fâcher comme ça ; c' est parce qu' on te trouve gentille , autrement on ne t' aurait rien dit ; il faut bien s' amuser !","— NP , je être ADJ de me VSENT comme ça ; ce être parce que on me PRES NCo , ADVINT on ne le avoir rien VDIC ; il PRES bien se VSENT !"
221,1885_Adam_Chair-molle_N.txt,— Oh !,— INTJ !
222,1885_Adam_Chair-molle_N.txt,oui .,oui .
223,1885_Adam_Chair-molle_N.txt,Ça ne prend pas .,ça ne PRES pas .
224,1885_Adam_Chair-molle_N.txt,"— Mais je t' assure , tu es charmante , en Espagnole , avec une belle poitrine , dans un beau corsage rouge et de les beaux bras bien blancs .","— mais je lui PRES , je être ADJ , en NP , avec un ADJ NC , dans un ADJ NC ADJCOL et de le ADJ NCCOR bien ADJCOL ."
225,1885_Adam_Chair-molle_N.txt,"Allons , laisse ta robe tranquille , il n' y a rien de le tout .","NP , laisser ta NC ADJ , il ne y avoir rien de le tout ."
226,1885_Adam_Chair-molle_N.txt,"— Avec ça , regardez donc dans le bas , c' est tout décousu .","— avec ça , VCOG donc dans le NC , ce être tout PPAS ."
227,1885_Adam_Chair-molle_N.txt,"— Attends , je vais te l' arranger ; j' ai toujours eu de les dispositions pour être couturière .","— Attends , je aller me le INF ; je avoir ADVTEMPS avoir de le NC pour être NC ."
228,1885_Adam_Chair-molle_N.txt,Il s' agenouilla et se mit à lisser les dentelles en exagérant une mimique burlesque .,il se VPS et se mettre à INF le NCo en PPRES un NCo ADJ .
229,1885_Adam_Chair-molle_N.txt,"Éjouie malgré elle de cette plaisanterie , Lucie frappa l' homme sur le crâne à coups d' éventail .","PPAS malgré il de ce NC , NP frapper le NCo sur le NCmod à NCmod de NCmod ."
230,1885_Adam_Chair-molle_N.txt,Une grande sympathie venait à la fille pour celui qui l' adulait .,un ADJ NCSENT venir à le NC pour celui qui le VSENT .
231,1885_Adam_Chair-molle_N.txt,"Il n' était pas mal de le tout : un grand garçon bien bâti , avec de les cheveux blonds coupés ras sur une peau blanche , de les yeux bleus , une barbe frisée , jugée très fine quand il l' avait embrassée .","il ne être pas mal de le tout : un ADJ NC bien PPAS , avec de le NCCOR ADJCOL PPAS ADJ sur un NCCOR ADJCOL , de le NCCOR ADJCOL , un NCCOR PPAS , PPAS très ADJ quand il le avoir PPAS ."
232,1885_Adam_Chair-molle_N.txt,"Elle eut un mouvement de dépit lorsqu' il s' en fut demander à une autre femme , « sa chère Laurence , » de chanter à le piano .","il avoir un NCo de NCSENT lorsque il se en être INF à un autre NC , "" DETPOSS NCo NP , "" de INF à le NC ."
233,1885_Adam_Chair-molle_N.txt,"On fit cercle autour de l' instrument , et Lucie abandonnée , fut envahie d' une navrance découragée .","on faire NCo ADV de le NC , et NP PPAS , être PPAS de un NC VSENT ."
234,1885_Adam_Chair-molle_N.txt,"Ses prévisions ne l' avaient pas trompée ; ils étaient bien répugnants ces hommes avec leurs sales désirs , qu' ils ne cachaient pas ; jamais elle ne pourrait coucher avec eux .","DETPOSS NCs ne le avoir pas PPAS ; il être bien ADJ ce NC avec DETPOSS ADJ NCmod , que il ne VIMP pas ; ADVTEMPS il ne pouvoir INF avec eux ."
235,1885_Adam_Chair-molle_N.txt,"Un seul avait semblé avoir pour elle une délicate compassion ; et il la laissait là , sans un égard .","un ADJ avoir sembler avoir pour il un ADJ NCSENT ; et il le laisser ADVLIEU , sans un NC ."
236,1885_Adam_Chair-molle_N.txt,"Certes , elle ne resterait pas dans cette maison ; à la première occasion elle s' échapperait ... Tout à l' heure , en descendant , elle était fermement résolue ; mais la grille , devant laquelle veillait Marianne , entravait toute tentative de faite .","ADV , il ne VCOND pas dans ce NC ; à le ADJ NC il se VCOND ... tout à le NCT , en PPRES , il être ADVMAN PPAS ; mais le NCs , ADVLIEU lequel VIMP NP , VIMP tout NCo de PPAS ."
237,1885_Adam_Chair-molle_N.txt,"Il était fort beau tout de même ce couloir , avec sa grille argentée , ses panneaux lisses et la lumière étrange qui tombait de ses globes rouges .","il être fort ADJ tout de même ce NC , avec DETPOSS NC PPAS , DETPOSS NC ADJ et le NC ADJ qui VIMP de DETPOSS NC ADJCOL ."
238,1885_Adam_Chair-molle_N.txt,Le salon n' avait pas l' air aussi riche .,le NCs ne avoir pas le NCMAN aussi ADJ .
239,1885_Adam_Chair-molle_N.txt,"Elle suivait de les yeux sur les meubles , sur le tapis de le guéridon , sur les rideaux , les côtes d' un reps vert à rayures brunes .","il VIMP de le NCCOR sur le NCmod , sur le NC de le NCmod , sur le NC , le NCo de un NCmod ADJCOL à NCmod ADJCOL ."
240,1885_Adam_Chair-molle_N.txt,"À le mur était adaptée une tapisserie verdâtre , presque cachée sous d' immenses glaces , encadrées d' or .","à le NC être PPAS un NCs ADJCOL , presque PPAS sous un ADJ NC , PPAS de NC ."
241,1885_Adam_Chair-molle_N.txt,"Et Lucie aperçut , reflétés , la cheminée de marbre noir , la pendule , les deux bergers de bronze soutenant les candélabres , et tout à fait à le coin de le cadre , la , troupe de les hommes embleuis de fumée , entourant la robe claire de Laurence .","et NP ADJ , PPAS , le NC de NCmod ADJ , le NC , le NUM NC de NCmod PPRES le NCo , et tout à NC à le NC de le NCmod , le , NC de le NCmod PPAS de NC , PPRES le NCo ADJ de NP ."
242,1885_Adam_Chair-molle_N.txt,— Hein ?,— NP ?
243,1885_Adam_Chair-molle_N.txt,ce n' est pas amusant cette musique ?,ce ne être pas ADJ ce NC ?
244,1885_Adam_Chair-molle_N.txt,"Une petite femme , à le corps grêle enfoui en une chemise de soie , la figure chiffonnée , couronnée de cheveux jaunes , s' assit et répéta sa question .","un ADJ NCs , à le NCCOR ADJ PPAS en un NC de NCmod , le NCCOR PPAS , PPAS de NCCOR ADJCOL , se VPS et VPS DETPOSS NCo ."
245,1885_Adam_Chair-molle_N.txt,"— Je ne sais pas , je n' ai pas encore écouté .","— je ne VCOG pas , je ne avoir pas encore VCOG ."
246,1885_Adam_Chair-molle_N.txt,"— Voyez-vous , c' est Laurence qui chante .","— NP , ce être NP qui PRES ."
247,1885_Adam_Chair-molle_N.txt,"Alors elle chante toujours un tas de bêtises , de les choses ennuyeuses comme tout , vous comprenez , parce que moi j' aime les choses rigolotes .","alors il PRES ADVTEMPS un NCo de NCmod , de le chose ADJ comme tout , vous VCOG , parce que soi je VSENT le chose ADJ ."
248,1885_Adam_Chair-molle_N.txt,Et vous ?,et vous ?
249,1885_Adam_Chair-molle_N.txt,— Ça m' est égal .,— ça lui être ADJ .
250,1885_Adam_Chair-molle_N.txt,Ah !,INTJ !
251,1885_Adam_Chair-molle_N.txt,... Quand êtes -vous arrivée ?,... quand être vous PPAS ?
252,1885_Adam_Chair-molle_N.txt,"Ces , hein ?","ce , NC ?"
253,1885_Adam_Chair-molle_N.txt,Alors vous n' avez pas encore mangé ici .,alors vous ne avoir pas encore PPAS ADVLIEU .
254,1885_Adam_Chair-molle_N.txt,"Alors vous serez bien contente ; vous verrez comme la nourriture est bonne , et puis on en a tant qu' on veut .","alors vous être bien ADJ ; vous PRES comme le NC être ADJ , et puis on en avoir tant que on vouloir ."
255,1885_Adam_Chair-molle_N.txt,— Vraiment ?,— ADVINT ?
256,1885_Adam_Chair-molle_N.txt,— Oh !,— INTJ !
257,1885_Adam_Chair-molle_N.txt,de les masses de plats .,de le NC de NCmod .
258,1885_Adam_Chair-molle_N.txt,"C' est pas une mauvaise maison , ici , vous savez .","ce être pas un ADJ NC , ADVLIEU , vous VCOG ."
259,1885_Adam_Chair-molle_N.txt,"Madame elle est une bonne femme et puis Monsieur aussi , et puis les types qui viennent ce sont de bons garçons fin drôles .","madame il être un ADJ NC et puis monsieur aussi , et puis le NC qui venir ce être un ADJ NC NC ADJ ."
260,1885_Adam_Chair-molle_N.txt,"Seulement , tout à l' heure , Madame elle va arriver , parce qu' ils font flanelle , et puis ils s' amusent pour rien ; alors c' est embêtant .","seulement , tout à le NCT , madame il aller INF , parce que il faire NCo , et puis il se VSENT pour rien ; alors ce être ADJ ."
261,1885_Adam_Chair-molle_N.txt,"C' est pas chic , n' est -ce pas ?","ce être pas ADJ , ne être ce pas ?"
262,1885_Adam_Chair-molle_N.txt,Lucie restait étourdie sous ce flot de paroles .,NP VIMP NCo sous ce NC de NCmod .
263,1885_Adam_Chair-molle_N.txt,Etait -elle bête cette fille ?,NP il PRES ce NCo ?
264,1885_Adam_Chair-molle_N.txt,"Mais aussi bien aimable d' être venue la trouver , en la voyant seule .","mais aussi bien ADJ de être venir le INF , en le VCOG ADJ ."
265,1885_Adam_Chair-molle_N.txt,"Elle-même allait être gracieuse , car il fallait se faire une amie .","elle-même aller être ADJ , car il VIMP se faire un NCo ."
266,1885_Adam_Chair-molle_N.txt,Qui sait si les autres femmes n' étaient pas mauvaises ?,qui VCOG si le autre NCs ne être pas ADJ ?
267,1885_Adam_Chair-molle_N.txt,Et elle s' ingénia à entretenir la conversation .,et il se VPS à INF le NCo .
268,1885_Adam_Chair-molle_N.txt,"Reine , en retour , déversa d' interminables renseignements sur les habitudes de la maison , finit par faire l' éloge de Lucie qu' elle avait trouvée charmante : — Voyez-vous , ça me faisait de la peine de vous voir comme ça toute seule .","NP , en NCmod , VPS un ADJ NCo sur le NCmod de le NCmod , VASP par faire le NCo de NP que il avoir PPAS ADJ : — NP , ça me faire de le NCSENT de vous VCOG comme ça tout ADJ ."
269,1885_Adam_Chair-molle_N.txt,Alors je suis venue .,alors je être venir .
270,1885_Adam_Chair-molle_N.txt,Comme vous êtes gentille !,comme vous être NC !
271,1885_Adam_Chair-molle_N.txt,Tiens !,tenir !
272,1885_Adam_Chair-molle_N.txt,vous avez de les pieds encore plus petits que ceux de Germaine .,vous avoir de le NCCOR encore plus ADJ que celui de NP .
273,1885_Adam_Chair-molle_N.txt,— Qui ça Germaine ?,— qui ça NP ?
274,1885_Adam_Chair-molle_N.txt,"Celle -là qui fume , qui est appuyée sur le piano .","celui ADVLIEU qui PRES , qui être PPAS sur le NC ."
275,1885_Adam_Chair-molle_N.txt,"C' est une Anglaise , alors elle parle drôle , c' est épatant !","ce être un NC , alors il PRES ADJ , ce être ADJ !"
276,1885_Adam_Chair-molle_N.txt,Alors c' est pas facile de la comprendre .,alors ce être pas ADJ de le VCOG .
277,1885_Adam_Chair-molle_N.txt,"Et puis , figure toi , elle s' appelait Lucie , et puis on lui disait toujours : Lucie quelle scie !","et puis , PRES soi , il se VIMP NP , et puis on lui VDIC ADVTEMPS : NP quel NC !"
278,1885_Adam_Chair-molle_N.txt,"Alors elle a changé de nom , et puis elle se met en rage quand on ne l' appelle pas Germaine .","alors il avoir PPAS de NC , et puis il se mettre en NCSENT quand on ne le PRES pas NP ."
279,1885_Adam_Chair-molle_N.txt,"— Et l' autre qui embrasse le petit , là-bas ?","— et le autre qui PRES le NCo , ADVLIEU ?"
280,1885_Adam_Chair-molle_N.txt,"— Ça c' est Emilia , une calotine .","— ça ce être NP , un NC ."
281,1885_Adam_Chair-molle_N.txt,"Elle dit de les prières , tout le temps .","il VDIC de le NC , tout le temps ."
282,1885_Adam_Chair-molle_N.txt,Alors je sais pas ce qu' elle est venu faire ici .,alors je VCOG pas ce que il être venir faire ADVLIEU .
283,1885_Adam_Chair-molle_N.txt,"Elle aurait mieux fait de rester à le couvent , bien sûr .","il avoir mieux faire de INF à le NC , bien ADJ ."
284,1885_Adam_Chair-molle_N.txt,C' est épatant hein ?,ce être ADJ ADJ ?
285,1885_Adam_Chair-molle_N.txt,"Figure toi qu' elle ne veut jamais mettre de robes courtes , ni de maillots ; elle a toujours de les robes longues ; c' est une manie , vous pensez , tout comme Laurence .","NCCOR soi que il ne vouloir ADVTEMPS mettre un NCo ADJ , ni un NC ; il avoir ADVTEMPS de le NC ADJ ; ce être un NC , vous VCOG , tout comme NP ."
286,1885_Adam_Chair-molle_N.txt,— Celle qui chante ?,— celui qui PRES ?
287,1885_Adam_Chair-molle_N.txt,Elle a l' air chic !,il avoir le NCMAN ADJ !
288,1885_Adam_Chair-molle_N.txt,— Une femme mariée .,— un NC PPAS .
289,1885_Adam_Chair-molle_N.txt,"Oui — qui a fait la queue à son mari ; alors il l' a fait mettre en prison et puis après , elle est venue ici ... Laurence , chante un peu .","oui — qui avoir faire le NCo à DETPOSS NC ; alors il le avoir faire mettre en NC et puis PHASE , il être venir ADVLIEU ... NCs , PRES un peu ."
290,1885_Adam_Chair-molle_N.txt,la Mascotte !,le NP !
291,1885_Adam_Chair-molle_N.txt,Vous allez voir comme elle chante bien .,vous aller VCOG comme il PRES bien .
292,1885_Adam_Chair-molle_N.txt,"Laurence , Laurence !","NP , NP !"
293,1885_Adam_Chair-molle_N.txt,"Bon , voilà qu' ils l' embrassent tous , elle n' entend pas .","NP , voilà que il le PRES tout , il ne VCOG pas ."
294,1885_Adam_Chair-molle_N.txt,"Lucie Thirache , attentive à les indications , détaillait curieusement les costumes , les manières de les autres filles .","NP NP , ADJ à le NC , VIMP ADVMAN le NCo , le NC de le autre NCmod ."
295,1885_Adam_Chair-molle_N.txt,"Emilia paraissait une sotte , l' esprit toujours ailleurs .","NP paraître un NCo , le NC ADVTEMPS ADVLIEU ."
296,1885_Adam_Chair-molle_N.txt,"Germaine semblait souffrir de ne pouvoir achever ses phrases , que par un geste d' impatience .","NP sembler VSENT de ne pouvoir VASP DETPOSS NCo , que par un NC de NCSENT ."
297,1885_Adam_Chair-molle_N.txt,"D' aucune , Lucie ne voyait les traits cachés sous le fard .","de aucun , NP ne VCOG le NCo ADJ sous le NC ."
298,1885_Adam_Chair-molle_N.txt,"S' étant mirée , elle se trouva beaucoup mieux que ces femmes , plus fraîche et plus appétissante .","se être PPAS , il se VPS beaucoup mieux que ce NC , plus ADJ et plus ADJ ."
299,1885_Adam_Chair-molle_N.txt,"Si les hommes la négligeaient ainsi , c' est qu' elle ne leur faisait pas d' avances .","si le NCs le VIMP ainsi , ce être que il ne lui faire pas de NC ."
300,1885_Adam_Chair-molle_N.txt,"Cependant , elle eut comme une secrète envie d' affirmer sa valeur , de se montrer évidemment supérieure à toutes , à cette Laurence surtout , dont l' opulence de les formes , la poitrine mouvante , attiraient les caresses .","cependant , il avoir comme un ADJ NC de VDIC DETPOSS NCo , de se INF ADV ADJ à tout , à ce NP surtout , dont le NC de le NCmod , le NCo ADJ , VSENT le NCo ."
301,1885_Adam_Chair-molle_N.txt,Elle la voyait s' efforcer à séduire Eugène .,il le VCOG se INF à VSENT NP .
302,1885_Adam_Chair-molle_N.txt,"Sans doute ce garçon était riche , puisqu' on montrait tant d' empressement à lui plaire .","sans NCSENT ce NCs être ADJ , puisque on VIMP tant de NC à lui INF ."
303,1885_Adam_Chair-molle_N.txt,"Peut-être celle qui saurait le captiver parviendrait -elle à obtenir sa sortie de le lupanar , à devenir sa maîtresse ... Quel bonheur , si elle pouvait s' en faire aimer !","peut-être celui qui VCOND le VSENT VCOND il à INF DETPOSS NCo de le NCmod , à devenir DETPOSS NCo ... quel NCSENT , si il pouvoir se en faire VSENT !"
304,1885_Adam_Chair-molle_N.txt,"Elle serait libre , luxueusement entretenue .","il être ADJ , ADV PPAS ."
305,1885_Adam_Chair-molle_N.txt,"Et elle résolut accaparer pour elle seule , les attentions de le mâle , charmée par l' espoir d' une vie indépendante et large .","et il PRES INF pour il ADJ , le NCo de le NCmod , VSENT par le NCSENT de un NCmod ADJ et ADJ ."
306,1885_Adam_Chair-molle_N.txt,"Comme le jeune homme s' approchait , elle l' appela : — Eh bien !","comme le ADJ NCs se VIMP , il le VPS : — INTJ bien !"
307,1885_Adam_Chair-molle_N.txt,c' est comme cela que vous me lâchez ?,ce être comme cela que vous me PRES ?
308,1885_Adam_Chair-molle_N.txt,Ce n' est pas gentil vraiment .,ce ne être pas ADJ ADVINT .
309,1885_Adam_Chair-molle_N.txt,— Oh !,— INTJ !
310,1885_Adam_Chair-molle_N.txt,"ma pauvre Nina , me voilà , que veux -tu ?","DETPOSS ADJ NP , me voilà , que vouloir il ?"
311,1885_Adam_Chair-molle_N.txt,m' aimer ?,lui VSENT ?
312,1885_Adam_Chair-molle_N.txt,"En ce moment , Madame entra .","en ce NC , madame VPS ."
313,1885_Adam_Chair-molle_N.txt,Elle paraissait vexée .,il paraître VSENT .
314,1885_Adam_Chair-molle_N.txt,"Un silence se fit , elle ordonna : — Mesdames , on vous demande , passez dans le salon bleu .","un NCs se faire , il VPS : — NP , on vous VSUBP , IMP dans le NC ADJCOL ."
315,1885_Adam_Chair-molle_N.txt,— Ah !,— INTJ !
316,1885_Adam_Chair-molle_N.txt,"le voilà , le coup de le .","le voilà , le NCs de le ."
317,1885_Adam_Chair-molle_N.txt,"champagne , hein , Madame Donard ?","NCmod , NC , madame NP ?"
318,1885_Adam_Chair-molle_N.txt,s' écria Eugène .,se VPS NP .
319,1885_Adam_Chair-molle_N.txt,"Eh bien , faites le apporter ce Sillery de les familles .","INTJ bien , faire le INF ce NP de le NCmod ."
320,1885_Adam_Chair-molle_N.txt,"Combien faut -il prendre de bouteilles , pour que ces dames restent : Une ?","combien PRES il INF de NC , pour que ce NCs PRES : NUM ?"
321,1885_Adam_Chair-molle_N.txt,deux ?,NUM ?
322,1885_Adam_Chair-molle_N.txt,trois ?,NUM ?
323,1885_Adam_Chair-molle_N.txt,... Dites combien ?,... VDIC combien ?
324,1885_Adam_Chair-molle_N.txt,"— Ce n' est pas tout ça , on demande ces dames .","— ce ne être pas tout ça , on PRES ce NCo ."
325,1885_Adam_Chair-molle_N.txt,Je vais vous en laisser une pour vous tenir compagnie .,je aller vous en laisser un pour vous INF NCo .
326,1885_Adam_Chair-molle_N.txt,C' est tout ce que je peux faire .,ce être tout ce que je pouvoir faire .
327,1885_Adam_Chair-molle_N.txt,"Comment vous nous laissez une femme , une seule femme pour six hommes !","comment vous nous laisser un NCo , un ADJ NC pour NUM NCmod !"
328,1885_Adam_Chair-molle_N.txt,"Mais c' est indécent , ça , Madame Donard .","mais ce être ADJ , ça , madame NP ."
329,1885_Adam_Chair-molle_N.txt,D' abord je vous assure que nous monterons .,de NC je vous PRES que nous VF .
330,1885_Adam_Chair-molle_N.txt,Faites apporter le champagne .,faire INF le NCo .
331,1885_Adam_Chair-molle_N.txt,Trois bouteilles !,NUM NC !
332,1885_Adam_Chair-molle_N.txt,"— Ecoutez , je veux bien vous laisser ces dames , mais je vais en emmener deux pour une société que j' ai par là .","— IMP , je vouloir bien vous laisser ce NCo , mais je aller en INF NUM pour un NCmod que je avoir par ADVLIEU ."
333,1885_Adam_Chair-molle_N.txt,"Emilia et Germaine , venez .","NP et NP , venir ."
334,1885_Adam_Chair-molle_N.txt,"— Dites donc , vous nous les ramenerez quand ces types -là seront partis ?","— VDIC donc , vous nous le VF quand ce NCspas ADVLIEU être PPAS ?"
335,1885_Adam_Chair-molle_N.txt,— Oui .,— oui .
336,1885_Adam_Chair-molle_N.txt,"— Allons , vous êtes un ange .","— NP , vous être un NC ."
337,1885_Adam_Chair-molle_N.txt,"La vie , sans la femme , voyez -vous , c' est comme le désert sans le chameau .","le NCs , sans le NCmod , IMP vous , ce être comme le NC sans le NCmod ."
338,1885_Adam_Chair-molle_N.txt,De les vociférations ponctuèrent cette phrase !,de le NC VPS ce NCo !
339,1885_Adam_Chair-molle_N.txt,Les dames se récrièrent .,le NCs se VPS .
340,1885_Adam_Chair-molle_N.txt,Madame sortit avec les deux pensionnaires .,madame VPS avec le NUM NC .
341,1885_Adam_Chair-molle_N.txt,Lucie attira Eugène vers elle .,NP VSENT NP vers il .
342,1885_Adam_Chair-molle_N.txt,"— Alors , je suis un chameau ?","— alors , je être un NC ?"
343,1885_Adam_Chair-molle_N.txt,"Tu es poli , toi !","je être PPAS , soi !"
344,1885_Adam_Chair-molle_N.txt,"— Mais non , tu ne comprends pas !","— mais non , je ne VCOG pas !"
345,1885_Adam_Chair-molle_N.txt,Et il se lança dans une explication de le Sahara et de ses caravanes .,et il se VPS dans un NC de le NP et de DETPOSS NC .
346,1885_Adam_Chair-molle_N.txt,Lucie s' y intéressa peu .,NP se y VSENT peu .
347,1885_Adam_Chair-molle_N.txt,"Elle se distrayait en regardant Laurence qui , de temps à autre , la fixait d' un œil mécontent .","il se VIMP en VCOG NP qui , de temps à autre , le VIMP de un NC ADJ ."
348,1885_Adam_Chair-molle_N.txt,"Cette femme était couchée entre les bras d' un officier ; un tout jeune homme lui grattait la plante de les pieds , en faisant craquer ses ongles sur la soie de les bas mauves .","ce NCspas être PPAS entre le NCCOR de un NCmod ; un tout ADJ NCs lui VIMP le NCo de le NCCOR , en faire INF DETPOSS NCo sur le NCmod de le NCmod ADJCOL ."
349,1885_Adam_Chair-molle_N.txt,Reine contait gravement et excitait par son langage de les spasmes d' hilarité .,NP VIMP ADVMAN et VSENT par DETPOSS NC de le NCmod de NCmod .
350,1885_Adam_Chair-molle_N.txt,"Deux lieutenants d' artillerie , qui l' écoutaient , rajustaient leurs monocles , après chaque quinte de rire , et la fille , par instants , se fâchait : — Non , si vous se moquez de moi , comme ça , je ne dis plus rien .","NUM NCs de NCmod , qui le VIMP , VIMP DETPOSS NCo , PHASE chaque NC de NCMAN , et le NCs , par NCmod , se VSENT : — non , si vous se PRES de soi , comme ça , je ne VDIC plus rien ."
351,1885_Adam_Chair-molle_N.txt,Mais bientôt elle reprenait ses récits et son air grave .,mais bientôt il VIMP DETPOSS NCo et DETPOSS NCMAN ADJ .
352,1885_Adam_Chair-molle_N.txt,"— Je savais bien que tu n' aurais pas voulu dire que j' étais un chameau , conclut Lucie , en embrassant Eugène , lorsqu' il eut terminé son explication .","— je VCOG bien que je ne avoir pas vouloir VDIC que je être un NC , PRES NP , en PPRES NP , lorsque il avoir VASP DETPOSS NCo ."
353,1885_Adam_Chair-molle_N.txt,"Non , vois -tu , il ne faut pas que tu m' insultes : de les autres , ça me serait égal ; mais de toi , ça me ferait trop de peine .","non , ADJ -tre , il ne PRES pas que je le PPAS : de le autre , ça me être ADJ ; mais de soi , ça me faire trop de NCSENT ."
354,1885_Adam_Chair-molle_N.txt,— Pas possible ?,— pas ADJ ?
355,1885_Adam_Chair-molle_N.txt,répondit Eugène ironiquement .,VDIC NP ADVMAN .
356,1885_Adam_Chair-molle_N.txt,"— Oui , je t' assure : quand je t' ai vu , ça m' a fait un effet .","— oui , je lui PRES : quand je lui avoir VCOG , ça lui avoir faire un NCo ."
357,1885_Adam_Chair-molle_N.txt,Oh !,INTJ !
358,1885_Adam_Chair-molle_N.txt,"je sais bien , tu ne me croiras pas ... n' est -ce pas ?","je VCOG bien , je ne me ADJ pas ... ne être ce pas ?"
359,1885_Adam_Chair-molle_N.txt,"une femme de maison , ça ne peut pas aimer !","un NC de NCmod , ça ne pouvoir pas VSENT !"
360,1885_Adam_Chair-molle_N.txt,"— Mais si , celles -là comme les autres , mais pas si rapidement que ça .","— mais si , celui ADVLIEU comme le autre , mais pas si ADVMAN que ça ."
361,1885_Adam_Chair-molle_N.txt,"Avoue que tu veux me la faire , voyons .","VDIC que je vouloir me le faire , NCs ."
362,1885_Adam_Chair-molle_N.txt,"— Oui , moque -toi de moi , va !","— oui , PRES -toi de soi , aller !"
363,1885_Adam_Chair-molle_N.txt,C' est la première maison que je fais ; c' est le premier soir que j' y passe .,ce être le ADJ NC que je faire ; ce être le ADJ NCT que je y PRES .
364,1885_Adam_Chair-molle_N.txt,"Et elle commença une histoire , enfilant les détails sans hésitation .","et il VASP un NCo , PPRES le NCo sans NCmod ."
365,1885_Adam_Chair-molle_N.txt,Elle la composa si émouvante qu' elle s' en attendrit elle-même .,il le NC si ADJ que il se en VPS elle-même .
366,1885_Adam_Chair-molle_N.txt,Elle était la victime d' un lâche qui l' avait mise enceinte et l' avait plantée-là .,il être le NC de un NCmod qui le avoir mettre ADJ et le avoir ADV .
367,1885_Adam_Chair-molle_N.txt,"Fille de bonne famille , elle ne savait aucun métier , et avait été forcée à se prostituer pour vivre .","NC de ADJ NCmod , il ne VCOG aucun NCo , et avoir être PPAS à se INF pour INF ."
368,1885_Adam_Chair-molle_N.txt,Lucie voyait l' homme devenir peu à peu moins incrédule ; son émotion le gagnait .,NP VCOG le NCo devenir peu à peu moins ADJ ; DETPOSS NCSENT le VIMP .
369,1885_Adam_Chair-molle_N.txt,"Elle attendait les réponses , baissant la tête d' un air navré lorsqu' elles semblaient confirmer son dire , s' impatientant , accumulant les anecdotes , produisant de les conversations qu' elle jurait avoir tenues , si un fait paraissait mis en doute .","il VIMP le NCo , PPRES le NCCOR de un NCMAN VSENT lorsque il VIMP VDIC DETPOSS VDIC , se VSENT , PPRES le NCo , PPRES de le NC que il VCOND avoir PPAS , si un NCspas paraître mettre en NCSENT ."
370,1885_Adam_Chair-molle_N.txt,Eugène se leva pour payer le champagne apporté par Marianne .,NP se PRES pour INF le NCo PPAS par NP .
371,1885_Adam_Chair-molle_N.txt,Il y eut entre les jeunes gens une lutte de générosité .,il y avoir entre le ADJ NC un NCo de NCSENT .
372,1885_Adam_Chair-molle_N.txt,"Il fut vainqueur , et Lucie put voir l' or briller à le fend de sa bourse .","il être NC , et NP pouvoir VCOG le NCo ADJ à le NC de DETPOSS NCmod ."
373,1885_Adam_Chair-molle_N.txt,"Maintenant , elle était sûre de cette richesse .","ADVT , il être ADJ de ce NC ."
374,1885_Adam_Chair-molle_N.txt,"Et , persuadée d' avoir produit une grande impression , elle était très heureuse , se voyait déjà chez elle , époussetant de les meubles en palissandre ou trônant dans une loge , à le théâtre .","et , PPAS de avoir PPAS un ADJ NCo , il être très ADJ , se VCOG déjà chez il , PPRES de le NC en NCmod ou PPRES dans un NC , à le NCmod ."
375,1885_Adam_Chair-molle_N.txt,Ce serait encore fort agréable d' être la maîtresse d' un garçon à barbe aussi douce .,ce être encore fort ADJ de être le NC de un NCmod à NCCOR aussi ADJ .
376,1885_Adam_Chair-molle_N.txt,Un grand tapage s' élevait : on voulait embrasser la gouvernante .,un ADJ NCs se VIMP : on vouloir INF le NCo .
377,1885_Adam_Chair-molle_N.txt,"Ce spectacle amusa Lucie ; cependant , malgré l' envie qu' elle en avait , elle se garda de rire et conserva sa mine lugubre .","ce NCs VPS NP ; cependant , malgré le NC que il en avoir , il se VPS de NCMAN et VPS DETPOSS NCo ADJ ."
378,1885_Adam_Chair-molle_N.txt,Eugène était revenu se mettre auprès d' elle .,NP être PPAS se mettre ADV de il .
379,1885_Adam_Chair-molle_N.txt,"Elle renversa la nuque sur son épaule , lui enlaça le cou de ses bras , et , avec une voix alanguissante , s' enchantant elle-même de l' harmonie de ses paroles , elle murmurait : — Oui , toi , je t' ai aimé tout de suite , comme ça .","il VPS le NCo sur DETPOSS NCCOR , lui VPS le NCCOR de DETPOSS NCCOR , et , avec un NCMAN ADJ , se PPRES elle-même de le NCmod de DETPOSS NCmod , il VDIC : — oui , soi , je lui avoir VSENT tout de NC , comme ça ."
380,1885_Adam_Chair-molle_N.txt,"Tu n' as pas l' air voyou comme les autres , ni poseur comme les officiers .","je ne avoir pas le NCMAN ADV comme le autre , ni NC comme le NCmod ."
381,1885_Adam_Chair-molle_N.txt,C' est laid d' être poseur .,ce être ADJ de être ADJ .
382,1885_Adam_Chair-molle_N.txt,"Regarde comme ils ont l' air bête , avec leurs carreaux dans l' œil ; et puis tu n' es pas non plus débraillé comme celui-là , avec de les cheveux gras qui trainent sur le col .","NP comme il avoir le NCMAN ADJ , avec DETPOSS NC dans le NC ; et puis je ne être pas non plus PPAS comme celui-là , avec de le NCCOR ADJ qui PRES sur le NC ."
383,1885_Adam_Chair-molle_N.txt,"Tu as une belle peau , blanche comme celle d' une femme , bien douce à baiser , et de les mains soignées avec de beaux ongles .","je avoir un ADJ NCCOR , ADJCOL comme celui de un NCmod , bien ADJ à INF , et de le NCCOR PPAS avec un ADJ NC ."
384,1885_Adam_Chair-molle_N.txt,"Vois -tu , je ne pourrais pas aller avec les autres ; j' ai toujours connu de les gens distingués et ça me ferait trop souffrir d' en connaître d' autres , à présent .","ADV il , je ne pouvoir pas aller avec le autre ; je avoir ADVTEMPS PPAS de le NC VCOG et ça me faire trop VSENT de en INF un autre , à NC ."
385,1885_Adam_Chair-molle_N.txt,"Il se laissait faire , lui collait de longs baisers dans le cou , sur les seins .","il se laisser faire , lui VIMP un ADJ NCo dans le NCCOR , sur le NC ."
386,1885_Adam_Chair-molle_N.txt,"Elle simulait un frissonnement irrésistible , et lui , répétait : — Est -elle fine , cette petite Nina !","il VIMP un NCo ADJ , et lui , VIMP : — être il ADJ , ce ADJ NP !"
387,1885_Adam_Chair-molle_N.txt,Est -elle fine !,être il ADJ !
388,1885_Adam_Chair-molle_N.txt,Soudain une exclamation le fit retourner .,soudain un NC le faire INF .
389,1885_Adam_Chair-molle_N.txt,"— Ah ça , mais elle l' accapare , elle l' accapare ; elle en abuse de l' accaparement cette femme !","— INTJ ça , mais il le PRES , il le PRES ; il en NCmod de le NCmod ce NCmod !"
390,1885_Adam_Chair-molle_N.txt,Il n' en boit seulement pas .,il ne en PRES seulement pas .
391,1885_Adam_Chair-molle_N.txt,"— Mais si , mais si , répondit Eugène , nous voilà .","— mais si , mais si , VDIC NP , nous voilà ."
392,1885_Adam_Chair-molle_N.txt,"N' est -ce pas , Nina , que tu veux boire ?","ne être ce pas , NP , que je vouloir INF ?"
393,1885_Adam_Chair-molle_N.txt,"Elle répondit très bas : — Oui , vois -tu , il faut nous énerver ; la nuit sera meilleure .","il VDIC très ADJ : — oui , ADJ -tre , il PRES nous VSENT ; le NCT être meilleur ."
394,1885_Adam_Chair-molle_N.txt,Un officier fit sauter le bouchon d' une bouteille .,un NC faire INF le NCo de un NCmod .
395,1885_Adam_Chair-molle_N.txt,Les femmes crièrent ; à grands flots la mousse blanche s' épancha dans les flûtes .,le NCs VDIC ; à ADJ NCs le NCmod ADJCOL se VPS dans le NC .
396,1885_Adam_Chair-molle_N.txt,On trinqua .,on VPS .
397,1885_Adam_Chair-molle_N.txt,"Puis il y , eut un silence à peine interrompu par le tintement de les verres qu' on remplissait à nouveau .","puis il y , avoir un NCo à NCSENT PPAS par le NC de le NCmod que on VIMP à ADJ ."
398,1885_Adam_Chair-molle_N.txt,"Les officiers causaient entre eux , sans s' occuper de les femmes ; un étudiant lissait d' une main ses longs cheveux , promenait l' autre , dans une caresse lascive , sur ses voisines Germaine et Emilia qui étaient , revenues à le salon .","le NCs VIMP entre eux , sans se INF de le NC ; un NCs VIMP de un NCCOR DETPOSS ADJ NCCOR , VIMP le autre , dans un NC ADJ , sur DETPOSS NC NP et NP qui être , PPAS à le NC ."
399,1885_Adam_Chair-molle_N.txt,Le petit jeune homme grattait maintenant les pieds de Reine .,le ADJ NCs NC VIMP ADVT le NCCOR de NP .
400,1885_Adam_Chair-molle_N.txt,"Lucie Thirache , ensevelie en un délicieux repos , restai muette ; à entendre seulement le bruissement de les éventails , le son mat d' une flûte reposée sur le plateau , elle éprouvait un calme plaisir .","NP NP , PPAS en un ADJ NC , VF NCo ; à VCOG seulement le NCo de le NCmod , le DETPOSS NC de un NCmod PPAS sur le NC , il VSENT un NCSENT NCSENT ."
401,1885_Adam_Chair-molle_N.txt,"Elle avait allumé une cigarette , en soufflait la fumée dans la bouche d' Eugène qui murmurait d' amoureuses paroles .","il avoir PPAS un NCo , en VIMP le NCo dans le NCCOR de NP qui VDIC de ADJ NCo ."
402,1885_Adam_Chair-molle_N.txt,"Elle se trouvait très bien ainsi , perdue dans une molle rêverie , avec un avenir heureux en perspective , joyeuse de se sentir étreinte par un homme qui la désirait , de boire à petits coups , continuellement , un vin pétillant , de lancer à le plafond de minces spirales bleuâtres .","il se VIMP très bien ainsi , PPAS dans un ADJ NC , avec un NC ADJ en NCmod , ADJ de se sentir PPAS par un NC qui le VSENT , de INF à ADJ NC , ADVTEMPS , un NC ADJ , de INF à le NC de NCmod ADJ ADJCOL ."
403,1885_Adam_Chair-molle_N.txt,Elle s' enivra .,il se VF .
404,1885_Adam_Chair-molle_N.txt,"Peu à peu les objets semblèrent vaciller , leurs contours devinrent indécis , étincelèrent d' un scintillement continu .","peu à peu le NCs sembler INF , DETPOSS NCs devenir ADJ , VPS de un NC ADJ ."
405,1885_Adam_Chair-molle_N.txt,"Puis ce fut la danse , dans la cour couverte , à la lueur rubéfiante de les gaz enfermés en de les globes rouges .","puis ce être le NC , dans le NCmod ADJ , à le NCmod ADJ de le NCmod PPAS en de le NCmod ADJCOL ."
406,1885_Adam_Chair-molle_N.txt,"Elle se sentait très légère , moulant son corps sur celui d' Eugène .","il se sentir très ADJ , PPRES DETPOSS NCCOR sur celui de NP ."
407,1885_Adam_Chair-molle_N.txt,"Et le tourbillon s' accélérait , elle n' entendait plus la musique que par lambeaux .","et le NCs se VIMP , il ne VCOG plus le NCo que par NC ."
408,1885_Adam_Chair-molle_N.txt,"De les figures rouges , toutes rouges tournaient autour d' elle , devant les fenêtres de le salon qui lui parut d' une blancheur éclatante , extraordinaire , phénoménale .","de le NCCOR ADJCOL , tout ADJCOL VIMP ADV de il , ADVLIEU le NC de le NCmod qui lui paraître de un NC ADJ , ADJ , ADJ ."
409,1885_Adam_Chair-molle_N.txt,"Elle chercha à comprendre pourquoi tout était rouge d' un côté et blanc de l' autre , n' y réussit pas et ferma les yeux .","il VPS à VCOG pourquoi tout être ADJCOL de un NC et ADJCOL de le autre , ne y PRES pas et VPS le NCCOR ."
410,1885_Adam_Chair-molle_N.txt,Elle tournait toujours .,il VIMP ADVTEMPS .
411,1885_Adam_Chair-molle_N.txt,"Elle eut la vision d' une sarabande gigantesque : l' omnibus dans lequel elle était venue , les rues , les hommes , les robes polychrômes , l' armoire , à glace , tout cela tournait avec elle , se renversait et se redressait .","il avoir le NCo de un NCmod ADJ : le NC dans lequel il être venir , le NC , le NC , le NC ADJ , le NC , à NC , tout cela VIMP avec il , se VIMP et se VIMP ."
412,1885_Adam_Chair-molle_N.txt,"Tout à coup l' hôtel de ville s' avança comme pour l' écraser , puis il s' éloigna , se rapetissa ; un instant elle le vit gros comme un dé , se détachant très loin sur un fond uniformément rouge .","tout à NC le NCs de NCmod se VPS comme pour le INF , puis il se VPS , se VPS ; un NCs il le PRES ADV comme un NC , se PPRES très ADVLIEU sur un NC ADV ADJCOL ."
413,1885_Adam_Chair-molle_N.txt,"Ensuite il lui sembla qu' elle l' avait avalé , qu' il grandissait en elle , s' élargissait , lui rompait la poitrine , allait l' étouffer .","PHASE il lui sembler que il le avoir PPAS , que il VIMP en il , se VIMP , lui VIMP le NCo , aller le INF ."
414,1885_Adam_Chair-molle_N.txt,"Elle eut un haut le cœur , elle ouvrit les yeux .","il avoir un NCo le NC , il VPS le NCCOR ."
415,1885_Adam_Chair-molle_N.txt,"Elle était dans le salon , affalée à un divan .","il être dans le NC , PPAS à un NC ."
416,1885_Adam_Chair-molle_N.txt,"Une buée lumineuse l' entourait , la séparait de les autres personnes .","un NCs ADJ le VIMP , le VIMP de le autre NC ."
417,1885_Adam_Chair-molle_N.txt,"Derrière cette buée , Laurence tremblotante versait de le champagne , goutte à goutte en la bouche d' un officier couché à terre .","ADVLIEU ce NC , NP NUM VIMP de le NC , NC à NCmod en le NCCOR de un NCmod PPAS à NC ."
418,1885_Adam_Chair-molle_N.txt,"S' examinant elle-même , Lucie voyait frétiller sa robe jaune , ses dentelles noires , ses bas violets , ses pieds appuyés à le plancher ; sans cesse , ce plancher se dressait ou se dérobait , puis s' applanissait pour se dresser encore .","se PPRES elle-même , NP VCOG INF DETPOSS NCo ADJCOL , DETPOSS NC ADJ , DETPOSS ADJ ADJCOL , DETPOSS NCCOR PPAS à le NC ; sans NC , ce NCs se VIMP ou se VIMP , puis se VIMP pour se INF encore ."
419,1885_Adam_Chair-molle_N.txt,"Et , dans une vague idée qu' il lui arriverait un grand bien si elle embrassait l' homme vautré à côté d' elle , la fille le baisait partout , le pressait , sans détacher les lèvres de sa chair .","et , dans un NC PPAS que il lui VCOND un ADJ bien si il VIMP le NCo PPAS à NC de il , le NCs le VIMP ADV , le VIMP , sans INF le NCCOR de DETPOSS NCCOR ."
420,1885_Adam_Chair-molle_N.txt,"Une à une , les femmes disparurent ; elle-même se leva à une question qu' on lui fit .","NUM à NUM , le NCs PRES ; elle-même se VPS à un NC que on lui faire ."
421,1885_Adam_Chair-molle_N.txt,Le plancher se mut sous ses jambes ; elle dut s' accouder à la porte pour reprendre un aplomb .,le NCs se PRES sous DETPOSS NCCOR ; il devoir se INF à le NC pour INF un NCo .
422,1885_Adam_Chair-molle_N.txt,"Elle vit Eugène donnant de l' argent à Marianne , remarqua encore que ç' était très commode , qu' elle n' aurait à s' inquiéter de rien .","il VPS NP PPRES de le NC à NP , VPS encore que ADV être très ADJ , que il ne avoir à se VSENT de rien ."
423,1885_Adam_Chair-molle_N.txt,"Enfin , entamant le refrain de les Cloches , perdu l' après-midi , et qu' elle venait de retrouver , elle le chanta de toutes ses forces en montant l' escalier .","PHASE , PPRES le NCo de le NP , PPAS le NCT , et que il venir de INF , il le NCo de tout DETPOSS NCSENT en PPRES le NCo ."
424,1885_Adam_Chair-molle_N.txt,"Elle était prise d' une joie folle , avec une envie très grande de briser les globes à gaz .","il être PPAS de un NCSENT ADJ , avec un NCmod très ADJ de INF le NCo à NCmod ."
425,1885_Adam_Chair-molle_N.txt,"Le lendemain , en s' éveillant , Lucie Thirache trouva vingt francs sur la table de nuit .","le NC , en se PPRES , NP NP VPS NUM NCo sur le NCmod de NCT ."
426,1885_Adam_Chair-molle_N.txt,Elle calcula elle avait gagné trente francs la journée précédente et elle s' était joliment amusée .,il VPS il avoir PPAS NUM NC le NCT ADJ et il se être ADVINT VSENT .
427,1885_Adam_Chair-molle_N.txt,Quelle cuite !,quel NC !
428,1885_Adam_Chair-molle_N.txt,"Toutes réflexions faites , ne pas avoir prié Eugène pour devenir sa maîtresse , était un oubli peu regrettable ; cela aurait peut-être semblé ridicule .","tout NCs ADJ , ne pas avoir PPAS NP pour devenir DETPOSS NCo , être un NC peu ADJ ; cela avoir peut-être sembler ADJ ."
429,1885_Adam_Chair-molle_N.txt,"III Très facilement , Lucie Thirache prit les habitudes de ses compagnes et s' arrangea de leur manière de vivre .","NUM très ADV , NP NP VPS le NCo de DETPOSS NCmod et se VPS de lui NC de INF ."
430,1885_Adam_Chair-molle_N.txt,"A son réveil , longtemps après le départ de l' amant de passage , elle sautait à bas de son lit pour aller entr' ouvrir la fenêtre et , tout de suite , revenait se blottir dans les draps , humant l' air qui filtrait à travers les persiennes closes .","à DETPOSS NC , longtemps PHASE le NCmod de le NCmod de NCmod , il VIMP à NC de DETPOSS NC pour aller entr' INF le NCo et , tout de NC , VIMP se INF dans le NC , PPRES le NCMAN qui VIMP à travers le NC ADJ ."
431,1885_Adam_Chair-molle_N.txt,"De la chambre assainie disparaissaient les émanations puantes de tabac fumé , de champagne renversé .","de le NC ADJ VIMP le NCo ADJ de NCmod PPAS , de NCmod PPAS ."
432,1885_Adam_Chair-molle_N.txt,"Un grand soulagement venait à la fille : sa tête s' allégeait ; sur son front rafraîchi les cheveux flottaient , lui donnant l' impression d' une douce caresse .","un ADJ NCSENT venir à le NC : DETPOSS NCCOR se VIMP ; sur DETPOSS NCCOR PPAS le NCCOR VIMP , lui PPRES le NCo de un ADJ NCmod ."
433,1885_Adam_Chair-molle_N.txt,"Bientôt elle se sentait complètement éveillée , très bien portante .","bientôt il se sentir ADVINT PPAS , très bien ADJ ."
434,1885_Adam_Chair-molle_N.txt,"Elle se levait , et c' étaient d' interminables ablutions à l' eau parfumée , une contemplation attentive de son corps nu devant les glaces .","il se VIMP , et ce être un ADJ NC à le NCmod PPAS , un NC ADJ de DETPOSS NCCOR ADJ ADVLIEU le NCmod ."
435,1885_Adam_Chair-molle_N.txt,"Elle se peignait soigneusement , puis , sa toilette terminée , s' occupait à ranger la chambre .","il se VIMP ADV , puis , DETPOSS NCs VASP , se VIMP à INF le NCo ."
436,1885_Adam_Chair-molle_N.txt,"Les meubles étaient remis en leurs places ; elle ramassait les épingles à cheveux , les boutons de culotte , les paquets de cigarettes vides et finissait par appeler Marianne pour lui rendre les flûtes à rincer .","le NCs être PPAS en DETPOSS NC ; il VIMP le NCo à NCCOR , le NC de NCmod , le NC de NCmod ADJ et VASP par INF NP pour lui INF le NCo à INF ."
437,1885_Adam_Chair-molle_N.txt,"Lucie faisait tout ce ménage avec joie , heureuse de ne pas sentir dans ses jupes les mains luxurieuses de les hommes , de ne pas avoir de leur souffle dans les cheveux .","NP faire tout ce NCo avec NCSENT , ADJ de ne pas sentir dans DETPOSS NC le NCCOR ADJ de le NCmod , de ne pas avoir un lui NC dans le NCCOR ."
438,1885_Adam_Chair-molle_N.txt,"De les habitudes de sa jeunesse laborieuse , elle avait conservé cet amour de l' ordre .","de le NC de DETPOSS NCmod ADJ , il avoir PPAS ce NCSENT de le NCmod ."
439,1885_Adam_Chair-molle_N.txt,"Et , sans trop savoir pourquoi , fatiguée de les buveries tapageuses , elle aimait se trouver seule un moment , libre d' agir à sa guise , sans être en spectacle à personne .","et , sans trop INF pourquoi , VSENT de le NC ADJ , il VSENT se INF ADJ un NC , ADJ de INF à DETPOSS NC , sans être en NC à NCmod ."
440,1885_Adam_Chair-molle_N.txt,Elle prolongeait longtemps cette occupation .,il VIMP longtemps ce NCo .
441,1885_Adam_Chair-molle_N.txt,"Ensuite son cahier de linge l' absorbait en d' impatients calculs : très fière de ses économies , elle comptait que , cette semaine encore , elle pourrait augmenter son trousseau de deux taies d' oreillers ou d' une chemise à broderies .","PHASE DETPOSS NCs de NCmod le VIMP en un ADJ NC : très ADJ de DETPOSS NCmod , il VIMP que , ce NC encore , il pouvoir INF DETPOSS NCo de NUM NCmod de NCmod ou de un NC à NCmod ."
442,1885_Adam_Chair-molle_N.txt,"Avec une secrète appréhension de reprendre la tâche quotidienne , elle se décidait à descendre pour le repas de le matin .","avec un ADJ NCSENT de INF le NCo ADJ , il se VIMP à INF pour le NC de le NCT ."
443,1885_Adam_Chair-molle_N.txt,"Mais chaque fois l' aspect de la table blanche l' animait d' une gaîté curieuse ; de les porcelaines y luisaient parmi l' argenterie cliquetante , de les babillages bruyaient autour , sans interruption .","mais chaque fois le NCs de le NCmod ADJCOL le VIMP de un NCSENT ADJ ; de le NCs y VIMP parmi le NC ADJ , de le NC VIMP ADV , sans NC ."
444,1885_Adam_Chair-molle_N.txt,"Assise entre ses compagnes préférées , elle leur demandait de les détails sur les événements de la nuit précédente , sur l' argent acquis la veille .","PPAS entre DETPOSS NC ADJ , il lui VIMP de le NC sur le NC de le NCT ADJ , sur le NC PPAS le NCo ."
445,1885_Adam_Chair-molle_N.txt,Maintenant la question financière la préoccupait surtout .,ADVT le NCs ADJ le VIMP surtout .
446,1885_Adam_Chair-molle_N.txt,"Elle en causait sans cesse , enviant beaucoup les plus riches .","il en VIMP sans NC , PPRES beaucoup le plus ADJ ."
447,1885_Adam_Chair-molle_N.txt,"Car il semblait toujours à Lucie que cette situation n' était pas , pour elle , un état définitif .","car il sembler ADVTEMPS à NP que ce NCs ne être pas , pour il , un NC ADJ ."
448,1885_Adam_Chair-molle_N.txt,"Il lui tardait pouvoir acquitter ses dettes , aller avec quelques économies tenter la chance d' un amour unique et rémunérateur .","il lui VIMP pouvoir INF DETPOSS NCo , aller avec quelque NC INF le NCo de un NCSENT ADJ et NC ."
449,1885_Adam_Chair-molle_N.txt,"L' amour à le lupanar lui paraissait seulement un moyen d' accroître son pécule ; comme elle n' éprouvait aucun plaisir à satisfaire les hommes , elle ne croyait pas se débaucher .","le NCSENT à le NCmod lui paraître seulement un NCo de INF DETPOSS NCo ; comme il ne VSENT aucun NCSENT à VSENT le NCo , il ne VCOG pas se INF ."
450,1885_Adam_Chair-molle_N.txt,Elle se comparait à les fillettes qui câlinent de les parents très laids et très vieux pour en obtenir quelque cadeau : cela s' admettait ; pourquoi serait -elle plus coupable que ces enfants ?,il se VIMP à le NC qui PRES de le NC très ADJ et très ADJ pour en INF quelque NCo : cela se VIMP ; pourquoi être il plus ADJ que ce NC ?
451,1885_Adam_Chair-molle_N.txt,"Enchantée par cette excuse , elle s' ingéniait à parfaire sa gentillesse , désireuse d' augmenter le nombre de ses clients .","VSENT par ce NC , il se VIMP à INF DETPOSS NCSENT , ADJ de INF le NCo de DETPOSS NCmod ."
452,1885_Adam_Chair-molle_N.txt,"Après le déjeuner , ces dames , restées longtemps à bavarder devant la table desservie , finissaient par se lever en s' étirant et , traînant après elles leurs longs peignoirs clairs , elles allaient s' installer dans le petit salon .","PHASE le NC , ce NCs , PPAS longtemps à INF ADVLIEU le NC PPAS , VIMP par se INF en se PPRES et , PPRES PHASE il DETPOSS ADJ NCo ADJ , il aller se INF dans le ADJ NC ."
453,1885_Adam_Chair-molle_N.txt,"C' était une salle basse , tapissée de sombre .","ce être un NC ADJ , PPAS de ADJ ."
454,1885_Adam_Chair-molle_N.txt,"Le jour , venant d' un lanterneau , donnait une clarté triste , barrée le plus souvent de les stries argentées de la grosse pluie ou mouchetée de les tourbillons grisâtres de la neige à demi-fondue .","le NCT , venir de un NC , VIMP un NCo ADJ , PPAS le plus ADVTEMPS de le NC PPAS de le ADJ NCmod ou PPAS de le NC ADJ de le NCmod à NCmod ."
455,1885_Adam_Chair-molle_N.txt,"Chacune apprêtait un ouvrage de crochet ; elle-même tirait de sa corbeille un tricot commencé et , tandis que les autres allumaient de les cigarettes , Lucie Thirache , adossée à le mur , travaillait activement .","chacun VIMP un NCo de NCmod ; elle-même VIMP de DETPOSS NC un NCo PPAS et , PHASE que le autre VIMP de le NC , NP NP , PPAS à le NC , VIMP ADVMAN ."
456,1885_Adam_Chair-molle_N.txt,"Les filles la regardaient faire en buvotant de les absinthes , en se répétant : « Hein !","le NCs le VCOG faire en NC de le NCmod , en se PPRES : "" NP !"
457,1885_Adam_Chair-molle_N.txt,va -t -elle vite !,aller t il PRES !
458,1885_Adam_Chair-molle_N.txt,» avec une admiration sincère pour son agilité et son adresse .,""" avec un NCSENT ADJ pour DETPOSS NCmod et DETPOSS NC ."
459,1885_Adam_Chair-molle_N.txt,"D' abord Lucie avait tricoté pour elle , par économie , afin d' éviter l' achat de bas et de camisoles que la Donard vendait très cher .","de NC NP avoir PPAS pour il , par NC , ADV de INF le NCo de ADJ et de NC que le NP VIMP très ADJ ."
460,1885_Adam_Chair-molle_N.txt,"Mais , ses compagnes l' ayant priée de leur confectionner de les hardes semblables , elle y consentit , dans une peur , si elle refusait , de fâcher , de se faire une ennemie .","mais , DETPOSS NCs le avoir PPAS de lui INF de le NC ADJ , il y VPS , dans un NCSENT , si il VIMP , de VSENT , de se faire un NCo ."
461,1885_Adam_Chair-molle_N.txt,"Madame réclama ; elle fit pour elle ce qu' elle avait fait pour les autres ; même , elle avait commencé un gilet pour Monsieur .","madame NC ; il faire pour il ce que il avoir faire pour le autre ; même , il avoir VASP un NCo pour monsieur ."
462,1885_Adam_Chair-molle_N.txt,"En paiement , on lui prodiguait de les éloges et de les caresses .","en NC , on lui VIMP de le NC et de le NC ."
463,1885_Adam_Chair-molle_N.txt,Elle était très flattée de ces prévenances .,il être très VSENT de ce NCSENT .
464,1885_Adam_Chair-molle_N.txt,"Pour contenter un besoin naturel d' être choyée , elle s' appliqua à conserver ces bonnes grâces en rendant mille services .","pour VSENT un NCo ADJ de être PPAS , il se VPS à INF ce ADJ NCo en PPRES NUM NCo ."
465,1885_Adam_Chair-molle_N.txt,"Elle tricotait toute l' après-midi , à demi-couchée sur le divan , ayant grand soin de retirer ses pieds de dessus l' étoffe quand elle entendait Madame trottiner dans le couloir ; la patronne ne tolérait pas ces poses « qui , disait -elle , blessaient la bienséance et le reps de les meubles .","il VIMP tout le NCT , à NC sur le NCmod , avoir ADJ NCo de INF DETPOSS NCCOR de ADV le NCmod quand il VCOG madame INF dans le NC ; le NCs ne VIMP pas ce NCo "" qui , VDIC il , VIMP le NCo et le NC de le NCmod ."
466,1885_Adam_Chair-molle_N.txt,» Ge travail facile et machinal ne lassait pas Lucie .,""" ADJ NCs ADJ et ADJ ne VSENT pas NP ."
467,1885_Adam_Chair-molle_N.txt,"Il ne l' empêchait ni de causer , ni d' écouter les histoires contées .","il ne le VIMP ni de INF , ni de VCOG le NCo PPAS ."
468,1885_Adam_Chair-molle_N.txt,"Elle s' intéressait à Emilia , déclarant que ce salon froid et peu éclairé lui rappelait le couvent où elle avait été instruite par charité et , certainement , si son oncle ne l' avait violée un jour de soûlerie , elle serait restée très austère et très pieuse .","il se VSENT à NP , PPRES que ce NCs ADJ et peu ADJ lui VIMP le NCo où il avoir être PPAS par NC et , ADVINT , si DETPOSS NCs ne le avoir PPAS un NCT de NCmod , il être PPAS très ADJ et très ADJ ."
469,1885_Adam_Chair-molle_N.txt,"Ce récit révoltait Lucie Thirache ; cet oncle lui apparaissait bien dégoûtant , et elle s' écriait avec une colère : — Sont -ils cochons tout de même , ces hommes !","ce NCs VIMP NP NP ; ce NCs lui VIMP bien ADJ , et il se VIMP avec un NCSENT : — être il PRES tout de même , ce NCo !"
470,1885_Adam_Chair-molle_N.txt,"— Ça c' est rudement vrai , affirmait Laurence .","— ça ce être ADVMAN vrai , VDIC NP ."
471,1885_Adam_Chair-molle_N.txt,Il se narrait encore d' autres histoires .,il se VIMP encore un autre NCo .
472,1885_Adam_Chair-molle_N.txt,Mais l' accent anglais de Germaine ravissait surtout Nina .,mais le NCs ADJ de NP VSENT surtout NP .
473,1885_Adam_Chair-molle_N.txt,"Elle s' amusait énormément à écouter sa camarade décrivant la misère de sa famille , les manies de son père , un clergyman qui avait eu quatorze filles .","il se VSENT ADVINT à VCOG DETPOSS NCo PPRES le NCo de DETPOSS NCmod , le NC de DETPOSS NCmod , un NC qui avoir avoir NUM NCo ."
474,1885_Adam_Chair-molle_N.txt,"Puis , soudain , une tristesse envahissait Lucie : elle songeait que ses parents à elle n' étaient ni misérables , ni méchants et , dans une sévère accusation de soi , elle se jugeait une mauvaise enfant .","puis , soudain , un NCSENT VIMP NP : il VIMP que DETPOSS NCs à il ne être ni ADJ , ni ADJ et , dans un ADJ NC de soi , il se VIMP un ADJ NCo ."
475,1885_Adam_Chair-molle_N.txt,"Le souvenir lui venait de son père , de sa rage indignée quand il la chassa , lui reprochant l' avoir déshonoré .","le NCs lui venir de DETPOSS NC , de DETPOSS NCSENT PPAS quand il le VPS , lui PPRES le avoir PPAS ."
476,1885_Adam_Chair-molle_N.txt,"Un gros chagrin la prenait ; elle restait abîmée en de les pensées terribles , se considérant comme un être abominable , digne de toutes les infortunes .","un ADJ NCSENT le VIMP ; il VIMP PPAS en de le NC ADJ , se PPRES comme un être ADJ , ADJ de tout le NC ."
477,1885_Adam_Chair-molle_N.txt,"Cependant , une question de Laurence venait interrompre ses réflexions : — As -tu fini le bouquin que je t' ai prêté ?","cependant , un NCs de NP venir INF DETPOSS NCo : — avoir -tre VASP le NCo que je lui avoir PPAS ?"
478,1885_Adam_Chair-molle_N.txt,"— Oui , je l' ai lu avec Emilia ; c' était joliment beau .","— oui , je le avoir PPAS avec NP ; ce être ADVINT ADJ ."
479,1885_Adam_Chair-molle_N.txt,Elle résumait l' ouvrage avec de les admirations .,il VIMP le NCo avec de le NCSENT .
480,1885_Adam_Chair-molle_N.txt,Les fins indécises de les chapitres l' avaient surtout émotionnée .,le NCs ADJ de le NCmod le avoir surtout VSENT .
481,1885_Adam_Chair-molle_N.txt,Il fallait être pas bête de le tout pour faire de les livres comme ça !,il VIMP être pas ADJ de le tout pour faire de le NC comme ça !
482,1885_Adam_Chair-molle_N.txt,"— Oui , mais seulement , expliquait Emilia , il y a quelque chose d' idiot : c' est un curé qui veut coucher avec Djemma , tu sais la jeune fille qui épouse Ribéric , à la fin , quand sa blessure a guéri .","— oui , mais seulement , VDIC NP , il y avoir quelque chose de NCmod : ce être un NC qui vouloir INF avec NP , je PRES le ADJ NCo qui PRES NP , à le NC , quand DETPOSS NCSENT avoir PPAS ."
483,1885_Adam_Chair-molle_N.txt,— Pourquoi est -ce idiot ?,— pourquoi être ce NCs ?
484,1885_Adam_Chair-molle_N.txt,demanda Laurence .,VPS NP .
485,1885_Adam_Chair-molle_N.txt,"— Tiens , parce que c' est pas vrai : les curés ne sont pas comme ça de le tout ; j' ai vécu assez avec peut-être , je le sais bien , ils ne voudraient pas faire de peine à Dieu .","— NP , parce que ce être pas vrai : le NCs ne être pas comme ça de le tout ; je avoir PPAS ADV avec peut-être , je le VCOG bien , il ne VIMP pas faire un NCSENT à NP ."
486,1885_Adam_Chair-molle_N.txt,"— Bon , la v'là repartie avec son bon Dieu , cette calotine -là !","— NP , le v'le PRES avec son ADJ NP , ce NC ADVLIEU !"
487,1885_Adam_Chair-molle_N.txt,clamait Reine agacée .,VIMP NP VSENT .
488,1885_Adam_Chair-molle_N.txt,— Ah !,— INTJ !
489,1885_Adam_Chair-molle_N.txt,"tu sais , toi , Reine , dis pas de mal de le bon Dieu , ça porte malheur , — Et puis , si on ne croyait pas aller à le ciel plus tard , avec ça que se serait drôle la vie !","je VCOG , soi , NP , VDIC pas un mal de le ADJ NP , ça PRES NCo , — et puis , si on ne VCOG pas aller à le NC plus tard , avec ça que se être ADJ le NC !"
490,1885_Adam_Chair-molle_N.txt,— Ah bien !,— INTJ bien !
491,1885_Adam_Chair-molle_N.txt,"si tu crois y aller avec la vie que tu mènes , toi ?","si je VCOG y aller avec le NC que je ADJ , soi ?"
492,1885_Adam_Chair-molle_N.txt,— Et bien !,— et bien !
493,1885_Adam_Chair-molle_N.txt,quoi ?,quoi ?
494,1885_Adam_Chair-molle_N.txt,Pourquoi pas ?,pourquoi pas ?
495,1885_Adam_Chair-molle_N.txt,"Quand on fait pas la noce pour son plaisir , on est toujours pardonnée , bien sûr , seulement , dame !","quand on faire pas le NCo pour DETPOSS NCSENT , on être ADVTEMPS PPAS , bien ADJ , seulement , NC !"
496,1885_Adam_Chair-molle_N.txt,il faut toujours penser à Dieu et puis faire bien ses prières ; voilà tout .,il PRES ADVTEMPS VCOG à NP et puis faire bien DETPOSS NCo ; voilà tout .
497,1885_Adam_Chair-molle_N.txt,— Avec ça que tu n' y prends pas de le plaisir à rigoler .,— avec ça que je ne y PRES pas de le NCSENT à INF .
498,1885_Adam_Chair-molle_N.txt,— Moi ?,— soi ?
499,1885_Adam_Chair-molle_N.txt,Jamais de la vie !,ADVTEMPS de le NC !
500,1885_Adam_Chair-molle_N.txt,— Pourquoi que tu fais la noce alors ?,— pourquoi que je faire le NCo alors ?
501,1885_Adam_Chair-molle_N.txt,"— Tiens , si ta mère t' avait foutue à la porte , sans un sou et enceinte encore , qu' est -ce que t' aurais fait , toi ?","— NP , si VPS NCo lui avoir PPAS à le NC , sans un NC et PRES encore , que être ce que lui avoir faire , soi ?"
502,1885_Adam_Chair-molle_N.txt,"Quand j' ai été accouchée , il a bien fallu que je vive , et puis que j' avais pas d' état .","quand je avoir être PPAS , il avoir bien PPAS que je VSUBP , et puis que je avoir pas de NCo ."
503,1885_Adam_Chair-molle_N.txt,"Mais c' est égal , si je serais à le pair , je filerais un rude coup ... et puis les hommes pourraient encore venir me courir après , c' est moi qui les rembarrerais .","mais ce être ADJ , si je être à le NC , je VCOND un ADJ NCo ... et puis le NCs pouvoir encore venir me INF PHASE , ce être soi qui le NC ."
504,1885_Adam_Chair-molle_N.txt,"En attendant je fais ma prière tous les soirs à Sainte-Madeleine , une prière qu' on m' a apprise , même qu' elle n' est pas longue de le tout ; avec ça on est sauvée et puis , si je me confesse avant de mourir , je serai par ; donnée .","en PPRES je faire DETPOSS NCo tout le NCo à NP , un NC que on lui avoir VCOG , même que il ne être pas ADJ de le tout ; avec ça on être PPAS et puis , si je me PRES PHASE de INF , je VF par ; PPAS ."
505,1885_Adam_Chair-molle_N.txt,"Avec un grand respect , les femmes écoutaient les explications prolixes d' Emilia .","avec un ADJ NC , le NCs VIMP le NCo ADJ de NP ."
506,1885_Adam_Chair-molle_N.txt,Reine se retirait en un coin haussant les épaules .,NP se VCOND en un NC PPRES le NCCOR .
507,1885_Adam_Chair-molle_N.txt,La dévote expliquait la religion et racontait de les miracles qui émerveillaient Lucie Thirache .,le NCs VDIC le NCo et VIMP de le NC qui VSENT NP NP .
508,1885_Adam_Chair-molle_N.txt,"Elle pensait qu' un être comme Jésus , capable de ressuciter les morts , devait être un Dieu , certainement .","il VCOG que un être comme NP , ADJ de INF le NCo , devoir être un NP , ADVINT ."
509,1885_Adam_Chair-molle_N.txt,"Elle demanda à sa compagne de lui enseigner sa prière à Madeleine ; si ça ne pouvait pas faire de bien , ça ne ferait toujours pas de mal .","il VPS à DETPOSS NC de lui INF DETPOSS NCo à NP ; si ça ne pouvoir pas faire un bien , ça ne faire ADVTEMPS pas un mal ."
510,1885_Adam_Chair-molle_N.txt,"Reine , agacée à la fin , demanda : — Est -ce qu' il ressuscite aussi les pucelages , dis , Emilia ?","NP , VSENT à le NC , demander : — être ce que il ressusciter aussi le NCo , VDIC , NP ?"
511,1885_Adam_Chair-molle_N.txt,"Une quinte d' hilarité torsionna les femmes , la dévote elle-même ; et toutes se mirent à lâcher de les plaisanteries .","un NCs de NCmod VPS le NCo , le NC elle-même ; et tout se VPS à INF de le NC ."
512,1885_Adam_Chair-molle_N.txt,"Lucie , d' abord , avait trouvé sale ce genre de distraction ; peu à peu elle s' y était habituée , devînt même très habile à détourner de leur sens primitif , pour les rendre grivoises , de les expressions très simples .","NP , de NC , avoir PPAS ADJ ce NCo de NCSENT ; peu à peu il se y être PPAS , PRES même très ADJ à INF de lui NC ADJ , pour le INF NCo , de le NCmod très ADJ ."
513,1885_Adam_Chair-molle_N.txt,"Mais Reine , en ayant lâché une plus forte que les autres , toutes se récrièrent , après avoir ri .","mais NP , en avoir PPAS un plus fort que le autre , tout se VPS , PHASE avoir PPAS ."
514,1885_Adam_Chair-molle_N.txt,On n' était pas dégoûtante comme ça .,on ne être pas ADJ comme ça .
515,1885_Adam_Chair-molle_N.txt,"Est -ce qu' elle se croyait chez Blanche , dans une maison à soldats ?","être ce que il se VCOG chez NP , dans un NC à NCmod ?"
516,1885_Adam_Chair-molle_N.txt,"C' était révoltant à la fin , si Madame l' entendait elle serait contente vraiment : on croirait une fille de passe .","ce être PPRES à le NC , si madame le VCOG il être VSUBP ADVINT : on VCOG un NCo de NCmod ."
517,1885_Adam_Chair-molle_N.txt,"Et Laurence , avec acrimonie , déblatéra sur les passes que Donard ramassait dans la rue pour les servir à les débauchés .","et NP , avec NCmod , VPS sur le NC que NP VIMP dans le NC pour le INF à le NC ."
518,1885_Adam_Chair-molle_N.txt,"Il y en avait beacoup à le 7 , en ce moment -là , à cause de le conseil de revision .","il y en avoir ADV à le NUM , en ce NC ADVLIEU , à NC de le NC de NCmod ."
519,1885_Adam_Chair-molle_N.txt,"Elles resteraient jusqu' après les examens de mars , où affluaient les étudiants .","il VIMP jusque PHASE le NC de MOIS , où VIMP le NCs ."
520,1885_Adam_Chair-molle_N.txt,"— Si encore c' était tout , renchérissait Emilia ; mais l' autre jour , Madame disait qu' il en arriverait encore beaucoup pour les fêtes de Gayant , et puis pour la rentrée de les vacances .","— si encore ce être tout , VIMP NP ; mais le autre NCT , madame VDIC que il en VCOND encore beaucoup pour le NC de NP , et puis pour le NC de le NCmod ."
521,1885_Adam_Chair-molle_N.txt,Comme c' est amusant ; de les sales filles qui font le trottoir !,comme ce être ADJ ; de le ADJ NC qui faire le NCo !
522,1885_Adam_Chair-molle_N.txt,Lucie Thirache les méprisait : — Si c' est permis !,NP NP le VSENT : — si ce être permettre !
523,1885_Adam_Chair-molle_N.txt,En voilà une bêtise de vouloir être libre à ce prix-là .,en voilà un NCo de vouloir être ADJ à ce ADV .
524,1885_Adam_Chair-molle_N.txt,— Oh !,— INTJ !
525,1885_Adam_Chair-molle_N.txt,"et puis Monsieur , les protège trop , elles deviennent hardies , remarquait Reine .","et puis monsieur , le PRES trop , il devenir ADJ , VIMP NP ."
526,1885_Adam_Chair-molle_N.txt,"— C' est parce qu' il est trop bon , répondit Nina .","— ce être parce que il être trop ADJ , VDIC NP ."
527,1885_Adam_Chair-molle_N.txt,"Elle ressentait , à l' égard de Monsieur , une craintive admiration .","il VSENT , à le NC de monsieur , un ADJ NCSENT ."
528,1885_Adam_Chair-molle_N.txt,"Ce potentat faisait de rares apparitions parmi les femmes , quand éclatait une querelle trop violente pour que Madame pût l' apaiser seule , ou quand une bande de pochards menaçait dévaster l' établissement .","ce NCs faire un ADJ NCo parmi le NCmod , quand VIMP un NCo trop ADJ pour que madame VSUBI le VSENT ADJ , ou quand un NCs de NCmod VDIC INF le NCo ."
529,1885_Adam_Chair-molle_N.txt,"En dehors de ces rares solennités , Monsieur ne se montrait pas .","en NC de ce ADJ NCmod , monsieur ne se VIMP pas ."
530,1885_Adam_Chair-molle_N.txt,"Il découpait à la mécanique de minces porte-pipes en bois , ne descendant de son atelier que s' il avait réussi particulièrement une pièce , pour la soumettre à tout son personnel , dans un triomphe .","il VIMP à le NC de mince NCmod en NCmod , ne PPRES de DETPOSS NC que si il avoir PPAS ADVINT un NCo , pour le INF à tout NC ADJ , dans un NC ."
531,1885_Adam_Chair-molle_N.txt,"Lucie lui trouvait l' air très distingué , l' estimait fort instruit .","NP lui VIMP le NCMAN très PPAS , le VSENT fort PPAS ."
532,1885_Adam_Chair-molle_N.txt,"Si jamais elle se mariait , elle aurait voulu avoir un époux « dans son genre .","si ADVTEMPS il se VIMP , il avoir vouloir avoir un NCo "" dans DETPOSS NCmod ."
533,1885_Adam_Chair-molle_N.txt,"» — Et puis il travaille si bien , ajoutait -elle , émerveillée !",""" — et puis il PRES si bien , VIMP il , VSENT !"
534,1885_Adam_Chair-molle_N.txt,"La toilette , Mesdames !","le NC , NP !"
535,1885_Adam_Chair-molle_N.txt,C' était la gouvernante qui prévenait les filles de s' habiller pour la soirée .,ce être le NC qui VIMP le NCo de se INF pour le NCT .
536,1885_Adam_Chair-molle_N.txt,— Déjà ?,— déjà ?
537,1885_Adam_Chair-molle_N.txt,"Elles se levaient , ravies de cette distraction .","il se VIMP , NCo de ce NCSENT ."
538,1885_Adam_Chair-molle_N.txt,"Pendant une heure , sous l' œil bienveillant de le patron promenant son pantalon blanc dans le couloir , c' était un va et vient continuel .","PHASE un NCT , sous le NCmod ADJ de le NCmod PPRES DETPOSS NCo ADJCOL dans le NC , ce être un NC et venir ADJ ."
539,1885_Adam_Chair-molle_N.txt,"Ces dames se rencontraient sur l' escalier , un pot dans une main , un seau dans l' autre .","ce NCs se VIMP sur le NC , un NC dans un NCCOR , un NC dans le autre ."
540,1885_Adam_Chair-molle_N.txt,"Et , dans la salle tendue de cuir rouge , les banquettes qui recouvraient les baignoires ayant été retirées , les femmes faisaient leurs ablutions en riant , en se jetant de l' eau à travers la pièce .","et , dans le NC ADJ de NCmod ADJCOL , le NCs qui VIMP le NCspas avoir être PPAS , le NC faire DETPOSS NCo en PPRES , en se PPRES de le NC à travers le NCmod ."
541,1885_Adam_Chair-molle_N.txt,"Ensuite , Lucie Thirache grimpait lestement l' escalier , toute frissonnante de la fraîcheur qui régnait en la cour couverte et dans le couloir .","PHASE , NP NP VIMP ADVMAN le NCo , tout NC de le NCmod qui VIMP en le NC ADJ et dans le NC ."
542,1885_Adam_Chair-molle_N.txt,"Madame la rejoignait dans sa chambre et , tandis que la fille s' habillait , elle inspectait minutieusement l' armoire à glace , les effets , en faisant mille questions .","madame le VIMP dans DETPOSS NC et , PHASE que le NCs se VIMP , il VIMP ADV le NCo à NCmod , le NC , en faire NUM NCo ."
543,1885_Adam_Chair-molle_N.txt,"Elle confiait à Nina , que décidément Reine était trop brutale avec les messieurs ; elle serait obligée de la changer .","il VIMP à NP , que PRES NP être trop ADJ avec le NC ; il être PPAS de le INF ."
544,1885_Adam_Chair-molle_N.txt,"Et Lucie , très fière de ces confidences , énumérait les défauts de sa compagne , engageait la patronne à la faire partir .","et NP , très ADJ de ce NCmod , VCOND le NCo de DETPOSS NCmod , VIMP le NCo à le faire INF ."
545,1885_Adam_Chair-molle_N.txt,Ainsi elle se donnait de les airs de supériorité .,ainsi il se VIMP de le NCMAN de NCmod .
546,1885_Adam_Chair-molle_N.txt,"Mais Madame s' apaisait : Pensez donc ; une nouvelle que je ne connaîtrai , ni d' Eve , ni d' Adam .","mais madame se VSENT : PRES donc ; un NC que je ne VF , ni de NP , ni de NP ."
547,1885_Adam_Chair-molle_N.txt,Et elle supposait cette future pensionnaire avec tous les défauts .,et il VCOG ce NCo ADJ avec tout le NC .
548,1885_Adam_Chair-molle_N.txt,"Elle finissait par dire : Je vais encore essayer comme ça , quelque temps .","il VASP par VDIC : je aller encore INF comme ça , quelque temps ."
549,1885_Adam_Chair-molle_N.txt,"Tiens , appelle -là un peu que je lui parle .","NP , PRES ADVLIEU un peu que je lui PRES ."
550,1885_Adam_Chair-molle_N.txt,Bientôt toutes les femmes étaient réunies dans la chambre de Nina .,bientôt tout le NCspas être PPAS dans le NC de NP .
551,1885_Adam_Chair-molle_N.txt,Madame épanchait de les conseils .,madame VIMP de le NC .
552,1885_Adam_Chair-molle_N.txt,de les recommandations .,de le NC .
553,1885_Adam_Chair-molle_N.txt,"— Surtout , n' est -ce pas ?","— surtout , ne être ce pas ?"
554,1885_Adam_Chair-molle_N.txt,il faut être bien aimables avec le monsieur à favoris d' hier soir .,il PRES être bien ADJ avec le monsieur à NCmod de INF NCT .
555,1885_Adam_Chair-molle_N.txt,"C' est un homme très bien , qui a de l' argent ; celle qui saura le prendre , il lui paiera ses dettes et il la mettra dans ses meubles .","ce être un NC très bien , qui avoir de le NC ; celui qui VCOG le INF , il lui VF DETPOSS NCo et il le mettre dans DETPOSS NC ."
556,1885_Adam_Chair-molle_N.txt,Vous verrez ce que je vous dis .,vous PRES ce que je vous VDIC .
557,1885_Adam_Chair-molle_N.txt,"La patronne descendue , les voix s' élevaient en un concert d' éloges ; Lucie Thirache demandait : — Est -ce qu' ils sont riches les Donard ?","le NC PPAS , le NCMAN se VIMP en un NC de NCmod ; NP NP VIMP : — être ce que il être ADJ le NP ?"
558,1885_Adam_Chair-molle_N.txt,"— Je te crois , répondit Laurence .","— je me IMP , VDIC NP ."
559,1885_Adam_Chair-molle_N.txt,"Ils sont tous patrons , de père en fils , dans cette famille -là ; et , tu sais , ils en gagnent de l' argent !","il être tout NC , de NCmod en NCmod , dans ce NCmod ADVLIEU ; et , je VCOG , il en PRES de le NCo !"
560,1885_Adam_Chair-molle_N.txt,"— Oui , même que le père à Monsieur , il tenait une maison à le bout de la rue d' Arras .","— oui , même que le NCs à monsieur , il VIMP un NCo à le NC de le NCmod de NP ."
561,1885_Adam_Chair-molle_N.txt,— Et elle ?,— et il ?
562,1885_Adam_Chair-molle_N.txt,"— Elle , c' est la fille de la mère Trumet , celle qui avait le 7 .","— il , ce être le NC de le NCmod NP , celui qui avoir le NUM ."
563,1885_Adam_Chair-molle_N.txt,"Sa mère l' a mise en pension jusqu' à vingt ans et puis ensuite , le père Trumet l' a enrôlée dans son bataillon .","DETPOSS NCs le avoir mettre en NC jusque à NUM NCT et puis PHASE , le NCs NP le avoir PPAS dans DETPOSS NC ."
564,1885_Adam_Chair-molle_N.txt,"— On dit aussi que celui qui l' a eue le premier , a payé 1,500 francs .","— on VDIC aussi que celui qui le avoir PPAS le ADJ , avoir PPAS NUM NCo ."
565,1885_Adam_Chair-molle_N.txt,— Pour une seule nuit ?,— pour un ADJ NCT ?
566,1885_Adam_Chair-molle_N.txt,— Ah !,— INTJ !
567,1885_Adam_Chair-molle_N.txt,je sais pas .,je VCOG pas .
568,1885_Adam_Chair-molle_N.txt,C' est joli tout de même .,ce être PPAS tout de même .
569,1885_Adam_Chair-molle_N.txt,— Je crois bien .,— je VCOG bien .
570,1885_Adam_Chair-molle_N.txt,"Mais aussi elle est encore fort chic , remarquait Lucie .","mais aussi il être encore fort NCs , VIMP NP ."
571,1885_Adam_Chair-molle_N.txt,"— Oui , elle a de le galbe .","— oui , il avoir de le NC ."
572,1885_Adam_Chair-molle_N.txt,La mère Trumet a dû être contente de sa fille ce jour -là .,le NCs NP avoir devoir être ADJ de DETPOSS NC ce NCT ADVLIEU .
573,1885_Adam_Chair-molle_N.txt,— Oh !,— INTJ !
574,1885_Adam_Chair-molle_N.txt,"elle l' adorait , sa mioche !","il le VSENT , DETPOSS NC !"
575,1885_Adam_Chair-molle_N.txt,"Aussi elle l' a mariée avec un homme très bien qui a fait son droit , et puis il nous évite un tas d' embêtements avec la police , parce qu' il sait bien ce qui est défendu .","aussi il le avoir PPAS avec un NC très bien qui avoir faire DETPOSS NCo , et puis il nous PRES un NCo de NCSENT avec le NCmod , parce que il VCOG bien ce qui être PPAS ."
576,1885_Adam_Chair-molle_N.txt,— Elle doit être joliment heureuse .,— il devoir être ADVINT ADJ .
577,1885_Adam_Chair-molle_N.txt,"— Elle le mérite bien , c' est une bonne femme .","— il le PRES bien , ce être un ADJ NC ."
578,1885_Adam_Chair-molle_N.txt,Et dire qu' il y a de les gens qui lui reprochent son état !,et VDIC que il y avoir de le NC qui lui PRES DETPOSS NCo !
579,1885_Adam_Chair-molle_N.txt,— Faut -il être bête !,— PRES il être ADJ !
580,1885_Adam_Chair-molle_N.txt,"— Et puis il y a pas de sots métiers , il y a que de sottes gens .","— et puis il y avoir pas un ADJ NCo , il y avoir que un ADJ NC ."
581,1885_Adam_Chair-molle_N.txt,"— Et elle n' est pas sotte , elle ; oh !","— et il ne être pas ADJ , il ; INTJ !"
582,1885_Adam_Chair-molle_N.txt,non alors !,non alors !
583,1885_Adam_Chair-molle_N.txt,— Comme elle sait deviner les carottes qu' on veut lui tirer !,— comme il VCOG VCOG le NCo que on vouloir lui INF !
584,1885_Adam_Chair-molle_N.txt,"— Elle ne se laissera pas flouer allez , cette femme-là .","— il ne se laisser pas INF aller , ce femme-là ."
585,1885_Adam_Chair-molle_N.txt,"— Y a pas de danger , elle tient trop à son argent pour ça .","— y avoir pas un NCo , il PRES trop à DETPOSS NC pour ça ."
586,1885_Adam_Chair-molle_N.txt,"— Ca se comprend , quand on a eu tant de mal à le gagner .","— ça se VCOG , quand on avoir avoir tant de mal à le NC ."
587,1885_Adam_Chair-molle_N.txt,— Peuh !,— INTJ !
588,1885_Adam_Chair-molle_N.txt,"elle n' a pas eu tant de mal que ça , c' est la mère Trumet qui lui a tout laissé , et puis le père Donard .","il ne avoir pas avoir tant de mal que ça , ce être le NC NP qui lui avoir tout laisser , et puis le NC NP ."
589,1885_Adam_Chair-molle_N.txt,"Sans compter que la maison , ne va pas déjà si bien .","sans INF que le NCs , ne aller pas déjà si bien ."
590,1885_Adam_Chair-molle_N.txt,— Elle la laisse joliment tomber .,— il le laisser ADVINT INF .
591,1885_Adam_Chair-molle_N.txt,Elle ne s' en occupe pas assez .,il ne se en PRES pas ADV .
592,1885_Adam_Chair-molle_N.txt,"— Ça , elle est flemmarde comme tout .","— ça , il être ADJ comme tout ."
593,1885_Adam_Chair-molle_N.txt,"— Pourtant , ça ne va pas d' être flemmardes , quand on est intéressée comme elle .","— pourtant , ça ne aller pas de être ADJ , quand on être VSENT comme il ."
594,1885_Adam_Chair-molle_N.txt,"— Pour ça , elle l' est intéressée !","— pour ça , il le être VSENT !"
595,1885_Adam_Chair-molle_N.txt,"Vois -tu comme elle vient toujours fouiller partout , pour voir si nous n' avons pas d' argent en cachette .","NP -tre comme il venir ADVTEMPS INF ADV , pour VCOG si nous ne avoir pas de NC en NCmod ."
596,1885_Adam_Chair-molle_N.txt,"— Oui , elle a une peur bleue que nous ayons de les économies et qu' un beau jour nous lui payons nos dettes , pour la planter là .","— oui , il avoir un NCSENT ADJCOL que nous VSUBP de le NC et que un ADJ NCT nous lui PRES DETPOSS NCo , pour le INF ADVLIEU ."
597,1885_Adam_Chair-molle_N.txt,— Elle nous espionne rudement .,— il nous PRES ADVMAN .
598,1885_Adam_Chair-molle_N.txt,— Oh !,— INTJ !
599,1885_Adam_Chair-molle_N.txt,"oui , alors , elle nous espionne .","oui , alors , il nous PRES ."
600,1885_Adam_Chair-molle_N.txt,"Elle est toujours sur notre dos ... — Ne parlez pas si haut , tas d' imbéciles !","il être ADVTEMPS sur DETPOSS NCCOR ... — ne IMP pas si ADJ , NC de NCmod !"
601,1885_Adam_Chair-molle_N.txt,elle est peut-être derrière la porte ; elle écoute toujours tout ce qu' on dit .,il être peut-être ADVLIEU le NC ; il VCOG ADVTEMPS tout ce que on VDIC .
602,1885_Adam_Chair-molle_N.txt,Et Lucie Thirache allait voir doucement par le trou de la serrure s' il y avait quelqu'un dans le couloir .,et NP NP aller VCOG ADVMAN par le NC de le NCmod si il y avoir quelqu'un dans le NC .
603,1885_Adam_Chair-molle_N.txt,"IV Une dernière fois , Lucie Thirache fut se mirer en les glaces de le salon vert .","NUM un ADJ fois , NP NP être se INF en le NC de le NCmod ADJCOL ."
604,1885_Adam_Chair-molle_N.txt,"Cette robe blanche à pois bleus , rigide d' amidon , lui seyait à merveille ; sa peau était toute rose , toute rose et toute blanche , aussi fraîche que le costume .","ce NCs ADJCOL à NCmod ADJCOL , NC de NCmod , lui VIMP à NC ; DETPOSS NCCOR être tout ADJCOL , tout ADJCOL et tout ADJCOL , aussi ADJ que le NC ."
605,1885_Adam_Chair-molle_N.txt,"Elle n' avait pas mis de fard : pour aller à la campagne , c' était inutile !","il ne avoir pas mettre de NC : pour aller à le NC , ce être ADJ !"
606,1885_Adam_Chair-molle_N.txt,"Et ne pas sentir l' épiderme tiré et tendu sous le blanc gras lui paraissait une sensation nouvelle , très agréable .","et ne pas sentir le NCo PPAS et PPAS sous le ADJCOL ADJ lui paraître un NCSENT ADJ , très ADJ ."
607,1885_Adam_Chair-molle_N.txt,"Cependant , elle craignit que le soleil , le grand air ne hâlât son teint et elle passa sur son visage la caresse blanchissante d' une houppette à veloutine .","cependant , il VSENT que le NCs , le ADJ NCMAN ne VSUBI DETPOSS NCo et il VPS sur DETPOSS NCCOR le NCo ADJ de un NCmod à NCmod ."
608,1885_Adam_Chair-molle_N.txt,Elle revint à le couloir .,il VPS à le NC .
609,1885_Adam_Chair-molle_N.txt,"Laurence et Emilia attendaient la voiture qui les devait venir prendre , la Donard ayant décidé une partie champêtre pour ce jour -là .","NP et NP VIMP le NCo qui le devoir venir INF , le NP avoir PPAS un NCo NC pour ce NCT ADVLIEU ."
610,1885_Adam_Chair-molle_N.txt,"A un bruit de ferrailles dansant dans la rue Pépin , elles se ruèrent vers l' escalier , appelèrent « Madame !","à un NC de NCmod PPRES dans le NC NP , il se VPS vers le NC , VPS "" madame !"
611,1885_Adam_Chair-molle_N.txt,» toutes ensembles .,""" tout ensemble ."
612,1885_Adam_Chair-molle_N.txt,"Et , dans le fiacre , après un bonjour digne hoché à la face souriante de le cocher , ce fut toute une affaire , étaler sans froissements les jupes empesées qui craquaient à chaque geste .","et , dans le NC , PHASE un NCmod ADJ PPAS à le NC ADJ de le NCmod , ce être tout un NC , INF sans NC le NCo PPAS qui VIMP à chaque NC ."
613,1885_Adam_Chair-molle_N.txt,"La patronne , très à l' aise en une robe de popeline bleue , se moqua de leur coquetterie .","le NCs , très à le NCmod en un NCmod de NCmod ADJCOL , se VPS de lui NC ."
614,1885_Adam_Chair-molle_N.txt,"Par la ville , le fiacre roula .","par le NC , le NCs VPS ."
615,1885_Adam_Chair-molle_N.txt,"Madame avait voulu qu' on traversât les places , « ce serait plus gai .","madame avoir vouloir que on VSUBI le NCo , "" ce être plus ADJ ."
616,1885_Adam_Chair-molle_N.txt,"» Sur la place d' Armes , les cafés verdoyaient et murmuraient un cliquetis de vaisselle , de les conversations .",""" sur le NC de NP , le NCs VIMP et VIMP un NCo de NCmod , de le NC ."
617,1885_Adam_Chair-molle_N.txt,"Lucie se rappela son arrivée dans la ville , les craintes qui l' agitaient alors .","NP se VPS DETPOSS NCo dans le NCmod , le NCSENT qui le VIMP alors ."
618,1885_Adam_Chair-molle_N.txt,"Elles étaient bien ridicules , ces terreurs !","il être bien ADJ , ce NCSENT !"
619,1885_Adam_Chair-molle_N.txt,Une rude chance !,un ADJ NCspas !
620,1885_Adam_Chair-molle_N.txt,être venue à le 7 .,être venir à le NUM .
621,1885_Adam_Chair-molle_N.txt,"N' était -ce pas charmant cette promenade hors les murs ; ce goûter qu' on allait faire dans la propriété de la patronne avec les bonnes choses juchées sur la toiture de le fiacre , en deux grands paniers ?","ne être ce pas PPRES ce NCo hors le NCmod ; ce NC que on aller faire dans le NC de le NCmod avec le ADJ chose PPAS sur le NC de le NCmod , en NUM ADJ NC ?"
622,1885_Adam_Chair-molle_N.txt,"À le Café de le Centre , un monsieur la reconnut , et lui envoya de les baisers .","à le NP de le NP , un monsieur le VCOG , et lui VPS de le NC ."
623,1885_Adam_Chair-molle_N.txt,"Madame , très contrariée , lui ordonna se retirer de la portière : « Elle lui ferait avoir de les désagréments , cette grande folle -là !","madame , très VSENT , lui VPS se INF de le NC : "" il lui faire avoir de le NC , ce ADJ NCo ADVLIEU !"
624,1885_Adam_Chair-molle_N.txt,» Le soleil se dardait lourdement dans la rue de Paris .,""" le NCs se VIMP ADVMAN dans le NC de NP ."
625,1885_Adam_Chair-molle_N.txt,"Il blanchissait le badigeon pisseux de les maisons , illuminait les lettres noires de les enseignes .","il VIMP le NCo ADJ de le NCmod , VIMP le NCo ADJ de le NCmod ."
626,1885_Adam_Chair-molle_N.txt,"À les femmes toujours enfermées , ce soleil parut magnifique ; éblouies , elles furent obligées à regarder de le côté de l' ombre .","à le NC ADVTEMPS PPAS , ce NCs VPS ADJ ; PPAS , il être PPAS à VCOG de le NC de le NCmod ."
627,1885_Adam_Chair-molle_N.txt,Trois cochons éventrés à la porte d' une charcuterie excitèrent l' apitoiment de Lucie Thirache .,NUM NCs PPAS à le NC de un NCmod VSENT le NCo de NP NP .
628,1885_Adam_Chair-molle_N.txt,"Elle s' emporta contre Emilia qui s' intéressait à voir le sang filer sur la graisse blanche , finir par goutter en de les terrines posées sur le trottoir .","il se VPS contre NP qui se VSENT à VCOG le NCCOR ADJ sur le NC ADJCOL , VASP par INF en un le NCmod PPAS sur le NC ."
629,1885_Adam_Chair-molle_N.txt,"Elle s' indigna , répliqua à les plaisanteries par un argument qui amena le silence : — Qu' est -ce que vous diriez , si on vous en ferait autant ?","il se VSENT , VPS à le NC par un NC qui VPS le NCo : — que être ce que vous VCOND , si on vous en faire autant ?"
630,1885_Adam_Chair-molle_N.txt,"La chaussée s' allongeait , irrégulière , entre de les bâtiments rentrants et sortants , de les pâtés de constructions où de les ruelles sordides étaient percées .","le NCs se VIMP , ADJ , entre un le NC ADJ et ADJ , de le NC de NCmod où de le NCspas ADJ être PPAS ."
631,1885_Adam_Chair-molle_N.txt,"Madame en indiqua une très noire , très sale .","madame en VPS un très ADJ , très ADJ ."
632,1885_Adam_Chair-molle_N.txt,"— C' est là que demeure Blanche ... , la dernière maison près de le rempart .","— ce être ADVLIEU que PRES ADJCOL ... , le ADJ NC ADVLIEU de le NC ."
633,1885_Adam_Chair-molle_N.txt,— Ça pue -t -il !,— ça PRES t il !
634,1885_Adam_Chair-molle_N.txt,— Comment de les femmes peuvent -elles vouloir travailler là dedans ?,— comment de le NC pouvoir il vouloir INF ADVLIEU ADJ ?
635,1885_Adam_Chair-molle_N.txt,La Donard raconta de les horreurs : les artilleurs s' y battaient à coups de sabre et rossaient les femmes .,le NP VPS de le NC : le NCs se y VIMP à NC de NCmod et VIMP le NCo .
636,1885_Adam_Chair-molle_N.txt,"A la porte de Paris , un lignard en blouse de treillis était vautré sur un banc .","à le NC de NP , un NCspas en NCmod de NCmod être PPAS sur un NC ."
637,1885_Adam_Chair-molle_N.txt,"Il se redressa subitement , clama : — Tiens , les pucelles en sapin !","il se VPS ADV , NC : — NC , le NC en NCmod !"
638,1885_Adam_Chair-molle_N.txt,"Ces dames s' esclaffèrent , épanchèrent par le vasistas une gesticulation amicale .","ce NCs se VDIC , VPS par le NC un NC ADJ ."
639,1885_Adam_Chair-molle_N.txt,Nina agita son mouchoir tant que le soldat fut en vue .,NP VPS DETPOSS NCo tant que le NCs être en NC .
640,1885_Adam_Chair-molle_N.txt,"Lentement , le fiacre s' avança dans la porte entre les hautes murailles .","ADV , le NCs se VPS dans le NC entre le ADJ NCmod ."
641,1885_Adam_Chair-molle_N.txt,Puis le cheval trotta .,puis le NCs VPS .
642,1885_Adam_Chair-molle_N.txt,"La fille eut une rapide vision de l' octroi : deux hommes , en casquettes galonnées , écrivant derrière les fenêtres d' une maisonnette neuve .","le NCs avoir un ADJ NCo de le NCmod : NUM NC , en NCmod ADJ , PPRES ADVLIEU le NC de un NCmod ADJ ."
643,1885_Adam_Chair-molle_N.txt,En voilà une vie qui ne devait pas être drôle !,en voilà un NCo qui ne devoir pas être ADJ !
644,1885_Adam_Chair-molle_N.txt,Etre toujours enfermés !,être ADVTEMPS PPAS !
645,1885_Adam_Chair-molle_N.txt,Ne sortir que pour visiter les voitures !,ne INF que pour INF le NCo !
646,1885_Adam_Chair-molle_N.txt,"Mais brusquement , à droite , la plaine lui apparut , gisant à le loin , ondulante , toute verte .","mais ADV , à NC , le NCs lui VPS , PPRES à le ADVLIEU , ADJ , tout NC ."
647,1885_Adam_Chair-molle_N.txt,"Dans une avidité de voir , elle resta silencieuse à contempler les champs .","dans un NC de VCOG , il VPS ADJ à INF le NCo ."
648,1885_Adam_Chair-molle_N.txt,"Maintenant , la vanité , qu' elle avait eue de se sentir voiturée parmi les piétons avait disparu .","ADVT , le NCs , que il avoir PPAS de se sentir PPAS parmi le NC avoir PPAS ."
649,1885_Adam_Chair-molle_N.txt,"Toute entière , elle était accaparée par le spectacle nouveau de la campagne .","tout ADJ , il être PPAS par le NC ADJ de le NCmod ."
650,1885_Adam_Chair-molle_N.txt,"L' uniformité plate de les terres lui paraissait énorme et superbe , et les files d' arbres , perdues en une brume blanchâtre , qui terminaient le paysage , semblaient être à une distance infranchissable , dans un lointain indéfini .","le NCs ADJ de le NCmod lui paraître ADJ et ADJ , et le NC de NCmod , PPAS en un NC ADJCOL , qui VASP le NCo , VIMP être à un NC ADJ , dans un NC ADJ ."
651,1885_Adam_Chair-molle_N.txt,"Par-dessus les cîmes feuillues d' un bosquet , une cheminée de fabrique s' amincissait vers le ciel , soufflant de les nuages noirs et l' immensité de le sol cultivé montait dans le ciel bleu , bosselée par les meules jaunes , ravée par les rubans de les chemins où les voyageurs étaient perçus comme de les points immobiles .","ADV le NCs PPAS de un NCmod , un NC de NCmod se VIMP vers le NC , PPRES de le NC ADJ et le NC de le NCmod PPAS VIMP dans le NC ADJCOL , PPAS par le NC ADJCOL , PPAS par le NC de le NCmod où le NCspas être VCOG comme de le NC ADJ ."
652,1885_Adam_Chair-molle_N.txt,"A gauche de la route , de les plantes potagères régulièrement espacées laissaient voir la terre grise entre leurs alignements .","à NCs de le NCmod , de le NC ADJ ADVTEMPS PPAS VIMP VCOG le NCo ADJ entre DETPOSS NC ."
653,1885_Adam_Chair-molle_N.txt,"Laurence les dénommait dans une joie : — Ça c' est de les choux , ça c' est de les asperges ; celles qui ont de les feuilles frisées c' est de les carottes ; celles qui s' enroulent à de grands bâtons , c' est de les haricots .","NP le VIMP dans un NCSENT : — ça ce être de le NC , ça ce être de le NC ; celui qui avoir de le NC PPAS ce être de le NC ; celui qui se PRES à un ADJ NC , ce être de le NC ."
654,1885_Adam_Chair-molle_N.txt,Lucie écoutait avec attention répondant : — Ah !,NP VIMP avec NC PPRES : — INTJ !
655,1885_Adam_Chair-molle_N.txt,vraiment .,ADVINT .
656,1885_Adam_Chair-molle_N.txt,"Et elle regardait bouche béante , une émotion dans les yeux .","et il VCOG NCCOR ADJ , un NCSENT dans le NCCOR ."
657,1885_Adam_Chair-molle_N.txt,"Quoi , c' était ça qu' elle mangeait , comme c' était différent sur la table !","quoi , ce être ça que il VIMP , comme ce être ADJ sur le NC !"
658,1885_Adam_Chair-molle_N.txt,"Soudain toutes parlèrent à la fois , bâtirent de les projets de retraite champêtre pour le jour où elles seraient à le pair .","soudain tout VPS à le fois , VPS de le NC de NCmod NCmod pour le NCT où il être à le NC ."
659,1885_Adam_Chair-molle_N.txt,Elles montraient un si grand désir d' abandonner la ville et leur condition que Madame vexée se récria : — Ah !,il VIMP un si ADJ NCSENT de INF le NCo et lui NC que madame PPAS se VPS : — INTJ !
660,1885_Adam_Chair-molle_N.txt,c' est comme ça que vous me quitteriez ; c' est bon à savoir .,ce être comme ça que vous me VCOND ; ce être ADJ à VCOG .
661,1885_Adam_Chair-molle_N.txt,Elles protestèrent .,il VPS .
662,1885_Adam_Chair-molle_N.txt,Laurence embrassa la patronne .,NP VPS le NCo .
663,1885_Adam_Chair-molle_N.txt,"Mais Lucie Thirache , penchée à la portière , ne se lassait pas de considérer la plaine où les labourés mettaient de les taches brunes , les jachères de les taches jaunes .","mais NP NP , PPAS à le NC , ne se VSENT pas de INF le NCo où le NCs VIMP de le NC ADJCOL , le NC de le NCmod ADJCOL ."
664,1885_Adam_Chair-molle_N.txt,"Elle suivait le va et vient de les rouloirs aplanissant le terrain , les efforts mesurés de les chevaux que ne semblaient émouvoir les coups de fouet .","il VIMP le aller et venir de le NC PPRES le NCo , le NCspas PPAS de le NC que ne VIMP VSENT le NCo de NCmod ."
665,1885_Adam_Chair-molle_N.txt,"Ailleurs , les sarcleuses , la tête cachée sous les capotes de toile , s' avançaient en ligne , péniblement courbées .","ADVLIEU , le NCs , le NCCOR PPAS sous le NC de NCmod , se VIMP en NC , ADV PPAS ."
666,1885_Adam_Chair-molle_N.txt,Et jusqu' à Lucie arrivaient les cris de les conducteurs comme une plainte affaiblie .,et jusque à NP VIMP le NCo de le NCmod comme un NC PPAS .
667,1885_Adam_Chair-molle_N.txt,"Elle prenait plaisir à voir travailler les autres , à s' apitoyer sur leur sort , estimant sa carrière fainéante bien plus heureuse : « Oui !","il VIMP NCSENT à VCOG INF le autre , à se VSENT sur lui NC , VSENT DETPOSS NCo ADJ bien plus ADJ : "" oui !"
668,1885_Adam_Chair-molle_N.txt,Mais plus tard ?,mais plus tard ?
669,1885_Adam_Chair-molle_N.txt,» pensa -t -elle .,""" VCOG t il ."
670,1885_Adam_Chair-molle_N.txt,"Et ce « plus tard » lui sembla obscur , plein de menaces .","et ce "" plus tard "" lui sembler ADV , ADJ de NC ."
671,1885_Adam_Chair-molle_N.txt,"Elle n' était pas certaine , comme ces pauvres paysannes , de trouver jusqu' à la fin l' abri gagné par le travail ; et elle se prit à réfléchir , très triste , trouvant que la campagne énorme , éclairée par le soleil de trois heures avait , une mine de félicité tranquille , de bonheur égoïste , indifférent à son état .","il ne être pas ADJ , comme ce NC ADJ , de INF jusque à le NC le NCo PPAS par le NC ; et il se VPS à INF , très ADJ , PPRES que le NCs ADJ , PPAS par le NC de NUM NCT avoir , un NCo de NCSENT ADJ , de NCSENT ADJ , ADJ à DETPOSS NC ."
672,1885_Adam_Chair-molle_N.txt,"Le fiacre cahotait entre la fabrique qu' on avait atteinte et de les maisons basses , à enseignes de cabaret .","le NCs VIMP entre le NC que on avoir PPAS et de le NC ADJ , à NCmod de NCmod ."
673,1885_Adam_Chair-molle_N.txt,"De les ouvriers , la bouche pleine , taillaient de les tartines en dès chanteaux de pains .","de le NC , le NCCOR ADJ , VIMP de le NC en dès NCmod de NCmod ."
674,1885_Adam_Chair-molle_N.txt,"Lucie , prise d' une curiosité , interrogea Madame : — Qu' est -ce qu' on fait dans cette fabrique ?","NP , PPAS de un NCSENT , VDIC madame : — que être ce que on faire dans ce NC ?"
675,1885_Adam_Chair-molle_N.txt,Personne ne le savait .,personne ne le VCOG .
676,1885_Adam_Chair-molle_N.txt,On s' égara en de les suppositions contradictoires .,on se VF en de le NC ADJ .
677,1885_Adam_Chair-molle_N.txt,"— Tenez , voilà Lambres !","— NP , voilà NP !"
678,1885_Adam_Chair-molle_N.txt,et la maison est là-bas dans les arbres .,et le NCs être ADVLIEU dans le NC .
679,1885_Adam_Chair-molle_N.txt,Toutes se penchèrent .,tout se VPS .
680,1885_Adam_Chair-molle_N.txt,La route poudreuse allait vers une masse de feuillage dont les trouées laissaient voir une bâtisse blanche .,le NCs ADJ aller vers un NC de NCmod dont le NCs VIMP VCOG un NCo ADJCOL .
681,1885_Adam_Chair-molle_N.txt,"Elles ne quittèrent plus de les yeux cette perspective , écoutèrent les renseignements que donnait la patronne .","il ne VPS plus de le NCCOR ce NCo , VCOG le NCo que VIMP le NCs ."
682,1885_Adam_Chair-molle_N.txt,"Elle l' avait achetée en 1876 , à un monsieur habitant Le Quenoy ... On arriva .","il le avoir PPAS en NUM , à un monsieur PPRES le NP ... on VPS ."
683,1885_Adam_Chair-molle_N.txt,"La maison se trouvait à le fond d' un jardin très boisé , ceint d' une haie .","le NCs se VIMP à le NC de un NCmod très ADJ , NC de un NCmod ."
684,1885_Adam_Chair-molle_N.txt,"À le milieu de la haie , deux pilastres en briques servaient de chambranle à une porte jaune .","à le milieu de le NCmod , NUM NCs en ADJCOL VIMP de NC à un NCmod ADJCOL ."
685,1885_Adam_Chair-molle_N.txt,Les femmes entrèrent en secouant les plis de leurs costumes ; elles lissèrent leurs tailles par de les caresses qui enveloppaient toutes les rondeurs .,le NCs VPS en PPRES le NCo de DETPOSS NCmod ; il VPS DETPOSS NCo par un le NC qui VIMP tout le NCo .
686,1885_Adam_Chair-molle_N.txt,"Et , aussitôt , ayant vu un ruisseau qui serpentait entre les carrés de légumes , elles coururent , s' émerveillèrent à considérer les ventres nickelés de les épinoches zigzaguant dans l' eau verte .","et , aussitôt , avoir VCOG un NCo qui VIMP entre le NC de NCmod , il PRES , se VSENT à INF le NCCOR PPAS de le NCmod PPRES dans le NC ADJCOL ."
687,1885_Adam_Chair-molle_N.txt,"Emilia s' accroupit à le bord , essaya de les attraper .","NP se PRES à le NC , NC de le INF ."
688,1885_Adam_Chair-molle_N.txt,Elle ne réussit qu' à se mouiller les mains et à faire de les taches sur sa robe .,il ne PRES que à se INF le NCCOR et à faire de le NC sur DETPOSS NCmod .
689,1885_Adam_Chair-molle_N.txt,Les autres femmes s' empressèrent autour d' elle avec de les exclamations désespérées .,le autre NCs se VPS ADV de il avec de le NC ADJ .
690,1885_Adam_Chair-molle_N.txt,"C' était bien ennuyeux , une robe qu' on étrennait !","ce être bien ADJ , un NC que on VIMP !"
691,1885_Adam_Chair-molle_N.txt,Il fallait toujours quelque chose pour gâter la joie !,il VIMP ADVTEMPS quelque chose pour INF le NCSENT !
692,1885_Adam_Chair-molle_N.txt,On suivait le cours d' eau .,on VIMP le NCo de NCmod .
693,1885_Adam_Chair-molle_N.txt,Madame avait pris le bras de Lucie et continuait à faire l' historique de son acquisition ; maintenant elle énumérait les réparations qu' elle avait dû entreprendre .,madame avoir PPAS le NCCOR de NP et VIMP à faire le NCo de DETPOSS NCmod ; ADVT il VIMP le NCo que il avoir devoir INF .
694,1885_Adam_Chair-molle_N.txt,"— Le long de le chemin de halage , j' ai été forcée de faire construire un mur , parce que les cordes de les bateaux mangeaient la haie , c' en était dégoûtant .","— le NC de le NCmod de NCmod , je avoir être PPAS de faire INF un NCo , parce que le NCs de le NCmod VIMP le NCo , ce en être PPRES ."
695,1885_Adam_Chair-molle_N.txt,— La rivière passe tout près ?,— le NCs PRES tout ADVLIEU ?
696,1885_Adam_Chair-molle_N.txt,"— Mais oui , c' est la Scarpe .","— mais oui , ce être le NP ."
697,1885_Adam_Chair-molle_N.txt,Il y a toujours de les bateaux .,il y avoir ADVTEMPS de le NC .
698,1885_Adam_Chair-molle_N.txt,"Pour qu' on puisse voir , j' ai fait poser une grille dans le mur .","pour que on pouvoir VCOG , je avoir faire INF un NCo dans le NC ."
699,1885_Adam_Chair-molle_N.txt,"Les femmes allèrent à cette grille ; à le pied , le mâchefer de le chemin était étalé , et , au-delà , l' eau stagnait en une nappe huileuse .","le NCs aller à ce NC ; à le NCCOR , le NCspas de le NCmod être PPAS , et , ADV , le NCs VIMP en un NC ADJ ."
700,1885_Adam_Chair-molle_N.txt,"Un bateau noir de goudron se dressait immobile ; sur le pont , entre de les empilements de sacs , une minuscule guérite s' élevait , blanche et rouge .","un NCs ADJ de NCmod se VIMP ADJ ; sur le NC , entre de le NCmod de NCmod , un ADJ NCs se VIMP , ADJCOL et ADJCOL ."
701,1885_Adam_Chair-molle_N.txt,Cette guérite occupa beaucoup Lucie .,ce NCs VPS beaucoup NP .
702,1885_Adam_Chair-molle_N.txt,"Elle se demandait comment les bateliers pouvaient vivre là-dedans , sans air , entassés les uns sur les autres .","il se VIMP comment le NCs pouvoir INF NCo , sans NCMAN , PPAS le un sur le autre ."
703,1885_Adam_Chair-molle_N.txt,Ça devait sentir joliment mauvais .,ça devoir sentir ADVINT ADJ .
704,1885_Adam_Chair-molle_N.txt,"Comme personne ne sortait de la cabane , contre son attente , elle quitta ce lieu , se mit à marcher entre les parterres .","comme NCs ne VIMP de le NC , contre DETPOSS NC , il VPS ce NCo , se mettre à INF entre le NC ."
705,1885_Adam_Chair-molle_N.txt,Les autres la suivirent .,le autre le VPS .
706,1885_Adam_Chair-molle_N.txt,"Les fleurs , arrangées en corbeilles , lui parurent très jolies .","le NCs , PPAS en NC , lui PRES très ADJ ."
707,1885_Adam_Chair-molle_N.txt,"Elle s' extasia devant les fines clochettes de les fuchsias , les couleurs éclatantes de les pensées , les épanouissements de les roses qu' Emilia comparait à de petits choux .","il se VPS ADVLIEU le ADJ NC de le NCmod , le NCo ADJ de le NCmod , le NCSENT de le ADJCOL que NP VIMP à un ADJ NC ."
708,1885_Adam_Chair-molle_N.txt,"La Donard avait de les souliers neufs dont les lacets se dénouaient sans cesse ; chaque fois qu' elle s' occupait à les attacher , les filles arrachaient vivement une fleur et la cachaient dans leurs poches .","le NP avoir de le NC ADJ dont le NCs se VIMP sans NC ; chaque fois que il se VIMP à le INF , le NCs VIMP ADVINT un NCo et le VIMP dans DETPOSS NC ."
709,1885_Adam_Chair-molle_N.txt,"Soudain Emilia découvrit une grenouille tapie près un plant de géraniums ; elle la ramassa et se mit à poursuivre Laurence , menaçant de la lui jeter .","soudain NP VCOG un NCo PPAS ADVLIEU un NCo de NCmod ; il le VPS et se mettre à INF NP , VDIC de le lui INF ."
710,1885_Adam_Chair-molle_N.txt,"Nina , réfugiée auprès de la patronne , craignait fort , sans oser le dire , qu' Emilia ne vînt l' attaquer aussi .","NP , PPAS ADV de le NC , VSENT fort , sans INF le VDIC , que NP ne PRES le INF aussi ."
711,1885_Adam_Chair-molle_N.txt,"Mais Laurence essoufflée s' arrêta très en colère , déclara à sa compagne que , si jamais elle la touchait avec cette vilaine bête , elle verrait un peu .","mais NP PPAS se VPS très en NCSENT , VPS à DETPOSS NC que , si ADVTEMPS il le VIMP avec ce NC ADJ , il VCOND un peu ."
712,1885_Adam_Chair-molle_N.txt,Emilia lâcha la grenouille et reprit sa poursuite .,NP VPS le NCo et VPS DETPOSS NCo .
713,1885_Adam_Chair-molle_N.txt,"Alors , avec de grands éclats de rire , la Donard et Nina se mêlèrent à ce jeu .","alors , avec un ADJ NC de NCMAN , le NP et NP se VPS à ce NC ."
714,1885_Adam_Chair-molle_N.txt,"Il y eut une course folle à travers les arbres , de les enjambements maladroits par dessus les parterres et de les embrassades furieuses quand on s' attrapait .","il y avoir un NCo ADJ à travers le NCmod , de le NCmod ADJ par ADV le NCo et de le NC ADJ quand on se VIMP ."
715,1885_Adam_Chair-molle_N.txt,"Elles redoublaient leurs gambades , levant très haut les jupons ; elles avaient remarqué les œillades que lançait dans leurs dessous , un jardinier émondant les saules .","il VIMP DETPOSS NCo , PPRES très ADV le NCo ; il avoir PPAS le NCo que VIMP dans DETPOSS NC , un NC PPRES le NCo ."
716,1885_Adam_Chair-molle_N.txt,La mine piteuse de le mâle les amusa beaucoup .,le NCs ADJ de le NCmod le VSENT beaucoup .
717,1885_Adam_Chair-molle_N.txt,"En courant , elles escaladèrent un tertre qui dominait le mur et le paysage extérieur .","en NC , il PRES un NCo qui VIMP le NCo et le NC ADJ ."
718,1885_Adam_Chair-molle_N.txt,"Devant une fabrique , à les bâtiments noircis , la Scarpe coulait , s' enfuyait sous un pont vers les remparts de la ville .","ADVLIEU un NC , à le NCmod ADJ , le NP VIMP , se VIMP sous un NC vers le NC de le NCmod ."
719,1885_Adam_Chair-molle_N.txt,"Un châlet se montrait sur la même rive , bouchant la vue de la campagne .","un NCs se VIMP sur le même NC , PPRES le NCo de le NCmod ."
720,1885_Adam_Chair-molle_N.txt,"Lucie fit remarquer que ce tertre était mal placé , on aurait dû l' ériger de l' autre côté de le jardin , de le côté où on voyait les champs .","NP faire INF que ce NCspas être mal PPAS , on avoir devoir le NCo de le autre NCmod de le NCmod , de le NCmod où on VCOG le NCo ."
721,1885_Adam_Chair-molle_N.txt,"— C' est si beau les champs , dit Emilia .","— ce être si PPAS le NCo , VDIC NP ."
722,1885_Adam_Chair-molle_N.txt,"— Madame , appuya Laurence , voulez -vous que nous y allions dans les champs , nous cueillerons de les reines-marguerites , il y en a plein dans les fossés ; je les ai vues en venant .","— madame , VPS NP , vouloir vous que nous y aller dans le NC , nous PRES de le NC , il y en avoir ADV dans le NC ; je le avoir VCOG en venir ."
723,1885_Adam_Chair-molle_N.txt,"— Allons -y , si vous y tenez , autorisa la patronne .","— NP y , si vous y PRES , VPS le NCo ."
724,1885_Adam_Chair-molle_N.txt,"Elles s' en furent le long de la haie , jusqu' à la porte , en chantonnant .","il se en être le NC de le NCmod , jusque à le NC , en NC ."
725,1885_Adam_Chair-molle_N.txt,"Seule Lucie était silencieuse , elle allait revoir les travailleurs : elle songea à sa condition ; à Léon qui , maintenant bien loin d' elle , l' avait sans doute oubliée .","NP NP être ADJ , il aller VCOG le NCo : il VPS à DETPOSS NC ; à NP qui , ADVT bien ADVLIEU de il , le avoir sans NCSENT VCOG ."
726,1885_Adam_Chair-molle_N.txt,"Elle s' abîma en une mélancolie , se rappelant le passé , ses joies de jeune amoureuse .","il se VPS en un NCSENT , se PPRES le NCo , DETPOSS NCSENT de ADJ NCmod ."
727,1885_Adam_Chair-molle_N.txt,Perdues toutes ces félicités !,PPAS tout ce NCSENT !
728,1885_Adam_Chair-molle_N.txt,"Heureusement , que lui ne savait pas sa position , ne se la représentait pas , ainsi qu' elle était , salie par toutes les lèvres , avilie par tous les contacts !","heureusement , que lui ne VCOG pas DETPOSS NCo , ne se le VIMP pas , ainsi que il être , PPAS par tout le NCCOR , PPAS par tout le NC !"
729,1885_Adam_Chair-molle_N.txt,"Et le malheur , c' est qu' elle était sans courage pour sortir de cet état ; et puis elle n' était pas libre ; les dettes s' accumulaient , la Donard la tenait par là .","et le NC , ce être que il être sans NC pour INF de ce NC ; et puis il ne être pas ADJ ; le NCs se VIMP , le NP le VIMP par ADVLIEU ."
730,1885_Adam_Chair-molle_N.txt,"Déjà on était sorti de le jardin , on longeait les champs sur la route .","déjà on être PPAS de le NC , on VIMP le NCo sur le NCmod ."
731,1885_Adam_Chair-molle_N.txt,Un cri d' Emilia qui marchait à le haut de le talus fit retourner Lucie .,un NC de NP qui VIMP à le NC de le NCmod faire INF NP .
732,1885_Adam_Chair-molle_N.txt,"— Tiens , un nid de chrétiens !","— NP , un NC de NCmod !"
733,1885_Adam_Chair-molle_N.txt,Elle alla avec les autres à l' endroit que la fille indiquait .,il aller avec le autre à le NC que le NCs VIMP .
734,1885_Adam_Chair-molle_N.txt,"Les herbes étaient couchées sur un grand espace , foulées , mâchées ; une épingle à cheveux s' accrochait à quelques brins de seigle vert .","le NCspas être PPAS sur un ADJ NC , NC , PPAS ; un NCs à NCCOR se VIMP à quelque NC de NCmod ADJCOL ."
735,1885_Adam_Chair-molle_N.txt,"11 y eut une avalanche de plaisanteries grivoises , une supputation de les spasmes voluptueux dont avaient frémi les êtres qui s' étaient vautrés là amoureusement .","NUM y avoir un NCo de NCmod ADJ , un NC de le NCmod ADJ dont avoir PPAS le être qui se être PPAS ADVLIEU ADVMAN ."
736,1885_Adam_Chair-molle_N.txt,"Et Nina se promit conter la chose , le soir , à ses clients préférés ; ils ne manqueraient pas de faire de les réflexions très drôles .","et NP se VPS INF le chose , le NCT , à DETPOSS NC ADJ ; il ne VCOND pas de faire de le NC très ADJ ."
737,1885_Adam_Chair-molle_N.txt,On rentra pour le goûter .,on VPS pour le INF .
738,1885_Adam_Chair-molle_N.txt,"Madame , partie en avant , conseilla à ses pensionnaires un court repos .","madame , NC en PHASE , VPS à DETPOSS NC un ADJ NCo ."
739,1885_Adam_Chair-molle_N.txt,"Dans les herbes hautes , chacune se vautra moelleusement .","dans le NC ADJ , chacun se VF ADV ."
740,1885_Adam_Chair-molle_N.txt,"Lucie couchée sur le dos , voyait près sa figure les herbes se balancer , transparentes .","NCs PPAS sur le NCCOR , VCOG ADVLIEU DETPOSS NCCOR le NC se INF , ADJ ."
741,1885_Adam_Chair-molle_N.txt,Elle avait mis un mouchoir sur son front pour le garantir de le trop ardent soleil .,il avoir mettre un NCo sur DETPOSS NCCOR pour le NC de le trop ADJ NCmod .
742,1885_Adam_Chair-molle_N.txt,"Dans ses cheveux , dans son cou , de les brins de verdure la chatouillaient en une caresse agaçante que la fille recherchait .","dans DETPOSS NCCOR , dans DETPOSS NCCOR , de le NCmod de NCmod le VIMP en un NC ADJ que le NCs VIMP ."
743,1885_Adam_Chair-molle_N.txt,"Et , tout autour d' elle , c' était un bruissement continu , un cliquetement de tiges qui se redressent , un bourdonnement de guêpes en butin .","et , tout ADV de il , ce être un NC ADJ , un NC de NCmod qui se PRES , un NC de NCmod en NCmod ."
744,1885_Adam_Chair-molle_N.txt,"En haut , le ciel très bleu , où filaient les ventres blancs de les hirondelles , dont le vol circulaire s' abaissait tout à coup , soulevait sur l' eau transparente une écume d' argent .","en NC , le NCs très ADJCOL , où VIMP le NCCOR ADJCOL de le NCmod , dont le NCs ADJ se VIMP tout à NC , VIMP sur le NC VSUBP un NCo de NCmod ."
745,1885_Adam_Chair-molle_N.txt,"Lucie ne bougeait pas , désireuse de ressentir le frôlement de leurs ailes , elle regardait vaguement les arbres , le gazon , frissonnants dans une buée violette .","NP ne VIMP pas , ADJ de VSENT le NCo de DETPOSS NCmod , il VCOG ADV le NCo , le NC , PPRES dans un NC ADJCOL ."
746,1885_Adam_Chair-molle_N.txt,"Et de ses pensées tristes , il ne restait plus rien .","et de DETPOSS NC ADJ , il ne VIMP plus rien ."
747,1885_Adam_Chair-molle_N.txt,"En elle était venue l' appétence d' une perpétuelle oisiveté , d' une torpeur alanguissante , où elle s' abandonnerait délicieusement , enfoncée dans les grandes herbes .","en il être venir le NCs de un ADJ NCmod , de un NCmod ADJ , où il se VCOND ADVINT , PPAS dans le ADJ NC ."
748,1885_Adam_Chair-molle_N.txt,"A un appel de la patronne , elle dut se lever , rejoindre Emilia et Laurence qui s' avançaient en riant vers le jardinier .","à un NC de le NCmod , il devoir se INF , INF NP et NP qui se VIMP en PPRES vers le NC ."
749,1885_Adam_Chair-molle_N.txt,"L' homme était assis sur la tête d' un saule et , muni d' un sécateur , il abattait les branches .","le NCs être PPAS sur le NCCOR de un NCmod et , PPAS de un NC , il VIMP le NCo ."
750,1885_Adam_Chair-molle_N.txt,"Les femmes s' amusaient à entendre la mastication de l' instrument , à voir tomber les gaules , avec de les froissements .","le NCs se VIMP à VCOG le NCo de le NCmod , à VCOG INF le NCo , avec de le NC ."
751,1885_Adam_Chair-molle_N.txt,"Laurence , la première , adressa la parole à l' ouvrier .","NP , le ADJ , VPS le NCo à le NC ."
752,1885_Adam_Chair-molle_N.txt,"— Vous aviez l' air joliment chaud , tout à l' heure , quand nous courions là-bas ?","— vous VSUBP le NCMAN ADVINT ADJ , tout à le NCT , quand nous NC ADVLIEU ?"
753,1885_Adam_Chair-molle_N.txt,— Ah !,— INTJ !
754,1885_Adam_Chair-molle_N.txt,"dame , je ne ravise pas toudis de les bellées gambes comme nô .","NC , je ne PRES pas ADV de le NC ADJ comme INTJ ."
755,1885_Adam_Chair-molle_N.txt,Ce patois les réjouit énormément .,ce NCs le VSENT ADVINT .
756,1885_Adam_Chair-molle_N.txt,Elles s' amusèrent à faire causer lé paysan .,il se VPS à faire INF PPAS NC .
757,1885_Adam_Chair-molle_N.txt,"Bientôt , il descendit de son arbre et devint entreprenant .","bientôt , il VPS de DETPOSS NC et devenir PPRES ."
758,1885_Adam_Chair-molle_N.txt,Il avait empoigné Emilia par la taille et voulait l' embrasser .,il avoir PPAS NP par le NC et vouloir le INF .
759,1885_Adam_Chair-molle_N.txt,"A cette démonstration , les femmes se fâchèrent subitement , lui commandèrent de se tenir tranquille ; Elles étaient vexées de se voir traiter ainsi par un homme de rien .","à ce NC , le NCs se VSENT ADV , lui VPS de se INF ADJ ; il être VSENT de se VCOG INF ainsi par un NC de rien ."
760,1885_Adam_Chair-molle_N.txt,Leur dignité se révolta : Avait -on jamais vu un pareil pignouf qui prenait de les manières !,DETPOSS NCs se VPS : avoir on ADVTEMPS VCOG un NCo ADJ qui VIMP de le NC !
761,1885_Adam_Chair-molle_N.txt,"Un instant le jardinier resta ahuri , puis il cria avec une colère : — Bah !","un NCs le NCmod VPS VSENT , puis il VDIC avec un NCSENT : — INTJ !"
762,1885_Adam_Chair-molle_N.txt,bah !,INTJ !
763,1885_Adam_Chair-molle_N.txt,"faut pas faire les bégueules , parce qu' on a mie de les bellées capotes , on est un homme tout de même , pas vrai ?","PRES pas faire le NCo , parce que on PRES NCo de le NCmod ADJ , on être un NC tout de même , pas vrai ?"
764,1885_Adam_Chair-molle_N.txt,Alors de quoi ?,alors de quoi ?
765,1885_Adam_Chair-molle_N.txt,Il y en a assez d' autres qui ont frotté t' panche ed' putain .,il y en avoir ADV de autre qui avoir PPAS NUM NCo eun NC .
766,1885_Adam_Chair-molle_N.txt,"Les femmes s' éloignèrent , contristées .","le NCs se VPS , VSENT ."
767,1885_Adam_Chair-molle_N.txt,"Mais , dans la cuisine , l' aspect d' une table surchargée de victuailles , de bouteilles , de pâtisseries , les remit en joie .","mais , dans le NC , le NCs de un NCmod PPAS de NC , de NC , de NC , le VPS en NCSENT ."
768,1885_Adam_Chair-molle_N.txt,Elles mangèrent avidement .,il VPS ADVMAN .
769,1885_Adam_Chair-molle_N.txt,Elles s' amusaient à conter l' histoire de le jardinier qu' elles trouvaient très drôle maintenant .,il se VIMP à INF le NCo de le NCmod que il VIMP très ADJ ADVT .
770,1885_Adam_Chair-molle_N.txt,"Et on trinqua à Madame , une si bonne personne .","et on VPS à madame , un si ADJ NCo ."
771,1885_Adam_Chair-molle_N.txt,"On fit l' éloge de sa propriété , en énumérant les splendeurs de le jardin .","on faire le NCo de DETPOSS NCmod , en PPRES le NCo de le NCmod ."
772,1885_Adam_Chair-molle_N.txt,"Laurence , ayant par mégarde , tiré de sa , poche une de les fleurs cueillies , la patronne la sermonna doucement .","NP , avoir par NC , PPAS de DETPOSS , NC un de le NCmod ADJ , le NCs le VPS ADVMAN ."
773,1885_Adam_Chair-molle_N.txt,"Toutes , enhardies par cette affectation de bonté , tirèrent également de les fleurs de leurs mouchoirs .","tout , PPAS par ce NC de NCSENT , VPS également de le NC de DETPOSS NCmod ."
774,1885_Adam_Chair-molle_N.txt,Un fou rire les prit .,un ADJ NCMAN le VPS .
775,1885_Adam_Chair-molle_N.txt,Madame elle-même se tordait en répétant : — Gamines !,madame elle-même se VIMP en PPRES : — NP !
776,1885_Adam_Chair-molle_N.txt,Oh !,INTJ !
777,1885_Adam_Chair-molle_N.txt,les gamines !,le NC !
778,1885_Adam_Chair-molle_N.txt,Le fermier en entrant interrompit leur hilarité .,le NCs en PPRES VPS lui NCo .
779,1885_Adam_Chair-molle_N.txt,"Lucie soupira , attendant l' annonce d' une catastrophe pressentie .","NP VF , PPRES le NCo de un NCmod PPAS ."
780,1885_Adam_Chair-molle_N.txt,— Madame Donard .,— madame NP .
781,1885_Adam_Chair-molle_N.txt,Ch' est l' voiture qui attend !,NP être le NC qui PRES !
782,1885_Adam_Chair-molle_N.txt,De les larmes vinrent à les yeux de la fille .,de le NC venir à le NCCOR de le NCmod .
783,1885_Adam_Chair-molle_N.txt,quand il fallut remettre son chapeau .,quand il VPS INF DETPOSS NCo .
784,1885_Adam_Chair-molle_N.txt,"Ses regards étaient si troublés , qu' elle tourna ses brides à l' envers et eut beaucoup de mal à faire son nœud .","DETPOSS NCMAN être si VSENT , que il VPS DETPOSS NCo à le NCmod et avoir beaucoup de mal à faire DETPOSS NCo ."
785,1885_Adam_Chair-molle_N.txt,"Elle maudissait la patronne qui les ramenait à la boîte , où on allait les coffrer pour un longtemps .","il VIMP le NCo qui le VIMP à le NC , où on aller le INF pour un longtemps ."
786,1885_Adam_Chair-molle_N.txt,"Il fallait qu' elle fût sans cœur , cette femme -là pour torturer ainsi de pauvres filles .","il VIMP que il être sans NC , ce NC ADVLIEU pour INF ainsi de ADJ NCo ."
787,1885_Adam_Chair-molle_N.txt,"D' ailleurs , il n' y avait pas à se plaindre , puisqu' on s' était vendue ?","de ADVLIEU , il ne y avoir pas à se INF , puisque on se être PPAS ?"
788,1885_Adam_Chair-molle_N.txt,Et ce mot « vendue » résonnait à son oreille sans arrêt .,"et ce NCs "" NC "" VIMP à DETPOSS NCCOR sans NCmod ."
789,1885_Adam_Chair-molle_N.txt,"Une fois en voiture , quand elle eut mis son visage à la portière , les plaisanteries de ses compagnes , la paresseuse jouissance de se sentir mouvoir sans agir , rendirent à Lucie sa bonne humeur .","un fois en NCmod , quand il avoir mettre DETPOSS NCCOR à le NC , le NCs de DETPOSS NCmod , le ADJ NCSENT de se sentir INF sans INF , VPS à NP DETPOSS ADJ NCo ."
790,1885_Adam_Chair-molle_N.txt,"Elle se trouva bien ainsi , assise sur de les coussins capitonnés .","il se VPS bien ainsi , PPAS sur un le NC PPAS ."
791,1885_Adam_Chair-molle_N.txt,"De le reste , il fallait prendre la vie comme elle venait , sans se casser la tête à chercher midi à quatorze heures .","de le NC , il VIMP INF le NCo comme il venir , sans se INF le NCCOR à INF NCo à NUM NCT ."
792,1885_Adam_Chair-molle_N.txt,"Calmée par cette réflexion , elle contempla béatement le ciel de pourpre qui flambait à l' horizon , sous les arbres .","PPAS par ce NC , il VPS ADVMAN le NCo de ADJCOL qui VIMP à le NC , sous le NC ."
793,1885_Adam_Chair-molle_N.txt,"Douai se cachait derrière la verdure de les remparts , et , par delà les feuillages , le beffroi dressait ses clochetons dont l' or s' irradiait .","NP se VIMP ADVLIEU le NC de le NCmod , et , par delà le NC , le NCs VIMP DETPOSS NCo dont le NCs se VIMP ."
794,1885_Adam_Chair-molle_N.txt,"Lucie Thirache devint presque gaie , puis tout à fait joyeuse .","NP NP devenir presque NC , puis tout à NC ADJ ."
795,1885_Adam_Chair-molle_N.txt,"Elle éclata même de rire en voyant sur le bord de la route , de tous petits garçons qui relevaient leurs chemises , pour découvrir les blancheurs de leurs ventres .","il VPS même de INF en VCOG sur le NC de le NCmod , de tout ADJ NC qui VIMP DETPOSS NCo , pour VCOG le NCo de DETPOSS NCCOR ."
796,1885_Adam_Chair-molle_N.txt,"A la vue de les fortifications , de le pont qu' on allait franchir , il revint à la fille comme un vague désir d' être déjà rentrée , de voir si les choses étaient en leurs places à le 7 , de considérer Monsieur et les faces accoutumées de les clients .","à le NC de le NCmod , de le NCmod que on aller INF , il VPS à le NC comme un ADJ NCSENT de être déjà PPAS , de VCOG si le chose être en DETPOSS NC à le NUM , de INF monsieur et le NC PPAS de le NC ."
797,1885_Adam_Chair-molle_N.txt,"Quand les employés de l' octroi visitèrent la voiture , elle fut très drôle .","quand le NCs de le NCmod VPS le NCo , il être très ADJ ."
798,1885_Adam_Chair-molle_N.txt,A leur demande : « Vous n' avez rien à déclarer ?,"à lui NC : "" vous ne avoir rien à INF ?"
799,1885_Adam_Chair-molle_N.txt,"» elle tira gravement son porte-monnaie et dit : — Combien ça paye , les petites femmes ?",""" il VPS ADVMAN DETPOSS NCo et VDIC : — combien ça PRES , le ADJ NCo ?"
800,1885_Adam_Chair-molle_N.txt,"Et le fiacre rentra dans la ville , bavant de les éclats de rire , ramena à le 7 les femmes hilares .","et le NCs VPS dans le NC , PPRES de le NC de INF , VPS à le NUM le NCo ADJ ."
801,1885_Adam_Chair-molle_N.txt,"V L' été fut très chaud , cette année -là .","NUM le NCs être très ADJ , ce NCT ADVLIEU ."
802,1885_Adam_Chair-molle_N.txt,"Tout le jour , les filles couchées sur le divan de le petit salon , sommeillaient , presque nues .","tout le NCT , le NCs PPAS sur le NC de le ADJ NCmod , VIMP , presque ADJ ."
803,1885_Adam_Chair-molle_N.txt,"Et dans la pièce sombre , un silence , continuellement , pesait .","et dans le NC ADJ , un NCs , ADVTEMPS , VIMP ."
804,1885_Adam_Chair-molle_N.txt,"Parfois , une mouche bourdonnante venait planer au-dessus de les chairs moites , et une femme la chassait , en jurant .","ADVTEMPS , un NCs ADJ venir INF ADVLIEU de le NCCOR ADJ , et un NCs le VIMP , en PPRES ."
805,1885_Adam_Chair-molle_N.txt,Nulle ne travaillait .,NP ne VIMP .
806,1885_Adam_Chair-molle_N.txt,Lucie elle-même abandonna son tricot ; ça l' impatientait de sentir toujours les aiguilles glisser entre ses doigts humides de transpiration .,NP elle-même VPS DETPOSS NCo ; ça le VSENT de sentir ADVTEMPS le NCo INF entre DETPOSS NCCOR ADJ de NCmod .
807,1885_Adam_Chair-molle_N.txt,Elles vivaient dans une paresse avachie .,il VIMP dans un NC ADJ .
808,1885_Adam_Chair-molle_N.txt,Les parties de campagne se renouvelèrent rarement .,le NCs de NCmod se VPS ADVTEMPS .
809,1885_Adam_Chair-molle_N.txt,"La Donard ne les organisait qu' à les grandes occasions , et encore , si la conduite de de les pensionnaires l' avait complètement satisfaite .","le NP ne le VIMP que à le ADJ NC , et encore , si le NCs de de le NCmod le avoir ADVINT ADJ ."
810,1885_Adam_Chair-molle_N.txt,"Et les soirées aussi s' écoulaient , mornes .","et le NCT aussi se VIMP , NC ."
811,1885_Adam_Chair-molle_N.txt,Il ne venait plus de clients ; tous avaient déserté la ville universitaire dès le mois de juillet .,il ne venir plus de NC ; tout avoir PPAS le NCo ADJ dès le NCT de MOIS .
812,1885_Adam_Chair-molle_N.txt,"A peine , de temps à autre , un voyageur entrait à le salon , jetait sur la table son guide et , sa lorgnette s' écroulait sur le canapé dans un harassement .","à NCSENT , de temps à autre , un NCs VIMP à le NC , VIMP sur le NC DETPOSS NCo et , DETPOSS NCs se VIMP sur le NC dans un NC ."
813,1885_Adam_Chair-molle_N.txt,"Il restait peu avec les femmes , pressé de monter , de reposer en un lit la lassitude de ses membres .","il VIMP peu avec le NC , ADJ de INF , de INF en un NC le NCSENT de DETPOSS NCmod ."
814,1885_Adam_Chair-molle_N.txt,"Ce n' étaient plus les gaies réunions d' hiver où les chants , les danses , les histoires drôles amusaient ces dames ; personne qui leur prêtât un roman ; toute distraction manquait .","ce ne être plus le ADJ NC de NCmod où le NCs , le NC , le NC ADJ VIMP ce NCo ; NC qui lui VSUBI un NCo ; tout NCSENT VIMP ."
815,1885_Adam_Chair-molle_N.txt,L' ennui bientôt empoigna Lucie Thirache .,le NCSENT bientôt VPS NP NP .
816,1885_Adam_Chair-molle_N.txt,"Elle se perdait en de les rêvasseries monotones ; elle songeait à son passé , à son amour pour Léon ; et de les regrets sans cesse l' attristèrent .","il se VIMP en de le NC ADJ ; il VIMP à DETPOSS NC , à DETPOSS NCSENT pour NP ; et de le NCSENT sans NCmod le VSENT ."
817,1885_Adam_Chair-molle_N.txt,"Et puis , c' était une appréhension terrifiante de l' avenir ; elle vieillirait , se fanerait , et , quand elle aurait perdu fraîcheur et beauté , on la chasserait de les maisons chères ; elle roulerait de bordel en bordel , jusqu' à le jour où elle tomberait dans les maisons à un franc , ces bouges infects dont les roulures de passage parlaient avec dégoût , ces bouges où il fallait se livrer à de les gens malpropres et à de les soldats ivres .","et puis , ce être un NCSENT ADJ de le NCmod ; il VCOND , se VCOND , et , quand il avoir PPAS ADJ et ADJ , on le VCOND de le NC ADJ ; il VCOND de NC en NC , jusque à le NCT où il VCOND dans le NC à un NCmod , ce NC ADJ dont le NCs de NCmod VIMP avec NCSENT , ce NC où il VIMP se INF à de le NC ADJ et à de le NC ADJ ."
818,1885_Adam_Chair-molle_N.txt,"Enfin , quand elle serait tout à fait décatie , on la mettrait dans la rue , et alors que deviendrait -elle ?","PHASE , quand il être tout à NC PPAS , on le mettre dans le NC , et alors que devenir il ?"
819,1885_Adam_Chair-molle_N.txt,Peut-être aurait -elle la chance de mourir auparavant .,peut-être avoir il le NC de INF ADV .
820,1885_Adam_Chair-molle_N.txt,Cela vaudrait mieux sans doute .,cela VCOND mieux sans NCSENT .
821,1885_Adam_Chair-molle_N.txt,"C' était pourtant les hommes qui la menaient là , avec leurs sales passions !","ce être pourtant le NC qui le VIMP ADVLIEU , avec DETPOSS ADJ NCSENT !"
822,1885_Adam_Chair-molle_N.txt,Oh !,INTJ !
823,1885_Adam_Chair-molle_N.txt,si jamais elle pouvait se venger d' eux !,si ADVTEMPS il pouvoir se INF de eux !
824,1885_Adam_Chair-molle_N.txt,Comme elle leur en voulait à ces salops -là !,comme il lui en vouloir à ce NC ADVLIEU !
825,1885_Adam_Chair-molle_N.txt,"Et toujours , l' image de la mort s' offrait à elle comme une promesse de délivrance , comme le terme désirable de ses malheurs et de son asservissement .","et ADVTEMPS , le NCs de le NCmod se VIMP à il comme un NC de NCmod , comme le NCmod ADJ de DETPOSS NCmod et de DETPOSS NC ."
826,1885_Adam_Chair-molle_N.txt,"Obsédée par cette pensée , elle la poursuivait dans toutes ses conséquences ; elle se représentait son enterrement , le catafalque élevé dans le couloir à les murs roses ; et , si elle décédait à le 7 , certainement la bière ne pourrait passer dans l' escalier , il faudrait la descendre à le moyen de cordes .","PPAS par ce NC , il le VIMP dans tout DETPOSS NC ; il se VIMP DETPOSS NCo , le NC ADJ dans le NCmod à le NCmod ADJCOL ; et , si il VIMP à le NUM , ADVINT le NCs ne pouvoir INF dans le NC , il VCOND le INF à le NC de NCmod ."
827,1885_Adam_Chair-molle_N.txt,"Cette idée surtout lui était pénible ; on la déposerait dans la fosse commune sans une inscription , sans une couronne .","ce NC surtout lui être ADJ ; on le VCOND dans le NC ADJ sans un NCmod , sans un NC ."
828,1885_Adam_Chair-molle_N.txt,"Soudain , Lucie Thirache se révoltait contre la hantise de cette songerie lugubre , elle s' écriait : « Ah que je suis bête !","soudain , NP NP se VIMP contre le NC de ce NCmod ADJ , il se VIMP : "" NP que je être ADJ !"
829,1885_Adam_Chair-molle_N.txt,"» et elle courait à ses compagnes , les réveillant d' une claque , clamant dans un ricanement qui voulait étouffer un sanglot : « En avant la musique !",""" et il VCOND à DETPOSS NC , le PPRES de un NC , PPRES dans un NC qui vouloir INF un NCo : "" en PHASE le NC !"
830,1885_Adam_Chair-molle_N.txt,» Et elle chantait .,""" et il VIMP ."
831,1885_Adam_Chair-molle_N.txt,"Elle chantait de les couplets d' opérette , de les romances en vogue , de les scies désopilantes .","il VIMP de le NC de NCmod , de le NC en NCmod , de le NC ADJ ."
832,1885_Adam_Chair-molle_N.txt,Laurence assise à le piano tapotait l' accompagnement .,NP PRES à le NC VIMP le NCo .
833,1885_Adam_Chair-molle_N.txt,"Toutes psalmodiaient le refrain en chœur , et , dans la maison , un concert de sons aigus montait .","tout VIMP le NCo en NC , et , dans le NC , un NC de NCmod ADJ VIMP ."
834,1885_Adam_Chair-molle_N.txt,"Madame accourait , furieuse , menaçant de fermer l' instrument , si on continuait un pareil tapage .","madame VIMP , ADJ , VDIC de INF le NCo , si on VIMP un NCo ADJ ."
835,1885_Adam_Chair-molle_N.txt,Alors le charivari cessait .,alors le NCs VASP .
836,1885_Adam_Chair-molle_N.txt,"Une à une , elles chevrotaient leurs airs favoris .","NUM à un , il VIMP DETPOSS NCMAN ADJ ."
837,1885_Adam_Chair-molle_N.txt,"Laurence se renversait à le dos de sa chaise , s' accompagnait d' une main , allongeant doucement l' autre bras en l' air , suivant le rythme , et soupirait d' antiques romances sentimentales .","NP se VIMP à le NCCOR de DETPOSS NCmod , se VIMP de un NCCOR , PPRES ADVMAN le autre NCCOR en le NCMAN , PPRES le NCo , et VCOND de ADJ NCo ADJ ."
838,1885_Adam_Chair-molle_N.txt,"Reine avait la spécialité de les couplets grivois ; elle les clamait à tue-tête , appuyant avec de les intentions sur les mots crus , soulignant chaque gauloiserie d' une claque violente sur les cuisses .","NP avoir le NCo de le NCmod ADJ ; il le VIMP à NC , PPRES avec de le NC sur le NCmod ADJ , PPRES chaque NCo de un NCmod ADJ sur le NCCOR ."
839,1885_Adam_Chair-molle_N.txt,Lucie Thirache prit goût à ces exercices .,NP NP VPS NCo à ce NC .
840,1885_Adam_Chair-molle_N.txt,"D' abord assez inhabile , elle étudia le solfège , apprit à lire ses notes et s' appliqua avec une scrupuleuse attention à chanter en mesure .","de NC ADV ADJ , il VPS le NCo , VCOG à INF DETPOSS NCo et se VPS avec un ADJ NC à INF en NC ."
841,1885_Adam_Chair-molle_N.txt,"Elle passait ses après-midi à susurrer de les airs en cherchant les inflexions justes , et , sans se lasser , elle répétait vingt fois de les tâtonnements vocaux , de les ébauches de ritournelles .","il VIMP DETPOSS NCT à VDIC de le NCMAN en PPRES le NCo ADJ , et , sans se VSENT , il VIMP NUM fois de le NCmod ADJ , de le NCmod de NCmod ."
842,1885_Adam_Chair-molle_N.txt,Peu à peu elle devint assez bonne chanteuse .,peu à peu il devenir ADV ADJ NC .
843,1885_Adam_Chair-molle_N.txt,"Elle était très fière de son talent , se promettait , la prochaine saison , s' attacher tous les clients par son habileté musicale ; et déjà , elle se voyait en possession de sérieuses économies ; elle pourrait acquitter ses dettes , reconquérir sa liberté , mener une vie indépendante et calme .","il être très ADJ de DETPOSS NC , se VIMP , le ADJ NC , se INF tout le NCo par DETPOSS NCmod ADJ ; et déjà , il se VCOG en NC un ADJ NCmod ; il pouvoir INF DETPOSS NCo , INF DETPOSS NCo , INF un NCo ADJ et NCSENT ."
844,1885_Adam_Chair-molle_N.txt,"Et , infatigablement , elle solfiait .","et , ADVMAN , il VIMP ."
845,1885_Adam_Chair-molle_N.txt,"À le milieu de ses occupations , une angoisse la poignait .","à le milieu de DETPOSS NCmod , un NCSENT le VIMP ."
846,1885_Adam_Chair-molle_N.txt,"Elle avait connu une fille de passage atteinte de le mal vénérien , et , depuis , le spectacle de les accidents qu' elle avait observés la hantait , lui inspirait à la fois épouvante et répugnance .","il avoir PPAS un NCo de NCmod NCmod de le mal ADJ , et , depuis , le NC de le NCmod que il avoir PPAS le VSENT , lui VCOND à le fois ADJ et NCSENT ."
847,1885_Adam_Chair-molle_N.txt,"Tout en redoutant ce mal terrible , elle l' attendait comme une conséquence inévitable de son métier .","tout en VSENT ce mal ADJ , il le VIMP comme un NC ADJ de DETPOSS NCmod ."
848,1885_Adam_Chair-molle_N.txt,"Les jours de visite , lorsque la gouvernante , venue de bonne heure frapper à sa porte , l' avait avertie de se tenir prête , elle s' apeurait , devenait très pâle .","le NCT de NCmod , lorsque le NCs , venir de ADJ NCT frapper à DETPOSS NC , le avoir PPAS de se INF ADJ , il se VSENT , devenir très ADJ ."
849,1885_Adam_Chair-molle_N.txt,"Elle découvrait avec précaution l' homme étendu à son côté , soigneuse de ne point l' éveiller , visitait le corps en une inspection minutieuse .","il VIMP avec NC le NCo PPAS à DETPOSS NC , ADJ de ne ADV le INF , VIMP le NCCOR en un NC ADJ ."
850,1885_Adam_Chair-molle_N.txt,"Si , par hasard , elle apercevait sur ses membres un furoncle de mauvais aspect , Lucie Thirache interrompait par de brusques caresses , le sommeil de le miché ; et , très inquiète , elle cherchait , jusqu' à ce qu' il fût parti , à amener , par d' habiles insinuations , l' aveu d' une maladie récente .","si , par NC , il VIMP sur DETPOSS NC un NCo de ADJ NCmod , NP NP VIMP par un ADJ NC , le NC de le NCmod ; et , très ADJ , il VIMP , jusque à ce que il être PPAS , à INF , par un ADJ NC , le NCo de un NCmod ADJ ."
851,1885_Adam_Chair-molle_N.txt,"La réponse toujours négative , la rassurait peu .","le NCs ADVTEMPS ADJ , le VSENT peu ."
852,1885_Adam_Chair-molle_N.txt,"Restée seule , elle se livrait sur elle à les mêmes examens , s' affolant à la vue d' une rougeur , d' une tache .","PPAS ADJ , il se VCOND sur il à le même NC , se VSENT à le NC de un NCmod , de un NCmod ."
853,1885_Adam_Chair-molle_N.txt,"Sa terreur , chaque jour croissait , entretenue , avivée encore par les récits que lui faisaient les autres filles .","DETPOSS NCSENT , chaque NCT VIMP , PPAS , PPAS encore par le NC que lui faire le autre NCs ."
854,1885_Adam_Chair-molle_N.txt,"Sur un ton navré , elles se communiquaient leurs craintes , exagéraient les descriptions de le mal .","sur un NC ADJ , il se VIMP DETPOSS NCSENT , VIMP le NCo de le mal ."
855,1885_Adam_Chair-molle_N.txt,"Puis , tout à coup , quand Lucie , rendue curieuse , voulait les interroger afin de se mieux garantir , elles se moquaient d' elle en affichant une subite insouciance .","puis , tout à NC , quand NP , PPAS ADJ , vouloir le VDIC ADV de se mieux INF , il se VIMP de il en PPRES un ADJ NCSENT ."
856,1885_Adam_Chair-molle_N.txt,"Seule , une femme nouvellement enrôlée , Léa , une Parisienne , se complaisait à satisfaire à les questions de Nina .","ADJ , un NCs ADVTEMPS PPAS , NP , un NP , se VIMP à VSENT à le NC de NP ."
857,1885_Adam_Chair-molle_N.txt,"Durant de les heures , elle narrait de les symptômes , racontait de les traitements , et Lucie l' écoutait , en une attention muette , complètement asservie par l' érudition de cette fille .","ADV de le NCT , il VIMP de le NC , VIMP de le NC , et NP le VIMP , en un NC ADJ , ADVINT PPAS par le NC de ce NCmod ."
858,1885_Adam_Chair-molle_N.txt,"Elle était grande et mince , très nerveuse , incapable de rester en place ; ses vêtements semblaient la gêner ; elle en mettait le moins possible et se promenait par toute la maison , voilant à peine ses nudités sous d' amples peignoirs de soie .","il être ADJ et NC , très ADJ , ADJ de INF en NC ; DETPOSS NCs VIMP le VSENT ; il en mettre le moins ADJ et se VIMP par tout le NC , PPRES à NCSENT DETPOSS NC sous un ADJ NC de NCmod ."
859,1885_Adam_Chair-molle_N.txt,"On la rencontrait partout , en haut et en bas , dans la cuisine et à le salon , toujours affairée , agitant dans un rire continu sa tête couverte par les frisures noires d' une chevelure coupée court , montrant de les dents petites qu' elle faisait souvent craquer , dans un tic .","on le VCOND ADV , en NC et en NC , dans le NC et à le NC , ADVTEMPS PPAS , PPRES dans un NCMAN ADJ DETPOSS NCCOR PPAS par le NC ADJ de un NCmod PPAS ADJ , PPRES de le NCCOR ADJ que il faire ADVTEMPS INF , dans un NC ."
860,1885_Adam_Chair-molle_N.txt,"Comme elle était arrivée à le 7 avec de fortes dettes , son crédit auprès de la patronne était mesuré ; aussi empruntait -elle à les unes et à les autres les objets dont elle avait besoin , payant d' une plaisanterie ou d' une histoire .","comme il être PPAS à le NUM avec un fort NC , DETPOSS NCspas ADV de le NC être PPAS ; aussi VIMP il à le NC et à le autre le NC dont il avoir NCo , PPRES de un NC ou de un NC ."
861,1885_Adam_Chair-molle_N.txt,"Lucie surtout , incapable de résister à ses prières pressantes , était sa pourvoyeuse la moins avare de pots de pommade et de parfums .","NP surtout , ADJ de INF à DETPOSS NC ADJ , être DETPOSS NC le moins ADJ de NCmod de NCmod et de NC ."
862,1885_Adam_Chair-molle_N.txt,"Un jour Léa vint demander â sa bonne Nina , une paire de jarretières bleues qu' elle convoitait .","un NCT NP venir INF NCo DETPOSS ADJ NP , un NC de NCmod ADJCOL que il VSENT ."
863,1885_Adam_Chair-molle_N.txt,Elle la trouva occupée à laver ses cuisses à grande eau .,il le NC PPAS à INF DETPOSS NCCOR à ADJ NC .
864,1885_Adam_Chair-molle_N.txt,— Qu' est -ce que tu fais là ?,— que être ce que je faire ADVLIEU ?
865,1885_Adam_Chair-molle_N.txt,demanda -t -elle .,VPS t il .
866,1885_Adam_Chair-molle_N.txt,"— Tu vois , je me lave .","— je ADJ , je me NC ."
867,1885_Adam_Chair-molle_N.txt,"J' ai de les rougeurs , ici , je sais pas ce que c' est .","je avoir de le NC , ADVLIEU , je VCOG pas ce que ce être ."
868,1885_Adam_Chair-molle_N.txt,"— C' est rien de le tout , fit Léa , après avoir examiné .","— ce être rien de le tout , faire NP , PHASE avoir PPAS ."
869,1885_Adam_Chair-molle_N.txt,— Qui sait ?,— qui VCOG ?
870,1885_Adam_Chair-molle_N.txt,c' est peut-être le mal ?,ce être peut-être le mal ?
871,1885_Adam_Chair-molle_N.txt,— Ah !,— INTJ !
872,1885_Adam_Chair-molle_N.txt,"oui , t' es folle !","oui , lui être ADJ !"
873,1885_Adam_Chair-molle_N.txt,— Oh !,— INTJ !
874,1885_Adam_Chair-molle_N.txt,"si tu savais comme je suis à les cent coups , reprit Lucie .","si je VCOG comme je être à le NUM NC , VPS NP ."
875,1885_Adam_Chair-molle_N.txt,C' est demain la visite ; j' ai une peur bleue .,ce être ADVT le NC ; je avoir un NCSENT ADJCOL .
876,1885_Adam_Chair-molle_N.txt,"Le docteur qui a l' air bonasse comme ça ; à le fond , il ne rigole pas et , si on a la moindre chose , vlan , il vous flanque à l' hôpital ; c' est réglé .","le NCs qui avoir le NCMAN PRES comme ça ; à le NC , il ne PRES pas et , si on avoir le ADJ chose , NC , il vous PRES à le NC ; ce être PPAS ."
877,1885_Adam_Chair-molle_N.txt,— Il n' y a pas besoin de lui montrer ses misères .,— il ne y avoir pas NCo de lui INF DETPOSS NCo .
878,1885_Adam_Chair-molle_N.txt,— Avec ça qu' il ne les voit pas ?,— avec ça que il ne le VCOG pas ?
879,1885_Adam_Chair-molle_N.txt,"— Allons , tu ne sais donc pas les cacher !","— NP , je ne PRES donc pas le INF !"
880,1885_Adam_Chair-molle_N.txt,Oh !,INTJ !
881,1885_Adam_Chair-molle_N.txt,"bien , rue d' Aboukir nous arrangions ça , il n' y voyait que de le feu , le médecin .","bien , NC de NP nous VIMP ça , il ne y VCOG que de le NC , le NC ."
882,1885_Adam_Chair-molle_N.txt,On a de les trucs .,on avoir de le NC .
883,1885_Adam_Chair-molle_N.txt,— Quels trucs ?,— quel NC ?
884,1885_Adam_Chair-molle_N.txt,— Oh !,— INTJ !
885,1885_Adam_Chair-molle_N.txt,je te dirai ça .,je me VF ça .
886,1885_Adam_Chair-molle_N.txt,Fais voir un peu si tu as quelque chose .,faire VCOG un peu si je avoir quelque chose .
887,1885_Adam_Chair-molle_N.txt,"Ayant fait mettre Lucie sur le lit , Léa commença à la retourner sur toutes les faces .","avoir faire mettre NP sur le NC , NP VASP à le INF sur tout le NC ."
888,1885_Adam_Chair-molle_N.txt,La fille se laissait faire comme un enfant .,le NCs se laisser faire comme un NC .
889,1885_Adam_Chair-molle_N.txt,"L' autre lui joignait , lui disjoignait les jambes , lui faisait étendre les bras , les ramenait à le torse , suivant d' un œil exercé tous les plis de la peau et tous les contours de les membres .","le autre lui VIMP , lui VIMP le NCCOR , lui faire INF le NCCOR , le VIMP à le NCCOR , PPRES de un NC PPAS tout le NCo de le NCCOR et tout le NC de le NCmod ."
890,1885_Adam_Chair-molle_N.txt,"Soudain , elle éclata de rire , déclarant : — Mais tu n' as rien de le tout grosse bête !","soudain , il VPS de INF , PPRES : — mais je ne avoir rien de le tout ADJ ADJ !"
891,1885_Adam_Chair-molle_N.txt,— C' est bien sûr ?,— ce être bien ADJ ?
892,1885_Adam_Chair-molle_N.txt,— Oh !,— INTJ !
893,1885_Adam_Chair-molle_N.txt,tu peux t' en rapporter ma fille !,je pouvoir lui en INF DETPOSS NCo !
894,1885_Adam_Chair-molle_N.txt,"je m' y connais un peu ; j' en ai déjà soigné , dans ma vie , de ces petites histoires , va .","je le y PRES un peu ; je en avoir déjà PPAS , dans DETPOSS NC , de ce ADJ NC , aller ."
895,1885_Adam_Chair-molle_N.txt,"Oui , j' en ai soigné , répéta -t -elle en chatouillant par tout le corps Lucie qui se contorsionnant , la repoussait moitié riant , moitié fâchée .","oui , je en avoir PPAS , VPS t il en VSENT par tout le NCCOR NP qui se PPRES , le VIMP NC PPRES , NC VSENT ."
896,1885_Adam_Chair-molle_N.txt,— Oh !,— INTJ !
897,1885_Adam_Chair-molle_N.txt,"non , voyons , je t' en prie , laisse -moi !","non , VCOG , je lui en NC , laisser soi !"
898,1885_Adam_Chair-molle_N.txt,— Ah !,— INTJ !
899,1885_Adam_Chair-molle_N.txt,"tu me fais chercher comme ça , pour de les prunes .","je me faire INF comme ça , pour de le NC ."
900,1885_Adam_Chair-molle_N.txt,"Attends , tu vas voir comme je vais me venger .","NP , je ADV VCOG comme je aller me INF ."
901,1885_Adam_Chair-molle_N.txt,Et Léa continuait ses chatouillements .,et NP VIMP DETPOSS NCo .
902,1885_Adam_Chair-molle_N.txt,"Ses doigts allaient par toutes les rondeurs de le corps , le long de les côtes , simulant les mouvements allongés d' une araignée qui court .","DETPOSS NCCOR aller par tout le NC de le NCCOR , le NC de le NCmod , PPRES le NCo PPAS de un NC qui PRES ."
903,1885_Adam_Chair-molle_N.txt,"Lucie , mollement , se défendait ; sa peau frémissait sous les attouchements délicats , sous les effleurements de les grands ongles de Léa .","NP , ADVMAN , se VIMP ; DETPOSS NCCOR VIMP sous le NC ADJ , sous le NC de le ADJ NCmod de NP ."
904,1885_Adam_Chair-molle_N.txt,Elle ressentait une étrange émotion l' envahir ; sa poitrine se soulevait par secousses .,il VSENT un ADJ NCSENT le INF ; DETPOSS NCs se VIMP par NC .
905,1885_Adam_Chair-molle_N.txt,Elle cacha sa figure dans ses mains demandant : — Oh !,il VPS DETPOSS NCCOR dans DETPOSS NCCOR PPRES : — INTJ !
906,1885_Adam_Chair-molle_N.txt,"non , laisse -moi je t' en prie !","non , laisser soi je lui en NC !"
907,1885_Adam_Chair-molle_N.txt,— Que je te laisse ?,— que je me laisser ?
908,1885_Adam_Chair-molle_N.txt,"Tu ne voudrais pas ; tu es trop contente , attends un peu !","je ne vouloir pas ; je être trop ADJ , PRES un peu !"
909,1885_Adam_Chair-molle_N.txt,"Et Léa , enserrant sa taille , se mit à l' embrasser sur le cou , sur la poitrine .","et NP , PPRES DETPOSS NCo , se mettre à le INF sur le NCCOR , sur le NC ."
910,1885_Adam_Chair-molle_N.txt,"De sa langue rose , à petits coups , elle piquait la peau blanche de Lucie , les pointes de les seins qui se dressèrent ; et par instants elle interrompait ses caresses pour contempler son amie dans une sorte de malicieuse attente .","de DETPOSS NCCOR ADJCOL , à ADJ NCmod , il VIMP le NCCOR ADJCOL de NP , le NC de le NCmod qui se VPS ; et par NC il VIMP DETPOSS NCo pour INF DETPOSS NCo dans un sorte de ADJ NCmod ."
911,1885_Adam_Chair-molle_N.txt,"Tout à coup comme prise de rage elle appliqua à plusieurs reprises sa bouche sur le ventre poli et , brusquement , enfouit sa tête dans les chairs blanches qu' elle étreignit avec violence .","tout à NC comme NCmod de NCSENT il VPS à plusieurs NC DETPOSS NCCOR sur le NCCOR ADJ et , ADV , PRES DETPOSS NCCOR dans le NCCOR ADJCOL que il PRES avec NC ."
912,1885_Adam_Chair-molle_N.txt,"Lucie eût un long frisson , ferma les yeux , se cacha la face dans ses bras , et , sous l' influence rapidement croissante d' une volupté inconnue , elle sentit ses nerfs se tendre et se détendre délicieusement en une précipitation qui s' accélérait ; c' étaient de les soubresauts , de les halèttements rauques , de les sanglots .","NP avoir un ADJ NCSENT , VPS le NCCOR , se VPS le NCs dans DETPOSS NCCOR , et , sous le NC ADVMAN ADJ de un NCmod ADJ , il sentir DETPOSS NCCOR se INF et se VSENT ADVINT en un NC qui se VIMP ; ce être de le NC , de le NC ADJ , de le NC ."
913,1885_Adam_Chair-molle_N.txt,"Alors Léa se relevant , se précipita sur le corps de Lucie , se mit à couvrir de baisers sa face , sa gorge ; et les femmes enlacées se pâmèrent , bouche à bouche , dans un spasme furieux , interminable .","alors NP se PPRES , se VPS sur le NCCOR de NP , se mettre à INF de NC DETPOSS NCo , DETPOSS NCCOR ; et le NCs PPAS se VPS , NCCOR à NCCOR , dans un NC ADJ , ADJ ."
914,1885_Adam_Chair-molle_N.txt,"VI De ce jour , naquit , entre elles , une étroite intimité .","NUM de ce NCT , VPS , entre il , un ADJ NCo ."
915,1885_Adam_Chair-molle_N.txt,Maintenant Lucie Thirache ne pouvait se passer de Léa .,ADVT NP NP ne pouvoir se INF de NP .
916,1885_Adam_Chair-molle_N.txt,"Assise près d' elle en un coin de le divan , elle aimait rester de les journées entières les jambes enchevêtrées à les siennes , les mains enserrant sa taille , la regarder toujours .","PPAS ADVLIEU de il en un NC de le NCmod , il VSENT INF de le NCT ADJ le NCCOR PPAS à le sien , le NCCOR PPRES DETPOSS NCo , le VCOG ADVTEMPS ."
917,1885_Adam_Chair-molle_N.txt,Elle ne travaillait plus .,il ne VIMP plus .
918,1885_Adam_Chair-molle_N.txt,"Elle était toute à cette affection qui la distrayait de sa vie monotone , éloignait les souvenirs tristes , les appréhensions terrifiantes .","il être tout à ce NCSENT qui le VIMP de DETPOSS NC ADJ , VIMP le NCo ADJ , le NCSENT ADJ ."
919,1885_Adam_Chair-molle_N.txt,"Et elle trouvait un ineffable plaisir à procurer à cette fille toutes les joies , à veiller à son bien-être avec une constante sollicitude .","et il VIMP un ADJ NCSENT à INF à ce NC tout le NCSENT , à INF à DETPOSS NCSENT avec un ADJ NC ."
920,1885_Adam_Chair-molle_N.txt,"En retour elle recevait de les caresses , de les protestations d' amitié et de dévouement qui la charmaient .","en NC il VIMP de le NC , de le NCmod de NCmod et de NC qui le VIMP ."
921,1885_Adam_Chair-molle_N.txt,"C' est que , jusqu' alors , dans sa vie nouvelle , Lucie avait souffert d' un isolement pénible .","ce être que , jusque alors , dans DETPOSS NC ADJ , NP avoir VSENT de un NC ADJ ."
922,1885_Adam_Chair-molle_N.txt,"Elle ne sentait entre ses camarades et elle aucun lien affectueux : Les câlineries qu' on lui prodiguait pour obtenir de sa bonté quelque service , cessaient , sitôt le service rendu .","il ne sentir entre DETPOSS NC et il aucun NCo ADJ : le NCSENT que on lui VIMP pour INF de DETPOSS NCSENT quelque NCmod , VASP , PRES le NCo PPAS ."
923,1885_Adam_Chair-molle_N.txt,"Elle s' en désolait , prise de la vague appétence d' un attachement plus durable .","il se en VIMP , prendre de le NCmod NC de un NCmod plus ADJ ."
924,1885_Adam_Chair-molle_N.txt,D' abord elle avait recherché l' affection de quelques clients de le 7 .,de NC il avoir PPAS le NCSENT de quelque NCmod de le NUM .
925,1885_Adam_Chair-molle_N.txt,"Mais souvent leurs visites s' espaçaient , et même , s' ils venaient chaque soir , la longue attente où elle restait toute l' après-midi lui devenait une douleur .","mais ADVTEMPS DETPOSS NCs se VIMP , et même , se il venir chaque NCT , le ADJ NCs où il VIMP tout le NCT lui devenir un NCSENT ."
926,1885_Adam_Chair-molle_N.txt,"Et puis , en la présence de les hommes , elle se sentait gênée ; dans le plaisir , dans les conversations on la traitait toujours comme une inférieure vénale , jamais comme une égale .","et puis , en le NC de le NCmod , il se sentir VSENT ; dans le NCSENT , dans le NC on le VIMP ADVTEMPS comme un ADJ NC , ADVTEMPS comme un NCmod ."
927,1885_Adam_Chair-molle_N.txt,"Ses expansions étaient repoussées , crues feintes , moquées .","DETPOSS NCspas être PPAS , ADJ NC , PPAS ."
928,1885_Adam_Chair-molle_N.txt,"Et il fallait encore , le métier l' exigeant , gratifier de faveurs semblables les indifférents et les êtres chéris .","et il VIMP encore , le NCo le PPRES , NC de NCmod ADJ le NC et le être ADJ ."
929,1885_Adam_Chair-molle_N.txt,Cela la répugnait fort .,cela le VSENT fort .
930,1885_Adam_Chair-molle_N.txt,Ainsi les mâles ne pouvaient satisfaire à ses désirs d' épanchements amoureux .,ainsi le NCs ne pouvoir VSENT à DETPOSS NCSENT de NCmod ADJ .
931,1885_Adam_Chair-molle_N.txt,Elle renonça très vite à chercher parmi eux l' idéal rêvé .,il VPS très ADV à INF parmi eux le NCo PPAS .
932,1885_Adam_Chair-molle_N.txt,"Cet idéal , elle se le représentait surtout par le souvenir .","ce NC , il se le VIMP surtout par le NC ."
933,1885_Adam_Chair-molle_N.txt,"C' était Léon , non l' amant , le maître , mais l' amoureux d' avant sa chute , qui l' étreignait toujours , lui chantant de flatteuses paroles , empressé à lui éviter tout chagrin .","ce être NP , non le NC , le NC , mais le NC de PHASE DETPOSS NCmod , qui le VIMP ADVTEMPS , lui PPRES un ADJ NCo , PPAS à lui INF tout NCSENT ."
934,1885_Adam_Chair-molle_N.txt,"Lorsqu' elle eut connu Léa et sa tendresse , il lui sembla que ses aspirations étaient réalisées bien au-delà de ses rêves .","lorsque il avoir PPAS NP et DETPOSS NCSENT , il lui sembler que DETPOSS NCspas être VCOG bien ADV de DETPOSS NC ."
935,1885_Adam_Chair-molle_N.txt,"Cette fille savait joindre à une grande habileté amoureuse , un raffinement délicat dans le choix de ses prévenances .","ce NCs VCOG INF à un ADJ NC ADJ , un NC ADJ dans le NCmod de DETPOSS NCSENT ."
936,1885_Adam_Chair-molle_N.txt,"Vautrée tout le jour à les côtés de Lucie , elle ne tarissait pas son admiration pour les sveltesses de l' adorable Nina , pour les pâles matités de ses chairs , pour la petitesse rare de ses extrémités .","PPAS tout le NCT à le NCmod de NP , il ne VIMP pas DETPOSS NCSENT pour le NC de le ADJ NP , pour le ADJ NC de DETPOSS NCCOR , pour le NCmod ADJ de DETPOSS NCmod ."
937,1885_Adam_Chair-molle_N.txt,"A chaque exclamation élogieuse , de ses longues et fines mains , elle caressait les membres vantés avec une chatouillante lenteur .","à chaque NC ADJ , de DETPOSS NCmod et ADJ NCCOR , il VIMP le NCo PPAS avec un ADJ NC ."
938,1885_Adam_Chair-molle_N.txt,"De tels attouchements , fréquemment répétés , maintenaient Lucie Thirache en un énervement délicieux .","un tel NCs , ADVTEMPS PPAS , VIMP NP NP en un VSENT ADJ ."
939,1885_Adam_Chair-molle_N.txt,"Une telle apologie de ses charmes , murmurée en languissantes inflexions , étaient à la fille une harmonique mélodie , berceuse de son imagination somnolente .","un tel NCs de DETPOSS NCmod , VDIC en ADJ NC , être à le NC un ADJ NC , ADJ de DETPOSS NC ADJ ."
940,1885_Adam_Chair-molle_N.txt,"Puis soudain , à la vue de cette femme couchée sur ses genoux , faisant saillir pour elle les courbes lascives de son corps , tournant vers son visage de grands yeux noirs tout humides de larmes amoureuses , une triomphante vanité empoignait Lucie : elle était reine , l' autre esclave ; ses gestes ordonnaient , ceux de l' autre affirmaient obéissance , et il lui prenait parfois , une rage d' afficher son autorité , de les envies féroces de torturer cet être si beau , de pouvoir crier ensuite : « Cette femme est à moi , c' est mon bien .","puis soudain , à le NC de ce NCmod PPAS sur DETPOSS NCCOR , faire INF pour il le NCo ADJ de DETPOSS NCCOR , PPRES vers DETPOSS NCCOR de ADJ NCCOR ADJ tout ADJ de NCmod ADJ , un ADJ NCs VIMP NP : il être ADJ , le autre NC ; DETPOSS NCs VIMP , celui de le autre VDIC NCo , et il lui VIMP ADVTEMPS , un NCSENT de INF DETPOSS NCo , de le NCmod ADJ de INF ce être si ADJ , de pouvoir VDIC PHASE : "" ce NCs être à soi , ce être DETPOSS bien ."
941,1885_Adam_Chair-molle_N.txt,"» Elle ressentait aussi une vindicative jouissance à verser en ses mains tout l' or de ses profits ; la chair en vente perpétuelle achetait de la chair à son tour ; elle , toujours possédée , possédait enfin .",""" il VSENT aussi un ADJ NCSENT à INF en DETPOSS NCCOR tout le NCo de DETPOSS NCmod ; le NCCOR en NCmod ADJ VIMP de le INF à DETPOSS NC ; il , ADVTEMPS PPAS , VIMP PHASE ."
942,1885_Adam_Chair-molle_N.txt,Et elle entendait jouir de cette possession dans toute sa plénitude .,et il VCOG INF de ce NC dans tout DETPOSS NCmod .
943,1885_Adam_Chair-molle_N.txt,"Léa ne devait jamais la quitter ; à un asservissement de toutes les minutes Lucie astreignait son amante , heureuse d' imiter les mâles qui la tenaient elle-même , sans un répit , à leur disposition .","NP ne devoir ADVTEMPS le INF ; à un NC de tout le NCT NP VIMP DETPOSS NCo , ADJ de INF le NCo qui le VIMP elle-même , sans un NC , à lui NCmod ."
944,1885_Adam_Chair-molle_N.txt,"Et d' autant plus parfait était son bonheur , d' autant plus sûres ses représailles que Léa , avec la gracilité élégante de ses formes , avec sa chevelure bouclée , coupée court , son langage brutal et son habitude de jurer approchait davantage à la virilité .","et de autant plus ADJ être DETPOSS NCSENT , de autant plus ADJ DETPOSS NC que NP , avec le NCmod ADJ de DETPOSS NCmod , avec DETPOSS NCmod ADJ , NC ADJ , DETPOSS NC ADJ et DETPOSS NC de INF VIMP davantage à le NC ."
945,1885_Adam_Chair-molle_N.txt,"Mais c' était une virilité gracieuse , exquise , originale , bien différente de l' autre .","mais ce être un NC ADJ , ADJ , ADJ , bien ADJ de le autre ."
946,1885_Adam_Chair-molle_N.txt,"Ses brutalités , si spontanées qu' elles fussent , paraissaient toujours affectées ; sous les paroles les plus grossières perçait comme un affinement de la pensée , une subtile intention de parodie ; sous un geste brutal de les souplesses se devinaient ; et puis de ce corps toujours en mouvement , à peine vêtu de soiries volantes , sourdaient d' odorantes effluves qui soûlaient Lucie , l' affolaient de passion .","DETPOSS NCs , si ADJ que il PRES , VIMP ADVTEMPS VSENT ; sous le NC le plus ADJ VIMP comme un NC de le NCmod , un ADJ NC de NCmod ; sous un NC ADJ de le NCmod se VIMP ; et puis de ce NCCOR ADVTEMPS en NCmod , à NCSENT PPAS de NC ADJ , VIMP de NC ADJ qui VIMP NP , le NC de NCSENT ."
947,1885_Adam_Chair-molle_N.txt,"Tantôt c' était les fines émanations de la verveine , de la violette , et la fille se plaisait à les humer sur la nuque rose de Léa , parmi les frisons bruns qui chatouillaient ses narines frémissantes ; tantôt les forts parfums de le patchouli ou de le musc s' exhalaient de son amie , quand elle courbait le torse ou soulevait les bras , et alors , avec de grands battements de cœur , elle se serrait à son amante , aspirant de toutes ses forces les grisantes suavités , laissant ses mains se perdre sur la peau humide et satinée , bien autrement douce que celle de l' homme .","ADV ce être le ADJ NCs de le NCmod , de le NC , et le NCs se VIMP à le INF sur le NC ADJCOL de NP , parmi le NC ADJCOL qui VSENT DETPOSS NCCOR ADJ ; PRES le fort NCo de le NCmod ou de le NC se VIMP de DETPOSS NC , quand il VIMP le NCCOR ou VIMP le NCCOR , et alors , avec un ADJ NC de NCmod , il se VCOND à DETPOSS NC , PPRES de tout DETPOSS NCSENT le ADJ NCo , laisser DETPOSS NCCOR se INF sur le NCCOR ADJ et ADJ , bien ADVINT ADJ que celui de le NCmod ."
948,1885_Adam_Chair-molle_N.txt,"Et , malgré ce satinement , cette douceur , malgré les molles rondeurs où elle semblait s' enfoncer , Lucie se sentait aussitôt étreinte , avec une énergie qu' elle ignorait chez les mâles les plus robustes ; elle était embrassée furieusement sans être meurtrie , mordue sans être blessée .","et , malgré ce NC , ce NC , malgré le NCmod ADJ où il sembler se INF , NP se sentir aussitôt ADJ , avec un NC que il VIMP chez le NC le plus ADJ ; il être PPAS ADVINT sans être ADJ , PPAS sans être VSENT ."
949,1885_Adam_Chair-molle_N.txt,Elle goûtait d' infinies délices où paraissaient ensemble et de les alanguissements et de les tensions et de les faiblesses et de les vigueurs .,il VIMP de NC ADJ où VIMP ensemble et de le NC et de le NC et de le NC et de le NCSENT .
950,1885_Adam_Chair-molle_N.txt,"Mais le pouvoir de les rendre exclusives , multipliait les charmes de ces voluptés .","mais le pouvoir de le INF ADJ , VIMP le NCo de ce NCmod ."
951,1885_Adam_Chair-molle_N.txt,Nul de ces plaisirs n' était répété avec d' autres .,nul de ce NCmod ne être PPAS avec un autre .
952,1885_Adam_Chair-molle_N.txt,"Elles gardaient le secret de leurs délices , elles éprouvaient une grande joie à se regarder devant les pensionnaires de le 7 , d' une façon à elles particulière , en se passant la langue sur les lèvres , qui évoquait en leur esprit la pensée de leurs secrètes félicités .","il VIMP le NCo de DETPOSS NCmod , il VIMP un ADJ NCSENT à se VCOG ADVLIEU le NC de le NUM , de un façon à il ADJ , en se PPRES le NCCOR sur le NCCOR , qui VIMP en lui NC le NCo de DETPOSS ADJ NCSENT ."
953,1885_Adam_Chair-molle_N.txt,Et cet amour grandissait .,et ce NCSENT VIMP .
954,1885_Adam_Chair-molle_N.txt,Quand son amie était absente Lucie se sentait prise de mélancolie ; ses anciennes épouvantes lui revenaient et les moments qu' elle passait ainsi en de les rêveries lugubres lui faisaient apprécier davantage la présence de Léa .,quand DETPOSS NCs être ADJ NP se sentir prendre de NCSENT ; DETPOSS ADJ NCs lui VIMP et le NC que il VIMP ainsi en un le NC ADJ lui faire VSENT davantage le NCo de NP .
955,1885_Adam_Chair-molle_N.txt,"Elle s' aperçut aussi qu' elle avait une rivale , Laurence .","il se VPS aussi que il avoir un NCo , NP ."
956,1885_Adam_Chair-molle_N.txt,Cette femme avait d' abord paru très intriguée de leur intimité .,ce NCs avoir de NC ADJ très VSENT de lui NC .
957,1885_Adam_Chair-molle_N.txt,Bientôt elle sembla désirer vivement connaître les charmes et les talents de la Parisienne .,bientôt il sembler VSENT ADVINT INF le NCo et le NC de le NP .
958,1885_Adam_Chair-molle_N.txt,"Elle la comblait de présents , lui adressait mille compliments , lui procurait de les michés riches .","il le VSENT de ADJ , lui VIMP NUM NCo , lui VCOND de le NC ADJ ."
959,1885_Adam_Chair-molle_N.txt,Il y eut une lutte de générosité .,il y avoir un NCo de NCSENT .
960,1885_Adam_Chair-molle_N.txt,Lucie se promit ne pas se laisser vaincre ; à elle seule appartenait de parer Léa luxueusement comme une amante adorée .,NP se VPS ne pas se laisser INF ; à il ADJ VIMP de INF NP ADV comme un NC PPAS .
961,1885_Adam_Chair-molle_N.txt,"Chaque jour , cette fille se trouva ornée de rubans neufs , de colliers différents .","chaque NCT , ce NCs se VPS NC de NCmod ADJ , de NC ADJ ."
962,1885_Adam_Chair-molle_N.txt,"D' abord Lucie méprisa ces efforts ; Léa l' aimait trop , et l' autre n' était pas assez séduisante ; elle , perdait son temps .","de NC NP VSENT ce NCo ; NP le VSENT trop , et le autre ne être pas ADV ADJ ; il , VIMP DETPOSS temps ."
963,1885_Adam_Chair-molle_N.txt,"Mais , à mesure que les cadeaux de sa rivale furent présentés plus beaux , à mesure qu' elle vit Léa devenir plus aimable pour cette femme , ses dispositions changèrent .","mais , à NC que le NCspas de DETPOSS NCmod être PPAS plus ADJ , à NC que il VPS NP devenir plus ADJ pour ce NC , DETPOSS NC VPS ."
964,1885_Adam_Chair-molle_N.txt,"Elle fut prise d' une rage sourde contre cette Laurence , une voleuse !","il être PPAS de un NCSENT ADJ contre ce NP , un NC !"
965,1885_Adam_Chair-molle_N.txt,"Car enfin , elle aurait donné tout ce qu' elle possédait , pour garder l' amour de Léa , et vouloir lui prendre Léa , c' était vouloir lui prendre tout son bien .","car PHASE , il avoir PPAS tout ce que il VIMP , pour INF le NCSENT de NP , et vouloir lui INF NP , ce être vouloir lui INF tout DETPOSS bien ."
966,1885_Adam_Chair-molle_N.txt,"Et puis , c' était de furieuses colères contre son amante , qui n' était pas assez revêche à l' égard de cette femme .","et puis , ce être de NC ADJ contre DETPOSS NCmod , qui ne être pas ADV ADJ à le NC de ce NCmod ."
967,1885_Adam_Chair-molle_N.txt,"Elle l' accablait d' injures , l' avilissait de toutes les épithètes infamantes , et , soudain , dans une peur qu' elle ne fut fâchée et ne courut se jeter à les bras de l' autre , elle se faisait petite , suppliante , pleurait à ses genoux en lui demandant pardon .","il le VIMP de NC , le VIMP de tout le NC ADJ , et , soudain , dans un NCSENT que il ne être VSENT et ne VPS se INF à le NCCOR de le autre , il se faire ADJ , ADJ , VCOND à DETPOSS NCCOR en lui PPRES NCo ."
968,1885_Adam_Chair-molle_N.txt,"Mais ces humiliations qu' elle s' imposait , augmentaient encore sa haine contre Laurence .","mais ce NCSENT que il se VIMP , VIMP encore DETPOSS VSENT contre NP ."
969,1885_Adam_Chair-molle_N.txt,Pour l' agacer elle ne négligeait aucun moyen .,pour le VSENT il ne VIMP aucun NCo .
970,1885_Adam_Chair-molle_N.txt,"Elle avait repris ses chants , et , sans cesse , elle adressait à Léa les paroles amoureuses de ses romances avec de tendres œillades .","il avoir PPAS DETPOSS NCo , et , sans NC , il VIMP à NP le NCo ADJ de DETPOSS NCmod avec un ADJ NCmod ."
971,1885_Adam_Chair-molle_N.txt,"Elle exigeait que son amie lui donnât devant , sa rivale , les marques les plus évidentes de la passion .","il VIMP que DETPOSS NCs lui VSUBI ADVLIEU , DETPOSS NC , le NCo le plus ADJ de le NCSENT ."
972,1885_Adam_Chair-molle_N.txt,"Et le soir , à le salon , elle s' ingéniait à enlever les clients de Laurence , la dénigrant auprès de tous .","et le NCT , à le NC , il se VIMP à INF le NCo de NP , le PPRES ADV de tout ."
973,1885_Adam_Chair-molle_N.txt,Mais l' autre ne se lassait pas ; ses cadeaux arrivaient plus nombreux et plus riches .,mais le autre ne se VSENT pas ; DETPOSS NCs VIMP plus ADJ et plus ADJ .
974,1885_Adam_Chair-molle_N.txt,Lucie fut obligée à y répondre par d' autres présents plus riches encore .,NP être PPAS à y VDIC par un autre NC plus ADJ encore .
975,1885_Adam_Chair-molle_N.txt,Toutes deux s' endettèrent auprès de leurs camarades .,tout NUM se VPS ADV de DETPOSS NC .
976,1885_Adam_Chair-molle_N.txt,"Enfin , Lucie triompha ; elle donna à son amante , de les boucles d' oreilles en or vrai .","PHASE , NP triompher ; il VPS à DETPOSS NC , de le NC de NCCOR en NC vrai ."
977,1885_Adam_Chair-molle_N.txt,"Et dès lors , son mépris pour « l' autre » éclata .","et dès lors , DETPOSS NC pour "" le autre "" éclata ."
978,1885_Adam_Chair-molle_N.txt,"Elle la savait ruinée , incapable d' un nouvel effort .","il le VCOG NC , ADJ de un ADJ NC ."
979,1885_Adam_Chair-molle_N.txt,Ce furent de continuelles moqueries .,ce être un ADJ NC .
980,1885_Adam_Chair-molle_N.txt,"Lucie tournait en dérision toutes ses paroles , toutes ses attitudes , tous ses actes .","NP VIMP en NC tout DETPOSS NCo , tout DETPOSS NC , tout DETPOSS NC ."
981,1885_Adam_Chair-molle_N.txt,"De les scènes violentes eurent lieu ; avec de les injures , elles se menaçaient en une furieuse gesticulation .","de le NC ADJ PRES NCo ; avec de le NC , il se VIMP en un ADJ NC ."
982,1885_Adam_Chair-molle_N.txt,"Mais Madame intervint , leur déclara que si elles ne parvenaient à s' entendre , elle les enverrait toutes deux à le diable , loin de leur chère Léa .","mais madame ADJ , lui VPS que si il ne VIMP à se VCOG , il le VCOND tout NUM à le NCmod , ADVLIEU de lui NC NP ."
983,1885_Adam_Chair-molle_N.txt,Elles durent se contenter alors d' échanger de les allusions blessantes ; un débinage mutuel de leurs décatissures .,il PRES se VSENT alors de INF de le NC ADJ ; un NCo ADJ de DETPOSS NCmod .
984,1885_Adam_Chair-molle_N.txt,"Cependant quand elles pouvaient se rencontrer seules , en un couloir désert , en une chambre vide , de les luttes silencieuses s' engageaient , où , armées de leurs peignes , une flamme haineuse dans le regard , elles se faisaient de profondes égratignures , s' arrachaient de les poignées de cheveux , se déchiraient leurs vêtements .","cependant quand il pouvoir se INF ADJ , en un NC ADJ , en un NCmod ADJ , de le NCmod ADJ se VIMP , où , PPAS de DETPOSS NC , un NC ADJ dans le NCMAN , il se faire de NC ADJ , se VIMP de le NC de NCCOR , se VIMP DETPOSS NCo ."
985,1885_Adam_Chair-molle_N.txt,"VII Toutes étaient réunies à le couloir de le premier étage , pour la visite .","NUM tout être PPAS à le NC de le ADJ NCmod , pour le NC ."
986,1885_Adam_Chair-molle_N.txt,"Vêtues de chemises décolletées , elles s' appuyaient à le mur et la blancheur de le linge propre tachait crûment le rouge sombre de les boiseries .","PPAS de NC PPAS , il se VIMP à le NC et le NC de le NCmod ADJ VIMP ADV le ADJCOL ADJ de le NCmod ."
987,1885_Adam_Chair-molle_N.txt,"La patronne adossée à la rampe de l' escalier , lisait le Petit Nord .","le NCs ADJ à le NCmod de le NCmod , VIMP le ADJ NCo ."
988,1885_Adam_Chair-molle_N.txt,"A une porte , le docteur se montra , laissant échapper une femme , interrogeant : « A qui le tour ?","à un NC , le NCs se VPS , laisser INF un NCo , VDIC : "" NC qui le NC ?"
989,1885_Adam_Chair-molle_N.txt,"» Un frisson courut parmi les filles , avec un murmure .",""" un NCSENT VPS parmi le NC , avec un NC ."
990,1885_Adam_Chair-molle_N.txt,Elles se poussaient mutuellement vers lui .,il se VIMP ADV vers lui .
991,1885_Adam_Chair-molle_N.txt,Nina se trouva la plus proche .,NP se VPS le plus ADJ .
992,1885_Adam_Chair-molle_N.txt,Il lui donna une tape sur l' épaule et l' emmena en goguenardant .,il lui VPS un NCo sur le NCCOR et le VPS en NC .
993,1885_Adam_Chair-molle_N.txt,"Maintenant , Reine racontait que cette fois encore , elle l' avait échappé belle , et les autres répondaient très bas , pénétrées de l' importance solennelle de cet examen .","ADVT , NP VIMP que ce fois encore , il le avoir PPAS ADJ , et le autre VIMP très ADJ , PPAS de le NC ADJ de ce NCmod ."
994,1885_Adam_Chair-molle_N.txt,Un temps assez long s' écoula sans que Lucie reparût .,un temps ADV ADJ se VPS sans que NP VSUBI .
995,1885_Adam_Chair-molle_N.txt,"Anxieusement , les femmes regardaient cette porte qu' on ne rouvrait pas .","ADV , le NCs VCOG ce NCo que on ne VCOND pas ."
996,1885_Adam_Chair-molle_N.txt,Elles s' étiraient et s' agitaient dans un malaise .,il se VIMP et se VIMP dans un NCSENT .
997,1885_Adam_Chair-molle_N.txt,Laurence se fâcha même presque haut : « Ah ça !,"NP se VSENT même presque ADJ : "" NP ça !"
998,1885_Adam_Chair-molle_N.txt,est -ce qu' elle allait les faire poser longtemps ?,être ce que il aller le faire INF longtemps ?
999,1885_Adam_Chair-molle_N.txt,"C' était pas permis de vous faire droguer ainsi , quand on avait une frousse pareille !","ce être pas permettre de vous faire INF ainsi , quand on avoir un NCo ADJ !"
1000,1885_Adam_Chair-molle_N.txt,"» Madame finit par lever les yeux , elle demanda : « Mais qu' est -ce qu' elle fait donc ?",""" madame VASP par INF le NCCOR , il VPS : "" mais que être ce que il faire donc ?"
1001,1885_Adam_Chair-molle_N.txt,"» Enfin Nina revint ; elle avait les yeux fixes , la face exsangue , un tremblement agitait ses mains .",""" ADV NP PRES ; il avoir le NCCOR ADJ , le NC ADJ , un NCs VIMP DETPOSS NCCOR ."
1002,1885_Adam_Chair-molle_N.txt,Le docteur la suivait .,le NCs le VIMP .
1003,1885_Adam_Chair-molle_N.txt,Il s' approcha de la rampe et s' entretint avec Madame .,il se VPS de le NC et se VPS avec madame .
1004,1885_Adam_Chair-molle_N.txt,Lucie Thirache restait debout dans une hébétude désolée .,NP NP VIMP ADV dans un NC VSENT .
1005,1885_Adam_Chair-molle_N.txt,"Parfois , sous la longue chemise encadrant les tons d' ivoire de la peau , une secousse montait de ses jambes , la faisait se roidir .","ADVTEMPS , sous le ADJ NC PPRES le NCo de NCmod de le NCCOR , un NC VIMP de DETPOSS NCCOR , le faire se INF ."
1006,1885_Adam_Chair-molle_N.txt,"Et dans son esprit , les idées lentement s' associaient .","et dans DETPOSS NC , le NCs ADV se VIMP ."
1007,1885_Adam_Chair-molle_N.txt,"Ainsi elle était prise , empoisonnée par ce mal qu' elle avait tant redouté .","ainsi il être PPAS , PPAS par ce mal que il avoir tant VSENT ."
1008,1885_Adam_Chair-molle_N.txt,Elle était perdue sans remède .,il être PPAS sans NC .
1009,1885_Adam_Chair-molle_N.txt,"« Fallait -il être canaille tout de même pour infecter ainsi une pauvre fille , sans raison !",""" VIMP il être PRES tout de même pour INF ainsi un ADJ NCo , sans NC !"
1010,1885_Adam_Chair-molle_N.txt,Qu' allait -elle devenir ?,que aller il devenir ?
1011,1885_Adam_Chair-molle_N.txt,"» Elle regardait le tapis , sans voir .",""" il VCOG le NCo , sans VCOG ."
1012,1885_Adam_Chair-molle_N.txt,Son corps semblait insensible ; elle sentait seulement la pesanteur de ses mains à le bout de les bras ballants .,DETPOSS NCCOR sembler ADJ ; il sentir seulement le NCo de DETPOSS NCCOR à le NCmod de le NCCOR ADJ .
1013,1885_Adam_Chair-molle_N.txt,"— Eh bien , ma pauvre amie , il va falloir nous quitter ?","— INTJ bien , DETPOSS ADJ NC , il aller INF nous INF ?"
1014,1885_Adam_Chair-molle_N.txt,La patronne était devant elle et lui prenait les mains en une étreinte de commisération .,le NCs être ADVLIEU il et lui VIMP le NCCOR en un NC de NCSENT .
1015,1885_Adam_Chair-molle_N.txt,"Lucie , d' abord , ne saisit pas le sens de ces paroles , mais elle comprit qu' on s' intéressait à elle , et , un moment , elle considéra Mme Donard en souriant avec une douceur stupide .","NP , de NC , ne PRES pas le NCo de ce NCmod , mais il PRES que on se VIMP à il , et , un NC , il VPS madame NP en PPRES avec un NC ADJ ."
1016,1885_Adam_Chair-molle_N.txt,"Puis , vaguement , elle eut une résonnance de les mots prononcés et elle demanda , inquiète : — Comment , nous quitter ?","puis , ADV , il avoir un NCo de le NCmod ADJ et il VPS , NCo : — comment , nous INF ?"
1017,1885_Adam_Chair-molle_N.txt,"— Mais oui , ma pauvre Nina ; tu le sais bien .","— mais oui , DETPOSS ADJ NP ; je le VCOG bien ."
1018,1885_Adam_Chair-molle_N.txt,"Elle se souvint : le règlement voulait que les femmes arrêtées à la visite , fussent conduites à l' hôpital , dans la journée .","il se PRES : le NCs vouloir que le NCs PPAS à le NC , PRES PPAS à le NC , dans le NCT ."
1019,1885_Adam_Chair-molle_N.txt,"Aussitôt , cette idée d' hôpital la terrifia .","aussitôt , ce NCs de NCmod le NC ."
1020,1885_Adam_Chair-molle_N.txt,"Elle y voyait à la fois une prison , un lieu d' infamie et de torture , elle s' écria : — Oh non !","il y VCOG à le fois un NCo , un NC de NCmod et de NC , il se VPS : — INTJ non !"
1021,1885_Adam_Chair-molle_N.txt,"Madame , vous ne me laisserez pas partir , n' est -ce pas ?","madame , vous ne me laisser pas INF , ne être ce pas ?"
1022,1885_Adam_Chair-molle_N.txt,"— Mais tu sais bien que je n' y puis rien , fit la Donard , étonnée de cette résistance .","— mais je VCOG bien que je ne y puis rien , faire le NP , PPAS de ce NC ."
1023,1885_Adam_Chair-molle_N.txt,— Oh !,— INTJ !
1024,1885_Adam_Chair-molle_N.txt,"gardez -moi chez vous ; vous me cacherez quelque part , où vous voudrez , mais pas l' hospice ; oh non !","IMP soi chez vous ; vous me VF quelque NCo , où vous VF , mais pas le NC ; INTJ non !"
1025,1885_Adam_Chair-molle_N.txt,"pas l' hospice , je ne veux pas .","pas le NC , je ne vouloir pas ."
1026,1885_Adam_Chair-molle_N.txt,Elle éclata en sanglots .,il VPS en NC .
1027,1885_Adam_Chair-molle_N.txt,Sa terreur était à le comble .,DETPOSS NCSENT être à le NC .
1028,1885_Adam_Chair-molle_N.txt,"Il lui semblait que si elle allait là-bas , tout serait fini ; elle mourrait seule , abandonnée à la merci de les carabins , et , en un instant , toutes les accusations qu' elle avait entendu proférer contre les hôpitaux lui revinrent à la mémoire .","il lui sembler que si il aller ADVLIEU , tout être PPAS ; il VCOND ADJ , PPAS à le NC de le NCmod , et , en un NC , tout le NCs que il avoir VCOG INF contre le NC lui VPS à le NC ."
1029,1885_Adam_Chair-molle_N.txt,"Elle se vit opérée douloureusement , battue par les sœurs , affamée ; on l' étendait sur de les tables de marbre à côté d' instruments tranchants , et l' image de son corps tout semé de plaques rouges , tout bossué d' ulcères , venait encore s' imposer à elle impitoyablement , augmentait son désespoir .","il se PRES PPAS ADV , PPAS par le NC , PPAS ; on le VIMP sur de le NC de NCmod à NC de NC ADJ , et le NC de DETPOSS NCCOR tout PPAS de NC ADJCOL , tout NC de NCmod , venir encore se INF à il ADVMAN , VIMP DETPOSS NCSENT ."
1030,1885_Adam_Chair-molle_N.txt,"Soudain elle se rappela une histoire contée par Léa ; une patronne , à Paris , avait su soustraire ses filles à les investigations de la police .","soudain il se VPS un NCo PPAS par NP ; un NCs , à NP , avoir VCOG INF DETPOSS NCo à le NC de le NCmod ."
1031,1885_Adam_Chair-molle_N.txt,"Elle se figura que la Donard avait le même pouvoir , et , pour la supplier d' en user en sa faveur , elle se répandit en objurgations : — Oh !","il se VPS que le NP avoir le même pouvoir , et , pour le INF de en INF en DETPOSS NC , il se PRES en NC : — INTJ !"
1032,1885_Adam_Chair-molle_N.txt,"madame , je vous en prie , gardez-moi .","madame , je vous en NCmod , NC ."
1033,1885_Adam_Chair-molle_N.txt,"Enfin c' est chez vous que j' ai attrapé ça , à votre service , pour vous gagner de l' argent .","PHASE ce être chez vous que je avoir PPAS ça , à DETPOSS NCmod , pour vous INF de le NCo ."
1034,1885_Adam_Chair-molle_N.txt,Dites ?,VDIC ?
1035,1885_Adam_Chair-molle_N.txt,n' ai -je pas toujours été une bonne fille ?,ne avoir je pas ADVTEMPS être un ADJ NC ?
1036,1885_Adam_Chair-molle_N.txt,Vous ne pouvez pas m' abandonner ainsi .,vous ne pouvoir pas se INF ainsi .
1037,1885_Adam_Chair-molle_N.txt,Mon Dieu !,NP NP !
1038,1885_Adam_Chair-molle_N.txt,mon Dieu !,son NP !
1039,1885_Adam_Chair-molle_N.txt,"pauvre fille que je suis ; pourrie à vingt-deux ans , pourrie à vingt-deux ans .","ADJ NC que je être ; PRES à NUM NCT , PRES à NUM NCT ."
1040,1885_Adam_Chair-molle_N.txt,"Les poings à les tempes , les yeux fermés , elle répéta plusieurs fois ces mots qui résumaient tout son malheur , tout son avilissement , toutes ses craintes .","le NC à le NCCOR , le NCCOR ADJ , il VPS plusieurs fois ce NCo qui VIMP tout DETPOSS NCo , tout DETPOSS NC , tout DETPOSS NCSENT ."
1041,1885_Adam_Chair-molle_N.txt,"Puis elle se remit à pleurer , regarda la patronne qui semblait impatiente et faisait de grands gestes , en parlant à le docteur prêt à partir .","puis il se PRES à INF , VCOG le NCo qui sembler ADJ et faire de ADJ NCo , en PPRES à le NC ADJ à INF ."
1042,1885_Adam_Chair-molle_N.txt,Alors Lucie lui jeta de les phrases dramatiques qu' elle avait entendues autrefois à le théâtre et dont la réminiscence venait s' imposer à elle tout à coup .,alors NP lui VPS de le NC ADJ que il avoir VCOG ADVT à le NC et dont le NCs venir se INF à il tout à NC .
1043,1885_Adam_Chair-molle_N.txt,— Pitié !,— VSENT !
1044,1885_Adam_Chair-molle_N.txt,pitié !,VSENT !
1045,1885_Adam_Chair-molle_N.txt,"Vous ne pouvez pas faire ça , vous ne le voudriez pas !","vous ne pouvoir pas faire ça , vous ne le VCOND pas !"
1046,1885_Adam_Chair-molle_N.txt,Le docteur était descendu après avoir rassuré d' un signe la Donard bouleversée .,le NCspas être PPAS PHASE avoir VSENT de un NC le NP ADJ .
1047,1885_Adam_Chair-molle_N.txt,"Et maintenant cette femme se révoltait , parlant très haut à ses pensionnaires : « Maison n' avait jamais vu ; cette fille était vraiment folle .","et ADVT ce NCs se VIMP , PPRES très ADV à DETPOSS NC : "" NP ne avoir ADVTEMPS VCOG ; ce NCs être ADVINT ADJ ."
1048,1885_Adam_Chair-molle_N.txt,Elle savait bien ce qu' il en était en se mettant en maison .,il VCOG bien ce que il en être en se mettre en NC .
1049,1885_Adam_Chair-molle_N.txt,Elle n' avait qu' à ne pas y entrer .,il ne avoir que à ne pas y INF .
1050,1885_Adam_Chair-molle_N.txt,"Voyez-vous ça , elle , la patronne , aurait trimé pendant vingt ans pour arriver à faire fermer son établissement , afin de contenter les caprices d' une espèce qui se laissait communiquer la pourriture à plaisir !","Voyez-le ça , il , le NC , avoir PPAS PHASE NUM NCT pour INF à faire INF DETPOSS NC , ADV de VSENT le NCo de un espèce qui se laisser INF le NC à NCSENT !"
1051,1885_Adam_Chair-molle_N.txt,On a beau être bonne on ne peut pas être bête !,on avoir ADJ être ADJ on ne pouvoir pas être ADJ !
1052,1885_Adam_Chair-molle_N.txt,"Voilà qu' on lui faisait de les scènes maintenant , comme si c' était elle qui donnait la maladie .","voilà que on lui faire de le NC ADVT , comme si ce être il qui VIMP le NCo ."
1053,1885_Adam_Chair-molle_N.txt,"» Lucie Thirache , voyant l' insuccès de ses paroles , se perdit en une mimique exagérée .",""" NP NP , VCOG le NCo de DETPOSS NCmod , se VPS en un NC PPAS ."
1054,1885_Adam_Chair-molle_N.txt,"Elle se contorsionnait , se jetait à genoux , tendait les mains , se relevait .","il se VIMP , se VIMP à NC , VIMP le NCCOR , se VIMP ."
1055,1885_Adam_Chair-molle_N.txt,"Pour toute réponse la patronne commanda : — Allons , va prendre tes affaires .","pour tout NC le NC NC : — NP , aller INF DETPOSS NCo ."
1056,1885_Adam_Chair-molle_N.txt,"Puisque tu n' es pas plus raisonnable , on va venir te chercher .","puisque je ne être pas plus ADJ , on aller venir me INF ."
1057,1885_Adam_Chair-molle_N.txt,Tu partiras tout de suite .,je ADJ tout de NC .
1058,1885_Adam_Chair-molle_N.txt,Tu ne veux pas y aller ?,je ne vouloir pas y aller ?
1059,1885_Adam_Chair-molle_N.txt,J' y vais moi-même .,je y aller soi-même .
1060,1885_Adam_Chair-molle_N.txt,Elle entra dans la chambre de Nina .,il VPS dans le NC de NP .
1061,1885_Adam_Chair-molle_N.txt,Lucie s' était tournée vers ses compagnes qui l' examinaient l' air navré .,NP se être PPAS vers DETPOSS NC qui le VIMP le NCMAN PPAS .
1062,1885_Adam_Chair-molle_N.txt,"— Léa , Germaine , Emilia mes amies , je vous en prie demandez qu' on me garde .","— NP , NP , NP DETPOSS NCmod , je vous en NC IMP que on me PRES ."
1063,1885_Adam_Chair-molle_N.txt,Oh !,INTJ !
1064,1885_Adam_Chair-molle_N.txt,si vous saviez comme j' ai peur .,si vous PRES comme je avoir NCSENT .
1065,1885_Adam_Chair-molle_N.txt,"Je ne veux pas aller à l' hospice , je ne veux pas ... et la phrase s' acheva dans de les sanglots .","je ne vouloir pas aller à le NC , je ne vouloir pas ... et le NCs se VASP dans de le NC ."
1066,1885_Adam_Chair-molle_N.txt,Les filles très émues pleuraient .,le NCs très ADJ VIMP .
1067,1885_Adam_Chair-molle_N.txt,"La Donard revint ; d' un geste elle renvoya les femmes , et , s' étant penchée à la rampe , elle se retourna .","le NP VPS ; de un NC il VPS le NCo , et , se être PPAS à le NC , il se VPS ."
1068,1885_Adam_Chair-molle_N.txt,"— Allons vite , il faut filer .","— aller ADV , il PRES INF ."
1069,1885_Adam_Chair-molle_N.txt,On vient te chercher .,on venir me INF .
1070,1885_Adam_Chair-molle_N.txt,— Oh non !,— INTJ non !
1071,1885_Adam_Chair-molle_N.txt,"ce n' est pas vrai , dites ?","ce ne être pas vrai , VDIC ?"
1072,1885_Adam_Chair-molle_N.txt,demanda encore Lucie parmi ses pleurs .,VPS encore NP parmi DETPOSS NC .
1073,1885_Adam_Chair-molle_N.txt,"Un agent parut sur la dernière marche , et derrière lui , deux hommes en tabliers blancs s' avancèrent vers la fille .","un NCs paraître sur le ADJ NC , et ADVLIEU lui , NUM NCs en NCmod ADJ se VPS vers le NC ."
1074,1885_Adam_Chair-molle_N.txt,A leur vue elle se recula .,à lui NC il se VPS .
1075,1885_Adam_Chair-molle_N.txt,"Une colère , brutalement , l' envahit contre Madame qui l' abandonnait .","un NCSENT , ADVMAN , le NC contre madame qui le VIMP ."
1076,1885_Adam_Chair-molle_N.txt,"Ses muscles se tendirent , elle prit son élan pour s' élancer sur la patronne , hurlant : — Canaille , va !","DETPOSS NCs se VPS , il VPS DETPOSS NCo pour se INF sur le NC , VDIC : — NP , aller !"
1077,1885_Adam_Chair-molle_N.txt,"Les infirmiers l' avaient empoignée , ils la retenaient dans leurs fortes mains .","le NCs le avoir PPAS , il le VIMP dans DETPOSS fort NCCOR ."
1078,1885_Adam_Chair-molle_N.txt,"Lucie , féroce , rageait , crachant à la Donard , qui haussait les épaules à le fond de le couloir : — Tu me le paieras .","NP , NC , VSENT , PPRES à le NP , qui VIMP le NCCOR à le NCmod de le NCmod : — je me le NC ."
1079,1885_Adam_Chair-molle_N.txt,"C' est de ta faute , grosse vache !","ce être de NC ADV , ADJ NC !"
1080,1885_Adam_Chair-molle_N.txt,Tu recevais toutes sortes de crapules dans ton ignoble boutique .,je VIMP tout sorte de NCmod dans DETPOSS ADJ NC .
1081,1885_Adam_Chair-molle_N.txt,"Oui , c' est de ta faute je te la ferai fermer ta sale boîte : Tu y as reçu de les enfants qui n' avaient pas dix-sept ans !","oui , ce être de NC ADV je me le faire INF ter ADJ NC : je y avoir PPAS de le NC qui ne avoir pas NUM NCT !"
1082,1885_Adam_Chair-molle_N.txt,"Attends un peu que je sois guérie , tu en verras de rudes , toi et ton grand maquereau de Donard .","NC un peu que je NUM NC , je en NC de NCmod , soi et DETPOSS ADJ NC de NP ."
1083,1885_Adam_Chair-molle_N.txt,"Les hommes en tabliers blancs descendaient en l' emmenant , tachaient à maîtriser ses brusques mouvements .","le NCs en NCmod ADJ VIMP en le PPRES , VIMP à INF DETPOSS ADJ NCo ."
1084,1885_Adam_Chair-molle_N.txt,"Elle , dans sa fureur , luttait , criait de les injures .","il , dans DETPOSS NC , VIMP , VDIC de le NC ."
1085,1885_Adam_Chair-molle_N.txt,"Ayant relevé la tête à le bas de l' escalier , elle vit Léa , accoudée curieusement à la rampe et l' entendit se plaindre : — Zut alors !","avoir PPAS le NCCOR à le NC de le NCmod , il VPS NP , PPAS ADVMAN à le NC et l' VCOG se INF : — ADV alors !"
1086,1885_Adam_Chair-molle_N.txt,"moi qui ai encore bu dans son verre , hier soir !","soi qui avoir encore PPAS dans DETPOSS NC , ADV NCT !"
1087,1885_Adam_Chair-molle_N.txt,"DEUXIEME PARTIE * ** I A l' hôpital , Lucie Thirache d' abord se résigna .","NP NP * ** NUM à le NC , NP NP de NC se VPS ."
1088,1885_Adam_Chair-molle_N.txt,Il le fallait .,il le VIMP .
1089,1885_Adam_Chair-molle_N.txt,A quoi bon faire la révoltée ?,à quoi ADJ faire le NCo ?
1090,1885_Adam_Chair-molle_N.txt,Puis sa maladie l' occupait surtout .,puis DETPOSS NCs le VIMP surtout .
1091,1885_Adam_Chair-molle_N.txt,"C' était sous les draps soulevés , une continuelle inspection .","ce être sous le NC ADJ , un ADJ NC ."
1092,1885_Adam_Chair-molle_N.txt,"Elle tournait ses bras dans tous les sens , y voyait avec effroi grandir le nombre de taches roses , et , sur la poitrine , de mêmes taches saillirent .","il VIMP DETPOSS NCCOR dans tout le NC , y VCOG avec NC INF le NCo de NCmod ADJCOL , et , sur le NC , un même NCs VPS ."
1093,1885_Adam_Chair-molle_N.txt,"L' aspect de multiples bouffissures violettes épandues partout , lui était une désolation .","le NCs de ADJ NCmod ADJ PPAS ADV , lui être un NC ."
1094,1885_Adam_Chair-molle_N.txt,"De ses mains elle écartait à les aines les plis de ses chairs grasses s' attentionnant à les moindres symptômes , avec une terreur pour la découverte d' une nouvelle tare .","de DETPOSS NCCOR il VIMP à le NC le NC de DETPOSS NCCOR ADJ se PPRES à le NC ADJ , avec un NCSENT pour le NCmod de un ADJ NCmod ."
1095,1885_Adam_Chair-molle_N.txt,"Et comme chaque jour les chancres se développaient , elle s' affolait , avait de les colères , se figurait que la plaie dans un progrès constant , allait la percer toute , la faire un amas de chairs pourries où cette purée grise si répugnante fermenterait .","et comme chaque NCT le NCs se VIMP , il se VSENT , avoir de le NCSENT , se VIMP que le NCs dans un NCmod ADJ , aller le INF tout , le faire un NCs de NCCOR PPAS où ce NCs ADJ si ADJ VCOND ."
1096,1885_Adam_Chair-molle_N.txt,Parfois une horreur la prenait de cette vue puante ; brusquement elle ramenait les draps à le menton et fermait les yeux .,ADVTEMPS un NCs le VIMP de ce NC ADJ ; ADV il VIMP le NCo à le NCCOR et VIMP le NCCOR .
1097,1885_Adam_Chair-molle_N.txt,Elle gémissait .,il VIMP .
1098,1885_Adam_Chair-molle_N.txt,"La sœur accourait : — O ma mère , j' ai bien mal .","le NCs VIMP : — NUM DETPOSS NC , je avoir bien mal ."
1099,1885_Adam_Chair-molle_N.txt,N' est -ce pas que ça a encore grossi cette nuit ?,ne être ce pas que ça avoir encore PPAS ce NCT ?
1100,1885_Adam_Chair-molle_N.txt,"— Mais non , mon enfant ; pourquoi vous faites -vous de la peine comme ça ?","— mais non , DETPOSS NC ; pourquoi vous faire vous de le NCSENT comme ça ?"
1101,1885_Adam_Chair-molle_N.txt,"Restez tranquille , voyons ; calmez-vous .","IMP NCo , NC ; calmez-le ."
1102,1885_Adam_Chair-molle_N.txt,"Avec un linge imbibé de teinture brune , la religieuse mouillait doucement Lucie , apaisant le mal .","avec un NC PPAS de NC ADJ , le NCs VIMP ADVMAN NP , VSENT le mal ."
1103,1885_Adam_Chair-molle_N.txt,La fille était heureuse de ces soins .,le NCs être ADJ de ce NC .
1104,1885_Adam_Chair-molle_N.txt,"Patiente et soumise , elle avait intéressé le docteur , toutes les gardiennes .","ADJ et ADJ , il avoir VSENT le NCo , tout le NC ."
1105,1885_Adam_Chair-molle_N.txt,"On la dorlotait plus qu' une autre , comme une grande enfant .","on le VIMP plus que un autre , comme un ADJ NCmod ."
1106,1885_Adam_Chair-molle_N.txt,"Et , dans les heures où l' obsédante pensée de sa maladie la quittait , elle se sentait à l' aise , dans ces draps blancs , entourée de ces personnes silencieuses et propres qui l' aimaient , et certes la guériraient .","et , dans le NCT où le NCs VCOG de DETPOSS NC le VIMP , il se sentir à le NC , dans ce NC ADJCOL , PPAS de ce NC ADJ et ADJ qui le VSENT , et ADV le VIMP ."
1107,1885_Adam_Chair-molle_N.txt,Elle goûtait un repos charmant après la vie bruyante vécue à le 7 .,il VIMP un NCo ADJ PHASE le NC ADJ PPAS à le NUM .
1108,1885_Adam_Chair-molle_N.txt,Puis elle avait une vénération pour la sœur que ses plaies ne dégoûtaient pas et qui la pansait toute souriante .,puis il avoir un NCSENT pour le NC que DETPOSS NCs ne VIMP pas et qui le VIMP tout NC .
1109,1885_Adam_Chair-molle_N.txt,"Pour lui plaire , elle lisait le soir , une prière très longue , où elle demandait à Dieu la grâce de se bien conduire .","pour lui INF , il VIMP le NCT , un NCo très ADJ , où il VIMP à NP le NC de se bien INF ."
1110,1885_Adam_Chair-molle_N.txt,Une distraction lui était venue .,un NCSENT lui être venir .
1111,1885_Adam_Chair-molle_N.txt,"Elle s' était liée avec une femme couchée près elle , souffrant de le même mal .","il se être PPAS avec un NC PPAS ADVLIEU il , VSENT de le même mal ."
1112,1885_Adam_Chair-molle_N.txt,"Le matin , elles se regardaient l' une l' autre , avant la visite de le médecin , et elles causaient : — La tache , près de votre œil , va mieux , disait Lucie .","le NCT , il se VCOG le un le autre , PHASE le NC de le NCmod , et il VIMP : — le NCs , ADVLIEU de DETPOSS NC , aller mieux , VDIC NP ."
1113,1885_Adam_Chair-molle_N.txt,"Mais il me semble que vous en avez deux autres , ici ; et elle marquait la place sur le front .","mais il me sembler que vous en avoir NUM autre , ADVLIEU ; et il VIMP le NCo sur le NCCOR ."
1114,1885_Adam_Chair-molle_N.txt,— Là ?,— ADVLIEU ?
1115,1885_Adam_Chair-molle_N.txt,— Oui .,— oui .
1116,1885_Adam_Chair-molle_N.txt,"Faut -il qu' un homme soit ignoble tout de même , quand il sait qu' il est malade , pour vous fourrer une cochonnerie pareille ?","PRES il que un NCs être ADJ tout de même , quand il VCOG que il être ADJ , pour vous INF un NCo ADJ ?"
1117,1885_Adam_Chair-molle_N.txt,— Oh !,— INTJ !
1118,1885_Adam_Chair-molle_N.txt,oui n' est -ce pas !,oui ne être ce pas !
1119,1885_Adam_Chair-molle_N.txt,c' est dégoûtant .,ce être ADJ .
1120,1885_Adam_Chair-molle_N.txt,"Et sur le nez , je n' ai plus rien ?","et sur le NCCOR , je ne avoir plus rien ?"
1121,1885_Adam_Chair-molle_N.txt,Oh !,INTJ !
1122,1885_Adam_Chair-molle_N.txt,"vous savez , si jamais je guéris , vous pouvez être sûre , que jamais plus j' irai avec un homme .","vous VCOG , si ADVTEMPS je PPAS , vous pouvoir être ADJ , que ADVTEMPS plus je VF avec un NC ."
1123,1885_Adam_Chair-molle_N.txt,"Ça , par exemple , c' est fini ; sitôt sortie je me remets à travailler .","ça , par NC , ce être VASP ; ADV PPAS je me PRES à INF ."
1124,1885_Adam_Chair-molle_N.txt,— Ah !,— INTJ !
1125,1885_Adam_Chair-molle_N.txt,quel métier faisiez -vous ?,quel NCs PRES vous ?
1126,1885_Adam_Chair-molle_N.txt,Moi j' étais couturière .,soi je être ADJ .
1127,1885_Adam_Chair-molle_N.txt,"— Tiens , moi aussi .","— NP , soi aussi ."
1128,1885_Adam_Chair-molle_N.txt,— Moi j' étais à Saint-Quentin .,— soi je être à NP .
1129,1885_Adam_Chair-molle_N.txt,— Ah !,— INTJ !
1130,1885_Adam_Chair-molle_N.txt,bien moi j' étais à Calais .,bien soi je être à NP .
1131,1885_Adam_Chair-molle_N.txt,Mais il y a longtemps .,mais il y avoir longtemps .
1132,1885_Adam_Chair-molle_N.txt,"Un jour , j' ai tout lâché pour aller chanter dans un concert , à Dunkerque .","un NCT , je avoir tout PPAS pour aller INF dans un NC , à NP ."
1133,1885_Adam_Chair-molle_N.txt,Une jolie bêtise que j' ai faite là .,un NC ADJ que je avoir faire ADVLIEU .
1134,1885_Adam_Chair-molle_N.txt,"— Tiens , vous avez été chanteuse .","— ADJ , vous avoir être NC ."
1135,1885_Adam_Chair-molle_N.txt,— Oh !,— INTJ !
1136,1885_Adam_Chair-molle_N.txt,"un sale métier , vous savez : il faut s' éreinter avec de les hommes qu' on ne connaît pas .","un ADJ NCs , vous VCOG : il PRES se INF avec de le NC que on ne PRES pas ."
1137,1885_Adam_Chair-molle_N.txt,"Si on n' y gagnait pas un peu d' argent , je crois que j' aimerais mieux être femme de maison .","si on ne y VIMP pas un peu de NCmod , je VCOG que je VSENT mieux être NC de NCmod ."
1138,1885_Adam_Chair-molle_N.txt,"Lucie Thirache rougit , et , dans une peur honteuse , elle se mit à inventer une histoire très compliquée : un jeune homme de Saint-Quentin , dont elle se rappelait le nom par hasard , y jouait un grand rôle .","NP NP PRES , et , dans un NCSENT ADJ , il se mettre à INF un NCo très PPAS : un ADJ NCs de NP , dont il se VIMP le NCs par NCmod , y VIMP un ADJ NCo ."
1139,1885_Adam_Chair-molle_N.txt,"L' autre femme parut s' émouvoir fort et , à son tour , elle s' épanchait en confidences : elle était allée à Dunkerque avec un chanteur qui l' avait mise enceinte , lui promettant le mariage .","le autre NCs paraître se VSENT fort et , à DETPOSS NC , il se VIMP en NC : il être aller à NP avec un NC qui le avoir mettre ADJ , lui PPRES le NCo ."
1140,1885_Adam_Chair-molle_N.txt,"Toujours , dans ses récits , cet homme devenait plus méchant , jusque le trait dernier , où , ayant volontairement attrapé le mal pour le donner à sa maîtresse , il avait laissé la malheureuse seule , à Douai , sans argent , déjà malade .","ADVTEMPS , dans DETPOSS NC , ce NCs devenir plus ADJ , jusque le NC ADJ , où , avoir ADV PPAS le mal pour le INF à DETPOSS NC , il avoir laisser le NCo ADJ , à NP , sans NC , déjà ADJ ."
1141,1885_Adam_Chair-molle_N.txt,"Une grande amitié unit les deux filles ; elles se contaient leurs petites affaires , se soignaient tour à tour .","un ADJ NCs PRES le NUM NCo ; il se VIMP DETPOSS ADJ NCo , se VIMP NC à NC ."
1142,1885_Adam_Chair-molle_N.txt,La voisine de Lucie s' appelait Dosia .,le NCs de NP se VIMP NP .
1143,1885_Adam_Chair-molle_N.txt,"Dès le premier jour elle apparut une femme pratique , apprit à sa nouvelle camarade de les trucs pour obtenir de les suppléments .","dès le ADJ NCT il VPS un NCo ADJ , VCOG à DETPOSS ADJ NC de le NCmod pour INF de le NC ."
1144,1885_Adam_Chair-molle_N.txt,"Elle savait feindre une faiblesse , engageant le docteur à ordonner de les mets fortifiants .","il VCOG INF un NCo , PPRES le NCo à INF de le NC ADJ ."
1145,1885_Adam_Chair-molle_N.txt,"Lucie Thirache voulut profiter de ces subterfuges qui lui paraissaient admirables , d' une femme tout à fait supérieure .","NP NP vouloir INF de ce NC qui lui VIMP ADJ , de un NCmod tout à NC ADJ ."
1146,1885_Adam_Chair-molle_N.txt,"Et , la nuit , quand les douleurs à le crâne , l' inflammation de les pustules les empêchaient de leur sommeil , ensemble , elles combinaient de les moyens .","et , le NCT , quand le NCSENT à le NCmod , le NCs de le NCmod le VIMP de lui NC , ensemble , il VIMP de le NC ."
1147,1885_Adam_Chair-molle_N.txt,"Dosia profitait de la faveur où Lucie s' était mise et , toujours , la chargeait de parler la première .","NP VIMP de le NC où NP se être PPAS et , ADVTEMPS , le VIMP de INF le ADJ ."
1148,1885_Adam_Chair-molle_N.txt,"Lucie ne demandait pas mieux , contente de satisfaire à son amie et de rire avec elle tout bas , très longtemps , quand le coup avait réussi .","NP ne VIMP pas mieux , NCo de VSENT à DETPOSS NC et de INF avec il tout ADJ , très longtemps , quand le NCs avoir PPAS ."
1149,1885_Adam_Chair-molle_N.txt,"Elle se persuada que Dosia lui était toute dévouée , la trouva bonne , très aimante , se promit bien de suivre ses conseils en tout cas .","il se VPS que NP lui être tout PPAS , le NC ADJ , très ADJ , se VPS bien de INF DETPOSS NCo en tout NC ."
1150,1885_Adam_Chair-molle_N.txt,Et leur maladie lentement décrût .,et lui NCs ADV VSUBI .
1151,1885_Adam_Chair-molle_N.txt,"Les taches pâlissaient , prenaient maintenant une teinte cuivreuse , De les cicatrices oblitéraient les plaies .","le NCs VIMP , VIMP ADVT un NCo ADJ , de le NC VIMP le NCo ."
1152,1885_Adam_Chair-molle_N.txt,Le médecin félicitait les filles de leur exactitude à suivre ses recommandations et les prédisait valides prochainement .,le NCs VIMP le NCo de lui NCmod à INF DETPOSS NCo et le VIMP ADJ ADVTEMPS .
1153,1885_Adam_Chair-molle_N.txt,"— Et , nom d' une pipe !","— et , NC de un NCmod !"
1154,1885_Adam_Chair-molle_N.txt,"elles pourraient refaire la noce , et s' en donner à gogo , jusqu' à le prochain coup de pied de Vénus .","il pouvoir INF le NCo , et se en INF à NC , jusque à le ADJ NCmod de NCCOR de NP ."
1155,1885_Adam_Chair-molle_N.txt,— Oh !,— INTJ !
1156,1885_Adam_Chair-molle_N.txt,"jamais , qu' elles referaient la noce !","ADVTEMPS , que il VCOND le NCo !"
1157,1885_Adam_Chair-molle_N.txt,C' était bien fini à présent .,ce être bien VASP à NC .
1158,1885_Adam_Chair-molle_N.txt,"Le docteur s' en allait haussant les épaules , riant .","le NCs se en aller PPRES le NCCOR , PPRES ."
1159,1885_Adam_Chair-molle_N.txt,"Mais les femmes , très convaincues , continuaient d' affirmer leur sagesse future et bâtissaient de les plans vertueux : il n' avait pas l' air de les croire , mais c' était bien vrai .","mais le NCs , très ADJ , VIMP de VDIC lui NCo ADJ et VIMP de le NC ADJ : il ne avoir pas le NCMAN de le VCOG , mais ce être bien vrai ."
1160,1885_Adam_Chair-molle_N.txt,"Plus souvent qu' elles se refourreraient sous la patte de les hommes ; oh non , alors !","plus ADVTEMPS que il se VIMP sous le NC de le NCmod ; INTJ non , alors !"
1161,1885_Adam_Chair-molle_N.txt,"Sitôt sorties de l' hôpital , elles allaient entrer dans un atelier et puis travailler comme couturière .","ADV NC de le NCmod , il aller INF dans un NC et puis INF comme NC ."
1162,1885_Adam_Chair-molle_N.txt,"Et déjà , interminablement , elles réglaient leurs dépenses , arrangeaient une vie de sage travail et de joies tranquilles .","et déjà , ADV , il VIMP DETPOSS NCo , VIMP un NCo de ADJ NCmod et un NC ADJ ."
1163,1885_Adam_Chair-molle_N.txt,"Elles communiquèrent ces idées à la sœur qui , aussitôt , les encouragea : elles devaient remercier Dieu de les sages déterminations qu' il leur inspirait .","il VPS ce NCo à le NC qui , aussitôt , le VPS : il devoir VDIC NP de le NC NCmod que il lui VCOND ."
1164,1885_Adam_Chair-molle_N.txt,"Bien sûr , à les prières qu' elle faisait tous les soirs , Nina devait cette lumière de le ciel .","bien ADJ , à le NC que il faire tout le NCT , NP devoir ce NCo de le NCmod ."
1165,1885_Adam_Chair-molle_N.txt,Il fallait revenir à la religion : sans elle les meilleures résolutions ne sont que vaines paroles .,il VIMP INF à le NC : sans il le meilleur NCs ne être que ADJ NC .
1166,1885_Adam_Chair-molle_N.txt,"Et , comme ce serait malheureux , si , plus tard , la faiblesse de leur chair les faisait retomber dans le vice .","et , comme ce être ADJ , si , plus tard , le NCs de lui NCCOR le faire INF dans le NC ."
1167,1885_Adam_Chair-molle_N.txt,"Mais Dieu les soutiendrait toujours , leur donnerait la force de persévérer , si seulement elles voulaient se recommander à lui .","mais NP le VCOND ADVTEMPS , lui VCOND le NCSENT de INF , si seulement il vouloir se INF à lui ."
1168,1885_Adam_Chair-molle_N.txt,Il n' était pas possible qu' elles eussent oublié la pratique de les sacrements .,il ne être pas ADJ que il PRES VCOG le NCo de le NCmod .
1169,1885_Adam_Chair-molle_N.txt,Elles se rappelaient certainement leur première communion .,il se VIMP ADVINT lui ADJ NCo .
1170,1885_Adam_Chair-molle_N.txt,"Elles étaient pures alors , comme les saints anges .","il être ADJ alors , comme le NC ADJ ."
1171,1885_Adam_Chair-molle_N.txt,Avaient -elles goûté de pareils bonheurs depuis leur chute ?,avoir il PPAS de NC NCSENT depuis lui NC ?
1172,1885_Adam_Chair-molle_N.txt,Et la religieuse avait une douceur qui les touchait .,et le NCs avoir un NCo qui le VIMP .
1173,1885_Adam_Chair-molle_N.txt,Le souvenir de sa première communion faisait larmoyer Lucie .,le NC de DETPOSS ADJ NCmod faire INF NP .
1174,1885_Adam_Chair-molle_N.txt,"Elle se revoyait dans la Basilique , heureuse de sa belle robe blanche , plongée dans une extase par la vue de les cierges , de les enfants de chœur , par l' odeur exquise de l' encens .","il se VIMP dans le NP , ADJ de DETPOSS ADJ NC ADJCOL , PPAS dans un NCSENT par le NCmod de le NCmod , de le NC de NCmod , par le NCmod ADJ de le NCmod ."
1175,1885_Adam_Chair-molle_N.txt,"Sœur Sainte Thérèse venait s' assoir entre elles ; leur versait de les paroles pieuses , et leur lisait l' Evangile pour les distraire .","NP NP NP venir se INF entre il ; lui VIMP de le NC ADJ , et lui VIMP le NP pour le VSENT ."
1176,1885_Adam_Chair-molle_N.txt,"Bientôt les voyant très attentives , elle leur parla de confession .","bientôt le VCOG très ADJ , il lui VPS de NC ."
1177,1885_Adam_Chair-molle_N.txt,Lucie Thirache et Dosia consentirent aisément .,NP NP et NP PRES ADV .
1178,1885_Adam_Chair-molle_N.txt,"L' aumônier , un vieillard vénérable , reçut leurs aveux .","le NCs , un NC ADJ , VPS DETPOSS NCo ."
1179,1885_Adam_Chair-molle_N.txt,Dès lors la religion les prit toutes .,dès lors le NCs le VPS tout .
1180,1885_Adam_Chair-molle_N.txt,"Lucie rejeta son besoin d' affection sur Jésus-Christ , ce dieu qu' on leur montrait si bon , qu' elle voyait si beau , si délicat avec les femmes , si peu semblable à les autres hommes .","NP VPS DETPOSS NCo de NCSENT sur NP , ce NC que on lui VCOND si ADJ , que il VCOG si ADJ , si ADJ avec le NC , si peu ADJ à le autre NC ."
1181,1885_Adam_Chair-molle_N.txt,"Elle baisait le crucifix , elle disait à Dosia ses pieuses pensées en s' étonnant de la voir moins fervente .","il VIMP le NCo , il VDIC à NP DETPOSS NCo VCOG en se VSENT de le VCOG moins ADJ ."
1182,1885_Adam_Chair-molle_N.txt,"Mais son amie lui fit comprendre que la religion avait , pour elles , d' autres avantages .","mais DETPOSS NC lui faire VCOG que le NCs avoir , pour il , un autre NC ."
1183,1885_Adam_Chair-molle_N.txt,N' était -ce pas un sûr moyen d' être encore privilégiées et d' obtenir les meilleurs morceaux ?,ne être ce pas un ADJ NC de être encore ADJ et de INF le meilleur NCo ?
1184,1885_Adam_Chair-molle_N.txt,Leur journée était toute de dévotion .,DETPOSS NCT être tout de NC .
1185,1885_Adam_Chair-molle_N.txt,"Elles disaient de les chapelets pour leurs parents , pour -la sœur , pour la conversion de le docteur .","il VDIC de le NC pour DETPOSS NC , pour -la NC , pour le NC de le NCmod ."
1186,1885_Adam_Chair-molle_N.txt,"Enfin Dosia , guérie , reçut avec son bulletin de sortie , l' ordre de se rendre à Arras où elle serait soumise à les surveillances de police .","PHASE NP , NC , VPS avec DETPOSS NC de NCmod , le NC de se INF à NP où il être PPAS à le NC de NCmod ."
1187,1885_Adam_Chair-molle_N.txt,Ce furent de les adieux émus : Les deux femmes s' embrassèrent longuement et promirent s' adresser de les lettres .,ce être de le NC ADJ : le NUM NCs se PRES ADV et PRES se INF de le NC .
1188,1885_Adam_Chair-molle_N.txt,"Quelques jours encore , Lucie Thirache resta à l' hôpital , choyée par tous .","quelque NCT encore , NP NP VPS à le NC , PPAS par tout ."
1189,1885_Adam_Chair-molle_N.txt,"L' aumônier , très fier de cette cure spirituelle , fit une quête en faveur de sa protégée .","le NCs , très ADJ de ce NC ADJ , faire un NCo en NC de DETPOSS NCmod ."
1190,1885_Adam_Chair-molle_N.txt,"Il paya l' argent qu' elle devait à la Donard et la plaça dans un atelier de couture , œuvre pieuse , patronnée par les dames de la ville .","il VPS le NCo que il devoir à le NP et le NP dans un NC de NCmod , NC ADJ , PPAS par le NC de le NCmod ."
1191,1885_Adam_Chair-molle_N.txt,"Lucie put enfin partir ; et il y eut en elle , avec la joie d' être libre , un regret de quitter ce lieu où elle avait été si heureuse , une vague terreur d' être inhabile à un travail longtemps délaissé .","NP pouvoir PHASE INF ; et il y avoir en il , avec le NCSENT de être ADJ , un NCSENT de INF ce NCo où il avoir être si ADJ , un NC NCSENT de être ADJ à un NC longtemps PPAS ."
1192,1885_Adam_Chair-molle_N.txt,II Tout bruit cessait dans l' atelier de couture .,NUM tout NCs VASP dans le NC de NCmod .
1193,1885_Adam_Chair-molle_N.txt,"Sur la chaise , la sœur s' agenouilla et commença .","sur le NC , le NCs se VPS et VASP ."
1194,1885_Adam_Chair-molle_N.txt,"la prière de le soir : — « À le nom de le Père , et de le Fils et de le Saint-Esprit , — Ainsi soit -il » répondirent Lucie Thirache et ses compagnes .","le NC de le NCT : — "" À le NCs de le NP , et de le NP et de le NP , — ainsi être il "" VPS NP NP et DETPOSS NC ."
1195,1885_Adam_Chair-molle_N.txt,"La religieuse continuait lentement , détachant les syllabes .","le NCs VIMP ADV , PPRES le NCo ."
1196,1885_Adam_Chair-molle_N.txt,"Elle avait fermé les yeux , appuyé sa figure à ses mains jointes et , immobile sous les voiles , elle semblait perdue en une contemplation de la divinité .","il avoir PPAS le NCCOR , PPAS DETPOSS NCCOR à DETPOSS NCCOR ADJ et , ADJ sous le NC , il sembler PPAS en un NC de le NCmod ."
1197,1885_Adam_Chair-molle_N.txt,"Lucie Thirache , tâchait à copier ces attitudes .","NP NP , VIMP à INF ce NCo ."
1198,1885_Adam_Chair-molle_N.txt,"Elle enviait cette grande ferveur , aurait voulu , elle aussi , être très pieuse pour mériter le salut éternel .","il VIMP ce ADJ NCo , avoir vouloir , il aussi , être très ADJ pour INF le NCo ADJ ."
1199,1885_Adam_Chair-molle_N.txt,Car elle était bien coupable !,car il être bien ADJ !
1200,1885_Adam_Chair-molle_N.txt,Quelle vilaine existence elle avait menée !,quel ADJ NC il avoir PPAS !
1201,1885_Adam_Chair-molle_N.txt,"Et , sans une honte , sans un remords , tant sa dépravation était abominable !","et , sans un NCSENT , sans un NCSENT , tant DETPOSS NCs être ADJ !"
1202,1885_Adam_Chair-molle_N.txt,"Quels remerciements ne devait -elle pas à le Seigneur , pour lui avoir envoyé cette bienfaisante maladie ?","quel NCs ne devoir il pas à le NP , pour lui avoir PPAS ce ADJ NCo ?"
1203,1885_Adam_Chair-molle_N.txt,Monsieur le Directeur avait raison : c' était une miraculeuse intervention de la grâce .,monsieur le NCmod avoir NCo : ce être un ADJ NC de le NCmod .
1204,1885_Adam_Chair-molle_N.txt,"Sans ce mal , elle n' aurait jamais eu le bonheur de revenir à les saintes pratiques de la religion .","sans ce mal , il ne avoir ADVTEMPS avoir le NCSENT de INF à le ADJ NC de le NCmod ."
1205,1885_Adam_Chair-molle_N.txt,"La sœur s' arrêta , ayant récité la première partie de l' oraison dominicale .","le NCs se VPS , avoir PPAS le ADJ NCo de le NCmod ADJ ."
1206,1885_Adam_Chair-molle_N.txt,"Tirée de ses réflexions par ce silence subit , Lucie leva la tête et aperçut la salle d' un coup d' œil .","PPAS de DETPOSS NC par ce NCmod PRES , NP PRES le NCCOR et VPS le NCo de un NCmod de NCmod ."
1207,1885_Adam_Chair-molle_N.txt,"Mais ses voisines avaient déjà repris l' oraison , et elle dut prier tout haut .","mais DETPOSS NCs avoir déjà PPAS le NCo , et il devoir INF tout NCo ."
1208,1885_Adam_Chair-molle_N.txt,"Ses lèvres remuaient machinalement , sans qu' elle songeât à le sens de les paroles prononcées .","DETPOSS NCCOR VIMP ADV , sans que il VSUBI à le NC de le NCmod PPAS ."
1209,1885_Adam_Chair-molle_N.txt,"Elle regardait autour , dans un bien-être .","il VCOG ADV , dans un NCSENT ."
1210,1885_Adam_Chair-molle_N.txt,"Tout expirait le calme et la propreté laborieuse : la table supportant de les pelotes hérissées d' aiguilles et d' épingles , de les pièces de toile ; les ouvrières agenouillées dans leurs costumes uniformes , sans une tache , sans une déchirure ; la pâleur de les grands murs badigeonnés , où se découpait nettement la croix brune peinte au-dessus de la chaire ; le bois ciré de la chaire ; la dame patronnesse gantée de clair jusqu' à le coude , lisant en un livre couvert d' ivoire ; et aussi ce demi-silence , où s' élevait , seule , la voix mesurée de la religieuse , une voix adorante et humble .","tout VCOND le NCSENT et le NC ADJ : le NC PPRES de le NC VSENT de NC et de NC , de le NCmod de NCmod ; le NC PPAS dans DETPOSS NC ADJ , sans un NCmod , sans un NCSENT ; le NC de le ADJ NCmod PPAS , où se VIMP ADVINT le NCs ADJ PPAS ADVLIEU de le NC ; le NC PPAS de le NCmod ; le NC ADJ PPAS de ADJ jusque à le NCCOR , PPRES en un NC ADJ de NCmod ; et aussi ce NC , où se VIMP , ADJ , le NCMAN PPAS de le NCmod , un NCMAN ADJ et ADJ ."
1211,1885_Adam_Chair-molle_N.txt,Quelle joie !,quel NCSENT !
1212,1885_Adam_Chair-molle_N.txt,"ne plus entendre les plaintes de les malades , ni les hurlements de les filles soûles , vivre béatement , sans un souci .","ne plus VCOG le NCo de le NCmod , ni le NC de le NCmod ADJ , INF ADVMAN , sans un NCSENT ."
1213,1885_Adam_Chair-molle_N.txt,La guérison complète de son mal lui était accordée : la nourriture saine de l' Œuvre l' avait rétablie .,le NCs ADJ de DETPOSS mal lui être PPAS : le NCs ADJ de le NP le avoir PPAS .
1214,1885_Adam_Chair-molle_N.txt,"Et puis plus de tracas d' argent , ne s' occuper à rien qu' à son salut , qu' à sa dévotion pour la très sainte Vierge , qui l' avait tirée de l' abîme de le péché .","et puis plus de NCSENT de NCmod , ne se INF à rien que à DETPOSS NC , que à DETPOSS NC pour le très ADJ NP , qui le avoir PPAS de le NC de le NCmod ."
1215,1885_Adam_Chair-molle_N.txt,"Et la salutation angélique , qu' on allait dire , confirma Lucie en ces pensées .","et le NC ADJ , que on aller VDIC , confirson NP en ce NCmod ."
1216,1885_Adam_Chair-molle_N.txt,"Elle avait une profonde vénération pour la Mère de Dieu ; cette nature mystérieuse de mère , restée vierge , plongeait la fille dans une admiration respectueuse et étonnée .","il avoir un ADJ NCSENT pour le NC de NP ; ce NCs ADJ de NCmod , PPAS ADJ , VIMP le NCo dans un NCSENT ADJ et PPAS ."
1217,1885_Adam_Chair-molle_N.txt,A Marie elle avait adressé ses premières prières si tôt suivies de la grâce .,à NP il avoir PPAS DETPOSS ADJ NCo si tôt PPAS de le NC .
1218,1885_Adam_Chair-molle_N.txt,"Elle lui en gardait une reconnaissance , la jugeant spécialement dévouée à son salut .","il lui en VIMP un NCo , le PPRES ADVINT PPAS à DETPOSS NC ."
1219,1885_Adam_Chair-molle_N.txt,"Avec une scrupuleuse attention qui pesait et méditait chaque mot , Lucie donna le répons de la salutation angélique : « Sainte Marie , Mère de Dieu , priez pour nous , pauvres pêcheurs !","avec un ADJ NC qui VIMP et VIMP chaque NCo , NP VPS le NCo de le NCmod ADJ : "" NP NP , NP de NP , IMP pour nous , ADJ NCo !"
1220,1885_Adam_Chair-molle_N.txt,» Comme elle avait besoin de cette puissante intercession !,""" comme il avoir NCo de ce ADJ NCmod !"
1221,1885_Adam_Chair-molle_N.txt,"Elle avait si gravement offensé Jésus et si longtemps , qu' elle n' oserait l' implorer lui-même .","il avoir si ADVMAN VSENT NP et si longtemps , que il ne VCOND le INF soi-même ."
1222,1885_Adam_Chair-molle_N.txt,"Pendant cinq jours , elle avait oublié dire son chapelet .","PHASE NUM NCT , il avoir VCOG VDIC DETPOSS NCo ."
1223,1885_Adam_Chair-molle_N.txt,"Et même la pénitence , imposée par son confesseur , avait été accomplie à demi .","et même le NCspas , PPAS par DETPOSS NC , avoir être PPAS à ADJ ."
1224,1885_Adam_Chair-molle_N.txt,"Malgré tout cela , elle n' avait pas craint de s' approcher à la Sainte-Table , en un désir cupide d' obtenir la croix d' or , promise par la dame patronnesse , pour sa dixième communion .","malgré tout cela , il ne avoir pas VSENT de se INF à le NP , en un NCSENT ADJ de INF le NCo de NCmod , PPAS par le NC ADJ , pour DETPOSS ADJ NC ."
1225,1885_Adam_Chair-molle_N.txt,"Mais ce qui lui faisait redouter tous les tourments de l' enfer , c' est qu' elle avait encore pensé à Léa .","mais ce qui lui faire VSENT tout le NCSENT de le NCmod , ce être que il avoir encore VCOG à NP ."
1226,1885_Adam_Chair-molle_N.txt,Elle avait même été de le côté de la rue Pépin pour la revoir .,il avoir même être de le NC de le NCmod NP pour le VCOG .
1227,1885_Adam_Chair-molle_N.txt,"Heureusement , une ouvrière de l' Œuvre l' avait rencontrée et conduite jusqu' à l' atelier ... Jamais elle ne pourrait recevoir l' absolution , samedi ; et , cependant , c' était dimanche , après la messe de communion , qu' on devait lui donner le bijou .","heureusement , un NCs de le NP le avoir PPAS et PPAS jusque à le NC ... ADVTEMPS il ne pouvoir INF le NCo , ADVT ; et , cependant , ce être ADVT , PHASE le NCmod de NCmod , que on devoir lui INF le NCs ."
1228,1885_Adam_Chair-molle_N.txt,"Elle était bien malheureuse , inexorablement poursuivie par le Tentateur .","il être bien ADJ , ADV PPAS par le NP ."
1229,1885_Adam_Chair-molle_N.txt,Elle ne pouvait réussir en rien .,il ne pouvoir INF en rien .
1230,1885_Adam_Chair-molle_N.txt,Elle serait damnée .,il être PPAS .
1231,1885_Adam_Chair-molle_N.txt,"On récitait les litanies de la Vierge , et la voix de les femmes montait en un concert d' éloges .","on VIMP le NCo de le NP , et le NCMAN de le NCmod VIMP en un NC de NCmod ."
1232,1885_Adam_Chair-molle_N.txt,"Sans cesse revenait à Lucie le souvenir d' un sermon prononcé , la veille , sur les peines éternelles .","sans NC VIMP à NP le INF de un NC PPAS , le NC , sur le NCSENT ADJ ."
1233,1885_Adam_Chair-molle_N.txt,"Et la peinture épouvantable que le-prédicateur avait faite de ces châtiments venait l' effrayer , augmenter le désespoir d' avoir perdu le bijou promis .","et le NCs ADJ que NCs avoir faire de ce NC venir le VSENT , INF le NCSENT de avoir PPAS le NCo PPAS ."
1234,1885_Adam_Chair-molle_N.txt,Ses yeux se mouillaient .,DETPOSS NCCOR se VIMP .
1235,1885_Adam_Chair-molle_N.txt,Elle les gardait obstinément fixés vers le plafond blanc dans une craintive attente de le voir s' entrouvrir pour une apparition de la Madone courroucée .,il le VIMP ADV PPAS vers le NC ADJCOL dans un ADJ NC de le VCOG se INF pour un NC de le NP VSENT .
1236,1885_Adam_Chair-molle_N.txt,"Et elle répétait , larmoyante : « Priez pour nous , priez pour nous !","et il VIMP , NCo : "" IMP pour nous , IMP pour nous !"
1237,1885_Adam_Chair-molle_N.txt,"» Il lui semblait que chaque qualité de la Vierge énumérée dans ces litanies , devait être un motif de plus pour le pardon ; mais , à mesure que la prière s' égrenait , sans qu' il vint un apaisement , il lui semblait aussi que la grâce était perdue pour toujours .",""" il lui sembler que chaque NCs de le NP PPAS dans ce NC , devoir être un NC de plus pour le NCmod ; mais , à NC que le NCs se VIMP , sans que il venir un NCSENT , il lui sembler aussi que le NCspas être PPAS pour ADVTEMPS ."
1238,1885_Adam_Chair-molle_N.txt,"Désespérément , elle attendait un signe miraculeux qui assurât , sa requête accueillie .","ADVMAN , il VIMP un NCo ADJ qui VSUBI , DETPOSS NC PPAS ."
1239,1885_Adam_Chair-molle_N.txt,"Et bientôt le plafond se teintait de taches mouvantes bleues , vertes .","et bientôt le NCs se VIMP de NC ADJ ADJCOL , ADJCOL ."
1240,1885_Adam_Chair-molle_N.txt,"Lucie abaissait les paupières , que lancinait un picotement insupportable , et les appuyait en ses mains .","NP VIMP le NCCOR , que VSENT un NCs ADJ , et le VIMP en DETPOSS NCCOR ."
1241,1885_Adam_Chair-molle_N.txt,"Elle revoyait le plafond tout d' azur , comme un ciel sans nuages , puis il rougissait , s' assombrissait ; il devenait tout noir , avec un point lumineux , brillant très loin , dans une ombre épaisse .","il VIMP le NCo tout de NC , comme un NC sans NCmod , puis il VIMP , se VIMP ; il devenir tout NCo , avec un NC ADJ , PPRES très ADVLIEU , dans un NC ADJ ."
1242,1885_Adam_Chair-molle_N.txt,"Soudain ce point lumineux se multipliait ; de les milliers d' étoiles s' élevaient , disparaissaient , remplacées par d' autres , à l' infini .","soudain ce NCs ADJ se VIMP ; de le NCs de NCmod se VIMP , VIMP , PPAS par un autre , à le NC ."
1243,1885_Adam_Chair-molle_N.txt,"Lucie Thirache se sentait pâlir et frissonner , presque s' évanouir .","NP NP se sentir INF et INF , presque se INF ."
1244,1885_Adam_Chair-molle_N.txt,"Elle rouvrait les yeux précipitamment , croyant à une mort proche , persuadée que Marie l' exauçait en l' appelant près elle .","il VCOND le NCCOR ADV , VCOG à un NC ADJ , PPAS que NP le VSENT en le PPRES ADVLIEU il ."
1245,1885_Adam_Chair-molle_N.txt,"Mais elle retrouvait la salle très calme , où psalmodiait toujours la voix de la religieuse ; ses compagnes agenouillées ; la croix brune ; et , de son extase , il ne restait qu' une énorme tache verte dansant devant son regard , s' interposant entre elle et les objets .","mais il VIMP le NCo très NCSENT , où VIMP ADVTEMPS le NCMAN de le NCmod ; DETPOSS NC ADJ ; le NC ADJ ; et , de DETPOSS NCSENT , il ne VIMP que un ADJ NC ADJCOL PPRES ADVLIEU DETPOSS NCMAN , se PPRES entre il et le NC ."
1246,1885_Adam_Chair-molle_N.txt,Elle s' abîmait en un béat orgueil .,il se VIMP en un NC NCSENT .
1247,1885_Adam_Chair-molle_N.txt,"Ainsi , manifestement , la Vierge lui avait promis assistance .","ainsi , ADV , le NP lui avoir PPAS NCs ."
1248,1885_Adam_Chair-molle_N.txt,Cette vision qu' elle avait eue était un sûr garant de la bienveillance divine .,ce NCs que il avoir PPAS être un ADJ NC de le NCSENT ADJ .
1249,1885_Adam_Chair-molle_N.txt,"Elle serait sauvée , siégerait à la droite de Marie , parmi les anges , et jouirait de le bonheur céleste .","il être PPAS , VCOND à le NC de NP , parmi le NC , et VCOND de le NCSENT ADJ ."
1250,1885_Adam_Chair-molle_N.txt,"Cette marque de la bonté suprême n' avait rien , d' ailleurs , qui dut la surprendre .","ce NCs de le NCSENT ADJ ne avoir rien , de ADVLIEU , qui devoir le VSENT ."
1251,1885_Adam_Chair-molle_N.txt,Elle avait tant prié .,il avoir tant PPAS .
1252,1885_Adam_Chair-molle_N.txt,"Et puis , à le 7 même , elle avait toujours eu un grand respect pour la religion : elle était seule à ne pas se moquer de la dévote Emilia ; elle avait suivi plusieurs fois ses pieux conseils .","et puis , à le NUM même , il avoir ADVTEMPS avoir un ADJ NCo pour le NCmod : il être ADJ à ne pas se INF de le NC NP ; il avoir PPAS plusieurs fois DETPOSS ADJ NCo ."
1253,1885_Adam_Chair-molle_N.txt,"Elle commencerait une neuvaine pour cette véritable amie , — dès demain , — car maintenant elle ne pouvait plus ; cette apparition l' avait bouleversée , fatiguée , ses genoux lui faisaient mal .","il VASP un NCo pour ce véritable NCmod , — dès ADVT , — car ADVT il ne pouvoir plus ; ce NCs le avoir VSENT , VSENT , DETPOSS NCCOR lui faire mal ."
1254,1885_Adam_Chair-molle_N.txt,"Et faire de nouvelles oraisons , à présent , serait abuser de la mensuétude infinie .","et faire un ADJ NCo , à NC , être INF de le NC ADJ ."
1255,1885_Adam_Chair-molle_N.txt,"« Mon Dieu , je viens vous offrir mon travail et mes peines ... » Lucie Thirache fut frappée de cette invocation .",""" NP NP , je venir vous INF DETPOSS NCo et DETPOSS NCSENT ... "" NP NP être frapper de ce NC ."
1256,1885_Adam_Chair-molle_N.txt,C' était sans doute sa grande application à le travail qui lui avait obtenu la protection divine .,ce être sans NCSENT DETPOSS ADJ NC à le NCmod qui lui avoir PPAS le NCo ADJ .
1257,1885_Adam_Chair-molle_N.txt,"De le reste aujourd'hui encore , elle se coucherait tard ; huit mailles , à le moins , étaient échappées à son bas , et son pantalon s' était décousu : elle sentait le bord rude de la toile lui couper la peau .","de le NC ADVT encore , il se VCOND tard ; NUM NC , à le moins , être PPAS à DETPOSS NC , et DETPOSS NCs se être PPAS : il sentir le NCo ADJ de le NCmod lui INF le NCCOR ."
1258,1885_Adam_Chair-molle_N.txt,"Elle avait encore faufilé cinq chemises ; la dame patronnesse l' avait félicitée , lui avait même promis l' établir un jour , si elle continuait à se bien conduire .","il avoir encore PPAS NUM NCo ; le NCs ADJ le avoir PPAS , lui avoir même PPAS le INF un NCT , si il VIMP à se bien INF ."
1259,1885_Adam_Chair-molle_N.txt,"Cette dévote personne avait fermé son livre et , les mains sur sa face voilée , elle poussait de petits soupirs , par intermittences .","ce NC personne avoir PPAS DETPOSS NCo et , le NCCOR sur DETPOSS NCmod PPAS , il VIMP un ADJ NCo , par NCmod ."
1260,1885_Adam_Chair-molle_N.txt,"Le chapeau , un amas de dentelles habilement chiffonnées , tremblait à le moindre mouvement , et la robe de peluche grenat avait de les cassures arrondies que la lumière blanchissait .","le NCs , un NC de NCmod ADVMAN ADJ , VIMP à le ADJ NC , et le NC de NCmod ADJCOL avoir de le NC PPAS que le NCs VIMP ."
1261,1885_Adam_Chair-molle_N.txt,"Une bien belle jupe , qui devait coûter très cher , une couleur seyant à les brunes .","un bien ADJ NC , qui devoir INF très ADJ , un NCo PPRES à le NC ."
1262,1885_Adam_Chair-molle_N.txt,"Elle-même , Lucie , avait eu un costume de pareille nuance et Léon l' avait trouvée charmante , ainsi vêtue .","ADV , NP , avoir avoir un NCo de ADJ NCmod et NP le avoir PPAS ADJ , ainsi PPAS ."
1263,1885_Adam_Chair-molle_N.txt,"Quel contraste avec les robes grises de les ouvrières , leurs pèlerines noires , cachant les épaules et la poitrine , et ces pauvres petits cheveux qui frisottaient sur les nuques inclinées , échappées à les bonnets blancs !","quel NC avec le NCmod ADJCOL de le NCmod , DETPOSS NC ADJ , PPRES le NCCOR et le NC , et ce ADJ ADJ NCCOR qui VIMP sur le NC ADJ , PPAS à le NC ADJCOL !"
1264,1885_Adam_Chair-molle_N.txt,Pauvres filles !,ADJ NC !
1265,1885_Adam_Chair-molle_N.txt,"Comme elles devaient être malheureuses , n' ayant même pas cette consolation de se savoir soutenues par la Vierge très sainte .","comme il devoir être ADJ , ne avoir même pas ce NCSENT de se VCOG PPAS par le NC très ADJ ."
1266,1885_Adam_Chair-molle_N.txt,Comme elle les plaignait .,comme il le VIMP .
1267,1885_Adam_Chair-molle_N.txt,"Elle devait être bien laide , elle aussi , sous cette livrée lugubre .","il devoir être bien ADJ , il aussi , sous ce NC ADJ ."
1268,1885_Adam_Chair-molle_N.txt,Qu' importait de le reste ?,que VIMP de le NC ?
1269,1885_Adam_Chair-molle_N.txt,"Être gentille , c' était bon pour plaire à les hommes ; et elle n' y tenait plus ... Comme c' était vilain de penser à ces choses !","être NCo , ce être ADJ pour INF à le NC ; et il ne y VIMP plus ... comme ce être ADJ de VCOG à ce chose !"
1270,1885_Adam_Chair-molle_N.txt,"Elle allait encore retomber dans le péché ; ce serait bien mal , trahir ainsi la confiance de Dieu , quand on venait de recevoir une si grande marque de sa bonté .","il aller encore INF dans le NC ; ce être bien mal , INF ainsi le NCo de NP , quand on venir de INF un si ADJ NCo de DETPOSS NCSENT ."
1271,1885_Adam_Chair-molle_N.txt,La prière finissait .,le NCs VIMP .
1272,1885_Adam_Chair-molle_N.txt,"Toutes sortaient en hâte , et , à la porte , les bonsoirs échangés , chacune disparut d' un côté différent .","tout VIMP en NC , et , à le NC , le NCs ADJ , chacun VPS de un NC ADJ ."
1273,1885_Adam_Chair-molle_N.txt,Bientôt Lucie se trouva seule .,bientôt NP se VPS ADJ .
1274,1885_Adam_Chair-molle_N.txt,"Elle marchait rapidement par les rues vides , très noires , piétinant dans les flaques d' eau , qu' éclairait rarement la lueur tremblante d' un reverbère .","il VIMP ADVMAN par le NC ADJ , très ADJ , PPRES dans le NC de NCmod , que VIMP ADVTEMPS le NCs ADJ de un NCmod ."
1275,1885_Adam_Chair-molle_N.txt,"Les chansons hurlées par les étudiants , les gueulades lancées par les artilleurs ivres lui faisaient activer sa course , lui inspiraient la crainte d' être accostée , peut-être reconnue .","le NC VDIC par le NC , le NC PPAS par le NC ADJ lui faire INF DETPOSS NCo , lui VIMP le NCSENT de être PPAS , peut-être VCOG ."
1276,1885_Adam_Chair-molle_N.txt,"Il était bien triste , aller toute seule ainsi , par la ville déserte , sans une compagne .","il être bien ADJ , aller tout ADJ ainsi , par le NC ADJ , sans un NCmod ."
1277,1885_Adam_Chair-molle_N.txt,Elle mourrait de peur avant d' arriver .,il VIMP de NCSENT PHASE de INF .
1278,1885_Adam_Chair-molle_N.txt,Si à le moins Dosia était avec elle !,si à le moins NP être avec il !
1279,1885_Adam_Chair-molle_N.txt,Pauvre Dosia !,NP NP !
1280,1885_Adam_Chair-molle_N.txt,"Elle restait à Arras , à s' ennuyer bien fort sans avoir , comme elle , d' excellentes personnes pour la conduire dans le droit chemin .","il VIMP à NP , à se VSENT bien fort sans avoir , comme il , un ADJ NCo pour le INF dans le NC NC ."
1281,1885_Adam_Chair-molle_N.txt,"Un mois s' était écoulé depuis la réception de sa dernière lettre , une lettre désespérée .","un NCT se être PPAS depuis le NC de DETPOSS ADJ NCmod , un NCo ADJ ."
1282,1885_Adam_Chair-molle_N.txt,Elle ferait aussi une prière à son intention .,il faire aussi un NCo à DETPOSS NCmod .
1283,1885_Adam_Chair-molle_N.txt,C' était encore une bonne action invoquer en faveur d' autrui .,ce être encore un ADJ NC INF en NC de autrui .
1284,1885_Adam_Chair-molle_N.txt,"Elle passa le pont , jeta à peine un regard de chaque côté vers l' ombre , piquée par les feux de les bateaux .","il VPS le NCo , VPS à NCSENT un NCMAN de chaque NCmod vers le NC , PPAS par le NC de le NCmod ."
1285,1885_Adam_Chair-molle_N.txt,"Le lampadaire , devant le Palais de Justice , avait une flamme mourante qui n' éclairait pas .","le NCs , ADVLIEU le NCmod de NCmod , avoir un NCo ADJ qui ne VIMP pas ."
1286,1885_Adam_Chair-molle_N.txt,"Un ivrogne s' affaissait contre les murs , grognait , se soulageait .","un NCs se VIMP contre le NC , VDIC , se VSENT ."
1287,1885_Adam_Chair-molle_N.txt,Le beffroi carillonnait un air traînard ; ensuite il sonna dix fois .,le NCs VIMP un NCMAN ADJ ; PHASE il VPS NUM fois .
1288,1885_Adam_Chair-molle_N.txt,De la place Saint-Pierre de les refrains grivois arrivaient en beuglements .,de le NCs NP de le NCmod ADJ VIMP en NC .
1289,1885_Adam_Chair-molle_N.txt,"Lucie Thirache enfila une petite rue , s' enfonça sous une grande porte .","NP NP VPS un ADJ NCo , se VPS sous un ADJ NC ."
1290,1885_Adam_Chair-molle_N.txt,"Elle chercha à tâtons le bouton d' un huis , finit par le trouver , et entra dans une pièce sombre , où brillait pauvrement une chandelle fumeuse .","il VPS à NC le NCo de un NCmod , VASP par le INF , et VPS dans un NC ADJ , où VIMP ADVMAN un NCs ADJ ."
1291,1885_Adam_Chair-molle_N.txt,"Sur un fauteuil de paille une masse grognante se remua , deux yeux luirent sous un bonnet sale : — Ah !","sur un NC de NCmod un NCs ADJ se VPS , NUM NCCOR VPS sous un NC ADJ : — INTJ !"
1292,1885_Adam_Chair-molle_N.txt,"c' est vous , mamz ' elle Thirache , il y a une lettre pour vous , je l' ai mise sous votre bougeoir , avec votre clef .","ce être vous , mamr ' il PRES , il y avoir un NCo pour vous , je le avoir mettre sous DETPOSS NC , avec DETPOSS NC ."
1293,1885_Adam_Chair-molle_N.txt,"Lucie s' approcha à la table , découvrit une enveloppe rose , qui sentait le patchouli .","NP se VPS à le NC , VCOG un NCo ADJCOL , qui sentir le NCo ."
1294,1885_Adam_Chair-molle_N.txt,"Elle reconnut l' écriture de Dosia , et comme la masse ne remuait plus , exhalait seulement un ronflement gras , elle se pencha vers la chandelle , déchira l' enveloppe avec impatience , et parcourut huit pages d' une belle écriture .","il VCOG le NCo de NP , et comme le NCs ne VIMP plus , VIMP seulement un NCo ADJ , il se VPS vers le NC , VPS le NCo avec NCSENT , et VPS NUM NCo de un ADJ NCmod ."
1295,1885_Adam_Chair-molle_N.txt,"III Café-Concert Arras , le 9 mai 18 ... DE LES ALLÉES Maison HUCHEZ Consommations de premier choix BILLARD Boulev .","NUM NP NP , le NUM MOIS NUM ... de le NP NP NP NC de ADJ NC ADV NP ."
1296,1885_Adam_Chair-molle_N.txt,"Crespel ARRAS « Ma chère amie , Depuis que je t' ai écrit je ne suis lus couturière , j' ai remercié la vieille dame où on m' avait placée par la raison qu' elle ne me payait pas assez et que j' avais toujours de les raisons avec elle à le sujet de ce que je regardais par la fenêtre .","NP NP "" DETPOSS ADJ NC , depuis que je lui avoir PPAS je ne être PPAS ADJ , je avoir VDIC le ADJ NCo où on lui avoir PPAS par le NC que il ne me VIMP pas ADV et que je avoir ADVTEMPS de le NC avec il à le NC de ce que je VCOG par le NC ."
1297,1885_Adam_Chair-molle_N.txt,Alors je me suis mise chanteuse dans un concert où on m' a tout de suite acceptée quand on a vu ce que je savais ce qui fait qu' à présent j' ai repris mon ancien métier .,alors je me être mettre NCo dans un NC où on lui avoir tout de NC PPAS quand on avoir VCOG ce que je VCOG ce qui faire que à NC je avoir PPAS DETPOSS ADJ NCo .
1298,1885_Adam_Chair-molle_N.txt,Je gagne huit francs par jour c' est assez pour une femme seule et j' ai un grand succès à Arras auprès de les jeunes gens et la vieille m' a joué un sale tour quand elle a vu que j' étais chanteuse .,je PRES NUM NCo par NCT ce être ADV pour un NC ADJ et je avoir un ADJ NCo à NP ADV de le ADJ NC et le NCs lui avoir PPAS un ADJ NCo quand il avoir VCOG que je être NC .
1299,1885_Adam_Chair-molle_N.txt,Elle a dit à ma propriétaire qu' elle me dise ne m' en aller par ce qu' on lui avait fait de les rapports que j' avais pas bonne conduite .,il avoir VDIC à DETPOSS NC que il me PRES ne le en aller par ce que on lui avoir faire de le NC que je avoir pas ADJ NCo .
1300,1885_Adam_Chair-molle_N.txt,Alors ma propriétaire elle est venu me dire qu' elle ne pouvait pas faire autrement parce qu' elle gagnait tout par elle .,alors DETPOSS NC il être venir me VDIC que il ne pouvoir pas faire ADVINT parce que il VIMP tout par il .
1301,1885_Adam_Chair-molle_N.txt,On m' a mise à la porte ce qui a été très embarrrassant car les gens d' Arras ne veulent pas louer à les femmes seules .,on le avoir mettre à le NC ce qui avoir être très ADJ car le NCs de NP ne vouloir pas INF à le NC ADJ .
1302,1885_Adam_Chair-molle_N.txt,J' ai couru dans toute la ville à me faire refuser partout .,je avoir PPAS dans tout le NC à me faire INF ADV .
1303,1885_Adam_Chair-molle_N.txt,"Heureusement qu' un monsieur bien aimable a loué une chambre pour moi en me garantissant , je n' ai pas voulu coucher avec car je veux rester sage comme nous l' avons promis toutes les deux avant de sortir de l' hospice et comme tu me l' as écrit encore dans ta dernière lettre .","heureusement que un monsieur bien ADJ avoir PPAS un NCo pour soi en me PPRES , je ne avoir pas vouloir INF avec car je vouloir INF ADJ comme nous le avoir PPAS tout le NUM PHASE de INF de le NCo et comme je me le avoir PPAS encore dans ta ADJ NC ."
1304,1885_Adam_Chair-molle_N.txt,Enfin tout ça c' est bien embêtant .,PHASE tout ça ce être bien ADJ .
1305,1885_Adam_Chair-molle_N.txt,J' ai peur que tu t' ennuyes toute seule à Douai comme ça et que tu n' ailles pas bien .,je avoir NCSENT que je NUM NCmod tout ADJ à NP comme ça et que je ne aller pas bien .
1306,1885_Adam_Chair-molle_N.txt,Il y a six mois que je ne t' ai vue ça me semble bien long .,il y avoir NUM NCT que je ne lui avoir VCOG ça me sembler bien ADJ .
1307,1885_Adam_Chair-molle_N.txt,Si j' étais libre quelquefois j' irais te voir seulement je ne suis jamais libre parce que je me couche très tard et il faut que je me repose dans la journée pour pouvoir travailler le soir .,si je être ADJ ADVTEMPS je VCOND me VCOG seulement je ne être ADVTEMPS ADJ parce que je me PRES très tard et il PRES que je me PRES dans le NCT pour pouvoir INF le NCT .
1308,1885_Adam_Chair-molle_N.txt,Tu viendras me retrouver ici à Arras .,je ADJ me INF ADVLIEU à NP .
1309,1885_Adam_Chair-molle_N.txt,"Tu trouveras facilement une place de couturière car les magasins ne manquent pas ou , si tu voudrais , tu te mettrais chanteuse avec moi car on y est très bien , tout le temps on est libre à part le concert de le soir même le lundi on a la permission pour aller à le théâtre .","je ADJ ADV un NC de NCmod car le NCs ne PRES pas ou , si je vouloir , je me VCOND NCo avec soi car on y être très bien , tout le temps on être ADJ à NC le NC de le NCT même le ADVT on avoir le NCo pour aller à le NC ."
1310,1885_Adam_Chair-molle_N.txt,"J' y ai été lundi ; on jouait La Mascotte , celle qui faisait la Mascotte te ressemblait beaucoup , elle était fort jolie et chantait très gentiment comme toi .","je y avoir être ADVT ; on VIMP le NP , celui qui faire le NP me VIMP beaucoup , il être fort ADJ et VIMP très ADVMAN comme soi ."
1311,1885_Adam_Chair-molle_N.txt,Hier il est venu à le beuglant un monsieur de Paris qui m' a dit que je chantais aussi bien que les chanteuses de Paris qui chantent à la Scala et il voulait me faire aller à la Scala .,ADV il être venir à le NC un monsieur de NP qui lui avoir VDIC que je VIMP aussi bien que le NCo de NP qui PRES à le NP et il vouloir me faire aller à le NP .
1312,1885_Adam_Chair-molle_N.txt,Mais j' ai refusé car je compte bien que tu vas venir ici chanter avec moi .,mais je avoir PPAS car je PRES bien que je ADV venir ADVLIEU INF avec soi .
1313,1885_Adam_Chair-molle_N.txt,Nous chantions très bien à l' hospice quand nous allions mieux .,nous NC très bien à le NCmod quand nous aller mieux .
1314,1885_Adam_Chair-molle_N.txt,La .,le .
1315,1885_Adam_Chair-molle_N.txt,"sœur Sainte Thérèse était une bien bonne femme , tu lui feras mes compliments si tu la vois .","NCs NP NP être un bien ADJ NC , je lui ADJ DETPOSS NC si je le NCo ."
1316,1885_Adam_Chair-molle_N.txt,Ma maladie est guérie mais je reste sage tout de même car je t' ai promis et je t' aime trop pour te faire de la peine .,DETPOSS NCs être NC mais je PRES ADJ tout de même car je lui avoir PPAS et je lui VSENT trop pour me faire de le NCSENT .
1317,1885_Adam_Chair-molle_N.txt,J' espère que tu es aussi en bonne santé .,je VCOG que je être aussi en ADJ NC .
1318,1885_Adam_Chair-molle_N.txt,Si tu pourrais venir ici nous serions bien heureuses toutes les deux nous nous promènerions tout le temps ensemble seulement quand nous aurions soif nous ne pourrions pas aller prendre une consommation dans un café car il est défendu ici à les femmes d' entrer dans les cafés c' est un bien drôle de pays .,si je pouvoir venir ADVLIEU nous VIMP bien ADJ tout le NUM nous nous VIMP tout le temps ensemble seulement quand nous avoir ADJ nous ne VIMP pas aller INF un NCo dans un NC car il être PPAS ADVLIEU à le NC de INF dans le NC ce être un bien ADJ de NC .
1319,1885_Adam_Chair-molle_N.txt,Mais si tu voulais me faire plaisir tu viendrais tout de même je t' aimerais bien assez pour te faire oublier tous ces embêtements .,mais si je VIMP me faire NCSENT je venir tout de même je lui VSENT bien ADV pour me faire VCOG tout ce NCSENT .
1320,1885_Adam_Chair-molle_N.txt,Avec 15 francs tu auras assez pour commencer car on trouve de les robes pas chères à les ventes de le Mont-de-Piété et j' en ai acheté une crème avec de les paniers pareils et de les entre-deux de dentelle et j' en ai vu vendre une grenat pour 10 francs ce qui t' aurait très bien été elle m' a fait penser à toi parce que je crois que c' est la couleur que tu préfères .,avec NUM NC je ADJ ADV pour VASP car on PRES de le NC pas ADJ à le NC de le NP et je en avoir PPAS un NCo avec de le NC ADJ et de le NC de NCmod et je en avoir VCOG INF un ADJCOL pour NUM NC ce qui lui avoir très bien être il lui avoir faire VCOG à soi parce que je VCOG que ce être le NC que je ADJ .
1321,1885_Adam_Chair-molle_N.txt,Si tu viendrais je t' aurais de les costumes de soirée pour le concert à une couturière qui est bien bonne fille car on n' a pas besoin de payer tout de suite et elle avance les fournitures .,si je venir je lui avoir de le NC de NCT pour le NC à un NCmod qui être bien ADJ NC car on ne avoir pas NCo de INF tout de NC et il PRES le NCo .
1322,1885_Adam_Chair-molle_N.txt,On lui paye seulement 3 francs par semaine .,on lui PRES seulement NUM NCo par NC .
1323,1885_Adam_Chair-molle_N.txt,Tu chanteras de les chansons comme : Ah !,je NCo de le NCmod comme : INTJ !
1324,1885_Adam_Chair-molle_N.txt,"Cidalise , fais pas de bêtises !","NCs , faire pas un NCo !"
1325,1885_Adam_Chair-molle_N.txt,que tu chantais si bien à l' hospice .,que je VIMP si bien à le NC .
1326,1885_Adam_Chair-molle_N.txt,"Et puis tu étais si gaie , que vraiment ça me manque de ne plus te voir .","et puis je être si PPAS , que ADVINT ça me PRES de ne plus me VCOG ."
1327,1885_Adam_Chair-molle_N.txt,Il n' y a pas besoin ici pour être bien applaudie d' aller avec les types car de le moment qu' on boit avec eux c' est tout ce qu' ils demandent parce qn' il y en a beaucoup qui ont de les maîtresses et les autres s' en servent ce qui fait qu' ils ne courent pas beaucoup après les femmes qui ne sont pas d' ici .,il ne y avoir pas NCo ADVLIEU pour être bien NC de aller avec le NC car de le NC que on PRES avec eux ce être tout ce que il PRES parce qne il y en avoir beaucoup qui avoir de le NC et le autre se en PRES ce qui faire que il ne PRES pas beaucoup PHASE le NC qui ne être pas de ADVLIEU .
1328,1885_Adam_Chair-molle_N.txt,Je compte que tu viendras à la fin de la semaine il y a une place de chanteuse de libre et aussi une chambre de libre à côté de la mienne .,je PRES que je ADJ à le NC de le NCmod il y avoir un NCo de NCmod de NCmod et aussi un NC de NCmod à NC de le NC .
1329,1885_Adam_Chair-molle_N.txt,Si tu pourrais venir samedi ce serait bien commode tu débuterais dimanche et je suis sûre que tu aurais un vrai succès .,si je pouvoir venir ADVT ce être bien ADJ je VASP ADVT et je être ADJ que je avoir un vrai NCo .
1330,1885_Adam_Chair-molle_N.txt,J' irai t' attendre donc à la gare samedi soir à six heures et puis j' aurai retenu ta chambre .,je VF le INF donc à le NC ADVT NCT à NUM NCT et puis je avoir PPAS ter NCo .
1331,1885_Adam_Chair-molle_N.txt,"Tu m' écriras si je dois prendre l' omnibus pour ta malle voici mon adresse : Mademoiselle Mademoiselle Dosia , artiste , chez M. Huchez à le Café de les Allées entre la citadelle et le jardin de le gouverneur , Boulevard Crespel Arras ( Pas-de-Calais ) .","je le ADJ si je devoir INF le NCo pour NC ADJ voici DETPOSS NCo : monsieur NP NP , NC , chez monsieur NP à le NP de le NP entre le NCmod et le NC de le NCmod , NP NP NP ( NP ) ."
1332,1885_Adam_Chair-molle_N.txt,» « Il y a tout près de mon hôtel une église toute neuve qu' on a construite à cause d' un miracle qu' il y a eu avec une chandelle .,""" "" il y avoir tout ADVLIEU de DETPOSS NC un NCo tout ADJ que on avoir PPAS à NC de un NCmod que il y avoir avoir avec un NC ."
1333,1885_Adam_Chair-molle_N.txt,J' y vais à la messe tous les dimanches .,je y aller à le NC tout le ADVT .
1334,1885_Adam_Chair-molle_N.txt,Tu irais tous les jours si tu veux tu n' aurais pas de changement dans tes habitudes .,je VCOND tout le NCT si je vouloir je ne avoir pas un NCo dans DETPOSS NC .
1335,1885_Adam_Chair-molle_N.txt,"À le revoir ma chère amie à bientôt donc , je t' embrasse mille fois .","à le VCOG DETPOSS ADJ NCo à bientôt donc , je lui PRES NUM fois ."
1336,1885_Adam_Chair-molle_N.txt,"Ta petite Dosia qui t' aime beaucoup , beaucoup .","NP ADJ NP qui lui VSENT beaucoup , beaucoup ."
1337,1885_Adam_Chair-molle_N.txt,DOSIA .,NP .
1338,1885_Adam_Chair-molle_N.txt,» « P.S. — J' attends une lettre tout de suite pour que je puisse dire à le directeur et à le patron que tu arrives .,""" "" P.S. — je PRES un NCo tout de NC pour que je pouvoir VDIC à le NC et à le NC que je arrive ."
1339,1885_Adam_Chair-molle_N.txt,Surtout dis oui ou je ne t' aimerai plus de le tout .,surtout VDIC PPAS ou je ne lui VSENT plus de le tout .
1340,1885_Adam_Chair-molle_N.txt,"Excuse-moi si j' ai mal écrit , j' ai un rhume de cerveau qui m' empêche de voir clair .","Excuse-moi si je avoir mal PPAS , je avoir un NCo de NCCOR qui lui PRES de VCOG ADJ ."
1341,1885_Adam_Chair-molle_N.txt,"» Cette lecture achevée , Lucie Thirache , dans une vague crainte de se raviser , réveilla la masse qui grogna plus fort , lui fit indiquer la place de le papier et de les plumes , se mit à répondre à Dosia qu' elle acceptait .",""" ce NCs VASP , NP NP , dans un NCmod ADJ de se INF , VPS le NCo qui VDIC plus fort , lui faire INF le NCo de le NCmod et de le NC , se mettre à VDIC à NP que il VIMP ."
1342,1885_Adam_Chair-molle_N.txt,"Le samedi suivant , elle arrivait à Arras , se jetait avec une joie pleurante dans les bras de son amie , qui l' attendait à la gare .","le ADVT ADJ , il VIMP à NP , se VIMP avec un NCSENT ADJ dans le NCCOR de DETPOSS NCmod , qui le VIMP à le NC ."
1343,1885_Adam_Chair-molle_N.txt,"IV Sous l' enseigne à les lettres déteintes : « Café de les Allées » une porte cochère , baille à deux battants , découvrant , à le fond de le porche , de le feuillage en touffes .","NUM sous le NC à le NCmod ADJ : "" NP de le NP "" un NCs ADJ , PRES à NUM NC , VCOG , à le NC de le NCmod , de le NC en NCmod ."
1344,1885_Adam_Chair-molle_N.txt,"— C' est la baraque , indique Dosia , et cet après-midi on chante dans le jardin .","— ce être le NC , PRES NP , et ce NCT on PRES dans le NC ."
1345,1885_Adam_Chair-molle_N.txt,"Lucie Thirache , trouva déplaisant l' aspect extérieur de cette bâtisse .","NP NP , VPS PPRES le NCo ADJ de ce NCmod ."
1346,1885_Adam_Chair-molle_N.txt,"Avec un regret , elle se retourna de le côté de les Promenades où jouait la musique militaire .","avec un NCSENT , il se VPS de le NC de le NP où VIMP le NCs ADJ ."
1347,1885_Adam_Chair-molle_N.txt,"Sous les rangées de maronniers , une foule grouillante et susurrante , une procession de pas , traînant sur le sable qu' étouffe parfois le mugissement de la mélopée cuivreuse .","sous le NC de NCmod , un NC ADJ et ADJ , un NC de pas , PPRES sur le NC que PRES ADVTEMPS le NCs de le NCmod ADJ ."
1348,1885_Adam_Chair-molle_N.txt,"À le centre , dominent les shakos de les musiciens barrés de passementeries jaunes , et le bâton de le chef , emmanché d' un gant blanc , les dépasse , s' élance dans le vert tendre de les feuilles , s' engloutit à nouveau dans le bleu sombre de les uniformes .","à le NC , PRES le NCo de le NCmod ADJ de NCmod ADJCOL , et le NC de le NCmod , PPAS de un NC ADJCOL , le PRES , se PRES dans le ADJCOL NC de le NCmod , se PRES à ADJ dans le ADJCOL ADJ de le NCmod ."
1349,1885_Adam_Chair-molle_N.txt,"— Tiens le patron , fait Dosia .","— PRES le NCo , faire NP ."
1350,1885_Adam_Chair-molle_N.txt,"L' homme est coiffé d' une calotte en velours , une veste tricotée lui serre le torse ; il examine les chanteuses , puis les appelle .","le NCspas être PPAS de un NC en NCmod , un NCs ADJ lui PRES le NCCOR ; il PRES le NCo , puis le PRES ."
1351,1885_Adam_Chair-molle_N.txt,— C' est déjà l' heure ?,— ce être déjà le NCT ?
1352,1885_Adam_Chair-molle_N.txt,demande Lucie effarée .,PRES NP VSENT .
1353,1885_Adam_Chair-molle_N.txt,"A leur salut , le patron répond d' un signe , l' air maussade .","à lui NC , le NCs VDIC de un NC , le NCMAN ADJ ."
1354,1885_Adam_Chair-molle_N.txt,"Il ouvre cependant lui-même la porte de le café , s' efface et Lucie à peine entrée , s' arrête éblouie , plissant les paupières .","il PRES cependant soi-même le NCo de le NCmod , se PRES et NP à NCmod ADJ , se PRES ADJ , PPRES le NCCOR ."
1355,1885_Adam_Chair-molle_N.txt,"Par toutes les fenêtres le soleil fait irruption , renforce les ombres rétrécies , irise le pelage noir d' un épagneul qui dort .","par tout le NC le NCs faire NCo , PRES le NCo ADJ , PRES le NCo ADJ de un NC qui PRES ."
1356,1885_Adam_Chair-molle_N.txt,"C' est une débauche de lueurs , un ruisellement d' aveuglants rayons , un tourbillon continu de poussières scintillantes .","ce être un NC de NCmod , un NC de ADJ NCmod , un NC ADJ de NCmod ADJ ."
1357,1885_Adam_Chair-molle_N.txt,"Cette lumière , renvoyée à tous les angles par deux glaces opposées , se darde , blanchit les murs , les gradins d' une estrade , dore la paille de les chaises , se reflète sur le palissandre d' un billard .","ce NCs , PPAS à tout le NC par NUM NC ADJ , se PRES , PRES le NCo , le NC de un NCmod , PRES le NCo de le NCmod , se PRES sur le NC de un NCmod ."
1358,1885_Adam_Chair-molle_N.txt,"Tout près Lucie , contre une de les glaces , de les tablettes où flambe le miroitement de les flacons , où s' alignent , reflétant les fenêtres , de les verres , de les bouteilles étiquetées de blanc , capuchonnées de plomb terni .","tout ADVLIEU NP , contre un de le NCmod , de le NCmod où PRES le NCs de le NCmod , où se PRES , PPRES le NCo , de le NC , de le NC PPAS de ADJCOL , NC de NCmod ADJ ."
1359,1885_Adam_Chair-molle_N.txt,"Et plus bas , le comptoir resplendit ; il s' y entasse de les faisceaux de cuillers , de les empilements de chopes ; un bassin de cuivre où trempent de les verres , étincelle .","et plus ADJ , le NCs PRES ; il se y VSUBP de le NC de NCmod , de le NC de NCmod ; un NC de NCmod où PRES de le NC , ADJ ."
1360,1885_Adam_Chair-molle_N.txt,"Les deux miroirs opposés , réfléchissant les objets à l' infini , ouvrent de chaque côté de la pièce , d' interminables perspectives rompues par de les caractères peints à le blanc sur leurs faces polies : Ce soir , DIMANCHE 16 Mai , DÉBUTS DE MADEMOISELLE NINA , Chanteuse de genre .","le NUM NCs ADJ , PPRES le NCo à le NC , PRES de chaque NC de le NCmod , un ADJ NC PPAS par un le NC ADJ à le ADJCOL sur DETPOSS NCmod ADJ : ce NCT , ADVT NUM NP , NP NP NP NP , NC de NCmod ."
1361,1885_Adam_Chair-molle_N.txt,Le patron baissa les stores .,le NCs VPS le NCo .
1362,1885_Adam_Chair-molle_N.txt,"Les filles accrochèrent leurs chapeaux à les patères de bronze , allèrent lisser leurs tailles devant les miroirs et passèrent dans le jardin vide encore .","le NCs VPS DETPOSS NCo à le NC de NCmod , aller INF DETPOSS NCo ADVLIEU le NC et VPS dans le NC PRES encore ."
1363,1885_Adam_Chair-molle_N.txt,"Il était terminé par un espace circulaire encombré de tables et de bancs ; tout à le bout se dressait , en manière de théâtre exigu , une scène couverte , bariolée de raies tricolores .","il être VASP par un NC ADJ PPAS de NC et de NC ; tout à le NC se VIMP , en NC de NCmod ADJ , un NC ADJ , PPAS de NC ADJ ."
1364,1885_Adam_Chair-molle_N.txt,"Elle béait en plein vent sans abriter ses trois chaises , son guéridon de fer blanchi qui supportait un plateau d' étain ; sur la corniche , de les lettres contournées voulaient dire : « Alcazar d' été » .","il VIMP en ADJ NC sans INF DETPOSS NUM NCo , DETPOSS NC de NCmod ADJ qui VIMP un NCo de NCmod ; sur le NCs , de le NCmod PPAS vouloir VDIC : "" NP de NCmod "" ."
1365,1885_Adam_Chair-molle_N.txt,— C' est là-dessus qu' on chante ?,— ce être ADV que on PRES ?
1366,1885_Adam_Chair-molle_N.txt,demanda Lucie .,VPS NP .
1367,1885_Adam_Chair-molle_N.txt,"— Oui , ma fille , et puis , le dimanche soir , les musiciens se collent à notre place pour le bal ; parce que , vois -tu , on retire les tables et on danse .","— oui , DETPOSS NCs , et puis , le ADVT NCT , le NCs se PRES à DETPOSS NC pour le NC ; parce que , NUM tu , on PRES le NCo et on PRES ."
1368,1885_Adam_Chair-molle_N.txt,Un piano était appuyé à la scène .,un NCs être PPAS à le NC .
1369,1885_Adam_Chair-molle_N.txt,Les deux femmes y déposèrent les morceaux qu' elles devaient chanter .,le NUM NCs y VPS le NCo que il devoir INF .
1370,1885_Adam_Chair-molle_N.txt,"Ainsi c' était là , pensait Lucie , que son sort se déciderait ... Bah !","ainsi ce être ADVLIEU , VCOG NP , que DETPOSS NCs se VCOND ... NP !"
1371,1885_Adam_Chair-molle_N.txt,"ça n' avait pas l' air fort riche ; les gens qui fréquentaient çà , ne devaient pas être difficiles .","ça ne avoir pas le NCMAN fort ADJ ; le NCs qui VIMP ADV , ne devoir pas être ADJ ."
1372,1885_Adam_Chair-molle_N.txt,"Et puis , tant pis , elle verrait bien .","et puis , tant ADJ , il VIMP bien ."
1373,1885_Adam_Chair-molle_N.txt,"Elle suivit Dosia sous les gloriettes qui encadraient le jardin en demi-cercle ; puis , assise , près elle , se renseignait craintivement .","il VPS NP sous le NC qui VIMP le NCo en NCmod ; puis , NCs , ADVLIEU il , se VIMP ADVMAN ."
1374,1885_Adam_Chair-molle_N.txt,"Mais , à le milieu d' une phrase : — Tiens v'la le cornac .","mais , à le milieu de un NCmod : — NP VPS le NCo ."
1375,1885_Adam_Chair-molle_N.txt,"Un petit brun , tanguant sur deux jambes torses , s' avançait suivi d' une femme maigre .","un ADJ ADJCOL , PPRES sur NUM NCCOR NCCOR , se VIMP PPAS de un NC ADJ ."
1376,1885_Adam_Chair-molle_N.txt,— Est -ce qu' il chante aussi ce paquet d' os ?,— être ce que il PRES aussi ce NCo de NCmod ?
1377,1885_Adam_Chair-molle_N.txt,demanda Lucie .,VPS NP .
1378,1885_Adam_Chair-molle_N.txt,"— Mais je te crois , répondit Dosia , et de le sentiment donc ?","— mais je me IMP , VDIC NP , et de le NCSENT donc ?"
1379,1885_Adam_Chair-molle_N.txt,Dans l' allée le couple se sépara .,dans le NC le NCs se VF .
1380,1885_Adam_Chair-molle_N.txt,"La femme entra à le café , le mari souriant , s' approcha à les chanteuses .","le NCs VPS à le NC , le NCs PPRES , si VPS à le NC ."
1381,1885_Adam_Chair-molle_N.txt,"— Bonjour les poulettes , et il ricana de tout le corps en une contorsion aimable .","— INTJ le NC , et il VPS de tout le NCCOR en un NC ADJ ."
1382,1885_Adam_Chair-molle_N.txt,Il ouvrit le piano et disposa la musique .,il VPS le NCo et VPS le NCo .
1383,1885_Adam_Chair-molle_N.txt,"De les gens entraient : un homme gros , cachant sa figure derrière l' énorme chapeau d' un enfant qu' il portait à le bras ; de les femmes affichant leur sollicitude maternelle , tirant leurs bébés , soutenant de les grappes de jouets ; de les ouvriers en redingotes luisantes , tambourinant sur les tables de leurs ongles violacés ; de les jeunes filles , toutes habillées de noir , toutes coiffées de chapeaux bleu-ciel .","de le NC PRES : un NC ADJ , PPRES DETPOSS NCCOR ADVLIEU le ADJ NC de un NCmod que il VIMP à le NCCOR ; de le NCmod PPRES lui NCo ADJ , PPRES DETPOSS NCo , PPRES de le NC de NCmod ; de le NC en NCmod ADJ , PPRES sur le NC de DETPOSS NCmod ADJCOL ; de le ADJ NC , tout PPAS de NCmod , tout PPAS de NC ADJ ."
1384,1885_Adam_Chair-molle_N.txt,"De les militaires venaient s' adosser à les arbres , les pouces dans le ceinturon .","de le NC venir se INF à le NC , le NCCOR dans le NCmod ."
1385,1885_Adam_Chair-molle_N.txt,"Et , sur chacun , le directeur lançait un mot drôle qui tordait les deux chanteuses .","et , sur chacun , le NCs VIMP un NCo ADJ qui VIMP le NUM NCo ."
1386,1885_Adam_Chair-molle_N.txt,"Lorsque le nombre de les consommateurs lui parut suffisant , il s' assit à le piano , tapota pour allumer le public .","lorsque le NCs de le NCmod lui paraître ADJ , il se VPS à le NC , VPS pour INF le NCo ."
1387,1885_Adam_Chair-molle_N.txt,Ses notes dominaient le bruit éloigné de la foule .,DETPOSS NCs VIMP le NCo PPAS de le NCmod .
1388,1885_Adam_Chair-molle_N.txt,"Mais , par degrés , le son de les voix devenait plus fort mêlé à les tyroliennes hurlées par les voyous .","mais , par NC , le NCs de le NCMAN devenir plus fort PPAS à le NC VDIC par le NC ."
1389,1885_Adam_Chair-molle_N.txt,"Les clients désertaient les Promenades , envahissaient en masse le jardin par toutes les portes .","le NCs VIMP le NP , VIMP en NC le NCo par tout le NCmod ."
1390,1885_Adam_Chair-molle_N.txt,"Maintenant , les garçons couraient ahuris , portant de les chaises , épanchant la mousse de les chopes dans les cases de leurs corbeilles .","ADVT , le NCs VIMP ADJ , PPRES de le NC , PPRES le NCo de le NCmod dans le NC de DETPOSS NCmod ."
1391,1885_Adam_Chair-molle_N.txt,"Pressés de répondre à les appels incessants , ils rendaient vite la monnaie , fouillaient dans leurs poches en retenant les pièces blanches entre leurs dents .","PPAS de VDIC à le NC ADJ , il VIMP ADV le NCo , VIMP dans DETPOSS NC en PPRES le NCo ADJCOL entre DETPOSS NCCOR ."
1392,1885_Adam_Chair-molle_N.txt,Les gloriettes étaient emplies et Lucie voyait les couples amoureux se serrer volontiers pour faire place à les arrivants nouveaux .,le NCspas être PPAS et NP VCOG le NCo ADJ se INF ADV pour faire NCo à le NC ADJ .
1393,1885_Adam_Chair-molle_N.txt,Sur un arbre le patron cloua un avis : « On est prié de faire silence quand on chante .,"sur un NC le NCs VPS un NCo : "" on être PPAS de faire NCo quand on PRES ."
1394,1885_Adam_Chair-molle_N.txt,» Lucie souriait .,""" NP VIMP ."
1395,1885_Adam_Chair-molle_N.txt,Cette nouveauté la charmait ; elle trouvait tout très drôle .,ce NCs le VIMP ; il VIMP tout très ADJ .
1396,1885_Adam_Chair-molle_N.txt,Mais Dosia qui était restée auprès d' elle courut vers un bosquet .,mais NP qui être PPAS ADV de il VPS vers un NC .
1397,1885_Adam_Chair-molle_N.txt,"Et la fille , restée seule , sentit comme une tristesse .","et le NCs , PPAS ADJ , sentir comme un NCSENT ."
1398,1885_Adam_Chair-molle_N.txt,Ainsi la chose était décidée : elle allait faire ses débuts .,ainsi le chose être ADJ : il aller faire DETPOSS NCo .
1399,1885_Adam_Chair-molle_N.txt,"Et une appréhension croissante la poignait de cet événement prochain si grave , solennel .","et un NCSENT ADJ le VIMP de ce NC ADJ si ADJ , ADJ ."
1400,1885_Adam_Chair-molle_N.txt,"On allait rire d' elle , bien sûr .","on aller INF de il , bien ADJ ."
1401,1885_Adam_Chair-molle_N.txt,Elle serait gauche ; la voix peut-être lui manquerait .,il être ADJ ; le NCMAN peut-être lui VCOND .
1402,1885_Adam_Chair-molle_N.txt,"Puis la méchante vie qu' elle avait prise là , et sans réfléchir , oublieuse de les tranquilles joies !","puis le ADJ NC que il avoir PPAS ADVLIEU , et sans INF , NCo de le NCmod ADJ !"
1403,1885_Adam_Chair-molle_N.txt,"Elle éprouva un instant le furieux besoin de se sauver , de lâcher tout , ce beuglant , ce public sans doute moqueur , cette ville , de retourner à Douai pour demander pardon .","il VSENT un NCo le ADJ NC de se INF , de INF tout , ce NC , ce NC sans NCSENT ADJ , ce NC , de INF à NP pour INF NCo ."
1404,1885_Adam_Chair-molle_N.txt,Le pianiste plaqua de les accords .,le NCs VPS de le NC .
1405,1885_Adam_Chair-molle_N.txt,Dosia revint prendre place sur sa chaise et égaya son amie d' un regard railleur pour la femme maigre qui accourait dans une robe de soie rose très bouillonnée .,NP VPS INF NCo sur DETPOSS NC et VSENT DETPOSS NCo de un NCMAN ADJ pour le NC ADJ qui VIMP dans un NC de NCmod ADJCOL très VSENT .
1406,1885_Adam_Chair-molle_N.txt,"Le silence se fit sous les « chut » prolongés de le patron , qui promenait parmi les bancs , sa mine sévère .","le NCs se faire sous le "" NC "" PPAS de le NCmod , qui VIMP parmi le NC , DETPOSS NCo ADJ ."
1407,1885_Adam_Chair-molle_N.txt,Dosia s' était levée .,NP se être PPAS .
1408,1885_Adam_Chair-molle_N.txt,"De quelques tapes , elle remit en ordre les plissés de son costume , et , se penchant vers le public , elle commença : Faut pas pousser de les holà , Je m' appelle Mad' moiselle , Je m' appelle Mamzellle Nana De Zola .","de quelque NC , il VPS en NC le NCo de DETPOSS NCmod , et , se PPRES vers le NC , il VASP : PRES pas INF de le ADV , je lui PRES Maun NC , je lui PRES NP NP de NP ."
1409,1885_Adam_Chair-molle_N.txt,"Elle montrait de le doigt son corsage rebondi , étendait les mains , les frappait l' une à l' autre avec un rhythmique dandinement de les hanches .","il VIMP de le NCCOR DETPOSS NCo NC , VIMP le NCCOR , le frapper le un à le autre avec un ADJ NCmod de le NCCOR ."
1410,1885_Adam_Chair-molle_N.txt,"Quand elle acheva le troisième couplet , de les bravos enthousiastes éclatèrent .","quand il VASP le ADJ NCo , de le NCmod ADJ VPS ."
1411,1885_Adam_Chair-molle_N.txt,"Les soldats surtout s' évertuaient à bruire , ils se levaient et applaudissaient avec de larges ricanements .","le NCs surtout se VIMP à INF , il se VIMP et VIMP avec un ADJ NC ."
1412,1885_Adam_Chair-molle_N.txt,"Dosia , légère , descendit de la scène .","NP , ADJ , VPS de le NC ."
1413,1885_Adam_Chair-molle_N.txt,"Devant le nez de chaque auditeur elle passa le plateau , ponctuant ses demandes en secouant les sous .","ADVLIEU le NCCOR de chaque NCmod il VPS le NCo , PPRES DETPOSS NCo en PPRES le NCo ."
1414,1885_Adam_Chair-molle_N.txt,"— Eh vous , gros , vous m' oubliez .","— INTJ vous , ADJ , vous se VSUBP ."
1415,1885_Adam_Chair-molle_N.txt,— Oh !,— INTJ !
1416,1885_Adam_Chair-molle_N.txt,"ma fille , je suis en dêche .","DETPOSS NC , je être en NC ."
1417,1885_Adam_Chair-molle_N.txt,— Oh !,— INTJ !
1418,1885_Adam_Chair-molle_N.txt,là !,ADVLIEU !
1419,1885_Adam_Chair-molle_N.txt,là !,ADVLIEU !
1420,1885_Adam_Chair-molle_N.txt,"pauvre homme , je vous plains .","ADJ NC , je vous ADJ ."
1421,1885_Adam_Chair-molle_N.txt,"Et vous , c' est -il votre femme qui vous force à faire de les économies ?","et vous , ce être il DETPOSS NC qui vous PRES à faire de le NC ?"
1422,1885_Adam_Chair-molle_N.txt,Lucie examinait et écoutait très attentive .,NP VIMP et VCOG très ADJ .
1423,1885_Adam_Chair-molle_N.txt,"Après tout , ils n' étaient pas bien difficiles , ces gens-là .","PHASE tout , il ne être pas bien ADJ , ce gens-là ."
1424,1885_Adam_Chair-molle_N.txt,"Dosia était une brave fille , et très drôle ; mais enfin , elle avait bien mal chanté .","NP être un ADJ NC , et très ADJ ; mais PHASE , il avoir bien mal PPAS ."
1425,1885_Adam_Chair-molle_N.txt,"Cependant , une crainte vague encore lui demeurait .","cependant , un NCs PRES encore lui VCOND ."
1426,1885_Adam_Chair-molle_N.txt,"A son tour , la femme de le cornac se leva .","à DETPOSS NC , le NCs de le NCmod se PRES ."
1427,1885_Adam_Chair-molle_N.txt,"Elle fit une révérence sérieuse , elle roucoula , en lençant de tendres œillades à la draperie rouge de l' Alcazar : Gentil voisin , Par le même chemin , A travers les roses nouvé ... éel ... éelles Sans crainte de les écraser , Pour que ma réponse ait de les ai ... ailes Je la remets dans un baiser .","il faire un NCo ADJ , il VPS , en PPRES un ADJ NCo à le NC ADJCOL de le NP : NP ADJ , par le même NC , à travers le ADJCOL ADJ ... NC ... NCmod sans NCSENT de le INF , pour que DETPOSS NCs VSUBP de le avoir ... NC je le PRES dans un NC ."
1428,1885_Adam_Chair-molle_N.txt,Sans cesse son bras s' étendait dans un baiser languissant .,NP VASP DETPOSS NCCOR se VIMP dans un NC ADJ .
1429,1885_Adam_Chair-molle_N.txt,Une émotion profonde avait pris l' auditoire .,un NCSENT ADJ avoir PPAS le NCo .
1430,1885_Adam_Chair-molle_N.txt,"De les femmes , presque pleurantes , gifflaient vigoureusement leurs bébés , pour faire cesser un bruit de pantins frappés sur la table et qui empêchait d' entendre .","de le NC , presque ADJ , VIMP ADVMAN DETPOSS NCs , pour faire VASP un NCo de NCmod frapper sur le NC et qui VIMP de VCOG ."
1431,1885_Adam_Chair-molle_N.txt,"Le gros homme soufflait très empoigné , s' abritait toujours derrière l' immense chapeau de son enfant .","le ADJ NCs VIMP très PPAS , se VIMP ADVTEMPS ADVLIEU le ADJ NC de DETPOSS NCmod ."
1432,1885_Adam_Chair-molle_N.txt,Mais Dosia et Lucie s' attentionnaient à un groupe de paysans blondasses emblousés court .,mais NP et NP se VIMP à un NC de NCmod ADJ PPAS ADJ .
1433,1885_Adam_Chair-molle_N.txt,"Ils regardaient l' Alcazar et les chanteuses dans un ébahissement admirateur ; ils salivaient par minces jets entre les bouffées de leurs pipes , puis essuyaient leurs lèvres d' un revers de main .","il VCOG le NP et le NC dans un NCSENT NCmod ; il VIMP par mince NC entre le NCmod de DETPOSS NCmod , puis VIMP DETPOSS NCCOR de un NCmod de NCCOR ."
1434,1885_Adam_Chair-molle_N.txt,"L' un d' eux surtout hilarait les filles : un grand à le nez aplati dans la face joufflue , à les cheveux jaunes , noircis par plaques , sous la pommade figée .","le un de eux surtout VIMP le NCo : un ADJ à le NCCOR PPAS dans le NC ADJ , à le NCCOR ADJCOL , PPAS par NC , sous le NC ADJ ."
1435,1885_Adam_Chair-molle_N.txt,— Oh !,— INTJ !
1436,1885_Adam_Chair-molle_N.txt,"mais regarde , Nina , son papa s' est assis sur sa frimousse quand il est sorti de le chou , celui-là .","mais NC , NP , DETPOSS NCs se être PPAS sur DETPOSS NC quand il être PPAS de le NC , celui-là ."
1437,1885_Adam_Chair-molle_N.txt,"— Ben vrai , quelle tête !","— NP vrai , quel NCCOR !"
1438,1885_Adam_Chair-molle_N.txt,"L' homme se voyant observé , rougissait , buvait coup sur coup pour reprendre un aplomb .","le NCs se VCOG PPAS , VIMP , VIMP NCo sur NCmod pour INF un NCo ."
1439,1885_Adam_Chair-molle_N.txt,"Ses camarades le plaisantaient , patoisant de les syllabes gutturales .","DETPOSS NCs le VIMP , PPRES de le NC ADJ ."
1440,1885_Adam_Chair-molle_N.txt,— Oh !,— INTJ !
1441,1885_Adam_Chair-molle_N.txt,ch' est ti qu' elle ravise comme nô .,ADV être PPAS que il PRES comme INTJ .
1442,1885_Adam_Chair-molle_N.txt,"— Non , ch‘est pas mi , ch' est ti .","— non , NC pas ADV , ADV être PPAS ."
1443,1885_Adam_Chair-molle_N.txt,"— A ch‘t' heure , ch' est mi ?","— à NUM NCT , ADV être ADJ ?"
1444,1885_Adam_Chair-molle_N.txt,"Hé t' es sot , ch‘ est ti , ch' est ben ti .","PPAS le être NC , NP être PPAS , ADV être ADV PPAS ."
1445,1885_Adam_Chair-molle_N.txt,Oh !,INTJ !
1446,1885_Adam_Chair-molle_N.txt,elle ravise cor ; comme elle t' a cher .,il PRES NCo ; comme il lui avoir ADJ .
1447,1885_Adam_Chair-molle_N.txt,Lucie Thirache riait encore lorsqu' elle dut se lever pour chanter .,NP NP VIMP encore lorsque il devoir se INF pour INF .
1448,1885_Adam_Chair-molle_N.txt,"Elle se remit très vite , et , tout d' un trait , avec une grande dépense de gestes et d' inflexions malicieuses , elle débita une scie dont les couplets , arrêtés brusquement à le milieu d' une phrase , se terminaient par l' imitation d' une roucoulade de mirliton : J' ai vu à l' Exposition De les sommiers fil d' Ecosse , C' est solide , j' dis pas non , Mais j' crois qu' pour une nuit d' noces ... Et le mirliton reprenait .","il se PRES très ADV , et , tout de un NC , avec un ADJ NCmod de NCmod et de NC ADJ , il VPS un NCo dont le NCs , PPAS ADV à le milieu de un NCmod , se VASP par le NC de un NCmod de NCmod : je avoir VCOG à le NP de le NC NCmod de NP , ce être ADJ , je VDIC pas non , mais je VCOG que pour un NCT de NCmod ... et le NCs VIMP ."
1449,1885_Adam_Chair-molle_N.txt,"Après avoir hurlé cinq couplets accompagnés de clins d' œil provoquants , elle fit mine de descendre pour la quête , mais le public , dans un délire , se récria : « Bis , bis .","PHASE avoir VDIC NUM NCo PPAS de NC de NCmod ADJ , il faire NCo de INF pour le NC , mais le NC , dans un NC , se VPS : "" ADJCOL , ADV ."
1450,1885_Adam_Chair-molle_N.txt,"» Ces bis se prolongeaient , étaient unanimes , couraient de bouche en bouche .",""" ce ADJCOL se VIMP , être ADJ , VIMP de NCCOR en NCCOR ."
1451,1885_Adam_Chair-molle_N.txt,"Par instants le bruit s' apaisait puis , près la porte , une voix relançait le monosyllabe approbateur , qui , de nouveau , se répandait , frénétique .","par NC le NCs se VSENT puis , ADVLIEU le NC , un NCMAN VIMP le NCo NC , qui , de ADJ , se VIMP , NC ."
1452,1885_Adam_Chair-molle_N.txt,"Bronier , le pianiste , félicitait Lucie avec un enthousiasme galant : — Allons , ange de mon âme , recommençons pour l' amusement de les enfants , la tranquillité de les parents .","NP , le NC , VIMP NP avec un NC ADJ : — NP , NC de DETPOSS NCmod , PRES pour le NCSENT de le NCmod , le NCSENT de le NCmod ."
1453,1885_Adam_Chair-molle_N.txt,En voilà un riche début !,en voilà un ADJ NC !
1454,1885_Adam_Chair-molle_N.txt,"Lucie remonta sur la scène , chanta à le milieu d' un silence flatteur : J' vois un monsieur là-bas Qui boit sa chop ' de bière , Sa femm' , pendant c' temps -là , Est pt' être en train d' le faire ... Et quand le son de le mirliton reprit , tous les rires s' exhalèrent vers le gars à face aplatie , que Lucie , en chantant , avait désigné de le doigt .","NP VSENT sur le NC , VPS à le milieu de un NCmod ADJ : je ADV un monsieur ADVLIEU qui PRES DETPOSS NCo ' de NC , DETPOSS femme , PHASE ce temps ADVLIEU , être pte être en NC de le faire ... et quand le NCs de le NCmod VPS , tout le NCMAN se VPS vers le NC à NC PPAS , que NP , en PPRES , avoir PPAS de le NCCOR ."
1455,1885_Adam_Chair-molle_N.txt,"Il devint bleu , puis très pâle , dut enfin s' en aller malgré les instances de ses camarades , qui lui criaient : — Hé reste donc , hé sot .","il devenir ADJCOL , puis très ADJ , devoir PHASE se en aller malgré le NC de DETPOSS NCmod , qui lui VIMP : — NP PRES donc , ADJ NC ."
1456,1885_Adam_Chair-molle_N.txt,Tu vois pas qu' ch' est pour rigoler un mollet .,je ADV pas que ADV être pour INF un NCCOR .
1457,1885_Adam_Chair-molle_N.txt,Les rires recommencèrent .,le NCMAN VPS .
1458,1885_Adam_Chair-molle_N.txt,"Ce fut un affolement , un succès énorme .","ce être un NCSENT , un NC ADJ ."
1459,1885_Adam_Chair-molle_N.txt,"Jamais Nina n' avait été si heureuse , ni si fière d' elle-même .","ADVTEMPS NP ne avoir être si ADJ , ni si ADJ de elle-même ."
1460,1885_Adam_Chair-molle_N.txt,"Étonnée d' abord d' avoir si bien pris les allures de son nouveau métier , elle crut enfin que son temps d' épreuves avait cessé : elle s' avoua qu' elle avait un tempérament d' artiste .","NC de NC de avoir si bien PPAS le NCMAN de DETPOSS ADJ NCmod , il VPS PHASE que DETPOSS temps de NCmod avoir VASP : il se VDIC que il avoir un NCo de NCmod ."
1461,1885_Adam_Chair-molle_N.txt,"Et , tout en faisant danser les sous dans son plateau , devant les consommateurs , elle songeait à les belles destinées que ce jour lui devait ouvrir , se voyait déjà cantatrice à Paris avec de les princes pour amants .","et , tout en faire INF le NCo dans DETPOSS NC , ADVLIEU le NC , il VIMP à le NC PPAS que ce NCT lui devoir INF , se VCOG ADV NCs à NP avec de le NCmod pour NCmod ."
1462,1885_Adam_Chair-molle_N.txt,"A huit heures , Lucie ayant dîné , revint à le café pour le concert de le soir .","à NUM NCT , NP avoir PPAS , VPS à le NC pour le NC de le NCT ."
1463,1885_Adam_Chair-molle_N.txt,"Portant , enfilé à le coude , un paquet de hardes ; elle entra avec son amie .","ADV , PPAS à le NCCOR , un NC de NCmod ; il VPS avec DETPOSS NC ."
1464,1885_Adam_Chair-molle_N.txt,"De sa vie à le bordel , elle avait gardé une habitude , le besoin de sentir toujours une femme près elle ; et elle reportait sur la chanteuse ses tendresses natives , l' accompagnant partout , admirant tout d' elle .","de DETPOSS NC à le NCmod , il avoir PPAS un NCo , le NC de sentir ADVTEMPS un NCo ADVLIEU il ; et il VIMP sur le NC DETPOSS NCSENT ADJ , le PPRES ADV , PPRES tout de il ."
1465,1885_Adam_Chair-molle_N.txt,"A grand'peine , sous le reluquage obstiné de le public , les deux femmes se frayèrent un chemin dans la salle encombrée .","à NC , sous le NC PPAS de le NC , le NUM NCs se PRES un NC dans le NCmod PPAS ."
1466,1885_Adam_Chair-molle_N.txt,"Par une porte vêtue de cet écriteau : « Entrée interdite » , les chanteuses pénétrèrent dans la loge .","par un NC PPAS de ce NC : "" NP PRES "" , le NCs VPS dans le NC ."
1467,1885_Adam_Chair-molle_N.txt,"C' était une pièce irrégulière , fort petite , noire malgré le gaz .","ce être un NC ADJ , fort ADJ , ADJ malgré le NCmod ."
1468,1885_Adam_Chair-molle_N.txt,"À les champignons d' un portemanteau , les costumes de la représentation pendaient , un fouillis d' étoffes voyantes .","à le NC de un NCmod , le NCs de le NCmod VIMP , un NCo de NCmod ADJ ."
1469,1885_Adam_Chair-molle_N.txt,"Sur une table ronde , de les cuvettes veinées de fêlures ; épars autour , de les pots de pommade , de les savons , une guirlande de fleurs artificielles .","sur un NC ADJ , de le NCmod PPAS de NC ; NCmod ADV , de le NC de NCmod , de le NC , un NC de NCmod ADJ ."
1470,1885_Adam_Chair-molle_N.txt,"Dans ce désordre , Dosia voulut trouver une place pour les robes de Lucie ; mais bientôt elle s' impatienta , bousculant tout , renversa une cruche dont l' eau se répandit .","dans ce NC , NP vouloir INF un NCo pour le NC de NP ; mais bientôt il se VSENT , PPRES tout , VPS un NCo dont le NCs se VPS ."
1471,1885_Adam_Chair-molle_N.txt,— Zut alors !,— ADV alors !
1472,1885_Adam_Chair-molle_N.txt,On ne sait seulement pas où mettre ses affaires .,on ne VCOG seulement pas où mettre DETPOSS NCo .
1473,1885_Adam_Chair-molle_N.txt,En voilà une sale boîte !,en voilà un ADJ NCo !
1474,1885_Adam_Chair-molle_N.txt,"Et les larbins , qu' est -ce qu' ils font donc ?","et le NCs , que être ce que il faire donc ?"
1475,1885_Adam_Chair-molle_N.txt,"Lucie , retenant toujours son paquet dans les mains , assistait à les colères de Dosia , sans parler , avec la timidité souriante d' une nouvelle venue .","NP , PPRES ADVTEMPS DETPOSS NCo dans le NCCOR , VIMP à le NCSENT de NP , sans INF , avec le NCSENT ADJ de un ADJ NCmod ."
1476,1885_Adam_Chair-molle_N.txt,"Elles se mirent à déballer les effets , très soigneuses d' en secouer les plis .","il se VPS à INF le NCo , très ADJ de en INF le NCo ."
1477,1885_Adam_Chair-molle_N.txt,Bientôt la femme de le pianiste les vint rejoindre .,bientôt le NCs de le NCmod le venir INF .
1478,1885_Adam_Chair-molle_N.txt,"— Vite , dépêchez-vous , mes chères , c' est l' heure .","— NP , dépêchez-le , DETPOSS NC , ce être le NCT ."
1479,1885_Adam_Chair-molle_N.txt,Oh !,INTJ !
1480,1885_Adam_Chair-molle_N.txt,j' ai une migraine ce soir !,je avoir un NCo ce NCT !
1481,1885_Adam_Chair-molle_N.txt,je ne sais comment je vais faire pour chanter .,je ne VCOG comment je aller faire pour INF .
1482,1885_Adam_Chair-molle_N.txt,"Toutes trois , dans un déboutonnement rapide , découvrirent les blancheurs de les bras , de la poitrine , et chacune revêtit son costume de soirée .","tout NUM , dans un NCmod ADJ , VCOG le NCo de le NCCOR , de le NC , et chacun VPS DETPOSS NCo de NCT ."
1483,1885_Adam_Chair-molle_N.txt,"Quand elle se fut habillée , Lucie Thirache se mira .","quand il se être PPAS , NP NP se VF ."
1484,1885_Adam_Chair-molle_N.txt,"Sa poitrine nue se mouvait doucement , en l' étreinte d' un corsage de soie mauve .","DETPOSS NCs ADJ se VIMP ADVMAN , en le NC de un NCmod de NCmod ADJ ."
1485,1885_Adam_Chair-molle_N.txt,Un collier de velours mettait une raie sombre sur la peau blanche de le cou .,un NCs de NCmod mettre un NCo ADJ sur le NCCOR ADJCOL de le NCCOR .
1486,1885_Adam_Chair-molle_N.txt,La courbe de ses jambes était moulée dans de les bas noirs ornés à les chevilles de broderies d' or .,le NCs de DETPOSS NCCOR être PPAS dans de le ADJ NC PPAS à le NCCOR de NCmod de NCmod .
1487,1885_Adam_Chair-molle_N.txt,"Et la jupe rose descendait à peine à les genoux , laissant voir les dentelles de le pantalon .","et le NCs ADJCOL VIMP à NCSENT à le NCCOR , laisser VCOG le NCo de le NCmod ."
1488,1885_Adam_Chair-molle_N.txt,Lucie se trouvait vraiment gentille .,NP se VIMP ADVINT NC .
1489,1885_Adam_Chair-molle_N.txt,Elle oubliait ses récentes pudeurs .,il VCOG DETPOSS ADJ NCo .
1490,1885_Adam_Chair-molle_N.txt,"Elle laissa tomber sur ses épaules le flot de ses cheveux châtains ; elle les noua sur la nuque , d' un large ruban .","il laisser INF sur DETPOSS NCCOR le NCo de DETPOSS NCCOR ADJCOL ; il le VPS sur le NC , de un ADJ NC ."
1491,1885_Adam_Chair-molle_N.txt,"Et comme elle voyait dans la glace Dosia s' approchant , elle se retourna pour contempler son amie ; — Oh !","et comme il VCOG dans le NC NP se PPRES , il se VPS pour INF DETPOSS NCo ; — INTJ !"
1492,1885_Adam_Chair-molle_N.txt,que tu es bien comme ça !,que je être bien comme ça !
1493,1885_Adam_Chair-molle_N.txt,"À le , fond , elle pensait que Dosia , pour sûr , portait mal ses robes , Elle avait un corsage crème très décolleté ; à les pieds , de hautes bottines blanches lacées de rose ... Non , décidément , Dosia n' avait pas son chic .","à le , NC , il VCOG que NP , pour ADV , VIMP mal DETPOSS NCo , il avoir un NCo ADJ très PPAS ; à le NCCOR , de ADJ NCs ADJCOL PPAS de ADJCOL ... non , ADV , NP ne avoir pas DETPOSS NCo ."
1494,1885_Adam_Chair-molle_N.txt,Oh !,INTJ !
1495,1885_Adam_Chair-molle_N.txt,"ni madame Bronier , alors , avec sa robe de bal en soie grise , de longues mitaines sur les bras , un air de vieille bégueule tout à fait .","ni madame NP , alors , avec DETPOSS NC de NCmod en NCmod ADJ , de ADJ NC sur le NCCOR , un NCMAN de NCmod ADJ tout à NC ."
1496,1885_Adam_Chair-molle_N.txt,"Et comme ses os saillaient , semblaient craquer , malgré le soin qu' elle avait eu de s' élargir dans une ample jupe à paniers .","et comme DETPOSS NCs VIMP , VIMP INF , malgré le NC que il avoir avoir de se INF dans un ADJ NC à NCmod ."
1497,1885_Adam_Chair-molle_N.txt,"Les trois femmes achevaient leur toilette , lorsqu' un sonnement les appela .","le NUM NCs VIMP lui NCo , lorsque un NCs le VPS ."
1498,1885_Adam_Chair-molle_N.txt,Elles revinrent à le café .,il VPS à le NC .
1499,1885_Adam_Chair-molle_N.txt,Elles montèrent sur l' estrade .,il VPS sur le NC .
1500,1885_Adam_Chair-molle_N.txt,"Un regard jeté à la glace , un dernier arrangement donné à la coiffure , et toutes trois s' assirent , tournées vers le public .","un NCMAN PPAS à le NC , un ADJ NC PPAS à le NC , et tout NUM se VPS , NCo vers le NCmod ."
1501,1885_Adam_Chair-molle_N.txt,"De nouveau , Bronier , avec un rythme enragé , entama la Mascotte .","de ADJ , NP , avec un NCmod VSENT , VPS le NP ."
1502,1885_Adam_Chair-molle_N.txt,"Les refrains étaient lancés , à voix forcée , par les chanteuses qui voulaient être entendues quand même , malgré la musique de le bal installé dans le jardin , malgré les interruptions fréquentes de les clients pressés de se voir servir , malgré les continuelles entrées de les sous-officiers en grande tenue , traînant leurs sabres .","le NCspas être PPAS , à NCMAN ADJ , par le NC qui vouloir être VCOG quand même , malgré le NC de le NCmod PPAS dans le NC , malgré le NC ADJ de le NCmod PPAS de se VCOG INF , malgré le NC PPAS de le NC en ADJ NCmod , PPRES DETPOSS NCo ."
1503,1885_Adam_Chair-molle_N.txt,"La chanson finie , c' est un remuement de chaises , un passage frayé à la hâte pour la quêteuse , un glissement sourd de bottes sur le plancher .","le NC ADJ , ce être un NC de NCmod , un NC PPAS à le NC pour le NC , un NC ADJ de NCmod sur le NCmod ."
1504,1885_Adam_Chair-molle_N.txt,"Lucie passe en fredonnant , traverse les nues de fumée , attire les convoitises de les mâles , en mettant sous leur nez ses bras parfumés de veloutiné .","NP PRES en PPRES , PRES le NCo de NCmod , VSENT le NCSENT de le NCmod , en mettre sous lui NCCOR DETPOSS NCCOR PPAS de NC ."
1505,1885_Adam_Chair-molle_N.txt,"Pour tous , elle a un sourire aimable et , d' un gracieux merci , elle montre ses dents blanches lorsqu' un décime tombe dans le plateau .","pour tout , il avoir un NCMAN ADJ et , de un ADJ NC , il PRES DETPOSS NCCOR ADJCOL lorsque un NCs PRES dans le NC ."
1506,1885_Adam_Chair-molle_N.txt,Une réminiscence de ses anciens succès la rendait très hardie .,un NCs de DETPOSS ADJ NCmod le VIMP très NC .
1507,1885_Adam_Chair-molle_N.txt,"D' un coup , elle avait pris les manières de les autres chanteuses .","de un NC , il avoir PPAS le NCo de le autre NCmod ."
1508,1885_Adam_Chair-molle_N.txt,"Elle faisait son métier savamment , avec de les câlineries et de les ruses alléchantes .","il faire DETPOSS NCo ADVMAN , avec de le NCSENT et de le NC ADJ ."
1509,1885_Adam_Chair-molle_N.txt,"À le jardin , elle quête sous les gloriettes , parmi les danseurs .","à le NC , il PRES sous le NC , parmi le NC ."
1510,1885_Adam_Chair-molle_N.txt,"Un tour de valse , si le patron ne regarde pas , et vite , elle rentre pour vider le plateau dans l' escarcelle de le cornac .","un NC de NCmod , si le NCs ne VCOG pas , et ADV , il PRES pour INF le NCo dans le NC de le NCmod ."
1511,1885_Adam_Chair-molle_N.txt,"Vers neuf heures , le gloussement aigu de les clairons , sonnant la retraite , s' entendit .","vers NUM NCT , le NCs PPAS de le NCmod , PPRES le NCo , se PRES ."
1512,1885_Adam_Chair-molle_N.txt,"Par instants , s' éteignait , puis reprenait plus fort et bientôt il assourdit la salle , faisant frissonner les vitres .","par NC , se VIMP , puis VIMP plus fort et bientôt il VPS le NCo , faire INF le NC ."
1513,1885_Adam_Chair-molle_N.txt,"Alors , tous ensemble , soldats et sous-officiers , vidèrent leurs chopes , se levèrent , creusèrent les ventres pour reboucler les ceinturons , et vérifièrent les matricules à le fond de les schakos .","alors , tout ensemble , NC et NC , VPS DETPOSS NCo , se VPS , VPS le NCCOR pour INF le NCo , et VPS le NCo à le NC de le NCmod ."
1514,1885_Adam_Chair-molle_N.txt,Ils sortirent après un dernier regard à les trois femmes qui trônaient sur la scène .,il VPS PHASE un ADJ NCMAN à le NUM NCmod qui VIMP sur le NC .
1515,1885_Adam_Chair-molle_N.txt,Leur départ attrista Lucie .,DETPOSS NCs VPS NP .
1516,1885_Adam_Chair-molle_N.txt,"Se tournant vers Dosia , elle les plaignit .","se PPRES vers NP , il le PRES ."
1517,1885_Adam_Chair-molle_N.txt,"Et , comme son amie l' écoutait à peine , elle lui reprocha son mauvais cœur .","et , comme DETPOSS NC le VCOG à NCSENT , il lui VPS DETPOSS ADJ NCo ."
1518,1885_Adam_Chair-molle_N.txt,Le café se vidait .,le NCs se VIMP .
1519,1885_Adam_Chair-molle_N.txt,"Ménages et petites ouvrières , s' en allaient , la mine endormie , après un calcul compliqué de leurs gros sous .","NP et ADJ NC , se en aller , le NCo NCmod , PHASE un NC PPAS de DETPOSS ADJ sous ."
1520,1885_Adam_Chair-molle_N.txt,"Mais un bruit de chants , de sifflets , annonça une bande de jeunes gens .","mais un NCs de NCmod , de NC , VDIC un NCo de ADJ NCmod ."
1521,1885_Adam_Chair-molle_N.txt,Ils entrent avec leurs maîtresses .,il PRES avec DETPOSS NC .
1522,1885_Adam_Chair-molle_N.txt,"Ils sont très ivres , ils crient , ils gesticulent , ils s' entassent à les pieds de les chanteuses .","il être très ADJ , il VDIC , il PRES , il se PRES à le NCCOR de le NCmod ."
1523,1885_Adam_Chair-molle_N.txt,"Dosia , qui allongeait le cou pour souffler à madame Bronier les paroles d' un couplet , se retourna vers sa camarade : — Ça , c' est la haute gomme !","NP , qui VIMP le NCCOR pour VSENT à madame NP le NCo de un NCmod , se VPS vers DETPOSS NC : — ça , ce être le ADJ NC !"
1524,1885_Adam_Chair-molle_N.txt,"La nuit avançait , le pianiste accordait à les chanteuses épuisées de longs repos .","le NCT VIMP , le NCs VIMP à le NC PPAS de ADJ NC ."
1525,1885_Adam_Chair-molle_N.txt,De les fragments de conversation arrivaient à Lucie .,de le NCs de NCmod VIMP à NP .
1526,1885_Adam_Chair-molle_N.txt,"On la commentait , on supputait le tarif de ses nuits .","on le VDIC , on VIMP le NCo de DETPOSS NCT ."
1527,1885_Adam_Chair-molle_N.txt,"Habituée , par sa vie antérieure , à s' entendre ainsi marchandée , une appréciation élogieuse la flatta .","PPAS , par DETPOSS NC ADJ , à se VCOG ainsi PPAS , un NCo ADJ le NC ."
1528,1885_Adam_Chair-molle_N.txt,"Dans un autre groupe , de les vanteries étaient lancées , de les énumérations de pièces abattues .","dans un autre NC , de le NCspas être PPAS , de le NC de NCmod ADJ ."
1529,1885_Adam_Chair-molle_N.txt,"Les jeunes gens s' injuriaient , déversaient , à plaisir , l' ordure de les épithètes grasses .","le ADJ NCs se VIMP , VIMP , à NCSENT , le NC de le NCmod ADJ ."
1530,1885_Adam_Chair-molle_N.txt,Ils se narraient aussi de les tours joués à les filles .,il se VIMP aussi de le NC PPAS à le NC .
1531,1885_Adam_Chair-molle_N.txt,"Lucie Thirache s' indignait à les écouter s' enorgueillir de les amours non payées , volées .","NP NP se VSENT à le VCOG se INF de le NCSENT non PPAS , PPAS ."
1532,1885_Adam_Chair-molle_N.txt,"Leurs maîtresses , silencieuses , sirotaient leur boisson ou bien , tout bas , se parlaient , et quelques-unes , profitant de l' animation de les disputes , adressaient , par dessus l' épaule de leur miché , de les œillades entendues à d' autres hommes , installés plus loin .","DETPOSS NCs , ADJ , VIMP lui NCo ou bien , tout NCs , se VIMP , et quelqu'un , PPRES de le NC de le NCmod , VIMP , par ADV le NCCOR de lui NCmod , de le NCmod VCOG à un autre NC , PPAS plus ADVLIEU ."
1533,1885_Adam_Chair-molle_N.txt,"Lucie , dédaigneuse , les méprisa .","NP , NC , le NP ."
1534,1885_Adam_Chair-molle_N.txt,"Maintenant , suffoquées par l' odeur montante de la fumée , étourdies par les exclamations bruyantes échangées de table à table , les chanteuses hurlaient sans conviction , impuissantes à dominer le tumulte .","ADVT , PPAS par le NC ADJ de le NCmod , VSENT par le NC ADJ PPAS de NC à NCmod , le NCs VIMP sans NC , ADJ à INF le NCo ."
1535,1885_Adam_Chair-molle_N.txt,"Mais bientôt de les officiers , de les messieurs , vinrent payer de le champagne à les artistes .","mais bientôt de le NCs , de le NCmod , venir INF de le NC à le NCmod ."
1536,1885_Adam_Chair-molle_N.txt,On s' épancha en élégantes flatteries ; on sollicita tout bas la permission de reconduire ces dames .,on se VPS en ADJ NCSENT ; on VPS tout ADJ le NCo de INF ce NCo .
1537,1885_Adam_Chair-molle_N.txt,Puis les derniers couplets défilèrent dans un galop .,puis le ADJ NCs VPS dans un NC .
1538,1885_Adam_Chair-molle_N.txt,"Ils étaient remplis d' allusions , de coups d' œil , de sourires encourageants , à lesquels les michés interpellés répondaient par d' autres sourires , d' autres œillades .","il être PPAS de NC , de NC de NCmod , de NCMAN ADJ , à lesquel le NCs PPAS VIMP par un autre NCMAN , un autre NC ."
1539,1885_Adam_Chair-molle_N.txt,"À les demandes de les hommes , Lucie d' abord n' opposa point un refus formel .","à le NC de le NCmod , NP de NC ne VPS ADV un NCo ADJ ."
1540,1885_Adam_Chair-molle_N.txt,"En elle , de les désirs se réveillaient .","en il , de le NCSENT se VIMP ."
1541,1885_Adam_Chair-molle_N.txt,"Mais le souvenir de sa maladie , les défenses de le médecin la hantèrent .","mais le NC de DETPOSS NCmod , le NCs de le NCmod le VSENT ."
1542,1885_Adam_Chair-molle_N.txt,"L' idée d' un nouveau séjour à l' hôpital , la terrifiait ; et , avec effroi surtout , elle se voyait forcée encore , en sortant , à travailler dans un atelier pieux ... Oh !","le NCs de un ADJ NCmod à le NCmod , le VSENT ; et , avec NC surtout , il se VCOG ADJ encore , en PPRES , à INF dans un NC ADJ ... INTJ !"
1543,1885_Adam_Chair-molle_N.txt,"pour rien à le monde , elle ne reprendrait cette vilaine existence .","pour rien à le NCmod , il ne VCOND ce ADJ NCo ."
1544,1885_Adam_Chair-molle_N.txt,"À le dehors , le bal finissait .","à le NC , le NCs VASP ."
1545,1885_Adam_Chair-molle_N.txt,"Les danseurs en transpiration , envahissaient le café , traînant derrière eux de les filles dépeignées .","le NCs en NCmod , VIMP le NCo , PPRES ADVLIEU eux de le NC PPAS ."
1546,1885_Adam_Chair-molle_N.txt,Tous se mirent à boire de les chopes goulûment .,tout se VPS à NC de le NCmod ADVMAN .
1547,1885_Adam_Chair-molle_N.txt,Et le concert s' acheva .,et le NCs se PRES .
1548,1885_Adam_Chair-molle_N.txt,Le piano fut refermé .,le NCspas être PPAS .
1549,1885_Adam_Chair-molle_N.txt,Les chanteuses s' allèrent dévêtir .,le NCs se aller INF .
1550,1885_Adam_Chair-molle_N.txt,"Quand elles revinrent , de les officiers restaient encore dans une attente .","quand il VPS , de le NC VIMP encore dans un NC ."
1551,1885_Adam_Chair-molle_N.txt,"Sur le piano le cornac érigeait de les piles de décimes et Madame Bronier , oublieuse de sa mimique sentimentale , surveillait l' encaissement de les fonds .","sur le NC le NCs VIMP de le NC de NCmod et madame NP , ADJ de DETPOSS NC ADJ , VIMP le NCo de le NCmod ."
1552,1885_Adam_Chair-molle_N.txt,"Elle comptait la recette , si attentive , qu' elle cherchait machinalement , sans les trouver , les boutons de son manteau , dans l' entremêlement de les effilés .","il VIMP le NCo , si ADJ , que il VIMP ADV , sans le INF , le NC de DETPOSS NCmod , dans le NCmod de le NCmod ."
1553,1885_Adam_Chair-molle_N.txt,"Une interminable promenade commença dans la ville , le long de les murs de la caserne , près les chaînes de le marché à les chevaux .","un ADJ NCs VASP dans le NC , le NC de le NCmod de le NCmod , ADVLIEU le NCo de le NCmod à le NC ."
1554,1885_Adam_Chair-molle_N.txt,"Lucie , enlacée par un officier , marchait lentement , se débattait sous les caresses , toute heureuse de se sentir serrée dans les bras d' un homme , après une si longue abstinence de baisers .","NP , PPAS par un NC , VIMP ADV , se VIMP sous le NC , tout NC de se sentir ADJ dans le NCCOR de un NCmod , PHASE un si ADJ NC de NCmod ."
1555,1885_Adam_Chair-molle_N.txt,"Mais , à sa porte , elle lança un refus net , à peine mitigé d' une excuse : « Non , vous savez , faut pas m' en vouloir : je veux pas faire ça , pas plus avec un autre qu' avec , vous .","mais , à DETPOSS NC , il VPS un NCo ADJ , à NCSENT ADJ de un NCmod : "" non , vous VCOG , PRES pas se en vouloir : je vouloir pas faire ça , pas plus avec un autre que avec , vous ."
1556,1885_Adam_Chair-molle_N.txt,"» Vite , elle monta dans sa chambre , et s' amusa malignement à considérer , de sa fenêtre , l' allure piteuse de l' éconduit qui , la tête dans le collet relevé de sa capote , s' éloignait , battant l' asphalte .",""" ADV , il VPS dans DETPOSS NC , et se VSENT ADVMAN à INF , de DETPOSS NC , le NCMAN ADJ de le NCmod qui , le NCCOR dans le NCmod PPAS de DETPOSS NC , se VIMP , PPRES le NCo ."
1557,1885_Adam_Chair-molle_N.txt,"Longtemps elle le suivit de les yeux et , par degrés , sa moquerie s' éteignit .","longtemps il le VPS de le NCCOR et , par NC , DETPOSS NCs se VPS ."
1558,1885_Adam_Chair-molle_N.txt,Elle plaignait ce jeune homme de retourner seul .,il VIMP ce ADJ NCo de INF ADJ .
1559,1885_Adam_Chair-molle_N.txt,Il y avait en elle comme un regret .,il y avoir en il comme un NCSENT .
1560,1885_Adam_Chair-molle_N.txt,V Un matin Dosia arrivait chez Lucie .,NUM un NCT NP VIMP chez NP .
1561,1885_Adam_Chair-molle_N.txt,"De les rideaux épais cachaient les deux fenêtres , et par les fentes , un jour brumeux entrait en rayons gris .","de le NC ADJ VIMP le NUM NCo , et par le NC , un NCT ADJ VIMP en NC ADJCOL ."
1562,1885_Adam_Chair-molle_N.txt,"Il s' étalait en éventail à les coins de la chambre , éclairait vaguement le canapé presque disparu sous un entassement de jupons , de robes à volants crottés .","il se VIMP en NC à le NC de le NCmod , VCOND ADV le NCo presque PPAS sous un NC de NCmod , de NCmod à NCmod PPAS ."
1563,1885_Adam_Chair-molle_N.txt,"Partout , dans la vaste chambre , un grand désordre , une complète insouciance d' embellir l' aspect de les choses .","ADV , dans le ADJ NC , un ADJ NC , un ADJ NCSENT de INF le NCo de le chose ."
1564,1885_Adam_Chair-molle_N.txt,"Le globe de la pendule renversé gisait à terre , calé entre deux chaises ; une eau savonneuse y stagnait .","le NCs de le NCmod PPAS VIMP à NC , PPAS entre NUM NC ; un NCs ADJ y VIMP ."
1565,1885_Adam_Chair-molle_N.txt,"Sur la cheminée , de les épingles , de les allumettes , de menus bijoux en argent .","sur le NC , de le NCmod , de le NC , de NC ADJ en NCmod ."
1566,1885_Adam_Chair-molle_N.txt,"Sur un guéridon , un fichu de dentelle , cachant la soie d' un parapluie , un corset noir à piqûres jaunes , une houppette ; il y avait encore un livre rouge , de les romances , la photographie de Judic , un flacon coiffé de peau blanche .","sur un NCmod , un NC de NCmod , PPRES le NCo de un NCmod , un NC ADJ à NCmod ADJCOL , un NC ; il y avoir encore un NCo ADJCOL , de le NCmod , le NC de NP , un NC PPAS de NCCOR ADJCOL ."
1567,1885_Adam_Chair-molle_N.txt,"L' absence de l' homme , l' indifférence de la fille pour cette chambre , où elle ne faisait que dormir , s' affichait jusque sur la toilette : de les serviettes sales , une natte de cheveux hérissée d' épingles , une éponge s' y affaissaient .","le NC de le NCmod , le VSENT de le NCmod pour ce NCmod , où il ne faire que INF , se VIMP jusque sur le NC : de le NCmod ADJ , un NC de NCCOR VSENT de NC , un NC se y VIMP ."
1568,1885_Adam_Chair-molle_N.txt,"À le fond , dominant ce désordre , le lit apparaissait à demi voilé sous de les rideaux blancs , et , la tête enfouie dans la mollesse de l' oreiller , Lucie Thirache dormait , souriante , les bras étendus , la peau moite , les seins à l' air .","à le NC , PPRES ce NCo , le NCs VIMP à ADJ PPAS sous de le NC ADJCOL , et , le NCCOR ADJ dans le NCmod de le NCmod , NP NP VIMP , NC , le NCCOR ADJ , le NCCOR ADJ , le NC à le NCMAN ."
1569,1885_Adam_Chair-molle_N.txt,"Doucement , Dosia se glissa près elle , puis tout à coup , avec une brusquerie espiègle , elle lui dit dans l' oreille : « Oh !","ADVMAN , NP se VPS ADVLIEU il , puis tout à NC , avec un NC ADJ , il lui VDIC dans le NCCOR : "" INTJ !"
1570,1885_Adam_Chair-molle_N.txt,la grande fainéante !,le ADJ NC !
1571,1885_Adam_Chair-molle_N.txt,"» Lucie , d' abord , eut seulement une moue renfrognée , elle souleva ses paupières lourdes et murmura : « C' est toi ?",""" NP , de NC , avoir seulement un NCo PPAS , il VPS DETPOSS NCCOR ADJ et VDIC : "" ce être soi ?"
1572,1885_Adam_Chair-molle_N.txt,"» puis elle referma les yeux , emmaillottant sa face dans les couvertures .",""" puis il VPS le NCCOR , PPRES DETPOSS NCo dans le NCmod ."
1573,1885_Adam_Chair-molle_N.txt,"Dosia la voyant prête à dormir encore , courut à une fenêtre , à l' autre , tira les rideaux , inonda la chambre de lumière .","NP le VCOG ADJ à INF encore , VPS à un NC , à le autre , VPS le NCo , VPS le NCo de NCmod ."
1574,1885_Adam_Chair-molle_N.txt,"Et revenue vers le lit , elle prit à deux mains la tête de Lucie , se mit à l' embrasser très vite dans les cheveux , sur la bouche , sur le front .","et PPAS vers le NC , il VPS à NUM NCCOR le NCCOR de NP , se mettre à le INF très ADV dans le NCCOR , sur le NCCOR , sur le NCCOR ."
1575,1885_Adam_Chair-molle_N.txt,"Bientôt son amie entrouvit les yeux avec une grimace boudeuse ; et maintenant , la tête un peu relevée , les poings ramenés sur les sourcils , elle baillait .","bientôt DETPOSS NCs VPS le NCCOR avec un NC ADJ ; et ADVT , le NCCOR un peu PPAS , le NC PPAS sur le NCCOR , il VIMP ."
1576,1885_Adam_Chair-molle_N.txt,— Oh !,— INTJ !
1577,1885_Adam_Chair-molle_N.txt,comme je suis fatiguée !,comme je être VSENT !
1578,1885_Adam_Chair-molle_N.txt,"— Pourtant tu as assez dormi , voyons , il est midi moins le quart .","— pourtant je avoir ADV ADJ , NC , il être PPAS moins le NCo ."
1579,1885_Adam_Chair-molle_N.txt,"Lève -toi , dis , tu veux ?","NP -toi , VDIC , je vouloir ?"
1580,1885_Adam_Chair-molle_N.txt,Nous irons à Blangy canoter un peu .,nous PRES à NP INF un peu .
1581,1885_Adam_Chair-molle_N.txt,— Canoter ?,— NP ?
1582,1885_Adam_Chair-molle_N.txt,"De les prunes , ma fille , et qui est -ce qui ramera ?","de le NC , DETPOSS NC , et qui être ce qui VF ?"
1583,1885_Adam_Chair-molle_N.txt,"Tu sais , moi , je n' en veux plus .","je VCOG , soi , je ne en vouloir plus ."
1584,1885_Adam_Chair-molle_N.txt,— Oh !,— INTJ !
1585,1885_Adam_Chair-molle_N.txt,"n' aie pas peur , ce ne sera pas toi .","ne avoir pas NCSENT , ce ne être pas soi ."
1586,1885_Adam_Chair-molle_N.txt,"— Et qui , alors ?","— et qui , alors ?"
1587,1885_Adam_Chair-molle_N.txt,— Ah !,— INTJ !
1588,1885_Adam_Chair-molle_N.txt,"ça , je ne veux pas le dire .","ça , je ne vouloir pas le VDIC ."
1589,1885_Adam_Chair-molle_N.txt,— Oh !,— INTJ !
1590,1885_Adam_Chair-molle_N.txt,"c' est ça , dis tout de suite que tu veux me faire aller avec un type .","ce être ça , VDIC tout de NC que je vouloir me faire aller avec un NC ."
1591,1885_Adam_Chair-molle_N.txt,"Eh bien , merci , tu vas bien .","INTJ bien , INTJ , je ADV bien ."
1592,1885_Adam_Chair-molle_N.txt,"— Allons , voyons , ne te fâche pas .","— NP , VCOG , ne me VSENT pas ."
1593,1885_Adam_Chair-molle_N.txt,"C' est pas ça de le tout , d' abord .","ce être pas ça de le tout , de NC ."
1594,1885_Adam_Chair-molle_N.txt,Elle s' expliqua .,il se VDIC .
1595,1885_Adam_Chair-molle_N.txt,"Un officier , Emile , un beau brun , lui avait fait de les propositions de vie commune ; il était très chic , offrait sans cesse de les robes , de les bibelots , un tas d' objets chers .","un NCs , NP , un ADJ ADJCOL , lui avoir faire de le NC de NCmod ADJ ; il être très ADJ , VIMP sans NC de le NC , de le NC , un NC de NCmod ADJ ."
1596,1885_Adam_Chair-molle_N.txt,"Aujourd'hui , il l' allait emmener pour faire une partie de canotage , et craignant que sa petite Nina n' eut de le chagrin toute seule , elle était-venue la chercher .","ADVT , il le aller INF pour faire un NCo de NCmod , et VSENT que DETPOSS ADJ NP ne avoir de le NCSENT tout ADJ , il PPAS le INF ."
1597,1885_Adam_Chair-molle_N.txt,"— Mais si ça t' embête tant que ça , tu sais , je m' en vais , et puis v' là tout .","— mais si ça lui VSENT tant que ça , je PRES , je se en aller , et puis ve ADVLIEU tout ."
1598,1885_Adam_Chair-molle_N.txt,"— Oh , ça ne m' embête pas , voyons .","— INTJ , ça ne se VSENT pas , PRES ."
1599,1885_Adam_Chair-molle_N.txt,"Seulement , j' ai été tuée quand tu m' as dit , en arrivant , que tu venais me chercher pour canoter avec de les types ; moi , je croyais que tu voulais me coller un amant .","seulement , je avoir être PPAS quand je le avoir VDIC , en PPRES , que je VIMP me INF pour INF avec de le NC ; soi , je VIMP que je VIMP me INF un NCo ."
1600,1885_Adam_Chair-molle_N.txt,— Eh bien ?,— INTJ bien ?
1601,1885_Adam_Chair-molle_N.txt,Et après ?,et PHASE ?
1602,1885_Adam_Chair-molle_N.txt,Où donc que serait le mal ?,où donc que être le mal ?
1603,1885_Adam_Chair-molle_N.txt,"Dis , t' as pas envie de rester toujours comme ça , à faire ta bégueule peut-être ?","dis , le avoir pas NCo de INF ADVTEMPS comme ça , à faire NCo ADJ peut-être ?"
1604,1885_Adam_Chair-molle_N.txt,— Moi ?,— soi ?
1605,1885_Adam_Chair-molle_N.txt,"Pas de le tout , seulement je ne veux plus coucher avec de les hommes , voilà !","pas de le tout , seulement je ne vouloir plus INF avec de le NC , voilà !"
1606,1885_Adam_Chair-molle_N.txt,— Et pourquoi ?,— et pourquoi ?
1607,1885_Adam_Chair-molle_N.txt,"— Tiens , parce qu' ils sont trop cochons .","— NP , parce que il être trop ADJ ."
1608,1885_Adam_Chair-molle_N.txt,"Et puis , je suis malade , je veux pas crever pour leur plaisir .","et puis , je être ADJ , je vouloir pas INF pour lui NCSENT ."
1609,1885_Adam_Chair-molle_N.txt,"— De quoi , malade ?","— de quoi , NC ?"
1610,1885_Adam_Chair-molle_N.txt,"Mais il y a longtemps que t' es guérie , ma fille , tu sais bien que le médecin te l' a encore dit l' autre jour .","mais il y avoir longtemps que NUM être NC , DETPOSS NC , je PRES bien que le NCspas me le avoir encore VDIC le autre NCT ."
1611,1885_Adam_Chair-molle_N.txt,"Ben vrai , je fais bien la noce , moi ; pourtant j' ai été encore plus malade que toi , bien sûr .","NP vrai , je faire bien le NCo , soi ; pourtant je avoir être encore plus ADJ que soi , bien ADJ ."
1612,1885_Adam_Chair-molle_N.txt,— Oh !,— INTJ !
1613,1885_Adam_Chair-molle_N.txt,"plus que moi , faudrait voir !","plus que soi , VCOND VCOG !"
1614,1885_Adam_Chair-molle_N.txt,objecta Lucie .,VPS NP .
1615,1885_Adam_Chair-molle_N.txt,Et longuement les deux femmes discutèrent cette question .,et ADV le NUM NCs VPS ce NCo .
1616,1885_Adam_Chair-molle_N.txt,Le souvenir de les souffrances passées leur était un bonheur d' en être enfin délivrées .,le NCs de le NCSENT PPAS lui être un NCSENT de en être PHASE PPAS .
1617,1885_Adam_Chair-molle_N.txt,"— Oui , oui , mais c' est pas tout ça .","— oui , oui , mais ce être pas tout ça ."
1618,1885_Adam_Chair-molle_N.txt,Sommes -nous bêtes avec nos histoires !,être le PRES avec DETPOSS NC !
1619,1885_Adam_Chair-molle_N.txt,"Viens -tu , oui ou non ?","venir il , oui ou non ?"
1620,1885_Adam_Chair-molle_N.txt,Dis ?,dis ?
1621,1885_Adam_Chair-molle_N.txt,"— Mais non , là , je veux pas retomber malade .","— mais non , ADVLIEU , je vouloir pas INF ADJ ."
1622,1885_Adam_Chair-molle_N.txt,— Es -tu sotte !,— être tu PRES !
1623,1885_Adam_Chair-molle_N.txt,"Tiens , laisse-moi tranquille ... Ainsi aujourd'hui si tu voudrais , tu pourrais faire un riche coup .","NP , NC ADJ ... ainsi ADVT si je vouloir , je pouvoir faire un ADJ NCo ."
1624,1885_Adam_Chair-molle_N.txt,"Et Dosia , avec de les enthousiasmes , exhiba les avantages de la bonne affaire , qu' elle proposait : Un ami d' Emile , officier aussi , Charles , un garçon très riche , s' était enmouraché de Lucie .","et NP , avec de le NCmod , VPS le NCo de le ADJ NCmod , que il VDIC : un NCs de NP , NC aussi , NP , un NC très ADJ , se être PPAS de NP ."
1625,1885_Adam_Chair-molle_N.txt,"Nina le connaissait bien , c' était celui qui buvait toujours de les menthes à l' eau ... Mais Lucie Thirache aussitôt , se récria : Non , elle ne voulait pas , elle était très heureuse , dans son actuelle position , elle serait certainement beaucoup plus mal avec toujours un homme sur le dos .","NP le VIMP bien , ce être celui qui VIMP ADVTEMPS de le NC à le NCmod ... mais NP NP aussitôt , se VPS : non , il ne vouloir pas , il être très ADJ , dans DETPOSS ADJ NC , il être ADVINT beaucoup plus mal avec ADVTEMPS un NC sur le NCCOR ."
1626,1885_Adam_Chair-molle_N.txt,Dosia riait : — Bah !,NP VIMP : — INTJ !
1627,1885_Adam_Chair-molle_N.txt,Tu verrais bien quel plaisir que t' aurais .,je VCOND bien quel NCSENT que lui avoir .
1628,1885_Adam_Chair-molle_N.txt,"Et puis , tu sais , si ça t' embête de chanter , tu pourras lâcher le cornac ; Charles paiera ton dédit .","et puis , je VCOG , si ça lui VSENT de INF , je ADJ INF le NCo ; NP VF DETPOSS NCo ."
1629,1885_Adam_Chair-molle_N.txt,Et il te donnerait tous les jours tes huit francs .,et il me VCOND tout le NCT DETPOSS NUM NCo .
1630,1885_Adam_Chair-molle_N.txt,"C' est rudement chic , ça , tu sais !","ce être ADVMAN ADJ , ça , je VCOG !"
1631,1885_Adam_Chair-molle_N.txt,— Il peut bien les garder ses huit francs .,— il pouvoir bien le INF DETPOSS NUM NC .
1632,1885_Adam_Chair-molle_N.txt,"D' abord , j' ai pas envie de lâcher le cornac , j' aime encore mieux faire ce métier -là que de m' embêter avec un miché .","de NC , je avoir pas NCo de INF le NCo , je VSENT encore mieux faire ce NCo ADVLIEU que de se VSENT avec un NC ."
1633,1885_Adam_Chair-molle_N.txt,— Oh oui !,— INTJ oui !
1634,1885_Adam_Chair-molle_N.txt,"marche toujours , tu dis ça maintenant parce que ça t' amuse de chanter .","PRES ADVTEMPS , je VDIC ça ADVT parce que ça lui VSENT de INF ."
1635,1885_Adam_Chair-molle_N.txt,"Mais moi , ça commence à me scier le dos , un riche coup , et je t' assure que , si Émile m' offrait ça , il n' y a pas de danger que je refuserais .","mais soi , ça VASP à me INF le NCCOR , un ADJ NC , et je lui PRES que , si NP lui VIMP ça , il ne y avoir pas de NCo que je VCOND ."
1636,1885_Adam_Chair-molle_N.txt,"Si tu savais comme je m' embête , ma pauvre fille , dans ce-foutu pays , Je fais que de bâiller toute la journée .","si je VCOG comme je se VSENT , DETPOSS ADJ NC , dans NC NCmod , je faire que de INF tout le NCT ."
1637,1885_Adam_Chair-molle_N.txt,"— Eh bien , et Emile ?","— INTJ bien , et NP ?"
1638,1885_Adam_Chair-molle_N.txt,Il n' est donc pas drôle ?,il ne être donc pas ADJ ?
1639,1885_Adam_Chair-molle_N.txt,"— Oh , Emile , il passe la moitié de son temps à travailler ; alors il faut pas le déranger .","— INTJ , NP , il PRES le NCo de DETPOSS temps à INF ; alors il PRES pas le VSENT ."
1640,1885_Adam_Chair-molle_N.txt,"Après ça , c' est Charles qui vient , et puis ils causent d' un tas de blagues , que je n' y comprends rien ; de service , de chiffres , de plans ; est -ce que je sais !","PHASE ça , ce être NP qui venir , et puis il PRES de un NC de NCmod , que je ne y VCOG rien ; de NCs , de NC , de NC ; être ce que je VCOG !"
1641,1885_Adam_Chair-molle_N.txt,"Puis , quand je leur dis quelque chose , ils se foutent de moi et continuent à causer de leurs affaires .","puis , quand je lui VDIC quelque chose , il se PRES de soi et PRES à INF de DETPOSS NC ."
1642,1885_Adam_Chair-molle_N.txt,— Pauvre chérie !,— ADJ NC !
1643,1885_Adam_Chair-molle_N.txt,"Tu vois bien que c' est pas drôle , d' être collée comme ça .","je ADV bien que ce être pas ADJ , de être PPAS comme ça ."
1644,1885_Adam_Chair-molle_N.txt,"L' autre renchérit , énuméra toutes ses petites misères .","le autre VPS , VPS tout DETPOSS ADJ NCo ."
1645,1885_Adam_Chair-molle_N.txt,"Mais , Lucie , s' apitoyant , demanda pourquoi elle ne se passait pas d' homme .","mais , NP , se VSENT , VPS pourquoi il ne se VIMP pas de NC ."
1646,1885_Adam_Chair-molle_N.txt,"Dosia alors se remit à louer ce genre de vie , raconta de les parties fines , de les voyages , de longues journées passées à le lit dans un spasme d' amour .","NP alors se VPS à INF ce NCo de NCmod , VPS de le NC ADJ , de le NC , un ADJ NCT PPAS à le NC dans un NC de NCSENT ."
1647,1885_Adam_Chair-molle_N.txt,"Et , de nouveau , elle insistait sur son invitation , jurait que l' ennui venait seulement de ces trop sérieux entretiens qui cesseraient , quand elles seraient deux à les interrompre : — D' ailleurs , s' ils continuent , reprit -elle , nous les agacerons tout le temps , à parler tout bas à nous deux .","et , de ADJ , il VIMP sur DETPOSS NC , VIMP que le NCSENT VIMP seulement de ce trop ADJ NC qui VIMP , quand il être NUM à le INF : — de ADVLIEU , se il VSUBP , VPS il , nous le VF tout le temps , à INF tout ADJ à nous NUM ."
1648,1885_Adam_Chair-molle_N.txt,"Ça met les hommes en rage , tu sais , ce sera très drôle .","ça mettre le NCo en NCSENT , je PRES , ce être très ADJ ."
1649,1885_Adam_Chair-molle_N.txt,Ils sont si bêtes .,il être si ADJ .
1650,1885_Adam_Chair-molle_N.txt,"— Oh , ça , c' est rudement vrai !","— INTJ , ça , ce être ADVMAN vrai !"
1651,1885_Adam_Chair-molle_N.txt,S' ils savaient seulement combien on se fout d' eux !,si il VCOG seulement combien on se PRES de eux !
1652,1885_Adam_Chair-molle_N.txt,Elles rirent beaucoup .,il VPS beaucoup .
1653,1885_Adam_Chair-molle_N.txt,"Dosia s' était assise sur le lit et , elle baisait sa bonne Nina , tâchait à la convaincre par de les calineries .","NP se être PPAS sur le NC et , il VIMP DETPOSS ADJ NP , VIMP à le NC par un le NCmod ."
1654,1885_Adam_Chair-molle_N.txt,"Lucie Thirache , obstinément , refusait ; enfin , elle ajouta : — Non , vois -tu , pas aujourd'hui ; il faut que je me soigne , aujourd'hui .","NP NP , ADV , VIMP ; PHASE , il VPS : — non , ADJ tu , pas ADVT ; il PRES que je me VSUBP , ADVT ."
1655,1885_Adam_Chair-molle_N.txt,"C' est demain la visite et j' ai une peur bleue , deux jours d' avance .","ce être ADVT le NC et je avoir un NCSENT ADJCOL , NUM NCT de NCmod ."
1656,1885_Adam_Chair-molle_N.txt,"— Tu es folle , tiens !","— je être ADJ , tenir !"
1657,1885_Adam_Chair-molle_N.txt,Ah !,INTJ !
1658,1885_Adam_Chair-molle_N.txt,"bien , voilà encore quelque chose qui n' arriverait pas , si tu voudrais te mettre avec Charles ; il connaît très bien le commissaire ; il le voit tous les jours à le café .","bien , voilà encore quelque chose qui ne VCOND pas , si je vouloir me mettre avec NP ; il PRES très bien le NCo ; il le VCOG tout le NCT à le NCmod ."
1659,1885_Adam_Chair-molle_N.txt,"Ainsi , Emile , il va me faire décarter bientôt .","ainsi , NP , il aller me faire INF bientôt ."
1660,1885_Adam_Chair-molle_N.txt,"Eh bien , si tu voudrais , Charles te ferait décarter aussi .","INTJ bien , si je vouloir , NP me faire INF aussi ."
1661,1885_Adam_Chair-molle_N.txt,— Oh !,— INTJ !
1662,1885_Adam_Chair-molle_N.txt,"ça , ce serait une rude veine !","ça , ce être un NC ADJ !"
1663,1885_Adam_Chair-molle_N.txt,s' écria Lucie .,se VPS NP .
1664,1885_Adam_Chair-molle_N.txt,"Et elle insista , demandant si c' était bien vrai .","et il VPS , PPRES si ce être bien vrai ."
1665,1885_Adam_Chair-molle_N.txt,"Mais , tandis que Dosia répondait , elle , déjà , n' écoutait plus .","mais , PHASE que NP VDIC , il , déjà , ne VCOG plus ."
1666,1885_Adam_Chair-molle_N.txt,"Elle se voyait affranchie , enfin , de cette sujétion humiliante , sans avoir à subir , chaque semaine , la blague de les carabins , la brusquerie de le docteur .","il se VCOG NC , PHASE , de ce NC ADJ , sans avoir à INF , chaque NC , le NCo de le NCmod , le NC de le NCmod ."
1667,1885_Adam_Chair-molle_N.txt,"Et tous ces ennuis devaient disparaître si seulement elle voulait devenir la maîtresse d' un jeune homme très bien , un officier , un joli garçon .","et tout ce NCSENT devoir INF si seulement il vouloir devenir le NC de un ADJ NCmod très bien , un NC , un ADJ NC ."
1668,1885_Adam_Chair-molle_N.txt,"Mais , de nouveau , le souci-de sa bonne santé l' arrêta .","mais , de ADJ , le NCmod DETPOSS ADJ NC le NC ."
1669,1885_Adam_Chair-molle_N.txt,Se coller avec ce type n' était -ce pas s' exposer à une rechute de le mal ?,se INF avec ce NC ne être ce pas se INF à un NC de le mal ?
1670,1885_Adam_Chair-molle_N.txt,"Très hésitante , elle donnait à peine une molle dénégation à les instances de Dosia qui , sans cesse , lui répétait : — Là , vrai , si tu ne veux pas venir je ne te parlerai plus jamais .","très ADJ , il VIMP à NCSENT un ADJ NCo à le NCmod de NP qui , sans NC , lui VIMP : — ADVLIEU , vrai , si je ne vouloir pas venir je ne me VF plus ADVTEMPS ."
1671,1885_Adam_Chair-molle_N.txt,"C' est pas la peine d' avoir une amie , si elle ne veut pas se promener avec vous .","ce être pas le NCSENT de avoir un NCo , si il ne vouloir pas se INF avec vous ."
1672,1885_Adam_Chair-molle_N.txt,"D' abord , ça ne t' engage à rien .","de NC , ça ne lui PRES à rien ."
1673,1885_Adam_Chair-molle_N.txt,"— Eh bien , soit , j' irai .","— INTJ bien , ADV , je VF ."
1674,1885_Adam_Chair-molle_N.txt,"Et si tu essayes de me fourrer avec l' officier , tu verras un peu .","et si je NC de me INF avec le NC , je NCmod un peu ."
1675,1885_Adam_Chair-molle_N.txt,— Ah !,— INTJ !
1676,1885_Adam_Chair-molle_N.txt,"tu es bien gentille , fit Dosia , l' embrassant de nouveau , et , elle , sauta de le lit , supplia : — Allons , vite , ma chérie , habille -toi , nous n' arriverons jamais .","je être bien NC , faire NP , le PPRES de ADJ , et , il , sauta de le NCmod , supplia : — NP , ADV , DETPOSS NC , NC soi , nous ne VF ADVTEMPS ."
1677,1885_Adam_Chair-molle_N.txt,VII Lucie Thirache était devenue la maîtresse de l' officier Charles .,NUM NP NP être devenir le NCo de le NCmod NP .
1678,1885_Adam_Chair-molle_N.txt,Elle s' était d' abord donnée à lui par calcul ; cette liaison était un moyen commode de remettre en ordre sa garde-robe usée et d' échapper à l' importune surveillance de la .,il se être de NC PPAS à lui par NCmod ; ce NCs être un ADJ NC de INF en NC DETPOSS NCo PPAS et de INF à le ADJ NC de le .
1679,1885_Adam_Chair-molle_N.txt,police .,NCmod .
1680,1885_Adam_Chair-molle_N.txt,Et elle se promettait bien le lâcher après la réalisation de ces avantages .,et il se VIMP bien le INF PHASE le NC de ce NCmod .
1681,1885_Adam_Chair-molle_N.txt,"Mais , par degrés , à son insu , elle prit le goût de cette vie nouvelle .","mais , par NC , à DETPOSS NC , il VPS le NCo de ce NCmod ADJ ."
1682,1885_Adam_Chair-molle_N.txt,"Elle découvrait chez son amant de les qualités ; c' était un homme distingué , aimable , très gracieux et très beau dans le collant uniforme .","il VIMP chez DETPOSS NC de le NCmod ; ce être un NC ADJ , ADJ , très ADJ et très ADJ dans le NC ADJ ."
1683,1885_Adam_Chair-molle_N.txt,Un orgueil de l' avoir conquis .,un NCSENT de le avoir VSENT .
1684,1885_Adam_Chair-molle_N.txt,"Elle résolut l' accaparer et , pour retenir constamment l' officier , pour lui rendre agréable le séjour de la chambre commune , elle arrangea cette chambre avec un soin minutieux .","il PRES le INF et , pour INF ADVTEMPS le NCo , pour lui INF ADJ le NCo de le NCmod ADJ , il VPS ce NCo avec un NC ADJ ."
1685,1885_Adam_Chair-molle_N.txt,"Les hardes furent pendues dans les placards , les objets de toilette disposés en ordre ; les chaises , les fauteuils , débarrassés de le fouillis qui les encombrait , luirent d' une propreté soigneusement entretenue .","le NCspas être PPAS dans le NC , le NC de NCmod PPAS en NC ; le NCs , le NC , PPAS de le NC qui le VIMP , VPS de un NC ADV PPAS ."
1686,1885_Adam_Chair-molle_N.txt,"Dans les panneaux , Lucie accrocha de les lithographies , figurant de les sujets militaires .","dans le NC , NP VPS de le NC , PPRES de le NC ADJ ."
1687,1885_Adam_Chair-molle_N.txt,"Elle fixa à les murs , près la glace , une double rangée de rateliers à pipes et , sur la cheminée , entre la pendule et les candélabres , elle posa , en de les cadres dorés , la photographie de son amant et la sienne .","il VPS à le NC , ADVLIEU le NCo , un ADJ NC de NCmod à NCmod et , sur le NC , entre le NCmod et le NC , il VPS , en un le NC PPAS , le NCo de DETPOSS NCmod et le sienne ."
1688,1885_Adam_Chair-molle_N.txt,"À le centre de le guéridon , le palissandre d' un porte-cigares à musique rutilait entouré de cartes et de livres ; la muraille , à le dessus de le canapé , était couverte par une panoplie : deux sabres , de les révolvers , de les armes d' Orient .","à le NC de le NCmod , le NCs de un NCmod à NCmod VIMP PPAS de NC et de NC ; le NCspas , à le NCmod de le NCmod , être PPAS par un NC : NUM NC , de le NC , de le NC de NP ."
1689,1885_Adam_Chair-molle_N.txt,"Et Lucie cherchait à tout enodorer , en répandant de les fleurs à profusion .","et NP VIMP à tout INF , en PPRES de le NC à NCmod ."
1690,1885_Adam_Chair-molle_N.txt,"Chaque jour de marché , dès le matin , elle allait sur la place de le Théâtre .","chaque NCT de NCmod , dès le NCT , il aller sur le NC de le NP ."
1691,1885_Adam_Chair-molle_N.txt,"Là , elle choisissait longuement de les bottes de roses ou d' œillets sous les regards amoureux de Charles , qui prenait l' absinthe à le seuil d' un café .","ADVLIEU , il VIMP ADV de le NC de ADJCOL ou de NC sous le NCMAN ADJ de NP , qui VIMP le NCo à le NC de un NCmod ."
1692,1885_Adam_Chair-molle_N.txt,Elle-même s' attachait davantage à cet amour .,elle-même se VIMP davantage à ce NCSENT .
1693,1885_Adam_Chair-molle_N.txt,L' officier était désiré par toutes les femmes et la fille vaniteuse s' apeurait à le soupçon que Charles la pourrait un jour quitter .,le NCspas être VSENT par tout le NC et le NC ADJ se VCOND à le NC que NP le pouvoir un NCT INF .
1694,1885_Adam_Chair-molle_N.txt,"De les ruses savamment inventées , d' assidues prévenances , avaient pour but de le retenir aimant et soumis .","de le NC ADVMAN PPAS , un ADJ NCSENT , avoir pour NC de le NCmod ADJ et ADJ ."
1695,1885_Adam_Chair-molle_N.txt,Vite elle avait compris que l' officier ne saurait avoir pour elle les tendresses d' une intime passion .,ADV il avoir VCOG que le NCs ne VCOND avoir pour il le NCSENT de un ADJ NCSENT .
1696,1885_Adam_Chair-molle_N.txt,"Jeune , vigoureux , il avait besoin d' une femme , un besoin tout charnel ; et il voulait surtout être payé de ses dépenses par la satisfaction de son amour-propre .","ADJ , ADJ , il avoir NCo de un NC , un NC tout ADJ ; et il vouloir surtout être PPAS de DETPOSS NC par le NCSENT de DETPOSS NCmod ."
1697,1885_Adam_Chair-molle_N.txt,"Les compliments que sa maîtresse lui valait , les envies jalouses qu' il excitait , lui devaient être de captivantes flatteries .","le NCs que DETPOSS NCs lui VIMP , le NC ADJ que il VSENT , lui devoir être un ADJ NCSENT ."
1698,1885_Adam_Chair-molle_N.txt,Et la fille avait su devenir telle qu' il la désirait .,et le NCs avoir VCOG devenir tel que il le VSENT .
1699,1885_Adam_Chair-molle_N.txt,"Elle était parvenue , sans efforts , à se donner les allures d' une mondaine habituée à les attitudes élégantes et froides , à les gestes d' une élégante correction .","il être PPAS , sans NC , à se INF le NCMAN de un NCmod PPAS à le NC ADJ et ADJ , à le NCmod de un ADJ NCmod ."
1700,1885_Adam_Chair-molle_N.txt,"Devant les autres officiers , à le beuglant , dans les réunions , elle se montrait réservée , prise de subites pudeurs .","ADVLIEU le autre NC , à le NCmod , dans le NCmod , il se VIMP PPAS , PPAS de NC ADJ ."
1701,1885_Adam_Chair-molle_N.txt,"Elle souriait à peine , en rougissant , à les paroles grivoises .","il VIMP à NCSENT , en PPRES , à le NC ADJ ."
1702,1885_Adam_Chair-molle_N.txt,"Elle-même parlait fort peu , avec une recherche et , lorsque par hasard , elle avait laissé échapper une expression sale , un silence sévère la tenait ensuite durant de les heures en punition volontaire .","elle-même VIMP fort peu , avec un NC et , lorsque par NC , il avoir laisser INF un NCo ADJ , un NCs ADJ le VIMP PHASE durant de le NCT en NCmod ADJ ."
1703,1885_Adam_Chair-molle_N.txt,"Charles conduisait souvent Lucie dans les lieux d' amusement public , enchanté de le prestige qu' elle lui procurait .","NP VIMP ADVTEMPS NP dans le NC de NCSENT ADJ , VSENT de le NC que il lui VIMP ."
1704,1885_Adam_Chair-molle_N.txt,"Le lundi , elle était à le théâtre , installée à les secondes loges de face , vêtue d' une robe de soie blanche très luxueuse .","le ADVT , il être à le NC , PPAS à le ADJ NC de NCmod , PPAS de un NC de NCmod ADJCOL très ADJ ."
1705,1885_Adam_Chair-molle_N.txt,"Et , tandis que tous , curieusement , la considéraient , elle restait très droite , impassible , les yeux constamment tournés ou vers la scène , ou vers la loge de son amant .","et , PHASE que tout , ADVMAN , le VIMP , il VIMP très ADJ , ADJ , le NCCOR ADVTEMPS PPAS ou vers le NC , ou vers le NC de DETPOSS NCmod ."
1706,1885_Adam_Chair-molle_N.txt,"Parfois , seulement , secouée d' une joie folle , elle cachait son visage derrière l' éventail et , sûre de n' être point vue , elle s' abandonnait , signalant à Dosia les mines rouges et ahuries de les bourgeoises .","ADVTEMPS , seulement , PPAS de un NCSENT ADJ , il VIMP DETPOSS NCCOR ADVLIEU le NC et , ADJ de ne être ADV PPAS , il se VIMP , PPRES à NP le NCo ADJCOL et ADJ de le NCmod ."
1707,1885_Adam_Chair-molle_N.txt,"Puis , elle reprenait un air grave , redevenait sérieuse et digne .","puis , il VIMP un NCMAN ADJ , VIMP ADJ et ADJ ."
1708,1885_Adam_Chair-molle_N.txt,"À les entr'actes , elle allait attendre son amant dans l' arrière-boutique de le pâtissier tout près le théâtre .","à le NC , il aller INF DETPOSS NCo dans le NC de le NCmod tout ADVLIEU le NCo ."
1709,1885_Adam_Chair-molle_N.txt,"Dans la petite pièce soigneusement close , elle s' égayait , riait très haut , se grisait de champagne , semblait vouloir racheter la contrainte qu' elle s' était imposée .","dans le ADJ NC ADV ADJ , il se VSENT , VIMP très ADV , se VSENT de NC , sembler vouloir INF le NCo que il se être PPAS ."
1710,1885_Adam_Chair-molle_N.txt,"D' autres fois , Charles la menait , après le concert , dans les bals champêtres .","un autre fois , NP le VIMP , PHASE le NC , dans le NCmod ADJ ."
1711,1885_Adam_Chair-molle_N.txt,La foule lui trouvait une morgue invariable .,le NCs lui VIMP un NCo ADJ .
1712,1885_Adam_Chair-molle_N.txt,"Elle refusait se mêler à les danses , s' épanchait seulement tout bas en moqueries souriantes , sur l' air gêné de les jeunes gens et de leurs grisettes .","il VIMP se INF à le NC , se VIMP seulement tout ADJ en NC ADJ , sur le NCMAN VSENT de le ADJ NCmod et de DETPOSS NC ."
1713,1885_Adam_Chair-molle_N.txt,"Mais , lorsque l' orchestre avait achevé le quadrille de les lanciers , une grande partie de le public quittait le bal et Lucie restée seule avec les officiers et quelques jeunes riches , conduisait alors une joyeuse sarabande .","mais , lorsque le NCs avoir VASP le NCo de le NCmod , un ADJ NCs de le NCmod VIMP le NCo et NP PPAS ADJ avec le NC et quelque NC ADJ , VIMP alors un NCo ADJ ."
1714,1885_Adam_Chair-molle_N.txt,Toutes ses drôleries d' autrefois la reprenaient .,tout DETPOSS NCs de ADVT le VIMP .
1715,1885_Adam_Chair-molle_N.txt,"Elle feignait une griserie , et cette griserie , bientôt , s' emparait d' elle toute .","il VIMP un NCo , et ce NC , bientôt , se VIMP de il tout ."
1716,1885_Adam_Chair-molle_N.txt,"Ses yeux s' allumaient , une chaleur lui montait à les seins , avec de les chatouillements .","DETPOSS NCCOR se VIMP , un NCs lui VIMP à le NC , avec un le NC ."
1717,1885_Adam_Chair-molle_N.txt,"Soudain , elle était obligée à cesser ses gambades ; elle s' asseyait en croisant les jambes , en se penchant pour échauffer le froid insupportable qu' elle sentait à le ventre .","soudain , il être PPAS à VASP DETPOSS NCo ; il se VIMP en VCOG le NCCOR , en se PPRES pour INF le NCo ADJ que il sentir à le NCCOR ."
1718,1885_Adam_Chair-molle_N.txt,Un malaise général lui donnait le besoin de remuer sans cesse .,un NCSENT ADJ lui VIMP le NCo de INF sans NC .
1719,1885_Adam_Chair-molle_N.txt,"Et , quand enfin les musiciens partaient , leurs cuivres sous le bras , enroulant de les foulards autour de leur cou , elle empoignait nerveusement le bras de Charles , l' entraînait par les routes jusqu' à la ville , dans une fièvre .","et , quand PHASE le NCs VIMP , DETPOSS NCo sous le NCCOR , PPRES de le NC ADV de lui NCCOR , il VIMP ADVMAN le NCCOR de NP , le VIMP par le NC jusque à le NCmod , dans un VSENT ."
1720,1885_Adam_Chair-molle_N.txt,"C' est que Lucie , sous l' influence d' une vie nouvelle , était envahie lentement d' étranges désirs encore inéprouvés .","ce être que NP , sous le NC de un NCmod ADJ , être PPAS ADV de ADJ NCSENT encore ADJ ."
1721,1885_Adam_Chair-molle_N.txt,"D' abord , pour s' attacher l' amant , elle avait rappelé tous les souvenirs lascifs de le 7 .","de NC , pour se INF le NCo , il avoir PPAS tout le NCo ADJ de le NUM ."
1722,1885_Adam_Chair-molle_N.txt,"Elle avait cherché à provoquer les transports de l' officier , en simulant elle-même de pareils transports .","il avoir PPAS à INF le NCo de le NCmod , en PPRES elle-même de NC ADJ ."
1723,1885_Adam_Chair-molle_N.txt,"Comme autrefois , elle prenait de les poses alanguies , elle regardait l' homme amoureusement dans les yeux ; et , pour lui être plus agréable , elle s' ingéniait à feindre de les spasmes éperdus , qu' elle aurait voulu ressentir vraiment .","comme ADVT , il VIMP de le NC ADJ , il VCOG le NCo ADVMAN dans le NCCOR ; et , pour lui être plus ADJ , il se VIMP à INF de le NC ADJ , que il avoir vouloir VSENT ADVINT ."
1724,1885_Adam_Chair-molle_N.txt,"Mais peu à peu , cette feinte de la jouissance lui avait donné comme un besoin réel ; sa chair , longtemps soumise à les tempérances , s' était pour la première fois éveillée sous le brusque retour de pratiques érotiques .","mais peu à peu , ce NCs de le NCSENT lui avoir PPAS comme un NC ADJ ; DETPOSS NCCOR , longtemps PPAS à le NC , se être pour le ADJ fois PPAS sous le ADJ NC de NCmod ADJ ."
1725,1885_Adam_Chair-molle_N.txt,"Auparavant , elle n' avait connu de l' amour que la joie de se sentir caressée , adorée , étreinte ardemment ; elle avait ignoré toujours l' évanouissement suprême , et , maintenant , ces ivresses la prenaient enfin .","ADV , il ne avoir PPAS de le NCSENT que le NCSENT de se sentir PPAS , VSENT , PPAS ADVINT ; il avoir VCOG ADVTEMPS le NCo ADJ , et , ADVT , ce NCSENT le VIMP PHASE ."
1726,1885_Adam_Chair-molle_N.txt,Il lui semblait naître à un monde inconnu d' ineffables plaisirs .,il lui sembler INF à un NC ADJ de ADJ NCSENT .
1727,1885_Adam_Chair-molle_N.txt,"Bientôt la hantise de ces joies , l' attente de le moment exquis devinrent ses uniques préoccupations .","bientôt le NC de ce NCSENT , le NCs de le NCmod ADJ devenir DETPOSS ADJ NCSENT ."
1728,1885_Adam_Chair-molle_N.txt,"Elle ne pensait plus qu' à l' amour , saisie d' un étrange malaise , si elle en restait privée quelque temps .","il ne VCOG plus que à le NCSENT , PPAS de un ADJ NCSENT , si il en VIMP ADJ quelque temps ."
1729,1885_Adam_Chair-molle_N.txt,"Abandon d' elle-même complet , voluptueux , à ce mal .","NP de elle-même ADJ , ADJ , à ce mal ."
1730,1885_Adam_Chair-molle_N.txt,"Et , à minuit , lorsque le concert s' achevait , Lucie dans une grande hâte d' arriver chez elle , prenait la manche de son amant , le forçait à courir pour rentrer plus vite .","et , à NC , lorsque le NCs se VASP , NP dans un ADJ NC de INF chez il , VIMP le NCo de DETPOSS NCmod , le VIMP à INF pour INF plus ADV ."
1731,1885_Adam_Chair-molle_N.txt,"Dans la chambre , la porte à peine refermée , elle se collait à Charles , elle le serrait , elle l' entraînait sur le divan .","dans le NC , le NC à NCSENT PPAS , il se VIMP à NP , il le VIMP , il le VIMP sur le NC ."
1732,1885_Adam_Chair-molle_N.txt,"Puis le couvrant de son corps , elle mordait ses lèvres goulûment , avait de les baisers chauds où leurs langues s' enchevêtraient .","puis le NC de DETPOSS NCCOR , il VIMP DETPOSS NCCOR ADVMAN , avoir de le NC ADJ où DETPOSS NCCOR se VIMP ."
1733,1885_Adam_Chair-molle_N.txt,"Pour apaiser le froid qui la prenait , elle glissait les mains dans les amples manches de le dolman .","pour VSENT le NCo qui le VIMP , il VIMP le NCCOR dans le ADJ NC de le NCmod ."
1734,1885_Adam_Chair-molle_N.txt,"Sous les attouchement fiévreux de l' homme , ses yeux se fermaient , elle renversait la tête , elle se tordait , étirant les jambes , haletait par saccades .","sous le ADV ADJ de le NCmod , DETPOSS NCCOR se VIMP , il VIMP le NCCOR , il se VIMP , PPRES le NCCOR , VIMP par NC ."
1735,1885_Adam_Chair-molle_N.txt,"Alors la crise devenait plus forte ; c' était comme une pesanteur qui roulait dans son ventre , qui montait , laissant après elle un vide délicieux .","alors le NCs devenir plus fort ; ce être comme un NC qui VIMP dans DETPOSS NCCOR , qui VIMP , laisser PHASE il un NCo ADJ ."
1736,1885_Adam_Chair-molle_N.txt,"De le corsage déboutonné en hâte , les seins jaillissaient .","de le NC PPAS en NC , le NCs VIMP ."
1737,1885_Adam_Chair-molle_N.txt,"Et toujours l' étreinte devenait plus pressante jusque le moment où la fille s' affaissait , la bouche ouverte , les yeux noyés , proférant une plainte rauque .","et ADVTEMPS le NCs devenir plus ADJ jusque le NC où le NCs se VIMP , le NCCOR ADJ , le NCCOR ADJ , PPRES un NCo ADJ ."
1738,1885_Adam_Chair-molle_N.txt,"Conscience reprise , elle se trouvait sur le lit , à demi déshabillée , à le côté de Charles qui la considérait tendrement .","NC NCmod , il se VIMP sur le NC , à ADV PPAS , à le NC de NP qui le VIMP ADVMAN ."
1739,1885_Adam_Chair-molle_N.txt,"Elle l' embrassait encore , puis agenouillée sur la couverture , se dépouillant de ses derniers vêtements , de sa chemise qu' elle lançait à travers la chambre dans une rage muette , elle se ruait sur l' officier , l' égratignait , le mordait , irritée par ses aveux d' impuissance .","il le VIMP encore , puis PPAS sur le NC , se PPRES de DETPOSS ADJ NC , de DETPOSS NC que il VIMP à travers le NC dans un NCSENT ADJ , il se VIMP sur le NC , le VIMP , le NC , VSENT par DETPOSS NC de NCmod ."
1740,1885_Adam_Chair-molle_N.txt,"Jusque le matin elle se roulait ainsi , puis , lorsque le jour en éveil envoyait de les rayons anémiés dans la chambre , Lucie , éreintée enfin , s' abattait vers la ruelle pour s' avachir dans un sommeil lourd .","jusque le NCT il se VIMP ainsi , puis , lorsque le NCT en NCmod VIMP de le NC PPAS dans le NC , NP , PPAS PHASE , se VIMP vers le NC pour se INF dans un NC ADJ ."
1741,1885_Adam_Chair-molle_N.txt,"VIII Lucie Thirache avait ouvert la fenêtre et , accoudée à l' appui , elle regardait la place de le Marché devant elle .","NUM NP NP avoir PPAS le NCo et , PPAS à le NC , il VCOG le NCo de le NCmod ADVLIEU il ."
1742,1885_Adam_Chair-molle_N.txt,L' aube montante blanchissait la silhouette de les maisons .,le NCs ADJ VIMP le NCo de le NCmod .
1743,1885_Adam_Chair-molle_N.txt,La ville dormait .,le NCs VIMP .
1744,1885_Adam_Chair-molle_N.txt,"Nul bruit , sinon par instants le roulement d' une voiture , l' écho d' un pas dans le loin .","nul NC , ADV par NCmod le NC de un NCmod , le NC de un pas dans le ADVLIEU ."
1745,1885_Adam_Chair-molle_N.txt,"En bas , la place déserte gisait .","en NC , le NCs ADJ VIMP ."
1746,1885_Adam_Chair-molle_N.txt,"Un bouquet d' arbres , à le centre , semblait une tache , d' un vert sombre , frémissante .","un NCs de NCmod , à le NCmod , sembler un NCo , de un ADJCOL ADJ , ADJ ."
1747,1885_Adam_Chair-molle_N.txt,"Tout près la fenêtre , au-dessus de les tables à poissons , le toit de le marché étale un demi cercle d' ardoises et Lucie , levant les yeux , aperçoit au-delà les bâtiments de la caserne qui limitent la place : un mur de briques interminable , serti de travées en pierres blanches ; à le coin de le mur les barreaux d' une grille fermée contre laquelle un sergent adossé , semble dor-. mir ; la capote brune où s' enveloppe une sentinelle passe , repasse , d' un pas régulier et lent .","tout ADVLIEU le NCs , ADVLIEU de le NC à NCmod , le NC de le NCmod PRES un ADJ NCo de NCmod et NP , PPRES le NCCOR , PRES ADV le NCs de le NCmod qui PRES le NCo : un NCo de ADJCOL ADJ , NC de NCmod en NCmod ADJCOL ; à le NC de le NCmod le NC de un NCmod PPAS contre lequel un NCs ADJ , sembler dor-. NC ; le NCs ADJ où se PRES un ADJ NCs , PRES , de un pas ADJ et ADJ ."
1748,1885_Adam_Chair-molle_N.txt,"Lucie regardait cette grille par où son amant , tout à l' heure , était entré .","NP VCOG ce NCo par où DETPOSS NC , tout à le NCT , être PPAS ."
1749,1885_Adam_Chair-molle_N.txt,"Elle songeait : Charles allait partir à Dunkerque , pour les manœuvres .","il VIMP : NP aller INF à NP , pour le NC ."
1750,1885_Adam_Chair-molle_N.txt,Elle resterait seule tout un mois .,il VCOND ADJ tout un NCT .
1751,1885_Adam_Chair-molle_N.txt,Comme elle s' ennuierait !,comme il se VCOND !
1752,1885_Adam_Chair-molle_N.txt,"Plus de bal , plus d' amusement !","plus de NC , plus de NCSENT !"
1753,1885_Adam_Chair-molle_N.txt,"Finies les caresses , les heures passées à le lit , si folles en de les étreintes .","ADJ le NC , le NCT PPAS à le NC , si ADJ en de le NCmod ."
1754,1885_Adam_Chair-molle_N.txt,Avec Charles toutes les joies allaient s' enfuir .,avec NP tout le NCSENT aller se INF .
1755,1885_Adam_Chair-molle_N.txt,"À le loin , le beffroi lance les premières notes de son carillon , de les notes hésitantes et lourdes .","à le ADVLIEU , le NCs PRES le ADJ NCo de DETPOSS NCmod , de le NC ADJ et ADJ ."
1756,1885_Adam_Chair-molle_N.txt,"Déjà cinq heures , pense la fille ; ils vont partir bientôt .","déjà NUM NCT , VCOG le NCo ; il aller INF bientôt ."
1757,1885_Adam_Chair-molle_N.txt,"Dans là caserne , il y eut comme un réveil .","dans ADVLIEU ADJ , il y avoir comme un NC ."
1758,1885_Adam_Chair-molle_N.txt,Le sergent s' était dressé ; il avait ouvert la grille .,le NCs se être PPAS ; il avoir PPAS le NCo .
1759,1885_Adam_Chair-molle_N.txt,Et Lucie se penchant crut reconnaître son Charles parmi de les officiers rangès en cercle dans la cour .,et NP se PPRES ADV VCOG son NP parmi de le NC ADJ en NC dans le NCmod .
1760,1885_Adam_Chair-molle_N.txt,"Oh oui , c' était bien lui , le troisième , à gauche , tournant le dos , celui à la plus belle prestance .","INTJ oui , ce être bien lui , le NC , à NCmod , PPRES le NCCOR , celui à le plus ADJ NCmod ."
1761,1885_Adam_Chair-molle_N.txt,"Elle le vit échanger de les papiers avec un gros à jambes courtes , puis entrer bien vite dans le bâtiment .","il le PRES INF de le NC avec un NC à NCCOR ADJ , puis INF bien ADV dans le NC ."
1762,1885_Adam_Chair-molle_N.txt,"Cependant une rumeur vague s' élevait , comme un bruit de mouvements hâtifs .","cependant un NCs ADJ se VIMP , comme un NC de NCmod ADJ ."
1763,1885_Adam_Chair-molle_N.txt,"De les fenêtres s' ouvrant encadraient les têtes ensommeillées de soldats , qui serraient leurs gorges en de les cravates bleues .","de le NC se PPRES VIMP le NCCOR PPAS de NCmod , qui VIMP DETPOSS NCCOR en de le NC ADJCOL ."
1764,1885_Adam_Chair-molle_N.txt,Et de nouveau les clameurs s' apaisèrent ; la cour redevint déserte .,et de ADJ le NCs se VSENT ; le NCs VPS ADJ .
1765,1885_Adam_Chair-molle_N.txt,Il se fit un silence .,il se faire un NC .
1766,1885_Adam_Chair-molle_N.txt,Lucie rentra dans la chambre .,NP VPS dans le NC .
1767,1885_Adam_Chair-molle_N.txt,"Elle examina le lit , les oreillers déjetés , une cigarette oubliée sur la table .","il VPS le NCo , le NC PPAS , un NC VCOG sur le NC ."
1768,1885_Adam_Chair-molle_N.txt,"Elle se rappela cette dernière nuit , une nuit d' adieux qui avait été un long embrassement .","il se VPS ce ADJ NCT , un NCT de NCmod qui avoir être un ADJ NC ."
1769,1885_Adam_Chair-molle_N.txt,Sans doute Charles lassé aurait peine à faire un si long voyage .,sans NCSENT NP VSENT avoir NCSENT à faire un si ADJ NC .
1770,1885_Adam_Chair-molle_N.txt,Mais aussi comme il pourrait se reposer à Dunkerque .,mais aussi comme il pouvoir se INF à NP .
1771,1885_Adam_Chair-molle_N.txt,"Plus de femme , là , pour supprimer son sommeil .","plus de NC , ADVLIEU , pour INF DETPOSS NCo ."
1772,1885_Adam_Chair-molle_N.txt,Le pauvre garçon !,le ADJ NC !
1773,1885_Adam_Chair-molle_N.txt,Lui qui aimait tant se serrer à elle !,il qui VSENT tant se INF à il !
1774,1885_Adam_Chair-molle_N.txt,"Elle dormirait seule , elle aussi ; comme ce devait être ennuyeux ne plus se voir aimer , ne plus sentir en dormant le contact de les lèvres fines collées à sa chair .","il VIMP ADJ , il aussi ; comme ce devoir être ADJ ne plus se VCOG VSENT , ne plus sentir en PPRES le NCo de le NCCOR ADJ PPAS à DETPOSS NCCOR ."
1775,1885_Adam_Chair-molle_N.txt,C' était bien fini .,ce être bien PPAS .
1776,1885_Adam_Chair-molle_N.txt,Tous deux allaient rester sages durant un mois .,tout deux aller INF NCo durant un NCT .
1777,1885_Adam_Chair-molle_N.txt,Oh !,INTJ !
1778,1885_Adam_Chair-molle_N.txt,"certainement elle resterait sage , elle n' y voulait point même songer .","ADVINT il VCOND ADJ , il ne y vouloir ADV même INF ."
1779,1885_Adam_Chair-molle_N.txt,L' idée d' une infidélité faite à Charles lui paraissait monstrueuse .,le NCs de un NCmod faire à NP lui paraître ADJ .
1780,1885_Adam_Chair-molle_N.txt,"Elle entendait le bruit gagner la place , grandir .","il VCOG le NCo INF le NCo , INF ."
1781,1885_Adam_Chair-molle_N.txt,"C' était comme de les tâtonnements musicaux , de les sons de clairons , d' abord très courts , à de longs intervalles , ou sans fin prolongés ; de les coups de tambour répétés ; une rumeur de pas et de voix .","ce être comme de le NC ADJ , de le NC de NCmod , de NC très ADJ , à un ADJ NC , ou sans NC PPAS ; de le NC de NCmod PPAS ; un NC de pas et de NCMAN ."
1782,1885_Adam_Chair-molle_N.txt,"Lucie reprit sa place , à la fenêtre .","NP VPS DETPOSS NCo , à le NC ."
1783,1885_Adam_Chair-molle_N.txt,La cour maintenant était envahie : une foule rouge et bleue s' y pressait ; de les commandements étaient clamés .,le NCspas ADVT être PPAS : un NC ADJCOL et ADJCOL se y VIMP ; de le NCspas être PPAS .
1784,1885_Adam_Chair-molle_N.txt,"Mais , si elle restait seule , comme çà , à Arras , lui , peut-être , se collerait là-bas avec une autre femme ; puis , à le retour , il la pourrait lâcher , qui sait ?","mais , si il VIMP ADJ , comme NP , à NP , lui , peut-être , se VCOND ADVLIEU avec un autre NCmod ; puis , à le NC , il le pouvoir INF , qui VCOG ?"
1785,1885_Adam_Chair-molle_N.txt,oh !,INTJ !
1786,1885_Adam_Chair-molle_N.txt,"mais non , elle ne le voulait pas .","mais non , il ne le vouloir pas ."
1787,1885_Adam_Chair-molle_N.txt,"Elle l' irait rejoindre sûrement dans quelques jours , malgré sa défense .","il le aller INF ADVINT dans quelque NCT , malgré DETPOSS NC ."
1788,1885_Adam_Chair-molle_N.txt,"On les connaissait leurs défenses ; un prétexte pour se débarrasser d' une maîtresse , pour lui faire de les queues .","on le VIMP DETPOSS NCs ; un NC pour se INF de un NC , pour lui faire de le NC ."
1789,1885_Adam_Chair-molle_N.txt,"Subitement le tumulte cessa dans la caserne ; et bientôt , clairons et tambours éclatèrent , mariant leurs sons dans une mélopée invariable , qui par instants semblait vouloir s' éteindre et de nouveau reagissait infinie .","ADV le NCs VASP dans le NC ; et bientôt , NCs et NC VPS , PPRES DETPOSS NCo dans un NC ADJ , qui par NC sembler vouloir se INF et de ADJ VIMP NC ."
1790,1885_Adam_Chair-molle_N.txt,"De la grille , les lignards débouchèrent dans une marche automatique avec un rythme de pas cadencés , frappant le sol régulièrement .","de le NC , le NCs VPS dans un NC ADJ avec un NC de pas ADJ , frapper le NCo ADVTEMPS ."
1791,1885_Adam_Chair-molle_N.txt,"Ce fut d' abord l' avant-garde , une double rangée de soldats à barbe , la nuque courbée sous les rouleaux de les toiles à tente ; puis venaient les tambours qui , de le genou , à chaque pas , lançaient leurs caisses en avant ; puis les clairons enflant leurs joues sur l' embouchure de les cuivres .","ce être de NC le NC , un ADJ NC de NCmod à NCCOR , le NC PPAS sous le NC de le NCmod à NCmod ; puis venir le NCo qui , de le NCCOR , à chaque pas , VIMP DETPOSS NCo en PHASE ; puis le NCs PPRES DETPOSS NCo sur le NCmod de le NCmod ."
1792,1885_Adam_Chair-molle_N.txt,"Deux coups de grosse caisse , un court silence , et , tout à coup , sous la grille , la fanfare mugit , emplissant la place de sonorités brutales .","NUM NCmod de ADJ NCmod , un ADJ NC , et , tout à NC , sous le NC , le NCs VDIC , PPRES le NCo de NCmod ADJ ."
1793,1885_Adam_Chair-molle_N.txt,"Le régiment défilait , interminable ; un va-et-vient continu de manches bleues .","le NCs VIMP , ADJ ; un NC ADJ de NCmod ADJCOL ."
1794,1885_Adam_Chair-molle_N.txt,"Lucie voyait les soldats s' avancer , piétiner derrière le bouquet d' arbres , puis tourner , s' engager dans la rue de Châteaudun , à droite .","NP VCOG le NCo se INF , INF ADVLIEU le NC de NCmod , puis INF , se INF dans le NC de NP , à NC ."
1795,1885_Adam_Chair-molle_N.txt,"Elle les suivait de les yeux , curieuse , apercevait leurs dos alignés , les peaux fauves de les sacs , les gamelles brillant sous les premiers rayons de lumière .","il le VIMP de le NCCOR , ADJ , VIMP DETPOSS NCo PPAS , le NCCOR ADJCOL de le NCmod , le NCs PPRES sous le ADJ NC de NCmod ."
1796,1885_Adam_Chair-molle_N.txt,"Oui certainement , Charles allait faire la noce loin d' elle ; il l' oublierait .","oui ADVINT , NP aller faire le NCo ADVLIEU de il ; il le VCOG ."
1797,1885_Adam_Chair-molle_N.txt,"Les hommes , c' est si faux !","le NC , ce être si ADJ !"
1798,1885_Adam_Chair-molle_N.txt,"Sans compter que toutes les femmes l' aimaient , lui .","sans INF que tout le NCs le VIMP , lui ."
1799,1885_Adam_Chair-molle_N.txt,Oh !,INTJ !
1800,1885_Adam_Chair-molle_N.txt,"pour sûr , elle le rejoindrait !","pour ADJ , il le VCOND !"
1801,1885_Adam_Chair-molle_N.txt,"Et ses yeux revenaient à la grille , dans une impatience .","et DETPOSS NCCOR VIMP à le NC , dans un NCSENT ."
1802,1885_Adam_Chair-molle_N.txt,Il ne sortirait donc pas ?,il ne VCOND donc pas ?
1803,1885_Adam_Chair-molle_N.txt,Comme il tardait à passer !,comme il VIMP à INF !
1804,1885_Adam_Chair-molle_N.txt,"Oui , mais s' il croyait se débarrasser d' elle ainsi , il se mettait le doigt dans l' œil , un peu .","oui , mais si il VCOG se INF de il ainsi , il se mettre le NCCOR dans le NCmod , un peu ."
1805,1885_Adam_Chair-molle_N.txt,Ah !,INTJ !
1806,1885_Adam_Chair-molle_N.txt,"ça mais , il ne viendrait donc jamais ?","ça mais , il ne venir donc ADVTEMPS ?"
1807,1885_Adam_Chair-molle_N.txt,"Les officiers courbés sur l' encolure dandinante de leurs chevaux , dominaient les têtes de les soldats ficelées de jugulaires , cachetées de rouge .","le NCs PPAS sur le NC ADJ de DETPOSS NCmod , VIMP le NCCOR de le NCmod PPAS de NC , PPAS de ADJCOL ."
1808,1885_Adam_Chair-molle_N.txt,"Les lieutenants s' avançaient , les pélisses relevées sur l' épaule , pour laisser libre le balancement de le sabre à le bout d' un bras galonné .","le NCs se VIMP , le NCo PPAS sur le NCCOR , pour laisser ADJ le NCo de le NCmod à le NC de un NCCOR PPAS ."
1809,1885_Adam_Chair-molle_N.txt,"Enfin , Charles passa , flanquant une compagnie ; et , dans un sourire d' adieu , il sembla vouloir , une dernière fois , appuyer ses recommandations .","PHASE , NP VPS , PPRES un NCo ; et , dans un NCMAN de NCmod , il sembler vouloir , un ADJ fois , INF DETPOSS NCo ."
1810,1885_Adam_Chair-molle_N.txt,"Lucie , d' un signe , le rassura .","NP , de un NC , le VSENT ."
1811,1885_Adam_Chair-molle_N.txt,"Elle regarda longtemps , le vit entrer dans la rue , disparaître .","il VCOG longtemps , le VCOG INF dans le NC , INF ."
1812,1885_Adam_Chair-molle_N.txt,"Elle rentra dans la chambre et tout à coup , courut à la table pour vérifier le nombre de les louis que Charles et Emile avaient laissés , afin de satisfaire à les créanciers communs et à l' entretien de les deux femmes .","il VPS dans le NC et tout à NC , VPS à le NC pour INF le NCo de le NCmod que NP et NP avoir laisser , ADV de VSENT à le NC ADJ et à le NC de le NUM NCmod ."
1813,1885_Adam_Chair-molle_N.txt,"Un souvenir lui était venu d' avoir bousculé le guéridon dans la hâte de son lever et , très inquiète , craignant qu' une pièce ne se fut égarée , elle recompta l' argent plusieurs fois .","un NCs lui être venir de avoir PPAS le NCo dans le NC de DETPOSS NCmod et , très ADJ , VSENT que un NCs ne se être PPAS , il VPS le NCo plusieurs fois ."
1814,1885_Adam_Chair-molle_N.txt,"Elle pensa qu' on lui avait donné une sale corvée , dont on aurait bien pu charger Dosia .","il VCOG que on lui avoir PPAS un ADJ NCo , dont on avoir bien pouvoir INF NP ."
1815,1885_Adam_Chair-molle_N.txt,"Mais , ayant réfléchi qu' elle avait acquis la confiance de les deux hommes elle fut bientôt très flattée , heureuse de surpasser son amie en quelque point .","mais , avoir PPAS que il avoir PPAS le NCo de le NUM NCmod il être bientôt très ADJ , ADJ de INF DETPOSS NCo en quelque NC ."
1816,1885_Adam_Chair-molle_N.txt,"Non , décidément , elle n' irait pas à Dunkerque ; son obéissance justifierait cette confiance qu' on lui montrait ; elle suivrait les conseils de Charles , resterait à Arras , bien sage , sans bouger .","non , ADV , il ne aller pas à NP ; DETPOSS NCs VCOND ce NCo que on lui VCOND ; il VCOND le NCo de NP , VCOND à NP , bien ADJ , sans NC ."
1817,1885_Adam_Chair-molle_N.txt,"Après tout , ce n' était qu' une affaire de vingt jours , à le plus .","PHASE tout , ce ne être que un NC de NUM NCT , à le plus ."
1818,1885_Adam_Chair-molle_N.txt,Elle pouvait attendre .,il pouvoir INF .
1819,1885_Adam_Chair-molle_N.txt,"Et puis , c' était la promesse d' un libre repos ; et , souriante , elle confessa qu' elle en avait grand besoin .","et puis , ce être le NC de un ADJ NCmod ; et , ADJ , il VPS que il en avoir ADJ NCo ."
1820,1885_Adam_Chair-molle_N.txt,"Une dernière fois , elle se remit à la fenêtre .","un ADJ fois , il se PRES à le NC ."
1821,1885_Adam_Chair-molle_N.txt,"Les sons de la musique s' éteignaient ; elle percevait encore les roulements de les tambours , la cadence de les pas .","le NCs de le NCmod se VIMP ; il VCOG encore le NCo de le NCmod , le NC de le pas ."
1822,1885_Adam_Chair-molle_N.txt,"A l' entrée de la rue , elle vit le dos arrondi de le major , coupé d' une bandoulière rouge , la croupe de son cheval que la queue balayait .","à le NC de le NCmod , il VCOG le NCCOR NC de le NCmod , NC de un NCmod ADJCOL , le NC de DETPOSS NCmod que le NCs VIMP ."
1823,1885_Adam_Chair-molle_N.txt,"Elle suivit le cahotement de les voitures régimentaires , à les bâches vertes tremblotantes ; et la place se vida , reprit un air morne , ensommeillé .","il VPS le NCo de le NCmod ADJ , à le NC ADJCOL ADJ ; et le NCs se VPS , VPS un NCMAN ADJ , PPAS ."
1824,1885_Adam_Chair-molle_N.txt,"Mêlée à les derniers bruits lointains de le régiment en marche , une rumeur murmurante montait lentement dans la ville .","PPAS à le ADJ NC ADJ de le NCmod en NCmod , un NCs ADJ VIMP ADV dans le NC ."
1825,1885_Adam_Chair-molle_N.txt,"Lucie Thirache se recoucha , dormit toute la journée .","NP NP se VPS , VPS tout le NCT ."
1826,1885_Adam_Chair-molle_N.txt,"IX Après le départ de Charles , on vécut doucement , dans une somnolence béate .","NUM PHASE le NC de NP , on VPS ADVMAN , dans un NC ADJ ."
1827,1885_Adam_Chair-molle_N.txt,Les nuits de spasmes avaient épuisé la fille .,le NCT de NCmod avoir PPAS le NCo .
1828,1885_Adam_Chair-molle_N.txt,"Ses crises hystériques s' étaient atténuées , plus rares , et ce fut d' abord pour elle un étrange bien-être , dormir seule , longtemps .","DETPOSS NCs ADJ se être PPAS , plus ADJ , et ce être de NC pour il un ADJ NCSENT , INF ADJ , longtemps ."
1829,1885_Adam_Chair-molle_N.txt,Elle restait à le lit jusque l' heure de le dîner .,il VIMP à le NC jusque le NCT de le NCmod .
1830,1885_Adam_Chair-molle_N.txt,"Le soir , elle chantait paresseusement , impatiente de rentrer vite chez elle pour reprendre son sommeil .","le NCT , il VIMP ADVMAN , ADJ de INF ADV chez il pour INF DETPOSS NCo ."
1831,1885_Adam_Chair-molle_N.txt,"Elle était vraiment heureuse ; elle n' avait nul souci , elle ne devait plus orner les meubles , acheter de les fleurs et de les bibelots , veiller sans cesse à réjouir son amant .","il être ADVINT ADJ ; il ne avoir nul NCSENT , il ne devoir plus INF le NCo , INF de le NC et de le NC , INF sans NC à VSENT DETPOSS NCo ."
1832,1885_Adam_Chair-molle_N.txt,Ses rêveries elles-mêmes étaient devenues plus vagues .,DETPOSS NCspas soi-même être devenir plus ADJ .
1833,1885_Adam_Chair-molle_N.txt,"A peine , par instants , quelque regret de les joies enfuies , et vite , ces impressions s' effaçaient ; elle retombait dans sa torpeur satisfaite .","à NCSENT , par NCmod , quelque NCSENT de le NCSENT ADJ , et ADV , ce NCs se VIMP ; il VIMP dans DETPOSS NC ADJ ."
1834,1885_Adam_Chair-molle_N.txt,"Seule , la perspective de le retour de Charles lui apparaissait toujours comme un événement désirable .","NP , le NCs de le NCmod de NP lui VIMP ADVTEMPS comme un NC ADJ ."
1835,1885_Adam_Chair-molle_N.txt,"Un jour , bientôt , elle les retrouverait ces infinis plaisirs ; et , sans doute , ce repos absolu durant un mois , lui rendrait meilleures les caresses .","un NCT , bientôt , il le VCOND ce ADJ NCSENT ; et , sans NCSENT , ce NCs PPAS durant un NCT , lui VCOND meilleur le NCo ."
1836,1885_Adam_Chair-molle_N.txt,"Ainsi elle vivait , engourdie , contente .","ainsi il VIMP , NCo , ADJ ."
1837,1885_Adam_Chair-molle_N.txt,Mais elle fut distraite de cette insouciance par l' arrivée d' un comique engagé pour la saison d' été .,mais il être VSENT de ce NCSENT par le NC de un NCmod PPAS pour le NC de NCmod .
1838,1885_Adam_Chair-molle_N.txt,"Il s' intitulait Cretson , comique danseur , et à la porte de le café-concert , il avait fait établir un cadre contenant dix-huit photographies de sa personne dans dix-huit poses et dix-huit costumes différents .","il se VIMP NP , ADJ NC , et à le NC de le NCmod , il avoir faire INF un NCo PPRES NUM NCo de DETPOSS NCmod dans NUM NCmod et NUM NC ADJ ."
1839,1885_Adam_Chair-molle_N.txt,"Cet homme , aussitôt , était devenu l' ami de les deux chanteuses , et Dosia , venant chez Lucie , s' accompagnait toujours de ce collègue nouveau .","ce NCs , aussitôt , être devenir le NCo de le NUM NCmod , et NP , venir chez NP , se VIMP ADVTEMPS de ce NC ADJ ."
1840,1885_Adam_Chair-molle_N.txt,"Décidément , il était très drôle , amusant à le possible .","ADV , il être très ADJ , PPRES à le NC ."
1841,1885_Adam_Chair-molle_N.txt,"Dans une figure vieillotte , ridée , complètement glabre , deux petits yeux clairs sous de les arcades sans sourcils .","dans un NCCOR ADJ , PPAS , ADVINT ADJ , NUM ADJ NCCOR ADJ sous de le NC sans NCCOR ."
1842,1885_Adam_Chair-molle_N.txt,"Ces yeux s' écarquillaient en folles grimaces sur un nez aplati , souligné d' une bouche énorme sans cesse remuante .","ce NCCOR se VIMP en folle NC sur un NCCOR ADJ , PPAS de un NCCOR ADJ sans NC ADJ ."
1843,1885_Adam_Chair-molle_N.txt,"Point d' âge , peut-être point de sexe .","ADV de NC , peut-être NC de NCmod ."
1844,1885_Adam_Chair-molle_N.txt,"C' était dans la chambre de Lucie , un esclaffe-ment continu de les deux femmes , lorsque Creston , se promenant de long en large , allant de le lit à le canapé , agitant ses jambes moulées en un pantalon mauve , sautillant , lâchait un flot de paroles .","ce être dans le NC de NP , un NC ADJ de le NUM NCmod , lorsque NP , se PPRES de NC en NCmod , aller de le NC à le NCmod , PPRES DETPOSS NCCOR PPAS en un NC ADJ , PPRES , VIMP un NCo de NCmod ."
1845,1885_Adam_Chair-molle_N.txt,"Il jacassait de tout , il déballait une érudition étonnante .","il VIMP de tout , il VIMP un NCo ADJ ."
1846,1885_Adam_Chair-molle_N.txt,"Ses paroles dévalaient sans arrêt , avec de les inflexions grotesques , de les calembours , une débauche de cris et de gestes .","DETPOSS NCs VIMP sans NC , avec de le NC ADJ , de le NC , un NCo de NCmod et de NC ."
1847,1885_Adam_Chair-molle_N.txt,On n' était pas plus drôle .,on ne être pas plus ADJ .
1848,1885_Adam_Chair-molle_N.txt,"Lucie et Dosia s' émerveillaient , riaient , s' indignaient , craignaient l' interrompre , toutes à l' admiration de ce bagou .","NP et NP se VIMP , VIMP , se VIMP , VSENT le NCo , tout à le NCSENT de ce NCmod ."
1849,1885_Adam_Chair-molle_N.txt,"Et , lorsque l' homme était parti après avoir siroté plusieurs verres de punch ou de café , les deux femmes débordaient en éloges .","et , lorsque le NCs être PPAS PHASE avoir PPAS plusieurs NCo de NCmod ou de NC , le NUM NCs VIMP en NC ."
1850,1885_Adam_Chair-molle_N.txt,"Elles se communiquaient les mots retenus , leurs surprises joyeuses , ressassaient les plaisanteries de le comique .","il se VIMP le NCo PPAS , DETPOSS NCSENT ADJ , VIMP le NCo de le NCmod ."
1851,1885_Adam_Chair-molle_N.txt,"Insensiblement , Cretson devint pour Lucie un compagnon nécessaire ; elle avait un besoin de l' entendre toujours .","ADV , NP devenir pour NP un NC ADJ ; il avoir un NCo de le VCOG ADVTEMPS ."
1852,1885_Adam_Chair-molle_N.txt,"Et la fille eut une vraie douleur lorsque , un beau jour , il quitta la troupe , après une dispute très chaude avec Bronier .","et le NCs avoir un vrai NCSENT lorsque , un ADJ NCT , il VPS le NCo , PHASE un NC très ADJ avec NP ."
1853,1885_Adam_Chair-molle_N.txt,Il partit sans même dire un adieu à les chanteuses .,il VPS sans même VDIC un NCo à le NCmod .
1854,1885_Adam_Chair-molle_N.txt,"Lucie , restée seule encore une fois , voulut reprendre sa vie paresseuse de sommeil et d' avachissement .","NP , PPAS ADJ encore un fois , vouloir INF DETPOSS NCo ADJ de NCmod et de NC ."
1855,1885_Adam_Chair-molle_N.txt,Mais la société de le comique lui avait donné une irrésistible envie d' avoir quelqu'un près elle .,mais le NCs de le NCmod lui avoir PPAS un ADJ NCo de avoir quelqu'un ADVLIEU il .
1856,1885_Adam_Chair-molle_N.txt,Elle ne pouvait plus dormir .,il ne pouvoir plus INF .
1857,1885_Adam_Chair-molle_N.txt,Elle s' ennuyait affreusement à le lit .,il se VSENT ADV à le NC .
1858,1885_Adam_Chair-molle_N.txt,"Son existence lui apparaissait maintenant très vide , d' une monotonie désolante .","DETPOSS NCs lui VIMP ADVT très ADJ , de un NC ADJ ."
1859,1885_Adam_Chair-molle_N.txt,"Dosia elle-même ne la distrayait plus , cette fille s' était liée avec Madame Bronier qui , dans une toquade de vieille femme trop chaste , la poursuivait partout , et la comblait de cadeaux .","NP elle-même ne le VIMP plus , ce NCs se être PPAS avec madame NP qui , dans un NC de ADJ NCmod trop ADJ , le VIMP ADV , et le VSENT de NCmod ."
1860,1885_Adam_Chair-molle_N.txt,"Lucie , séparée de son amie , sentait croître encore l' ennui .","NP , PPAS de DETPOSS NC , sentir INF encore le NCSENT ."
1861,1885_Adam_Chair-molle_N.txt,Un désespoir .,un NCSENT .
1862,1885_Adam_Chair-molle_N.txt,"Elle sentait naitre en elle , et , malgré elle , une mauvaise humeur étrange .","il sentir INF en il , et , malgré il , un ADJ NC ADJ ."
1863,1885_Adam_Chair-molle_N.txt,"Une alternative constante de subits désirs et de subits dégoûts , lui faisait craindre que son caractère ne devînt versatile .","un NC ADJ de NCmod NCSENT et de NC NCSENT , lui faire VSENT que DETPOSS NCs ne PRES ADJ ."
1864,1885_Adam_Chair-molle_N.txt,"Et , à de les intervalles de plus en plus rapprochés , le frisson amoureux la saisissait .","et , à de le NC de plus en plus PPAS , le NCSENT ADJ le VIMP ."
1865,1885_Adam_Chair-molle_N.txt,"Elle comptait les jours , parfois elle songeait à lâcher le beuglant pour rejoindre Charles .","il VIMP le NCT , ADVTEMPS il VIMP à INF le NCo pour INF NP ."
1866,1885_Adam_Chair-molle_N.txt,Elle éprouvait un besoin croissant de l' homme .,il VSENT un NCo PPRES de le NC .
1867,1885_Adam_Chair-molle_N.txt,"X — Savez -vous que ça devient assommant votre baraque , Monsieur Huchez ; il n' y a plus un chat , déclarait un soir Lucie Thirache .","NC — VCOG vous que ça devenir PPRES DETPOSS NCo , monsieur NP ; il ne y avoir plus un NCo , VIMP un NCT NP NP ."
1868,1885_Adam_Chair-molle_N.txt,— Oh !,— INTJ !
1869,1885_Adam_Chair-molle_N.txt,"dame , que voulez -vous ?","NC , que vouloir vous ?"
1870,1885_Adam_Chair-molle_N.txt,"C' est la morte-saison ; c' est pour moi comme pour vous , n' est -ce pas ?","ce être le NC ; ce être pour soi comme pour vous , ne être ce pas ?"
1871,1885_Adam_Chair-molle_N.txt,"Elle vint s' asseoir , découragée , à les côtés de Dosia , qui babillait avec la directrice .","il venir se INF , VSENT , à le NC de NP , qui VIMP avec le NC ."
1872,1885_Adam_Chair-molle_N.txt,"Elle voulut se mêler à la conversation , mais ces dames échangeaient de les souvenirs sur de les lieux où elles avaient demeuré , et Lucie fut vite ennuyée , avec un mépris pour son amie , qui servilement écoutait les révélations de Mme Bronier sur Boulogne , une sale ville .","il vouloir se INF à le NC , mais ce NCs VIMP de le NC sur un le NCmod où il avoir PPAS , et NP être ADV VSENT , avec un NC pour DETPOSS NCmod , qui ADV VCOG le NCo de madame NP sur NP , un ADJ NC ."
1873,1885_Adam_Chair-molle_N.txt,"Dans un coin , de tout jeunes gens , de les collégiens sans doute , fumaient d' énormes cigares et s' allongeaient de les coups de badine sur les jambes .","dans un NC , de tout ADJ NC , de le NCmod sans NCSENT , VIMP de NC ADJ et se VIMP de le NC de NCmod sur le NCCOR ."
1874,1885_Adam_Chair-molle_N.txt,"A tous , Lucie désœuvrée trouvait un air bête .","à tout , NP PPAS VIMP un NCMAN ADJ ."
1875,1885_Adam_Chair-molle_N.txt,"Elle regardait la salle , passait en revue les murs , les becs de gaz , les tables .","il VCOG le NCo , VIMP en NC le NCo , le NC de NCmod , le NC ."
1876,1885_Adam_Chair-molle_N.txt,"Elle héla le garçon , se fit apporter une absinthe , puis , ce furent de les soins infinis à confectionner le breuvage : elle leva très haut la carafe , prenant intérêt à voir s' opaliser l' émeraude de la liqueur .","il VPS le NCo , se faire INF un NCo , puis , ce être de le NC ADJ à INF le NCo : il VPS très ADV le NCo , PPRES NCSENT à VCOG se INF le ADJCOL de le NCmod ."
1877,1885_Adam_Chair-molle_N.txt,"Elle chanta à son tour avec une nonchalance , simulant de les efforts pour se mettre debout .","il VPS à DETPOSS NC avec un NC , PPRES de le NC pour se mettre ADV ."
1878,1885_Adam_Chair-molle_N.txt,"Puis , elle sortit avide d' air , agacée .","puis , il VPS ADJ de NCMAN , VSENT ."
1879,1885_Adam_Chair-molle_N.txt,"Dans le café , près l' estrade , elle aperçut , en rentrant , un jeune homme installé .","dans le NC , ADVLIEU le NC , il VPS , en PPRES , un ADJ NCo PPAS ."
1880,1885_Adam_Chair-molle_N.txt,C' était un de les habitués les plus bruyants de la bande riche .,ce être un de le NCmod le plus ADJ de le NCmod ADJ .
1881,1885_Adam_Chair-molle_N.txt,"Dans un grand besoin de conversation , Lucie courut à lui : — Tiens !","dans un ADJ NC de NCmod , NP VPS à lui : — NP !"
1882,1885_Adam_Chair-molle_N.txt,"vous n' êtes pas à le bal , vous , on m' a dit que tous vos camarades y étaient partis .","vous ne être pas à le NC , vous , on lui avoir VDIC que tout DETPOSS NCs y être PPAS ."
1883,1885_Adam_Chair-molle_N.txt,"— Oh non , j' ai pas pu y aller .","— INTJ non , je avoir pas pouvoir y aller ."
1884,1885_Adam_Chair-molle_N.txt,Je me suis fait une foulure .,je me être faire un NCo .
1885,1885_Adam_Chair-molle_N.txt,"Levant la jambe , il montra son pied emmaillotté .","lever le NCCOR , il VPS DETPOSS NCCOR PPAS ."
1886,1885_Adam_Chair-molle_N.txt,— Tiens !,— tenir !
1887,1885_Adam_Chair-molle_N.txt,où est -ce que vous avez attrappé ça ?,où être ce que vous avoir PPAS ça ?
1888,1885_Adam_Chair-molle_N.txt,— C' est en sautant par-dessus de les rosiers dans le jardin de ma cousine .,— ce être en PPRES ADV de le NC dans le NC de DETPOSS NCmod .
1889,1885_Adam_Chair-molle_N.txt,Il y a un parterre qui en est plein .,il y avoir un NCo qui en être ADJ .
1890,1885_Adam_Chair-molle_N.txt,Alors j' ai voulu sauter .,alors je avoir vouloir INF .
1891,1885_Adam_Chair-molle_N.txt,Puis je ne sais pas comment que ça c' est fait ; probablement que je suis mal tombé .,puis je ne VCOG pas comment que ça ce être faire ; ADVINT que je être mal PPAS .
1892,1885_Adam_Chair-molle_N.txt,"— En v'là une idée aussi , de sauter par-dessus de les rosiers !","— en ADV un NC aussi , de INF ADV de le NC !"
1893,1885_Adam_Chair-molle_N.txt,— Peuh !,— INTJ !
1894,1885_Adam_Chair-molle_N.txt,Je saute souvent bien plus haut que ça .,je PRES ADVTEMPS bien plus ADJ que ça .
1895,1885_Adam_Chair-molle_N.txt,Oh !,INTJ !
1896,1885_Adam_Chair-molle_N.txt,"mais on a de le jarret , vous savez .","mais on avoir de le NC , vous VCOG ."
1897,1885_Adam_Chair-molle_N.txt,"Et il montrait ses cuisses énormes , étroitement serrées dans un pantalon rougeâtre .","et il VIMP DETPOSS NCCOR ADJ , ADV PPAS dans un NC ADJCOL ."
1898,1885_Adam_Chair-molle_N.txt,"Remontée sur l' estrade , Lucie examina le jeune homme avec une admiration pour sa force musculaire .","VSENT sur le NC , NP VPS le ADJ NCo avec un NCSENT pour DETPOSS NCSENT ADJ ."
1899,1885_Adam_Chair-molle_N.txt,Elle le considérait minutieusement .,il le VIMP ADV .
1900,1885_Adam_Chair-molle_N.txt,"Là , vrai , c' était un garçon joliment solide .","ADVLIEU , vrai , ce être un NC ADVINT ADJ ."
1901,1885_Adam_Chair-molle_N.txt,"Elle voyait son dos voûté , très large , tendant l' étoffe d' un veston vert , son col épais , sa petite tête , sous de les cheveux couleur de chanvre ; de les mains carrées à les doigts courts ; de les poignets forts .","il VCOG DETPOSS NCCOR PPAS , très ADJ , PPRES le NCo de un NCmod ADJCOL , DETPOSS NC ADJ , DETPOSS ADJ NCCOR , sous de le NCCOR NC de NCmod ; de le NCCOR PPAS à le NCCOR ADJ ; de le NCCOR fort ."
1902,1885_Adam_Chair-molle_N.txt,"Oui , c' était un fameux gars , bien laid , par exemple , avec son nez interminable qui semblait écraser une petite moustache blondasse , et de les yeux bêtes , d' un bleu sale , cernés en de les paupières rougies .","oui , ce être un ADJ NC , bien ADJ , par NC , avec DETPOSS NCCOR ADJ qui sembler INF un ADJ NCCOR ADJ , et de le NCCOR ADJ , de un ADJCOL ADJ , PPAS en un le NCCOR ADJ ."
1903,1885_Adam_Chair-molle_N.txt,"C' était dommage , un homme si bien bâti .","ce être ADJ , un NC si bien PPAS ."
1904,1885_Adam_Chair-molle_N.txt,Un désir la reprit de causer : — C' est à vous cette chaîne ?,un NCSENT le VPS de INF : — ce être à vous ce NC ?
1905,1885_Adam_Chair-molle_N.txt,Est -ce qu' elle est en or ?,être ce que il être en NC ?
1906,1885_Adam_Chair-molle_N.txt,"— Ça ; et , s' approchant encore à l' estrade , il montra l' objet .","— ça ; et , se PPRES encore à le NC , il VPS le NCo ."
1907,1885_Adam_Chair-molle_N.txt,"— Tiens , il y a un G sur le médaillon : vous vous appelez Georges ?","— NP , il y avoir un NCo sur le NCmod : vous vous PRES NP ?"
1908,1885_Adam_Chair-molle_N.txt,— Tout juste .,— tout ADV .
1909,1885_Adam_Chair-molle_N.txt,— Oh !,— INTJ !
1910,1885_Adam_Chair-molle_N.txt,"comme c' est lourd : ça doit coûter cher , hein ?","comme ce être ADJ : ça devoir INF ADJ , ADJ ?"
1911,1885_Adam_Chair-molle_N.txt,"— Je ne sais pas , c' est ma cousine qui me l' a donnée .","— je ne VCOG pas , ce être DETPOSS NC qui me le avoir PPAS ."
1912,1885_Adam_Chair-molle_N.txt,— Ah !,— INTJ !
1913,1885_Adam_Chair-molle_N.txt,Elle est jeune votre cousine ?,il être ADJ DETPOSS NC ?
1914,1885_Adam_Chair-molle_N.txt,"demanda Lucie , intriguée de voir ce nom revenir sans cesse dans les discours de l' homme .","VPS NP , VSENT de VCOG ce NCo INF sans NC dans le NC de le NCmod ."
1915,1885_Adam_Chair-molle_N.txt,— Ah oui !,— INTJ oui !
1916,1885_Adam_Chair-molle_N.txt,jeune !,ADJ !
1917,1885_Adam_Chair-molle_N.txt,"c' était comme on l' entendait ; pour une corneille , c' était l' adolescence ; enfin elle avait cinquante-deux ans .","ce être comme on le VCOG ; pour un NC , ce être le NC ; PHASE il avoir NUM NCT ."
1918,1885_Adam_Chair-molle_N.txt,Ils rirent beaucoup .,il VPS beaucoup .
1919,1885_Adam_Chair-molle_N.txt,Une familiarité naissait entre eux .,un NCs VIMP entre eux .
1920,1885_Adam_Chair-molle_N.txt,— Prenez-vous quelque chose ?,— Prenez-le quelque chose ?
1921,1885_Adam_Chair-molle_N.txt,offrit -il .,PRES il .
1922,1885_Adam_Chair-molle_N.txt,"— Volontiers : Jacques , une fine .","— NP : NP , un NC ."
1923,1885_Adam_Chair-molle_N.txt,— Et à moi une chope ?,— et à soi un NC ?
1924,1885_Adam_Chair-molle_N.txt,"oui , une chope .","oui , un NC ."
1925,1885_Adam_Chair-molle_N.txt,Lucie interrogeait Georges sur ses camarades ordinaires .,NP VDIC NP sur DETPOSS NC ADJ .
1926,1885_Adam_Chair-molle_N.txt,"Lui , tout en buvant , donnait de les détails .","il , tout en NC , VIMP de le NC ."
1927,1885_Adam_Chair-molle_N.txt,La fille était charmée de l' entendre accuser l' un et l' autre .,le NCspas être VSENT de le VCOG VDIC le un et le autre .
1928,1885_Adam_Chair-molle_N.txt,"Il devait avoir raison ; tous maintenant , lui semblaient ridicules .","il devoir avoir NCo ; tout ADVT , lui VIMP ADJ ."
1929,1885_Adam_Chair-molle_N.txt,"Georges , tout à coup , lui dit : — Mais vous devez joliment vous embêter , ici , maintenant ?","NP , tout à NC , lui VDIC : — mais vous devoir ADVINT vous VSENT , ADVLIEU , ADVT ?"
1930,1885_Adam_Chair-molle_N.txt,"— Oh pour ça , oui !","— INTJ pour ça , oui !"
1931,1885_Adam_Chair-molle_N.txt,Elle narra ses ennuis sans fin .,il VF DETPOSS NCSENT sans NC .
1932,1885_Adam_Chair-molle_N.txt,"Son amant était parti à les grandes manœuvres , elle restait seule avec Dosia , dans un trou comme Arras , une ville infecte .","DETPOSS NCs être PPAS à le ADJ NC , il VIMP ADJ avec NP , dans un NC comme NP , un NC ADJ ."
1933,1885_Adam_Chair-molle_N.txt,— Bah !,— INTJ !
1934,1885_Adam_Chair-molle_N.txt,c' est parce que vous ne savez pas vous y amuser .,ce être parce que vous ne VCOG pas vous y VSENT .
1935,1885_Adam_Chair-molle_N.txt,"Moi , toutes les après-midi , je vais en voiture à la campagne , à Baurains vous savez , dans la propriété de ma cousine .","soi , tout le NCT , je aller en NC à le NC , à NP vous VCOG , dans le NC de DETPOSS NCmod ."
1936,1885_Adam_Chair-molle_N.txt,Elle n' y est jamais ; ça fait que je m' amuse tant que je veux .,il ne y être ADVTEMPS ; ça faire que je le PRES tant que je vouloir .
1937,1885_Adam_Chair-molle_N.txt,"Vous devriez bien venir avec , moi , un jour ; ça fait que ça vous distrairait .","vous devoir bien venir avec , soi , un NCT ; ça faire que ça vous VCOND ."
1938,1885_Adam_Chair-molle_N.txt,Voulez -vous que nous y allions ensemble demain ?,vouloir vous que nous y aller ADV ADVT ?
1939,1885_Adam_Chair-molle_N.txt,"— Eh bien , et mon amie ?","— INTJ bien , et DETPOSS NC ?"
1940,1885_Adam_Chair-molle_N.txt,je ne peux pas la laisser seule .,je ne pouvoir pas le laisser ADJ .
1941,1885_Adam_Chair-molle_N.txt,"— La grosse , là-bas , Dosia ?","— le ADJ , ADVLIEU , NP ?"
1942,1885_Adam_Chair-molle_N.txt,Eh bien vous l' emmènerez ; plus on est de fous plus on rit .,INTJ bien vous le PRES ; plus on être de ADV plus on PRES .
1943,1885_Adam_Chair-molle_N.txt,"Dosia , consultée , ne demandait pas mieux ; seulement elle craignait être vue , avait peur qu' on ne racontât l' histoire à Emile et à Charles .","NP , PPAS , ne VIMP pas mieux ; seulement il VSENT être VCOG , avoir NCSENT que on ne VSUBI le NCo à NP et à NP ."
1944,1885_Adam_Chair-molle_N.txt,— Bah !,— INTJ !
1945,1885_Adam_Chair-molle_N.txt,Ils n' en sauront rien !,il ne en VF rien !
1946,1885_Adam_Chair-molle_N.txt,"Et puis , d' abord , il n' y a pas de mal .","et puis , de NC , il ne y avoir pas un mal ."
1947,1885_Adam_Chair-molle_N.txt,Elles acceptèrent avec un remerciement .,il VPS avec un NC .
1948,1885_Adam_Chair-molle_N.txt,"— Alors c' est entendu , n' est -ce pas ?","— alors ce être VCOG , ne être ce pas ?"
1949,1885_Adam_Chair-molle_N.txt,"Demain , à deux heures , à la porte Ronville .","ADVT , à NUM NCT , à le NC NP ."
1950,1885_Adam_Chair-molle_N.txt,Bonsoir .,NP .
1951,1885_Adam_Chair-molle_N.txt,"Lorsqu' il fut sorti , les deux femmes se regardèrent un instant .","lorsque il être PPAS , le NUM NCs se VCOG un NCo ."
1952,1885_Adam_Chair-molle_N.txt,"Et Nina , devinant une question dans les yeux de sa compagne , la rassura en riant : — Oh non !","et NP , VCOG un NCo dans le NCCOR de DETPOSS NCmod , le VF en PPRES : — INTJ non !"
1953,1885_Adam_Chair-molle_N.txt,"alors , il n' y a pas de danger ; tu ne l' as donc pas regardé ?","alors , il ne y avoir pas un NCo ; je ne le avoir donc pas VCOG ?"
1954,1885_Adam_Chair-molle_N.txt,Oh non !,INTJ non !
1955,1885_Adam_Chair-molle_N.txt,il est trop laid et puis trop bête !,il être trop ADJ et puis trop ADJ !
1956,1885_Adam_Chair-molle_N.txt,"... XI Par un après-midi de soleil , Dosia marchait pensive dans la rue de les Gaughiers .","... NUM par un NCT de NCmod , NP VIMP NCo dans le NC de le NP ."
1957,1885_Adam_Chair-molle_N.txt,"Elle était allée passer une semaine à Bourges , espérant trouver une place pour elle-même et pour Nina , dans cette ville où les deux officiers , leurs amants , devaient bientôt tenir garnison .","il être aller INF un NCo à NP , VCOG INF un NCo pour elle-même et pour NP , dans ce NC où le NUM NCs , DETPOSS NCs , devoir bientôt INF NCo ."
1958,1885_Adam_Chair-molle_N.txt,"Et , désolée à le souvenir de son insuccès , elle longeait les maisons de la rue , dans une hâte de conter tout à son amie .","et , VSENT à le NC de DETPOSS NCmod , il VIMP le NCo de le NCmod , dans un NC de INF tout à DETPOSS NC ."
1959,1885_Adam_Chair-molle_N.txt,"À le coin de le Marché-aux-Poissons , elle tourna , passa devant les pierres d' étal où gisaient encore de les détritus puants ; puis , enfilant le couloir sombre , elle monta chez Lucie .","à le NC de le NP , il VPS , VPS ADVLIEU le NC de NCmod où VIMP encore de le NC ADJ ; puis , PPRES le NCo ADJ , il VPS chez NP ."
1960,1885_Adam_Chair-molle_N.txt,La clef était sur la porte .,le NCs être sur le NC .
1961,1885_Adam_Chair-molle_N.txt,"Elle ouvrit et , à le premier coup d' œil , elle tressaillit , surprise .","il VPS et , à le ADJ NC de NCmod , il VPS , NCSENT ."
1962,1885_Adam_Chair-molle_N.txt,"Sous la table un chien s' étirait , la regardait de ses yeux sombres , remuait la queue .","sous le NC un NCs se VIMP , le VCOG de DETPOSS NCCOR ADJ , VIMP le NCo ."
1963,1885_Adam_Chair-molle_N.txt,"À le mur un ful ; une carnassière étalée sur le guéridon et , sur le parquet , de grosses bottes embouées .","à le NC un NC ; un NC PPAS sur le NC et , sur le NC , un ADJ NC PPAS ."
1964,1885_Adam_Chair-molle_N.txt,"Effarée , elle s' avança vers le lit , et son étonnement alla à le paroxysme en découvrant la blafarde figure de Georges , le jeune homme de la partie de campagne .","PPAS , il se VPS vers le NC , et DETPOSS NCSENT aller à le NC en VCOG le ADJ NCCOR de NP , le ADJ NC de le NCmod de NCmod ."
1965,1885_Adam_Chair-molle_N.txt,Lui aussitôt s' écria : — Tiens ?,il aussitôt se VPS : — ADJ ?
1966,1885_Adam_Chair-molle_N.txt,Je croyais que c' était Nina .,je VIMP que ce être NP .
1967,1885_Adam_Chair-molle_N.txt,— Où est -elle ?,— où être il ?
1968,1885_Adam_Chair-molle_N.txt,demanda brièvement la chanteuse .,VPS ADV le NCo .
1969,1885_Adam_Chair-molle_N.txt,"L' homme avait lâché son journal et , la pipe à la main , il la fixait de ses yeux bêtes , bordés de rouge .","le NCs avoir PPAS DETPOSS NCo et , le NC à le NCCOR , il le VIMP de DETPOSS NCCOR ADJ , PPAS de ADJCOL ."
1970,1885_Adam_Chair-molle_N.txt,"— Je l' ai envoyée chercher de le rhum à le café à côté , vous savez , à le coin de la rue .","— je le avoir PPAS INF de le NC à le NC à NC , vous VCOG , à le NC de le NCmod ."
1971,1885_Adam_Chair-molle_N.txt,"— C' est bon ; je vais la rejoindre , grommela Dosia .","— ce être ADJ ; je aller le INF , NP NP ."
1972,1885_Adam_Chair-molle_N.txt,"Elle fit claquer la porte avec bruit , descendit l' escalier et se heurta dans la rue à Lucie qui revenait — Tiens !","il faire INF le NCo avec NCmod , VPS le NCo et se VSENT dans le NC à NP qui VIMP — NP !"
1973,1885_Adam_Chair-molle_N.txt,te v'là ?,me ADV ?
1974,1885_Adam_Chair-molle_N.txt,"fit celle-ci , essayant tendre les mains sous ses paquets .","faire celui-ci , PPRES INF le NCCOR sous DETPOSS NCmod ."
1975,1885_Adam_Chair-molle_N.txt,"Mais l' autre , sans répondre à ce geste , clama furieuse : — Tu es folle , n' est -ce pas ?","mais le autre , sans VDIC à ce NC , DETPOSS NC : — je être ADJ , ne être ce pas ?"
1976,1885_Adam_Chair-molle_N.txt,C' est idiot ce que tu fais là .,ce être ADJ ce que je faire ADVLIEU .
1977,1885_Adam_Chair-molle_N.txt,"Comment , tu as un amant qui te donne tout ce qu' il te faut et tu lui fais la queue comme ça , avec le premier imbécile venu !","comment , je avoir un NCo qui me PRES tout ce que il me PRES et je lui faire le NCo comme ça , avec le ADJ NC venir !"
1978,1885_Adam_Chair-molle_N.txt,"Ben vrai , si on m' avait dit ça !","NP vrai , si on lui avoir VDIC ça !"
1979,1885_Adam_Chair-molle_N.txt,"Tu devrais pourtant faire un peu attention à toi , après tout ce qui t' est arrivé !","je VCOND pourtant faire un peu NCo à soi , PHASE tout ce qui le être PPAS !"
1980,1885_Adam_Chair-molle_N.txt,"Lucie Thirache resta étourdie sous ces reproches , répétant : — Ben , quoi ?","NP NP VPS NCo sous ce NC , PPRES : — NP , quoi ?"
1981,1885_Adam_Chair-molle_N.txt,Qu' est -ce que t' as ?,que être ce que NUM avoir ?
1982,1885_Adam_Chair-molle_N.txt,"— Oui , oui , tu sais bien ce que j' ai .","— oui , oui , je VCOG bien ce que je avoir ."
1983,1885_Adam_Chair-molle_N.txt,Et cette espèce d' abruti qui est là-haut dans ton lit ?,et ce espèce de NCmod qui être ADVLIEU dans DETPOSS NC ?
1984,1885_Adam_Chair-molle_N.txt,"Alors Lucie , injuriée , se révolta : — Abruti !","alors NP , VDIC , se VSENT : — NP !"
1985,1885_Adam_Chair-molle_N.txt,"Il l' est moins que toi , abruti , pour sûr !","il le être moins que soi , PPAS , pour ADJ !"
1986,1885_Adam_Chair-molle_N.txt,"Et puis , d' abord , est -ce que je suis pas libre ?","et puis , de NC , être ce que je être pas ADJ ?"
1987,1885_Adam_Chair-molle_N.txt,Ça te regarde pas .,ça me VCOG pas .
1988,1885_Adam_Chair-molle_N.txt,"Et puis , t' as pas besoin de gueuler comme ça , pour ameuter le monde .","et puis , le avoir pas NC de VDIC comme ça , pour INF le NCo ."
1989,1885_Adam_Chair-molle_N.txt,"Soudain elle se radoucit , donna de les raisons .","soudain il se VSENT , VPS de le NC ."
1990,1885_Adam_Chair-molle_N.txt,"Elle s' en fichait pas mal , elle , de son amant .","il se en VIMP pas mal , il , de DETPOSS NC ."
1991,1885_Adam_Chair-molle_N.txt,Il pouvait bien la lâcher .,il pouvoir bien le INF .
1992,1885_Adam_Chair-molle_N.txt,"Elle saurait en trouver d' autres ; de les hommes , ça avait toujours besoin de femmes .","il VCOND en INF un autre ; de le NC , ça avoir ADVTEMPS NCo de NCmod ."
1993,1885_Adam_Chair-molle_N.txt,"Et , avec une désinvolture insouciante , elle ajouta : — Et puis , tu sais , tant pis .","et , avec un NC ADJ , il VPS : — et puis , je PRES , tant ADJ ."
1994,1885_Adam_Chair-molle_N.txt,"Moi je m' embête , je veux m' amuser un peu .","soi je se VSENT , je vouloir se VSENT un peu ."
1995,1885_Adam_Chair-molle_N.txt,Si tu crois que c' est drôle de rester toujours seule .,si je VCOG que ce être ADJ de INF ADVTEMPS ADJ .
1996,1885_Adam_Chair-molle_N.txt,"D' abord , j' ai besoin d' hommes ; vois -tu , ça m' a repris .","de NC , je avoir NCo de NCmod ; NCs tu , ça lui avoir PPAS ."
1997,1885_Adam_Chair-molle_N.txt,Va rejoindre Charles .,NP INF NP .
1998,1885_Adam_Chair-molle_N.txt,— Et de l' argent ?,— et de le NC ?
1999,1885_Adam_Chair-molle_N.txt,— Tu en prendras sur celui qu' ils ont laissé .,— je en NCmod sur celui que il avoir laisser .
2000,1885_Adam_Chair-molle_N.txt,"— Oui , je t' en flanque : n- i ni , c' est fini !","— oui , je lui en NC : n- i ni , ce être ADJ !"
2001,1885_Adam_Chair-molle_N.txt,Il n' y en a plus .,il ne y en avoir plus .
2002,1885_Adam_Chair-molle_N.txt,"Tiens , je viens de changer la dernière pièce de cinq francs , il reste douze sous .","tenir , je venir de INF le ADJ NCo de NUM NCmod , il PRES NUM NCs ."
2003,1885_Adam_Chair-molle_N.txt,— Tu as tout payé à le moins ?,— je avoir tout PPAS à le moins ?
2004,1885_Adam_Chair-molle_N.txt,"— Mais non , tu es sotte !","— mais non , je être NC !"
2005,1885_Adam_Chair-molle_N.txt,"Je l' ai dépensé , celui-là et puis d' autre encore .","je le avoir PPAS , celui-là et puis de autre encore ."
2006,1885_Adam_Chair-molle_N.txt,"Depuis que tu es partie , Charles m' a encore envoyé de l' argent , je lui avais écrit de les blagues , il a mangé la carotte ; et puis , je viens encore de lui écrire , il y a deux jours , que j' avais perdu mon porte-monnaie , qu' il me fallait de l' argent tout de suite ; même que ça m' épate joliment qu' il ne réponde pas .","depuis que je être NC , NP le avoir encore PPAS de le NCo , je lui avoir PPAS de le NC , il avoir PPAS le NCo ; et puis , je venir encore de lui INF , il y avoir NUM NCT , que je avoir PPAS DETPOSS NCo , que il me VIMP de le NC tout de NCmod ; même que ça le PRES ADVINT que il ne VDIC pas ."
2007,1885_Adam_Chair-molle_N.txt,"— Eh bien , vrai , ma fille , tu vas bien .","— INTJ bien , vrai , DETPOSS NC , je ADV bien ."
2008,1885_Adam_Chair-molle_N.txt,C' est de le propre .,ce être de le ADJ .
2009,1885_Adam_Chair-molle_N.txt,Et comment que t' as fait pour dépenser tout cet argent -là ?,et comment que le avoir faire pour INF tout ce NCo ADVLIEU ?
2010,1885_Adam_Chair-molle_N.txt,— Est -ce que je sais moi ?,— être ce que je VCOG soi ?
2011,1885_Adam_Chair-molle_N.txt,C' est parti tout seul ... Ah !,ce être PPAS tout ADJ ... NP !
2012,1885_Adam_Chair-molle_N.txt,d' abord j' ai payé le cornac .,de NC je avoir PPAS le NCo .
2013,1885_Adam_Chair-molle_N.txt,— Payé quoi ?,— PPAS quoi ?
2014,1885_Adam_Chair-molle_N.txt,— Mon dédit donc .,— DETPOSS NC donc .
2015,1885_Adam_Chair-molle_N.txt,Tu ne sais pas : j' ai lâché la compagnie de plusieurs crans .,je ne VCOG pas : je avoir PPAS le NCo de plusieurs NCmod .
2016,1885_Adam_Chair-molle_N.txt,Oh !,INTJ !
2017,1885_Adam_Chair-molle_N.txt,"j' en avais plein le dos à la fin , ce qu' on s' y embêtait dans cette baraque -là !","je en avoir ADJ le NCCOR à le NC , ce que on se y VSENT dans ce NC ADVLIEU !"
2018,1885_Adam_Chair-molle_N.txt,— Ah !,— INTJ !
2019,1885_Adam_Chair-molle_N.txt,tu ne chantes plus .,je ne ADJ plus .
2020,1885_Adam_Chair-molle_N.txt,"Allons , c' est très bien ; tu espères vivre de tes rentes , comme ça ?","NP , ce être très bien ; je NCs PRES un DETPOSS NC , comme ça ?"
2021,1885_Adam_Chair-molle_N.txt,"Et le reste de l' argent , qu' est -ce que tu en as fait ?","et le NCs de le NCmod , que être ce que je en avoir faire ?"
2022,1885_Adam_Chair-molle_N.txt,"— Rien , je te dis .","— rien , je me VDIC ."
2023,1885_Adam_Chair-molle_N.txt,J' ai fait la noce avec Georges .,je avoir faire le NCo avec NP .
2024,1885_Adam_Chair-molle_N.txt,"Et puis , nous avons bu de le Champagne ... Ah !","et puis , nous avoir PPAS de le NP ... INTJ !"
2025,1885_Adam_Chair-molle_N.txt,"tu sais que nous sommes allés à Lille , avant-hier , pour voir une actrice de Paris qui joue rudement bien , j' ai pleuré tout le temps .","je VCOG que nous être aller à NP , NCmod , pour VCOG un NCo de NP qui PRES ADVMAN bien , je avoir PPAS tout le temps ."
2026,1885_Adam_Chair-molle_N.txt,"Et puis après , j' ai acheté une boîte de cigares , il n' en restait plus de ceux de Charles .","et puis PHASE , je avoir PPAS un NCo de NCmod , il ne en VIMP plus de celui de NP ."
2027,1885_Adam_Chair-molle_N.txt,Oh !,INTJ !
2028,1885_Adam_Chair-molle_N.txt,il va faire une bonne tête Charles quand il reviendra !,il aller faire un ADJ NCCOR NP quand il VF !
2029,1885_Adam_Chair-molle_N.txt,Cette idée l' égaya fort .,ce NCs le VPS fort .
2030,1885_Adam_Chair-molle_N.txt,"Pour s' expliquer plus à l' aise , elle avait déposé sur l' appui d' une fenêtre les bouteilles et les paquets qui encombraient ses mains ; et elle pirouettait , riait , amusée par l' étonnement de Dosia .","pour se VDIC plus à le NC , il avoir PPAS sur le NC de un NCmod le NC et le NC qui VIMP DETPOSS NCCOR ; et il VIMP , VIMP , VSENT par le NCSENT de NP ."
2031,1885_Adam_Chair-molle_N.txt,Celle-ci continuait ses reproches .,celui-ci VIMP DETPOSS NCo .
2032,1885_Adam_Chair-molle_N.txt,"Non , vraiment , elle n' en revenait pas .","non , ADVINT , il ne en VIMP pas ."
2033,1885_Adam_Chair-molle_N.txt,"Ce n' était plus sa petite Nina d' autrefois , si sage , si disposée à bien faire .","ce ne être plus DETPOSS ADJ NP de ADVT , si ADJ , si PPAS à bien faire ."
2034,1885_Adam_Chair-molle_N.txt,C' était rudement bête de se laisser enjôler comme ça par un pareil type .,ce être ADVMAN ADJ de se laisser VSENT comme ça par un NC NC .
2035,1885_Adam_Chair-molle_N.txt,"Et elle le dénigrait , affirmant : — Ah ça , mais tu ne vois donc pas que c' est un maquereau , ton Georges .","et il le NCo , PPRES : — INTJ ça , mais je ne ADJ donc pas que ce être un NC , NC NP ."
2036,1885_Adam_Chair-molle_N.txt,— Oh !,— INTJ !
2037,1885_Adam_Chair-molle_N.txt,"non , voyons , le pauvre garçon .","non , VCOG , le ADJ NC ."
2038,1885_Adam_Chair-molle_N.txt,C' est pas de sa faute .,ce être pas de DETPOSS NC .
2039,1885_Adam_Chair-molle_N.txt,Qu' est -ce que tu veux ?,que être ce que je vouloir ?
2040,1885_Adam_Chair-molle_N.txt,"Son père lui donne cinquante francs par mois , pour s' amuser .","DETPOSS NCs lui PRES NUM NCo par NCT , pour se VSENT ."
2041,1885_Adam_Chair-molle_N.txt,"Il m' en a encore donné vingt , l' autre jour .","il lui en avoir encore PPAS NUM , le autre NCT ."
2042,1885_Adam_Chair-molle_N.txt,"Faut bien qu' il lui reste quelque chose pour aller son mois ; tu ne voudrais pas que je lui prenne tout , voyons .","falloir bien que il lui PRES quelque chose pour aller DETPOSS NCT ; je ne vouloir pas que je lui VSUBP tout , VCOG ."
2043,1885_Adam_Chair-molle_N.txt,"— Oui , oui , ça ne fait rien ; c' est tout de même pas chic de le tout ce que tu fais là .","— oui , oui , ça ne faire rien ; ce être tout de même pas ADJ de le tout ce que je faire ADVLIEU ."
2044,1885_Adam_Chair-molle_N.txt,"Non , vrai , ce n' est pas chic , tu sais , j' aurais jamais cru ça de toi .","non , vrai , ce ne être pas ADJ , je VCOG , je avoir ADVTEMPS PPAS ça de soi ."
2045,1885_Adam_Chair-molle_N.txt,— Ah !,— INTJ !
2046,1885_Adam_Chair-molle_N.txt,"flûte , tiens , tu m' embêtes !","NC , NC , je le PRES !"
2047,1885_Adam_Chair-molle_N.txt,"Et , tournant le dos à Dosia , Lucie Thirache reprit les objets qu' elle avait déposés sur la fenêtre , et rentra vite dans la maison , toute fâchée .","et , PPRES le NCCOR à NP , NP NP VPS le NCo que il avoir PPAS sur le NC , et VPS ADV dans le NC , toute VSENT ."
2048,1885_Adam_Chair-molle_N.txt,« Flûte !,""" NP !"
2049,1885_Adam_Chair-molle_N.txt,"» c' était maintenant son grand mot , comme sa devise .",""" ce être ADVT DETPOSS ADJ NC , comme DETPOSS NCmod ."
2050,1885_Adam_Chair-molle_N.txt,"Elle le répétait sans cesse , affichant une complète insouciance pour tout ce qui n' était pas son plaisir .","il le VIMP sans NC , PPRES un ADJ NCSENT pour tout ce qui ne être pas DETPOSS NCSENT ."
2051,1885_Adam_Chair-molle_N.txt,"L' hystérie , ravivée par une continence de quelques jours , un ennui insurmontable , l' avaient jetée dans les bras de Georges .","le NCs , PPAS par un NC de quelque NCT , un NCSENT ADJ , le avoir PPAS dans le NCCOR de NP ."
2052,1885_Adam_Chair-molle_N.txt,"Elle lui avait cédé aussitôt , sans réflexion .","il lui avoir PPAS aussitôt , sans NC ."
2053,1885_Adam_Chair-molle_N.txt,"Elle épuisait ce mâle robuste , lui préparait , elle-même , de les mets excitants , l' entretenait dans un rut continu .","il VIMP ce NCo ADJ , lui VIMP , elle-même , de le NC ADJ , le VIMP dans un NC ADJ ."
2054,1885_Adam_Chair-molle_N.txt,Cette occupation l' avait tout absorbée .,ce NCs le avoir tout PPAS .
2055,1885_Adam_Chair-molle_N.txt,Elle vivait indifférente de le lendemain .,il VIMP ADJ de le NC .
2056,1885_Adam_Chair-molle_N.txt,XII Lucie ne revit plus son amie .,NUM NP ne PRES plus DETPOSS NCo .
2057,1885_Adam_Chair-molle_N.txt,"Maintenant elle restait chez elle tout le jour avec son Georges , se gorgeant de liqueurs et de sucreries .","ADVT il VIMP chez il tout le NCT avec son NP , se PPRES de NC et de NC ."
2058,1885_Adam_Chair-molle_N.txt,"Elle ne s' intéressait plus à orner sa chambre ; sur le parquet , sur les meubles , partout traînaient de les litres , de les assiettes sales en piles , pleines d' os rongés , de couennes roulées en spirales .","il ne se VSENT plus à INF DETPOSS NCo ; sur le NC , sur le NC , ADV VIMP de le NC , de le NCmod ADJ en NCmod , NC de NCmod VSENT , de NCmod PPAS en NC ."
2059,1885_Adam_Chair-molle_N.txt,"Un vendredi matin , la fille était assise sur le lit , débraillée .","un ADVT NCT , le NCspas être PPAS sur le NC , PPAS ."
2060,1885_Adam_Chair-molle_N.txt,"Georges se vautrait dans le canapé , écrasant un amas de robes , de les couvertures jetées là , à le hasard .","NP se VIMP dans le NC , PPRES un NCo de NCmod , de le NC PPAS ADVLIEU , à le NC ."
2061,1885_Adam_Chair-molle_N.txt,"Il était en chemise , dans un pantalon déboutonné , et fumait en une pipe de terre brune , sans dire un mot .","il être en NC , dans un NCmod PPAS , et VIMP en un NC de NCmod ADJ , sans VDIC un NCo ."
2062,1885_Adam_Chair-molle_N.txt,"De la rue , de le marché voisin , une rumeur montait , incessante , apportant vaguement les cris de les poissonniers mêlés à les glapissements de les marchandes .","de le NC , de le NCmod ADJ , un NCs VIMP , ADJ , PPRES ADV le NCo de le NCmod PPAS à le NC de le NCmod ."
2063,1885_Adam_Chair-molle_N.txt,"Tout à coup , Lucie , qui sirotait un verre de punch , leva la tête .","tout à NC , NP , qui VIMP un NCo de NCmod , VPS le NCCOR ."
2064,1885_Adam_Chair-molle_N.txt,"— Dis donc Georges , et les mouchoirs de Charles , les as -tu rapportés ?","— dis donc NP , et le NC de NP , le NC il PPAS ?"
2065,1885_Adam_Chair-molle_N.txt,"— Bah , c' est pas la peine , ils sont tout déchirés .","— INTJ , ce être pas le NCSENT , il être tout PPAS ."
2066,1885_Adam_Chair-molle_N.txt,"— Allons bon , qu' est -ce que tu en as encore fait ?","— NP ADJ , que être ce que je en avoir encore faire ?"
2067,1885_Adam_Chair-molle_N.txt,"— Tiens , je pouvais pas m' en servir , alors , comme j' avais besoin de torchons très doux pour essuyer mon fusil , je les ai pris pour ça .","— ADJ , je pouvoir pas se en INF , alors , comme je avoir NCo de NCmod très ADJ pour INF DETPOSS NCo , je le avoir PPAS pour ça ."
2068,1885_Adam_Chair-molle_N.txt,Ça va très bien .,ça aller très bien .
2069,1885_Adam_Chair-molle_N.txt,"Lucie , d' abord , parut fâchée .","NP , de NC , paraître VSENT ."
2070,1885_Adam_Chair-molle_N.txt,— Oh !,— INTJ !
2071,1885_Adam_Chair-molle_N.txt,"tu sais , si tu y tiens , je peux te les rendre .","je PRES , si je y PRES , je pouvoir me le INF ."
2072,1885_Adam_Chair-molle_N.txt,Tu n' auras qu' à les blanchir et puis à les repriser .,je ne ADJ que à le INF et puis à le INF .
2073,1885_Adam_Chair-molle_N.txt,"Toi , qui as été couturière , tu dois savoir faire ça , et ton type n' y verra que de le feu .","toi , qui avoir être NC , je devoir VCOG faire ça , et DETPOSS NCs ne y VCOG que de le NC ."
2074,1885_Adam_Chair-molle_N.txt,"Il gobe tout , ce tourlourou de mon cœur .","il PRES tout , ce NCo de DETPOSS NCmod ."
2075,1885_Adam_Chair-molle_N.txt,"— Oui , oui .","— oui , oui ."
2076,1885_Adam_Chair-molle_N.txt,"En tous cas , il n' a pas l' air de gober ma dernière lettre , voilà cinq jours que je l' ai mise à la poste , il ne répond pas .","en tout NC , il ne avoir pas le NCMAN de INF DETPOSS ADJ NCo , voilà NUM NCT que je le avoir mettre à le NC , il ne VDIC pas ."
2077,1885_Adam_Chair-molle_N.txt,— Oh !,— INTJ !
2078,1885_Adam_Chair-molle_N.txt,"écoute , moi je comprends ça .","NC , soi je VCOG ça ."
2079,1885_Adam_Chair-molle_N.txt,"Tu le rinces un peu dur , ce bon militaire !","je le NCo un peu ADJ , ce NC ADJ !"
2080,1885_Adam_Chair-molle_N.txt,"C' est pas permis de se foutre de les gens , comme ça .","ce être pas permettre de se foutre de le NCmod , comme ça ."
2081,1885_Adam_Chair-molle_N.txt,"— Oui , mais moi , c' est que ça ne fait pas mon compte , tu sais .","— oui , mais soi , ce être que ça ne faire pas DETPOSS NCo , je PRES ."
2082,1885_Adam_Chair-molle_N.txt,Où veux tu que nous trouvions de l' argent à c't'heure ?,où ADJ je que nous VIMP de le NC à NCmod ?
2083,1885_Adam_Chair-molle_N.txt,"C' est pas Dosia , peut-être , qui m' en passera .","ce être pas NP , peut-être , qui se en VF ."
2084,1885_Adam_Chair-molle_N.txt,En voilà encore une sale grue !,en voilà encore un ADJ NCo !
2085,1885_Adam_Chair-molle_N.txt,"Elle est jalouse , tu n' as pas idée .","il être ADJ , je ne avoir pas PPAS ."
2086,1885_Adam_Chair-molle_N.txt,"— Et bégueule , aussi !","— et ADJ , aussi !"
2087,1885_Adam_Chair-molle_N.txt,"Ce qu' elle a eu l' air indigné , l' autre jour , en me voyant .","ce que il avoir avoir le NCMAN VSENT , le autre NCT , en me VCOG ."
2088,1885_Adam_Chair-molle_N.txt,— Oh !,— INTJ !
2089,1885_Adam_Chair-molle_N.txt,"et puis , tu ne sais pas ?","et puis , je ne VCOG pas ?"
2090,1885_Adam_Chair-molle_N.txt,Elle a été dire partout que j' étais une salope .,il avoir être VDIC ADV que je être un NC .
2091,1885_Adam_Chair-molle_N.txt,"On me l' a encore répété hier , chez la blanchisseuse .","on me le avoir encore PPAS ADV , chez le NC ."
2092,1885_Adam_Chair-molle_N.txt,Oh !,INTJ !
2093,1885_Adam_Chair-molle_N.txt,"je lui ferai payer ça , à cette grue .","je lui faire INF ça , à ce NC ."
2094,1885_Adam_Chair-molle_N.txt,Une fille pour qui j' ai tout fait .,un NC pour qui je avoir tout NCo .
2095,1885_Adam_Chair-molle_N.txt,"Révoltée , elle se perdit dans un regret interminable de les services rendus à cette femme .","PPAS , il se VPS dans un NCSENT ADJ de le NCmod PPAS à ce NC ."
2096,1885_Adam_Chair-molle_N.txt,Le vent d' ouest apportait les bruits de la gare .,le NCs de NCmod VIMP le NCo de le NCmod .
2097,1885_Adam_Chair-molle_N.txt,"Un train arrivait : ce fut d' abord un continu grincement dont le ronflement s' accrut , s' approcha , entrecoupé de sifflements plaintifs ; puis , un froissement de fer strident se prolongea , et il y eut un arrêt , un mugissement de vapeur haletante , une intermittence de sourds tamponnements , en série .","un NCs VIMP : ce être de NC un ADJ NC dont le NCs se VPS , se VPS , PPAS de NC ADJ ; puis , un NCs de NCmod ADJ se VPS , et il y avoir un NCo , un NC de NCmod ADJ , un NC de NUM NCmod , en NC ."
2098,1885_Adam_Chair-molle_N.txt,"— Tiens , v'là l' omnibus de Dunkerque , dit Georges .","— NP , v'là le NCo de NP , VDIC NP ."
2099,1885_Adam_Chair-molle_N.txt,Il est déjà dix heures et demie .,il être déjà NUM NCT et NC .
2100,1885_Adam_Chair-molle_N.txt,"Hein , si Charles revenait !","NP , si NP VIMP !"
2101,1885_Adam_Chair-molle_N.txt,"Et de sa langue passée entre les lèvres , il fit une moue qui égaya Lucie .","et de DETPOSS NCCOR PPAS entre le NCCOR , il faire un NCo qui VSENT NP ."
2102,1885_Adam_Chair-molle_N.txt,— Oh !,— INTJ !
2103,1885_Adam_Chair-molle_N.txt,qu' il est drôle .,que il être ADJ .
2104,1885_Adam_Chair-molle_N.txt,"Viens que je t' embrasse , grosse bête .","venir que je lui PRES , ADJ ADJ ."
2105,1885_Adam_Chair-molle_N.txt,Il ne voulut point se déranger .,il ne vouloir ADV se VSENT .
2106,1885_Adam_Chair-molle_N.txt,"Non , tant pis .","non , tant ADJ ."
2107,1885_Adam_Chair-molle_N.txt,Il était trop bien .,il être trop bien .
2108,1885_Adam_Chair-molle_N.txt,Ah !,INTJ !
2109,1885_Adam_Chair-molle_N.txt,"bien , elle non plus ne se dérangerait pas pour un mufle pareil .","bien , il PRES plus ne se VCOND pas pour un ADJ NC ."
2110,1885_Adam_Chair-molle_N.txt,"Et tous deux , un instant se turent , elle , froissée de cette indifférence , lui , très fier de se voir désiré .","et tout NUM , un NCs se PRES , il , VSENT de ce VSENT , lui , très ADJ de se VCOG VSENT ."
2111,1885_Adam_Chair-molle_N.txt,"Plusieurs coups , familièrement frappés à la porte , firent remarquer à Georges que les huîtres arrivaient .","plusieurs NC , ADVMAN frapper à le NC , faire INF à NP que le NCs VIMP ."
2112,1885_Adam_Chair-molle_N.txt,"— Non , c' est pas possible , ou bien il faut qu' elle soit joliment en avance .","— non , ce être pas ADJ , ou bien il PRES que il être ADVINT en NC ."
2113,1885_Adam_Chair-molle_N.txt,"Lucie , vaguement inquiète , ajouta : — Va vite ouvrir la porte .","NP , ADV ADJ , ajouta : — NP PRES INF le NCo ."
2114,1885_Adam_Chair-molle_N.txt,"Georges refusa , et la fille , maugréant , sauta de le lit , courut à la porte , ramassant en sa camisole ses chairs croulantes .","NP VPS , et le NC , PPRES , NC de le NCmod , VPS à le NC , PPRES en DETPOSS NC DETPOSS NCCOR ADJ ."
2115,1885_Adam_Chair-molle_N.txt,"Elle tourna la clef , Le battant s' ouvrit violemment .","il VPS le NCo , le NCs se VPS ADVMAN ."
2116,1885_Adam_Chair-molle_N.txt,"Dans le chambranle , un officier apparut , tout pâle .","dans le NC , un NC ADJ , tout ADJ ."
2117,1885_Adam_Chair-molle_N.txt,"Lucie s' effara : — Comment , c' est toi , Charles ?","NP se VF : — comment , ce être soi , NP ?"
2118,1885_Adam_Chair-molle_N.txt,"On ne répondit pas , on examinait la chambre et Lucie , épouvantée , suivait les regards , les gestes de son amant avec un accroissement de terreur .","on ne VDIC pas , on VIMP le NCo et NP , VSENT , VIMP le NCMAN , le NC de DETPOSS NCmod avec un NC de NCSENT ."
2119,1885_Adam_Chair-molle_N.txt,"Sur le parquet , de les bouteilles vides s' alignaient ; la table était surchargée de verres graisseux ; dans l' armoire béante , de le linge sali ; il aperçut enfin Georges , très rouge , immobile , dans une stupeur .","sur le NC , de le NCs ADJ se VIMP ; le NCspas être PPAS de NC ADJ ; dans le NC ADJ , de le NC ADJ ; il VPS PHASE NP , très ADJCOL , ADJ , dans un NCSENT ."
2120,1885_Adam_Chair-molle_N.txt,"Alors le miché éclata , et , balbutiant , lâchant les phrases , il criait avec de les jets de salive : — Tonnerre de Dieu !","alors le NCs VPS , et , VDIC , PPRES le NCo , il VDIC avec de le NC de NCmod : — NP de NP !"
2121,1885_Adam_Chair-molle_N.txt,Sacrée garce !,ADJ NC !
2122,1885_Adam_Chair-molle_N.txt,Je comprends maintenant pourquoi tu me demandais de l' argent .,je VCOG ADVT pourquoi je me VIMP de le NC .
2123,1885_Adam_Chair-molle_N.txt,C' était pour entretenir Monsieur .,ce être pour INF monsieur .
2124,1885_Adam_Chair-molle_N.txt,"Non ça , je ne veux pas ;je vais vous faire coffrer tous les deux ; la marmite et vous le maquereau , oui le maquereau .","non ça , je ne vouloir pas ;il aller vous faire INF tout le NC ; le NCo et vous le NC , PPAS le NCo ."
2125,1885_Adam_Chair-molle_N.txt,"Il sortit avec lenteur , comme attendant une récrimination de Georges , qui se tint coi prudemment .","il VPS avec NC , comme PPRES un NCo de NP , qui se VPS NC ADVMAN ."
2126,1885_Adam_Chair-molle_N.txt,La porte fut fermée à double tour .,le NCspas être PPAS à ADJ NC .
2127,1885_Adam_Chair-molle_N.txt,Lucie et Georges étaient attérés .,NP et NP être PPAS .
2128,1885_Adam_Chair-molle_N.txt,"Enfin , lui fit un mouvement pour se rhabiller , pestant : — Ben , vrai , en voilà un imbécile .","PHASE , lui faire un NCo pour se INF , PPRES : — NP , vrai , en voilà un NCo ."
2129,1885_Adam_Chair-molle_N.txt,"Est -il bête , et nous sommes dans de les beaux draps .","être il ADJ , et nous être dans de le ADJ NC ."
2130,1885_Adam_Chair-molle_N.txt,— Bah !,— INTJ !
2131,1885_Adam_Chair-molle_N.txt,"tais -toi , c' est de la frime ; il n' y a pas de danger qu' il aille chercher la police ; il a trop peur de le scandale .","VIMP soi , ce être de le NC ; il ne y avoir pas un NCo que il ailler INF le NCo ; il avoir trop NCSENT de le NCmod ."
2132,1885_Adam_Chair-molle_N.txt,— Hum !,— NP !
2133,1885_Adam_Chair-molle_N.txt,Crois -tu ?,VCOG il ?
2134,1885_Adam_Chair-molle_N.txt,"— Ça ... Mais il serait plus attrapé que nous , S' il faisait ce coup-là .","— ça ... mais il être plus PPAS que nous , si il faire ce coup-là ."
2135,1885_Adam_Chair-molle_N.txt,"— Encore toi , ce n' est rien ; mais moi , ça ferait de le propre si mes parents savaient ça .","— encore soi , ce ne être rien ; mais soi , ça faire de le ADJ si DETPOSS NCs VCOG ça ."
2136,1885_Adam_Chair-molle_N.txt,C' est de le coup que je ne pourrais plus me marier .,ce être de le NC que je ne pouvoir plus me INF .
2137,1885_Adam_Chair-molle_N.txt,"Lucie Thirache eut une pitié , et pour le rassurer : — Oh !","NP NP avoir un VSENT , et pour le VSENT : — INTJ !"
2138,1885_Adam_Chair-molle_N.txt,"tu peux être tranquille , va .","je pouvoir être ADJ , aller ."
2139,1885_Adam_Chair-molle_N.txt,Il va revenir tout seul et nous nous en irons .,il aller INF tout ADJ et nous nous en PRES .
2140,1885_Adam_Chair-molle_N.txt,"— Oui , n' est -ce pas ?","— oui , ne être ce pas ?"
2141,1885_Adam_Chair-molle_N.txt,Il n' oserait pas nous faire arrêter .,il ne VCOND pas nous faire INF .
2142,1885_Adam_Chair-molle_N.txt,"— Mais non , je te dis ; il va revenir et puis nous partirons .","— mais non , je me VDIC ; il aller INF et puis nous PRES ."
2143,1885_Adam_Chair-molle_N.txt,"Ce n' est pas un grand malheur ; nous irons à Lille ensemble , veux -tu ?","ce ne être pas un ADJ NC ; nous PRES à NP ensemble , ADJ il ?"
2144,1885_Adam_Chair-molle_N.txt,"— De les prunes , ma fille !","— de le NCmod , DETPOSS NC !"
2145,1885_Adam_Chair-molle_N.txt,"Ah non , alors !","INTJ non , alors !"
2146,1885_Adam_Chair-molle_N.txt,Crois -tu que je vais m' en aller de chez moi ?,VCOG il que je aller se en aller de chez soi ?
2147,1885_Adam_Chair-molle_N.txt,Tu iras toute seule .,je ADJ tout ADJ .
2148,1885_Adam_Chair-molle_N.txt,As -tu de l' argent à le moins ?,avoir -tre de le NCmod à le moins ?
2149,1885_Adam_Chair-molle_N.txt,"— Mais tu sais bien que , depuis deux jours , j' ai tout acheté à l' œil .","— mais je PRES bien que , depuis NUM NCT , je avoir tout PPAS à le NC ."
2150,1885_Adam_Chair-molle_N.txt,"— Tiens , voilà vingt francs .","— NP , voilà NUM NCo ."
2151,1885_Adam_Chair-molle_N.txt,"Il ne reviendra donc pas , cet animal -là ?","il ne VF donc pas , ce NC ADVLIEU ?"
2152,1885_Adam_Chair-molle_N.txt,"Lucie Thirache prit le louis , touchée de ce cadeau .","NP NP VPS le NCo , PPAS de ce NC ."
2153,1885_Adam_Chair-molle_N.txt,"Elle s' était vêtue à la hâte , presque réjouie : cet événement qui venait faire diversion lui semblait fort burlesque .","il se être PPAS à le NC , presque VSENT : ce NCs qui venir faire NCo lui sembler fort ADV ."
2154,1885_Adam_Chair-molle_N.txt,"Un homme , elle en trouverait trente-six pour un ; c' est pas ça qui la gênerait .","un NC , il en VCOND NUM pour un ; ce être pas ça qui le VSENT ."
2155,1885_Adam_Chair-molle_N.txt,"Ce qu' elle allait faire la noce quelques jours , libre enfin , seule , à Lille !","ce que il aller faire le NCs quelque NCT , ADJ PHASE , ADJ , à NP !"
2156,1885_Adam_Chair-molle_N.txt,"Elle entassait dans une valise ses peignes , ses brosses , son linge .","il VIMP dans un NC DETPOSS NC , DETPOSS NC , DETPOSS NC ."
2157,1885_Adam_Chair-molle_N.txt,"Elle y voulut mettre une boîte à veloutine , mais la houppette s' échappa et , sur sa robe , la poudre se répandit , tachant la soie noire de longues traînées grasses .","il y vouloir mettre un NCo à NCmod , mais le NCs se VPS et , sur DETPOSS NC , le NCs se VPS , PPRES le NCo ADJ un ADJ NCmod ADJ ."
2158,1885_Adam_Chair-molle_N.txt,"— Allons , bon ; il ne manquait plus que cela ; c' est toujours comme ça quand on est pressé .","— NP , ADJ ; il ne VIMP plus que cela ; ce être ADVTEMPS comme ça quand on être PPAS ."
2159,1885_Adam_Chair-molle_N.txt,Cet incident l' attrista .,ce NCs le VPS .
2160,1885_Adam_Chair-molle_N.txt,Il fit naître en elle comme une appréhension .,il faire INF en il comme un NCSENT .
2161,1885_Adam_Chair-molle_N.txt,"— Va voir un peu à la fenêtre s' il ne vient pas , dit -elle .","— NP VCOG un peu à le NC si il ne venir pas , VDIC il ."
2162,1885_Adam_Chair-molle_N.txt,"Georges , qui marchait de long en large sans arrêt , souleva les rideaux , jeta un regard sur la place bruyante : — Non , je ne le vois pas .","NP , qui VIMP de NC en NCmod sans NCmod , VPS le NCo , VPS un NCMAN sur le NCmod ADJ : — non , je ne le NC pas ."
2163,1885_Adam_Chair-molle_N.txt,"Mais , tu sais , il peut bien revenir ; je me fous un peu de lui , avec ma canne , je le forcerai à se tenir tranquille .","mais , je VCOG , il pouvoir bien INF ; je me ADV un peu de lui , avec DETPOSS NC , je le VCOND à se INF ADJ ."
2164,1885_Adam_Chair-molle_N.txt,— Oh !,— INTJ !
2165,1885_Adam_Chair-molle_N.txt,si tu crois qu' il se laisserait faire comme ça .,si je VCOG que il se laisser faire comme ça .
2166,1885_Adam_Chair-molle_N.txt,— Bah !,— INTJ !
2167,1885_Adam_Chair-molle_N.txt,"il n' a pas l' air bien solide , ton Charles !","il ne avoir pas le NCMAN bien ADJ , NC NP !"
2168,1885_Adam_Chair-molle_N.txt,... Oh !,... INTJ !
2169,1885_Adam_Chair-molle_N.txt,"et puis , il nous laissera bien partir , n' est -ce pas ?","et puis , il nous laisser bien INF , ne être ce pas ?"
2170,1885_Adam_Chair-molle_N.txt,— Peuh !,— INTJ !
2171,1885_Adam_Chair-molle_N.txt,peuh !,INTJ !
2172,1885_Adam_Chair-molle_N.txt,"quand il dit quelque chose , il le fait .","quand il VDIC quelque chose , il le faire ."
2173,1885_Adam_Chair-molle_N.txt,J' ai salement peur qu' il ramène la police .,je avoir ADVMAN NCSENT que il PRES le NCo .
2174,1885_Adam_Chair-molle_N.txt,— La sale farce que ça serait !,— le ADJ NC que ça être !
2175,1885_Adam_Chair-molle_N.txt,"Mais tu disais tout à l' heure , qu' il n' y avait rien à craindre .","mais je VDIC tout à le NCT , que il ne y avoir rien à VSENT ."
2176,1885_Adam_Chair-molle_N.txt,"— D' abord , ce n' est pas vrai ; c' est toi qui faisais le brave .","— de NC , ce ne être pas vrai ; ce être soi qui faire le NCo ."
2177,1885_Adam_Chair-molle_N.txt,"Il y eut un silence , tous deux maintenant , s' attendaient à une catastrophe .","il y avoir un NCo , tout NUM ADVT , se VIMP à un NC ."
2178,1885_Adam_Chair-molle_N.txt,"Et , dans son affollement , Lucie se voyait replacée sous la surveillance , elle s' abandonnait à imaginer ce malheur prévu .","et , dans DETPOSS NC , NP se VCOG PPAS sous le NC , il se VIMP à VCOG ce NCo PPAS ."
2179,1885_Adam_Chair-molle_N.txt,"Ils regardaient la porte , tous deux , en réfléchissant .","il VCOG le NCo , tout NUM , en PPRES ."
2180,1885_Adam_Chair-molle_N.txt,Soudain un bruit de pas pressés dans l' escalier .,soudain un NC de pas PPAS dans le NC .
2181,1885_Adam_Chair-molle_N.txt,"— C' est lui , fit Lucie .","— ce être lui , faire NP ."
2182,1885_Adam_Chair-molle_N.txt,— Il est seul ; quelle veine !,— il être ADJ ; quel NC !
2183,1885_Adam_Chair-molle_N.txt,"D' un coup la porte s' ouvrit , l' officier entra l' air penaud , avec une rage dans les yeux : — Allons , foutez -moi le camp , tous les deux , nom de Dieu !","de un NC le NCs se VPS , le NCs VPS le NCMAN ADJ , avec un NCSENT dans le NCCOR : — NC , IMP soi le NC , tout le NUM , NC de NP !"
2184,1885_Adam_Chair-molle_N.txt,"Je vous laisse partir , parce que je ne veux pas être à de pareilles affaires surtout en votre compagnie , Monsieur .","je vous laisser INF , parce que je ne vouloir pas être à un ADJ NC surtout en DETPOSS NC , monsieur ."
2185,1885_Adam_Chair-molle_N.txt,"Maintenant , faites -moi le plaisir de déguerpir tout de suite .","ADVT , faire soi le NCSENT de INF tout de NC ."
2186,1885_Adam_Chair-molle_N.txt,"Vous pouvez être sûr , que tout le monde saura comment vous avez agi .","vous pouvoir être ADJ , que tout le NCs VCOG comment vous avoir PPAS ."
2187,1885_Adam_Chair-molle_N.txt,Ramassez vos affaires et foutez -moi le camp .,IMP DETPOSS NCo et IMP soi le NCo .
2188,1885_Adam_Chair-molle_N.txt,"Georges , aussitôt parut ravi .","NP , aussitôt paraître ADJ ."
2189,1885_Adam_Chair-molle_N.txt,"Il empoigna en hâte son fusil , sa canne , sa carnassière .","il VPS en NC DETPOSS NCo , DETPOSS NC , DETPOSS NC ."
2190,1885_Adam_Chair-molle_N.txt,"Et , dès que Charles eut achevé de parler , il s' enfuit .","et , dès que NP avoir VASP de INF , il se PRES ."
2191,1885_Adam_Chair-molle_N.txt,"Lucie le suivait , portant à la main sa valise demi fermée .","NP le VIMP , PPRES à le NCCOR DETPOSS NCo ADJ PPAS ."
2192,1885_Adam_Chair-molle_N.txt,"Dans le couloir , à le moment de descendre , un besoin de se venger de sa peur l' empoigna , elle se retourna , vit son amant , debout sur la porte et lui cria dans une fureur : — À le revoir , canaille , salop , cochon !","dans le NC , à le NC de INF , un NCs de se INF de DETPOSS NCSENT le VPS , il se VPS , VCOG DETPOSS NCo , ADV sur le NC et lui VDIC dans un NC : — à le VCOG , NC , NC , NC !"
2193,1885_Adam_Chair-molle_N.txt,"La porte se referma brutalement , Lucie , en courant , rejoignit son Georges qui déjà sortait de la maison : — Eh bien !","le NCs se VPS ADVMAN , NP , en NC , VPS son NP qui déjà VIMP de le NC : — INTJ bien !"
2194,1885_Adam_Chair-molle_N.txt,qu' est -ce que nous faisons ?,que être ce que nous PRES ?
2195,1885_Adam_Chair-molle_N.txt,demanda -t -elle ?,VPS t il ?
2196,1885_Adam_Chair-molle_N.txt,— Oh !,— INTJ !
2197,1885_Adam_Chair-molle_N.txt,"fais ce que tu voudras , ma fille ; moi je me sauve , en attendant .","faire ce que je ADJ , DETPOSS NC ; soi je me PRES , en PPRES ."
2198,1885_Adam_Chair-molle_N.txt,"— C' est comme ça que tu me lâches , après ce que j' ai fait pour toi ?","— ce être comme ça que je me NC , PHASE ce que je avoir faire pour soi ?"
2199,1885_Adam_Chair-molle_N.txt,Georges eut un mouvement de colère : — Comment ce que tu as fait pour moi !,NP avoir un NCo de NCSENT : — comment ce que je avoir faire pour soi !
2200,1885_Adam_Chair-molle_N.txt,Espèce de putain .,espèce de NCmod .
2201,1885_Adam_Chair-molle_N.txt,"Mais c' est toi , tu m' as attiré chez toi , malgré moi .","mais ce être soi , je le avoir VSENT chez soi , malgré soi ."
2202,1885_Adam_Chair-molle_N.txt,C' est de ta faute si tout ça m' arrive peut-être .,ce être de NC ADV si tout ça lui PRES peut-être .
2203,1885_Adam_Chair-molle_N.txt,"Tu as fait si bien , que je ne pourrai plus me marier .","je avoir faire si bien , que je ne pouvoir plus me INF ."
2204,1885_Adam_Chair-molle_N.txt,Ah !,INTJ !
2205,1885_Adam_Chair-molle_N.txt,"tu veux que je t' entretienne encore , Mademoiselle .","je vouloir que je lui VSUBP encore , NP ."
2206,1885_Adam_Chair-molle_N.txt,Oh !,INTJ !
2207,1885_Adam_Chair-molle_N.txt,"tu peux bien aller pourrir où tu voudras , ça m' est tout à fait égal .","je pouvoir bien aller INF où je ADJ , ça lui être tout à NC ADJ ."
2208,1885_Adam_Chair-molle_N.txt,"Et il s' éloigna furieux , rapide , sans tourner la tête .","et il se VPS ADV , ADJ , sans INF le NCCOR ."
2209,1885_Adam_Chair-molle_N.txt,"XIII Lucie était restée seule sur la place de le Marché , à le seuil de la maison .","NUM NP être PPAS ADJ sur le NC de le NP , à le NC de le NCmod ."
2210,1885_Adam_Chair-molle_N.txt,"Hébétée , elle regardait dans une vague attente d' un secours imprévu , avec un espoir d' être rappelée dans sa chambre , pressée d' excuses et de caresses .","PPAS , il VCOG dans un NC ADJ de un NCmod ADJ , avec un NCSENT de être PPAS dans DETPOSS NC , PPAS de NC et de NC ."
2211,1885_Adam_Chair-molle_N.txt,"Autour d' elle , une animation continue bruyait .","ADV de il , un NCs ADJ VIMP ."
2212,1885_Adam_Chair-molle_N.txt,"De les femmes , de les demoiselles en toilette , circulaient devant les tables de pierre , examinaient les soles que les marchands claquaient l' une à l' autre , en criant les prix .","de le NC , de le NCmod en NCmod , VIMP ADVLIEU le NC de NCmod , VIMP le NCo que le NCs VIMP le un à le autre , en VDIC le NCo ."
2213,1885_Adam_Chair-molle_N.txt,"De les ménagères comméraient devant les vendeurs , dont les bourgerons bleus dominaient l' entassement de les poissons nacrés , luisants , sur les étals .","de le NC VIMP ADVLIEU le NC , dont le NCs ADJCOL VIMP le NCo de le NCmod ADJ , NC , sur le NC ."
2214,1885_Adam_Chair-molle_N.txt,"Dans l' air , se heurtaient de les rumeurs , de les bruits de conversations qui étouffaient de les marchandages grossiers , de les traînements de sabots lourds sur l' asphalte Lucie malgré elle , s' intéresse à ce bruit , considère tout curieusement .","dans le NCMAN , se VIMP de le NC , de le NC de NCmod qui VIMP de le NC ADJ , de le NC de NCmod ADJ sur le NCmod PPAS malgré il , se VSENT à ce NC , PRES tout ADVMAN ."
2215,1885_Adam_Chair-molle_N.txt,Elle voudrait s' étourdir à jamais .,il vouloir se VSENT à ADVTEMPS .
2216,1885_Adam_Chair-molle_N.txt,Elle sent que toute pensée lui sera désormais doulouleuse .,il sentir que tout VCOG lui être ADV ADJ .
2217,1885_Adam_Chair-molle_N.txt,"Et , par degrés , elle se reprend à rêver , toujours immobile : Ces gens -là sont heureux ; ils n' ont point de peines cuisantes .","et , par NC , il se PRES à INF , ADVTEMPS ADJ : ce NCs ADV être ADJ ; il ne avoir PPAS de NCSENT ADJ ."
2218,1885_Adam_Chair-molle_N.txt,"Elle seule se trouve encore sans abri , repoussée de tous .","il ADJ se PRES encore sans NC , PPAS de tout ."
2219,1885_Adam_Chair-molle_N.txt,De les larmes lui vinrent à les yeux .,de le NC lui venir à le NCCOR .
2220,1885_Adam_Chair-molle_N.txt,"Là , vrai , elle n' avait pas de chance , elle n' en aurait jamais ; et toujours c' était la faute de les hommes qui se moquaient d' elle , sans pitié .","ADVLIEU , vrai , il ne avoir pas un NCo , il ne en avoir ADVTEMPS ; et ADVTEMPS ce être le NC de le NCmod qui se VIMP de il , sans VSENT ."
2221,1885_Adam_Chair-molle_N.txt,Un gamin passant lui demanda : — Vous allez à la gare ?,un NCs passer lui VPS : — vous aller à le NC ?
2222,1885_Adam_Chair-molle_N.txt,Mademoiselle .,monsieur .
2223,1885_Adam_Chair-molle_N.txt,Voulez-vous que je vous porte votre valise ?,Voulez-le que je vous PRES DETPOSS NCo ?
2224,1885_Adam_Chair-molle_N.txt,"Cette question , brusquement , changea les idées de la fille .","ce NCs , ADV , VPS le NCo de le NCmod ."
2225,1885_Adam_Chair-molle_N.txt,"— Oui , c' est ça , prends la valise .","— oui , ce être ça , PRES le NCo ."
2226,1885_Adam_Chair-molle_N.txt,A quelle heure le train pour Lille ?,à quel NCT le NCmod pour NP ?
2227,1885_Adam_Chair-molle_N.txt,— Oh !,— INTJ !
2228,1885_Adam_Chair-molle_N.txt,"nous arriverons , allez , c' est à midi un quart .","nous VF , aller , ce être à NC un NC ."
2229,1885_Adam_Chair-molle_N.txt,"Elle allait , par petits pas pressés , dans la rue Saint-Aubert , sous un gai soleil .","il aller , par ADJ pas ADJ , dans le NC NP , sous un NC ADJ ."
2230,1885_Adam_Chair-molle_N.txt,La vitesse de sa marche semblait enfin l' éveiller d' une stupeur pénible .,le NCs de DETPOSS NCmod sembler PHASE le INF de un NCSENT ADJ .
2231,1885_Adam_Chair-molle_N.txt,"Oui , elle irait à Lille .","oui , il aller à NP ."
2232,1885_Adam_Chair-molle_N.txt,"Mardi elle y était restée quelques heures et , vraiment , elle avait trouvé cette ville , très amusante .","ADVT il y être PPAS quelque NCT et , ADVINT , il avoir PPAS ce NCo , très ADJ ."
2233,1885_Adam_Chair-molle_N.txt,De les images rapides lui revenaient à l' esprit .,de le NCs ADJ lui VIMP à le NC .
2234,1885_Adam_Chair-molle_N.txt,"Elle se voyait traversant la rue de la gare , si large , à le milieu d' une cohue en gaîté .","il se VCOG PPRES le NCo de le NCmod , si ADJ , à le milieu de un NCmod en NCSENT ."
2235,1885_Adam_Chair-molle_N.txt,"Elle irait là , certainement .","il aller ADVLIEU , ADVINT ."
2236,1885_Adam_Chair-molle_N.txt,"Il lui souvenait de s' être rencontrée , en un café , à de les hommes bien distingués .","il lui VIMP de se être PPAS , en un NC , à un le NC bien VCOG ."
2237,1885_Adam_Chair-molle_N.txt,Mais vite elle chassa de telles pensées .,mais ADV il VPS un tel NCo .
2238,1885_Adam_Chair-molle_N.txt,De les hommes !,de le NC !
2239,1885_Adam_Chair-molle_N.txt,Oh !,INTJ !
2240,1885_Adam_Chair-molle_N.txt,"pour sûr que non , elle n' en verrait plus ; oh non !","pour ADV que non , il ne en VIMP plus ; INTJ non !"
2241,1885_Adam_Chair-molle_N.txt,"c' était bien fini , cette fois .","ce être bien ADJ , ce fois ."
2242,1885_Adam_Chair-molle_N.txt,Elle allait se remettre à le travail et vivrait seule .,il aller se INF à le NC et VIMP ADJ .
2243,1885_Adam_Chair-molle_N.txt,"Et , soudain , une idée l' arrêta dans ses projets d' avenir .","et , soudain , un NCs le VPS dans DETPOSS NC de NCmod ."
2244,1885_Adam_Chair-molle_N.txt,"Ce Georges , tout de même , quel sale individu .","ce NP , tout de même , quel ADJ NC ."
2245,1885_Adam_Chair-molle_N.txt,"Elle se rappela toute la vie passée avec lui , les continuels présents qu' elle lui donnait , comment elle avait fait son éloge à Dosia , l' autre jour encore .","il se VPS tout le NCo PPAS avec lui , le NC ADJ que il lui VIMP , comment il avoir faire DETPOSS NCo à NP , le autre NCT encore ."
2246,1885_Adam_Chair-molle_N.txt,Oh !,INTJ !
2247,1885_Adam_Chair-molle_N.txt,"de le reste , Charles , c' était bien la même chose : car , elle le sentait à présent ; elle n' avait point cessé de l' aimer pendant son absence .","de le NC , NP , ce être bien le même chose : car , il le sentir à NC ; il ne avoir ADV VASP de le VSENT PHASE DETPOSS NC ."
2248,1885_Adam_Chair-molle_N.txt,"Elle avait pris Georges pour se désennuyer ; mais , à le fond , c' était toujours à Charles qu' elle songeait .","il avoir PPAS NP pour se INF ; mais , à le NC , ce être ADVTEMPS à NP que il VIMP ."
2249,1885_Adam_Chair-molle_N.txt,"Eh bien , c' était encore un rude celui-là .","INTJ bien , ce être encore un NC celui-là ."
2250,1885_Adam_Chair-molle_N.txt,"En un moment Lucie avait oublié les cadeaux de l' officier , ses longues prévenances , le tour qu' elle-même lui avait joué .","en un NC NP avoir VCOG le NCo de le NCmod , DETPOSS ADJ NCSENT , le NC que elle-même lui avoir PPAS ."
2251,1885_Adam_Chair-molle_N.txt,"L' arrivée imprévue de Charles lui apparaissait comme une machination préparée contre elle , si noire qu' elle anéantissait les bontés antérieures .","le NCs ADJ de NP lui VIMP comme un NC PPAS contre il , si ADJ que il VIMP le NCSENT ADJ ."
2252,1885_Adam_Chair-molle_N.txt,"En avançant dans la rue Ernestale , elle se retraçait tous les détails de son séjour à Arras .","en PPRES dans le NC ADJ , il se VIMP tout le NCo de DETPOSS NCmod à NP ."
2253,1885_Adam_Chair-molle_N.txt,"Vraiment , elle avait fait une belle affaire , en y venant .","ADVINT , il avoir faire un ADJ NCo , en y venir ."
2254,1885_Adam_Chair-molle_N.txt,Et c' était encore la faute à cette garce de Dosia .,et ce être encore le NC à ce NCmod de NP .
2255,1885_Adam_Chair-molle_N.txt,"Un foutu métier , éreintant , contraignant les femmes à se coller avec d' ignobles michés .","un NC ADJ , PPRES , PPRES le NCo à se INF avec un ADJ NC ."
2256,1885_Adam_Chair-molle_N.txt,Heureusement c' était fini .,heureusement ce être VASP .
2257,1885_Adam_Chair-molle_N.txt,"A Lille , un sûr bonheur l' attendait .","à NP , un ADJ NCSENT le VIMP ."
2258,1885_Adam_Chair-molle_N.txt,"Elle était arrivée à la porte Ronville , s' approchait à la gare .","il être PPAS à le NC NP , se VIMP à le NC ."
2259,1885_Adam_Chair-molle_N.txt,"Et , tandis qu' elle rajustait la voilette de son chapeau , indifférente à les regards curieux de les paysans , à le salut amical de deux officiers , paradant en culottes rouges , elle sentait naître en elle comme une joie tranquille .","et , PHASE que il VIMP le NCo de DETPOSS NCmod , ADJ à le NCMAN ADJ de le NCmod , à le NCmod ADJ de NUM NCmod , PPRES en NC ADJCOL , il sentir INF en il comme un NCSENT NC ."
2260,1885_Adam_Chair-molle_N.txt,"Cette idée de le travail , dans une vie honnête , lui souriait : mais plus que tout , elle était heureuse en songeant qu' elle échapperait à les hommes ; et il lui semblait que ne plus coucher avec les mâles , serait leur infliger une juste vengeance , cruelle et délicieuse .","ce NCs de le NCmod , dans un NCmod ADJ , lui VIMP : mais plus que tout , il être ADJ en PPRES que il VCOND à le NC ; et il lui sembler que ne plus INF avec le NC , être lui INF un ADJ NCo , ADJ et ADJ ."
2261,1885_Adam_Chair-molle_N.txt,"TROISIEME PARTIE * ** I A Lille , dans l' étroite rue de le Bois-Saint-Etienne , Lucie Thirache était venue se loger à le second étage d' une maison très vieille .","NP NP * ** NUM à NP , dans le ADJ NC de le NP , NP NP être venir se INF à le ADJ NC de un NCmod très ADJ ."
2262,1885_Adam_Chair-molle_N.txt,"Elle avait à dessein choisi cette rue , sachant que les loyers y étaient moins chers et que le voisinage de le théâtre , de la gare , de les larges voies populeuses , lui devait abréger ses courses à la recherche de michés et rendre plus aisée sa chasse à les louis .","il avoir à NC PPAS ce NC , VCOG que le NCs y être moins ADJ et que le NCs de le NCmod , de le NC , de le ADJ NC ADJ , lui devoir INF DETPOSS NCo à le NCmod de NCmod et INF plus PPAS DETPOSS NCo à le NCmod ."
2263,1885_Adam_Chair-molle_N.txt,"Souvent , l' hôte mâle de le lit était un commis-voyageur ou un employé de bureau .","ADVTEMPS , le NCs ADJ de le NCmod être un NC ou un NC de NCmod ."
2264,1885_Adam_Chair-molle_N.txt,"La nuit d' amour , payée d' avance régulièrement , s' achevait de bonne heure , et Lucie insouciante de se créer une clientèle fixe , laissait partir l' homme de grand matin , en lui accordant à peine un à le revoir somnolent .","le NCT de NCSENT , PPAS de NC ADVTEMPS , se VASP de ADJ NCT , et NP ADJ de se INF un NCo ADJ , laisser INF le NCo de ADJ NCT , en lui PPRES à NCSENT NUM à le VCOG ADJ ."
2265,1885_Adam_Chair-molle_N.txt,"Elle , aussitôt , se remettait à dormir , heureuse , vautrée eu travers de le lit , et c' était dans la vaste chambre à les rideaux fermés une soûlerie de sommeil .","il , aussitôt , se VIMP à INF , ADJ , PPAS avoir travers de le NC , et ce être dans le ADJ NC à le NCmod PPAS un NCo de NCmod ."
2266,1885_Adam_Chair-molle_N.txt,Vers deux heures elle ouvrait les yeux .,vers NUM NCT il VCOND le NCCOR .
2267,1885_Adam_Chair-molle_N.txt,"Le sommeil disparaissant lui laissait à les membres une voluptueuse torpeur , comme une chaude envie de rester ainsi , toujours mollement couchée .","le NCs ADJ lui laisser à le NC un ADJ NCo , comme un ADJ NCmod de INF ainsi , ADVTEMPS ADVMAN PPAS ."
2268,1885_Adam_Chair-molle_N.txt,"Elle frottait ses paupières mi-closes , et sa rêverie mêlait à les souvenirs de la nuit , les projets pour la journée commençante ; chaque fois elle craignait d' être réveillée trop tôt .","il VIMP DETPOSS NCCOR ADJ , et DETPOSS NCs VIMP à le NC de le NCT , le NC pour le NCT ADJ ; chaque fois il VSENT de être PPAS trop tôt ."
2269,1885_Adam_Chair-molle_N.txt,"Une peur navrante la faisait courir à la fenêtre et ouvrir les rideaux , puis tout éjouie par l' inondation instantanée de les rayons solaires , elle se couchait , impatiente de ressentir encore cette exquise torpeur .","un NCSENT ADJ le faire INF à le NC et INF le NCo , puis tout PPAS par le NC PPAS de le NCmod ADJ , il se VIMP , NCo de VSENT encore ce ADJ NCo ."
2270,1885_Adam_Chair-molle_N.txt,Elle aimait alors considérer sa chambre .,il VSENT alors INF DETPOSS NCo .
2271,1885_Adam_Chair-molle_N.txt,"En face , encadrant les fenêtres claires , le mur couvert d' un papier bleu , dont elle examinait les dessins jaunes à les formes indécises que l' humidité illustrait par endroits de courbes dentelées .","en NC , PPRES le NCo ADJ , le NCs ADJ de un NCmod ADJCOL , dont il VIMP le NCo ADJCOL à le NC ADJ que le NCmod VCOND par NC de NCmod PPAS ."
2272,1885_Adam_Chair-molle_N.txt,"Entre les fenêtres , une large commode à marbre gris , surmontée de bibelots divers .","entre le NC , un ADJ NC à NCmod ADJCOL , PPAS de NC ADJ ."
2273,1885_Adam_Chair-molle_N.txt,Elle parcourait tendrement de les yeux l' acajou luisant de la toilette flamande et son miroir limpide soutenu par de les cous de cygne .,il VIMP ADVMAN de le NCCOR le NCo PPRES de le NC ADJ et DETPOSS NC ADJ PPAS par de le NCCOR de NCmod .
2274,1885_Adam_Chair-molle_N.txt,Tous ces objets lui appartenaient .,tout ce NCs lui VIMP .
2275,1885_Adam_Chair-molle_N.txt,"Elle pourrait , en quittant cette chambre , les emporter tous , et l' image de le tapissier , donateur de ces meubles en paiement de faveurs répétées , venait hanter son esprit , souriante , obèse , épanouie .","il pouvoir , en PPRES ce NCo , le INF tout , et le NC de le NCmod , NC de ce NCmod en NCmod de NCmod PPAS , venir VSENT DETPOSS NCo , NC , NC , NC ."
2276,1885_Adam_Chair-molle_N.txt,Lucie poursuivait l' examen de le mobilier en une soupçonneuse défiance .,NP VIMP le NCo de le NCmod en un ADJ NC .
2277,1885_Adam_Chair-molle_N.txt,"Parfois le contact d' une canne éraflait le bambou de les chaises , ou bien la bougie en se fondant , avait maculé la table d' une tache épaisse .","ADVTEMPS le NCs de un NCmod VIMP le NCo de le NCmod , ou bien le NC en se PPRES , avoir PPAS le NCo de un NCmod ADJ ."
2278,1885_Adam_Chair-molle_N.txt,"Elle se levait en hâte et , dans une inquiétude chagrine , elle frottait les meubles endommagés , longuement .","il se VIMP en NC et , dans un NCSENT NCSENT , il VIMP le ADJ NCo , ADV ."
2279,1885_Adam_Chair-molle_N.txt,Elle ne se lassait pas de ces nettoyages et s' attardait autour de les meubles dans une fierté propriétaire .,il ne se VSENT pas de ce NC et se VIMP ADV de le NC dans un NCSENT NC .
2280,1885_Adam_Chair-molle_N.txt,"Puis , lorsque tout était redevenu luisant , elle observait à la fenêtre le va-et-vient de la voie publique .","puis , lorsque tout être PPAS ADJ , il VIMP à le NC le NCo de le NCmod ADJ ."
2281,1885_Adam_Chair-molle_N.txt,"La rue de le Bois-Saint-Etienne , était presque déserte .","le NCs de le NP , être presque ADJ ."
2282,1885_Adam_Chair-molle_N.txt,"Jamais Lucie ne voyait passer une voiture , à peine quelques piétons pressés .","ADVTEMPS NP ne VCOG INF un NCo , à NCSENT quelque NC ADJ ."
2283,1885_Adam_Chair-molle_N.txt,La fille s' attristait de cette solitude .,le NCs se VSENT de ce NC .
2284,1885_Adam_Chair-molle_N.txt,"Le badigeon jaunâtre de les maisons voisines , la peinture déteinte de les contrevents la dégoûtaient encore et elle se penchait , avide de vie et de mouvement , pour entendre gronder à le loin la bruit de les boulevards .","le NC ADJCOL de le NCmod ADJ , le NCs ADJ de le NCmod le VIMP encore et il se VIMP , NCo de NCmod et de NC , pour VCOG INF à le ADVLIEU le NC de le NCmod ."
2285,1885_Adam_Chair-molle_N.txt,"Elle tâchait à regarder la rue de les Suaires , à sa gauche , où le défilé de les passants serpentait .","il VIMP à VCOG le NCo de le NP , à DETPOSS NC , où le NCs de le NCmod VIMP ."
2286,1885_Adam_Chair-molle_N.txt,"Mais , à l' angle de les deux rues , l' enseigne d' une serrurie , énorme clef de zinc fixée à la muraille , obstruait la vue .","mais , à le NC de le NUM NCmod , le NCs de un NCmod , ADJ NC de NCmod PPAS à le NC , VIMP le NCo ."
2287,1885_Adam_Chair-molle_N.txt,"Elle coupait les passants , empêchait de voir , et Lucie s' épandait en une rage imprécante , lorsque la clef , barrant le spectacle d' une cohue , permettait à peine entrevoir les jupons secoués de deux femmes s' injuriant , ou les jambes traînantes et arquées d' un ivrogne conduit à le poste .","il VIMP le NCo , VIMP de VCOG , et NP se VIMP en un NCSENT ADJ , lorsque le NCs , PPRES le NCo de un NCmod , permettre à NCSENT VCOG le NCo PPAS de NUM NC se PPRES , ou le NCCOR ADJ et PPAS de un NC PPAS à le NC ."
2288,1885_Adam_Chair-molle_N.txt,La fille s' exaspérait .,le NCs se VSENT .
2289,1885_Adam_Chair-molle_N.txt,"Elle maudissait la clef , en lui reprochant son déplaisir .","il VIMP le NCo , en lui PPRES DETPOSS NCSENT ."
2290,1885_Adam_Chair-molle_N.txt,"Elle s' en prenait à le serrurier , s' étonnant que la police tolérât une pareille obstruction .","il se en VIMP à le NC , se VSENT que le NCs VSUBI un ADJ NCo ."
2291,1885_Adam_Chair-molle_N.txt,"Elle rêvait apostropher cette cette canaille , lui faire enlever son enseigne de force .","il VIMP INF ce ce NC , lui faire INF DETPOSS NCo de NCSENT ."
2292,1885_Adam_Chair-molle_N.txt,"Et très vite , un bruit , le passage lointain d' une voiture ou le son ronflant d' un orgue lui faisaient perdre ses colères , la retenaient curieuse , tendant l' oreille , subitement calmée .","et très ADV , un NC , le NC ADJ de un NCmod ou le NC PPRES de un NC lui faire INF DETPOSS NCSENT , le VIMP ADJ , PPRES le NCCOR , ADV VSENT ."
2293,1885_Adam_Chair-molle_N.txt,"Puis , sans quitter la fenêtre , Lucie oubliait la rue .","puis , sans INF le NCo , NP VCOG le NCo ."
2294,1885_Adam_Chair-molle_N.txt,"Durant de les heures , elle se perdait en un tourbillon de visions rapides , à peine conscientes .","ADV de le NCT , il se VIMP en un NC de NCmod ADJ , à NCSENT ADJ ."
2295,1885_Adam_Chair-molle_N.txt,"Lentement , le soleil s' abaissait derrière la masse ombrante de le grand théâtre , laissant le quartier solitaire dans l' indécise clarté de le crépuscule .","ADV , le NCs se VIMP ADVLIEU le NC ADJ de le ADJ NCmod , PPRES le NCo ADJ dans le ADJ NC de le NCmod ."
2296,1885_Adam_Chair-molle_N.txt,Alors seulement la fille revenait à le souci de les choses journalières .,alors seulement le NCs VIMP à le NCSENT de le chose ADJ .
2297,1885_Adam_Chair-molle_N.txt,Elle jetait autour d' elle un dernier regard curieux .,il VIMP ADV de il un ADJ NCMAN ADJ .
2298,1885_Adam_Chair-molle_N.txt,"Les maisons s' effaçaient assombries , profilant sur l' horizon grisâtre les arêtes vagues de leurs saillies .","le NCs se VIMP NC , PPRES sur le NC ADJ le NCo ADJ de DETPOSS NCmod ."
2299,1885_Adam_Chair-molle_N.txt,"De les nuages lourds , attristants tachaient le ciel , immobiles .","de le NC ADJ , ADJ VIMP le NCo , NC ."
2300,1885_Adam_Chair-molle_N.txt,"Pour échapper à cette vue elle fermait la fenêtre et , dans la chambre enténébrée , allumait une lampe de verre bleu afin de préparer son unique repas , le même toujours , cru , aigrelet : une salade de laitue baignée de vinaigre .","pour INF à ce NC il VIMP le NCo et , dans le NC PPAS , VIMP un NCo de NCmod ADJCOL ADV de INF DETPOSS ADJ NCo , le même ADVTEMPS , NC , NC : un NC de NCmod ADJ de INF ."
2301,1885_Adam_Chair-molle_N.txt,Jamais elle ne cuisinait un plat chaud par une crainte d' empester sa chambre soigneusement parfumée en tous coins .,ADVTEMPS il ne VIMP un NCo ADJ par un NCSENT de INF DETPOSS NCo ADV PPAS en tout NC .
2302,1885_Adam_Chair-molle_N.txt,"Le repas fini , elle se levait très sérieuse , avec le sentiment de commencer enfin la besogne de le jour .","le NC ADJ , il se VIMP très ADJ , avec le NCSENT de VASP PHASE le NCo de le NCT ."
2303,1885_Adam_Chair-molle_N.txt,"A parfaire sa toilette , Lucie gravement employait un énorme soin .","à INF DETPOSS NCo , NP ADVMAN VIMP un ADJ NCo ."
2304,1885_Adam_Chair-molle_N.txt,"Devant son armoire à glace , c' étaient de continuels tournoiements sur un talon , sur l' autre , de les contorsions de le cou , penché vers l' épaule , pour scruter la draperie habilement chiffonnée de la jupe .","ADVLIEU DETPOSS NC à NCmod , ce être de ADJ NC sur un NCCOR , sur le autre , de le NC de le NCCOR , PPAS vers le NCCOR , pour INF le NCo ADVMAN VSENT de le NCmod ."
2305,1885_Adam_Chair-molle_N.txt,"Elle trempait une serviette dans sa cuvette à dessins roses et se frottait le visage minutieusement , dans les creux .","il VIMP un NCo dans DETPOSS NCmod à NCmod ADJCOL et se VIMP le NCCOR ADV , dans le NCmod ."
2306,1885_Adam_Chair-molle_N.txt,"Après s' être lavée , elle allumait une bougie auprès de la lampe , en face de la glace , pour enrouler la frisure de ses cheveux autour d' une épingle échauffée .","PHASE se être PPAS , il VIMP un NCo ADV de le NC , en NC de le NC , pour INF le NCo de DETPOSS NCCOR ADV de un NC PPAS ."
2307,1885_Adam_Chair-molle_N.txt,La toilette s' achève .,le NCs se VASP .
2308,1885_Adam_Chair-molle_N.txt,"Le corsage fort tendu , moule la taille amincie par le corset .","le NCs fort ADJ , PRES le NCo PPAS par le NC ."
2309,1885_Adam_Chair-molle_N.txt,Lucie se dresse très droite en sa robe collante et elle jette un dernier coup d' œil à la glace .,NP se PRES très ADJ en DETPOSS NC ADJ et il PRES un ADJ NCo de NCmod à le NC .
2310,1885_Adam_Chair-molle_N.txt,Cet examen met à ses lèvres un sourire satisfait .,ce NCs mettre à DETPOSS NCCOR un NCMAN ADJ .
2311,1885_Adam_Chair-molle_N.txt,"Vraiment , elle se trouve ainsi très attrayante .","ADVINT , il se PRES ainsi très ADJ ."
2312,1885_Adam_Chair-molle_N.txt,"Ses cheveux tombent sur le front en frisures molles , laissent une raie blanche entre leur alignement et l' arc de les sourcils .","DETPOSS NCCOR PRES sur le NCCOR en NC ADJ , laisser un NCo ADJCOL entre lui NC et le NC de le NCCOR ."
2313,1885_Adam_Chair-molle_N.txt,"Les yeux , couleur de bronze , ont de chauds reflets .","le NCCOR , NC de NCmod , avoir un NC ADJ ."
2314,1885_Adam_Chair-molle_N.txt,"Avec de le rouge , étendu à la patte de lièvre , elle donne à ses pommettes un éclat rutilant , et ses tempes étaient encadrées par le balancement rythmé de les boucles d' oreilles , larges anneaux d' argent emmelés à les touffes de les cheveux .","ADV de le ADJCOL , PPAS à le NC de NCmod , il PRES à DETPOSS NC un NCo ADJ , et DETPOSS NCCOR être PPAS par le NC ADJ de le NCmod de NCCOR , ADJ NC de NCmod PPAS à le NC de le NCCOR ."
2315,1885_Adam_Chair-molle_N.txt,"Elle admire orgueilleusement ses bras , sa poitrine élevée jusqu' à le menton , ses mains enfermées en de hauts gants de couleur claire .","il PRES ADVMAN DETPOSS NCo , DETPOSS NC ADJ jusque à le NCCOR , DETPOSS NCCOR PPAS en un ADJ NC de NCmod ADJ ."
2316,1885_Adam_Chair-molle_N.txt,"Puis elle se retourne , se cambre , se veut examiner toute et de tous les côtés , ravie de prévoir une chasse heureuse .","puis il se PRES , se PRES , se vouloir INF tout et de tout le NC , NC de INF un NCo ADJ ."
2317,1885_Adam_Chair-molle_N.txt,Tel était le but avoué de ses coquetteries .,tel être le NC ADJ de DETPOSS NCmod .
2318,1885_Adam_Chair-molle_N.txt,"Mais , à le fond , Lucie vivait dans l' adoration absolue de son corps .","mais , à le NC , NP VIMP dans le NCSENT ADJ de DETPOSS NCCOR ."
2319,1885_Adam_Chair-molle_N.txt,"Sur elle-même , elle avait reporté le besoin d' affection qui toujours l' avait tourmentée .","sur elle-même , il avoir PPAS le NCo de NCSENT qui ADVTEMPS le avoir VSENT ."
2320,1885_Adam_Chair-molle_N.txt,"Enfin , elle parfaisait l' harmonique symphonie de les couleurs et de les lignes , en jetant sur ses épaules un cache-poussière , gris perle , à les pans doublés de grenat .","PHASE , il VIMP le ADJ NCo de le NCmod et de le NC , en PPRES sur DETPOSS NCCOR un NC , ADJCOL ADJ , à le NCmod PPAS de ADJCOL ."
2321,1885_Adam_Chair-molle_N.txt,"Sur sa tête elle posait une toque , fixée par un voile blanc enlacé à le cou .","sur DETPOSS NCCOR il VIMP un NCo , PPAS par un NC ADJCOL PPAS à le NCCOR ."
2322,1885_Adam_Chair-molle_N.txt,"Et , la conscience gaie , Lucie descendait pour commencer la tâche quotidienne .","et , le NC ADJ , NP VIMP pour VASP le NCo ADJ ."
2323,1885_Adam_Chair-molle_N.txt,Jamais elle ne quittait la sombre rue de le Bois-Saint-Etienne sans jeter à la clef un regard haineux .,ADVTEMPS il ne VIMP le ADJ NCo de le NP sans INF à le NC un NCMAN ADJ .
2324,1885_Adam_Chair-molle_N.txt,"En entrant dans la rue de les Suaires , elle embrassait d' un coup d' oeil la double sente de les trottoirs , décochant une œillade dès qu' elle apercevait , dominant le fouillis de les vestes et de les robes , la forme haute d' un chapeau .","en PPRES dans le NC de le NCmod , il VIMP de un NC de NCCOR le NCo ADJ de le NCmod , PPRES un NCo dès que il VIMP , PPRES le NCo de le NCmod et de le NC , le NCo ADJ de un NCmod ."
2325,1885_Adam_Chair-molle_N.txt,"Mais cette rue , roulant un flot d' ouvriers et de filles , était vide le plus souvent de michés raccrochables .","mais ce NCs , PPRES un NCo de NCmod et de NC , être PRES le plus ADVTEMPS de NC ADJ ."
2326,1885_Adam_Chair-molle_N.txt,"Rapidement , Lucie gagnait le théâtre et , pour franchir la place , elle aimait retrousser très haut ses jupes , faire admirer leurs dessous propres .","ADVMAN , NP VIMP le NCo et , pour INF le NCo , il VSENT INF très ADV DETPOSS NCo , faire VSENT DETPOSS NCo ADJ ."
2327,1885_Adam_Chair-molle_N.txt,"Elle abordait à le café Jean , portant à le bras un rouleau de musique , elle s' avançait à petits pas , avec de les arrêts brefs devant les boutiques , ou elle bousculait à dessein les hommes pour soupirer aussitôt de captivantes excuses .","il VIMP à le NC NP , PPRES à le NCCOR un NCo de NCmod , il se VIMP à ADJ pas , avec un le NC ADJ ADVLIEU le NCmod , ou il VIMP à NC le NCo pour INF aussitôt un NC ADJ ."
2328,1885_Adam_Chair-molle_N.txt,"Dédaigneusement , elle toisait les femmes , pleine d' un mépris vertueux contre ses collègues de joie , ayant pour la tenue sobre de les dames mariées , une respectueuse compassion .","ADV , il VIMP le NCo , ADJ de un NC ADJ contre DETPOSS NCmod de NCSENT , avoir pour le NC ADJ de le NCmod ADJ , un ADJ NCSENT ."
2329,1885_Adam_Chair-molle_N.txt,"Elle arrivait ainsi à sa première halte , un grand magasin d' orfèvrerie très éclairé .","il VIMP ainsi à DETPOSS ADJ NC , un ADJ NC de NCmod très PPAS ."
2330,1885_Adam_Chair-molle_N.txt,"Quoique les objets de la montre lui fussent connus dans leurs moindres ciselures , elle s' arrêtait , par contenance en se rappelant les hommes coudoyés et leurs mines engageantes ou fâchées .","quoique le NCs de le NCmod lui PRES PPAS dans DETPOSS NC ADJ , il se VIMP , par NC en se PPRES le NCo ADJ et DETPOSS NC ADJ ou ADJ ."
2331,1885_Adam_Chair-molle_N.txt,"Par instants , elle détournait la tête et scrutait la rue .","par NC , il VIMP le NCCOR et VIMP le NCo ."
2332,1885_Adam_Chair-molle_N.txt,"Cependant , reprise quelquefois d' une curiosité , elle restait perdue en une longue observation de l' étalage , oublieuse de son labeur , jusqu' à ce que le contact d' un pardessus masculin ou le frôlement d' une canne l' eut fait retourner .","cependant , PPAS ADVTEMPS de un NCSENT , il VIMP PPAS en un ADJ NC de le NCmod , NC de DETPOSS NCmod , jusque à ce que le NC de un NCmod ADJ ou le NC de un NCmod le avoir faire INF ."
2333,1885_Adam_Chair-molle_N.txt,"D' une marche traînante , elle s' approchait à la gare .","de un NC ADJ , il se VIMP à le NC ."
2334,1885_Adam_Chair-molle_N.txt,"Là de les trains , versaient continuellement sur la place une foule effarée ; et c' était pour Lucie une délicate besogne , deviner la fortune de les débarquants , leurs dispositions à la bien accueillir .","ADVLIEU de le NC , VIMP ADVTEMPS sur le NC un NCo ADJ ; et ce être pour NP un ADJ NC , VCOG le NCo de le NCmod , DETPOSS NC à le bien INF ."
2335,1885_Adam_Chair-molle_N.txt,"Lorsque cette seconde station n' avait point réussi , la fille recommençait en sens inverse , sans répugnance pour ce trajet monotone .","lorsque ce ADJ NCs ne avoir ADV PPAS , le NCs VIMP en NC ADJ , sans NCSENT pour ce NCmod NC ."
2336,1885_Adam_Chair-molle_N.txt,"Sur la grande place , elle attendait longtemps devant les grilles de la halle , indécise à franchir la chaussée , Enfin , elle pénétrait dans la rue Nationale .","sur le ADJ NC , il VIMP longtemps ADVLIEU le NC de le NCmod , PPAS à INF le NCo , PHASE , il VIMP dans le NC ADJ ."
2337,1885_Adam_Chair-molle_N.txt,"La double traînée de les lampadaires , s' étendait à l' infini ; entre eux les lanternes de les voitures se mouvaient jumellement dans un isolement bizarre .","le ADJ NCs de le NCmod , se VIMP à le NC ; entre eux le NCs de le NCmod se VIMP ADV dans un NC ADJ ."
2338,1885_Adam_Chair-molle_N.txt,"À le commencement de la rue , sa tenue hautaine et presque décente , persistait .","à le NC de le NCmod , DETPOSS NCs ADJ et presque ADJ , VIMP ."
2339,1885_Adam_Chair-molle_N.txt,"Mais , quand elle était parvenue à les endroits sombres , ses allures brusquement changeaient .","mais , quand il être PPAS à le NC ADJ , DETPOSS NCMAN ADV VIMP ."
2340,1885_Adam_Chair-molle_N.txt,"Elle se déhanchait , désireuse de prendre une revanche de ses poses austères ; et lasse enfin d' espérer qu' on viendrait à elle , Lucie Thirache raccrochait .","il se VIMP , ADJ de INF un NCo de DETPOSS NCmod ADJ ; et VSENT PHASE de VCOG que on venir à il , NP NP VIMP ."
2341,1885_Adam_Chair-molle_N.txt,"Elle accostait les hommes bien vêtus , en murmurant d' abord quelques propositions d' un air détaché , sans paraître y tenir ; dans la suite , impatientée de sa déveine , elle se faisait pressante et suppliante , avec de les vanteries pour sa virtuosité érotique .","il VIMP le NCo bien ADJ , en VDIC de NC quelque NCo de un NCMAN PPAS , sans paraître y INF ; dans le NC , VSENT de DETPOSS NC , il se faire ADJ et ADJ , avec de le NC pour DETPOSS NCmod ADJ ."
2342,1885_Adam_Chair-molle_N.txt,"À les jours de guignon , dix heures sonnaient avant qu' elle eût réussi à séduire un mâle .","à le NCT de NCmod , NUM NCT VIMP PHASE que il avoir PPAS à VSENT un NCo ."
2343,1885_Adam_Chair-molle_N.txt,"Les rues devenaient désertes , le bruit décroissait confus , Lucie ne distinguait plus à cette heure , qu' un murmure uniforme et vague coupé par le roulement de les voitures attardées .","le NCs devenir ADV , le NCs VIMP ADJ , NP ne VCOG plus à ce NCT , que un NC ADJ et ADJ NC par le NCmod de le NCmod PPAS ."
2344,1885_Adam_Chair-molle_N.txt,On fermait les boutiques .,on VIMP le NCo .
2345,1885_Adam_Chair-molle_N.txt,"Les cafés , par flots , se vidaient .","le NCs , par NCmod , se VIMP ."
2346,1885_Adam_Chair-molle_N.txt,"Le théâtre , à les entr' actes , dégorgeait la foule de les spectateurs et Lucie , revenue sur la place , faisait alors de longues stations , son cache-poussière entrebaillé afin de paraître plus avenante .","le NCs , à le ADV NCmod , VIMP le NCo de le NCmod et NP , PPAS sur le NC , faire alors un ADJ NCo , DETPOSS NC PPAS ADV de paraître plus ADJ ."
2347,1885_Adam_Chair-molle_N.txt,"Lorsque ces manœuvres étaient restées infructueuses , vers onze heures , elle allait à les Bouffes .","lorsque ce NCs être PPAS ADJ , vers NUM NCT , il aller à le NP ."
2348,1885_Adam_Chair-molle_N.txt,"La lourde moiteur de l' atmosphère enfumée l' y réchauffait , l' y grisait ; elle devenait très drôle , très hardie , achevait perdre sa morgue de femme chic .","le ADJ NCs de le NCmod PPAS le y VIMP , le y VSENT ; il devenir très ADJ , très ADJ , VASP INF DETPOSS NCo de NCmod ADJ ."
2349,1885_Adam_Chair-molle_N.txt,"Et , toute folâtre , elle courait de tables en tables , lançant de les calembours .","et , tout NC , il VIMP de NC en NCmod , PPRES de le NC ."
2350,1885_Adam_Chair-molle_N.txt,"Elle quêtait de les cafés , de les chartreuses , en s' asseyant à le coin de les chaises , avec de les rires pour , les hommes , de les frôlements pour leurs moustaches .","il VIMP de le NC , de le NC , en se PPRES à le NC de le NCmod , avec de le NCMAN pour , le NCmod , de le NC pour DETPOSS NCCOR ."
2351,1885_Adam_Chair-molle_N.txt,"Presque toujours , après une demi-heure de ce manège , elle sortait à le bras d' un monsieur .","presque ADVTEMPS , PHASE un NC de ce NCmod , il VIMP à le NCCOR de un monsieur ."
2352,1885_Adam_Chair-molle_N.txt,"Sous le cadran illuminé grand'garde , devant l' enfilade réglementaire de les fiacres , on débattait le prix .","sous le NC PPAS ADJ , ADVLIEU le NCmod ADJ de le NCmod , on VIMP le NCo ."
2353,1885_Adam_Chair-molle_N.txt,"Le marché conclu , on gagnait rapidement la rue de le Bois-Saint-Etienne et l' on montait .","le NC ADJ , on VIMP ADVMAN le NCo de le NP et l' on VIMP ."
2354,1885_Adam_Chair-molle_N.txt,"Lucie Thirache se livrait ainsi , à le premier venu , pour vingt francs .","NP NP se VIMP ainsi , à le ADJ NC , pour NUM NC ."
2355,1885_Adam_Chair-molle_N.txt,"II D' abord , cette vie nouvelle l' enchanta .","NUM de NC , ce NC ADJ le NC ."
2356,1885_Adam_Chair-molle_N.txt,"Dans ces vadrouilles elle était très gaie sans raison sautait , virait , ravie .","dans ce NC il être très PPAS sans NC VIMP , VIMP , NC ."
2357,1885_Adam_Chair-molle_N.txt,"Et à sa fenêtre , pendant les longues heures de solitude rêveuse , elle couvait en silence un monologue joyeux .","et à DETPOSS NC , PHASE le ADJ NCT de NCmod ADJ , il VIMP en NC un NCo ADJ ."
2358,1885_Adam_Chair-molle_N.txt,"Une idée la satisfaisait fort , le projet lentement formé se réalisait enfin : elle faisait expier à les hommes ses misères anciennes .","un NCs le VSENT fort , le NCs ADV PPAS se VCOG PHASE : il faire INF à le NC DETPOSS NCo ADJ ."
2359,1885_Adam_Chair-molle_N.txt,"Aujourd'hui , le souvenir de son premier affolement l' amusait .","ADVT , le NCs de DETPOSS ADJ NCSENT le VSENT ."
2360,1885_Adam_Chair-molle_N.txt,"Avait -elle été assez niaise , en arrivant à Lille , de perdre courage , de se croire la victime de quelque guigne mystérieuse !","avoir il être ADV ADJ , en PPRES à NP , de INF NCo , de se VCOG le NCo de quelque NCmod ADJ !"
2361,1885_Adam_Chair-molle_N.txt,"Elle se rappelait les premiers jours passés dans une dèche désespérante , par horreur de les mâles .","il se VIMP le ADJ NCT PPAS dans un NC ADJ , par NCmod de le NCmod ."
2362,1885_Adam_Chair-molle_N.txt,"Heureusement que la fringale l' en avait tirée , de cette toquade !","heureusement que le NC le en avoir PPAS , de ce NCmod !"
2363,1885_Adam_Chair-molle_N.txt,"La persécution , une guigne ; tout cela était de les contes de grand' mère : elle le savait à présent .","le NC , un NC ; tout cela être de le NC de granun NCmod : il le VCOG à NC ."
2364,1885_Adam_Chair-molle_N.txt,"Sans doute , les malheurs ne lui avaient pas été épargnés , mais elle-même était cause de cette malechance avec sa mollesse et son ignorance de la vie .","sans NCSENT , le NCspas ne lui avoir pas être PPAS , mais elle-même être NC de ce NCmod avec DETPOSS NCmod et DETPOSS NC de le NCmod ."
2365,1885_Adam_Chair-molle_N.txt,Comme les hommes avaient lâchement profité de sa sottise !,comme le NCs avoir ADVMAN PPAS de DETPOSS NC !
2366,1885_Adam_Chair-molle_N.txt,Les salops !,le NC !
2367,1885_Adam_Chair-molle_N.txt,"Elle les avait supportés , pour quelques -uns même elle avait eu de l' attachement .","il le avoir PPAS , pour quelque NC même il avoir avoir de le NC ."
2368,1885_Adam_Chair-molle_N.txt,Plus souvent qu' on l' y repincerait .,plus ADVTEMPS que on le y VCOND .
2369,1885_Adam_Chair-molle_N.txt,"Georges l' avait -il assommée avec ses réflexions idiotes et comme il avait vécu sur sa bourse , pour finir par la planter là quand elle n' avait plus eu d' argent .","NP le avoir il PPAS avec DETPOSS NC ADJ et comme il avoir PPAS sur DETPOSS NC , pour VASP par le INF ADVLIEU quand il ne avoir plus avoir de NC ."
2370,1885_Adam_Chair-molle_N.txt,L' officier Charles lui apparaissait comme un sale poseur ; il l' avait prise pour en faire parade vaniteusement .,le NCs NP lui VIMP comme un ADJ NC ; il le avoir PPAS pour en faire NCo ADV .
2371,1885_Adam_Chair-molle_N.txt,"Bien gagné , l' argent qu' elle avait dépensé à sa guise .","bien PPAS , le NCo que il avoir PPAS à DETPOSS NC ."
2372,1885_Adam_Chair-molle_N.txt,Tous pareils !,tout NC !
2373,1885_Adam_Chair-molle_N.txt,"Léon ne valait pas mieux que le reste : six mois il l' avait poursuivie ; elle aurait été , sans lui , une brave ouvrière , intourmentée .","NP ne VIMP pas mieux que le NC : NUM NCT il le avoir PPAS ; il avoir être , sans lui , un ADJ NC , PPAS ."
2374,1885_Adam_Chair-molle_N.txt,"Elle se remémorait ensuite l' indigne façon dont ce Léon l' avait abandonnée , parce qu' elle s' était amusée un peu en son absence ; comme si ce n' était pas lui qui l' avait habituée à faire la noce !","il se VCOND PHASE le ADJ façon dont ce NP le avoir PPAS , parce que il se être VSENT un peu en DETPOSS NC ; comme si ce ne être pas lui qui le avoir PPAS à faire le NCo !"
2375,1885_Adam_Chair-molle_N.txt,"Tous de les exploiteurs de la femme , de les maquereaux , quoi !","tout de le NCmod de le NCmod , de le NC , quoi !"
2376,1885_Adam_Chair-molle_N.txt,"Bon encore Donard ; celui-là , de le moins , n' était pas hypocrite ... Mais non , lui aussi était une canaille qui poussait sa femme à de sales actions , une si bonne personne , par nature .","NP encore NP ; celui-là , de le moins , ne être pas ADJ ... mais non , lui aussi être un NC qui VIMP DETPOSS NCo à un ADJ NCmod , un si ADJ NC , par NC ."
2377,1885_Adam_Chair-molle_N.txt,"Lucie se méprisait encore davantage en songeant que tous ces types , qui l' avaient roulée , étaient bêtes comme leurs savates , tous plus ou moins rincés par d' autres femmes , de les habiles .","NP se VSENT encore davantage en PPRES que tout ce NCs , qui le avoir PPAS , être ADJ comme DETPOSS NC , tout plus ou moins PPAS par un autre NC , de le NC ."
2378,1885_Adam_Chair-molle_N.txt,Oh !,INTJ !
2379,1885_Adam_Chair-molle_N.txt,mais elle était bien changée ; elle allait leur en faire voir à ces hommes .,mais il être bien PPAS ; il aller lui en faire VCOG à ce NC .
2380,1885_Adam_Chair-molle_N.txt,"Ils pourraient claquer de misère s' il leur plaisait , elle ne se retournerait seulement pas .","il pouvoir INF de NC si il lui VIMP , il ne se VCOND seulement pas ."
2381,1885_Adam_Chair-molle_N.txt,"Ils l' avaient dupée et quand la déveine était venue , nul ne s' était occupé d' elle : elle allait s' occuper d' eux , elle , et c serait drôle .","il le avoir PPAS et quand le NCspas être venir , nul ne se être PPAS de il : il aller se INF de eux , il , et ce être ADJ ."
2382,1885_Adam_Chair-molle_N.txt,"En effet , Lucie s' acharnait à cette haine .","en NC , NP se VIMP à ce VSENT ."
2383,1885_Adam_Chair-molle_N.txt,"Elle se faisait payer à l' avance , très cher ; tout supplément d' amour devait être rémunéré en surplus .","il se faire INF à le NC , très ADJ ; tout ADV de NCSENT devoir être PPAS en NC ."
2384,1885_Adam_Chair-molle_N.txt,"Même , elle les volait .","même , il le VIMP ."
2385,1885_Adam_Chair-molle_N.txt,"Il lui venait un frais rire à la remembrance de le départ quotidien de ses michés , très penauds , sans un sou .","il lui venir un ADJ NCMAN à le NC de le NCmod ADJ de DETPOSS NCmod , très ADJ , sans un NC ."
2386,1885_Adam_Chair-molle_N.txt,"Elle s' estimait devenue sérieuse , une vraie femme ; elle savait enfin raisonner et on ne la reprendrait plus à changer d' avis continuellement , sans motif , comme autrefois .","il se VSENT devenir ADJ , un vrai NC ; il VCOG PHASE INF et on ne le VCOND plus à INF de NC ADVTEMPS , sans NC , comme ADVT ."
2387,1885_Adam_Chair-molle_N.txt,"Cependant , à le plus fort de ces résolutions , souvent elle s' attendrissait en songeant à Léon , son seul amour vrai ; elle se surprenait à regretter ce premier amant : en somme , c' était encore le meilleur de tous .","cependant , à le plus fort de ce NCmod , ADVTEMPS il se VIMP en PPRES à NP , DETPOSS ADJ NCSENT vrai ; il se VIMP à INF ce ADJ NCo : en NC , ce être encore le meilleur de tout ."
2388,1885_Adam_Chair-molle_N.txt,"Celui-là l' aimait pour elle-même , et puis si gentil , si doux .","celui-là le VSENT pour elle-même , et puis si NC , si ADJ ."
2389,1885_Adam_Chair-molle_N.txt,Une fierté la possédait d' avoir été séduite par un homme aussi aimable .,un NCSENT le VIMP de avoir être VSENT par un NC aussi ADJ .
2390,1885_Adam_Chair-molle_N.txt,"Elle se représentait Léon idéalement beau , par une admiration intime de le mâle qui était parvenu à la conquérir .","il se VIMP NP ADV ADJ , par un NCSENT ADJ de le NCmod qui être PPAS à le VSENT ."
2391,1885_Adam_Chair-molle_N.txt,Il ne l' aurait jamais quittée sans les conseils de les amies et de les camarades jaloux de leur liaison .,il ne le avoir ADVTEMPS PPAS sans le NC de le NCmod et de le NC ADJ de lui NCmod .
2392,1885_Adam_Chair-molle_N.txt,"Dans l' esprit de la fille , Léon devenait un être adorable ; elle le désirait .","dans le NC de le NCmod , NP devenir un être ADJ ; il le VSENT ."
2393,1885_Adam_Chair-molle_N.txt,"Et dévêtant les autres amants de leurs qualités , elle en habillait son premier amoureux .","et PPRES le autre NCo de DETPOSS NCmod , il en VIMP DETPOSS ADJ NCo ."
2394,1885_Adam_Chair-molle_N.txt,La revue de les hommes jadis connus recommençait ; de nouvelles infamies se retraçaient en sa mémoire .,le NCs de le NCmod ADV PPAS VIMP ; un ADJ NCs se VIMP en DETPOSS NC .
2395,1885_Adam_Chair-molle_N.txt,"Ce n' est pas Léon qui aurait fait ceci , celà .","ce ne être pas NP qui avoir faire ceci , ADV ."
2396,1885_Adam_Chair-molle_N.txt,Mais ces réflexions servaient encore à affermir ses projets .,mais ce NCs VIMP encore à INF DETPOSS NCo .
2397,1885_Adam_Chair-molle_N.txt,"Elle se jurait qu' elle n' aurait plus ni amour , ni béguin , et formait le plan d' une existence tout emplie par l' idée de l' argent à obtenir .","il se VIMP que il ne avoir plus ni NCSENT , ni NC , et VIMP le NCo de un NCmod tout PPAS par le NC de le NCmod à INF ."
2398,1885_Adam_Chair-molle_N.txt,"L' argent ce devait être son seul but ; elle se devinait très courageuse pour acquérir une fortune , prochainement , entrevoyait à le terme de ses efforts une vie libre , riche , jouisseuse .","le NCs ce devoir être DETPOSS ADJ NC ; il se VCOG très ADJ pour INF un NCo , ADVTEMPS , VIMP à le NC de DETPOSS NCmod un NC ADJ , ADJ , ADJ ."
2399,1885_Adam_Chair-molle_N.txt,"Revenue à Saint-Quentin , elle stupéfierait de son luxe les anciennes camarades d' atelier , serait locataire , dans la rue d' Isle , d' un appartement somptueux .","PPAS à NP , il VSENT de DETPOSS NC le ADJ NCs de NCmod , être NC , dans le NC de NP , de un NC ADJ ."
2400,1885_Adam_Chair-molle_N.txt,"L' idée de cet appartement l' obsédait ; elle y voulait un balcon , d' où elle pourrait regarder librement les promeneurs .","le NCs de ce NCmod le VIMP ; il y vouloir un NCo , de où il pouvoir VCOG ADVMAN le NCo ."
2401,1885_Adam_Chair-molle_N.txt,"Comme les amants d' autrefois , si dédaigneux , rageraient en la voyant traîner à les Champs-Elysées , de les robes de soie , mener en laisse un lévrier .","comme le NCs de ADVT , si ADJ , VSENT en le VCOG INF à le NP , de le NC de NCmod , INF en NC un NCo ."
2402,1885_Adam_Chair-molle_N.txt,"Et puis , elle serait vertueuse et chaste .","et puis , il être ADJ et ADJ ."
2403,1885_Adam_Chair-molle_N.txt,"Elle aurait sa chaise à la Basilique ; elle ferait l' aumône , splendeurs que couronnerait un mariage avec quelque jeune homme vigoureux et beau .","il avoir DETPOSS NC à le NP ; il faire le NCo , NC que VCOND un NCs avec quelque ADJ NCmod ADJ et ADJ ."
2404,1885_Adam_Chair-molle_N.txt,"Tantôt ces songeries se modifiaient , et un horizon si bourgeois lui semblait mesquin .","ADV ce NCs se VIMP , et un NCs si ADJ lui sembler NCo ."
2405,1885_Adam_Chair-molle_N.txt,"Ce qui lui fallait alors c' était Paris , la noce à outrance , la vie élégante et fastueuse .","ce qui lui VIMP alors ce être NP , le NC à NCmod , le NC ADJ et ADJ ."
2406,1885_Adam_Chair-molle_N.txt,Elle pensait à les délices que devait renfermer cette ville idéale dont les commis-voyageurs parlaient avec un enthousiasme vague .,il VCOG à le NC que devoir INF ce NCs ADJ dont le NCs VIMP avec un NC ADJ .
2407,1885_Adam_Chair-molle_N.txt,"A Paris , son luxe la ferait bientôt remarquer .","à NP , DETPOSS NCs le faire bientôt INF ."
2408,1885_Adam_Chair-molle_N.txt,"Toutes les avances seraient éconduites impitoyablement , jusqu' à le jour où s' offrirait à elle l' amant attendu , capable de se donner tout entier , de lui procurer toutes les richesses , de vivre à ses pieds avec une adorante soumission .","tout le NCspas être PPAS ADVMAN , jusque à le NCT où se VCOND à il le NCs PPAS , ADJ de se INF tout ADJ , de lui INF tout le NCo , de INF à DETPOSS NCCOR avec un ADJ NC ."
2409,1885_Adam_Chair-molle_N.txt,"Bien d' autres idées lui venaient encore , différentes , contraires , souvent toute à la fois .","bien un autre NCs lui venir encore , ADJ , NC , ADVTEMPS tout à le fois ."
2410,1885_Adam_Chair-molle_N.txt,"Mais , toujours dans ses rêves , elle se voyait à les bras d' un homme , et le bonheur lui paraissait reposer sur l' affection d' un garçon jeune et fort , qui saurait avoir pour elle l' exquise tendresse de Léon avec de les vigueurs bien autrement voluptueuses .","mais , ADVTEMPS dans DETPOSS NC , il se VCOG à le NCCOR de un NCmod , et le NCSENT lui paraître INF sur le NCSENT de un NCmod ADJ et fort , qui VCOND avoir pour il le ADJ NCo de NP avec de le NCSENT bien ADVINT ADJ ."
2411,1885_Adam_Chair-molle_N.txt,C' est que Lucie avait gardé le furieux besoin de les plaisirs érotiques .,ce être que NP avoir PPAS le ADJ NCo de le NCSENT ADJ .
2412,1885_Adam_Chair-molle_N.txt,"La nuit , elle collait tout à coup ses lèvres brûlantes à le corps de le miché , soupirante .","le NCT , il VIMP tout à NC DETPOSS NCCOR ADJ à le NCCOR de le NCmod , NC ."
2413,1885_Adam_Chair-molle_N.txt,"Elle s' imaginait être ardente par calcul , pour forcer les hommes à la venir retrouver ; mais , à le fond , elle adorait plus que jamais les caresses lascives et s' ingéniait à ressentir de les spasmes encore inperçus .","il se VCOG être ADJ par NC , pour INF le NCo à le venir INF ; mais , à le NC , il VSENT plus que ADVTEMPS le NC ADJ et se VIMP à VSENT de le NC encore ADJ ."
2414,1885_Adam_Chair-molle_N.txt,"Cette poursuite de le plaisir se traduisait dans ses rêveries , par la réminiscence de livres licencieux ou par le regret de n' avoir pas été l' esclave de cette flagrance amoureuse lorsque Léon était avec elle .","ce NCs de le NCSENT se VIMP dans DETPOSS NC , par le NC de NCmod ADJ ou par le NCSENT de ne avoir pas être le NCmod de ce NCmod ADJ lorsque NP être avec il ."
2415,1885_Adam_Chair-molle_N.txt,"Et la vision de ses premières amours se mêlait à ses vœux sensuels , les fardait d' un sentimentalisme qui enthousiasmait Lucie .","et le NCs de DETPOSS ADJ NCSENT se VIMP à DETPOSS NC ADJ , le VIMP de un NC qui VSENT NP ."
2416,1885_Adam_Chair-molle_N.txt,La nuit elle arrachait subitement de sa torpeur l' homme couché à son flanc pour obtenir de lui quelque raffinement de luxure .,le NCT il VIMP ADV de DETPOSS NC le NC PPAS à DETPOSS NC pour INF de lui quelque NCo de NCmod .
2417,1885_Adam_Chair-molle_N.txt,"Ensuite , l' hystérie s' éteignait , la réalité s' imposait vite à la fille lorsque le monsieur se levait avachi , demandant : « Dis donc ?","PHASE , le NCs se VIMP , le NCs se VIMP ADV à le NC lorsque le monsieur se VIMP ADV , PPRES : "" dis donc ?"
2418,1885_Adam_Chair-molle_N.txt,Où est la serviette ?,où être le NC ?
2419,1885_Adam_Chair-molle_N.txt,"» Par un revirement soudain , elle se dégoûtait alors de les plaisirs charnels .",""" par un NC soudain , il se VSENT alors de le NCSENT ADJ ."
2420,1885_Adam_Chair-molle_N.txt,"Elle en venait à estimer une souillure le spasme érotique ; elle regrettait n' avoir point , après l' amour assouvi , de les éphèbes spirituels et beaux , l' entretenant avec douceur de la passion véritable .","il en venir à VSENT un NCo le NC ADJ ; il VIMP ne avoir ADV , PHASE le NCSENT ADJ , de le NC ADJ et ADJ , le PPRES avec NC de le NCSENT véritable ."
2421,1885_Adam_Chair-molle_N.txt,"Une aspiration à une liaison très pure affluait , mais il lui paraissait qu' une telle liaison ne saurait être obtenue sans dépense d' argent .","un NCs à un NCmod très ADJ VIMP , mais il lui paraître que un tel NCs ne VCOND être PPAS sans NC de NCmod ."
2422,1885_Adam_Chair-molle_N.txt,"Ne fallait -il pas , pour cela , avoir de les allures élégantes et honnêtes , attendre surtout les avances .","ne VIMP il pas , pour cela , avoir de le NCMAN ADJ et ADJ , INF surtout le NCo ."
2423,1885_Adam_Chair-molle_N.txt,C' est ainsi que les idées les plus contraires avaient une conclusion commune : raccrocher les mâles et leur enlever l' argent .,ce être ainsi que le NCs le plus ADJ avoir un NCo ADJ : INF le NCo et lui INF le NCo .
2424,1885_Adam_Chair-molle_N.txt,"Et , régulièrement , avec la fixité d' un sérieux devoir , Lucie accomplissait la tâche quotidienne ; elle se donnait à le premier venu , chaque soir , pour un louis payé d' avance .","et , ADVTEMPS , avec le NC de un ADJ devoir , NP VIMP le NCo ADJ ; il se VIMP à le ADJ NC , chaque NCT , pour un NC PPAS de NC ."
2425,1885_Adam_Chair-molle_N.txt,"III Vint l' hiver , un hiver froid , très sec .","NUM venir le NCo , un NC ADJ , très ADJ ."
2426,1885_Adam_Chair-molle_N.txt,"Cependant Lucie recommençait tous les jours sa lente promenade , satisfaite de cette saison qui rendait plus douce à les michés la perspective d' un lit bien chaud .","cependant NP VIMP tout le NCT DETPOSS ADJ NCo , ADJ de ce NCmod qui VIMP plus ADJ à le NC le NCo de un NCmod bien ADJ ."
2427,1885_Adam_Chair-molle_N.txt,Mais l' arrivée hâtive de la nuit contraignait la fille à sortir plus tôt et allongeait la durée de ses vadrouilles .,mais le NCs ADJ de le NCT VIMP le NCo à INF plus tôt et VIMP le NCo de DETPOSS NCmod .
2428,1885_Adam_Chair-molle_N.txt,"Vers sept heures , lorsque déjà nul espoir d' un dîner offert ne lui restait , elle s' arrêtait , prise de faim , devant un magasin d' épiceries , à le coin de les rues Esquermoise et Nationale .","vers NUM NCT , lorsque déjà ADJ NCSENT de un NCmod ADJ ne lui VIMP , il se VIMP , PPAS de NC , ADVLIEU un NC de NCmod , à le NC de le NCmod ADJ et ADJ ."
2429,1885_Adam_Chair-molle_N.txt,"C' était une boutique assez vaste , très éclairée , animée par un continuel défilé d' acheteurs .","ce être un NC ADV ADJ , très PPAS , PPAS par un NC PPAS de NC ."
2430,1885_Adam_Chair-molle_N.txt,"Elle aimait regarder , friande , l' intérieur de le magasin , les bouteilles alignées , les tiroirs jaunes échafaudés et décorés d' étiquettes .","il VSENT VCOG , NC , le NC de le NCmod , le NC PPAS , le NC ADJCOL PPAS et PPAS de NC ."
2431,1885_Adam_Chair-molle_N.txt,"La devanture surtout l' intéressait : de les deux côtés , près la porte , de les caisses renversées s' allongeaient , couvertes d' oranges , de fruits secs , de pruneaux et , sous une vitrine , se tassaient les vermicelles , les macaronis avec ; dessus , les prix en chiffres énormes .","le NCs surtout le VSENT : de le NUM NCs , ADVLIEU le NC , de le NCmod PPAS se VIMP , NC de ADJCOL , de NC ADJ , de NC et , sous un NC , se VIMP le NCo , le NC avec ; ADV , le NCmod en NCmod ADJ ."
2432,1885_Adam_Chair-molle_N.txt,Lucie contemplait ces mangeailles sans perdre de vue les messieurs encombrant le trottoir ; une grande envie lui venait de se repaître .,NP VIMP ce NCo sans INF de NC le NCo PPRES le NCo ; un ADJ NCs lui venir de se INF .
2433,1885_Adam_Chair-molle_N.txt,"Devant le magasin un garçon en longue blouse écrue courait complaisamment d' un client à l' autre , en faisant l' éloge de les denrées .","ADVLIEU le NC un NCs en ADJ NCmod ADJCOL VIMP ADVMAN de un NC à le autre , en faire le NCo de le NCmod ."
2434,1885_Adam_Chair-molle_N.txt,"Lorsque Lucie se décidait à l' achat de mendiants , toujours ses yeux se rencontraient à les yeux bêtes de le vendeur obséquieux et souriant .","lorsque NP se VIMP à le NC de NCmod , ADVTEMPS DETPOSS NCCOR se VIMP à le NCCOR ADJ de le NCmod ADJ et ADJ ."
2435,1885_Adam_Chair-molle_N.txt,"Peu à peu elles' habitua à trouver à le milieu de les comestibles cette face polie et rosée , à les lèvres entr' ouvertes , à le front bas calotté de boucles blondes que séparait une raie droite .","peu à peu ellese VPS à INF à le milieu de le NCmod ce NCo PPAS et PPAS , à le NCCOR entr' NCmod , à le NCCOR ADJ PPAS de NC ADJ que VIMP un NCs ADJ ."
2436,1885_Adam_Chair-molle_N.txt,Bientôt même elle crut voir à son empressement que cet homme lui voulait devenir familier .,bientôt même il VPS VCOG à DETPOSS NC que ce NCs lui vouloir devenir NC .
2437,1885_Adam_Chair-molle_N.txt,"Sa fierté de femme chère , une vanité longuement acquise dans les heures de solitude la rendaient aussitôt fâchée contre cet audacieux .","DETPOSS NCSENT de NCmod ADJ , un NC ADV PPAS dans le NCT de NCmod le VIMP aussitôt VSENT contre ce NC ."
2438,1885_Adam_Chair-molle_N.txt,Elle se garda cependant de fréquenter une autre épicerie ; ce manège l' amusait .,il se VPS cependant de INF un autre NCo ; ce NCs le VSENT .
2439,1885_Adam_Chair-molle_N.txt,"Mais , de ce jour , elle s' efforça à bafouer cet adorateur en prenant , dès qu' elle l' apercevait , un air dédaigneux .","mais , de ce NCT , il se VPS à INF ce NCo en PPRES , dès que il le VIMP , un NCMAN ADJ ."
2440,1885_Adam_Chair-molle_N.txt,"Ce fut contre le malheureux une taquinerie constante , presque une vengeance .","ce être contre le ADJ un NC ADJ , presque un NC ."
2441,1885_Adam_Chair-molle_N.txt,"Elle aimait à l' impatienter de ses questions multiples , le faire courir à l' intérieur de le magasin .","il VSENT à le VSENT de DETPOSS NC ADJ , le faire INF à le NC de le NCmod ."
2442,1885_Adam_Chair-molle_N.txt,Elle lui donnait de l' or pour l' obliger à aller changer à la caisse et .,il lui VIMP de le NC pour le INF à aller INF à le NC et .
2443,1885_Adam_Chair-molle_N.txt,"à son retour , d' impérieuses réclamations l' accueillaient .","à DETPOSS NC , un ADJ NCs le VIMP ."
2444,1885_Adam_Chair-molle_N.txt,— Demandez donc de la petite monnaie à le lieu de ces pièces de cinq francs qui éreintent ma bourse .,— IMP donc de le ADJ NC à le NC de ce NC de NUM NCmod qui PRES DETPOSS NCo .
2445,1885_Adam_Chair-molle_N.txt,"— Mais , madame , il n' y en a plus .","— mais , madame , il ne y en avoir plus ."
2446,1885_Adam_Chair-molle_N.txt,— Dépêchez -vous ou j' irai me plaindre .,— IMP vous ou je VF me INF .
2447,1885_Adam_Chair-molle_N.txt,Le garçon devait se soumettre .,le NCs devoir se INF .
2448,1885_Adam_Chair-molle_N.txt,"Ce fut bien autre chose lorsque Lucie eut appris par un de ses collègues , qu' il avait parié coucher avec elle avant un mois .","ce être bien autre chose lorsque NP avoir VCOG par un de DETPOSS NCmod , que il avoir PPAS INF avec il PHASE un NCT ."
2449,1885_Adam_Chair-molle_N.txt,La fille fut froissée ; de subites honnêtetés s' indignaient en elle .,le NCspas être VSENT ; de NCs ADJ se VIMP en il .
2450,1885_Adam_Chair-molle_N.txt,Volontiers elle avançait l' heure de sa dînette pour maltraiter l' amoureux téméraire .,NP il VIMP le NCT de DETPOSS NCmod pour INF le NCo ADJ .
2451,1885_Adam_Chair-molle_N.txt,Ses songeries avaient pris un objet fixe : humilier cet homme .,DETPOSS NCs avoir PPAS un NCo ADJ : VSENT ce NCo .
2452,1885_Adam_Chair-molle_N.txt,L' épicier accapara ses méditations .,le NCs VPS DETPOSS NCo .
2453,1885_Adam_Chair-molle_N.txt,Longtemps cette rigueur dura .,longtemps ce NCs VPS .
2454,1885_Adam_Chair-molle_N.txt,"Mais un jour Lucie s' étant montrée trop méprisante , le garçon devint très pâle .","mais un NCT NP se être PPAS trop ADJ , le NCs devenir très ADJ ."
2455,1885_Adam_Chair-molle_N.txt,La fille fût touchée .,le NCspas être PPAS .
2456,1885_Adam_Chair-molle_N.txt,"Ses agaceries , à les premiers temps très plaisantes , l' ennuyaient déjà ; et elle se sentit brusquement apitoyée , repentante , prise pour l' infortuné d' une grande sympathie : — Allons , allons , ne vous faites pas tant de mauvais sang ; à le fond , vous savez , moi je suis une bonne fille .","DETPOSS NCs , à le ADJ temps très ADJ , le VIMP déjà ; et il se sentir ADV VSENT , ADJ , PPAS pour le NC de un ADJ NCSENT : — NP , NC , ne vous faire pas tant de ADJ NCCOR ; à le NC , vous VCOG , soi je être un ADJ NC ."
2457,1885_Adam_Chair-molle_N.txt,"Allons , voyons , je ne vous tourmenterai plus , seulement il faut que vous soyez convenable .","NP , VCOG , je ne vous VSENT plus , seulement il PRES que vous être ADJ ."
2458,1885_Adam_Chair-molle_N.txt,L' indignation avait disparu ; en Lucie persistait seule une compassion pour sa victime .,le NCSENT avoir PPAS ; en NP VIMP ADJ un NCSENT pour DETPOSS NCmod .
2459,1885_Adam_Chair-molle_N.txt,Elle se promit réparer ses torts par d' amicales paroles .,il se VPS INF DETPOSS NCo par un ADJ NC .
2460,1885_Adam_Chair-molle_N.txt,"Et vite , entre eux , s' établit une familiarité bavarde .","et ADV , entre eux , se PRES un NCs ADJ ."
2461,1885_Adam_Chair-molle_N.txt,Souvent la fille stationnait pour communiquer à le vendeur de les réflexions complaisantes sur le temps ou les denrées exposées ; dans la suite ils se confièrent leurs tracas .,ADVTEMPS le NCs VIMP pour INF à le NC de le NCmod ADJ sur le temps ou le NC PPAS ; dans le NC il se PRES DETPOSS NCo .
2462,1885_Adam_Chair-molle_N.txt,"Lui raconta les ennuyeuses fatigues de le métier , elle narra la brutalité de les hommes .","il VPS le ADJ NCo de le NCmod , il VF le NCo de le NCmod ."
2463,1885_Adam_Chair-molle_N.txt,Elle l' appelait par son prénom Zéphyr .,il le VIMP par DETPOSS NC NP .
2464,1885_Adam_Chair-molle_N.txt,Elle se décida même à trouver passables ses gros yeux bleus .,il se VPS même à INF ADJ DETPOSS ADJ NCCOR ADJCOL .
2465,1885_Adam_Chair-molle_N.txt,"Il avait une blouse toujours très propre , un grand col ouvert , une cravate verte , une bague à le doigt .","il avoir un NCo ADVTEMPS très ADJ , un ADJ NC ADJ , un NC ADJCOL , un NC à le NCCOR ."
2466,1885_Adam_Chair-molle_N.txt,Cependant Lucie ne découvrait en elle nul amour pour ce mâle .,cependant NP ne VIMP en il nul NCSENT pour ce NC .
2467,1885_Adam_Chair-molle_N.txt,Malgré de les instances réitérées et suppliantes elle ne céda point .,NC de le NCmod ADJ et ADJ il ne VPS ADV .
2468,1885_Adam_Chair-molle_N.txt,"Les galanteries de Zéphyr la trouvaient très froide , fâchée .","le NCs de NP le VIMP très ADJ , VSENT ."
2469,1885_Adam_Chair-molle_N.txt,L' offre d' un louis ne put la déterminer .,le NCs de un NCmod ne pouvoir le INF .
2470,1885_Adam_Chair-molle_N.txt,"Elle avait la conviction d' une supériorité sociale et , s' intéressant toujours à Zéphyr , elle aurait cru déchoir en acceptant ses propositions .","il avoir le NCo de un NCmod ADJ et , se VSENT ADVTEMPS à NP , il avoir PPAS INF en PPRES DETPOSS NCo ."
2471,1885_Adam_Chair-molle_N.txt,"Chaque jour , vers midi , elle le rencontrait dans un cabaret de la rue de les Suaires où il mangeait .","chaque NCT , vers NC , il le VIMP dans un NC de le NCmod de le NP où il VIMP ."
2472,1885_Adam_Chair-molle_N.txt,"Et , pendant qu' elle faisait pomper la bière dans son broc d' étain , il lui contait de les histoires qu' elle trouvait drôles .","et , PHASE que il faire INF le NCo dans DETPOSS NC de NCmod , il lui VIMP de le NC que il VIMP ADJ ."
2473,1885_Adam_Chair-molle_N.txt,"IV Un matin de mars , Lucie Thirache contait dans ce cabaret les péripéties d' une atroce agression qu' elle avait subie la nuit précédente .","NUM un NCT de MOIS , NP NP VIMP dans ce NC le NCo de un NCmod NCSENT que il avoir PPAS le NCT ADJ ."
2474,1885_Adam_Chair-molle_N.txt,"A prolonger son récit , à user sa douleur en l' avivant sans cesse par d' épouvantables évocations , elle ressentait un intime soulagement ; et , comme Zéphyr venait d' entrer , elle reprit sa narration dans une avidité de rééditer ses souffrances .","à INF DETPOSS NCo , à INF DETPOSS NCSENT en le PPRES sans NC par un ADJ NC , il VSENT un ADJ NCSENT ; et , comme NP venir de INF , il VPS DETPOSS NCo dans un NC de INF DETPOSS NCSENT ."
2475,1885_Adam_Chair-molle_N.txt,"Deux hommes distingués et riches par l' apparence , l' avaient accompagnée chez elle , puis l' avaient insultée , battue , et elle s' était défendue courageusement .","NUM NCs VCOG et ADJ par le NC , le avoir PPAS chez il , puis le avoir PPAS , PPAS , et il se être PPAS ADVMAN ."
2476,1885_Adam_Chair-molle_N.txt,"Devant les clients matineux , ouvriers vêtus de velours brun , commères en jupes sales , fillettes en longs sarraux noirs , à la natte frétillante , Lucie se faisait très brave , se dépeignait une femme forte , ayant su résister vigoureusement à leurs brutalités : — Je leur en ai lâché de ces injures ; j' en pouvais plus , quoi !","ADVLIEU le NC ADJ , NC PPAS de NCmod ADJCOL , NC en NCmod ADJ , NC en ADJ NCmod ADJ , à le NCmod ADJ , NP se faire très ADJ , se VIMP un NCs fort , avoir VCOG INF ADVMAN à DETPOSS NC : — je lui en avoir PPAS de ce NC ; je en pouvoir plus , quoi !"
2477,1885_Adam_Chair-molle_N.txt,"Et puis , ils n' avaient qu' à s' en aller .","et puis , il ne avoir que à se en aller ."
2478,1885_Adam_Chair-molle_N.txt,Ah bien oui !,INTJ bien oui !
2479,1885_Adam_Chair-molle_N.txt,"Quand ils m' ont vu en rage comme ça , ils ont pris les chaises , ma toilette , mon armoire à glace ; il m' ont tout fichu par terre , avec de les coups de poings , de les coups de pieds !","quand il lui avoir VCOG en NCSENT comme ça , il avoir PPAS le NCo , DETPOSS NC , DETPOSS NC à NCmod ; il lui avoir tout PPAS par NC , avec de le NC de NCmod , de le NCmod de NCCOR !"
2480,1885_Adam_Chair-molle_N.txt,Mes pauvres meubles !,DETPOSS NC ADJ !
2481,1885_Adam_Chair-molle_N.txt,"Qu' ils étaient encore si beaux , que j' aurais voulu ... Sa phrase s' acheva en un long gémissement .","que il être encore si ADJ , que je avoir vouloir ... DETPOSS NCs se VASP en un ADJ NC ."
2482,1885_Adam_Chair-molle_N.txt,"La fille , penchée sur l' épaule de Zéphyr , pleurait à verse , tachant son peignoir rouge , trouvant canaille , sans oser le dire , l' indifférence de les auditeurs qui , l' un après l' autre , s' en allaient , calant d' un coup d' épaule leurs paquets d' outils sur l' omoplate , modérant de la main le balancement de la musette pendue à le coude .","le NCs , PPAS sur le NCCOR de NP , VCOND à NC , PPRES DETPOSS NCo ADJCOL , PPRES NCo , sans INF le VDIC , le VSENT de le NCmod qui , le un PHASE le autre , se en aller , PPRES de un NC de NCCOR DETPOSS NCo de NCmod sur le NCmod , PPRES de le NCCOR le NCo de le NCmod PPAS à le NCCOR ."
2483,1885_Adam_Chair-molle_N.txt,"Et tous , en partant , lançaient de les consolations : — Voyons , il faut vous calmer ; avec une mine comme la vôtre vous en acheterez bientôt de les autres de meubles .","et tout , en PPRES , VIMP de le NCSENT : — VCOG , il PRES vous VSENT ; avec un NC comme le nôtre vous en VF bientôt de le autre de NCmod ."
2484,1885_Adam_Chair-molle_N.txt,"— Moi je serais de vous , j' aurais un revolver .","— soi je être de vous , je avoir un NC ."
2485,1885_Adam_Chair-molle_N.txt,Lucie sanglotait .,NP VIMP .
2486,1885_Adam_Chair-molle_N.txt,"Mais une femme ayant insinué qu' elle avait eu tort de recevoir deux hommes à la fois , elle se fâcha , oubliant aussitôt son chagrin .","mais un NCs avoir VDIC que il avoir avoir NCo de INF NUM NCo à le fois , il se VSENT , VCOG aussitôt DETPOSS NCSENT ."
2487,1885_Adam_Chair-molle_N.txt,"— Tiens , si vous croyez qu' on fait ce qu' on veut dans cette saloperie de métier -là .","— NP , si vous PRES que on faire ce que on vouloir dans ce NC de NCmod ADVLIEU ."
2488,1885_Adam_Chair-molle_N.txt,"— Fallait pas le prendre , ma fille !","— VIMP pas le INF , DETPOSS NC !"
2489,1885_Adam_Chair-molle_N.txt,— J' aurais bien voulu vous y voir .,— je avoir bien vouloir vous y VCOG .
2490,1885_Adam_Chair-molle_N.txt,"— C' est égal , si t' étais restée honnête , ça ne te serait pas arrivée .","— ce être ADJ , si lui être PPAS ADJ , ça ne me être pas PPAS ."
2491,1885_Adam_Chair-molle_N.txt,— Honnête !,— NC !
2492,1885_Adam_Chair-molle_N.txt,"Et toi tu l' es , honnête ?","et soi je le es , ADJ ?"
2493,1885_Adam_Chair-molle_N.txt,— Un peu plus que toi à le moins .,— un peu plus que soi à le moins .
2494,1885_Adam_Chair-molle_N.txt,"— Hé va donc , grand chameau , c' est parce que t' as pas de physique .","— NP aller donc , ADJ NC , ce être parce que lui avoir pas de NCo ."
2495,1885_Adam_Chair-molle_N.txt,Bien sûr que tu ne trouverais pas deux hommes pour vouloir monter chez toi .,bien ADJ que je ne VCOND pas NUM NCo pour vouloir INF chez soi .
2496,1885_Adam_Chair-molle_N.txt,"— De le calme , hein !","— de le NCSENT , ADJ !"
2497,1885_Adam_Chair-molle_N.txt,Mamzelle de le trottoir !,Mamzelle de le NCmod !
2498,1885_Adam_Chair-molle_N.txt,"— Attends un peu , toi !","— NCmod un peu , soi !"
2499,1885_Adam_Chair-molle_N.txt,Lucie fut retenue par Zéphyr .,NP être PPAS par NP .
2500,1885_Adam_Chair-molle_N.txt,"Contente d' avoir un prétexte pour ne se pas colleter , elle se débattait , menaçait violemment son adversaire qui battait en retraite , très digne ; puis elle se laissa entraîner dans la rue .","NC de avoir un NCo pour ne se pas INF , il se VIMP , VDIC ADVMAN DETPOSS NCo qui VIMP en NC , très ADJ ; puis il se laisser INF dans le NC ."
2501,1885_Adam_Chair-molle_N.txt,"Lentement , ils marchaient côte à côte .","ADV , il VIMP NCo à NCmod ."
2502,1885_Adam_Chair-molle_N.txt,Une grande animation grouillait .,un ADJ NCs VIMP .
2503,1885_Adam_Chair-molle_N.txt,"De les camions roulaient bruyants , éclaboussaient la file de les passants affairés qui s' accrochaient à les paniers encombrants traînés à le bras de les repasseuses .","de le NC VIMP ADJ , VIMP le NCs de le NCmod PPAS qui se VIMP à le NC ADJ PPAS à le NCCOR de le NCmod ."
2504,1885_Adam_Chair-molle_N.txt,Cette foule s' agitait impitoyable à côté de Lucie qui s' exaspérait : — En voilà une putain !,ce NCs se VIMP ADJ à NC de NP qui se VSENT : — en voilà un NC !
2505,1885_Adam_Chair-molle_N.txt,Une femme à cent sous !,un NC à NUM NCmod !
2506,1885_Adam_Chair-molle_N.txt,Une paillasse à soldats !,un NC à NCmod !
2507,1885_Adam_Chair-molle_N.txt,"Zéphyr très calme raisonnait : « Pour sûr , c' était une rosse , mais Lucie avait déjà bien assez de malheur comme ça sans s' occuper encore d' une pareille grue .","NCs très NCSENT VIMP : "" pour ADV , ce être un NC , mais NP avoir déjà bien ADV de NC comme ça sans se INF encore de un ADJ NC ."
2508,1885_Adam_Chair-molle_N.txt,"» Cette allusion rappela l' aventure de la nuit , et la douleur de la fille , un instant distraite , la ressaisit .",""" ce NCs VPS le NCo de le NCT , et le NCSENT de le NCmod , un NC VSUBP , le NC ."
2509,1885_Adam_Chair-molle_N.txt,Ils étaient arrivés à le coin de la rue de le Bois-Saint-Etienne .,il être PPAS à le NC de le NCmod de le NP .
2510,1885_Adam_Chair-molle_N.txt,"Zéphyr prodiguait de les paroles consolantes , semblait très content d' être initié à les petites affaires de Lucie .","NP VIMP de le NC ADJ , sembler très ADJ de être PPAS à le ADJ NC de NP ."
2511,1885_Adam_Chair-molle_N.txt,"Elle , toujours pleurante , énumérait les dégâts , s' attardait à une foule de détails , heureuse de la pitié qu' elle inspirait .","il , ADVTEMPS ADJ , VCOND le NCo , se VIMP à un NC de NCmod , ADJ de le VSENT que il VIMP ."
2512,1885_Adam_Chair-molle_N.txt,"Instinctivement elle regardait la clef , comme pour une prière .","ADV il VCOG le NCo , comme pour un NC ."
2513,1885_Adam_Chair-molle_N.txt,"— Moi non plus , allez , je n' ai jamais eu de chance , conclut Zéphyr .","— soi non plus , aller , je ne avoir ADVTEMPS avoir un NC , PRES NP ."
2514,1885_Adam_Chair-molle_N.txt,Il raconta longuement son renvoi de l' épicerie où il avait été victime d' ignobles jalousies .,il VPS ADV DETPOSS NCo de le NCmod où il avoir être IMP de ADJ NC .
2515,1885_Adam_Chair-molle_N.txt,Lucie fut intéressée par l' histoire .,NP être VSENT par le NC .
2516,1885_Adam_Chair-molle_N.txt,Elle compatit et demanda d' exactes explications .,il VPS et VPS un ADJ NCo .
2517,1885_Adam_Chair-molle_N.txt,"Mais , soudain , la vue de sa fenêtre ressuscita ses récriminations .","mais , soudain , le NCs de DETPOSS NCmod ressusciter DETPOSS NCo ."
2518,1885_Adam_Chair-molle_N.txt,"Et , tandis que l' homme se complaisait à décrire sa misère , tandis qu' il narrait les intrigues de sa patronne , de ses camarades , s' entraînait à les insulter , leur jurant de les vengeances , la fille de nouveau sanglotait , à peine attentive .","et , PHASE que le NCs se VIMP à INF DETPOSS NCo , PHASE que il VCOND le NCo de DETPOSS NCmod , de DETPOSS NC , se VIMP à le INF , lui NC de le NCmod , le NCs de ADJ VIMP , à NCSENT ADJ ."
2519,1885_Adam_Chair-molle_N.txt,"Elle en vint à trouver ennuyeuses les doléances de le garçon : cette épopée d' un autre malheur , graduellement l' importunait .","il en venir à INF ADJ le NCo de le NCmod : ce NC de un autre NCmod , ADV le VSENT ."
2520,1885_Adam_Chair-molle_N.txt,"Elle n' écouta plus , agacée .","il ne VCOG plus , VSENT ."
2521,1885_Adam_Chair-molle_N.txt,Le temps était couvert .,le temps être ADJ .
2522,1885_Adam_Chair-molle_N.txt,"De les nuages gris se mouvaient lentement ; l' atmosphère lourde , chargée de pluie , accrochait une brume laiteuse à les angles de les maisons .","de le NC ADJCOL se VIMP ADV ; le NCs ADJ , PPAS de NC , VIMP un NCo ADJ à le NC de le NCmod ."
2523,1885_Adam_Chair-molle_N.txt,Et le roulement monotone de les voitures attrista encore Lucie honteuse de pleurer dans la rue .,et le NCs NC de le NCmod VSENT encore NP ADJ de INF dans le NC .
2524,1885_Adam_Chair-molle_N.txt,"Espérant aussi que le spectacle de les dégâts apitoierait davantage son compagnon , elle l' invita à visiter l' appartement .","VCOG aussi que le NCs de le NCmod VCOND davantage DETPOSS NCo , il le VPS à INF le NCo ."
2525,1885_Adam_Chair-molle_N.txt,"En entrant , la dévastation de la pièce navra .","en PPRES , le NCs de le NCmod VF ."
2526,1885_Adam_Chair-molle_N.txt,"L' armoire à glace renversée gisait à terre , la corniche à le plancher .","le NCs à NCmod PPAS VIMP à NC , le NCo à le NCmod ."
2527,1885_Adam_Chair-molle_N.txt,Partout de les paillettes de verre doublé de tain scintillaient .,ADV de le NC de NCmod PPAS de NC VIMP .
2528,1885_Adam_Chair-molle_N.txt,"La cuvette était sur le tapis en morceaux ; l' eau s' était épandue de le pot brisé , noircissant les rosaces .","le NCs être sur le NC en NCmod ; le NCs se être PPAS de le NC PPAS , PPRES le NCo ."
2529,1885_Adam_Chair-molle_N.txt,"À le milieu de la pièce s' étalait , arrachée de son cadre , lacérée , une gentille lithographie : deux amoureux s' embrassant sur une escarpolette .","à le milieu de le NCmod se VIMP , PPAS de DETPOSS NC , PPAS , un NC NCmod : NUM NCs se PPRES sur un NC ."
2530,1885_Adam_Chair-molle_N.txt,Zéphyr allait d' un meuble à l' autre .,NP aller de un NC à le autre .
2531,1885_Adam_Chair-molle_N.txt,"De le plat de la main , à grands coups , il rajustait les montures de les chaises .","de le NC de le NCCOR , à ADJ NCmod , il VIMP le NCo de le NCmod ."
2532,1885_Adam_Chair-molle_N.txt,Il releva l' armoire et ramassa les débris de la glace .,il VPS le NCo et VPS le NCo de le NCmod .
2533,1885_Adam_Chair-molle_N.txt,"Cependant , Lucie s' était vautrée sur le canapé , la face tournée à le mur , sans souci de le désordre de sa toilette , car le peignoir dégraffé opprimait moins sa poitrine soulevée par le halètement de les sanglots .","cependant , NP se être PPAS sur le NC , le NC PPAS à le NC , sans NCSENT de le NCmod de DETPOSS NCmod , car le NCs ADJ VIMP moins DETPOSS NCo PPAS par le NC de le NCmod ."
2534,1885_Adam_Chair-molle_N.txt,Elle était prise d' une rage furieuse contre ces inconnus exempts maintenant de sa juste vengeance .,il être PPAS de un NCSENT ADJ contre ce NCmod ADJ ADVT de DETPOSS ADJ NC .
2535,1885_Adam_Chair-molle_N.txt,Elle se comprit victime à jamais de la funeste influence de les hommes .,il se VCOG NCo à ADVTEMPS de le ADJ NC de le NCmod .
2536,1885_Adam_Chair-molle_N.txt,"Dans une inconsciente sollicitation , elle avait pris les mains de Zéphyr et les serrait .","dans un ADJ NC , il avoir PPAS le NCCOR de NP et le VIMP ."
2537,1885_Adam_Chair-molle_N.txt,Lui répétait sans cesse : « Quelles canailles !,"il VIMP sans NC : "" quel NC !"
2538,1885_Adam_Chair-molle_N.txt,Quelles canailles !,quel NC !
2539,1885_Adam_Chair-molle_N.txt,» — Oh !,""" — INTJ !"
2540,1885_Adam_Chair-molle_N.txt,"tous de les cochons , je vous dis , de les voyous qui se foutent de les femmes , parce qu' ils sont les plus forts .","tout de le NCmod , je vous VDIC , de le NC qui se PRES de le NC , parce que il être le plus fort ."
2541,1885_Adam_Chair-molle_N.txt,"Ainsi , croyez -vous que c' est pas ignoble , ce qu' ils m' ont fait !","ainsi , VCOG lui que ce être pas ADJ , ce que il lui avoir faire !"
2542,1885_Adam_Chair-molle_N.txt,"Et puis , toujours ça a été la même chose , et il n' y a pas moyen que j' en sorte .","et puis , ADVTEMPS ça avoir être le même chose , et il ne y avoir pas ADJ que je en sorte ."
2543,1885_Adam_Chair-molle_N.txt,"Autrefois j' aurais gagné ma vie , mais maintenant je ne sais même plus faire une reprise ; et c' est encore leur faute .","ADVT je avoir PPAS DETPOSS NCo , mais ADVT je ne VCOG même plus faire un NCo ; et ce être encore lui NC ."
2544,1885_Adam_Chair-molle_N.txt,Oh !,INTJ !
2545,1885_Adam_Chair-molle_N.txt,"mais c' est bien fini , j' y renonce , j' aimerais mieux me jeter à l' eau que de coucher encore avec , un : ils se valent tous .","mais ce être bien VASP , je y PRES , je VSENT mieux me INF à le NC que de INF encore avec , un : il se PRES tout ."
2546,1885_Adam_Chair-molle_N.txt,"— Et moi , insinua Zéphyr , croyez -vous que je ne suis pas un brave garçon , qui vous aime bien .","— et soi , insinua NP , VCOG lui que je ne être pas un ADJ NC , qui vous VSENT bien ."
2547,1885_Adam_Chair-molle_N.txt,"Tout bas , tendrement , il lui fit l' aveu de son affection .","tout ADJ , ADVMAN , il lui faire le NCo de DETPOSS NCSENT ."
2548,1885_Adam_Chair-molle_N.txt,"Toujours il l' avait aimée , c' est pour cela qu' il était si malheureux quand elle le méprisait .","ADVTEMPS il le avoir VSENT , ce être pour cela que il être si ADJ quand il le VSENT ."
2549,1885_Adam_Chair-molle_N.txt,Oh !,INTJ !
2550,1885_Adam_Chair-molle_N.txt,"s' il était d' elle , comme il quitterait cette vie -là , comme il enverrait promener ces sales bourgeois qui se croient tout permis à cause de leur argent : « On voit bien que vous ne connaissez pas les hommes de votre rang qui n' ont pas de les masses d' argent , mais aussi qui ne sont pas fiers , pas méchants .","si il être de il , comme il VCOND ce NCo ADVLIEU , comme il VCOND INF ce ADJ NCo qui se PRES tout permettre à NC de lui NCmod : "" on VCOG bien que vous ne PRES pas le NCo de DETPOSS NCmod qui ne avoir pas de le NC de NCmod , mais aussi qui ne être pas ADJ , pas ADJ ."
2551,1885_Adam_Chair-molle_N.txt,"» D' abord , dans sa détresse , Lucie Thirache avait oublié le sexe de son ami .",""" de NC , dans DETPOSS NCSENT , NP NP avoir VCOG le NCo de DETPOSS NCmod ."
2552,1885_Adam_Chair-molle_N.txt,"A l' entendre parler d' amour , elle ressentit une joie , décidée à repousser toutes ses prières , à le faire payer pour les autres .","à le VCOG INF de NCSENT , il VSENT un NCSENT , PPAS à INF tout DETPOSS NCo , à le faire INF pour le autre ."
2553,1885_Adam_Chair-molle_N.txt,"Mais , comme elle écoutait attentivement , étonnée par ce genre de supplications soumises qu' elle n' avait pas entendues depuis longtemps , elle admira la justesse de ces réflexions ; elle se rappela avoir eu déjà les mêmes idées .","mais , comme il VCOG ADV , VSENT par ce NC de NCmod PPAS que il ne avoir pas VCOG depuis longtemps , il VSENT le NCo de ce NCmod ; il se VPS avoir avoir déjà le même NCo ."
2554,1885_Adam_Chair-molle_N.txt,Peu à peu sa douleur disparaissait .,peu à peu DETPOSS NCSENT VIMP .
2555,1885_Adam_Chair-molle_N.txt,A la tension de ses nerfs succédait un amollissement .,à le NC de DETPOSS NCCOR VIMP un NCo .
2556,1885_Adam_Chair-molle_N.txt,Son oreille distraite trouvait un plaisir à recueillir de tendres paroles .,DETPOSS NCCOR ADJ VIMP un NCSENT à INF un ADJ NCo .
2557,1885_Adam_Chair-molle_N.txt,"Lui , toujours très doux , avec de les inflexions chantantes , poursuivait l' aveu de sa passion .","il , ADVTEMPS très ADJ , avec de le NC ADJ , VIMP le NCo de DETPOSS NCSENT ."
2558,1885_Adam_Chair-molle_N.txt,"Il louait les manières de la fille , la bonté que marquait son visage et qui avait dû être la cause de ses infortunes .","il VIMP le NCo de le NCmod , le NCSENT que VIMP DETPOSS NCCOR et qui avoir devoir être le NC de DETPOSS NCmod ."
2559,1885_Adam_Chair-molle_N.txt,Lucie regardait le mur sans voir ; machinalement elle répétait tout bas les phrases de l' homme qui lui semblaient harmonieuses .,NP VCOG le NCo sans VCOG ; ADV il VIMP tout ADJ le NCo de le NCmod qui lui VIMP ADJ .
2560,1885_Adam_Chair-molle_N.txt,"L' émotion de la nuit , sa rage durant de les heures l' avait brisée .","le NCSENT de le NCT , DETPOSS NCSENT ADV de le NCT le avoir PPAS ."
2561,1885_Adam_Chair-molle_N.txt,"Elle ne pensait plus , impuissante à former une idée .","il ne VCOG plus , ADJ à INF un NCo ."
2562,1885_Adam_Chair-molle_N.txt,"Vainement elle essayait résister par le raisonnement à les tentatives de le garçon , bientôt elle retombait dans une torpeur avachie , et se laissait bercer par les discours de Zéphyr , qui acquéraient en son esprit une croissante vigueur .","ADV il VIMP INF par le NC à le NCmod de le NCmod , bientôt il VIMP dans un NC ADJ , et se laisser INF par le NC de NP , qui VIMP en DETPOSS NC un ADJ NCSENT ."
2563,1885_Adam_Chair-molle_N.txt,"Puis , toute à ses réflexions , elle n' écouta plus .","puis , tout à DETPOSS NC , il ne VCOG plus ."
2564,1885_Adam_Chair-molle_N.txt,"Elle songeait à la possibilité d' une vie honnête et calme , qu' elle imaginait charmante .","il VIMP à le NC de un NCmod ADJ et NCSENT , que il VCOG ADJ ."
2565,1885_Adam_Chair-molle_N.txt,Seulement de les lambeaux de phrases lui arrivaient que Zéphyr lançait plus haut .,seulement de le NCs de NCmod lui VIMP que NP VIMP plus ADJ .
2566,1885_Adam_Chair-molle_N.txt,"Maintenant il dépeignait la félicité d' un ménage à deux : « C' est pas moi qui vous mépriserais : il faut bien vivre , n' est -ce pas ; je ne vous reprocherais jamais rien , je vous aime trop pour çaIl n' y aurait jamais de querelles ..... On vivrait si tranquille , qu' on nous prendrait pour de les gens mariés ..... Les dimanches on irait se promener bras-dessus , bras-dessous La semaine , tous les matins , on se rendrait ensemble à le travail ..... Et puis , elle pouvait toujours essayer , ça n' engageait à rien .","ADVT il VIMP le NCSENT de un NCmod à NUM : "" ce être pas soi qui vous VCOND : il PRES bien INF , ne être ce pas ; je ne vous VCOND ADVTEMPS rien , je vous VSENT trop pour NP ne y avoir ADVTEMPS de NC ..... on VCOND si ADJ , que on nous VCOND pour de le NC ADJ ..... le ADVT on aller se INF ADV , ADV le NC , tout le NCT , on se VCOND ensemble à le NC ..... et puis , il pouvoir ADVTEMPS INF , ça ne VIMP à rien ."
2567,1885_Adam_Chair-molle_N.txt,"» Lucie se sentait enlacée , pressée amoureusement .",""" NP se sentir PPAS , PPAS ADVMAN ."
2568,1885_Adam_Chair-molle_N.txt,"Une voix chevrotante , bien humble , répétait : « Eh bien , dites , voulez-vous , dites , voulez-vous .","un NCMAN ADJ , bien ADJ , VIMP : "" INTJ bien , VDIC , lulez-voui , VDIC , lulez-voui ."
2569,1885_Adam_Chair-molle_N.txt,"» Elle , toute espéranto , enchantée de cet avenir naïvement vertueux et honorable , confiante en une existence heureuse et tranquille , qui l' abriterait de les mépris et de les brutalités , se jeta dans les bras de Zéphyr brusquement , par reconnaissance pour ses promesses d' amour , les seules entendues ainsi formulées depuis Léon .",""" il , tout NC , VSENT de ce NC ADV ADJ et ADJ , ADJ en un NC ADJ et ADJ , qui le VCOND de le NC et de le NC , se VPS dans le NCCOR de NP ADV , par NC pour DETPOSS NCmod de NCSENT , le ADJ NC ainsi PPAS depuis NP ."
2570,1885_Adam_Chair-molle_N.txt,"V L' averse s' épanchait à grand bruit , striait le noir , effaçait les angles de les maisons basses où de maigres lueurs s' irradiaient derrière de les rideaux trop diaphanes .","NUM le NCs se VIMP à ADJ NC , VIMP le NCo , VIMP le NCo de le NCmod ADJ où de ADJ NCs se VIMP ADVLIEU de le NC trop ADJ ."
2571,1885_Adam_Chair-molle_N.txt,"Lucie Thirache inspectait la rue Malpart , à peine éclairée par les coups de lumière que dardaient les rares boutiques ouvertes .","NP NP VIMP le NCo NP , à NCSENT PPAS par le NC de NCmod que VIMP le ADJ NCs ADJ ."
2572,1885_Adam_Chair-molle_N.txt,"Seules , quelques flaques boueuses miroitaient .","ADJ , quelque NCs ADJ VIMP ."
2573,1885_Adam_Chair-molle_N.txt,"Elle s' arrêta , tendant à les baisers humides d' un miché ses lèvres indifférentes .","il se VPS , PPRES à le NC ADJ de un NCmod DETPOSS NCCOR ADJ ."
2574,1885_Adam_Chair-molle_N.txt,"Elle releva son parapluie , tâcha à couvrir le chapeau de le monsieur très ivre , qui l' enlaçait ; elle scruta l' obscur pour s' assurer si son amant était en vue .","il PRES DETPOSS NCo , NC à INF le NCo de le monsieur très INF , qui le VIMP ; il VPS le NCo pour se INF si DETPOSS NCs être en NC ."
2575,1885_Adam_Chair-molle_N.txt,Elle réfléchit : « Tant pis ; il l' ennuyait à la fin avec ses jalousies bêtes !,"il PRES : "" ADV ADJ ; il le VSENT à le NC avec DETPOSS NC ADJ !"
2576,1885_Adam_Chair-molle_N.txt,Si on ne pouvait plus rien faire !,si on ne pouvoir plus rien faire !
2577,1885_Adam_Chair-molle_N.txt,"Et puis , pour ce qu' il gagnait !","et puis , pour ce que il VIMP !"
2578,1885_Adam_Chair-molle_N.txt,"Elle ne pouvait pourtant pas aller quêter de l' ouvrage de boutique en boutique , ah non , par exemple !","il ne pouvoir pourtant pas aller INF de le NC de NCmod en NCmod , INTJ non , par NC !"
2579,1885_Adam_Chair-molle_N.txt,"» Une crainte cependant la tenait anxieuse : il lui fallait conduire l' homme raccroché dans la chambre commune , au-dessus de le magasin où travaillait Zéphyr , et si on était aperçus , ce serait une jolie scène .",""" un NCSENT cependant le VIMP ADJ : il lui VIMP INF le NCo PPAS dans le NC ADJ , ADVLIEU de le NC où VIMP NP , et si on être PPAS , ce être un ADJ NC ."
2580,1885_Adam_Chair-molle_N.txt,"Elle restait à le bord de le trottoir , indécise , très embarrassée .","il VIMP à le NC de le NCmod , NC , très VSENT ."
2581,1885_Adam_Chair-molle_N.txt,"Mais l' apparition brusque de l' amant à le seuil de l' épicerie , lui donna comme un coup et dissipa son incertitude .","mais le NCs ADJ de le NCmod à le NCmod de le NCmod , lui VPS comme un NC et VSENT DETPOSS NCo ."
2582,1885_Adam_Chair-molle_N.txt,"Avec une crânerie moqueuse elle emmena le miché jusque -là , le poussa dans un étroit couloir , recommandant : « Monte , mon chéri , c' est la première porte en haut ; la clef est dessus ; il y a une bougie et de les allumettes sur la table ; je te rejoins .","avec un NC ADJ il VPS le NCo jusque ADVLIEU , le VPS dans un ADJ NC , PPRES : "" NP , DETPOSS NC , ce être le ADJ NC en NCmod ; le NCmod être ADV ; il y avoir un NCo et de le NC sur le NC ; je me PRES ."
2583,1885_Adam_Chair-molle_N.txt,"» Et , dissimulant ses appréhensions sous un air d' autorité câline , elle s' appuya à le bras de Zéphyr , sérieusement résolue à imposer sa volonté : — Tu sais , mon petit homme , tu serais bien gentil de ne pas venir ce soir ; non , vrai , il n' y a pas moyen que tu viennes .",""" et , PPRES DETPOSS NCSENT sous un NCMAN de NCmod ADJ , il se VPS à le NCCOR de NP , ADVMAN PPAS à INF DETPOSS NCo : — je VCOG , DETPOSS ADJ NC , je être bien ADJ de ne pas venir ce NCT ; non , vrai , il ne y avoir pas ADJ que je ADJ ."
2584,1885_Adam_Chair-molle_N.txt,Lui se taisait .,il se VIMP .
2585,1885_Adam_Chair-molle_N.txt,A sa face le sang affluait ; il semblait figé par une stupeur .,à DETPOSS NC le NCCOR VIMP ; il sembler PPAS par un NCSENT .
2586,1885_Adam_Chair-molle_N.txt,"La femme devina quelle colère l' avait saisi ; elle craignit un éclat brusque et , pour le prévenir , dans un flot de paroles dolentes , elle plaida , sans fin : — Ne te fâche pas , je t' en prie , faut pas m' en vouloir , tu sais .","le NCs VCOG quel NCSENT le avoir PPAS ; il VSENT un NCo ADJ et , pour le INF , dans un NC de NCmod ADJ , il VPS , sans NC : — ne me VSENT pas , je lui en NC , PRES pas se en vouloir , je PRES ."
2587,1885_Adam_Chair-molle_N.txt,"Je t' aime bien , tu sais , car sans cela je serais riche à présent .","je lui VSENT bien , je VCOG , car sans cela je être PRES à NC ."
2588,1885_Adam_Chair-molle_N.txt,"Peux -tu bien croire que je pourrais te lâcher , après avoir fait tout ça pour toi ?","pouvoir il bien VCOG que je pouvoir me INF , PHASE avoir faire tout ça pour soi ?"
2589,1885_Adam_Chair-molle_N.txt,"Crois -tu que je pourrais te faire de les queues , pour le plaisir , avec de les types que j' ai jamais tant vus , et puis laids ... Oh !","VCOG il que je pouvoir me faire de le NC , pour le NCSENT , avec de le NC que je avoir ADVTEMPS tant VCOG , et puis ADJ ... INTJ !"
2590,1885_Adam_Chair-molle_N.txt,"tu ne sais pas quelle tête il a , celui-ci ... Mais nous avons de les dettes ... Elle les énuméra nombreuses , très lourdes , et elle reprit : — Ah !","je ne VCOG pas quel NCCOR il avoir , celui-ci ... mais nous PRES de le NC ... il le NP ADJ , très ADJ , et il VPS : — INTJ !"
2591,1885_Adam_Chair-molle_N.txt,si nous étions plus riches !,si nous être plus ADJ !
2592,1885_Adam_Chair-molle_N.txt,"c' est là que je les enverrais paître , un bon coup , les michés !","ce être ADVLIEU que je le VCOND INF , un ADJ NC , le NC !"
2593,1885_Adam_Chair-molle_N.txt,"Dis , tu le sais bien , tu ne m' en veux pas ?","dis , je le VCOG bien , je ne lui en vouloir pas ?"
2594,1885_Adam_Chair-molle_N.txt,"Dis P D' un seul trait , sans une pause , Lucie avait précipité les mots , enfilé les phrases .","VDIC NP de un ADJ NC , sans un NC , NP avoir PPAS le NCo , PPAS le NCo ."
2595,1885_Adam_Chair-molle_N.txt,"Puis elle s' arrêta , fit un pas en arrière pour feindre un départ .","puis il se VPS , faire un pas en NCmod pour INF un NCo ."
2596,1885_Adam_Chair-molle_N.txt,"Elle sentait bien la querelle interminée , mais elle voulait marquer à son amant la fermeté de sa résolution .","il sentir bien le NCo ADJ , mais il vouloir INF à DETPOSS NC le NCSENT de DETPOSS NCmod ."
2597,1885_Adam_Chair-molle_N.txt,"Lui , se tenait toujours adossé à la porte , immobile .","il , se VIMP ADVTEMPS PPAS à le NC , ADJ ."
2598,1885_Adam_Chair-molle_N.txt,"— Allons , c' est entendu , n' est -ce pas ?","— NP , ce être VCOG , ne être ce pas ?"
2599,1885_Adam_Chair-molle_N.txt,"dit Lucie , qui recula , apeurée par ce silence .","VDIC NP , qui VPS , VSENT par ce NC ."
2600,1885_Adam_Chair-molle_N.txt,"Alors Zéphyr éclata : — Tu vas rester ici , tu entends !","alors NP NP : — je ADV INF ADVLIEU , je VCOG !"
2601,1885_Adam_Chair-molle_N.txt,Ah !,INTJ !
2602,1885_Adam_Chair-molle_N.txt,"il ne faut pas te foutre de moi comme ça ; je sais bien ce qu' il en est , va ... Avec ça que je t' ai pas vue entrer , l' autre jour , avec de les hommes chez Merlin , à les Trois Pigeons , dans tous ces garnis , de les vrais bordels !","il ne PRES pas me foutre de soi comme ça ; je VCOG bien ce que il en être , aller ... avec ça que je lui avoir pas PPAS INF , le autre NCT , avec de le NCmod chez NP , à le NUM NP , dans tout ce NCmod , de le vrai NCmod !"
2603,1885_Adam_Chair-molle_N.txt,"Et sa voix montait ; il criait , levant les poings .","et DETPOSS NCMAN VIMP ; il VDIC , PPRES le NCo ."
2604,1885_Adam_Chair-molle_N.txt,"Elle fut vexée de se voir découverte ; mais , comprenant que ces reproches permettaient une diversion , elle s' attarda à s' excuser avec de faciles mensonges : on l' espionnait , c' était de le propre , et on se trompait encore .","il être VSENT de se VCOG ADJ ; mais , VCOG que ce NCs permettre un NCo , il se VPS à se INF avec un ADJ NC : on le VIMP , ce être de le ADJ , et on se VIMP encore ."
2605,1885_Adam_Chair-molle_N.txt,"À les Trois Pigeons , c' était Louise qui y demeurait avec Angèle , et les hommes c' étaient leurs amants .","à le NUM NC , ce être NP qui y VIMP avec NP , et le NC ce être DETPOSS NC ."
2606,1885_Adam_Chair-molle_N.txt,"Bien vrai , conclut -elle , si on ne peut plus parler à un homme , maintenant !","bien vrai , PRES il , si on ne pouvoir plus INF à un NC , ADVT !"
2607,1885_Adam_Chair-molle_N.txt,— Oh !,— INTJ !
2608,1885_Adam_Chair-molle_N.txt,"oui , comme c' est malin !","oui , comme ce être ADJ !"
2609,1885_Adam_Chair-molle_N.txt,Si tu crois que je coupe là-dedans .,si je VCOG que je PRES NCo .
2610,1885_Adam_Chair-molle_N.txt,"Marche toujours ; je sais bien ce qui en est ; tu veux refaire la noce , voilà tout .","NC ADVTEMPS ; je VCOG bien ce qui en être ; je vouloir INF le NCo , voilà tout ."
2611,1885_Adam_Chair-molle_N.txt,"Tu en as plein le dos de t' être mise avec moi , voilà tout .","je en NC ADJ le NCCOR de lui être mettre avec soi , voilà tout ."
2612,1885_Adam_Chair-molle_N.txt,Tu veux encore te faire éreinter la carcasse par ces cochons de bourgeois !,je vouloir encore me faire INF le NC par ce NC de NCmod !
2613,1885_Adam_Chair-molle_N.txt,"Et puis , Zyphyr , c' est bon quand il n' y en a pas d' autre ... — Tiens , tu me fais suer !","et puis , NP , ce être ADJ quand il ne y en avoir pas un autre ... — NP , je me faire INF !"
2614,1885_Adam_Chair-molle_N.txt,"Lucie , qui jusqu' alors avait fixé sur son amant de les yeux férocement attentifs , haussa les épaules , comme excédée par l' insanité de ces réclamations .","NP , qui jusque alors avoir PPAS sur DETPOSS NC de le NCCOR ADVINT ADJ , VPS le NCCOR , comme VSENT par le NC de ce NCmod ."
2615,1885_Adam_Chair-molle_N.txt,"Elle se détourna , se mit à contempler la vitrine de l' épicerie , à compter les yeux d' un gruyère qui embrassait , dans une entaille triangulaire , un bocal de cornichons et de les boîtes de fil ; puis son regard se reporta sur les images d' Épinal qui tapissaient le fond , accrochées à une ficelle par de les pinces de bois .","il se VPS , se mettre à INF le NCo de le NCmod , à INF le NCCOR de un NCmod qui VIMP , dans un NC ADJ , un NCo de NCmod et de le NC de NCmod ; puis DETPOSS NCMAN se VPS sur le NC de NP qui VIMP le NCo , PPAS à un NC par un le NCmod de NCmod ."
2616,1885_Adam_Chair-molle_N.txt,"Elle s' intéressa presque à ces colorations enfantines , jusqu' à le moment où Zéphyr , qui s' était d' abord épandu en lamentations sur son malheur , finit par lui défendre de ramener cet homme dans sa chambre .","il se VSENT presque à ce NC ADJ , jusque à le NC où NP , qui se être de NC PPAS en NC sur DETPOSS NC , VASP par lui INF de INF ce NCo dans DETPOSS NC ."
2617,1885_Adam_Chair-molle_N.txt,"— De quoi , de quoi , ta chambre ?","— de quoi , de quoi , ter NCmod ?"
2618,1885_Adam_Chair-molle_N.txt,Mais v'la de beaux jours que c' est moi qui la paie cette cambuse !,mais VPS un ADJ NCT que ce être soi qui le PRES ce NC !
2619,1885_Adam_Chair-molle_N.txt,"Tu pourrais bien dire notre chambre , à le moins ; et puis , nous verrons un peu si tu oses lui secouer la paillasse , t' es trop feignant pour ça .","je pouvoir bien VDIC DETPOSS NCo , à le moins ; et puis , nous VCOG un peu si je ADJ lui INF le NCo , lui être trop PPRES pour ça ."
2620,1885_Adam_Chair-molle_N.txt,"Sans cesse la voix de l' amant s' élevait avec de les intonations furieuses , éveillant la rue de son silence mort .","NP VASP le NCMAN de le NCmod se VIMP avec de le NC ADJ , PPRES le NCo de DETPOSS NCmod ADJ ."
2621,1885_Adam_Chair-molle_N.txt,"Le rideau d' une fenêtre en face , s' était soulevé , et une tête avait apparu , le front collé à la vitre .","le NCs de un NCmod en NCmod , se être PPAS , et un NCCOR avoir PPAS , le NCCOR PPAS à le NC ."
2622,1885_Adam_Chair-molle_N.txt,"Lucie l' aperçut , et gênée de cet espionnage , elle répondit tout bas : — Bon !","NP le VPS , et VSENT de ce NC , il VDIC tout ADJ : — NP !"
2623,1885_Adam_Chair-molle_N.txt,"tu seras encore bien content de venir déjeûner avec moi , demain .","je ADJ encore bien ADJ de venir INF avec soi , ADVT ."
2624,1885_Adam_Chair-molle_N.txt,— Ah ça !,— INTJ ça !
2625,1885_Adam_Chair-molle_N.txt,"pour qui me prends -tu , sale putain !","pour qui me PRES il , ADJ ADJ !"
2626,1885_Adam_Chair-molle_N.txt,hurla Zéphyr .,VDIC NP .
2627,1885_Adam_Chair-molle_N.txt,"Non tu sais , j' en suis pas encore là .","non je VCOG , je en être pas encore ADVLIEU ."
2628,1885_Adam_Chair-molle_N.txt,"Il avait empoigné le bras de la fille et le serrait avec de les secousses brutales si bien que Lucie d' abord contente d' avoir excité cette colère , se fâcha tout à fait .","il avoir PPAS le NCCOR de le NCmod et le NC avec de le NC ADJ si bien que NP de NC ADJ de avoir VSENT ce NCSENT , se VSENT tout à NC ."
2629,1885_Adam_Chair-molle_N.txt,— Ah !,— INTJ !
2630,1885_Adam_Chair-molle_N.txt,Monsieur n' en est pas encore là !,monsieur ne en être pas encore ADVLIEU !
2631,1885_Adam_Chair-molle_N.txt,Elle est bonne celle -là !,il être ADJ celui ADVLIEU !
2632,1885_Adam_Chair-molle_N.txt,"Mais mon pauvre ami , voilà trois mois que tu en es là , trois mois que je t' entretiens comme un joli petit macq que tu es .","mais DETPOSS ADJ NCs , voilà NUM NCT que je en être ADVLIEU , NUM NCT que je lui PRES comme un NC ADJ NCmod que je être ."
2633,1885_Adam_Chair-molle_N.txt,"Elle s' emporta , furieuse , déballant les raisons qui lui faisaient juger son amant un souteneur .","il se VPS , ADJ , PPRES le NCo qui lui faire INF DETPOSS NCo un NC ."
2634,1885_Adam_Chair-molle_N.txt,Et il n' avouait pas !,et il ne VDIC pas !
2635,1885_Adam_Chair-molle_N.txt,Il protestait !,il VIMP !
2636,1885_Adam_Chair-molle_N.txt,Ce manque de bonne foi l' indignait .,ce NCs de ADJ NCmod le VSENT .
2637,1885_Adam_Chair-molle_N.txt,"Elle lui reprochait rageusement la modicité de sa paye , son égoïsme , sa tenue propre , la manière infâme dont il avait profité d' une minute d' égarement pour s' attacher à elle « comme une sangsue , » et l' exploiter .","il lui VIMP ADVMAN le NCo de DETPOSS NCmod , DETPOSS NC , DETPOSS NC ADJ , le NC ADJ dont il avoir PPAS de un NCT de NCmod pour se INF à il "" comme un NC , "" et le INF ."
2638,1885_Adam_Chair-molle_N.txt,"Ensuite , quand elle fut à bout d' injures , elle s' attendrit sur elle-même , afin de trouver un thème à récriminations .","PHASE , quand il être à NC de NCmod , il se PRES sur elle-même , ADV de INF un NCo à NCmod ."
2639,1885_Adam_Chair-molle_N.txt,— Toujours faut que ces cochons d' hommes me fassent périr de misère !,— ADVTEMPS PRES que ce NCs de NCmod me faire INF de NC !
2640,1885_Adam_Chair-molle_N.txt,Qu' est -ce que j' ai donc fait pour être malheureuse comme ça .,que être ce que je avoir donc faire pour être ADJ comme ça .
2641,1885_Adam_Chair-molle_N.txt,Elle pleurait .,il VIMP .
2642,1885_Adam_Chair-molle_N.txt,"Un flot d' idées tristes l' envahissait , elle rappelait son luxe perdu , sa vie de noce enterrée .","un NCs de NCmod ADJ le VIMP , il VIMP DETPOSS NCo ADJ , DETPOSS NC de NCmod PPAS ."
2643,1885_Adam_Chair-molle_N.txt,— Tant pis pour toi !,— tant PPAS pour soi !
2644,1885_Adam_Chair-molle_N.txt,Fallait pas venir !,VIMP pas venir !
2645,1885_Adam_Chair-molle_N.txt,Le ton très dur de Zéphyr fit comprendre à Lucie qu' elle avait été trop loin .,le NC très ADJ de NP faire VCOG à NP que il avoir être trop ADVLIEU .
2646,1885_Adam_Chair-molle_N.txt,"Elle craignit que l' épicier ne s' en fût pour toujours ; et , dans une vague terreur de l' inconnu , empoignée aussi par un amour-propre à la pensée d' être lâchée , elle se fit aimante et douce , transigea : « Elle n' avait pu faire autrement que le suivre ; il le savait bien ; il l' avait conquise tout entière .","il PRES que le NCs ne se en être pour ADVTEMPS ; et , dans un NC NCSENT de le NCmod , PPAS aussi par un NC à le NCmod de être PPAS , il se faire ADJ et ADJ , VPS : "" il ne avoir pouvoir faire ADVINT que le NC ; il le VCOG bien ; il le avoir VSENT tout ADJ ."
2647,1885_Adam_Chair-molle_N.txt,"Et cependant , aujourd'hui , il méritait bien qu' elle le quittât .","et cependant , ADVT , il VIMP bien que il le VSUBI ."
2648,1885_Adam_Chair-molle_N.txt,Mais ce lui était impossible .,mais ce lui être ADJ .
2649,1885_Adam_Chair-molle_N.txt,"» Elle continua longtemps , larmoyante , d' une voix triste , avec de les regards tendres .",""" il VPS longtemps , ADJ , de un NCMAN ADJ , avec de le NCMAN ADJ ."
2650,1885_Adam_Chair-molle_N.txt,"Elle avait poussé Zéphyr dans l' intérieur de l' épicerie et lui , semblait s' intéresser peu à peu à son discours , refouler sa colère .","il avoir PPAS NP dans le NC de le NCmod et lui , sembler se VSENT peu à peu à DETPOSS NC , INF DETPOSS NCSENT ."
2651,1885_Adam_Chair-molle_N.txt,Il hochait de les doutes qu' elle sentait être tout d' apparence .,il VIMP de le NCSENT que il sentir être tout de NC .
2652,1885_Adam_Chair-molle_N.txt,"Alors , elle reprit son idée première , peignit les créanciers en courroux , démontra la nécessité d' un prompt paiement .","alors , il VPS DETPOSS NCo ADJ , VPS le NCo en NCSENT , VPS le NCo de un ADJ NCmod ."
2653,1885_Adam_Chair-molle_N.txt,"— Et puis , tu sais ( oh !","— et puis , je PRES ( INTJ !"
2654,1885_Adam_Chair-molle_N.txt,ça je te le jure !,ça je me le NCo !
2655,1885_Adam_Chair-molle_N.txt,") , après ce coup là , ce sera tout ; je ne recommencerai plus jamais ce métier -là .",") , PHASE ce NC ADVLIEU , ce être tout ; je ne VF plus ADVTEMPS ce NC ADVLIEU ."
2656,1885_Adam_Chair-molle_N.txt,"Pour sûr , ce sera la dernière fois .","pour ADV , ce être le ADJ fois ."
2657,1885_Adam_Chair-molle_N.txt,Oh !,INTJ !
2658,1885_Adam_Chair-molle_N.txt,"ça , je te le jure .","ça , je me le NC ."
2659,1885_Adam_Chair-molle_N.txt,"— Non , non , non , il arrivera ce qu' il arrivera , mais je ne veux pas .","— non , non , non , il VF ce que il VF , mais je ne vouloir pas ."
2660,1885_Adam_Chair-molle_N.txt,"— Non , mon chéri , je t' assure que personne n' en saura rien .","— non , DETPOSS NC , je lui PRES que personne ne en VCOG rien ."
2661,1885_Adam_Chair-molle_N.txt,"Et laissant cette affirmation , elle étala un amour exagéré pour son amant , une sollicitude de sa santé et de son bien-être : sans argent il n' aurait plus ni tabac , ni linge , ni monnaie de cabaret , et cela lui faisait de la peine .","et laisser ce NCo , il VPS un NCSENT PPAS pour DETPOSS NC , un NC de DETPOSS NCmod et de DETPOSS NCSENT : sans NC il ne avoir plus ni NC , ni NC , ni NC de NCmod , et cela lui faire de le NCSENT ."
2662,1885_Adam_Chair-molle_N.txt,"Elle amassait les raisons , pressée d' en finir , craignant que l' ivrogne , en haut , ne s' impatientât .","il VIMP le NCo , PPAS de en VASP , VSENT que le NCs , en NC , ne se VSENT ."
2663,1885_Adam_Chair-molle_N.txt,"Et elle finissait par croire à ses paroles , se trouvant très bonne , très dévouée , jugeant Zéphyr bien méchant de résister si longtemps à de pareilles supplications .","et il VASP par VCOG à DETPOSS NC , se PPRES très ADJ , très PPAS , PPRES NP bien ADJ de INF si longtemps à un ADJ NC ."
2664,1885_Adam_Chair-molle_N.txt,"— Tiens , c' est demain dimanche .","— NP , ce être ADVT ADVT ."
2665,1885_Adam_Chair-molle_N.txt,"Si tu veux , nous irons à Roubaix par le tramway à vapeur ; ce sera gentil , hein ?","si je vouloir , nous PRES à NP par le NC à NCmod ; ce être ADJ , ADJ ?"
2666,1885_Adam_Chair-molle_N.txt,Elle espérait cette promesse concluante et la brutale réponse de Zéphyr la désespéra : — Hé je m' en fous pas mal !,il VCOG ce NCo ADJ et le ADJ NC de NP le NC : — PPAS je lui en NCmod pas mal !
2667,1885_Adam_Chair-molle_N.txt,— Oh !,— INTJ !
2668,1885_Adam_Chair-molle_N.txt,"ne dis pas cela , mon petit homme !","ne VDIC pas cela , DETPOSS ADJ NCo !"
2669,1885_Adam_Chair-molle_N.txt,"Et en revenant donc , en revenant , dis , Zéphyr , qu' est -ce qu' on fera ?","et en PPRES donc , en PPRES , dis , NP , que être ce que on faire ?"
2670,1885_Adam_Chair-molle_N.txt,"Réponds-moi , voyons , à le lieu de faire une vilaine figure comme ça .","NP , VCOG , à le NC de faire un NCo NCCOR comme ça ."
2671,1885_Adam_Chair-molle_N.txt,"Lucie , se levant sur la pointe de les pieds , voulut atteindre de ses lèvres la bouche de son amant .","NP , se PPRES sur le NC de le NCCOR , vouloir INF de DETPOSS NCCOR le NCCOR de DETPOSS NCmod ."
2672,1885_Adam_Chair-molle_N.txt,"— Fous -moi la paix , nom de Dieu !","— ADJ soi le NC , NC de NP !"
2673,1885_Adam_Chair-molle_N.txt,c' est dégoûtant à la fin .,ce être PPRES à le NC .
2674,1885_Adam_Chair-molle_N.txt,— Oh !,— INTJ !
2675,1885_Adam_Chair-molle_N.txt,ne sois pas méchant comme ça !,ne NC pas ADJ comme ça !
2676,1885_Adam_Chair-molle_N.txt,"Faut pas m' en vouloir , tu sais bien que je t' aime bien .","falloir pas le en vouloir , je PRES bien que je lui VSENT bien ."
2677,1885_Adam_Chair-molle_N.txt,— Je ne dis pas .,— je ne VDIC pas .
2678,1885_Adam_Chair-molle_N.txt,Mais c' est rudement infect tout de même .,mais ce être ADVMAN ADJ tout de même .
2679,1885_Adam_Chair-molle_N.txt,Et dire que si j' avais de l' argent ces saletés n' arriveraient pas .,et VDIC que si je avoir de le NCo ce NC ne VIMP pas .
2680,1885_Adam_Chair-molle_N.txt,Oh !,INTJ !
2681,1885_Adam_Chair-molle_N.txt,"de le reste , je ne veux pas ; si tu y tiens , tu n' as qu' à débarrasser le plancher .","de le NC , je ne vouloir pas ; si je y PRES , je ne avoir que à INF le NCo ."
2682,1885_Adam_Chair-molle_N.txt,"Lucie , sûre maintenant de vaincre , enfila ses excuses en suivant ce nouvel ordre d' idées : — Qu' est -ce que tu veux , mon chéri , faut prendre la vie comme elle vient ; et puis nous avons toujours notre amour , ça console de tout .","NP , ADJ ADVT de INF , VPS DETPOSS NCo en PPRES ce ADJ NCo de NCmod : — que être ce que je vouloir , DETPOSS NC , PRES INF le NCo comme il venir ; et puis nous avoir ADVTEMPS DETPOSS NCSENT , ça PRES de tout ."
2683,1885_Adam_Chair-molle_N.txt,"— Oh , si encore c' était sûr , ça !","— INTJ , si encore ce être ADJ , ça !"
2684,1885_Adam_Chair-molle_N.txt,"La fille l' enlaça , échauffa dans une longue étreinte le corps de son amant , sans parler , mais soupirante ; et comme Zéphyr observait involontairement : — Tiens v'là le type qui s' en va , elle le serra plus fort puis se dégagea rapidement , contente , victorieuse .","le NCs le VPS , VPS dans un ADJ NC le NCCOR de DETPOSS NCmod , sans INF , mais ADJ ; et comme NP VIMP ADV : — NP v'là le NCo qui se en aller , il le VF plus fort puis se VPS ADVMAN , ADJ , ADJ ."
2685,1885_Adam_Chair-molle_N.txt,"VI Le lendemain , Lucie dut aller chercher à l' épicerie , Zéphir qui faisait mine de ne plus vouloir rentrer .","NUM le NC , NP devoir aller INF à le NC , NP qui faire NCo de ne plus vouloir INF ."
2686,1885_Adam_Chair-molle_N.txt,La scène recommença .,le NCs VPS .
2687,1885_Adam_Chair-molle_N.txt,"Les mêmes récriminations s' échangèrent , et comme la veille , tous deux finirent par accuser la misère .","le même NCs se VPS , et comme le NC , tout NUM VASP par VDIC le NCo ."
2688,1885_Adam_Chair-molle_N.txt,"Mais , fermement , ils décidèrent lutter désormais contre la mauvaise chance .","mais , ADVMAN , il VPS INF ADV contre le ADJ NC ."
2689,1885_Adam_Chair-molle_N.txt,"Mieux valait manger par jour une seule fois , que recourir encore à un pareil métier .","mieux VIMP INF par NCT un ADJ fois , que INF encore à un NC ADJ ."
2690,1885_Adam_Chair-molle_N.txt,Et bientôt la misère revint .,et bientôt le NCs VPS .
2691,1885_Adam_Chair-molle_N.txt,"Pour la chasser , Lucie , sans en rien dire d' abord , usa de les mêmes moyens .","pour le INF , NP , sans en rien VDIC de NC , VPS de le même NC ."
2692,1885_Adam_Chair-molle_N.txt,"Et Zéphir s' en étant aperçu , elle répondit à ses reproches par un invincible argument : « Il faut vivre , se vêtir et manger .","et Zéphir se en être PPAS , il VDIC à DETPOSS NC par un ADJ NC : "" il PRES INF , se INF et INF ."
2693,1885_Adam_Chair-molle_N.txt,"» Cependant le gain , facile lui remit en l' esprit ses rêves ambitieux .",""" cependant le NCs , ADJ lui VPS en le NC DETPOSS NCo ADJ ."
2694,1885_Adam_Chair-molle_N.txt,"De nouveau , elle songea à les richesses , à ses projets de bonheur luxueux et ce fut un grand mérite à son sens , vouloir ainsi donner le bien-être à Zéphir , un si brave garçon .","de ADJ , il VPS à le NC , à DETPOSS NC de NCSENT ADJ et ce être un ADJ NC à DETPOSS NCmod , vouloir ainsi INF le NCSENT à NP , un si ADJ NC ."
2695,1885_Adam_Chair-molle_N.txt,"Pour le consoler de ses déboires amoureux , elle lui ménageait une surprise , le dimanche , quand la semaine avait été bonne : une partie de campagne , une excursion en Belgique .","pour le INF de DETPOSS NC ADJ , il lui VIMP un NCSENT , le ADVT , quand le NCs avoir être ADJ : un NC de NCmod , un NC en NP ."
2696,1885_Adam_Chair-molle_N.txt,"Ils faisaient de folles ripailles , une débauche de charcuterie , arrosée de bière blanche .","il faire de folle NC , un NC de NCmod , PPAS de NC ADJCOL ."
2697,1885_Adam_Chair-molle_N.txt,Très vite l' épicier prit goût à cette existence ; ses réclamations se firent moins vives ; ses derniers scrupules fuyaient dans l' amollissement de cette vie commode .,très ADV le NCs VPS NCo à ce NC ; DETPOSS NCs se faire moins ADJ ; DETPOSS ADJ NCs VIMP dans le NC de ce NCmod ADJ .
2698,1885_Adam_Chair-molle_N.txt,"Alors , Lucie , sûre de n' être pas entravée , ne garda plus de mesure .","alors , NP , ADJ de ne être pas PPAS , ne VPS plus de NC ."
2699,1885_Adam_Chair-molle_N.txt,Et l' argent redevint l' unique objet de ses pensées .,et le NCs VPS le ADJ NCo de DETPOSS NCmod .
2700,1885_Adam_Chair-molle_N.txt,"Un étranger , presque chaque soir , occupait la chambre de Zéphyr .","un NCs , presque chaque NCT , VIMP le NCo de NP ."
2701,1885_Adam_Chair-molle_N.txt,"Lui , derrière la .","il , ADVLIEU le ."
2702,1885_Adam_Chair-molle_N.txt,"porte , attendait la part de le louis payé d' avance , pour aller coucher ailleurs .","NCs , VIMP le NCo de le NCmod PPAS de NC , pour aller INF ADVLIEU ."
2703,1885_Adam_Chair-molle_N.txt,"Dans les premiers temps , il avait voulu étourdir ses rages jalouses , oublier le mépris de soi qui le peignait , et il s' était mis à faire la noce .","dans le ADJ temps , il avoir vouloir VSENT DETPOSS NCSENT ADJ , VCOG le NCo de soi qui le VIMP , et il se être mettre à faire le NCo ."
2704,1885_Adam_Chair-molle_N.txt,"Chaque nuit de découchée , les lupanars le recevaient ; il fut bientôt connu de les filles , choyé comme une bonne pratique .","chaque NCT de NCmod , le NCs le VIMP ; il être bientôt PPAS de le NC , PPAS comme un ADJ NC ."
2705,1885_Adam_Chair-molle_N.txt,"Et , dans une inconsciente comparaison , il en vint à trouver ennuyeuse Lucie , lui préféra ces femmes , toujours disposées à le satisfaire , et toujours paraissant gaies .","et , dans un ADJ NC , il en venir à INF NCo NP , lui VPS ce NCo , ADVTEMPS PPAS à le VSENT , et ADVTEMPS paraître NCo ."
2706,1885_Adam_Chair-molle_N.txt,"Elle , souvent , répondait par une parole dure à ses demandes amoureuses , dans une lassitude de l' homme , dégoûtée , enfin , par la continuelle prostitution de sa chair .","il , ADVTEMPS , VDIC par un NC ADJ à DETPOSS NCmod ADJ , dans un NCSENT de le NCmod , VSENT , PHASE , par le ADJ NC de DETPOSS NCCOR ."
2707,1885_Adam_Chair-molle_N.txt,C' est que Lucie sentait décroître son attachement pour Zéphyr .,ce être que NP sentir INF DETPOSS NCo pour NP .
2708,1885_Adam_Chair-molle_N.txt,"D' abord , dans la reprise de ses vieux projets , elle avait placé très haut son amant : pour lui surtout elle rêvait s' enrichir .","de NC , dans le NC de DETPOSS ADJ NCmod , il avoir PPAS très ADJ DETPOSS NCo : pour lui surtout il VIMP se INF ."
2709,1885_Adam_Chair-molle_N.txt,"Mais , déjà , elle s' avouait que cet homme ne lui plaisait plus .","mais , déjà , il se VDIC que ce NCs ne lui VIMP plus ."
2710,1885_Adam_Chair-molle_N.txt,"Comme les autres , il cherchait à l' exploiter , et puis , franchement , elle s' était fait illusion .","comme le autre , il VIMP à le INF , et puis , ADVMAN , il se être faire NCo ."
2711,1885_Adam_Chair-molle_N.txt,"Il n' était ni beau , ni spirituel .","il ne être ni ADJ , ni ADJ ."
2712,1885_Adam_Chair-molle_N.txt,"Tout à le plus lui avait -il marqué , un jour , une grande bonté d' âme .","tout à le plus lui avoir il PPAS , un NCT , un ADJ NCSENT de NCmod ."
2713,1885_Adam_Chair-molle_N.txt,"Et cette bonté , elle l' avait payée , n' est -ce pas , et d' un juste prix .","et ce NCSENT , il le avoir PPAS , ne être ce pas , et de un ADJ NC ."
2714,1885_Adam_Chair-molle_N.txt,Peut-être même l' espérance de le paiement avait seule poussé le garçon à cette compassion subite .,peut-être même le NCs de le NCmod avoir ADJ PPAS le NCo à ce NCSENT ADJ .
2715,1885_Adam_Chair-molle_N.txt,Elle ne pouvait cependant se risquer à le quitter .,il ne pouvoir cependant se INF à le INF .
2716,1885_Adam_Chair-molle_N.txt,"L' aventure de ses meubles brisés l' avait rendue très craintive , et elle se sentait plus confiante , lorsqu' elle voyait les michés entrant dans sa chambre , ébaucher une grimace d' appréhension dégoûtée à l' adresse de Zéphyr qui rôdait dans le couloir .","le NCs de DETPOSS NCmod PPAS le avoir PPAS très ADJ , et il se sentir plus ADJ , lorsque il VCOG le NCo PPRES dans DETPOSS NC , INF un NCo de NCSENT VSENT à le NC de NP qui VIMP dans le NC ."
2717,1885_Adam_Chair-molle_N.txt,Elle avait de lui un besoin constant et s' apeurait de ses départs .,il avoir de lui un NCo ADJ et se VCOND de DETPOSS NC .
2718,1885_Adam_Chair-molle_N.txt,"Mais quelquefois , lorsqu' il demandait de l' argent , élevant sans cesse le tarif de ses exigences , elle s' emportait et l' insultait , dans un grand , désir de le voir rompre .","mais ADVTEMPS , lorsque il VIMP de le NC , PPRES sans NC le NCo de DETPOSS NCmod , il se VIMP et le VIMP , dans un ADJ , NCSENT de le VCOG ADJ ."
2719,1885_Adam_Chair-molle_N.txt,"Lui , ne se formalisait plus .","il , ne se VIMP plus ."
2720,1885_Adam_Chair-molle_N.txt,"Bonnassement , avec une inflexion de regrets pleurards , il geignait : « Va , c' est bien malheureux !","ADV , avec un NC de NCSENT ADJ , il VIMP : "" NP , ce être bien ADJ !"
2721,1885_Adam_Chair-molle_N.txt,"Mais aussi , c' est de ta faute ; c' est toi qui m' as rendu comme ça .","mais aussi , ce être de NC ADV ; ce être soi qui le avoir PPAS comme ça ."
2722,1885_Adam_Chair-molle_N.txt,Avant j' étais honnête .,PHASE je être ADJ .
2723,1885_Adam_Chair-molle_N.txt,"» Ce reproche , souvent répété , faisait naître en Lucie une forte émotion .",""" ce PRES , ADVTEMPS PPAS , faire INF en NP un fort NCSENT ."
2724,1885_Adam_Chair-molle_N.txt,"Elle s' apitoyait aussitôt ; elle se sentit obligée à ne pas abandonner cet homme qu' elle avait perverti , persuadée que son influence seule l' avait changé en souteneur .","il se VSENT aussitôt ; il se sentir PPAS à ne pas INF ce NCo que il avoir PPAS , PPAS que DETPOSS NCs ADJ le avoir PPAS en NC ."
2725,1885_Adam_Chair-molle_N.txt,"Et , tout à la fois très fière de cette influence qui avait , croyait -elle , fait une victime , chagrinée de cette puissance mauvaise , elle se reprenait , pour un instant , à aimer Zéphyr d' une affection protectrice .","et , tout à le fois très ADJ de ce NC qui avoir , VCOG il , faire un NCo , VSENT de ce NCmod ADJ , il se PRES , pour un NC , à VSENT NP de un NCSENT ADJ ."
2726,1885_Adam_Chair-molle_N.txt,"Elle lui donnait son gain largement , pour réparer , pensait -elle .","il lui VIMP DETPOSS NCo ADVINT , pour INF , VCOG il ."
2727,1885_Adam_Chair-molle_N.txt,"L' homme , voyant l' efficacité de ses manœuvres , demandait de plus en plus .","le NCs , VCOG le NCo de DETPOSS NCmod , VIMP de plus en plus ."
2728,1885_Adam_Chair-molle_N.txt,"Et , à mesure qu' il obtenait plus , ses besoins avaient grandi .","et , à NC que il VIMP plus , DETPOSS NCs avoir PPAS ."
2729,1885_Adam_Chair-molle_N.txt,Il avait renoncé maintenant à les bordels malpropres de le quartier Saint-Sauveur .,il avoir PPAS ADVT à le NC ADJ de le NCmod NP .
2730,1885_Adam_Chair-molle_N.txt,"Il fréquentait les lupanars luxueux , vêtu d' un complet très propre , pour que sa mise ne jurât pas avec celle de les commis-voyageurs et de les étudiants .","il VIMP le NCo ADJ , PPAS de un NC très ADJ , pour que DETPOSS NCs ne VSUBI pas avec celui de le NCmod et de le NC ."
2731,1885_Adam_Chair-molle_N.txt,"Il jetait l' argent à les filles , sans compter .","il VIMP le NCo à le NC , sans INF ."
2732,1885_Adam_Chair-molle_N.txt,Dans son commerce continu avec elles il devint brutal .,dans DETPOSS NC PRES avec il il devenir ADJ .
2733,1885_Adam_Chair-molle_N.txt,"Il avait de les expressions violentes , de les grimaces furieuses .","il avoir de le NC ADJ , de le NCmod ADJ ."
2734,1885_Adam_Chair-molle_N.txt,"Et ce mélange de bonhomie et de violence intimidait Lucie , avait sur elle une grande prise .","et ce NCs de NCmod et de NC VIMP NP , avoir sur il un ADJ NCo ."
2735,1885_Adam_Chair-molle_N.txt,Elle n' osait plus rien refuser .,il ne VIMP plus rien INF .
2736,1885_Adam_Chair-molle_N.txt,"Depuis longtemps , il avait quitté l' épicerie : le patron , fatigué de ses inexactitudes et de sa paresse , l' avait chassé .","depuis longtemps , il avoir PPAS le NCo : le NCs , VSENT de DETPOSS NC et de DETPOSS NC , le avoir PPAS ."
2737,1885_Adam_Chair-molle_N.txt,"Ce fut alors la femme qui paya tout , la mangeaille , les filles , les habits , le tabac .","ce être alors le NC qui VPS tout , le NC , le NC , le NC , le NC ."
2738,1885_Adam_Chair-molle_N.txt,"Bientôt même Zéphyr lui prit ses recettes , criant et se fâchant , quand elle hésitait à lui remettre tout l' argent gagné .","bientôt même NP lui VPS DETPOSS NCo , VDIC et se VSENT , quand il VIMP à lui INF tout le NCo PPAS ."
2739,1885_Adam_Chair-molle_N.txt,"Chaque jour , à le déjeûner , c' étaient de les réclamations sans fin , de les criailleries .","chaque NCT , à le NC , ce être de le NC sans NC , de le NCmod ."
2740,1885_Adam_Chair-molle_N.txt,"Et , dans le flot de ses injures , Zéphyr aggravait sans cesse le même reproche : il accusait Lucie de l' avoir perverti .","et , dans le NC de DETPOSS NCmod , NP VIMP sans NC le même NCo : il VDIC NP de le avoir PPAS ."
2741,1885_Adam_Chair-molle_N.txt,"Ce reproche affolait la fille , rendue stupide par une débauche continue .","ce NCs VSENT le NCo , PPAS NC par un NC ADJ ."
2742,1885_Adam_Chair-molle_N.txt,"C' était comme un remords qui la lancinait , lui faisait hausser les épaules avec un frisson , quand elle y songeait .","ce être comme un NC qui le VSENT , lui faire INF le NCCOR avec un NCSENT , quand il y VIMP ."
2743,1885_Adam_Chair-molle_N.txt,"Pour échapper à cette obsession torturante , elle devait inventer quelque distraction , s' acharner à le gain .","pour INF à ce NCSENT ADJ , il devoir INF quelque NCSENT , se INF à le NC ."
2744,1885_Adam_Chair-molle_N.txt,"Elle se livrait à tous et partout , sans mépris pour les minimes profits .","il se VCOND à tout et ADV , sans NC pour le ADJ NCmod ."
2745,1885_Adam_Chair-molle_N.txt,"Elle se donnait le soir dans l' encoignure de les grandes portes , sur les bancs de les boulevards déserts , contre les arbres de le rempart .","il se VIMP le NCT dans le NC de le ADJ NCmod , sur le NC de le NCmod ADJ , contre le NC de le NCmod ."
2746,1885_Adam_Chair-molle_N.txt,"Et , vite , avec une joie avide , elle enfouissait dans sa poche l' argent quémandé , presque volé .","et , ADV , avec un NCSENT ADJ , il VIMP dans DETPOSS NC le NCo ADJ , presque PPAS ."
2747,1885_Adam_Chair-molle_N.txt,Les rêves de richesse étaient abandonnés ; son amour d' elle-même avait décru .,le NCspas de NCmod être PPAS ; DETPOSS NCSENT de elle-même avoir PPAS .
2748,1885_Adam_Chair-molle_N.txt,"Elle ne se frisait plus ; ses cheveux , collés sur le front par une pommade luisante , couvraient la peau jaunie .","il ne se VIMP plus ; DETPOSS NCCOR , PPAS sur le NCCOR par un NC ADJ , VIMP le NCCOR ADJ ."
2749,1885_Adam_Chair-molle_N.txt,"Ses bottines éculées restaient embouées durant de les jours , gardant la glaise de les remparts ; et , sous ses vêtements tachés , seul , le jupon blanc à broderies , battait encore , comme une enseigne de sa propreté professionnelle .","DETPOSS NCs ADJ VIMP PPAS ADV de le NCT , PPRES le NCo de le NCmod ; et , sous DETPOSS NC PPAS , ADJ , le NC ADJCOL à NCmod , VIMP encore , comme un NC de DETPOSS NCmod ADJ ."
2750,1885_Adam_Chair-molle_N.txt,"Elle mettait un chapeau , ne le quittait point ; mais c' était seulement parce qu' il autorisait l' exigence d' un tarif plus élevé .","il mettre un NCo , ne le VIMP ADV ; mais ce être seulement parce que il VIMP le NCo de un NCmod plus ADJ ."
2751,1885_Adam_Chair-molle_N.txt,"Et , jour comme nuit , elle se vendait pour un louis , pour dix francs , pour quarante sous .","et , NCT comme NCT , il se VIMP pour un NC , pour NUM NC , pour NUM NC ."
2752,1885_Adam_Chair-molle_N.txt,"Sortant de les bras d' un monsieur , parfois elle courait après un soldat , ajoutait sa pièce blanche à le louis , se disant tout bas : « Tiens , comme ça Zéphyr sera content .","PPRES de le NCCOR de un monsieur , ADVTEMPS il VCOND PHASE un NC , VIMP DETPOSS NCs ADJCOL à le NCmod , se VDIC tout ADJ : "" NP , comme ça NP être ADJ ."
2753,1885_Adam_Chair-molle_N.txt,"» Elle courait vite jusqu' à la rue Malpart , dans l' impatience de procurer une joie à son amant , et ne le trouvant point , mettait sur la table l' argent gagné , dans un bonheur de tout donner , où se mêlait souvent l' espérance de ne plus voir Zéphyr avant le lendemain et d' échapper à ses mauvaises paroles .",""" il VCOND ADV jusque à le NC NP , dans le NCSENT de INF un NCSENT à DETPOSS NC , et ne le PPRES ADV , mettre sur le NC le NCo PPAS , dans un NCSENT de tout INF , où se VIMP ADVTEMPS le NCo de ne plus VCOG NP PHASE le NC et de INF à DETPOSS ADJ NC ."
2754,1885_Adam_Chair-molle_N.txt,"Puis , lorsque cinq heures sonnaient , elle venait se poster à la porte de les casernes , pour se livrer encore .","puis , lorsque NUM NCT VIMP , il venir se INF à le NC de le NCmod , pour se INF encore ."
2755,1885_Adam_Chair-molle_N.txt,Maintenant Lucie Thirache vivait dans une torpeur abrutie .,ADVT NP NP VIMP dans un NC PPAS .
2756,1885_Adam_Chair-molle_N.txt,Elle marchait somnolente par les rues ; les objets lui apparaissant à travers une buée tremblotante .,il VIMP ADJ par le NC ; le NC lui PPRES à travers un NC ADJ .
2757,1885_Adam_Chair-molle_N.txt,"À le commencement de sa liaison avec Zéphyr , elle avait repris la vie de noce , autant pour satisfaire ses appétits érotiques , que pour échapper à la misère .","à le NC de DETPOSS NCmod avec NP , il avoir PPAS le NCo de NCmod , autant pour VSENT DETPOSS NCo ADJ , que pour INF à le NC ."
2758,1885_Adam_Chair-molle_N.txt,"Mais , peu à peu , l' abus de les plaisirs avait émoussé son éréthisme ; l' apaisement de ses ardeurs lui était venu ; ; et les pratiques lascives lui avaient semblé à la longue de les corvées à exécuter nécessairement .","mais , peu à peu , le NCs de le NCSENT avoir PPAS DETPOSS NCo ; le NCSENT de DETPOSS NCmod lui être venir ; ; et le NCs ADJ lui avoir sembler à le ADJ de le NCmod à INF ADVINT ."
2759,1885_Adam_Chair-molle_N.txt,"Impuissante , dès lors , à éprouver une jouissance amoureuse , grondée sans cesse par Zéphyr , qu' enhardissait sa veulerie , elle s' habitua à dormir continuellement pour esquiver ses chagrins .","ADJ , dès lors , à VSENT un NCSENT ADJ , PPAS sans NC par NP , que VIMP DETPOSS NCs , il se VPS à INF ADVTEMPS pour INF DETPOSS NCSENT ."
2760,1885_Adam_Chair-molle_N.txt,"Dans ses moments de loisir , enfin sans dégoûts et sans craintes , elle s' anéantissait en un sommeil lourd , jusque l' instant où un ordre de son souteneur l' éveillait brutalement , la poussait dehors , titubante , les yeux clignotants à la lumière .","dans DETPOSS NC de INF , PHASE sans NCSENT et sans NCSENT , il se VIMP en un NC ADJ , jusque le NC où un NCs de DETPOSS NCmod le VIMP ADVMAN , le VIMP ADV , ADJ , le NCCOR ADJ à le NCmod ."
2761,1885_Adam_Chair-molle_N.txt,"Cependant , elle n' aimait pas Zéphyr .","cependant , il ne VSENT pas NP ."
2762,1885_Adam_Chair-molle_N.txt,"Elle lui restait attachée par un remords vague , une molle habitude qui lui défendait toute résistance et l' empêchait d' échapper à sa sujétion .","il lui VIMP PPAS par un NCSENT ADJ , un ADJ NC qui lui VIMP tout NCo et le VIMP de INF à DETPOSS NC ."
2763,1885_Adam_Chair-molle_N.txt,Alors la maladie l' attaqua .,alors le NCs le VPS .
2764,1885_Adam_Chair-molle_N.txt,Elle ressentait d' étranges douleurs .,il VSENT de ADJ NCSENT .
2765,1885_Adam_Chair-molle_N.txt,"Sa tête s' alourdissait , envahie de continuelles migraines ; et lorsqu' elle faisait sa raie , elle remarquait à l' occiput une tache qui chaque jour devenait plus foncée .","DETPOSS NCCOR se VIMP , PPAS de NC ADJ ; et lorsque il faire DETPOSS NCo , il VIMP à le NC un NCo qui chaque NCT devenir plus PPAS ."
2766,1885_Adam_Chair-molle_N.txt,Sa marche s' embarrassait .,DETPOSS NCs se VSENT .
2767,1885_Adam_Chair-molle_N.txt,"Souvent , dans ses vadrouilles , elle devait s' asseoir .","ADVTEMPS , dans DETPOSS NC , il devoir se INF ."
2768,1885_Adam_Chair-molle_N.txt,"Elle avait la sensation d' un poids dans les aines , et lentement , son ventre s' enflait .","il avoir le NCSENT de un NCmod dans le NCmod , et ADV , DETPOSS NCCOR se VIMP ."
2769,1885_Adam_Chair-molle_N.txt,"Mais , pressée de suffire à le gain exigé , elle restait debout , allait toujours sans se préoccuper de le mal en croissance .","mais , PPAS de NC à le NC PPAS , il VIMP ADV , aller ADVTEMPS sans se VSENT de le mal en NCmod ."
2770,1885_Adam_Chair-molle_N.txt,"La nuit , toutes ses douleurs s' éveillaient plus vives , rendues atroces par une continuelle insomnie .","le NCT , tout DETPOSS NCSENT se VIMP plus ADJ , PPAS NCo par un ADJ NC ."
2771,1885_Adam_Chair-molle_N.txt,"L' hydropisie de le ventre devint telle , que Lucie dut interrompre son métier .","le NCs de le NCCOR devenir tel , que NP devoir INF DETPOSS NCo ."
2772,1885_Adam_Chair-molle_N.txt,"Elle se coucha , croyant à une grande fatigue que le repos devait dissiper .","il se VPS , VCOG à un ADJ NCSENT que le NCs devoir VSENT ."
2773,1885_Adam_Chair-molle_N.txt,"Dès lors , Zéphyr ne fit plus dans la chambre que de courtes apparitions , la consolant d' un geste avant de repartir .","dès lors , NP ne faire plus dans le NC que un ADJ NCo , le PPRES de un NC PHASE de INF ."
2774,1885_Adam_Chair-molle_N.txt,Il ne formulait plus de reproches et lui conseillait même quelques remèdes .,il ne VIMP plus de NC et lui VIMP même quelque NCo .
2775,1885_Adam_Chair-molle_N.txt,"Comme elle n' avait plus d' argent pour les acheter , il lui proposa mettre lui-même ses robes à le Mont-de-Piété .","comme il ne avoir plus de NC pour le INF , il lui VDIC mettre soi-même DETPOSS NCo à le NP ."
2776,1885_Adam_Chair-molle_N.txt,"Elle , dans sa fièvre , fut émue de cette bonne attention .","il , dans DETPOSS VSENT , être VSENT de ce ADJ NC ."
2777,1885_Adam_Chair-molle_N.txt,"Elle accepta , et d' une voix très douce , lui demanda : — Dis , si ça te dérange , je peux .","il VPS , et de un NCMAN très ADJ , lui VPS : — dis , si ça me VSUBP , je pouvoir ."
2778,1885_Adam_Chair-molle_N.txt,"bien y aller encore moi-même , chez ma tante .","bien y aller encore soi-même , chez DETPOSS tant ."
2779,1885_Adam_Chair-molle_N.txt,Je ne suis pas si malade .,je ne être pas si ADJ .
2780,1885_Adam_Chair-molle_N.txt,"— Tu plaisantes , je ne veux pas que tu te lèves .","— je ADJ , je ne vouloir pas que je me ADJ ."
2781,1885_Adam_Chair-molle_N.txt,"Ne bouge pas , je reviens tout de suite avec ce qu' il faut .","ne NC pas , je PRES tout de NC avec ce que il PRES ."
2782,1885_Adam_Chair-molle_N.txt,"Les souliers neufs de Zéphyr , de les souliers vernis , craquèrent sur les marches de l' escalier .","le NCs ADJ de NP , de le NCmod ADJ , VPS sur le NC de le NCmod ."
2783,1885_Adam_Chair-molle_N.txt,"A l' église de Saint-Sauveur , huit heures sonnaient .","à le NC de NP , NUM NCT VIMP ."
2784,1885_Adam_Chair-molle_N.txt,"Lucie entendait la pluie tomber , lugubre , et de sa fenêtre , elle voyait le mur énorme de l' hôpital Gantois , que l' eau striait de noir .","NP VCOG le NCo INF , NC , et de DETPOSS NC , il VCOG le NCo ADJ de le NCmod NP , que le NCs VIMP de NC ."
2785,1885_Adam_Chair-molle_N.txt,"Jusque trois heures , elle attendit le retour de son amant .","jusque NUM NCT , il VPS le NCo de DETPOSS NCmod ."
2786,1885_Adam_Chair-molle_N.txt,"Une voisine l' étant venue voir , elle la pria d' aller chercher Zéphyr .","un NCs le être venir VCOG , il le NCo de aller INF NP ."
2787,1885_Adam_Chair-molle_N.txt,"La femme raconta l' avoir trouvé à le cabaret , chantant .","le NCs VPS le avoir PPAS à le NC , NC ."
2788,1885_Adam_Chair-molle_N.txt,Il avait répondu : « Ah !,"il avoir VDIC : "" INTJ !"
2789,1885_Adam_Chair-molle_N.txt,"elle m' assomme , cette vieille peau -là !","il le PRES , ce ADJ NCCOR ADVLIEU !"
2790,1885_Adam_Chair-molle_N.txt,"» puis , il s' était remis à chanter .",""" puis , il se être PPAS à INF ."
2791,1885_Adam_Chair-molle_N.txt,"Et la voisine déblatérait contre cette canaille , un homme qui devait tout à Lucie .","et le NCs VIMP contre ce NC , un NCo qui devoir tout à NP ."
2792,1885_Adam_Chair-molle_N.txt,"— Allez , dit la fille , il ne faut pas lui en vouloir : c' est moi qui l' ai rendu comme ça .","— NP , VDIC le NCo , il ne PRES pas lui en vouloir : ce être soi qui le avoir PPAS comme ça ."
2793,1885_Adam_Chair-molle_N.txt,"Et toujours dans ses longues explications , elle répétait : — Que voulez -vous , c' est moi qui l' ai rendu comme ça ; il m' aime bien tout de même .","et ADVTEMPS dans DETPOSS ADJ NC , il VIMP : — que vouloir vous , ce être soi qui le avoir PPAS comme ça ; il lui VSENT bien tout de même ."
2794,1885_Adam_Chair-molle_N.txt,"A neuf heures , le soir , Zéphyr rentra dans la chambre , très ivre .","à NUM NCT , le NCT , NP VPS dans le NC , très INF ."
2795,1885_Adam_Chair-molle_N.txt,"Il eut une crise de larmes à la vue de Lucie , s' agenouilla près elle , épancha un flot d' excuses repentantes .","il avoir un NCo de NCmod à le NC de NP , se VPS ADVLIEU il , VPS un NCo de NCmod ADJ ."
2796,1885_Adam_Chair-molle_N.txt,"Et la fille , dans une joie de le voir si humble , lui pardonna , prête à s' accuser elle-même .","et le NCs , dans un NCSENT de le VCOG si ADJ , lui VPS , ADJ à se VDIC elle-même ."
2797,1885_Adam_Chair-molle_N.txt,"Un repos continu , l' arrêt momentané de les fatigues charnelles la remirent sur pied .","un NCs ADJ , le NC PPAS de le NCSENT ADJ le VPS sur NCCOR ."
2798,1885_Adam_Chair-molle_N.txt,L' enflure de l' abdomen disparut complètement .,le NCs de le NCCOR VPS ADVINT .
2799,1885_Adam_Chair-molle_N.txt,"Mais à le sommet de l' occiput , Lucie devait ramener ses cheveux en haut chignon , suivant la mode , pour dissimuler la tache brune , qui chaque jour grandissait .","mais à le NC de le NCmod , NP devoir INF DETPOSS NCCOR en NCmod NC , PPRES le NCo , pour INF le NCo ADJ , qui chaque NCT VIMP ."
2800,1885_Adam_Chair-molle_N.txt,"Lorsqu' elle put sortir , elle recommença se vendre à tous , entretenir son amant .","lorsque il pouvoir INF , il VPS se INF à tout , INF DETPOSS NCo ."
2801,1885_Adam_Chair-molle_N.txt,"VII Comme trois heures sonnaient à l' horloge de l' hôpital Sainte-Eugénie , une douleur éveilla Lucie Thirache .","NUM comme NUM NCT VIMP à le NC de le NCmod NP , un NCSENT éveilla NP NP ."
2802,1885_Adam_Chair-molle_N.txt,"Quelques instants elle resta immobile , toute gémissante , cherchant à rappeler le sommeil qui s' enfuyait .","quelque NCs il VPS ADJ , tout NC , PPRES à INF le NCo qui se VIMP ."
2803,1885_Adam_Chair-molle_N.txt,"Mais bientôt , elle sentit à le bras gauche une sorte de broiement ; ses os semblaient éclater dans une étreinte qui ne cessait pas .","mais bientôt , il sentir à le NCCOR ADJ un sorte de NCmod ; DETPOSS NCs VIMP INF dans un NC qui ne VASP pas ."
2804,1885_Adam_Chair-molle_N.txt,"Elle dut étendre le bras sur les couvertures , et ce mouvement la tira de sa torpeur .","il devoir INF le NCCOR sur le NCmod , et ce NC le NC de DETPOSS NCmod ."
2805,1885_Adam_Chair-molle_N.txt,Il était bien pénible ne pouvoir reposer après une telle fatigue !,il être bien ADJ ne pouvoir INF PHASE un tel NCSENT !
2806,1885_Adam_Chair-molle_N.txt,Elle était si lasse !,il être si ADJ !
2807,1885_Adam_Chair-molle_N.txt,"Toute la journée , elle avait souffert à la suite de l' opération de le matin : l' extraction d' un os à la jambe .","tout le NCT , il avoir VSENT à le NC de le NCmod de le NCT : le NC de un NCmod à le NCCOR ."
2808,1885_Adam_Chair-molle_N.txt,Quelle terrible maladie .,quel ADJ NC .
2809,1885_Adam_Chair-molle_N.txt,Elle sentait partout de les lancinements et de les brûlures .,il sentir ADV de le NC et de le NC .
2810,1885_Adam_Chair-molle_N.txt,"Les os s' effritaient , se cassaient , perçaient ses chairs .","le NCs se VIMP , se VIMP , VIMP DETPOSS NCCOR ."
2811,1885_Adam_Chair-molle_N.txt,"La peau semblait trop étroite pour ses membres gonflés , la pressait en une gêne continuelle .","le NCCOR sembler trop ADJ pour DETPOSS NC ADJ , le VIMP en un NCSENT ADJ ."
2812,1885_Adam_Chair-molle_N.txt,"Et sa nuque , endolorie par une même position gardée trop longtemps , avait une raideur intolérable ... Elle allait essayer changer sa tête de place , très doucement , car la plaie de le crâne suppurait fort , et elle était mouillée jusque dans le cou .","et DETPOSS NCs , PRES par un même NC PPAS trop longtemps , avoir un NCs ADJ ... il aller INF INF DETPOSS NCCOR de NCmod , très ADVMAN , car le NCs de le NCmod VCOND fort , et il être PPAS jusque dans le NCCOR ."
2813,1885_Adam_Chair-molle_N.txt,Une plainte rauque frappa ses oreilles .,un NCs ADJ frapper DETPOSS NCCOR .
2814,1885_Adam_Chair-molle_N.txt,"C' était l' hystérique , une assommante femme , qui criait toujours .","ce être le NC , un ADJ NC , qui VDIC ADVTEMPS ."
2815,1885_Adam_Chair-molle_N.txt,"De sa main valide , Lucie écarta le rideau , aperçut le mur jaune , la veilleuse auréolée de faibles rayons , les tentures enfermant les lits et sur de les matelas posés à terre , une forme blanche qui se débattait , se roulait , s' étirait .","de DETPOSS NCCOR ADJ , NP VPS le NCo , VPS le NCo ADJCOL , le ADJ NC de ADJ NCmod , le NCs PPRES le NCo et sur de le NC PPAS à NC , un NC ADJCOL qui se VIMP , se VIMP , se VIMP ."
2816,1885_Adam_Chair-molle_N.txt,"Parfois , la face apparaissait livide , où la bouche ouverte faisait un trou noir .","ADVTEMPS , le NCs VIMP ADJ , où le NCCOR ADJ faire un NCo ADJ ."
2817,1885_Adam_Chair-molle_N.txt,"La fille haussa les épaules , impatientée par la vue de ces contorsions .","le NCs VPS le NCCOR , VSENT par le NC de ce NCmod ."
2818,1885_Adam_Chair-molle_N.txt,"N' allait -elle pas bientôt finir , celle -là !","ne aller il pas bientôt VASP , celui ADVLIEU !"
2819,1885_Adam_Chair-molle_N.txt,"Il falfait encore entendre les plaintes de cette toquée , comme si elle n' avait pas assez de sa maladie pour l' empêcher de dormir !","il VIMP encore VCOG le NCo de ce NCmod , comme si il ne avoir pas ADV de DETPOSS NC pour le INF de INF !"
2820,1885_Adam_Chair-molle_N.txt,"Voilà , maintenant , qu' elle s' était fait mal en se recouchant , et ses chairs semblaient se déchirer à nouveau .","voilà , ADVT , que il se être faire mal en se PPRES , et DETPOSS NCCOR VIMP se INF à ADJ ."
2821,1885_Adam_Chair-molle_N.txt,Oh !,INTJ !
2822,1885_Adam_Chair-molle_N.txt,sa tête était lourde !,DETPOSS NCCOR être ADJ !
2823,1885_Adam_Chair-molle_N.txt,Un bandeau enserrait étroitement son front ; on aurait dit que de les billes de plomb roulaient dans son crâne et en venaient cogner les parois .,un NCs VCOND ADV DETPOSS NCCOR ; on avoir VDIC que de le NCs de NCmod VIMP dans DETPOSS NC et en venir INF le NCo .
2824,1885_Adam_Chair-molle_N.txt,Les pommettes et ses joues ardaient .,le NCs et DETPOSS NC VIMP .
2825,1885_Adam_Chair-molle_N.txt,Le sommeil ne venait pas ; malgré elle ses yeux s' ouvraient à chaque seconde ; le moindre craquement excitait son attention .,le NCs ne venir pas ; malgré il DETPOSS NCCOR se VIMP à chaque NCT ; le ADJ NCs VSENT DETPOSS NCo .
2826,1885_Adam_Chair-molle_N.txt,"En cet éveil forcé , elle contemplait la salle , par désœuvrement .","en ce NC PPAS , il VIMP le NCo , par ADV ."
2827,1885_Adam_Chair-molle_N.txt,"Ses regards allaient de lit en lit , suivaient les plis de les rideaux , à les cassures effacées en la pénombre grise .","DETPOSS NCMAN aller de NC en NCmod , VIMP le NCo de le NCmod , à le NC PPAS en le NC ADJ ."
2828,1885_Adam_Chair-molle_N.txt,"Dans les hautes fenêtres , de les carrés de ciel bleu se découpaient tout éclaboussés de le scintillement stellaire .","dans le ADJ NC , de le NC de NCmod ADJCOL se VIMP tout PPAS de le NC ADJ ."
2829,1885_Adam_Chair-molle_N.txt,"Et , par intermittences , il y avait un bruit de draps froissés , de ressorts craquants et tintants .","et , par NC , il y avoir un NCo de NCmod ADJ , de NC ADJ et ADJ ."
2830,1885_Adam_Chair-molle_N.txt,Et la douleur reparaissait plus vive .,et le NCSENT VIMP plus ADJ .
2831,1885_Adam_Chair-molle_N.txt,Certainement le docteur se trompait en affirmant qu' elle était reprise de son ancienne maladie .,ADVINT le NCs se VIMP en VDIC que il être NC de DETPOSS ADJ NCmod .
2832,1885_Adam_Chair-molle_N.txt,"Autrefois , elle n' avait jamais été ainsi torturée .","ADVT , il ne avoir ADVTEMPS être ainsi PPAS ."
2833,1885_Adam_Chair-molle_N.txt,"D' ailleurs , les accidents avaient tout à fait disparu , depuis deux ans , depuis son départ de Douai ... Pourvu qu' en sortant d' ici on ne la mit pas dans un atelier religieux !","de ADVLIEU , le NCs avoir tout à NC ADJ , depuis NUM NCT , depuis DETPOSS NC de NP ... pourvoir que en PPRES de ADVLIEU on ne le mettre pas dans un NC ADJ !"
2834,1885_Adam_Chair-molle_N.txt,Elle n' en voulait plus !,il ne en vouloir plus !
2835,1885_Adam_Chair-molle_N.txt,Que deviendrait Zéphyr sans elle ?,que devenir INF sans il ?
2836,1885_Adam_Chair-molle_N.txt,"Elle serait encore obligée à se confesser , à travailler tout le jour pour ne presque rien gagner .","il être encore PPAS à se INF , à INF tout le NCT pour ne presque rien INF ."
2837,1885_Adam_Chair-molle_N.txt,"Lucie s' assoupissait , tout en geignant .","NP se VIMP , tout en PPRES ."
2838,1885_Adam_Chair-molle_N.txt,Soudain .,soudain .
2839,1885_Adam_Chair-molle_N.txt,"de le rideau pendu à le lit , lui faisant face , une cornette blanche parut s' avancer , surmontant un long tablier dont la bavette était ornée d' une croix : c' était la sœur Sainte-Thérèse .","de le NC PPAS à le NC , lui faire ADV , un NCs ADJCOL paraître se INF , PPRES un ADJ NCo dont le NCspas être PPAS de un NC : ce être le NC NP ."
2840,1885_Adam_Chair-molle_N.txt,Elle la reconnaissait bien ; elle venait la chercher pour la rendre à Douai .,il le VCOG bien ; il venir le INF pour le INF à NP .
2841,1885_Adam_Chair-molle_N.txt,"Oh non , il ne fallait pas l' emmener !","INTJ non , il ne VIMP pas le INF !"
2842,1885_Adam_Chair-molle_N.txt,Elle devait maintenant se dévouer tout entière à Zéphyr qu' elle avait perdu .,il devoir ADVT se INF tout ADJ à NP que il avoir PPAS .
2843,1885_Adam_Chair-molle_N.txt,"Elle ne pouvait plus le quitter sans crime ... Elle se défendait contre la religieuse , répétant tout bas : « non , non , » très bas , dans la crainte que l' infirmière ne survînt ... L' infirmière était devant Lucie menaçant de le geste l' hystérique qui , tombée de ses matelas , les jambes en l' air , se tordait les mains et hurlait .","il ne pouvoir plus le INF sans NC ... il se VIMP contre le NC , PPRES tout ADJ : "" non , non , "" très ADJ , dans le NCSENT que le NCs ne PRES ... le NCspas être ADVLIEU NP VDIC de le NC le NC qui , PPAS de DETPOSS NC , le NCCOR en le NCMAN , se VIMP le NCCOR et VDIC ."
2844,1885_Adam_Chair-molle_N.txt,Elle s' efforçait à la recoucher .,il se VIMP à le INF .
2845,1885_Adam_Chair-molle_N.txt,"Un moment , la fille examina la face convulsée de la furieuse , la tache de clarté éblouissante qu' un bougeoir , posé à terre , mettait sur le groupe ; au-delà tout était gris mauve , et dans le plis de les rideaux de longues traînées bleuâtres s' allongeaient ; à les fenêtres , le ciel pâlissait .","un NC , le NCs VPS le NCo PPAS de le NCmod , le NC de NCmod ADJ que un NCs , PPAS à NC , mettre sur le NC ; ADV tout être PPAS ADJ , et dans le NCs de le NCmod de NCmod PPAS ADJCOL se VIMP ; à le NC , le NCs VIMP ."
2846,1885_Adam_Chair-molle_N.txt,"Lucie avait soif , elle appela l' infirmière , lui demanda à boire .","NP avoir ADJ , il VPS le NCo , lui VPS à INF ."
2847,1885_Adam_Chair-molle_N.txt,"— C' est bon , je vais vous donner de la tisane .","— ce être ADJ , je aller vous INF de le NC ."
2848,1885_Adam_Chair-molle_N.txt,"La femme s' éloigna , emportant son bougeoir , un rond lumineux la précédait , blanchissant , devant elle , les tentures de les lits ; de grandes ombres noires les léchaient , qui montaient se perdre dans le plafond , et quand l' infirmière était passée , tout retombait dans l' uniforme pénombre .","le NCs se VPS , PPRES DETPOSS NCo , un NC ADJ le VIMP , PPRES , ADVLIEU il , le NCs de le NCmod ; un ADJ NCs ADJ le VIMP , qui VIMP se INF dans le NC , et quand le NCs être PPAS , tout VIMP dans le NC ADJ ."
2849,1885_Adam_Chair-molle_N.txt,"Heureusement , pensait la fille , qu' elle s' était réveillée , qu' elle avait pu échapper à ce vilain cauchemar .","heureusement , VCOG le NCo , que il se être PPAS , que il avoir pouvoir INF à ce NC NC ."
2850,1885_Adam_Chair-molle_N.txt,"Elle était sans doute bien plus mal , puisqu' elle ne pouvait dormir sans rêver d' affreuses choses .","il être sans NCSENT bien plus mal , puisque il ne pouvoir INF sans INF un ADJ chose ."
2851,1885_Adam_Chair-molle_N.txt,"Elle ne finirait donc pas , cette maladie !","il ne VASP donc pas , ce NC !"
2852,1885_Adam_Chair-molle_N.txt,"Voilà un mois qu' elle était couchée dans ce lit d' hôpital , un mois , c' était si long !","voilà un NCT que il être PPAS dans ce NC de NCmod , un NCT , ce être si ADJ !"
2853,1885_Adam_Chair-molle_N.txt,Zéphyr que devenait -il ?,NC que devenir il ?
2854,1885_Adam_Chair-molle_N.txt,Pauvre Zéphyr !,NP NP !
2855,1885_Adam_Chair-molle_N.txt,... Et cette douleur qui ne cessait pas .,... et ce NCSENT qui ne VASP pas .
2856,1885_Adam_Chair-molle_N.txt,"Il lui semblait toujours qu' on la broyait , que sa peau allait éclater sous la pression intérieure d' une bouillie fermentante de chairs et d' os brisés .","il lui sembler ADVTEMPS que on le VIMP , que DETPOSS NCCOR aller INF sous le NC ADJ de un NCmod ADJ de NCCOR et de NC PPAS ."
2857,1885_Adam_Chair-molle_N.txt,"Et partout un pus suintait ; elle sentait sur ses jambes dégouliner , en minces filets , une liqueur tiède et elle se vautrait dans de les draps humides .","et ADV un NCs VIMP ; il sentir sur DETPOSS NCCOR INF , en mince NCmod , un NCo ADJ et il se VIMP dans de le NC ADJ ."
2858,1885_Adam_Chair-molle_N.txt,"Qu' avait -elle dans le corps qui s' écoulait ainsi , sans arrêt ?","que avoir il dans le NCCOR qui se VIMP ainsi , sans NC ?"
2859,1885_Adam_Chair-molle_N.txt,"— Eh bien , vous avez une rude fièvre , vous .","— INTJ bien , vous avoir un ADJ VSENT , vous ."
2860,1885_Adam_Chair-molle_N.txt,"Buvez ça ... Ce n' est pas bon , hein ?","IMP ça ... ce ne être pas ADJ , NC ?"
2861,1885_Adam_Chair-molle_N.txt,Ça vou apprendra à faire la noce .,ça ADV VCOG à faire le NCo .
2862,1885_Adam_Chair-molle_N.txt,"— Merci , Madame , répondit Lucie Thirache en rendant la tasse .","— INTJ , madame , VDIC NP NP en PPRES le NCo ."
2863,1885_Adam_Chair-molle_N.txt,"Quand l' infirmière fut partie , elle maugréa : - Faire la noce !","quand le NCspas être PPAS , il VPS : - faire le NCo !"
2864,1885_Adam_Chair-molle_N.txt,faire la noce !,faire le NCo !
2865,1885_Adam_Chair-molle_N.txt,Avec ça que c' est commode d' agir autrement quand on n' a pas le sou !,avec ça que ce être ADJ de INF ADVINT quand on ne avoir pas le NCo !
2866,1885_Adam_Chair-molle_N.txt,"Et puis , est -ce que toutes les femmes ne faisaient pas la noce !","et puis , être ce que tout le NCs ne faire pas le NCo !"
2867,1885_Adam_Chair-molle_N.txt,"Elle était plus franche que les autres , voilà tout ... Oh !","il être plus ADJ que le autre , voilà tout ... INTJ !"
2868,1885_Adam_Chair-molle_N.txt,maintenant les crampes d' estomac la reprenaient .,ADVT le NCs de NCCOR le VIMP .
2869,1885_Adam_Chair-molle_N.txt,"Tout remuait en son ventre , ses boyaux se tordaient , de les éructations lui montaient à la gorge , successives , lui faisaient ouvrir la bouche sans cesse , secouaient sa poitrine .","tout VIMP en DETPOSS NCCOR , DETPOSS NCs se VIMP , de le NCs lui VIMP à le NCCOR , ADJ , lui faire INF le NCCOR sans NCmod , VIMP DETPOSS NCo ."
2870,1885_Adam_Chair-molle_N.txt,Oh !,INTJ !
2871,1885_Adam_Chair-molle_N.txt,"si ça continuait ainsi , elle finirait par mourir !","si ça VIMP ainsi , il VASP par INF !"
2872,1885_Adam_Chair-molle_N.txt,C' était cette idiote d' infirmière qui l' avait mise en cet état .,ce être ce NC de NCmod qui le avoir mettre en ce NC .
2873,1885_Adam_Chair-molle_N.txt,Faire la noce !,faire le NCo !
2874,1885_Adam_Chair-molle_N.txt,"c' était encore plus propre que de laver les saletés de les malades , d' aller torcher tous les numéros les uns après les autres .","ce être encore plus ADJ que de INF le NCo de le NCmod , de aller INF tout le NC le un PHASE le autre ."
2875,1885_Adam_Chair-molle_N.txt,"Elle l' embêtait à la fin , celle -là , avec ses airs de sainte-nitouche ; une femme qui avait eu quatre enfants !","il le VSENT à le NC , celui ADVLIEU , avec DETPOSS NCMAN de NCmod ; un NC qui avoir avoir NUM NCo !"
2876,1885_Adam_Chair-molle_N.txt,"Elle ne les avait pas faits par l' oreille , bien sûr ... Enfin , le mal se calmait un peu .","il ne le avoir pas faire par le NCCOR , bien ADJ ... PHASE , le mal se VSENT un peu ."
2877,1885_Adam_Chair-molle_N.txt,"Elle allait essayer se rendormir , si cette brute d' hystérique ne gueulait plus .","il aller INF se INF , si ce NCs de NCmod ne VDIC plus ."
2878,1885_Adam_Chair-molle_N.txt,Faire la noce !,faire le NCo !
2879,1885_Adam_Chair-molle_N.txt,faire la noce !,faire le NCo !
2880,1885_Adam_Chair-molle_N.txt,"On lui reprochait tout , à elle , parce qu' elle avait été en maison !","on lui VIMP tout , à il , parce que il avoir être en NC !"
2881,1885_Adam_Chair-molle_N.txt,"Elle n' était pas la seule , peut-être ... Elle s' endormit .","il ne être pas le ADJ , peut-être ... il se PRES ."
2882,1885_Adam_Chair-molle_N.txt,.... « Ah !,".... "" NP !"
2883,1885_Adam_Chair-molle_N.txt,on allait commencer !,on aller VASP !
2884,1885_Adam_Chair-molle_N.txt,"Le théâtre était bien éclairé ... vraiment , et puis , il y avait beaucoup de monde ... Merci , Madame Donard , vous avez été bien aimable de nous amener ... Vous ne savez pas ce qu' on joue ?","le NCs être bien ADJ ... ADVINT , et puis , il y avoir beaucoup de NC ... INTJ , madame NP , vous avoir être bien ADJ de nous INF ... vous ne VCOG pas ce que on PRES ?"
2885,1885_Adam_Chair-molle_N.txt,... Ah !,... INTJ !
2886,1885_Adam_Chair-molle_N.txt,"vous ne savez pas ... Je vais chanter , parce que j' ai été chanteuse avec Dosia .","vous ne VCOG pas ... je aller INF , parce que je avoir être NC avec NP ."
2887,1885_Adam_Chair-molle_N.txt,"Vous l' avez connue Dosia , n' est -ce pas , madame Donard ?","vous le avoir PPAS NP , ne être ce pas , madame NP ?"
2888,1885_Adam_Chair-molle_N.txt,"Oui ... Me voilà en scène , je vais chanter .","oui ... me voilà en NC , je aller INF ."
2889,1885_Adam_Chair-molle_N.txt,Oui !,oui !
2890,1885_Adam_Chair-molle_N.txt,mais qu' est ce qu' on joue ?,mais que être ce que on PRES ?
2891,1885_Adam_Chair-molle_N.txt,Je ne peux pas chanter si je ne sais pas ce qu' on joue .,je ne pouvoir pas INF si je ne VCOG pas ce que on PRES .
2892,1885_Adam_Chair-molle_N.txt,"Voyons , vous êtes ridicule ... Léon à l' orchestre !","VCOG , vous être NC ... NP à le NCmod !"
2893,1885_Adam_Chair-molle_N.txt,Il joue de le violon ... Ah !,il PRES de le NC ... INTJ !
2894,1885_Adam_Chair-molle_N.txt,"voilà le père Donard qui me fait de les signes là-haut , à les secondes , dans la loge de le 7 , et Laurence qui me fait de les grimaces .","voilà le NCo NP qui me faire de le NC ADVLIEU , à le NCT , dans le NC de le NUM , et NP qui me faire de le NC ."
2895,1885_Adam_Chair-molle_N.txt,"Attends un peu , sacrée garce , tu vas voir comme je vais te coller un coup de peigne dans le derrière ... Bon , elle ne pouvait pas retirer son peigne maintenant .","NC un peu , ADJ NCmod , je ADV VCOG comme je aller me INF un NC de NCmod dans le ADVLIEU ... NP , il ne pouvoir pas INF DETPOSS NCo ADVT ."
2896,1885_Adam_Chair-molle_N.txt,"Tiens , Léon à l' orchestre !","NP , NP à le NCmod !"
2897,1885_Adam_Chair-molle_N.txt,"Il joue de le violon , et puis Charles , et puis Georges .","il PRES de le NC , et puis NP , et puis NP ."
2898,1885_Adam_Chair-molle_N.txt,Oh !,INTJ !
2899,1885_Adam_Chair-molle_N.txt,quelles drôles de têtes ils ont !,quel NCs de NCCOR il avoir !
2900,1885_Adam_Chair-molle_N.txt,Ah !,INTJ !
2901,1885_Adam_Chair-molle_N.txt,ah !,ah !
2902,1885_Adam_Chair-molle_N.txt,ah !,ah !
2903,1885_Adam_Chair-molle_N.txt,ah !,ah !
2904,1885_Adam_Chair-molle_N.txt,Peut -on avoir de les binettes pareilles !,pouvoir on avoir de le NC ADJ !
2905,1885_Adam_Chair-molle_N.txt,"Il y a aussi Zéphyr , et puis Henry , Lucien , Ernest ... Ils sont tous là .","il y avoir aussi NP , et puis NP , NP , NP ... il être tout ADVLIEU ."
2906,1885_Adam_Chair-molle_N.txt,Quelles bonnes balles !,quel ADJ NC !
2907,1885_Adam_Chair-molle_N.txt,Ils jouent de le violon tous ensemble .,il PRES de le NC tout ensemble .
2908,1885_Adam_Chair-molle_N.txt,Vont -ils vite !,aller il ADV !
2909,1885_Adam_Chair-molle_N.txt,Vont -ils vite !,aller il ADV !
2910,1885_Adam_Chair-molle_N.txt,"... Arrêtez donc , que je chante ... Bon , les v'là sur la scène maintenant .","... IMP donc , que je PRES ... NP , le v'là sur le NCmod ADVT ."
2911,1885_Adam_Chair-molle_N.txt,Laurence !,NC !
2912,1885_Adam_Chair-molle_N.txt,Laurence !,NC !
2913,1885_Adam_Chair-molle_N.txt,sale putain !,ADJ ADJ !
2914,1885_Adam_Chair-molle_N.txt,"lâche ce tison rouge , tu vas me brûler .","NCo ce NC ADJCOL , je ADV me INF ."
2915,1885_Adam_Chair-molle_N.txt,Ne me brûle pas ... Oh !,ne me PRES pas ... INTJ !
2916,1885_Adam_Chair-molle_N.txt,il fait tout noir .,il faire tout NCo .
2917,1885_Adam_Chair-molle_N.txt,Elle me poursuit .,il me PRES .
2918,1885_Adam_Chair-molle_N.txt,Et Georges qui me vise avec son fusil .,et NP qui me PRES avec DETPOSS NC .
2919,1885_Adam_Chair-molle_N.txt,Ah !,INTJ !
2920,1885_Adam_Chair-molle_N.txt,je suis sauvée ; je ne vois plus rien ... Oh !,je être PPAS ; je ne ADV plus rien ... INTJ !
2921,1885_Adam_Chair-molle_N.txt,"cet escalier , comme il descend ... toujours !","ce NCs , comme il PRES ... ADVTEMPS !"
2922,1885_Adam_Chair-molle_N.txt,On n' en voit pas la fin ... de les rampes après de les rampes ; tout cela tourne dans un trou sans fond .,on ne en VCOG pas le NCo ... de le NC PHASE de le NC ; tout cela PRES dans un NC sans NCmod .
2923,1885_Adam_Chair-molle_N.txt,Ah !,INTJ !
2924,1885_Adam_Chair-molle_N.txt,"je ne les entends plus ... Voilà les dernières marches ; il n' y a plus d' escalier , mais un trou très noir ... Zéphyr , pourquoi veux -tu me tuer ?","je ne le PRES plus ... voilà le ADJ NCo ; il ne y avoir plus de NC , mais un NC très ADJ ... NP , pourquoi ADJ il me INF ?"
2925,1885_Adam_Chair-molle_N.txt,Ne me tue pas !,ne me PRES pas !
2926,1885_Adam_Chair-molle_N.txt,"Laisse -là ta hache , je te donnerai l' argent !","NP ADVLIEU VPS NCo , je me VF le NCo !"
2927,1885_Adam_Chair-molle_N.txt,...Ah !,NP !
2928,1885_Adam_Chair-molle_N.txt,"tant pis , je me jette !","tant ADJ , je me VSUBP !"
2929,1885_Adam_Chair-molle_N.txt,... » Oh !,"... "" INTJ !"
2930,1885_Adam_Chair-molle_N.txt,qu' elle s' était fait mal .,que il se être faire mal .
2931,1885_Adam_Chair-molle_N.txt,Elle avait voulu se retenir avec son bras malade .,il avoir vouloir se INF avec DETPOSS NCCOR ADJ .
2932,1885_Adam_Chair-molle_N.txt,"Non , elle ne dormirait plus , pour faire de sales rêves comme ça .","non , il ne VIMP plus , pour faire de ADJ NCo comme ça ."
2933,1885_Adam_Chair-molle_N.txt,"D' ailleurs , il faisait presque jour .","de ADVLIEU , il faire presque NCT ."
2934,1885_Adam_Chair-molle_N.txt,"Une clarté bleue , uniforme sur tous les objets , jusque sur l' hystérique , enfin empoignée par le sommeil et ronflant presque nue , les membres épars .","un NC ADJCOL , ADJ sur tout le NCmod , jusque sur le NC , PHASE PPAS par le NC et PPRES presque ADJ , le NC ADJ ."
2935,1885_Adam_Chair-molle_N.txt,"À le bas de les fenêtres , une large bande rouge ; au-dessus , un ciel jaunâtre , puis blanc , d' un blanc azuré où brille une petite étoile .","à le NC de le NCmod , un ADJ NC ADJCOL ; ADVLIEU , un NC ADJCOL , puis ADJCOL , de un ADJCOL ADJ où PRES un ADJ NCo ."
2936,1885_Adam_Chair-molle_N.txt,Quel abominable sommeil !,quel ADJ NC !
2937,1885_Adam_Chair-molle_N.txt,Est -ce que maintenant elle dormirait toujours comme ça ?,être ce que ADVT il VCOND ADVTEMPS comme ça ?
2938,1885_Adam_Chair-molle_N.txt,C' était plus fatiguant que la veille .,ce être plus VSENT que le NC .
2939,1885_Adam_Chair-molle_N.txt,Quelle peur !,quel NCSENT !
2940,1885_Adam_Chair-molle_N.txt,"Elle avait de la sueur partout , et son mal de tête était encore bien plus intense .","il avoir de le NC ADV , et DETPOSS mal de NCCOR être encore bien plus ADJ ."
2941,1885_Adam_Chair-molle_N.txt,"Voyons , il fallait essayer se remettre ... Il allait faire bien beau aujourd'hui ... Un temps d' été ... Oh !","VCOG , il VIMP INF se INF ... il aller faire bien ADJ ADVT ... un temps de NCmod ... INTJ !"
2942,1885_Adam_Chair-molle_N.txt,"l' été d' autrefois ... Saint-Quentin , les bords de l' eau , une barque pourrie , remisée en un champ où elle s' asseyait avec Léon , lors de ses premiers rendez-vous .","le NC de ADVT ... NP , le NC de le NCmod , un NC ADJ , PPAS en un NC où il se VIMP avec NP , lors de DETPOSS ADJ NC ."
2943,1885_Adam_Chair-molle_N.txt,"Il l' embrassait partout , et elle se défendait , se fâchait , et lui , répondait toujours : c' est ta faute aussi , pourquoi es - tu si belle ?","il le VIMP ADV , et il se VIMP , se VSENT , et lui , VDIC ADVTEMPS : ce être VPS ADV aussi , pourquoi être - je si ADJ ?"
2944,1885_Adam_Chair-molle_N.txt,Mais aujourd'hui elle n' était plus belle !,mais ADVT il ne être plus ADJ !
2945,1885_Adam_Chair-molle_N.txt,"Elle considéra ses mains : les veines , les artères dilatées , gonflées , formaient un réseau bleu sous l' épiderme rougi ; à les ongles de les bleuissures se montraient avec , par endroits , de les points violâtres , presquè noirs .","il VPS DETPOSS NCCOR : le NC , le NC PPAS , PPAS , VIMP un NCo ADJCOL sous le NC ADJ ; à le NCs de le NCmod se VIMP avec , par NC , de le NC ADJ , NP ADJ ."
2946,1885_Adam_Chair-molle_N.txt,"Elle se désola ; la main , hier , n' était pas violette ainsi .","il se VSENT ; le NCCOR , ADV , ne être pas ADJ ainsi ."
2947,1885_Adam_Chair-molle_N.txt,"Décidément , le mal ne décroissait pas .","ADV , le mal ne VIMP pas ."
2948,1885_Adam_Chair-molle_N.txt,C' était interminable .,ce être ADJ .
2949,1885_Adam_Chair-molle_N.txt,Ah !,INTJ !
2950,1885_Adam_Chair-molle_N.txt,"peut-être , l' autre bras allait -il mieux !","peut-être , le autre NCCOR aller il mieux !"
2951,1885_Adam_Chair-molle_N.txt,Elle allait le démailloter .,il aller le INF .
2952,1885_Adam_Chair-molle_N.txt,"A grand peine , dans une appréhension de se faire souffrir , elle défit les bandes enroulées .","à ADJ NCSENT , dans un NCSENT de se faire VSENT , il PRES le NCo PPAS ."
2953,1885_Adam_Chair-molle_N.txt,"L' une à l' autre , elles étaient unies par un pus sanglant , desséché .","le un à le autre , il être PPAS par un NC ADJ , PPAS ."
2954,1885_Adam_Chair-molle_N.txt,Lucie ressentait un picotement douloureux en les décollant .,NP VSENT un NCo ADJ en le PPRES .
2955,1885_Adam_Chair-molle_N.txt,"Sous ses doigts , les linges craquaient , demeuraient en une spirale roidie .","sous DETPOSS NCCOR , le NCs VIMP , VIMP en un ADJ NC ."
2956,1885_Adam_Chair-molle_N.txt,"Et , à mesure qu' elle démaillotait , les cercles jaunâtres qui tachaient la toile s' amplifiaient et brunissaient .","et , à NC que il VIMP , le NCo ADJCOL qui VIMP le NCo se VIMP et VIMP ."
2957,1885_Adam_Chair-molle_N.txt,"Enfin , le membre apparut à découvert .","PHASE , le NCs VPS avoir VCOG ."
2958,1885_Adam_Chair-molle_N.txt,"La peau était tendue , lisse , fine , sans une ride .","le NCCOR être ADJ , ADJ , ADJ , sans un NC ."
2959,1885_Adam_Chair-molle_N.txt,"Le poignet avait perdu ses formes et présentait seulement une bouffissure rougeâtre , pâteuse , indécise de contours , sous laquelle un liquide pâle fluctuait .","le NCCOR avoir PPAS DETPOSS NCo et VIMP seulement un NCo ADJCOL , ADJ , ADJ de NCmod , sous lequel un NCs ADJ VIMP ."
2960,1885_Adam_Chair-molle_N.txt,"D' étroites fentes une liqueur livide sourdait , rubéfiée de fils sanglants .","un ADJ NCs un NCs ADJ VIMP , PPAS de NC ADJ ."
2961,1885_Adam_Chair-molle_N.txt,"Ça n' allait pas , pas de le tout !","ça ne aller pas , pas de le tout !"
2962,1885_Adam_Chair-molle_N.txt,... Elle n' aurait pas dû regarder : cette vue lui faisait mal .,... il ne avoir pas devoir VCOG : ce NCs lui faire mal .
2963,1885_Adam_Chair-molle_N.txt,"Et puis , maintenant , ça coulait plus fort .","et puis , ADVT , ça VIMP plus fort ."
2964,1885_Adam_Chair-molle_N.txt,"Une douleur insupportable l' avait prise à le bras , partout .","un NCSENT ADJ le avoir PPAS à le NCCOR , ADV ."
2965,1885_Adam_Chair-molle_N.txt,"Elle était comme serrée dans un étau et malgré cela un vide l' envahissait , son corps s' allégeait dans un affaissement .","il être comme PPAS dans un NC et malgré cela un NCs le VIMP , DETPOSS NCCOR se VIMP dans un NC ."
2966,1885_Adam_Chair-molle_N.txt,Lucie laissa retomber sa tête pesante .,NP laisser INF DETPOSS NCCOR ADJ .
2967,1885_Adam_Chair-molle_N.txt,"Il y eut le bruit d' une vessie qui s' écrase ; un liquide chaud coula de son crâne , lui inonda le cou et les épaules .","il y avoir le NCo de un NCmod qui se PRES ; un NCs ADJ VPS de DETPOSS NC , lui VPS le NCCOR et le NCCOR ."
2968,1885_Adam_Chair-molle_N.txt,Oh !,INTJ !
2969,1885_Adam_Chair-molle_N.txt,"tant pis , elle ne remuerait plus .","tant ADJ , il ne VCOND plus ."
2970,1885_Adam_Chair-molle_N.txt,Ça lui faisait trop de mal !,ça lui faire trop de mal !
2971,1885_Adam_Chair-molle_N.txt,"D' abord , elle ne sentait plus sa tête , ni ses mains , ni son corps , plus rien !","de NC , il ne sentir plus DETPOSS NCCOR , ni DETPOSS NCCOR , ni DETPOSS NCCOR , plus rien !"
2972,1885_Adam_Chair-molle_N.txt,"Elle éprouvait seulement une immense douleur , sans savoir où .","il VSENT seulement un ADJ NCSENT , sans VCOG où ."
2973,1885_Adam_Chair-molle_N.txt,Elle voulut fermer les paupières et ne put y parvenir .,il vouloir INF le NCCOR et ne pouvoir y INF .
2974,1885_Adam_Chair-molle_N.txt,"Elle restait étendue sur le dos à regarder fixement , le ciel de lit tout blanc .","il VIMP NCo sur le NCCOR à VCOG ADV , le NCo de NCmod tout ADJCOL ."
2975,1885_Adam_Chair-molle_N.txt,En haut le soleil rayonnait dans les vitres brillantes .,en NC le NCs VIMP dans le NC ADJ .
2976,1885_Adam_Chair-molle_N.txt,"Les murs s' illuminaient , la poussière épandue partout scintillait , à le plafond les lézardes se doraient .","le NCs se VIMP , le NCs ADJ ADV VIMP , à le NC le NCs se VIMP ."
2977,1885_Adam_Chair-molle_N.txt,Quel malheur !,quel NC !
2978,1885_Adam_Chair-molle_N.txt,Ne pouvoir sortir par un si beau temps !,ne pouvoir INF par un si ADJ temps !
2979,1885_Adam_Chair-molle_N.txt,Comme il serait bon se promener à la campagne avec un amant chéri .,comme il être ADJ se INF à le NC avec un ADJ NC .
2980,1885_Adam_Chair-molle_N.txt,Bien longtemps encore elle resterait couchée sans se donner ce plaisir !,bien longtemps encore il VCOND PPAS sans se INF ce NCSENT !
2981,1885_Adam_Chair-molle_N.txt,Bah !,INTJ !
2982,1885_Adam_Chair-molle_N.txt,elle était folle !,il être ADJ !
2983,1885_Adam_Chair-molle_N.txt,Elle se guérirait ... comme la première fois .,il se VCOND ... comme le ADJ fois .
2984,1885_Adam_Chair-molle_N.txt,"Dans une huitaine , elle serait sur pied , et elle irait à Paris rejoindre Léon , le seul homme désirable ... En le revoyant , elle l' aimerait tout de suite ... Quels délicieux baisers !","dans un NC , il être sur NCCOR , et il aller à NP INF NP , le ADJ NC ADJ ... en le VCOG , il le VSENT tout de NC ... quel ADJ NC !"
2985,1885_Adam_Chair-molle_N.txt,"... Et puis , elle lui ferait raconter ses amours , simulerait une bouderie pour qu' il la caressât fort , afin de l' apaiser ... Alors la réconciliation viendrait , et ils s' aimeraient ... Oh !","... et puis , il lui faire INF DETPOSS NCSENT , VCOND un NCo pour que il le VSUBI fort , ADV de le VSENT ... alors le NCs venir , et il se VSENT ... INTJ !"
2986,1885_Adam_Chair-molle_N.txt,comme tout s' obscurcissait autour d' elle .,comme tout se VIMP ADV de il .
2987,1885_Adam_Chair-molle_N.txt,"Elle ne voyait plus les rideaux ... à peine encore le volant de le ciel de lit ... Tout lui semblait jauni , dans une buée d' or ... Et l' or occupait toute sa vue .","il ne VCOG plus le NCo ... à NCSENT encore le NC de le NCmod de NCmod ... tout lui sembler ADJ , dans un NC de NCmod ... et le NCs VIMP tout DETPOSS NCo ."
2988,1885_Adam_Chair-molle_N.txt,C' est qu' elle allait dormir ... Oh !,ce être que il aller INF ... INTJ !
2989,1885_Adam_Chair-molle_N.txt,les charmants rêves qui viendraient l' enchanter ... Elle reverrait Léon ..... l' aimerait d' une passion immense ... ineffable .,le NC ADJ qui VIMP le VSENT ... il VIMP NP ..... le NC de un NCSENT ADJ ... ADJ .
2990,1885_Adam_Chair-molle_N.txt,"Ils se perdraient ... tous les deux dans une jouissance infinie ... Et puis , ils ne verraient plus rien ... rien que de l' or ... tout autour ... comme ça ... plus que de les nuages blancs et dorés ... une brume délicieuse ... douce .","il se VIMP ... tout le NC dans un NCSENT ADJ ... et puis , il ne VIMP plus rien ... ADV que de le NC ... tout ADV ... comme ça ... plus que de le NC ADJCOL et ADJCOL ... un NC ADJ ... ADJ ."
2991,1885_Adam_Chair-molle_N.txt,Ils ne sentiraient plus que leurs chairs veloutées ... si fines ... si suaves ... si voluptueuses ... infiniment .,il ne sentir plus que DETPOSS NCCOR PPAS ... si ADJ ... si ADJ ... si ADJ ... ADVINT .
2992,1885_Adam_Chair-molle_N.txt,"— Eh bien , le 8 , ça ne va pas , hein ?","— INTJ bien , le NUM , ça ne aller pas , ADJ ?"
2993,1885_Adam_Chair-molle_N.txt,ce matin ?,ce NCT ?
2994,1885_Adam_Chair-molle_N.txt,Et ils seraient d' or ... tous les deux ... d' or blanc ... très léger ... très pur ... ils rouleraient dans les nues ... une caressante .,et il être de NC ... tout le NC ... de NCmod ADJCOL ... très ADJ ... très ADJ ... il VIMP dans le NC ... un NC .
2995,1885_Adam_Chair-molle_N.txt,", .",", ."
2996,1885_Adam_Chair-molle_N.txt,Le docteur ?,le NCs ?
2997,1885_Adam_Chair-molle_N.txt,"... Oui , elle allait très bien ... Elle allait voir l' amour ... l' infini amour ... éternel ... toujours .","... oui , il aller très bien ... il aller VCOG le NCSENT ... le ADJ NCSENT ... ADJ ... ADVTEMPS ."
