id,titre,phrase,motifs_phrase
1,1885_Metenier_La-Chair_N.txt,"Oscar Méténier La Chair LA CHAIR — Madame Massabielle , je vous amène un pensionnaire !","NP NP le NP NP NP — madame ADJ , je vous PRES un NCo !"
2,1885_Metenier_La-Chair_N.txt,"Mme Massabielle , une grosse femme de cinquante ans environ , à la lèvre supérieure ombragée par un duvet très noir , à les bras surchargés de bijoux , considéra un instant le jeune homme qu' on lui présentait .","madame ADJ , un ADJ NCs de NUM NCT environ , à le NCCOR ADJ PPAS par un NCCOR très ADJ , à le NCCOR PPAS de NC , VPS un NCo le ADJ NCo que on lui VIMP ."
3,1885_Metenier_La-Chair_N.txt,"Satisfaite sans doute de cet examen préliminaire , elle fléchit lourdement sur sa base , sans parvenir à courber sa taille opulente devant le nouveau venu .","PPAS sans NCSENT de ce NC ADJ , il VSENT ADVMAN sur DETPOSS NC , sans INF à INF DETPOSS NCo ADJ ADVLIEU le ADJ NC ."
4,1885_Metenier_La-Chair_N.txt,"— Madame Massabielle , continua l' abbé Bernadet , je vous présente M. le vicomte de Vitresac , un compatriote , qui vient à Paris faire son droit , J' ai dirigé son instruction jusqu' à ce jour , mais M. le vicomte vient de passer ses examens .","— madame NP , VPS le NCo NP , je vous PRES monsieur le NC de NP , un NC , qui venir à NP faire DETPOSS NCo , je avoir PPAS DETPOSS NCo jusque à ce NCT , mais monsieur le NCmod venir de INF DETPOSS NCo ."
5,1885_Metenier_La-Chair_N.txt,Sa famille m' a chargé de le conduire jusqu' à Paris .,DETPOSS NCs lui avoir PPAS de le INF jusque à NP .
6,1885_Metenier_La-Chair_N.txt,"Je vous le recommande , Madame Massabielle , c' est une âme d' élite , j' espère que vous aurez pour lui les soins les plus dévoués .","je vous le PRES , madame ADJ , ce être un NC de NCmod , je VCOG que vous avoir pour lui le NCo le plus ADJ ."
7,1885_Metenier_La-Chair_N.txt,"— Les soins d' une mère , Monsieur l' abbé !","— le NCs de un NCmod , monsieur le NC !"
8,1885_Metenier_La-Chair_N.txt,gémit Mme Massabielle de sa voix de contralto .,VPS NCo ADJ de DETPOSS NCMAN de NCmod .
9,1885_Metenier_La-Chair_N.txt,Monsieur le vicomte pourra se croire ici à le sein de sa famille .,monsieur le NC pouvoir se VCOG ADVLIEU à le NC de DETPOSS NCmod .
10,1885_Metenier_La-Chair_N.txt,"Vous connaissez ma maison , Monsieur l' abbé !","vous PRES DETPOSS NCo , monsieur le NC !"
11,1885_Metenier_La-Chair_N.txt,"Ce n' est pas d' aujourd'hui , Dieu merci , que sa réputation est faite !","ce ne être pas de ADVT , NP INTJ , que DETPOSS NCspas être faire !"
12,1885_Metenier_La-Chair_N.txt,M. de Vitresac y trouvera le calme nécessaire pour se livrer à l' étude et un abri contre les séductions de la Babylone moderne .,monsieur de NP y VF le NCSENT ADJ pour se INF à le NC et un NC contre le NCSENT de le NP ADJ .
13,1885_Metenier_La-Chair_N.txt,"Mme Massabielle , quand elle parlait de Paris , affectionnait particulièrement ce vocable ; lorsqu' elle tonnait contre les débordements de le siècle et qu' elle prononçait ces mots : « Babylone moderne » , elle avait une façon étonnante de montrer le blanc de ses yeux et de donner à sa bouche une moue pleine de dédain et de mépris .","madame ADJ , quand il VIMP de NP , VSENT ADVINT ce NCo ; lorsque il VIMP contre le NC de le NCT et que il VIMP ce NCo : "" NP ADJ "" , il avoir un façon ADJ de INF le ADJCOL de DETPOSS NCCOR et de INF à DETPOSS NCCOR un NCo ADJ de NCSENT et de NC ."
14,1885_Metenier_La-Chair_N.txt,"Séance tenante , elle entra avec l' abbé Bernardet dans le détail de les conventions à intervenir entre elle et son nouveau pensionnaire .","NC ADJ , il VPS avec le NC NP dans le NC de le NCmod à INF entre il et DETPOSS ADJ NC ."
15,1885_Metenier_La-Chair_N.txt,— Pension : cent vingt francs !,— NCs : PRES NUM NCo !
16,1885_Metenier_La-Chair_N.txt,"— C' est pour rien , mon cher Monsieur l' abbé !","— ce être pour rien , DETPOSS ADJ monsieur le NC !"
17,1885_Metenier_La-Chair_N.txt,"Vous savez comment je nourris mes pensionnaires : potage , entrées , plat de viande , légumes à volonté , pain à discrétion , dessert et café à midi , sans cognac , par exemple !","vous VCOG comment je PPAS DETPOSS NCo : NC , NC , NC de NCmod , NC à NCmod , NC à NCmod , NC et NC à NCmod , sans NC , par NC !"
18,1885_Metenier_La-Chair_N.txt,"Tenez , j' ai trois messieurs prêtres maintenant ; M. de Vitresac prendra ses repas avec eux .","IMP , je avoir NUM NCo ADJ ADVT ; monsieur de NP VF DETPOSS NCo avec eux ."
19,1885_Metenier_La-Chair_N.txt,"Pour les liqueurs , c' est de le supplément !","pour le NC , ce être de le NC !"
20,1885_Metenier_La-Chair_N.txt,Remarquez que le service est compris .,IMP que le NCspas être VCOG .
21,1885_Metenier_La-Chair_N.txt,— Chambre : soixante francs .,— NC : NUM NC .
22,1885_Metenier_La-Chair_N.txt,— Ah !,— INTJ !
23,1885_Metenier_La-Chair_N.txt,"Monsieur l' abbé , un amour de chambre !","monsieur le NC , un NCSENT de NCmod !"
24,1885_Metenier_La-Chair_N.txt,"Ce n' est pas grand , grand , c' est petit , mais d' un coquet !","ce ne être pas ADJ , ADJ , ce être ADJ , mais de un NC !"
25,1885_Metenier_La-Chair_N.txt,"... D' un coquet sévère , par exemple .","... de un NC ADJ , par NC ."
26,1885_Metenier_La-Chair_N.txt,"Et tandis que la grosse femme et l' abbé discutaient , le jeune homme debout , près d' une grande fenêtre , donnant sur la place Saint-Sulpice , se taisait , absorbé dans sa contemplation .","et PHASE que le ADJ NCs et le NC VIMP , le ADJ NCs ADV , ADVLIEU de un ADJ NC , PPRES sur le NC NP , se VIMP , PPAS dans DETPOSS NC ."
27,1885_Metenier_La-Chair_N.txt,"Justement un omnibus à trois chevaux , venant de la Villette , traversait à le trot la grande place , ébranlant la maison , dont les vitres tremblaient ; il était maintenant à la station et les voyageurs descendaient , se dirigeant , les uns vers la rue Saint-Sulpice , d' autres , vers la rue de le Vieux-Colombier .","ADVMAN un NCs à NUM NCmod , venir de le NP , VIMP à le NC le ADJ NCo , PPRES le NCo , dont le NCs VIMP ; il être ADVT à le NC et le NC VIMP , se PPRES , le un vers le NCmod NP , de autre , vers le NCmod de le NP ."
28,1885_Metenier_La-Chair_N.txt,"Le vicomte accompagnait de l' œil , tour à tour et machinalement ces voyageurs , perdu dans d' incertaines pensées , quand la voix de Mme Massabielle se fit entendre de nouveau , s' adressant à lui , cette fois : — Si Monsieur le vicomte de Vitresac veut voir sa chambre ?","le NCs VIMP de le NC , NC à NCmod et ADV ce NC , PPAS dans un ADJ NC , quand le NCMAN de madame NP se faire VCOG de ADJ , se PPRES à lui , ce fois : — si monsieur le NC de NP vouloir VCOG DETPOSS NCo ?"
29,1885_Metenier_La-Chair_N.txt,Elle décrocha une clef à le tableau et fit passer devant elle son nouveau locataire .,il VPS un NCo à le NC et faire INF ADVLIEU il DETPOSS ADJ NCo .
30,1885_Metenier_La-Chair_N.txt,L' hôtel faisait le coin de la rue de les Canettes et de la place Saint-Sulpice .,le NCs faire le NCo de le NCmod de le NP et de le NC NP .
31,1885_Metenier_La-Chair_N.txt,"À le dehors , une large et poussiéreuse enseigne : Hôtel de Navarre , et au-dessous : Pension de famille , prix modérés .","à le NC , un ADJ et ADJ NC : NC de NP , et ADVLIEU : NC de NCmod , NC ADJ ."
32,1885_Metenier_La-Chair_N.txt,"De les murs , noirs et vieux , suintait l' ennui ; à voir cette porte en chêne , à les gonds énormes , lourde , fermée en tout temps , on avait l' impression d' une prison .","de le NC , ADJ et ADJ , VIMP le NCSENT ; à VCOG ce NCo en NC , à le NC ADJ , ADJ , PPAS en tout temps , on avoir le NCo de un NCmod ."
33,1885_Metenier_La-Chair_N.txt,"Mme Massabielle s' engagea la première dans l' escalier , propre et très haut de plafond , qui conduisait à les étages supérieurs .","madame NP se VPS le ADJ dans le NC , ADJ et très ADJ de NC , qui VIMP à le NC ADJ ."
34,1885_Metenier_La-Chair_N.txt,"Un tapis , légèment effiloché à les angles , couvrait les marches , rouges d' encaustique ; une épaisse balustrade , sang de bœuf , courait le long de cet escalier .","un NCs , ADV PPAS à le NC , VCOND le NCo , ADJCOL de NCmod ; un NCs ADJ , NCCOR de NCmod , VIMP le NCo de ce NCmod ."
35,1885_Metenier_La-Chair_N.txt,"À le premier , Mme Massabielle s' arrêta , déjà essoufflée .","à le ADJ , madame NP se VPS , déjà PPAS ."
36,1885_Metenier_La-Chair_N.txt,Sa poitrine monstrueuse avait de les sursauts sous son corsage .,DETPOSS NCs ADJ avoir de le NC sous DETPOSS NC .
37,1885_Metenier_La-Chair_N.txt,Elle poussa un soupir de soulagement et ouvrit une porte : — La salle à manger !,il VPS un NCo de NCSENT et VPS un NCo : — le NCs à INF !
38,1885_Metenier_La-Chair_N.txt,dit -elle d' une voix qui haletait .,VDIC il de un NCMAN qui VIMP .
39,1885_Metenier_La-Chair_N.txt,"Une chambre spacieuse , avec une longue table ovale ; une grande fenêtre ornée de rideaux en reps vert ; à les murs , un papier jaune à grandes raies , et , dans le fond un Christ , étendant les bras et la tête penchée .","un NC ADJ , avec un ADJ NCmod ADJ ; un ADJ NC PPAS de NC en NCmod ADJCOL ; à le NCmod , un NC ADJCOL à ADJ NCmod , et , dans le NC un NP , PPRES le NCCOR et le NCCOR PPAS ."
40,1885_Metenier_La-Chair_N.txt,"Derrière le pied de la croix , un rameau de buis séché ; dans un angle le casier à les serviettes ; on respirait là cette odeur de pain rassis , spéciale à les réfectoires de collège .","ADVLIEU le NCCOR de le NCmod , un NC de NCmod PPAS ; dans un NC le NCmod à le NCmod ; on VCOND ADVLIEU ce NCo de NCmod ADJ , ADJ à le NC de NCmod ."
41,1885_Metenier_La-Chair_N.txt,"L' abbé ôta son chapeau , examina sommairement et approuva d' un mouvement de tête , tandis que son jeune compagnon promenait autour de lui , distraitement , son regard vague .","le NCs VPS DETPOSS NCo , VPS ADV et VDIC de un NC de NCCOR , PHASE que DETPOSS ADJ NCs VIMP ADV de lui , ADVMAN , DETPOSS NCMAN ADJ ."
42,1885_Metenier_La-Chair_N.txt,"L' ascension continua longue , pénible ; s' arc-boutant à la balustrade , soulevant de la main droite sa robe , Massabielle précédait toujours ses visiteurs ; son dos rond s' arrondissait encore ; à chaque pas , le jeune vicomte craignait de la voir s' affaisser et rouler jusqu' en bas .","le NCs VPS ADJ , ADJ ; se PPRES à le NC , PPRES de le NCCOR ADJ DETPOSS NCo , NP VIMP ADVTEMPS DETPOSS NCo ; DETPOSS NCCOR ADJ se VIMP encore ; à chaque pas , le ADJ NCs VSENT de le VCOG se INF et INF jusque en NC ."
43,1885_Metenier_La-Chair_N.txt,"Indifférent ou feignant de l' être , l' abbé suivait , regardant à le plafond , montant doucement , pour ne pas dépasser l' hôtesse .","VPS ou PPRES de le être , le NCs VIMP , VCOG à le NC , PPRES ADVMAN , pour ne pas INF le NCo ."
44,1885_Metenier_La-Chair_N.txt,"Sur le palier de le troisième , Mme Massabielle fit une pause .","sur le NC de le NCmod , madame NP faire un NCo ."
45,1885_Metenier_La-Chair_N.txt,"D' une main , elle comprima les battements fougueux de son cœur .","de un NCCOR , il VPS le NCo ADJ de DETPOSS NCmod ."
46,1885_Metenier_La-Chair_N.txt,— Enfin !,— PHASE !
47,1885_Metenier_La-Chair_N.txt,... nous voila !,... nous VPS !
48,1885_Metenier_La-Chair_N.txt,"... bégaya -t -elle , à le troisième ... porte à gauche !","... VDIC t il , à le NC ... PRES à NC !"
49,1885_Metenier_La-Chair_N.txt,"Derrière elle , entrèrent l' abbé et le vicomte .","ADVLIEU il , VPS le NCo et le NC ."
50,1885_Metenier_La-Chair_N.txt,"Plus longue que large , la chambre était tendue de papier vert et terminée dans le fond , par une alcôve ; à la tête de le lit , un bénitier surmonté d' un crucifix et d' un nouveau rameau séché ; à droite et à gauche de la glace , au-dessus de la cheminée , deux tableaux : la Sainte Famille et le Sacré-Cœur de Jésus ; en face une gravure dans un cadre de bois noir , les Enfants d' Edouard .","plus ADJ que ADJ , le NCspas être PPAS de NC ADJCOL et VASP dans le NC , par un NC ; à le NCCOR de le NCmod , un NC PPAS de un NC et de un ADJ NC PPAS ; à NC et à NC de le NCmod , ADVLIEU de le NC , NUM NC : le NP NP et le NP de NP ; en NC un NCmod dans un NCmod de NCmod ADJ , le NC de NP ."
51,1885_Metenier_La-Chair_N.txt,Mme Massabielle se laissa tomber dans un fauteuil et indiqua de les sièges à ses visiteurs .,madame NP se laisser INF dans un NC et VPS de le NC à DETPOSS NCmod .
52,1885_Metenier_La-Chair_N.txt,"— Soixante francs , Monsieur l' abbé !","— NUM NCmod , monsieur le NC !"
53,1885_Metenier_La-Chair_N.txt,Quand je vous disais que c' était pour rien !,quand je vous VDIC que ce être pour rien !
54,1885_Metenier_La-Chair_N.txt,Mais rien que la vue vaut l' argent !,mais ADV que le NCs PRES le NCo !
55,1885_Metenier_La-Chair_N.txt,On voit d' ici les têtes de lions de la Fontaine de l' Episcopat .,on VCOG de ADVLIEU le NCCOR de NCmod de le NP de le NP .
56,1885_Metenier_La-Chair_N.txt,"Et puis , cet air !","et puis , ce NCMAN !"
57,1885_Metenier_La-Chair_N.txt,Pas de maison en face !,pas de NC en NC !
58,1885_Metenier_La-Chair_N.txt,"C' est unique , Monsieur l' abbé , unique !","ce être ADJ , monsieur le NC , ADJ !"
59,1885_Metenier_La-Chair_N.txt,"Tenez , regardez -moi ça , de les placards partout !","IMP , VCOG soi ça , de le NC ADV !"
60,1885_Metenier_La-Chair_N.txt,"Les cabinets sur le palier , une sonnette pour le garçon , et ce lit !","le NC sur le NCmod , un NC pour le NCmod , et ce NC !"
61,1885_Metenier_La-Chair_N.txt,Un sommier et deux matelas !,un NC et NUM NC !
62,1885_Metenier_La-Chair_N.txt,"— Vous voilà chez vous , mon cher enfant !","— vous voilà chez vous , DETPOSS ADJ NC !"
63,1885_Metenier_La-Chair_N.txt,dit alors l' abbé .,VDIC alors le NCo .
64,1885_Metenier_La-Chair_N.txt,C' est entre ces murs que devra désormais s' écouler votre vie ; mon rôle est fini .,ce être entre ce NC que devoir ADV se INF DETPOSS NCo ; DETPOSS NCs être ADJ .
65,1885_Metenier_La-Chair_N.txt,"Je prierai Dieu pour vous , je lui demanderai que mes soins et ma sollicitude ne soient pas vains et que vous vous conserviez pur et honnête comme vous l' avez été jusqu' à ce jour .","je VCOND NP pour vous , je lui VF que DETPOSS NCs et DETPOSS NC ne être pas ADJ et que vous vous PRES ADJ et ADJ comme vous le avoir être jusque à ce NCT ."
66,1885_Metenier_La-Chair_N.txt,"Vous voilà livré à vous-même , dans une ville où les occasions de péché sont nombreuses — La Babylone moderne !","vous voilà PPAS à ADV , dans un NC où le NCs de NCmod être ADJ — le NP ADJ !"
67,1885_Metenier_La-Chair_N.txt,soupira Mme Massabielle .,VF madame NP .
68,1885_Metenier_La-Chair_N.txt,"— Mais vous résisterez , j' en suis convaincu .","— mais vous VF , je en être PPAS ."
69,1885_Metenier_La-Chair_N.txt,"Choisissez seulement vos amis , ne vous liez pas inconsidérement .","IMP seulement DETPOSS NCo , ne vous PRES pas ADV ."
70,1885_Metenier_La-Chair_N.txt,"Vous trouverez , de le reste , dans cette maison de les exemples et de les encouragements .","vous VF , de le NC , dans ce NC de le NCmod et de le NC ."
71,1885_Metenier_La-Chair_N.txt,"Vous puiserez ensuite dans les pratiques de notre sainte religion la force nécessaire pour résister à les séductions et surtout , ajouta l' abbé en levant les yeux vers le ciel , à les séductions de la chair — Ah !","vous PRES PHASE dans le NC de DETPOSS ADJ NCmod le NCSENT ADJ pour INF à le NCSENT et surtout , VPS le NCo en PPRES le NCCOR vers le NC , à le NCSENT de le INF — INTJ !"
72,1885_Metenier_La-Chair_N.txt,la chair !,le NCCOR !
73,1885_Metenier_La-Chair_N.txt,"les séductions de la chair , approuva la grosse Mme Massabielle , voilà ce qui perd la jeunesse !","le NCSENT de le NCCOR , VDIC le ADJ madame NP , voilà ce qui PRES le NCo !"
74,1885_Metenier_La-Chair_N.txt,"Mais ici , grâce à Dieu !","mais ADVLIEU , ADV à NP !"
75,1885_Metenier_La-Chair_N.txt,rien à craindre de ce côté -là !,rien à VSENT de ce NCmod ADVLIEU !
76,1885_Metenier_La-Chair_N.txt,"— Il est inutile , mon cher enfant , de vous recommander la régularité , c' est un principe d' hygiène .","— il être ADJ , DETPOSS ADJ NC , de vous INF le NCo , ce être un NC de NCmod ."
77,1885_Metenier_La-Chair_N.txt,"— L' exactitude , dit Mme Massabielle , est de règle dans la maison .","— le NCs , VDIC madame NP , être de NC dans le NCmod ."
78,1885_Metenier_La-Chair_N.txt,Et elle désigna de le doigt une pancarte collée à la porte .,et il VPS de le NCCOR un NC PPAS à le NC .
79,1885_Metenier_La-Chair_N.txt,L' abbé s' approcha et lut : « La porte sera fermée et le gaz éteint à onze heures de le soir ; MM. les locataires devront prévenir s' ils ont l' intention de rentrer plus tard .,"le NCs se VPS et VPS : "" le NCspas être PPAS et le NC PPAS à NUM NCT de le NCT ; ADV le NCs devoir INF si il avoir le NCo de INF plus tard ."
80,1885_Metenier_La-Chair_N.txt,"» Après cette lecture , et sans répondre à Mme Massabielle , l' abbé poursuivit : — Il est bon , mon cher enfant , qu' un jeune homme prenne quelques distractions ; vous n' en trouverez aucune dans la fréquentation de les cafés où se rue la jeunesse dépravée de notre siècle .",""" PHASE ce NC , et sans VDIC à madame NP , le NCs VPS : — il être ADJ , DETPOSS ADJ NC , que un ADJ NCs VSUBP quelque NCSENT ; vous ne en VF aucun dans le NC de le NCmod où se PPAS le NC PPAS de DETPOSS NCT ."
81,1885_Metenier_La-Chair_N.txt,Je n' insiste pas sur ce point .,je ne PRES pas sur ce NC .
82,1885_Metenier_La-Chair_N.txt,"Quand , fatigué , vous sentirez le besoin de donner à votre esprit un peu de repos , allez à le théâtre , à les Français , les jours où l' on joue les chefs-d'œuvre de nos immortels classiques , mais là seulement , car le théâtre , mon cher enfant , ment à sa primitive destination .","quand , VSENT , vous PRES le NCo de INF à DETPOSS NC un peu de NCmod , aller à le NC , à le NC , le NCT où l' on PRES le NCo de DETPOSS NCmod ADJ , mais ADVLIEU seulement , car le NC , DETPOSS ADJ NC , ADV à DETPOSS ADJ NC ."
83,1885_Metenier_La-Chair_N.txt,"Castigat ridendo mores , disaient les anciens ; aujourd'hui , il n' est plus qu' un lieu de perdition , un foyer de corruption d' où l' on sort les sens excités , et l' âme salie par la dépravation qui s' y étale impudemment .","NCs ridendo NCmod , VDIC le NCo ; ADVT , il ne être plus que un NC de NCmod , un NC de NCmod de où l' on PRES le NCo VSENT , et le NC PPAS par le NC qui se y PRES ADVMAN ."
84,1885_Metenier_La-Chair_N.txt,"Le vicomte de Vitresac écoutait , très indifférent , sans répondre .","le NCs de NP VIMP , très ADJ , sans VDIC ."
85,1885_Metenier_La-Chair_N.txt,"— Monsieur votre père , continua l' abbé Bernardet , a pourvu largement à vos dépenses .","— monsieur DETPOSS NC , VPS le NCo NP , avoir PPAS ADVINT à DETPOSS NC ."
86,1885_Metenier_La-Chair_N.txt,"Tous les mois , Mme Massabielle recevra le montant de votre pension et de plus , cinquante francs qu' elle vous remettra pour vos menus plaisirs à le fur et à mesure de vos besoins .","tout le NCT , madame NP VF le NCo de DETPOSS NCmod et de plus , NUM NC que il vous VF pour DETPOSS NC NCSENT à le NCmod et à NC de DETPOSS NCmod ."
87,1885_Metenier_La-Chair_N.txt,"Il est inutile , je pense , de vous recommander la plus grande urbanité pour les personnes que vous rencontrerez ici et la plus extrême condescendance pour l' excellente Mme Massabielle .","il être ADJ , je VCOG , de vous INF le plus ADJ NCo pour le NC que vous VF ADVLIEU et le plus ADJ NC pour le ADJ madame NP ."
88,1885_Metenier_La-Chair_N.txt,Mme Massabielle s' agita convulsivement dans son fauteuil et fit comprendre par une pantomime vive et expressive que l' émotion seule l' empêchait de confirmer à haute voix les affirmations de le précepteur .,madame NP se VPS ADV dans DETPOSS NC et faire VCOG par un NC ADJ et ADJ que le NCSENT ADJ le VIMP de VDIC à ADJ NCMAN le NCo de le NCmod .
89,1885_Metenier_La-Chair_N.txt,"— Et maintenant , mon cher enfant , que vous voilà installé , partons !","— et ADVT , DETPOSS ADJ NC , que vous voilà PPAS , NC !"
90,1885_Metenier_La-Chair_N.txt,Je vais vous faire faire connaissance avec ce grand Paris que vous allez désormais habiter !,je aller vous faire faire NC avec ce ADJ NP que vous aller ADV INF !
91,1885_Metenier_La-Chair_N.txt,"Et , quand après deux jours de pieux trimballements , le jeune homme eût visité toutes les églises de Paris , de la Madeleine à Picpus , de Ménilmontant à Vaugirard , l' abbé Bernardet prit congé de son élève .","et , quand PHASE NUM NCT de ADJ NCmod , le ADJ NCs avoir PPAS tout le NCo de NP , de le NP à NP , de NP à NP , le NCs NP VPS PPAS de DETPOSS NC ."
92,1885_Metenier_La-Chair_N.txt,"Paul de Vitresac embrassa son précepteur sans regrets comme sans joie et , à peine seul dans sa chambre , il revint coller sa face pâle à les vitres grises , qui tremblaient chaque fois qu' un omnibus débouchait sur la place .","NP de NP VPS DETPOSS NCo sans NCSENT comme sans NCSENT et , à NCSENT ADJ dans DETPOSS NCmod , il VPS INF DETPOSS NCo ADJ à le NCmod ADJCOL , qui VIMP chaque fois que un NCs VIMP sur le NC ."
93,1885_Metenier_La-Chair_N.txt,* ** Paul de Vitresac avait dix-huit ans .,* ** NP de NP avoir NUM NCT .
94,1885_Metenier_La-Chair_N.txt,"Né en pleines Pyrénées , dans une obscure gentilhommière , d' où il n' était sorti que pour aller à Montpellier passer ses examens , il ne connaissait Paris que par ce qu' il avait pu en apprendre dans les géographies .","PPAS en NC NP , dans un NC ADJ , de où il ne être PPAS que pour aller à NP INF DETPOSS NCo , il ne VIMP NP que par ce que il avoir pouvoir en VCOG dans le NC ."
95,1885_Metenier_La-Chair_N.txt,"Confié , dès son enfance , à l' abbé Bernardet , il entrait dans la vie , neuf et sans défenses .","PPAS , dès DETPOSS NC , à le NC NP , il VIMP dans le NC , NUM et sans NC ."
96,1885_Metenier_La-Chair_N.txt,"Empêtré dans les dogmes et les pratiques religieuses , imbu de les préjugés les plus bizarres , croyant aveugle , le jeune homme ne pensait pas qu' il y eût à le monde d' homme assez téméraire pour tenter de se soustraire à les préceptes de l' Église ; aussi sa volonté était -elle annihilée et comme fondue dans une soumission absolue , à laquelle il se condamnait , croyant subir la loi commune .","PPAS dans le NC et le NC ADJ , PPAS de le NC le plus ADJ , VCOG NCo , le ADJ NCs ne VCOG pas que il y avoir à le NC de NCmod ADV ADJ pour INF de se INF à le NC de le NCmod ; aussi DETPOSS NCs être il PPAS et comme PPAS dans un NC ADJ , à lequel il se VIMP , VCOG INF le NCo ADJ ."
97,1885_Metenier_La-Chair_N.txt,"Il avait vécu jusqu' à ce jour seul et sans société ; aucun exemple funeste n' avait pu « ternir cette âme d' élite » , comme disait l' abbé Bernardet , et ce n' était certes pas la compagnie de les pensionnaires de Mme Massabielle qui devait réveiller ces sens assoupis , donner l' essor à cette intelligence enchaînée !","il avoir PPAS jusque à ce NCT ADJ et sans NC ; aucun NCs ADJ ne avoir pouvoir "" INF ce NCo de NCmod "" , comme VDIC le NCs NP , et ce ne être ADV pas le NC de le NCmod de madame NP qui devoir INF ce NCo ADJ , INF le NCo à ce NCmod PPAS !"
98,1885_Metenier_La-Chair_N.txt,"Moins que jamais , il n' allait être libre ; de par la volonté de ses parents et la complicité de son précepteur , son hôtesse devenait sa geôlière .","moins que ADVTEMPS , il ne aller être ADJ ; de par le NC de DETPOSS NCmod et le NC de DETPOSS NCmod , DETPOSS NCs devenir DETPOSS NCo ."
99,1885_Metenier_La-Chair_N.txt,"Dans ces longs couloirs sombres , pareils à de les cloîtres , où n' éclatait jamais une voix joyeuse , on n' entendait qu' un frou-frou de robes noires ; ou bien c' était parfois le susurrement d' un abbé , en chaussons , marmottant son bréviaire , en arpentant les corridors .","dans ce ADJ NC ADJ , NC à de le NCmod , où ne VIMP ADVTEMPS un NCMAN ADJ , on ne VCOG que un NCo de NCmod ADJ ; ou bien ce être ADVTEMPS le NC de un NCmod , en NCmod , PPRES DETPOSS NCo , en PPRES le NCo ."
100,1885_Metenier_La-Chair_N.txt,"Glissant comme de les ombres , on eût pu croire que les pensionnaires craignaient , en éveillant le moindre bruit , de troubler le recueillement de les habitants de l' hôtel .","PPRES comme de le NC , on avoir pouvoir VCOG que le NCs VSENT , en PPRES le ADJ NCo , de VSENT le NCo de le NCmod de le NCmod ."
101,1885_Metenier_La-Chair_N.txt,"Jusqu' à le garçon Joseph , à lequel ses anciennes relations avec cette clientèle ecclésiastique avaient donné l' aspect d' un frère lai .","jusque à le NC NP , à lequel DETPOSS ADJ NCs avec ce NCmod ADJ avoir PPAS le NCo de un NCmod ADJ ."
102,1885_Metenier_La-Chair_N.txt,"Sa longue face rasée et maigre , son crâne poli , son air humble et obséquieux , son regard oblique qu' il tenait toujours obstinément baissé ou levé vers le ciel , le faisaient ressembler à ces François d' Assise , à les airs inspirés , les mains jointes , qui décorent les devantures de la rue Bonaparte .","DETPOSS ADJ NC PPAS et ADJ , DETPOSS NCs ADJ , DETPOSS NCMAN ADJ et ADJ , DETPOSS NCMAN PRES que il VIMP ADVTEMPS ADV PPAS ou PPAS vers le NC , le faire INF à ce NP de NP , à le NCMAN PPAS , le NCCOR ADJ , qui PRES le NCo de le NCmod NP ."
103,1885_Metenier_La-Chair_N.txt,"Paul de Vitresac était le seul étudiant en droit de la maison ; deux jeunes gens , un peu plus âgés , en formaient avec lui la clientèle laïque : l' un , employé dans une librairie religieuse , ne rentrait que le soir ; l' autre attendait son admission à le séminaire Saint-Sulpice et étudiait déjà la théologie en compagnie de le père Juvigny .","NP de NP être le ADJ NC en NCmod de le NCmod ; NUM ADJ NCs , un peu plus ADJ , en VIMP avec lui le NCo ADJ : le un , PPAS dans un NC ADJ , ne VIMP que le NCT ; le autre VIMP DETPOSS NCo à le NC NP et VIMP déjà le NCo en NC de le NCmod NP ."
104,1885_Metenier_La-Chair_N.txt,"Un drôle d' homme , ce père Juvigny !","un NC de NCmod , ce NC NP !"
105,1885_Metenier_La-Chair_N.txt,"C' était lui qui venait , chaque année , prêcher à Saint-Sulpice , l' avent et le carême .","ce être lui qui venir , chaque NCT , INF à NP , le NCo et le NC ."
106,1885_Metenier_La-Chair_N.txt,"Petit , grassouillet , réjoui et bon enfant , légèrement bedonnant , cet excellent dominicain avait tout à fait bon air sous sa grande robe blanche , à les larges manches .","ADJ , NCs , ADJ et ADJ NC , ADVINT ADJ , ce ADJ NC avoir tout à NC ADJ NCMAN sous DETPOSS ADJ NC ADJCOL , à le ADJ NC ."
107,1885_Metenier_La-Chair_N.txt,"Indépendant , comme le sont la plupart de les religieux de son ordre , il refusait annuellement les offres qui lui étaient faites de loger dans de les couvents ou chez de les prêtres séculiers et il restait un de les hôtes fidèles de Mme Massabielle .","ADV , comme le être le NC de le NCmod de DETPOSS NCmod , il VIMP ADVTEMPS le NCo qui lui être faire de INF dans de le NC ou chez de le NC ADJ et il VIMP un de le NCmod ADJ de madame NP ."
108,1885_Metenier_La-Chair_N.txt,"Là , moins , il était chez lui et il pouvait dominer toute la hauteur de sa réputation d' orateur et d' homme d' esprit les pensionnaires de l' hôtel .","ADVLIEU , moins , il être chez lui et il pouvoir INF tout le NCo de DETPOSS NCmod de NCmod et de NC de NCmod le NCo de le NCmod ."
109,1885_Metenier_La-Chair_N.txt,"Là , il était l' oracle et l' on passait six mois de l' année à attendre et à désirer le retour de le père Juvigny .","ADVLIEU , il être le NC et l' on VIMP NUM NCT de le NCT à INF et à VSENT le NCo de le NCmod NP ."
110,1885_Metenier_La-Chair_N.txt,"Un autre pensionnaire était l' abbé de Brécard , , prêtre libre .","un autre NCs être le NC de NP , , NC ADJ ."
111,1885_Metenier_La-Chair_N.txt,"Celui-ci , à qui sa fortune permettait de n' accepter aucune fonction officielle , consacrait sa vie à l' étude de le droit canon .","celui-ci , à qui DETPOSS NCs permettre de ne INF aucun NCo ADJ , VCOND DETPOSS NCo à le NC de le NCmod NC ."
112,1885_Metenier_La-Chair_N.txt,"Tous les ans , il allait passer la semaine sainte à Home et revenait se plonger dans ses livres .","tout le NCT , il aller INF le NCo ADJ à NP et VIMP se INF dans DETPOSS NC ."
113,1885_Metenier_La-Chair_N.txt,"Pour le moment , il composait , en latin , un traité « De Castitate » , sorte de compendium où il réunissait et analysait tout ce qu' avaient écrit avant lui les auteurs sacrés sur la matière .","pour le NC , il VIMP , en NC , un NC "" de NP "" , sorte de NCmod où il VIMP et VIMP tout ce que avoir PPAS PHASE lui le NCs PPAS sur le NC ."
114,1885_Metenier_La-Chair_N.txt,"Très grand , très sec , avec un nez en bec d' aigle , éternellement surmonté d' un binocle , de les mains très longues , de les pieds très larges , de les cheveux plats collés à les tempes avec une tonsure de dimension inusitée , paraissant avoir de trente à cinquante ans , un regard mystique et une face d' ascète , tel était l' homme .","très ADJ , très ADJ , avec un NCCOR en NCmod de NCmod , ADV PPAS de un NC , de le NCCOR très ADJ , de le NCCOR très ADJ , de le NCCOR ADJ PPAS à le NCCOR avec un NC de NCmod ADJ , paraître avoir de NUM à NUM NCT , un NCMAN ADJ et un NC de NCmod , tel être le NC ."
115,1885_Metenier_La-Chair_N.txt,"Outre ces pensionnaires accrédités , la clientèle se composait de prêtres de passage à Paris .","outre ce NC PPAS , le NCs se VIMP de NC de NCmod à NP ."
116,1885_Metenier_La-Chair_N.txt,"Paul de Vitresac se levait à sept heures , allait entendre à Saint-Sulpice la messe de le père Juvigny et rentrait préparer ses cours .","NP de NP se VIMP à NUM NCT , aller VCOG à NP le NCo de le NCmod NP et VCOND INF DETPOSS NCo ."
117,1885_Metenier_La-Chair_N.txt,"A onze heures , le tintement d' une cloche placée sous les combles et dont la corde luisante pendait dans la cage de l' escalier , avertissait les pensionnaires qu' il était l' heure de déjeuner .","à NUM NCT , le NCs de un NCmod PPAS sous le NC et dont le NCs ADJ VIMP dans le NC de le NCmod , VIMP le NCo que il être le NCT de INF ."
118,1885_Metenier_La-Chair_N.txt,Tous sortaient de leurs chambres et se réunissaient dans la salle de le premier .,tout VIMP de DETPOSS NC et se VIMP dans le NC de le ADJ .
119,1885_Metenier_La-Chair_N.txt,— Benedicite .,— NP .
120,1885_Metenier_La-Chair_N.txt,— Dominus .,— NC .
121,1885_Metenier_La-Chair_N.txt,— Nos et ea quæ sumus sumpluri benedicat dextera Christi .,— NP et VPS NP PPAS PPAS NC VF NP .
122,1885_Metenier_La-Chair_N.txt,"Chacun se signait dévotement et s' asseyait à un signal de la main potelée de le père Juvigny : Mme Massabielle à le haut bout de la table , les autres à droite et à gauche .","chacun se VIMP ADVMAN et se VIMP à un NC de le NCCOR PPAS de le NC NP : madame ADJ à le ADJ NCmod de le NCmod , le autre à NCmod et à NC ."
123,1885_Metenier_La-Chair_N.txt,"Et alors tout en savourant les mets que Joseph apportait avec dignité et componction , la conversation s' engageait .","et alors tout en PPRES le NCo que NP VIMP avec NC et NC , le NCs se VIMP ."
124,1885_Metenier_La-Chair_N.txt,"Le père Juvigny racontait de bons mots de sacristie , qui faisaient pâmer d' aise tout l' auditoire ; ou bien c' étaient de les anecdotes contre les jésuites et les capucins , dans lesquelles éclatait la rivalité sourde et la jalousie dont est animé , à l' endroit de ces ordres fameux , tout dominicain qui se respecte .","le NCs NP VIMP un ADJ NCo de NCmod , qui faire INF de NC tout le NCmod ; ou bien ce être de le NC contre le NCmod et le NC , dans lequel VIMP le NCs ADJ et le NC dont être ADJ , à le NC de ce NCmod ADJ , tout NC qui se PRES ."
125,1885_Metenier_La-Chair_N.txt,"Et Mme Massabielle en avait pour une demi-heure à se tamponner les yeux , secouée tout entière par un rire béat : — Ah !","et madame NP en avoir pour un NC à se INF le NCCOR , PPAS tout ADJ par un NCMAN ADJ : — INTJ !"
126,1885_Metenier_La-Chair_N.txt,"mon père , c' est trop drôle !","DETPOSS NC , ce être trop ADJ !"
127,1885_Metenier_La-Chair_N.txt,Assez !,ADV !
128,1885_Metenier_La-Chair_N.txt,assez !,ADV !
129,1885_Metenier_La-Chair_N.txt,je vous en prie !,je vous en NC !
130,1885_Metenier_La-Chair_N.txt,"Enhardi par son succès , le père Juvigny continuait jusqu' à ce que l' abbé de Brécard , scandalisé , prit la parole : — Mon père !","PPAS par DETPOSS NC , le NCs NP VIMP jusque à ce que le NCs de NP , VSENT , VPS le NCo : — DETPOSS NC !"
131,1885_Metenier_La-Chair_N.txt,mon père !,DETPOSS NC !
132,1885_Metenier_La-Chair_N.txt,de la charité !,de le NCmod !
133,1885_Metenier_La-Chair_N.txt,"— Voyons , l' abbé Tant-Pis !","— VCOG , le NC NP !"
134,1885_Metenier_La-Chair_N.txt,C' est entre nous ce que je vous dis là !,ce être entre nous ce que je vous VDIC ADVLIEU !
135,1885_Metenier_La-Chair_N.txt,Il faut bien rire un peu !,il PRES bien INF un peu !
136,1885_Metenier_La-Chair_N.txt,"Je suis le père Tant-Mieux , si vous êtes l' abbé Tant-Pis !","je être le NC ADJ , si vous être le NC NP !"
137,1885_Metenier_La-Chair_N.txt,"Et de nouveau l' assistance se tordait , tandis que l' abbé de Brécard , très vexé dans le fond d' être surnommé l' abbé Tant-Pis , grimaçait un sourire .","et de ADJ le NCs se VIMP , PHASE que le NCs de NP , très VSENT dans le NC de être PPAS le NC NP , VIMP un NCMAN ."
138,1885_Metenier_La-Chair_N.txt,"D' autres fois , la conversation prenait un tour sérieux .","un autre fois , le NCs VIMP un NCo ADJ ."
139,1885_Metenier_La-Chair_N.txt,"L' élève de le père Juvigny soulevait un point de controverse religieuse , généralement défendu avec une verve joyeuse par le dominicain et attaqué avec son aigreur habituelle par l' abbé de Brécart .","le NCs de le NCmod NP VIMP un NCo de NCmod ADJ , ADVTEMPS PPAS avec un NC ADJ par le NCmod et PPAS avec DETPOSS NCSENT ADJ par le NCmod de NP ."
140,1885_Metenier_La-Chair_N.txt,"— J' ai traité cette question dans mon livre « De Castitate » , s' écriait celui-ci , et , saint Augustin en main , je puis prouver ... — Vous ne prouverez rien de le tout !","— je avoir PPAS ce NCo dans DETPOSS NC "" de NP "" , se VIMP celui-ci , et , NP NP en NCCOR , je puis INF ... — vous ne VF rien de le tout !"
141,1885_Metenier_La-Chair_N.txt,"interrompait le père Juvigny , ou si vous prouvez , vous ne convaincrez pas !","VIMP le NCo NP , ou si vous PRES , vous ne PRES pas !"
142,1885_Metenier_La-Chair_N.txt,"Notre siècle est corrompu jusqu' à les moelles , tous les traités de le monde n' y changeront rien .","DETPOSS NCT être PPAS jusque à le NC , tout le NC de le NCmod ne y VF rien ."
143,1885_Metenier_La-Chair_N.txt,"Il faut user de persuasion , circonvenir les gens avec douceur , avoir l' air de dire comme eux .","il PRES INF de NC , INF le NCo avec NCmod , avoir le NCMAN de VDIC comme eux ."
144,1885_Metenier_La-Chair_N.txt,On finit toujours par en avoir raison .,on VASP ADVTEMPS par en avoir NCo .
145,1885_Metenier_La-Chair_N.txt,"Tous vos arguments sans réplique , autant de coups d' épée dans l' eau ... L' esprit est fort , la chair est faible , c' est par la chair qu' il faut les prendre !","tout DETPOSS NC sans NCmod , autant de NC de NCmod dans le NCmod ... le NCs être fort , le NCCOR être ADJ , ce être par le NCCOR que il PRES le INF !"
146,1885_Metenier_La-Chair_N.txt,"... — Flatter les passions de ce siècle , jamais !","... — INF le NCSENT de ce NCT , ADVTEMPS !"
147,1885_Metenier_La-Chair_N.txt,"ripostait l' abbé , intraitable .","VIMP le NCo , ADJ ."
148,1885_Metenier_La-Chair_N.txt,Ah !,INTJ !
149,1885_Metenier_La-Chair_N.txt,vous parlez de la chair !,vous PRES de le INF !
150,1885_Metenier_La-Chair_N.txt,Eh bien !,INTJ bien !
151,1885_Metenier_La-Chair_N.txt,c' est l' amour de la chair qui a perdu le monde !,ce être le NCSENT de le NCCOR qui avoir PPAS le NCo !
152,1885_Metenier_La-Chair_N.txt,"La chair , voilà l' ennemi qu' il faut combattre , sans trève , ni repos !","le NCCOR , voilà le NCo que il PRES INF , sans NC , ni NC !"
153,1885_Metenier_La-Chair_N.txt,"Et l' abbé , enfourchant son dada favori , tonnait contre l' impudicité , qui gangrenait maintenant les classes élevées de la société et qui menaçait de faire de l' humanité un immense cloaque où seraient engloutis pêle-mêle les dévouements et les vertus , tandis que seule , infâme et resplendissante de luxures , la Chair , se dresserait triomphante , grisant le monde et l' entraînant à les abîmes .","et le NCs , PPRES DETPOSS NCo NC , VIMP contre le NC , qui VIMP ADVT le NCo PPAS de le NC et qui VDIC de faire de le NC un ADJ NCo où être PPAS NCo le NCmod et le NC , PHASE que ADJ , ADJ et ADJ de NCmod , le NP , se VCOND ADJ , VSENT le NCo et le PPRES à le NC ."
154,1885_Metenier_La-Chair_N.txt,"Pour couper court , le père Juvigny disait les grâces , et la discussion ne reprenait que le soir , à le dîner .","pour NC ADJ , le NCs NP VDIC le NCo , et le NCs ne VIMP que le NCT , à le NC ."
155,1885_Metenier_La-Chair_N.txt,"Paul de Vitresac ne se mêlait jamais à la conversation ; il écoutait attentivement , cherchant , sans y parvenir , à se former une opinion sur cette entité redoutable qu' on appelait : la Chair !","NP de NP ne se VIMP ADVTEMPS à le NC ; il VCOG ADV , PPRES , sans y INF , à se INF un NCo sur ce NCmod ADJ que on VIMP : le NP !"
156,1885_Metenier_La-Chair_N.txt,"Puis quand , après avoir passé toute sa journée , plongé dans l' étude ou en compagnie de ces lumières de l' Eglise , il se retrouvait , seul dans sa chambre , brisé dans une continuelle tension d' esprit , il éprouvait un malaise indéfinissable , presque de la peur !","puis quand , PHASE avoir PPAS tout DETPOSS NCT , PPAS dans le NC ou en NC de ce NCmod de le NP , il se VIMP , ADJ dans DETPOSS NC , PPAS dans un ADJ NC de NCmod , il VSENT un NCSENT ADJ , presque de le NCSENT !"
157,1885_Metenier_La-Chair_N.txt,"Ce montagnard , habitué à les solitudes sauvages , frissonnait quand le soir venait , dans cette grande maison noire et silencieuse .","ce NCs , PPAS à le NC ADJ , VIMP quand le NCT venir , dans ce ADJ NC ADJ et ADJ ."
158,1885_Metenier_La-Chair_N.txt,"La flamme de sa lampe faisait danser sur la muraille de les ombres mystérieuses , et invinciblement , poussé par le besoin de voir quelqu'un , il allait s' accouder à la fenêtre .","le NCs de DETPOSS NCmod faire INF sur le NC de le NCmod ADJ , et ADVINT , PPAS par le NC de VCOG quelqu'un , il aller se INF à le NC ."
159,1885_Metenier_La-Chair_N.txt,"La vue de la place , flambante par endroits , sombre dans d' autres , le calmait un peu ; une attraction rivait ses regards à les lanternes rouges et vertes de les omnibus , trouant l' obscurité de les rues avoisinantes , disparaissant subitement à le coin de les carrefours .","le NCs de le NCmod , ADJ par NC , PRES dans un autre , le VSENT un peu ; un NCSENT VIMP DETPOSS NCMAN à le NC ADJCOL et ADJCOL de le NCmod , PPRES le NCo de le NCmod ADJ , PPRES ADV à le NC de le NCmod ."
160,1885_Metenier_La-Chair_N.txt,"Ces passants emmitouflés , suivant les trottoirs sous la lumière crue de les becs de gaz , ou se confondant dans la teinte grise de les hautes murailles de l' église , l' intéressaient sans qu' il s' expliquât pourquoi .","ce NCs PPAS , PPRES le NCo sous le NCmod ADJ de le NCmod de NCmod , ou se PPRES dans le NC ADJ de le ADJ NCmod de le NCmod , le VIMP sans que il se VDIC pourquoi ."
161,1885_Metenier_La-Chair_N.txt,"Alors , sans but précis , pour vaincre le malaise persistant , Paul sortait .","alors , sans NC ADJ , pour INF le NCSENT PPRES , NP VIMP ."
162,1885_Metenier_La-Chair_N.txt,"A son tour , il traversait la place Saint-Sulpice et gagnait le boulevard Saint-Germain par le carrefour de l' Odéon Il lui semblait maintenant marcher sur un sol mouvant ; il avait la sensation d' un passager , mettant pour la première fois le pied sur le pont d' un bâtiment .","à DETPOSS NC , il VIMP le NCo NP et VIMP le NCo NP par le NC de le NP il lui sembler ADVT INF sur un NC ADJ ; il avoir le NCSENT de un NCmod , mettre pour le ADJ fois le NCCOR sur le NC de un NCmod ."
163,1885_Metenier_La-Chair_N.txt,"A mesure qu' il approchait de l' intersection de les deux boulevards Saint-Germain et Saint-Michel , il se sentait aveuglé par la lumière de les devantures , étourdi par les cris , les chants qui s' échappaient de les brasseries de femmes , perdu dans ce va-et-vient de voitures et de piétons , et cependant , il trouvait une sorte de charme à cet enivrement , à ce trouble , invincible malgré ses efforts !","à NC que il VIMP de le NC de le NUM NCmod NP et NP , il se sentir PPAS par le NC de le NCmod , VSENT par le NCmod , le NC qui se VIMP de le NC de NCmod , PPAS dans ce NC de NCmod et de NC , et cependant , il VIMP un sorte de NCmod à ce NCmod , à ce NCSENT , ADJ malgré DETPOSS NCmod !"
164,1885_Metenier_La-Chair_N.txt,Comme il comprenait Mme Massabielle appelant Paris la Babylone moderne !,comme il VCOG madame NP PPRES NP le NP ADJ !
165,1885_Metenier_La-Chair_N.txt,Décidément cette grosse femme avait quelquefois de les idées justes !,ADV ce ADJ NCs avoir ADVTEMPS de le NC ADJ !
166,1885_Metenier_La-Chair_N.txt,"Et Paul de Vitresac montait le boulevard , marchant vite .","et NP de NP VIMP le NCo , PPRES ADV ."
167,1885_Metenier_La-Chair_N.txt,"— Monsieur , vous no m' offrez pas un bock ?","— monsieur , vous no le IMP pas un NCo ?"
168,1885_Metenier_La-Chair_N.txt,"— Mon chéri , tu ne m' accompagnes pas chez moi ?","— DETPOSS NC , je ne le ADJ pas chez soi ?"
169,1885_Metenier_La-Chair_N.txt,"Sans répondre , le jeune homme hâtait encore le pas , écœuré , serrant , à le broyer , dans sa poche , le chapelet que lui avait laissé l' abbé Bernardet .","sans VDIC , le ADJ NCs VIMP encore le pas , PPAS , PPRES , à le NC , dans DETPOSS NC , le NCo que lui avoir laisser le NCs NP ."
170,1885_Metenier_La-Chair_N.txt,"Il avait bien tort , ce pauvre abbé , de lui recommander de ne pas se laisser prendre à les séductions de la capitale ; décidément , elles n' en valaient pas la peine !","il avoir bien PPAS , ce ADJ NCo , de lui INF de ne pas se laisser INF à le NCSENT de le NCmod ; ADV , il ne en VIMP pas le NCSENT !"
171,1885_Metenier_La-Chair_N.txt,"Quand Paul de Vitresac , ayant remonté deux ou trois fois le boulevard , avait accoutumé sa vue à le spectacle de la rue , quand il sentait l' asphalte plus solide sous ses pas et qu' un peu de calme avait succédé à sa surexcitation nerveuse , il s' asseyait à la terrasse de le café Vachette et prenait vertueusement un bock .","quand NP de NP , avoir VSENT NUM ou NUM fois le NCo , avoir PPAS DETPOSS NCo à le NC de le NCmod , quand il sentir le NCo plus ADJ sous DETPOSS pas et que un peu de NCSENT avoir PPAS à DETPOSS NCSENT ADJ , il se VIMP à le NC de le NCmod NP et VIMP ADVMAN un NCo ."
172,1885_Metenier_La-Chair_N.txt,"Mme Massabielle lui avait bien recommandé de no jamais aller qu' à ce café où les femmes seules ne sont pas admises : — C' est là , mon cher monsieur , que se réunissent les jeunes gens comme il faut , il n' y va pas de créatures !","madame NP lui avoir bien PPAS de NC ADVTEMPS aller que à ce NC où le NCspas ADJ ne être pas PPAS : — ce être ADVLIEU , DETPOSS ADJ monsieur , que se PRES le ADJ NCo comme il PRES , il ne y aller pas de NCo !"
173,1885_Metenier_La-Chair_N.txt,"Et à onze heures , il était rentré dans sa chambre , fatigué , mais délivré , ou à peu près , de cet énervement , qui le reprenait , chaque jour , à la même heure .","et à NUM NCT , il être PPAS dans DETPOSS NC , VSENT , mais PPAS , ou à peu ADVLIEU , de ce VSENT , qui le VIMP , chaque NCT , à le même NCT ."
174,1885_Metenier_La-Chair_N.txt,"* ** Cependant , le premier jour de l' an approchait .","* ** cependant , le ADJ NCT de le NCT VIMP ."
175,1885_Metenier_La-Chair_N.txt,"Paul remontait un soir , selon son habitude , le boulevard Saint-Michel ; échelonnées [ entre les arbres , de les files de baraques s' allongeaient jusqu' à le Luxembourg .","NP VSENT un NCT , selon DETPOSS NC , le NC NP ; NCs [ entre le NCmod , de le NCmod de NCmod se VIMP jusque à le NP ."
176,1885_Metenier_La-Chair_N.txt,"Il s' était arrêté pour écouter l' étourdissant boniment d' un camelot « marchand de serpents de Pharaon » , quand il s' entendit appeler .","il se être PPAS pour VCOG le PPRES ADV de un NC "" NC de NCmod de NP "" , quand il se VCOG INF ."
177,1885_Metenier_La-Chair_N.txt,Il se retourna .,il se VPS .
178,1885_Metenier_La-Chair_N.txt,"C' était Gustave Daltin , un jeune homme qu' il avait rencontré à l' école .","ce être NP NP , un ADJ NC que il avoir PPAS à le NC ."
179,1885_Metenier_La-Chair_N.txt,"Daltin , ancien élève de les Jésuites , avait plu tout de suite à Vitresac .","NP , ADJ NC de le NP , avoir PPAS tout de NC à NP ."
180,1885_Metenier_La-Chair_N.txt,De là une sorte d' intimité apparente entre les deux jeunes gens .,de ADVLIEU un sorte de NCmod ADJ entre le NUM ADJ NCmod .
181,1885_Metenier_La-Chair_N.txt,"En apercevant son ami , Paul rougit jusqu' à les yeux .","en PPRES DETPOSS NCo , NP PRES jusque à le NCCOR ."
182,1885_Metenier_La-Chair_N.txt,Daltin avait une femme à le bras !,NP avoir un NCo à le NCCOR !
183,1885_Metenier_La-Chair_N.txt,— Ne te scandalise pas !,— ne me VSENT pas !
184,1885_Metenier_La-Chair_N.txt,"lui dit ce dernier en lui tendant la main , c' est une amie sans conséquence , Léontine Negro ... — Comment sans conséquence ?","lui VDIC ce NCo en lui PPRES le NCCOR , ce être un NC sans NCmod , NP NP ... — comment sans NC ?"
185,1885_Metenier_La-Chair_N.txt,"interrompit Léontine vexée ; je te remercie de le compliment , mais , sois tranquille , va , je ne te ferai pas mentir !","VPS NP VSENT ; je me PRES de le NC , mais , NCs ADJ , aller , je ne me faire pas INF !"
186,1885_Metenier_La-Chair_N.txt,— Ne te fâche donc pas !,— ne me VSENT donc pas !
187,1885_Metenier_La-Chair_N.txt,C' est une manière de parler .,ce être un NC de INF .
188,1885_Metenier_La-Chair_N.txt,"Je veux dire que ... enfin , tu me comprends bien !","je vouloir VDIC que ... PHASE , je me VCOG bien !"
189,1885_Metenier_La-Chair_N.txt,"Paul de Vitresac s' était incliné , très gêné .","NP de NP se être PPAS , très VSENT ."
190,1885_Metenier_La-Chair_N.txt,"Pendant ce court colloque , il avait eu néanmoins le temps de jeter un coup d' œil sur la nouvelle venue .","PHASE ce NC ADJ , il avoir avoir ADV le temps de INF un NCo de NCmod sur le ADJ NC ."
191,1885_Metenier_La-Chair_N.txt,Celle -là ne ressemblait guere à les vulgaires raccrocheuses .,celui ADVLIEU ne VIMP INF à le NC ADJ .
192,1885_Metenier_La-Chair_N.txt,"C' était une fille un peu forte , solidement membrée , à la taille assez mince et à les hanches très accusées ; son visage , haut en couleur , no devait connaître ni la poudre de riz , ni le lait antéphélique ; un teint très brun , de les lèvres un peu épaisses , d' un rouge saignant , de les yeux plutôt gris que bleus , et cernés ; un nez droit à lequel la peau légèrement tendue donnait par moments un petit reflet verdâtre très attirant .","ce être un NC un peu fort , ADV PPAS , à le NC ADV ADJ et à le NCCOR très VDIC ; DETPOSS NCCOR , ADJ en NC , NCs devoir INF ni le NCo de NCmod , ni le NC ADJ ; un NC très ADJCOL , de le NCCOR un peu ADJ , de un ADJCOL ADJ , de le NCCOR plutôt ADJCOL que ADJCOL , et PPAS ; un NCCOR ADJ à lequel le NCCOR ADVINT ADJ VIMP par NC un ADJ NCo ADJCOL très ADJ ."
193,1885_Metenier_La-Chair_N.txt,"De les bords d' un chapeau paysanne , relevé en pointe , s' échappaient de petites touffes de cheveux bouclés naturellement et noirs ; par contre , ses mains gantées à dix huit boulons , paraissaient un peu grosses .","de le NC de un NCmod ADJ , PPAS en NC , se VIMP un ADJ NCs de NCCOR PPAS ADVINT et NC ; par NC , DETPOSS NCCOR PPAS à NUM NUM NC , VIMP un peu ADJ ."
194,1885_Metenier_La-Chair_N.txt,"De cet ensemble s' exhalait comme un parfum de force et de santé ; une fille do campagne , une montagnarde peut-être , égarée à le Quartier latin .","de ce ensemble se VIMP comme un NC de NCSENT et de NC ; un NC do NCmod , un NC peut-être , PPAS à le NP ADJ ."
195,1885_Metenier_La-Chair_N.txt,"— Gustave , j' ai soif !","— NP , je avoir ADJ !"
196,1885_Metenier_La-Chair_N.txt,"— Ah ça , où diable peux -tu mettre tout ce que tu bois ?","— INTJ ça , où ADJ pouvoir tu mettre tout ce que je NC ?"
197,1885_Metenier_La-Chair_N.txt,— Mon Dieu !,— NP NP !
198,1885_Metenier_La-Chair_N.txt,je ne te demande pas tout ca !,je ne me PRES pas tout ça !
199,1885_Metenier_La-Chair_N.txt,je te dis que j' ai soif !,je me VDIC que je avoir ADJ !
200,1885_Metenier_La-Chair_N.txt,— Eh bien !,— INTJ bien !
201,1885_Metenier_La-Chair_N.txt,"puisque tu as soif , allons boire !","puisque je avoir ADJ , NC ADJ !"
202,1885_Metenier_La-Chair_N.txt,"Viens -tu , de Vitresac ?","venir il , de NP ?"
203,1885_Metenier_La-Chair_N.txt,"— Moi ... oui ... , non !","— soi ... oui ... , non !"
204,1885_Metenier_La-Chair_N.txt,il faut que je rentre .,il PRES que je VSUBP .
205,1885_Metenier_La-Chair_N.txt,— Allons donc !,— NP donc !
206,1885_Metenier_La-Chair_N.txt,il n' est pas onze heures !,il ne être pas NUM NCT !
207,1885_Metenier_La-Chair_N.txt,madame Massabielle attendra !,madame Massabielle VF !
208,1885_Metenier_La-Chair_N.txt,— Allons à la Chouette !,— aller à le NP !
209,1885_Metenier_La-Chair_N.txt,dit Léontine .,VDIC NP .
210,1885_Metenier_La-Chair_N.txt,— Allons à la Chouette !,— aller à le NP !
211,1885_Metenier_La-Chair_N.txt,"fit Gustave , résigné .","faire NP , PPAS ."
212,1885_Metenier_La-Chair_N.txt,Tous trois se dirigèrent vers la rue Champollion .,tout NUM se VPS vers le NC NP .
213,1885_Metenier_La-Chair_N.txt,"Dans un enfoncement , une devanture discrète , à les glaces doublées de rideaux blancs , surmontée d' une chouette empaillée , les ailes clouées sur un panneau .","dans un NC , un NC ADJ , à le NCmod PPAS de NC ADJCOL , PPAS de un NC PPAS , le NC PPAS sur un NC ."
214,1885_Metenier_La-Chair_N.txt,— Une brasserie de femmes !,— un NC de NCmod !
215,1885_Metenier_La-Chair_N.txt,je m' en vais !,je se en aller !
216,1885_Metenier_La-Chair_N.txt,"murmura le scrupuleux de Vitresac à l' oreille de Daltin ; mais il était déjà trop tard , Léontine avait ouvert brusquement la porte et entraîné l' intérieur ses deux compagnons .","VF le NCo de NP à le NCCOR de NP ; mais il être déjà trop tard , NP avoir PPAS ADV le NCo et PPAS le NCo DETPOSS NUM NC ."
217,1885_Metenier_La-Chair_N.txt,"— Bonjour , Popo !","— INTJ , NP !"
218,1885_Metenier_La-Chair_N.txt,"Bonjour , les enfants !","INTJ , le NC !"
219,1885_Metenier_La-Chair_N.txt,— Tiens !,— NP !
220,1885_Metenier_La-Chair_N.txt,Léontine !,NP !
221,1885_Metenier_La-Chair_N.txt,"Et un groupe d' étudiants , attablés dans un coin , se levèrent pour une ovation à la nouvelle arrivée .","et un NCs de NCmod , PPAS dans un NC , se PRES pour un NC à le ADJ NCmod ."
222,1885_Metenier_La-Chair_N.txt,— Ah !,— INTJ !
223,1885_Metenier_La-Chair_N.txt,mes enfants !,DETPOSS NC !
224,1885_Metenier_La-Chair_N.txt,qu' il fait chaud chez vous !,que il faire NC chez vous !
225,1885_Metenier_La-Chair_N.txt,fit Léontine en se débarrassant vivement de son vêtement de velours épinglé bordé de fourrures et de son chapeau .,faire NP en se PPRES ADVINT de DETPOSS NC de NCmod PPAS PPAS de NC et de DETPOSS NC .
226,1885_Metenier_La-Chair_N.txt,"Dis donc , Popo , range -moi cela !","dis donc , NP , PRES soi cela !"
227,1885_Metenier_La-Chair_N.txt,"Pauline , — Popo , par abréviation , — l' amie de Léontine , servait à la Chouette .","NP , — NP , par NC , — le NCs de NP , VIMP à le NP ."
228,1885_Metenier_La-Chair_N.txt,"C' était une petite fille paraissant très jeune , à les yeux bleus candides , peignée à la vierge , à le demeurant rouée comme pas une .","ce être un ADJ NC paraître très ADJ , à le NCCOR ADJCOL ADJ , PPAS à le NC , à le PPRES PPAS comme pas un ."
229,1885_Metenier_La-Chair_N.txt,"Gustave avait serré les mains de tout le monde , et de Vitresac , très embarrassé , avait répondu par de muettes nutations , à les saluts de les jeunes gens , qui , presque tous , le connaissaient de vue , puis il s' était mis , dans le fond , sur le bord d' une banquette , ne sachant exactement quelle contenance tenir .","NP avoir PPAS le NCCOR de tout le NCmod , et de NP , très VSENT , avoir VDIC par un ADJ NC , à le NC de le ADJ NCmod , qui , presque tout , le VIMP de NC , puis il se être mettre , dans le NC , sur le NC de un NCmod , ne VCOG ADVINT quel NCo INF ."
230,1885_Metenier_La-Chair_N.txt,"— Titine , viens à côté de moi !","— NP , venir à NC de soi !"
231,1885_Metenier_La-Chair_N.txt,dit Daltin .,VDIC NP .
232,1885_Metenier_La-Chair_N.txt,— Jamais de la vie !,— ADVTEMPS de le NC !
233,1885_Metenier_La-Chair_N.txt,"Tu as dit que j' étais une femme sans conséquence , je t' aime plus !","je avoir VDIC que je être un NC sans NCmod , je lui VSENT plus !"
234,1885_Metenier_La-Chair_N.txt,"et pour te faire enrager , je vais faire la cour à ton ami !","et pour me faire VSENT , je aller faire le NCo à DETPOSS NC !"
235,1885_Metenier_La-Chair_N.txt,"Et Léontine se laissa tomber sur la banquette , tout à côté de Paul ; elle se pencha sur lui , appuya doucement sa tête sur son épaule et le regardant dans les yeux , en découvrant dans un sourire une rangée de petites dents : — Dites !","et NP se laisser INF sur le NC , tout à NC de NP ; il se VPS sur lui , VPS ADVMAN DETPOSS NCCOR sur DETPOSS NCCOR et le NC dans le NCCOR , en VCOG dans un NCMAN un NCo de ADJ NCCOR : — VDIC !"
236,1885_Metenier_La-Chair_N.txt,"Voulez -vous que je vous fassse la cour , pour le faire enrager ?","vouloir vous que je vous PRES le NCo , pour le faire VSENT ?"
237,1885_Metenier_La-Chair_N.txt,"Paul de Vitresac , effaré et abasourdi , ne sut que répondre ; il balbutia : — Mademoiselle ... Et ce fut tout .","NP de NP , VSENT et NC , ne VPS que VDIC ; il VDIC : — monsieur ... et ce être tout ."
238,1885_Metenier_La-Chair_N.txt,— Dis donc !,— dis donc !
239,1885_Metenier_La-Chair_N.txt,"fit Léontine à l' oreille de Daltin , il est tout drôle , ton ami , est -ce qu' il serait malade ?","faire NP à le NCCOR de NP , il être tout ADJ , DETPOSS NCs , être ce que il être ADJ ?"
240,1885_Metenier_La-Chair_N.txt,— Non !,— non !
241,1885_Metenier_La-Chair_N.txt,"répliqua Daltin , qui riait sous cape , il est timide !","VPS NP , qui VIMP sous NC , il être ADJ !"
242,1885_Metenier_La-Chair_N.txt,"De nouveau , Léontine s' approcha de Paul , devenu très pâle : — Vous souffrez , peut-être ?","de ADJ , NP se VPS de NP , devenir très ADJ : — vous PRES , peut-être ?"
243,1885_Metenier_La-Chair_N.txt,— Oui ... non ... Il fait très chaud ici !,— oui ... non ... il faire très NCo ADVLIEU !
244,1885_Metenier_La-Chair_N.txt,"... — Ça , c' est vrai !","... — ça , ce être vrai !"
245,1885_Metenier_La-Chair_N.txt,Et rien à boire !,et rien à INF !
246,1885_Metenier_La-Chair_N.txt,"Dis donc , Daltin , un guindal , pour se rafraîchir !","dis donc , NP , un NC , pour se INF !"
247,1885_Metenier_La-Chair_N.txt,Hein ?,NP ?
248,1885_Metenier_La-Chair_N.txt,avec tout le monde !,avec tout le NCmod !
249,1885_Metenier_La-Chair_N.txt,"— Parfaitement , un guindal !","— ADVINT , un NC !"
250,1885_Metenier_La-Chair_N.txt,"Popo , de la bière !","NP , de le NCmod !"
251,1885_Metenier_La-Chair_N.txt,"— J' en suis , moi , de le guindal ?","— je en être , soi , de le NCmod ?"
252,1885_Metenier_La-Chair_N.txt,demanda Popo .,VPS NP .
253,1885_Metenier_La-Chair_N.txt,— Parbleu !,— NP !
254,1885_Metenier_La-Chair_N.txt,"Vous allez voir , continua Léontine en s' adressant maternellement à Paul , un guindal , cela va vous remettre tout de suite !","vous aller VCOG , VPS NP en se PPRES ADVMAN à NP , un NC , cela aller vous INF tout de NC !"
255,1885_Metenier_La-Chair_N.txt,— Qu' est -ce que c' est qu' un guindal ?,— que être ce que ce être que un NC ?
256,1885_Metenier_La-Chair_N.txt,demanda -t -il .,VPS t il .
257,1885_Metenier_La-Chair_N.txt,— Eh bien !,— INTJ bien !
258,1885_Metenier_La-Chair_N.txt,voilà !,voilà !
259,1885_Metenier_La-Chair_N.txt,"Chacun a un bock devant soi , et , à tour de rôle , boit ce bock pendant qu' on chante : Il fl -i -i-le !","chacun avoir un NCo ADVLIEU soi , et , à NC de NCmod , NC ce NCmod PHASE que on PRES : il NCo ADV i-le !"
260,1885_Metenier_La-Chair_N.txt,Et alors on reprend en chœur : Ah !,et alors on PRES en NC : INTJ !
261,1885_Metenier_La-Chair_N.txt,que le bougre a bien filé !,que le NCs avoir bien PPAS !
262,1885_Metenier_La-Chair_N.txt,À le suivant de recommencer !,à le ADJ de INF !
263,1885_Metenier_La-Chair_N.txt,"C' est très drôle , vous verrez !","ce être très ADJ , vous PRES !"
264,1885_Metenier_La-Chair_N.txt,"Paul entendait , mais déjà il ne voyait plus bien .","NP VCOG , mais déjà il ne VCOG plus bien ."
265,1885_Metenier_La-Chair_N.txt,"Quoiqu' il n' eût encore rien bu , il était grisé ; pour la première fois , celte subtile et pénétrante odeur de femme qui se dégageait de sa voisine l' envahissait , mettait en feu son cerveau .","quoique il ne avoir encore rien PPAS , il être VSENT ; pour le ADJ fois , NCs ADJ et ADJ NC de NCmod qui se VIMP de DETPOSS NC le VIMP , mettre en NC DETPOSS NCCOR ."
266,1885_Metenier_La-Chair_N.txt,"Il souffrait , mais dans cette souffrance même il trouvait une indéfinissable volupté , qui le faisait tressaillir chaque fois que l' haleine de la jeune fille frôlait sa nuque ou qu' il sentait la main de Léontine se poser sur son bras .","il VIMP , mais dans ce NCSENT même il VIMP un ADJ NCo , qui le faire INF chaque fois que le NCs de le ADJ NCmod VIMP DETPOSS NCo ou que il sentir le NCCOR de NP se INF sur DETPOSS NCCOR ."
267,1885_Metenier_La-Chair_N.txt,Un .,un .
268,1885_Metenier_La-Chair_N.txt,"instant , il eut comme un vertige ; alors , il s' accouda et prit sa tête dans ses mains .","PPRES , il avoir comme un NC ; alors , il se VPS et VPS DETPOSS NCCOR dans DETPOSS NCCOR ."
269,1885_Metenier_La-Chair_N.txt,"Cependant , la bière était versée .","cependant , le NCspas être PPAS ."
270,1885_Metenier_La-Chair_N.txt,"Les chants commencèrent et , rythmiquement , chaque buveur engloutit son bock à son tour , Popo eut même le temps de faire rubis sur l' ongle , avant la fin .","le NCs VASP et , ADV , chaque NCs PRES DETPOSS NCo à DETPOSS NC , NP avoir même le temps de faire PPAS sur le NC , PHASE le NC ."
271,1885_Metenier_La-Chair_N.txt,Une salve d' applaudissements salua ce haut fait .,un NCs de NCmod VPS ce NCo faire .
272,1885_Metenier_La-Chair_N.txt,"Maintenant , c' était à lui .","ADVT , ce être à lui ."
273,1885_Metenier_La-Chair_N.txt,"— Attendez , dit Léontine , à le moment où ils chanteront : À le suivant de recommencer !","— NP , VDIC NP , à le NC où il VF : à le ADJ de INF !"
274,1885_Metenier_La-Chair_N.txt,vous vous préparerez !,vous vous PRES !
275,1885_Metenier_La-Chair_N.txt,Machinalement Paul leva son verre .,ADV NP PRES DETPOSS NCo .
276,1885_Metenier_La-Chair_N.txt,À le cri : Il fl -i-i-le !,à le NC : il NC ADJ !
277,1885_Metenier_La-Chair_N.txt,"il trempa ses lèvres dans l' écume de la bière , mais presque aussitôt , il dut s' arrêter et fermer les yeux ; la tête lui tournait .","il VPS DETPOSS NCCOR dans le NC de le NCmod , mais presque aussitôt , il devoir se INF et INF le NCCOR ; le NCCOR lui VIMP ."
278,1885_Metenier_La-Chair_N.txt,"Dans un tourbillon extravagant , il voyait danser autour de lui Dallin , Popo , Léontine , tous les autres .","dans un NC ADJ , il VCOG INF ADV de lui NP , NP , NP , tout le autre ."
279,1885_Metenier_La-Chair_N.txt,— Mais bois donc !,— mais NC donc !
280,1885_Metenier_La-Chair_N.txt,— Je ne peux pas ... j' ai mal ... là !,— je ne pouvoir pas ... je avoir mal ... ADVLIEU !
281,1885_Metenier_La-Chair_N.txt,Il mit la main sur son cœur qui battait violemment .,il mettre le NCCOR sur DETPOSS NC qui VIMP ADVMAN .
282,1885_Metenier_La-Chair_N.txt,"Daltin se leva , l' excusa comme il put elle prenant par le bras , il sortit avec lui et le reconduisit en voiture à la place Saint-Sulpice .","NP se VPS , le VPS comme il pouvoir il PPRES par le NCCOR , il VPS avec lui et le VPS en NC à le NC NP ."
283,1885_Metenier_La-Chair_N.txt,— Ah !,— INTJ !
284,1885_Metenier_La-Chair_N.txt,quel drôle de type !,quel ADJ de NC !
285,1885_Metenier_La-Chair_N.txt,"dit Popo , quand elle fut revenue de son émotion .","VDIC NP , quand il être PPAS de DETPOSS NCSENT ."
286,1885_Metenier_La-Chair_N.txt,"Dis donc , Léontine , où l' as -tu rencontré ?","dis donc , NP , où le avoir -tre PPAS ?"
287,1885_Metenier_La-Chair_N.txt,"— Je ne lo connais pas , répliqua Léontine toute déconcertée , c' est un ami de Daltin .","— je ne NCs ADJ pas , VPS NP tout VSENT , ce être un NC de NP ."
288,1885_Metenier_La-Chair_N.txt,Mais que diable pouvait -il bien avoir ?,mais que ADJ pouvoir il bien avoir ?
289,1885_Metenier_La-Chair_N.txt,Il n' avait rien bu .,il ne avoir rien PPAS .
290,1885_Metenier_La-Chair_N.txt,"Quand Daltin rentra et que , pressé de questions , il dut raconter ce qu' il savait de le caractère et de les habitudes de Paul , ses confidences mirent en joie toute l' assistance et notamment l' ingénue Popo , qui n' en revenait pas et qui réitéra : — Mon Dieu !","quand NP VPS et que , PPAS de NC , il devoir INF ce que il VCOG de le NC et de le NC de NP , DETPOSS NCs VPS en NCSENT tout le NCo et ADV le NC NP , qui ne en VIMP pas et qui VF : — NP NP !"
291,1885_Metenier_La-Chair_N.txt,quel drôle de type !,quel ADJ de NCmod !
292,1885_Metenier_La-Chair_N.txt,Léontine seule restait sérieuse .,NCs ADJ VIMP ADJ .
293,1885_Metenier_La-Chair_N.txt,— Dis donc !,— dis donc !
294,1885_Metenier_La-Chair_N.txt,"tu sais , ajouta Daltin en riant , il sera tombé amoureux de toi !","je VCOG , VPS NP en PPRES , il être PPAS NCo de soi !"
295,1885_Metenier_La-Chair_N.txt,— Pourquoi pas ?,— pourquoi pas ?
296,1885_Metenier_La-Chair_N.txt,riposta la belle fille .,VPS le ADJ NCo .
297,1885_Metenier_La-Chair_N.txt,"D' abord il me plaît , à moi , ce garçon -là !","de NC il me PRES , à soi , ce NCo ADVLIEU !"
298,1885_Metenier_La-Chair_N.txt,"ils ne courent pas les rues , les gens de sa trempe , sais -tu bien ?","il ne PRES pas le NCo , le NCs de DETPOSS NCmod , VIMP il bien ?"
299,1885_Metenier_La-Chair_N.txt,"On parla d' autre chose , mais Léontine ne desserra plus les dents .","on VPS de autre chose , mais NP ne VF plus le NCCOR ."
300,1885_Metenier_La-Chair_N.txt,"Elle resta la dernière avec Popo ; seulement , quand Daltin voulut rentrer chez lui , elle le prit à part : — C' est vrai , tout ce que tu nous a dit sur Paul de Vitresac ?","il VPS le NCo avec NP ; seulement , quand NP vouloir INF chez lui , il le VPS à NC : — ce être vrai , tout ce que je nous avoir VDIC sur NP de NP ?"
301,1885_Metenier_La-Chair_N.txt,"— Oui , pourquoi ?","— oui , pourquoi ?"
302,1885_Metenier_La-Chair_N.txt,"— Pour rien , merci , bonsoir !","— pour rien , INTJ , NC !"
303,1885_Metenier_La-Chair_N.txt,Et Léontine se rassit .,et NP se PRES .
304,1885_Metenier_La-Chair_N.txt,* ** Paul de Vitresac passa une nuit agitée .,* ** NP de NP VPS un NCT PPAS .
305,1885_Metenier_La-Chair_N.txt,"Le lendemain matin , il ressentait encore une fatigue terrible .","le NC NCT , il VSENT encore un NCSENT ADJ ."
306,1885_Metenier_La-Chair_N.txt,Mille sensations confuses lui enlevaient toute notion exacte sur la nature de son indisposition .,NUM NCSENT ADJ lui VIMP tout NCo ADJ sur le NCmod de DETPOSS NCmod .
307,1885_Metenier_La-Chair_N.txt,Il lui eût été impossible de dire s' il soufrait moralement ou physiquement .,il lui avoir être ADJ de VDIC si il VCOND ADVMAN ou ADV .
308,1885_Metenier_La-Chair_N.txt,Il ne descendit pas déjeuner .,il ne PRES pas INF .
309,1885_Metenier_La-Chair_N.txt,"Inquiète , Mme Massabielle gravit les trois étages de son locataire .","NC , madame NP VPS le NUM NCo de DETPOSS NCmod ."
310,1885_Metenier_La-Chair_N.txt,"— Vous êtes malade , monsieur Paul , demanda -t -elle à le jeune homme , qu' elle trouva encore couché .","— vous être ADJ , monsieur NP , VPS t il à le ADJ NC , que il VPS encore PPAS ."
311,1885_Metenier_La-Chair_N.txt,— Oui .,— oui .
312,1885_Metenier_La-Chair_N.txt,"Hier , je suis rentré souffrant .","ADV , je être PPAS VSENT ."
313,1885_Metenier_La-Chair_N.txt,Mais ce n' est rien .,mais ce ne être rien .
314,1885_Metenier_La-Chair_N.txt,"Un peu de repos me remettra complètement ; je désire rester seul , répondit Paul d' un ton sec .","un peu de NCs me VF ADVINT ; je VSENT INF ADJ , VDIC NP de un NCmod ADJ ."
315,1885_Metenier_La-Chair_N.txt,— Mais vous auriez peut-être besoin de manger ... — Je ne veux rien .,— mais vous avoir peut-être NCo de INF ... — je ne vouloir rien .
316,1885_Metenier_La-Chair_N.txt,— Un bouillon ?,— un NC ?
317,1885_Metenier_La-Chair_N.txt,"— Je ne veux rien , vous dis -je !","— je ne vouloir rien , vous VDIC je !"
318,1885_Metenier_La-Chair_N.txt,Et Paul de Vitresac se retourna vers le mur .,et NP de NP se VPS vers le NC .
319,1885_Metenier_La-Chair_N.txt,"Mme Massabielle redescendit , confondue .","madame Massabielle VPS , PPAS ."
320,1885_Metenier_La-Chair_N.txt,"Que diable pouvait avoir son locataire , si doux d' habitude , si poli ?","que ADJ pouvoir avoir DETPOSS NCo , si ADJ de NC , si ADJ ?"
321,1885_Metenier_La-Chair_N.txt,"La grosse femme était vexée do cet accueil , plus intriguée encore que vexée .","le ADJ NCspas être VSENT do ce NC , plus VSENT encore que VSENT ."
322,1885_Metenier_La-Chair_N.txt,"A table , chacun s' enquit de l' état de santé de Paul , et les suppositions allèrent leur train .","à NC , chacun se PRES de le NC de NCmod de NP , et le NCs aller lui NCo ."
323,1885_Metenier_La-Chair_N.txt,— A quelle heure est -il rentré ?,— à quel NCT être il PPAS ?
324,1885_Metenier_La-Chair_N.txt,demanda le père Juvigny .,VPS le NCo NP .
325,1885_Metenier_La-Chair_N.txt,"On interrogea Joseph , qui répondit qu' il avait ouvert à M. de Vitresac vers dix heures et demie de le soir et qu' il n' avait rien remarqué d' insolite dans son état .","on VPS NP , qui VDIC que il avoir PPAS à monsieur de NP vers NUM NCT et NC de le NCT et que il ne avoir rien PPAS de NC dans DETPOSS NC ."
326,1885_Metenier_La-Chair_N.txt,— Peut-être a -t -il fait une mauvaise rencontre : il faudrait savoir pourtant !,— peut-être avoir t il faire un ADJ NCo : il VCOND VCOG pourtant !
327,1885_Metenier_La-Chair_N.txt,insista le père Juvigny .,VPS le NCs NP .
328,1885_Metenier_La-Chair_N.txt,"En somme , il a dix-neuf ans et vous savez , mon cher abbé , comme nous le disions l' autre jour , la chair est faible ... — Madame Massabielle , déclara l' abbé de Brécard , vous ne devriez pas laisser sortir le soir M. de Vitresac .","en NC , il avoir NUM NCT et vous VCOG , DETPOSS ADJ NCo , comme nous le VIMP le autre NCT , le NCCOR être ADJ ... — madame NP , VPS le NCo de NP , vous ne devoir pas laisser INF le NCT monsieur de NP ."
329,1885_Metenier_La-Chair_N.txt,"— Monsieur l' abbé , dit la grosse dame , vous avez raison .","— monsieur le NCs , VDIC le ADJ NCo , vous avoir NCo ."
330,1885_Metenier_La-Chair_N.txt,J' ai charge d' âme ; j' ai promis d' être une mère pour M. le vicomte .,je avoir NCo de NCmod ; je avoir PPAS de être un NC pour monsieur le NCmod .
331,1885_Metenier_La-Chair_N.txt,Je veillerai .,je VF .
332,1885_Metenier_La-Chair_N.txt,"Dans la journée , Gustave Daltin se présenta et demanda à voir Paul .","dans le NCT , NP NP se VPS et VPS à VCOG NP ."
333,1885_Metenier_La-Chair_N.txt,Mme Massabielle monta après le jeune homme sous un prétexte quelconque .,madame ADJ VPS PHASE le ADJ NC sous un NC ADJ .
334,1885_Metenier_La-Chair_N.txt,"Elle voulait savoir quand même , car enfin , il avait dû se passer la veille quelque chose d' extraordinaire .","il vouloir VCOG quand même , car PHASE , il avoir devoir se INF le NCo quelque chose de ADJ ."
335,1885_Metenier_La-Chair_N.txt,"Paul tendit , en souriant , la main à Gustave , puis s' adressant à son hôtesse : — Voulez -vous nous laisser seuls , madame Massabielle ?","NP VPS , en PPRES , le NCCOR à NP , puis se PPRES à DETPOSS NC : — vouloir vous nous laisser ADJ , madame ADJ ?"
336,1885_Metenier_La-Chair_N.txt,"— Mais , monsieur , peut-être avez -vous besoin de quelque chose ?","— mais , monsieur , peut-être avoir vous NCo de quelque chose ?"
337,1885_Metenier_La-Chair_N.txt,— Je sonnerai Joseph .,— je VF NP .
338,1885_Metenier_La-Chair_N.txt,"De le doigt , Paul montrait la porte à la grosse femme .","de le NCCOR , NP VIMP le NCo à le ADJ NCmod ."
339,1885_Metenier_La-Chair_N.txt,"— Va voir sur le palier si elle est descendue , dit -il à Daltin .","— NP VCOG sur le NC si il être PPAS , VDIC il à NP ."
340,1885_Metenier_La-Chair_N.txt,Et quand il fut assuré que Mme Massabielle avait bien disparu dans l' escalier : — Quel crampon !,et quand il être PPAS que madame NP avoir bien PPAS dans le NC : — quel NCs !
341,1885_Metenier_La-Chair_N.txt,fit -il avec un geste de mauvaise humeur .,faire il avec un NC de ADJ NCmod .
342,1885_Metenier_La-Chair_N.txt,"Tu me pardonneras , mon cher ami , mon aventure d' hier soir ; je ne puis m' expliquer ce qui s' est passé en moi .","je me ADJ , DETPOSS ADJ NC , DETPOSS NC de ADV NCT ; je ne puis se VDIC ce qui se être PPAS en soi ."
343,1885_Metenier_La-Chair_N.txt,"Mais , dis -moi , qu' est -ce que Léontine ?","mais , VDIC soi , que être ce que NP ?"
344,1885_Metenier_La-Chair_N.txt,— Une fille très belle et ... très bête .,— un NC très ADJ et ... très ADJ .
345,1885_Metenier_La-Chair_N.txt,— Très bête ?,— très ADJ ?
346,1885_Metenier_La-Chair_N.txt,— Comme une oie !,— comme un NC !
347,1885_Metenier_La-Chair_N.txt,Un peu brute même !,un peu ADJ même !
348,1885_Metenier_La-Chair_N.txt,Mais si bien faite !,mais si bien faire !
349,1885_Metenier_La-Chair_N.txt,"Elle est taillée dans le marbre , aussi froide que lui , de le reste .","il être PPAS dans le NC , aussi ADJ que lui , de le NCmod ."
350,1885_Metenier_La-Chair_N.txt,"Bonne fille , dans le fond mais tout à le fond .","ADJ NC , dans le NCmod mais tout à le NC ."
351,1885_Metenier_La-Chair_N.txt,"C' est la Femme avec un grand F , comme la Bible est le Livre .","ce être le NP avec un ADJ F , comme le NP être le NP ."
352,1885_Metenier_La-Chair_N.txt,"Plastiquement , elle a tout , moralement rien !","ADV , il avoir tout , ADVMAN rien !"
353,1885_Metenier_La-Chair_N.txt,"Une belle chair , quoi !","un ADJ NCCOR , quoi !"
354,1885_Metenier_La-Chair_N.txt,et c' est tout .,et ce être tout .
355,1885_Metenier_La-Chair_N.txt,— Tu la vois souvent ?,— je le NC ADVTEMPS ?
356,1885_Metenier_La-Chair_N.txt,"— Quelquefois , assez rarement .","— ADVTEMPS , ADV ADVTEMPS ."
357,1885_Metenier_La-Chair_N.txt,"Deux fois de suite , elle est assommante , elle est trop bête !","NUM fois de NCmod , il être ADJ , il être trop ADJ !"
358,1885_Metenier_La-Chair_N.txt,"— Alors , elle n' est pas ta maîtresse ?","— alors , il ne être pas VPS NCs ?"
359,1885_Metenier_La-Chair_N.txt,— Jamais de la vie !,— ADVTEMPS de le NC !
360,1885_Metenier_La-Chair_N.txt,je deviendrais enragé .,je devenir VSENT .
361,1885_Metenier_La-Chair_N.txt,On n' est pas deux heures avec elle qu' elle vous demande de les choses impossibles .,on ne être pas NUM NCT avec il que il vous PRES de le chose ADJ .
362,1885_Metenier_La-Chair_N.txt,"L' autre soir , elle voulait remonter le boulevard , à cheval sur mes épaules .","le autre NCT , il vouloir VSENT le NCo , à NC sur DETPOSS NCCOR ."
363,1885_Metenier_La-Chair_N.txt,Ah !,INTJ !
364,1885_Metenier_La-Chair_N.txt,"non , tout ce que tu voudras , mais pas ça !","non , tout ce que je NC , mais pas ça !"
365,1885_Metenier_La-Chair_N.txt,J' ai été obligé de la lâcher séance tenante .,je avoir être PPAS de le INF NC ADJ .
366,1885_Metenier_La-Chair_N.txt,— Ah !,— INTJ !
367,1885_Metenier_La-Chair_N.txt,— Mais pourquoi me demandes -tu tout cela ?,— mais pourquoi me PRES il tout cela ?
368,1885_Metenier_La-Chair_N.txt,Tu en pinces pour elle ?,je en NC pour il ?
369,1885_Metenier_La-Chair_N.txt,— Oh !,— INTJ !
370,1885_Metenier_La-Chair_N.txt,"fit Paul scandalisé , moi !","faire NP VSENT , soi !"
371,1885_Metenier_La-Chair_N.txt,Non !,non !
372,1885_Metenier_La-Chair_N.txt,"je te disais cela pour savoir , pour parler .","je me VDIC cela pour VCOG , pour INF ."
373,1885_Metenier_La-Chair_N.txt,Il rougit et détourna la conversation .,il VPS et VPS le NCo .
374,1885_Metenier_La-Chair_N.txt,"Quand Daltin eut pris congé de lui , Paul se leva .","quand NP avoir PPAS PPAS de lui , NP se PRES ."
375,1885_Metenier_La-Chair_N.txt,"Il se souvint qu' il n' avait pas fait sa prière et se mit à genoux , à le bord de son lit , la tête dans les mains ; mais , les yeux fermés , il revoyait les dents blanches de Léontine , avec la bordure saignante de les lèvres ; cette odeur de femme , respirée la veille , lui revenait et le secouait tout entier .","il se VPS que il ne avoir pas faire DETPOSS NCo et se mettre à NC , à le NC de DETPOSS NCmod , le NCCOR dans le NCCOR ; mais , le NCCOR ADJ , il VIMP le NCCOR ADJCOL de NP , avec le NC ADJ de le NCCOR ; ce NCs de NCmod , PPAS le NCo , lui VIMP et le VIMP tout ADJ ."
376,1885_Metenier_La-Chair_N.txt,Mon Dieu !,NP NP !
377,1885_Metenier_La-Chair_N.txt,pourquoi donc cette femme ?,pourquoi donc ce NC ?
378,1885_Metenier_La-Chair_N.txt,Toujours cette femme ?,ADVTEMPS ce NC ?
379,1885_Metenier_La-Chair_N.txt,Et il se releva sans avoir pu prier .,et il se PRES sans avoir pouvoir INF .
380,1885_Metenier_La-Chair_N.txt,"Il voulut travailler Il lisait sans comprendre et à chaque page , il retrouvait l' image obsédante de Léontine .","il vouloir INF il VIMP sans VCOG et à chaque NC , il VIMP le NCo ADJ de NP ."
381,1885_Metenier_La-Chair_N.txt,"Il sentait pourtant qu' il n' aimait pas , qu' il subissait une sensation toute physique , mais la hantise le poursuivait tenace .","il sentir pourtant que il ne VSENT pas , que il VIMP un NCSENT tout ADJ , mais le NCs le VIMP NC ."
382,1885_Metenier_La-Chair_N.txt,"Un instant , il voulut aller tout dire à le père Juvigny .","un NC , il vouloir aller tout VDIC à le NC NP ."
383,1885_Metenier_La-Chair_N.txt,Peut-être avait -il péché ?,peut-être avoir il PPAS ?
384,1885_Metenier_La-Chair_N.txt,Il n' osa pas .,il ne VPS pas .
385,1885_Metenier_La-Chair_N.txt,"Cette femme , il voulait l' oublier , et cependant il éprouvait de le charme à se rappeler le timbre de cette voix qui lui avait dit la veille : — Voulez -vous que je vous fasse la cour , pour le faire enrager ?","ce NC , il vouloir le VCOG , et cependant il VSENT de le NC à se INF le NCo de ce NCMAN qui lui avoir VDIC le NCo : — vouloir vous que je vous faire le NCo , pour le faire VSENT ?"
386,1885_Metenier_La-Chair_N.txt,"L' heure de le dîner sonna : il se fit servir chez lui , Tout en mangeant , il délibérait .","le NCT de le NCmod VPS : il se faire INF chez lui , tout en PPRES , il VIMP ."
387,1885_Metenier_La-Chair_N.txt,Sortirait -il ?,VCOND il ?
388,1885_Metenier_La-Chair_N.txt,Ne sortirait -il pas ?,ne VCOND il pas ?
389,1885_Metenier_La-Chair_N.txt,"S' il allait la revoir , ne serait -ce pas courir au-devant de le danger ?","si il aller le VCOG , ne être ce pas INF ADVLIEU de le NC ?"
390,1885_Metenier_La-Chair_N.txt,"Non , il ne sortirait pas !","non , il ne VIMP pas !"
391,1885_Metenier_La-Chair_N.txt,"Mais , la nuit tombante , il se ravisa .","mais , le NCT ADJ , il se VPS ."
392,1885_Metenier_La-Chair_N.txt,Il avait besoin de respirer .,il avoir NCo de INF .
393,1885_Metenier_La-Chair_N.txt,Il s' habilla et descendit .,il se VPS et VPS .
394,1885_Metenier_La-Chair_N.txt,"A la porte , il rencontra Mme Massabielle .","à le NC , il VPS madame NP ."
395,1885_Metenier_La-Chair_N.txt,"Monsieur Paul , vous avez été souffrant ... l' air est bien frais !","monsieur NP , vous avoir être PPRES ... le NCMAN être bien ADJ !"
396,1885_Metenier_La-Chair_N.txt,... Pourquoi sortir ?,... pourquoi INF ?
397,1885_Metenier_La-Chair_N.txt,— Parce que j' ai affaire !,— parce que je avoir NCo !
398,1885_Metenier_La-Chair_N.txt,Et Paul passa .,et NP VPS .
399,1885_Metenier_La-Chair_N.txt,— Ah !,— INTJ !
400,1885_Metenier_La-Chair_N.txt,mon père !,DETPOSS NCs !
401,1885_Metenier_La-Chair_N.txt,clama la grosse femme en rentrant dans la salle où se trouvait le père Juvigny .,VPS le ADJ NCo en PPRES dans le NC où se VIMP le NCs NP .
402,1885_Metenier_La-Chair_N.txt,Un grand malheur menace M. de Vitresac .,un ADJ NCs VDIC monsieur de NP .
403,1885_Metenier_La-Chair_N.txt,— Il a dix-neuf ans !,— il avoir NUM NCT !
404,1885_Metenier_La-Chair_N.txt,"ma chère madame , répliqua le père sentencieusement , et comme je vous le disais ce matin , la chair se réveille !","DETPOSS ADJ madame , VPS le NCo ADVMAN , et comme je vous le VDIC ce NCT , le NCCOR se PRES !"
405,1885_Metenier_La-Chair_N.txt,"Je le verrai demain , ce cher enfant .","je le NCmod ADVT , ce ADJ NC ."
406,1885_Metenier_La-Chair_N.txt,"Paul arpenta , le collet relevé , — pour ne pas être reconnu , — le boulevard Saint-Michel .","NP NUM , le NC ADJ , — pour ne pas être VCOG , — le NC NP ."
407,1885_Metenier_La-Chair_N.txt,"Il se glissait entre les baraques , jetait un regard , en passant , à l' intérieur de les cafés .","il se VIMP entre le NC , VIMP un NCMAN , en PPRES , à le NC de le NCmod ."
408,1885_Metenier_La-Chair_N.txt,"Il voulait revoir Léontine , mais ne pas être vu d' elle .","il vouloir VCOG NP , mais ne pas être VCOG de il ."
409,1885_Metenier_La-Chair_N.txt,"Il était à le coin de la place de la Sorbonne , quand un groupe d' étudiants sortit de le café d' Harcourt .","il être à le NC de le NCmod de le NP , quand un NCs de NCmod VPS de le NC de NP ."
410,1885_Metenier_La-Chair_N.txt,"Derrière eux apparut Léontine , très gaie .","ADVLIEU eux VPS NP , très PPAS ."
411,1885_Metenier_La-Chair_N.txt,— Un monôme !,— un NCs !
412,1885_Metenier_La-Chair_N.txt,cria -t -elle .,VDIC t il .
413,1885_Metenier_La-Chair_N.txt,"— C' est cela , un monôme !","— ce être cela , un NC !"
414,1885_Metenier_La-Chair_N.txt,"Et Léontine , ayant pris la tête , tous se formèrent en file indienne , chacun posant les mains sur les épaules de son devancier .","et NP , avoir PPAS le NCCOR , tout se VPS en NC ADJ , chacun PPRES le NCCOR sur le NCCOR de DETPOSS NCmod ."
415,1885_Metenier_La-Chair_N.txt,"La bande passa , tout près de Paul , qui , haletant , eût bien voulu se joindre à elle , mais il se souvint de les promusses faites à l' abbé Bernardet .","le NCs VPS , tout ADVLIEU de NP , qui , PPRES , avoir bien vouloir se INF à il , mais il se VPS de le NC faire à le NC NP ."
416,1885_Metenier_La-Chair_N.txt,"Pour concilier son désir et son serment , il suivit de loin la troupe joyeuse .","pour INF DETPOSS NCSENT et DETPOSS NC , il VPS de ADVLIEU le NCo ADJ ."
417,1885_Metenier_La-Chair_N.txt,"Le monôme parcourut , en zigzaguant , les rues de le quartier , augmentant à chaque pas , puis , à la fin , s' engouffra tout entier à la brasserie de la Chouette .","le NCs VPS , en PPRES , le NCo de le NCmod , PPRES à chaque pas , puis , à le NC , se VF tout ADJ à le NC de le NP ."
418,1885_Metenier_La-Chair_N.txt,Onze heures sonnèrent .,NUM NCT VPS .
419,1885_Metenier_La-Chair_N.txt,"Paul soupira , mais rentra .","NP VF , mais VPS ."
420,1885_Metenier_La-Chair_N.txt,"Le lendemain matin , après sa messe , le père Juvigny sonna à la porte de le vicomte de Vitresac .","le NC NCT , PHASE DETPOSS NC , le NCs NP VPS à le NC de le NCmod de NP ."
421,1885_Metenier_La-Chair_N.txt,"Un instant , à la vue de le dominicain , Paul faillit tout avouer , mais il se rappela encore celte éternelle et souriante image de Léontine .","un NC , à le NC de le NCmod , NP PRES tout VDIC , mais il se VPS encore NCo ADJ et ADJ NC de NP ."
422,1885_Metenier_La-Chair_N.txt,"Décidément , il ne dirait rien .","ADV , il ne VDIC rien ."
423,1885_Metenier_La-Chair_N.txt,"— J' ai appris votre indisposition , mon cher enfant , et je viens savoir de vos nouvelles .","— je avoir VCOG DETPOSS NCo , DETPOSS ADJ NC , et je venir VCOG de DETPOSS NC ."
424,1885_Metenier_La-Chair_N.txt,"— Mon indisposition est tout à fait passagère , mon père , et n' a rien qui puisse inquiéter .","— DETPOSS NCs être tout à NC NC , DETPOSS NC , et ne avoir rien qui pouvoir VSENT ."
425,1885_Metenier_La-Chair_N.txt,Je vous remercie néanmoins de votre attention .,je vous VDIC ADV de DETPOSS NC .
426,1885_Metenier_La-Chair_N.txt,"N' osant aborder franchement la question , le père Juvigny mit en œuvre toutes les ressources de son esprit pour amener le jeune homme à un aveu ; Paul de Vitresac resta impénétrable , mais le dominicain s' aperçut néanmoins , à ses réticences , que le vicomte cachait un secret dont il ne lui était que trop facile de deviner la nature .","ne PPRES INF ADVMAN le NCo , le NCs NP mettre en NC tout le NCo de DETPOSS NCmod pour INF le ADJ NCo à un NC ; NP de NP VPS ADJ , mais le NCs se VPS ADV , à DETPOSS NC , que le NCs VIMP un NCo dont il ne lui être que trop ADJ de VCOG le NCo ."
427,1885_Metenier_La-Chair_N.txt,"— Eh bien , mon père ?","— INTJ bien , DETPOSS NCs ?"
428,1885_Metenier_La-Chair_N.txt,"demanda Mme Massabielle en voyant redescendre le père Juvigny , qu' a donc M. de Vitresac ?","VPS madame NP en VCOG INF le NCo NP , que avoir donc monsieur de NP ?"
429,1885_Metenier_La-Chair_N.txt,"— Je vous l' ai dit déjà , ma chère madame , ce pauvre enfant a dix-neuf ans !","— je vous le avoir VDIC déjà , DETPOSS ADJ madame , ce PRES NCo avoir NUM NCT !"
430,1885_Metenier_La-Chair_N.txt,répliqua le père avec un soupir .,VPS le NCo avec un NC .
431,1885_Metenier_La-Chair_N.txt,"A partir de ce jour , Paul , qui avait repris ses cours , sortit tous les soirs .","à INF de ce NCT , NP , qui avoir PPAS DETPOSS NCo , VPS tout le NCT ."
432,1885_Metenier_La-Chair_N.txt,Il parcourait le quartier jusqu' à ce qu' il eût rencontré Léontine .,il VCOND le NCo jusque à ce que il avoir PPAS NP .
433,1885_Metenier_La-Chair_N.txt,"Alors il la suivait de loin , se dissimulant derrière les réverbères , jusqu' à onze heures .","alors il le VIMP de ADVLIEU , se PPRES ADVLIEU le NC , jusque à NUM NCT ."
434,1885_Metenier_La-Chair_N.txt,"Parfois , il attendait vainement , et , dans ce cas , il rentrait plus nerveux , plus impatient .","ADVTEMPS , il VIMP ADV , et , dans ce NC , il VCOND plus ADJ , plus ADJ ."
435,1885_Metenier_La-Chair_N.txt,"Ou bien , il la rencontrait à le bras d' un étudiant et aussitôt une colère le prenait et il sentait le sang affluer à son cœur .","ADV bien , il le VCOND à le NCCOR de un NCmod et aussitôt un NCSENT le VIMP et il sentir le NCCOR INF à DETPOSS NC ."
436,1885_Metenier_La-Chair_N.txt,Pourquoi ?,pourquoi ?
437,1885_Metenier_La-Chair_N.txt,Il n' avait aucun droit sur cette femme .,il ne avoir aucun NCo sur ce NC .
438,1885_Metenier_La-Chair_N.txt,Il cherchait à la voir et l' évitait en même temps ; elle était bien libre d' agir comme bon lui semblait !,il VIMP à le VCOG et le VIMP en même temps ; il être bien ADJ de INF comme ADJ lui sembler !
439,1885_Metenier_La-Chair_N.txt,"Et il avait honte de ce mouvement , mais il n' en continuait pas moins à suivre le couple , qui riait , paraissait heureux ... Un soir , il vit Léontine en compagnie d' un officier .","et il avoir NCSENT de ce NCmod , mais il ne en VIMP pas moins à INF le NCo , qui VIMP , paraître ADJ ... un NCT , il PRES NP en NC de un NCmod ."
440,1885_Metenier_La-Chair_N.txt,"Ils allaient , doucement , se parlant bas .","il aller , ADVMAN , se PPRES ADJ ."
441,1885_Metenier_La-Chair_N.txt,"Léontine appuyait sa tête sur l' épaule de le militaire , tout en marchant , avec un sourire , un air de langueur , plein de promesses ... Beaucoup de monde sur le boulevard .","NP VIMP DETPOSS NCCOR sur le NCCOR de le NCmod , tout en PPRES , avec un NCMAN , un NCMAN de NCmod , ADV de NC ... beaucoup de NC sur le NC ."
442,1885_Metenier_La-Chair_N.txt,Paul s' engagea dans cette foule et frôla en passant la robe de Léontine .,NP se VPS dans ce NC et VPS en PPRES le NCo de NP .
443,1885_Metenier_La-Chair_N.txt,Une bouffée de cette même odeur qui l' avait tant troublé lui monta à le visage .,un NCs de ce même NCmod qui le avoir tant VSENT lui VPS à le NCCOR .
444,1885_Metenier_La-Chair_N.txt,"Il revint sur ses pas et repassa de nouveau , tout près d' elle ... Est -ce qu' il devenait fou ?","il VPS sur DETPOSS pas et VPS de ADJ , tout ADVLIEU de il ... être ce que il devenir ADJ ?"
445,1885_Metenier_La-Chair_N.txt,Les deux jeunes gens prirent la rue Cujas et s' arrêtèrent à la porte d' un hôtel .,le NUM ADJ NCs VPS le NCo NP et se VPS à le NC de un NCmod .
446,1885_Metenier_La-Chair_N.txt,"De le trottoir opposé , Paul attendit anxieusement qu' une lueur parut .","de le NC PPAS , NP VPS ADVMAN que un NCs paraître ."
447,1885_Metenier_La-Chair_N.txt,Une fenêtre de le second s' éclaira .,un NCs de le NCmod se VF .
448,1885_Metenier_La-Chair_N.txt,Il aperçut une ombre qui tirait devant cette fenêtre un rideau de damas rouge et tout retomba dans l' obscurité .,il VPS un NCo qui VIMP ADVLIEU ce NC un NCo de NCmod ADJCOL et tout VPS dans le NC .
449,1885_Metenier_La-Chair_N.txt,"Paul attendit là jusqu' à onze heures , sans savoir pourquoi , puis il partit .","NP VPS ADVLIEU jusque à NUM NCT , sans VCOG pourquoi , puis il PPAS ."
450,1885_Metenier_La-Chair_N.txt,"Rentré chez lui , il trouva une lettre de l' abbé Bernardet , qui rééditait les conseils de le premier jour .","PPAS chez lui , il VPS un NCo de le NCmod NP , qui VIMP le NCo de le ADJ NCT ."
451,1885_Metenier_La-Chair_N.txt,— De quoi se mêle -t -il ?,— de quoi se PRES t il ?
452,1885_Metenier_La-Chair_N.txt,se dit Paul en froissant vivement le papier .,se VDIC NP en VSENT ADVINT le NCo .
453,1885_Metenier_La-Chair_N.txt,"— Presqu' aussitôt , il eut regret .","— ADV aussitôt , il avoir NCSENT ."
454,1885_Metenier_La-Chair_N.txt,"Son regard s' arrêta sur le Christ de sa chambre , — Je me damne !","DETPOSS NCMAN se VPS sur le NP de DETPOSS NCmod , — je me PRES !"
455,1885_Metenier_La-Chair_N.txt,fit -il .,faire il .
456,1885_Metenier_La-Chair_N.txt,"Il voulut se mettre à genoux , il eut une révolte .","il vouloir se mettre à NCCOR , il avoir un NCSENT ."
457,1885_Metenier_La-Chair_N.txt,"— Après tout , je suis seul à Paris à avoir ces scrupules bêtes !","— PHASE tout , je être ADJ à NP à avoir ce ADJ NCo !"
458,1885_Metenier_La-Chair_N.txt,L' honneur !,le NCSENT !
459,1885_Metenier_La-Chair_N.txt,disait l' abbé Dernardet ... Mais cet officier qui est avec ... Léontine ... en a aussi ... de l' honneur !,VDIC le NCs NP ... mais ce NCs qui être avec ... NP ... en avoir aussi ... de le NCSENT !
460,1885_Metenier_La-Chair_N.txt,... Eh bien !,... INTJ bien !
461,1885_Metenier_La-Chair_N.txt,tant pis !,tant ADJ !
462,1885_Metenier_La-Chair_N.txt,demain je la verrai !,ADVT je le NC !
463,1885_Metenier_La-Chair_N.txt,je lui parlerai !,je lui VF !
464,1885_Metenier_La-Chair_N.txt,il faut que je lui parle !,il PRES que je lui PRES !
465,1885_Metenier_La-Chair_N.txt,* ** Le lendemain était un jeudi .,* ** le NCs être un ADVT .
466,1885_Metenier_La-Chair_N.txt,"— Madame Massabielle , dit Paul de Vitresac après le dîner , je vais ce soir à le théâtre , je rentrerai donc tard .","— madame NP , VDIC NP de NP PHASE le NCmod , je aller ce NCT à le NC , je VF donc tard ."
467,1885_Metenier_La-Chair_N.txt,"Nous sommes aujourd'hui le dix-huit , vous avez encore trente francs à moi , je vous prie de me donner cette somme .","nous être ADVT le NC , vous avoir encore NUM NCo à soi , je vous PRES de me INF ce NCo ."
468,1885_Metenier_La-Chair_N.txt,"— J' ai ordre , Monsieur le vicomte , de ne vous remettre cet argent qu' à le fur et à mesure de vos besoins .","— je avoir NCo , monsieur le NC , de ne vous INF ce NC que à le NC et à NC de DETPOSS NC ."
469,1885_Metenier_La-Chair_N.txt,"— Mes besoins exigent , repartit fermement le jeune homme , que vous me remettiez la totalité de la somme .","— DETPOSS NCs PRES , VPS ADVMAN le ADJ NCo , que vous me PRES le NCo de le NCmod ."
470,1885_Metenier_La-Chair_N.txt,"— Mais , mes instructions sont précises ... — Madame , fit Paul impatienté , je suis pressé et n' ai pas le temps de discuter .","— mais , DETPOSS NCs être ADJ ... — madame , faire NP VSENT , je être PPAS et ne avoir pas le temps de INF ."
471,1885_Metenier_La-Chair_N.txt,"J' ai rarement une volonté , mais quand , par hasard , je veux , je veux bien !","je avoir ADVTEMPS un NCo , mais quand , par NC , je vouloir , je vouloir bien !"
472,1885_Metenier_La-Chair_N.txt,"Épargnez -moi la peine d' insister , vos récriminations seraient inutiles .","IMP soi le NCSENT de INF , DETPOSS NCs être ADJ ."
473,1885_Metenier_La-Chair_N.txt,"Mme Massabielle , absolument confondue , ne trouva rien à répondre .","madame NP , ADVINT PPAS , ne VPS rien à VDIC ."
474,1885_Metenier_La-Chair_N.txt,Elle suffoquait positivement .,il VIMP ADVINT .
475,1885_Metenier_La-Chair_N.txt,Elle ouvrit son secrétaire et remit à Paul les trente francs qu' il demandait .,il VPS DETPOSS NCo et VPS à NP le NUM NCo que il VIMP .
476,1885_Metenier_La-Chair_N.txt,"— Merci , madame !","— INTJ , madame !"
477,1885_Metenier_La-Chair_N.txt,Et il sortit .,et il VPS .
478,1885_Metenier_La-Chair_N.txt,"L' abbé de Brécard , qui entrait à ce moment dans la chambre , avait entendu la fin de l' entretien .","le NCs de NP , qui VIMP à ce NC dans le NC , avoir VCOG le NCo de le NCmod ."
479,1885_Metenier_La-Chair_N.txt,"Mme Massabielle se précipita sur un journal , curieuse de savoir ce qu' on jouait à les Français , car M. de Vitresac ne pouvait , pensait -elle , aller qu' à les Français .","madame NP se VPS sur un NC , NC de VCOG ce que on VIMP à le NC , car monsieur de NP ne pouvoir , VCOG il , aller que à le NP ."
480,1885_Metenier_La-Chair_N.txt,— Ah !,— INTJ !
481,1885_Metenier_La-Chair_N.txt,mon Dieu !,son NP !
482,1885_Metenier_La-Chair_N.txt,"Monsieur l' abbé , Tartufe !","monsieur le NC , NP !"
483,1885_Metenier_La-Chair_N.txt,on joue Tartufe !,on PRES NP !
484,1885_Metenier_La-Chair_N.txt,Le malheureux !,le ADJ !
485,1885_Metenier_La-Chair_N.txt,Il est perdu !,il être PPAS !
486,1885_Metenier_La-Chair_N.txt,Que va dire M. Bernardet ?,que aller VDIC monsieur NP ?
487,1885_Metenier_La-Chair_N.txt,"— Priez Dieu , madame Massabielle , fit l' abbé en hochant la tête , que M. de Vitresac aille bien voir Tartufe , ce soir !","— NP NP , madame NP , faire le NCo en PPRES le NCCOR , que monsieur de NP ailler bien VCOG NP , ce NCT !"
488,1885_Metenier_La-Chair_N.txt,Le vicomte Paul gagna le boulevard .,le NCs NP VPS le NCo .
489,1885_Metenier_La-Chair_N.txt,"Il explora tous les coins de le quartier , parcourut successivement tous les lieux où il avait coutume de rencontrer Léontine .","il VPS tout le NCo de le NCmod , VPS ADV tout le NCo où il avoir NC de INF NP ."
490,1885_Metenier_La-Chair_N.txt,"Maintenant qu' il était résolu , il marchait carrément , sans crainte ; il se sentait chez lui , il avait un but !","ADVT que il être PPAS , il VIMP ADV , sans NCSENT ; il se sentir chez lui , il avoir un NCo !"
491,1885_Metenier_La-Chair_N.txt,Tout à présent lui semblait naturel .,tout à ADJ lui sembler ADJ .
492,1885_Metenier_La-Chair_N.txt,"A une femme qui le racolait , il répondit en riant : — Pas pour ce soir , ma petite !","à un NC qui le VIMP , il VDIC en PPRES : — pas pour ce NCT , DETPOSS ADJ !"
493,1885_Metenier_La-Chair_N.txt,"Cependant , l' impatience le gagna .","cependant , le NCSENT le NC ."
494,1885_Metenier_La-Chair_N.txt,"Nulle part , il n' apercevait Léontine ; si , à le moins , il connaissait son adresse !","ADJ NC , il ne VIMP NP ; si , à le moins , il VIMP DETPOSS NCo !"
495,1885_Metenier_La-Chair_N.txt,Gustave Daltin vint à passer .,NP NP venir à INF .
496,1885_Metenier_La-Chair_N.txt,"Paul de Vitresac fut sur le point de lui demander s' il avait rencontré celle qu' il cherchait , qu' il voulait voir à tout prix .","NP de NP être sur le NC de lui INF si il avoir PPAS celui que il VIMP , que il vouloir VCOG à tout NC ."
497,1885_Metenier_La-Chair_N.txt,Il eut un reste de honte et n' osa pas .,il avoir un NCo de NCSENT et ne VPS pas .
498,1885_Metenier_La-Chair_N.txt,Il invita néanmoins Daltin à prendre un bock et tous deux s' assirent à une table de le Bas-Rhin .,il VPS ADV NP à INF un NCo et tout NUM se PRES à un NC de le NP .
499,1885_Metenier_La-Chair_N.txt,"— C' est étonnant , hasarda Paul , comme il y a peu de monde ce soir , sur le boulevard .","— ce être ADJ , NC NP , comme il y avoir peu de NC ce NCT , sur le NC ."
500,1885_Metenier_La-Chair_N.txt,— Pas étonnant de le tout !,— pas VSENT de le tout !
501,1885_Metenier_La-Chair_N.txt,répliqua son ami .,VPS DETPOSS NCo .
502,1885_Metenier_La-Chair_N.txt,"C' est jour de bal à Bullier , j' en viens , un monde fou !","ce être NCT de NCmod à NP , je en venir , un NCo ADJ !"
503,1885_Metenier_La-Chair_N.txt,Ce fut un éclair pour Paul .,ce être un NC pour NP .
504,1885_Metenier_La-Chair_N.txt,— A quelle heure finit Bullier ?,— à quel NCT VASP NP ?
505,1885_Metenier_La-Chair_N.txt,demanda -t -il négligemment .,VPS t il ADVMAN .
506,1885_Metenier_La-Chair_N.txt,"— A minuit , mais à onze heures et demie , tout le monde décanille !","— à NC , mais à NUM NCT et NC , tout le NCs PRES !"
507,1885_Metenier_La-Chair_N.txt,Il était onze heures .,il être NUM NCT .
508,1885_Metenier_La-Chair_N.txt,Le vicomte prit congé de Daltin et remonta le boulevard .,le NCs VPS PPAS de NP et VSENT le NCo .
509,1885_Metenier_La-Chair_N.txt,"Tandis qu' il suivait le trottoir , de les flacres vides montaient à le petit trot pour charger à la sortie de le bal .","PHASE que il VIMP le NCo , de le NCmod ADJ VIMP à le ADJ NC pour INF à le NC de le NCmod ."
510,1885_Metenier_La-Chair_N.txt,"Les silhouettes noires de les gardiens de la paix s' étageaient plus fréquentes , à mesure qu' il se rapprochait de l' Observatoire .","le NCs ADJ de le NCmod de le NCmod se VIMP plus ADJ , à NC que il se VIMP de le NP ."
511,1885_Metenier_La-Chair_N.txt,"Déjà on entendait le murmure sourd de les étudiants et de les femmes , qui commençaient à descendre par groupes .","déjà on VCOG le NCo ADJ de le NCmod et de le NC , qui VIMP à INF par NC ."
512,1885_Metenier_La-Chair_N.txt,"Il fouillait ces groupes , fiévreux , et continuait sa route .","il VIMP ce NCo , ADJ , et VIMP DETPOSS NCo ."
513,1885_Metenier_La-Chair_N.txt,Il s' arrêta enfin devant l' établissement de le père Bullier .,il se VPS PHASE ADVLIEU le NC de le NCmod NP .
514,1885_Metenier_La-Chair_N.txt,Déjà on éteignait les globes lumineux qui auréolaient la porte .,déjà on VIMP le NCo ADJ qui VIMP le NCo .
515,1885_Metenier_La-Chair_N.txt,"Tout à coup , à le milieu d' un océan de têtes , Paul aperçut un chapeau paysanne .","tout à NC , à le milieu de un NCmod de NCCOR , NP VPS un NCo ADJ ."
516,1885_Metenier_La-Chair_N.txt,Il s' approcha .,il se VPS .
517,1885_Metenier_La-Chair_N.txt,"C' était Léontine , très entourée , à qui un grand jeune homme blond aidait à passer son vêtement de fourrures .","ce être NP , très PPAS , à qui un ADJ ADJ NCs ADJCOL VIMP à INF DETPOSS NCo de NCmod ."
518,1885_Metenier_La-Chair_N.txt,"A ce moment , Léontine leva la tête : — Tiens !","à ce NC , NP PRES le NCCOR : — NP !"
519,1885_Metenier_La-Chair_N.txt,"de Vitresac , que diable faites -vous là ?","de NP , que ADJ faire lui ADVLIEU ?"
520,1885_Metenier_La-Chair_N.txt,Vous étiez à le bal ?,vous PRES à le NC ?
521,1885_Metenier_La-Chair_N.txt,— Non !,— non !
522,1885_Metenier_La-Chair_N.txt,... J' attends Daltin .,... je PRES NP .
523,1885_Metenier_La-Chair_N.txt,— Il y a longtemps qu' il est parti .,— il y avoir longtemps que il être NC .
524,1885_Metenier_La-Chair_N.txt,Je J' ai vu .,je je avoir VCOG .
525,1885_Metenier_La-Chair_N.txt,Il n' a fait qu' entrer et sortir .,il ne avoir faire que INF et INF .
526,1885_Metenier_La-Chair_N.txt,"Dites donc , je suis contente de vous trouver , j' ai faim .","VDIC donc , je être PRES de vous INF , je avoir NCo ."
527,1885_Metenier_La-Chair_N.txt,"Allons manger quelque chose , voulez-vous ?","aller INF quelque chose , lulez-voui ?"
528,1885_Metenier_La-Chair_N.txt,— Mais ... ce jeune homme ?,— mais ... ce ADJ NC ?
529,1885_Metenier_La-Chair_N.txt,"dit Paul , tout bas .","VDIC NP , tout ADJ ."
530,1885_Metenier_La-Chair_N.txt,— Il m' embête .,— il lui VSENT .
531,1885_Metenier_La-Chair_N.txt,"Elle prit le bras de le vicomte , qu' elle entraîna hors de la foule .","il VPS le NCCOR de le NCmod , que il VPS ADV de le NC ."
532,1885_Metenier_La-Chair_N.txt,— Eh !,— INTJ !
533,1885_Metenier_La-Chair_N.txt,Titine !,NP !
534,1885_Metenier_La-Chair_N.txt,où es -tu ?,où être tu ?
535,1885_Metenier_La-Chair_N.txt,cria une voix .,VDIC un NCMAN .
536,1885_Metenier_La-Chair_N.txt,"Léontine se retourna , se fit un porte-voix de ses deux mains et lança un « zut » retentissant , puis : — Filons !","NP se VPS , se faire un NCo de DETPOSS NUM NCCOR et VPS un "" NCo "" PPRES , puis : — NCs !"
537,1885_Metenier_La-Chair_N.txt,"ajouta -t -elle , filons vite !","VPS t il , IMP ADV !"
538,1885_Metenier_La-Chair_N.txt,"Tous deux marchèrent , rapidement , sans se parler , environ cinquante pas : lui , la tête en feu , caressé par celte odeur qui le poursuivait depuis huit jours ; elle , pendue à son bras , languissamment , comme la veille , avec l' officier ... — Qu' est -ce que vous aviez donc , l' autre jour , à la Chouette ?","tout deux VPS , ADVMAN , sans se INF , environ NUM pas : lui , le NCCOR en NCmod , PPAS par ADJ NC qui le VIMP depuis NUM NCT ; il , PPAS à DETPOSS NCCOR , ADV , comme le NC , avec le NC ... — que être ce que vous PRES donc , le autre NCT , à le NP ?"
539,1885_Metenier_La-Chair_N.txt,dit enfin Léontine .,VDIC PHASE NP .
540,1885_Metenier_La-Chair_N.txt,— Rien !,— rien !
541,1885_Metenier_La-Chair_N.txt,... J' avais chaud !,... je avoir NC !
542,1885_Metenier_La-Chair_N.txt,... Un peu de fatigue !,... un peu de NCSENT !
543,1885_Metenier_La-Chair_N.txt,"... — Non , vous deviez avoir autre chose , de les ennuis .... de les chagrins , peut-être !","... — non , vous PRES avoir autre chose , de le NCSENT .... de le NCSENT , peut-être !"
544,1885_Metenier_La-Chair_N.txt,"Moi je comprends ces choses -là , j' en ai eu tant !","soi je VCOG ce chose ADVLIEU , je en avoir avoir tant !"
545,1885_Metenier_La-Chair_N.txt,Et j' en ai encore !,et je en avoir encore !
546,1885_Metenier_La-Chair_N.txt,Il y a de les moments où j' ai envie de me foutre à l' eau !,il y avoir de le NC où je avoir NC de me ADJ à le NCmod !
547,1885_Metenier_La-Chair_N.txt,"Alors , quand je rencontre quelqu'un qui souffre , cela me fait de la peine , .. — Mais je vous assure ... — Taisez -vous donc , Daltin nous l' a dit .","alors , quand je VSUBP quelqu'un qui VSENT , cela me faire de le NCSENT , .. — mais je vous PRES ... — IMP vous donc , NP nous le avoir VDIC ."
548,1885_Metenier_La-Chair_N.txt,"De rouge qu' il était , Paul devint cramoisi .","de ADJCOL que il être , NP devenir ADV ."
549,1885_Metenier_La-Chair_N.txt,"Comment , Daltin l' avait trahi !","comment , NP le avoir PPAS !"
550,1885_Metenier_La-Chair_N.txt,"Et puis à le fait , cela valait peut-être mieux .","et puis à le NC , cela VIMP peut-être mieux ."
551,1885_Metenier_La-Chair_N.txt,Ça lui évitait un mensonge ou ça lui épargnait tout à le moins l' embêtement d' une confession .,ça lui VIMP un NCo ou ça lui VIMP tout à le moins le NCSENT de un NCmod .
552,1885_Metenier_La-Chair_N.txt,"— Eh bien , oui !","— INTJ bien , oui !"
553,1885_Metenier_La-Chair_N.txt,"reprit -il après un effort , Daltin a dit vrai !","VPS il PHASE un NC , NP avoir VDIC vrai !"
554,1885_Metenier_La-Chair_N.txt,— Racontez -moi tout cela bien gentiment !,— IMP soi tout cela bien ADVMAN !
555,1885_Metenier_La-Chair_N.txt,"Le jeune homme répéta alors à Léontine , qui la savait déjà en partie , toute son histoire : son enfance écoulée à le fond de les Pyrénées , sous l' œil de l' abbé Bernardet ; son arrivée à Paris , son genre de vie chez Mme Massabielle .","le ADJ NCs VPS alors à NP , qui le VCOG déjà en NC , tout DETPOSS NCo : DETPOSS NC PPAS à le NC de le NP , sous le NCmod de le NCmod NP ; DETPOSS NC à NP , DETPOSS NC de NCmod chez madame NP ."
556,1885_Metenier_La-Chair_N.txt,"Il éprouvait maintenant une espèce de le soulagement et , redoublant de franchise , il détailla naïvement les sensations qu' il avait éprouvées lors de sa première entrevue avec elle .","il VSENT ADVT un espèce de le NCSENT et , PPRES de NC , il VPS ADV le NCSENT que il avoir VSENT lors de DETPOSS ADJ NC avec il ."
557,1885_Metenier_La-Chair_N.txt,"Il n' omit rien , fit le récit de ses terreurs , de ses jalousies , de ses espoirs , de ses scrupules sans fin .","il ne PRES rien , faire le NCo de DETPOSS NCSENT , de DETPOSS NC , de DETPOSS NCSENT , de DETPOSS NC sans NCmod ."
558,1885_Metenier_La-Chair_N.txt,"Léontine ne comprenait pas beaucoup ; elle eut même un étonnement très vrai quand il parla de cette odeur qui l' avait grisé dès le premier jour ; néanmoins , elle puisait dans ces confidences un désir plus âpre encore de posséder ce beau garçon , la première .","NP ne VCOG pas beaucoup ; il avoir même un NCSENT très vrai quand il VPS de ce NC qui le avoir VSENT dès le ADJ NCT ; ADV , il VIMP dans ce NC un NCSENT plus ADJ encore de INF ce ADJ NCo , le ADJ ."
559,1885_Metenier_La-Chair_N.txt,Quand il eut fini .,quand il avoir VASP .
560,1885_Metenier_La-Chair_N.txt,elle s' arrêta et le regarda dans les yeux : — Vous avez dix-neuf ans et vous n' avez jamais ... ce n' est pas possible ?,il se VPS et le VCOG dans le NCCOR : — vous avoir NUM NCT et vous ne avoir ADVTEMPS ... ce ne être pas ADJ ?
561,1885_Metenier_La-Chair_N.txt,— Quoi ?,— quoi ?
562,1885_Metenier_La-Chair_N.txt,demanda simplement Paul .,VPS ADVMAN NP .
563,1885_Metenier_La-Chair_N.txt,— Ah !,— INTJ !
564,1885_Metenier_La-Chair_N.txt,c' est trop fort !,ce être trop fort !
565,1885_Metenier_La-Chair_N.txt,Et la belle fille éclata d' un rire fou .,et le ADJ NCs VPS de un NCMAN ADJ .
566,1885_Metenier_La-Chair_N.txt,"— Enfin , reprit -elle , cherchant ses mots , vous n' avez jamais connu de femme ?","— PHASE , VPS il , PPRES DETPOSS NCo , vous ne avoir ADVTEMPS PPAS de NC ?"
567,1885_Metenier_La-Chair_N.txt,— Vous êtes la première qui se soit appuyée sur mon bras ... après ma mère !,— vous être le ADJ qui se être PPAS sur DETPOSS NCCOR ... PHASE DETPOSS NC !
568,1885_Metenier_La-Chair_N.txt,prononça gravement le jeune homme .,VPS ADVMAN le ADJ NCo .
569,1885_Metenier_La-Chair_N.txt,"Et comme si cette parole venait subitement de faire naître dans son esprit un nouvel ordre d' idées , il se troubla et fit un mouvement pour se dégager .","et comme si ce NCs venir ADV de faire INF dans DETPOSS NC un ADJ NCo de NCmod , il se VSENT et faire un NCo pour se INF ."
570,1885_Metenier_La-Chair_N.txt,N' était -ce pas ajouter à sa faute que d' y mêler le nom de sa mère ?,ne être ce pas INF à DETPOSS NC que de y INF le NCo de DETPOSS NCmod ?
571,1885_Metenier_La-Chair_N.txt,"Léontine eut sans doute conscience de celte velléité de remords , car elle fit se plus câline et changea le cours de la conversation .","NP avoir sans NC NCo de ADJ NCmod de NCSENT , car il faire se plus ADJ et VPS le NCo de le NCmod ."
572,1885_Metenier_La-Chair_N.txt,— Où allons -nous ?,— où aller nous ?
573,1885_Metenier_La-Chair_N.txt,demanda -t -elle .,VPS t il .
574,1885_Metenier_La-Chair_N.txt,— Où vous voudrez .,— où vous VF .
575,1885_Metenier_La-Chair_N.txt,"A la Chouette , si cela vous fait plaisir , dit Paul , qui n' aurait pas été fâché de faire oublier , ce jour -là , la fâcheuse impression qu' il y avait laissée .","à le NC , si cela vous faire NCSENT , VDIC NP , qui ne avoir pas être VSENT de faire VCOG , ce NCT ADVLIEU , le ADJ NCo que il y avoir laisser ."
576,1885_Metenier_La-Chair_N.txt,— Non !,— non !
577,1885_Metenier_La-Chair_N.txt,non !,non !
578,1885_Metenier_La-Chair_N.txt,il y a trop de monde .,il y avoir trop de NC .
579,1885_Metenier_La-Chair_N.txt,Allons quelque part où nous serons seuls ... tout seuls !,aller quelque NCo où nous VF ADJ ... tout ADJ !
580,1885_Metenier_La-Chair_N.txt,n' importe où !,ne PRES où !
581,1885_Metenier_La-Chair_N.txt,Qu' est -ce que ça nous fait ?,que être ce que ça nous faire ?
582,1885_Metenier_La-Chair_N.txt,"Et comme elle réfléchit que Paul n' avait peut-être pas beaucoup d' argent , elle avisa à le coin de le boulevard Saint-Michel et de la rue Monsieur-le-Prince un établissement moitié café , moitié assommoir , à le fond de lequel se trouvait une petite pièce qu' une simple balustrade ouvragée séparait de la grande salle .","et comme il PRES que NP ne avoir peut-être pas beaucoup de NC , il VPS à le NC de le NCmod NP et de le NC NP un NCo PPAS NC , PPAS NC , à le NCs de lequel se VIMP un ADJ NC que un ADJ NCs PPAS VIMP de le ADJ NC ."
583,1885_Metenier_La-Chair_N.txt,"— Venez là , dit -elle .","— venir ADVLIEU , VDIC il ."
584,1885_Metenier_La-Chair_N.txt,Le cabinet de le fond était vide .,le NCs de le NCmod être ADJ .
585,1885_Metenier_La-Chair_N.txt,"Ils s' y installèrent l' un à côté de l' autre , bien près ; ils étaient seuls .","il se y VPS le NUM à NC de le autre , bien ADVLIEU ; il être ADJ ."
586,1885_Metenier_La-Chair_N.txt,"On leur servit de les huîtres , une choucroûte garnie .","on lui VPS de le NC , un NC PPAS ."
587,1885_Metenier_La-Chair_N.txt,"Ils mangèrent en silence , sans s' en apercevoir .","il VPS en NC , sans se en INF ."
588,1885_Metenier_La-Chair_N.txt,"De temps en temps , cependant , Léontine , gènée , disait un mot : — C' est bon , ça , hein ?","de temps en temps , cependant , NP , PPAS , VDIC un NCo : — ce être ADJ , ça , ADV ?"
589,1885_Metenier_La-Chair_N.txt,"— Oui , c' est bon .","— oui , ce être ADJ ."
590,1885_Metenier_La-Chair_N.txt,"À le café , ils n' avaient pas échangé dix paroles Tout à coup , Léontine parut prendre un grand parti .","à le NC , il ne avoir pas PPAS NUM NCo tout à NC , NP paraître INF un ADJ NCo ."
591,1885_Metenier_La-Chair_N.txt,"Elle se coucha presque sur l' épaule de Paul , qui frissonnait , et brusquement : — Ecoute !","il se VPS presque sur le NCCOR de NP , qui VIMP , et ADV : — NP !"
592,1885_Metenier_La-Chair_N.txt,... Viens coucher avec moi !,... venir INF avec soi !
593,1885_Metenier_La-Chair_N.txt,Le jeune homme sursauta .,le ADJ NC sursauta .
594,1885_Metenier_La-Chair_N.txt,Coucher avec Léontine !,INF avec NP !
595,1885_Metenier_La-Chair_N.txt,"Evidemment , c' était bien là le dénouement fatal de son aventure .","ADV , ce être bien ADVLIEU le NC ADJ de DETPOSS NCmod ."
596,1885_Metenier_La-Chair_N.txt,Il le sentait et il n' avait pas osé y penser .,il le sentir et il ne avoir pas PPAS y VCOG .
597,1885_Metenier_La-Chair_N.txt,Il perdit un instant contenance .,il VPS un NCo NC .
598,1885_Metenier_La-Chair_N.txt,— Dis !,— dis !
599,1885_Metenier_La-Chair_N.txt,... veux -tu ?,... vouloir il ?
600,1885_Metenier_La-Chair_N.txt,Chez moi ?,chez soi ?
601,1885_Metenier_La-Chair_N.txt,... Non !,... non !
602,1885_Metenier_La-Chair_N.txt,"Décidément , il ne fallait pas y penser !","ADV , il ne VIMP pas y VCOG !"
603,1885_Metenier_La-Chair_N.txt,Découcher !,NP !
604,1885_Metenier_La-Chair_N.txt,Oh !,INTJ !
605,1885_Metenier_La-Chair_N.txt,"ça , jamais !","ça , ADVTEMPS !"
606,1885_Metenier_La-Chair_N.txt,Et ses parents !,et DETPOSS NC !
607,1885_Metenier_La-Chair_N.txt,Et l' abbé Bernardet !,et le NC NP !
608,1885_Metenier_La-Chair_N.txt,Et Mme Massabielle !,et madame NP !
609,1885_Metenier_La-Chair_N.txt,"Non , non , c' était impossible !","non , non , ce être ADJ !"
610,1885_Metenier_La-Chair_N.txt,"— Alors , tu ne m' aimes pas ?","— alors , je ne le VSENT pas ?"
611,1885_Metenier_La-Chair_N.txt,"Tu m' as conté un tas de mensonges , je suis fâchée , moi , na !","je le avoir PPAS un NCo de NCmod , je être VSENT , soi , na !"
612,1885_Metenier_La-Chair_N.txt,Et elle s' éloigna un peu .,et il se VPS un peu .
613,1885_Metenier_La-Chair_N.txt,— Mais si ... je voudrais bien ... mais je ne puis pas !,— mais si ... je vouloir bien ... mais je ne puis pas !
614,1885_Metenier_La-Chair_N.txt,... Je t' assure !,... je lui PRES !
615,1885_Metenier_La-Chair_N.txt,... Découcher !,... INF !
616,1885_Metenier_La-Chair_N.txt,... ce n' est pas possible 1 ... Eh bien !,... ce ne être pas ADJ NUM ... INTJ bien !
617,1885_Metenier_La-Chair_N.txt,attends !,NCs !
618,1885_Metenier_La-Chair_N.txt,"fit -elle en se rapprochant et comme frappée d' une idée subite , il y a peut-être un moyen d' arranger les choses ; emmène -moi chez toi !","faire il en se PPRES et comme NC de un NCmod ADJ , il y avoir peut-être un NCo de INF le chose ; PRES soi chez soi !"
619,1885_Metenier_La-Chair_N.txt,— Chez moi !,— chez soi !
620,1885_Metenier_La-Chair_N.txt,Mieux vaudrait découcher mille fois !,mieux VCOND INF NUM fois !
621,1885_Metenier_La-Chair_N.txt,Chez moi !,chez soi !
622,1885_Metenier_La-Chair_N.txt,Dans la maison de Mme Massabielle !,dans le NC de madame NP !
623,1885_Metenier_La-Chair_N.txt,"Décidément , celte fois , Léontine perdait la tête ; lui aussi , de le reste .","ADV , ADJ fois , NP VIMP le NCCOR ; lui aussi , de le NC ."
624,1885_Metenier_La-Chair_N.txt,"Et il voyait passer devant ses yeux les figures indignées de le père Juvigny , de l' abbé de Brécard , de Joseph !","et il VCOG INF devoir DETPOSS NCCOR le NCCOR PPAS de le NC NP , de le NC de NP , de NP !"
625,1885_Metenier_La-Chair_N.txt,Chez lui !,chez lui !
626,1885_Metenier_La-Chair_N.txt,Une femme chez lui !,un NC chez lui !
627,1885_Metenier_La-Chair_N.txt,Dans sa chambre !,dans DETPOSS NC !
628,1885_Metenier_La-Chair_N.txt,Jamais !,ADVTEMPS !
629,1885_Metenier_La-Chair_N.txt,"— Mais , oui , répétait Léontine , chez toi !","— mais , oui , VIMP NP , chez soi !"
630,1885_Metenier_La-Chair_N.txt,Ce que ça sera drôle !,ce que ça être ADJ !
631,1885_Metenier_La-Chair_N.txt,"Va donc toujours , je m' arrangerai pour qu' on ne me voie pas entrer !","NP donc ADVTEMPS , je se VF pour que on ne me VCOG pas INF !"
632,1885_Metenier_La-Chair_N.txt,Tu verras !,je ADJ !
633,1885_Metenier_La-Chair_N.txt,"À le milieu de tous ces moinillons , ce sera si amusant !","à le milieu de tout ce NCmod , ce être si ADJ !"
634,1885_Metenier_La-Chair_N.txt,— Non !,— non !
635,1885_Metenier_La-Chair_N.txt,non !,non !
636,1885_Metenier_La-Chair_N.txt,"répliquait Paul , il est inutile d' insister ; c' est impossible !","VIMP NP , il être ADJ de INF ; ce être ADJ !"
637,1885_Metenier_La-Chair_N.txt,"Mais l' idée de coucher dans cette maison de le bon Dieu , comme elle disait , lui parut si bonne , que Léontine n' en voulait plus démordre .","mais le NCs de INF dans ce NC de le ADJ NP , comme il VDIC , lui paraître si ADJ , que NP ne en vouloir plus INF ."
638,1885_Metenier_La-Chair_N.txt,"Elle s' approcha très près , jusqu' en travers de Paul , puis , de ses deux mains , elle saisit la tête de le jeune homme , qu' elle attira à elle , en la penchant en avant , et elle le baisa longuement , très longuement sur les lèvres , puis tout bas , très bas : — Si !","il se VPS très ADVLIEU , jusque en travers de NP , puis , de DETPOSS NUM NCCOR , il VPS le NCCOR de le ADJ NCmod , que il VSENT à il , en le PPRES en PHASE , et il le VPS ADV , très ADV sur le NCCOR , puis tout ADJ , très ADJ : — si !"
639,1885_Metenier_La-Chair_N.txt,si !,si !
640,1885_Metenier_La-Chair_N.txt,Je veux !,je vouloir !
641,1885_Metenier_La-Chair_N.txt,emmène -moi !,PRES soi !
642,1885_Metenier_La-Chair_N.txt,— Tu le veux ?,— je le NC ?
643,1885_Metenier_La-Chair_N.txt,"fit Paul , dont le front était baigné de sueur .","faire NP , dont le NCCOR être PPAS de NC ."
644,1885_Metenier_La-Chair_N.txt,"— Oui , je veux !","— oui , je vouloir !"
645,1885_Metenier_La-Chair_N.txt,"— Eh bien , viens !","— INTJ bien , venir !"
646,1885_Metenier_La-Chair_N.txt,"Et pour s' enlever le temps de la réflexion , il se leva , prit son pardessus , paya et se dirigea rapidement avec Léontine , sans dire un mot de plus , de le côté de l' hôtel de Navarre .","et pour se INF le temps de le NCmod , il se VPS , VPS DETPOSS NCo , VPS et se VPS ADVMAN avec NP , sans VDIC un NCo de plus , de le NC de le NCmod de NP ."
647,1885_Metenier_La-Chair_N.txt,Son cœur battait quand il arriva rue de les Canettes .,DETPOSS NCs VIMP quand il VPS NCo de le NP .
648,1885_Metenier_La-Chair_N.txt,"Il sonna , la porte s' ouvrit .","il VPS , le NCs se VPS ."
649,1885_Metenier_La-Chair_N.txt,S' il allait rencontrer Massabielle !,si il aller INF NP !
650,1885_Metenier_La-Chair_N.txt,Mais le couloir était sombre .,mais le NCs être ADJ .
651,1885_Metenier_La-Chair_N.txt,Paul entra le premier ; derrière lui se glissa Léontine .,NP VPS le ADJ ; ADVLIEU lui se VPS NP .
652,1885_Metenier_La-Chair_N.txt,"Pendant que la jeune fille se mettait à quatre pattes pour ne pas être aperçue par Joseph , couché dans la loge , où tremblotait la lueur d' une veilleuse , le vicomte ferma bruyamment la porte .","PHASE que le ADJ NCs se mettre à NUM NC pour ne pas être PPAS par NP , PPAS dans le NC , où VIMP le NCs de un NCmod , le NCs VPS ADVMAN le NCo ."
653,1885_Metenier_La-Chair_N.txt,"Providentiellement atteint d' une quinte de toux terrible , il entra dans la loge , prit sa clef et alluma une bougie .","ADV PPAS de un NC de NCmod ADJ , il VPS dans le NC , VPS DETPOSS NCo et VPS un NCo ."
654,1885_Metenier_La-Chair_N.txt,Joseph se dressa sur son séant .,NP se VPS sur DETPOSS NC .
655,1885_Metenier_La-Chair_N.txt,"— C' est vous , monsieur de Vitresac ?","— ce être vous , monsieur de NP ?"
656,1885_Metenier_La-Chair_N.txt,— Oui .,— oui .
657,1885_Metenier_La-Chair_N.txt,— Vous vous êtes bien amusé ?,— vous vous être bien VSENT ?
658,1885_Metenier_La-Chair_N.txt,"— Oui , pas mal , et vous ?","— oui , pas mal , et vous ?"
659,1885_Metenier_La-Chair_N.txt,— Bonsoir !,— NP !
660,1885_Metenier_La-Chair_N.txt,"Et tandis que le garçon se retournait de nouveau de le côté de le mur , Paul , repris de sa toux , monta l' escalier de le premier ; il trouva Léontine , qui le saisit par le cou et l' embrassa à pleine bouche , en lui glissant dans l' oreille : — Tu vois bien !","et PHASE que le NCs se VIMP de ADJ de le NC de le NCmod , NP , PPAS de DETPOSS NC , VPS le NCo de le ADJ ; il VPS NP , qui le PRES par le NCCOR et le VPS à ADJ NCCOR , en lui PPRES dans le NCCOR : — je ADV bien !"
661,1885_Metenier_La-Chair_N.txt,Ce n' était pas plus difficile que cela !,ce ne être pas plus ADJ que cela !
662,1885_Metenier_La-Chair_N.txt,— Chut !,— NP !
663,1885_Metenier_La-Chair_N.txt,Tais -toi !,VIMP soi !
664,1885_Metenier_La-Chair_N.txt,Tes bottines crient !,DETPOSS NCs VDIC !
665,1885_Metenier_La-Chair_N.txt,Mais Léontine ne se taisait pas ; arrivée à le troisième étage : — Qui est -ce qui couche là ?,mais NP ne se VIMP pas ; PPAS à le ADJ NC : — qui être ce qui PRES ADVLIEU ?
666,1885_Metenier_La-Chair_N.txt,demanda -t -elle .,VPS t il .
667,1885_Metenier_La-Chair_N.txt,— Le père Juvigny .,— le NC NP .
668,1885_Metenier_La-Chair_N.txt,— Et là ?,— et ADVLIEU ?
669,1885_Metenier_La-Chair_N.txt,— L' abbé de Brécard .,— le NC de NP .
670,1885_Metenier_La-Chair_N.txt,— Et là ?,— et ADVLIEU ?
671,1885_Metenier_La-Chair_N.txt,— Nous .,— nous .
672,1885_Metenier_La-Chair_N.txt,"Paul fit tourner la clef dans la serrure , ouvrit et referma soigneusement en dedans .","NP faire INF le NCo dans le NC , VPS et VPS ADV en NC ."
673,1885_Metenier_La-Chair_N.txt,— Ouf !,— NP !
674,1885_Metenier_La-Chair_N.txt,fit Léontine .,faire NP .
675,1885_Metenier_La-Chair_N.txt,Dis donc !,dis donc !
676,1885_Metenier_La-Chair_N.txt,"ce n' est pas tout d' être ici , il faudra en sortir .","ce ne être pas tout de être ADVLIEU , il VF en INF ."
677,1885_Metenier_La-Chair_N.txt,— Nous verrons cela demain !,— nous VCOG cela ADVT !
678,1885_Metenier_La-Chair_N.txt,répliqua Paul impatienté .,VPS NP VSENT .
679,1885_Metenier_La-Chair_N.txt,Léontine promena son regard autour d' elle ; elle examina les tableaux avec la bougie .,NP VPS DETPOSS NCMAN ADV de il ; il VPS le NCo avec le NC .
680,1885_Metenier_La-Chair_N.txt,— Rien que de les bons saints !,— rien que de le ADJ NC !
681,1885_Metenier_La-Chair_N.txt,dit -elle .,VDIC il .
682,1885_Metenier_La-Chair_N.txt,Mon Dieu !,NP NP !
683,1885_Metenier_La-Chair_N.txt,quelle drôle de maison !,quel ADJ de NC !
684,1885_Metenier_La-Chair_N.txt,"Et son rire la reprit ; mais Paul , devenu hardi , la saisit et étouffa ce rire sous ses baisers .","et DETPOSS NCMAN le VPS ; mais NP , devenir NC , le VPS et VPS ce NCMAN sous DETPOSS NC ."
685,1885_Metenier_La-Chair_N.txt,— Brrr !,— NP !
686,1885_Metenier_La-Chair_N.txt,sais -tu qu' il fait un froid de loup chez toi !,VIMP il que il faire un NCo de NCmod chez soi !
687,1885_Metenier_La-Chair_N.txt,"Couchons -nous vite , dis !","IMP le ADV , VDIC !"
688,1885_Metenier_La-Chair_N.txt,"nous aurons chaud , comme tout chaud !","nous avoir NC , comme tout NCmod !"
689,1885_Metenier_La-Chair_N.txt,"Tiens , je t' aime !","tenir , je lui VSENT !"
690,1885_Metenier_La-Chair_N.txt,"Et à son tour , elle embrassa son amant .","et à DETPOSS NC , il VPS DETPOSS NCo ."
691,1885_Metenier_La-Chair_N.txt,Une folie .,un NC .
692,1885_Metenier_La-Chair_N.txt,"Cette fois , Paul ne pensait plus ni à Mme Massabielle , ni à l' abbé Bernardet , ni à le père Juvigny .","ce fois , NP ne VIMP plus ni à madame NP , ni à le NC NP , ni à le NC NP ."
693,1885_Metenier_La-Chair_N.txt,"— Laisse -moi me déshabiller , à le moins !","— laisser soi me INF , à le moins !"
694,1885_Metenier_La-Chair_N.txt,Il voulut l' aider .,il vouloir le INF .
695,1885_Metenier_La-Chair_N.txt,— Non !,— non !
696,1885_Metenier_La-Chair_N.txt,non !,non !
697,1885_Metenier_La-Chair_N.txt,toute seule !,tout ADJ !
698,1885_Metenier_La-Chair_N.txt,— tout à l' heure !,— tout à le NCT !
699,1885_Metenier_La-Chair_N.txt,Paul s' assit dans un fauteuil .,NP se PRES dans un NC .
700,1885_Metenier_La-Chair_N.txt,"Il suivait les mouvements de sa maîtresse , qui , toute grelottante , faisait rapidement tomber ses vêtements .","il VIMP le NCo de DETPOSS NCmod , qui , tout NC , faire ADVMAN INF DETPOSS NCo ."
701,1885_Metenier_La-Chair_N.txt,"Quand il vit ruisseler sur le cou de Léontine une chevelure noire et bouclée de la racine à les extrémités , quand il vit se dessiner sous une fine chemise de batiste , ornée de dentelles , ce corps ferme et souple , il n' y tint plus , se leva et en-lança furieusement la jeune fille .","quand il PRES INF sur le NCCOR de NP un NCo ADJ et ADJ de le NCmod à le NCmod , quand il PRES se INF sous un ADJ NC de NCmod , PPAS de NC , ce NCCOR ADJ et ADJ , il ne y VPS plus , se VPS et VPS ADVINT le ADJ NCo ."
702,1885_Metenier_La-Chair_N.txt,— Cette odeur !,— ce NC !
703,1885_Metenier_La-Chair_N.txt,Oh !,INTJ !
704,1885_Metenier_La-Chair_N.txt,cette odeur !,ce NC !
705,1885_Metenier_La-Chair_N.txt,— T ' es bête !,— T ' être ADJ !
706,1885_Metenier_La-Chair_N.txt,Mais laisse -moi donc !,mais laisser soi donc !
707,1885_Metenier_La-Chair_N.txt,"Tu me fais froid , tu me gèles !","je me faire ADJ , je me ADJ !"
708,1885_Metenier_La-Chair_N.txt,"Elle parvint enfin à s' arracher de son étreinte , sauta sur le lit et s' enfonça frileusement sous les couvertures jusqu' à le cou .","il VPS PHASE à se INF de DETPOSS NC , VPS sur le NC et se VPS ADVMAN sous le NC jusque à le NCCOR ."
709,1885_Metenier_La-Chair_N.txt,"Maintenant , les cheveux épars sur l' oreiller blanc faisaient à son visage une auréole d' un noir de jais : ses yeux luisaient et entre ses lèvres rouges brillait la double rangée de ses dents toutes blanches .","ADVT , le NCCOR ADJ sur le NCmod ADJCOL faire à DETPOSS NCCOR un NCo de un NCmod de NCmod : DETPOSS NCCOR VIMP et entre DETPOSS NCCOR ADJCOL VIMP le ADJ NCo de DETPOSS NCCOR tout ADJCOL ."
710,1885_Metenier_La-Chair_N.txt,— Viens donc !,— venir donc !
711,1885_Metenier_La-Chair_N.txt,Mais viens donc !,mais venir donc !
712,1885_Metenier_La-Chair_N.txt,faisait -elle à mi-voix .,faire il à NC .
713,1885_Metenier_La-Chair_N.txt,"En un tour de main , Paul se débarrassa de ses vêtements .","en un NC de NCCOR , NP se VPS de DETPOSS NC ."
714,1885_Metenier_La-Chair_N.txt,"Il souffla la bougie , le lit craqua , et l' on n' entendit plus dans la chambre qu' un bruit de baisers étouffés , scandés par de les interjections : — Je t' aime !","il VSENT le NCo , le NC VPS , et l' on ne VCOG plus dans le NC que un NCmod de NCmod PPAS , PPAS par un le NC : — je lui VSENT !"
715,1885_Metenier_La-Chair_N.txt,Je t' aime bien !,je lui VSENT bien !
716,1885_Metenier_La-Chair_N.txt,"* ** A six heures de le matin , l' abbé de Brécard se réveilla .","* ** à NUM NCT de le NCT , le NCs de NP se VPS ."
717,1885_Metenier_La-Chair_N.txt,"Il avait fort mal dormi , l' abbé de Brécard .","il avoir fort mal PPAS , le NCo de NP ."
718,1885_Metenier_La-Chair_N.txt,"A plusieurs reprises , il avait été réveillé par de les bruits insolites dont il ne pouvait s' expliquer la nature .","à plusieurs NC , il avoir être PPAS par de le NC ADJ dont il ne pouvoir se VDIC le NCo ."
719,1885_Metenier_La-Chair_N.txt,"Néanmoins , il lui avait semblé que ces bruits provenaient de la chambre de le vicomte do Vitresac .","ADV , il lui avoir sembler que ce NCs VIMP de le NC de le NCmod do NP ."
720,1885_Metenier_La-Chair_N.txt,— Mon Dieu !,— NP NP !
721,1885_Metenier_La-Chair_N.txt,souffrirait -il encore de son indisposition ?,VSENT il encore de DETPOSS NC ?
722,1885_Metenier_La-Chair_N.txt,"Plusieurs fois il avait eu l' idée de se lever , d' aller frapper à la porte de son voisin , de lui offrir ses services .","plusieurs fois il avoir avoir le NCo de se INF , de aller frapper à le NC de DETPOSS NCmod , de lui INF DETPOSS NCo ."
723,1885_Metenier_La-Chair_N.txt,Il se demanda même un moment s' il ne ferait pas prudemment d' aller avertir Mme Massabielle .,il se VPS même un NCo si il ne faire pas ADVMAN de aller INF madame NP .
724,1885_Metenier_La-Chair_N.txt,Mais le silence s' était fait et l' abbé n' avait pas bougé .,mais le NCs se être faire et le NCs ne avoir pas PPAS .
725,1885_Metenier_La-Chair_N.txt,"Il pensait donc positivement avoir été le jouet d' un rêve , quand , tout à coup , en boutonnant sa soutane , le même bruit étrange vint frapper son oreille .","il VCOG donc ADVINT avoir être le NC de un NCmod , quand , tout à NC , en PPRES DETPOSS NCo , le même NCs ADJ venir frapper DETPOSS NCCOR ."
726,1885_Metenier_La-Chair_N.txt,"Décidément , il n' avait pas rêvé !","ADV , il ne avoir pas PPAS !"
727,1885_Metenier_La-Chair_N.txt,"Il sortit , écouta un instant à la porte de le vicomte et fronça le sourcil .","il VPS , VCOG un NCo à le NC de le NCmod et VPS le NCCOR ."
728,1885_Metenier_La-Chair_N.txt,Il lui avait semblé entendre deux voix !,il lui avoir sembler VCOG NUM NCMAN !
729,1885_Metenier_La-Chair_N.txt,"Il entra chez le père Juvigny , déjà levé et prêt à partir pour l' église .","il VPS chez le NC NP , déjà ADJ et ADJ à INF pour le NC ."
730,1885_Metenier_La-Chair_N.txt,"En deux mots , il lui fit part de ses soupçons .","en NUM NC , il lui faire NCo de DETPOSS NCmod ."
731,1885_Metenier_La-Chair_N.txt,Le père Juvigny ne répondit rien ; il hocha seulement la tête d' un air qui ne faisait rien présager de bon .,le NCs NP ne VDIC rien ; il VPS seulement le NCCOR de un NCMAN qui ne faire rien INF de ADJ .
732,1885_Metenier_La-Chair_N.txt,— Il faut prévenir Mme Massabielle !,— il PRES INF madame NP !
733,1885_Metenier_La-Chair_N.txt,"Mme Massabielle dormait encore A l' appel de Joseph , elle passa rapidement sa robe de chambre .","madame ADJ VIMP encore à le NC de NP , il VPS ADVMAN DETPOSS NCo de NCmod ."
734,1885_Metenier_La-Chair_N.txt,"Sortant de le lit , sans corset , Mme Massabielle n' avait plus forme humaine .","PPRES de le NC , sans NC , madame NP ne avoir plus NCo ADJ ."
735,1885_Metenier_La-Chair_N.txt,On s' étonnait en voyant rouler dans les escaliers cette masse de graisse et de chairs flasques .,on se VIMP en PPRES INF dans le NC ce NCo de NCmod et de NCCOR ADJ .
736,1885_Metenier_La-Chair_N.txt,Elle parut terrifiée de les suppositions de l' abbé de Brécard .,il paraître VSENT de le NC de le NCmod de NP .
737,1885_Metenier_La-Chair_N.txt,"Joseph , interrogé , jura ses grands dieux que M. le vicomte était rentré seul à une heure de le matin .","NP , VDIC , VPS DETPOSS NCo ADV que NCspas le NCmod être PPAS ADJ à un NCT de le NCT ."
738,1885_Metenier_La-Chair_N.txt,"Mme Massabielle monta doucement , car l' émotion lui coupait son peu de respiration .","madame NP VPS ADVMAN , car le NCSENT lui VIMP DETPOSS peu de NCmod ."
739,1885_Metenier_La-Chair_N.txt,"Arrivée enfin à la porte de M. de Vitresac , elle prêta l' oreille à son tour .","PPAS PHASE à le NC de monsieur de NP , il VPS le NCCOR à DETPOSS NC ."
740,1885_Metenier_La-Chair_N.txt,Le lit craquait et deux voix chuchotaient !,le NCs VIMP et NUM NCMAN VIMP !
741,1885_Metenier_La-Chair_N.txt,"Alors , appelant à elle toute son énergie , en présence de les deux prêtres et de les autres pensionnaires qu' avaient intrigués toutes ces allées et venues , elle frappa à trois reprises .","alors , PPRES à il tout DETPOSS NCo , en NCmod de le NUM NCmod et de le autre NC que avoir VSENT tout ce NCs et venir , il frapper à NUM NC ."
742,1885_Metenier_La-Chair_N.txt,Le silence se fit et personne ne répondit .,le NCs se faire et personne ne VDIC .
743,1885_Metenier_La-Chair_N.txt,"— Monsieur de Vitresac , êtes-vous souffrant ?","— monsieur de NP , êtes-le VSENT ?"
744,1885_Metenier_La-Chair_N.txt,"Cette fois , un rire qu' on s' efforçait en vain d' étouffer se fit entendre presque distinctement .","ce fois , un NCMAN que on se VIMP en ADJ de INF se faire VCOG presque ADV ."
745,1885_Metenier_La-Chair_N.txt,— Joseph !,— NP !
746,1885_Metenier_La-Chair_N.txt,"dit Mme Massabielle , passez -moi votre trousseau de clefs !","VDIC madame NP , IMP soi DETPOSS NCo de NCmod !"
747,1885_Metenier_La-Chair_N.txt,"Paul avait parfaitement entendu ; il n' avait pas bougé et pour cause , mais Léontine , prise subitement d' un accès de fou rire , ayant dénoncé sa présence , il jugea qu' il était beaucoup plus prudent d' ouvrir , avant que Mme Massabielle n' eût fait usage de sa double clef .","NP avoir ADVINT VCOG ; il ne avoir pas PPAS et pour NC , mais NP , PPAS ADV de un NC de ADV INF , avoir PPAS DETPOSS NCo , il VPS que il être beaucoup plus ADJ de INF , PHASE que madame NP ne avoir faire NCo de DETPOSS ADJ NCmod ."
748,1885_Metenier_La-Chair_N.txt,"Il voulut se lever , mais Léontine le prévint .","il vouloir se INF , mais NP le VPS ."
749,1885_Metenier_La-Chair_N.txt,"— Laisse-moi faire , dit -elle , et tu vas voir comme je vais te les faire envoler , tes moinillons et ta Massapoil !","— Laisse-moi faire , VDIC il , et je ADV VCOG comme je aller me le faire INF , DETPOSS NCo et VPS NP !"
750,1885_Metenier_La-Chair_N.txt,"Et , sautant de le lit , elle courut à la porte qu' elle ouvrit brusquement , toute large !","et , PPRES de le NC , il VPS à le NC que il VPS ADV , tout NC !"
751,1885_Metenier_La-Chair_N.txt,Il faisait grand jour .,il faire ADJ NCT .
752,1885_Metenier_La-Chair_N.txt,"Les rayons pâles de le soleil donnaient à la peau brune de la jeune fille de les reflets d' or , et , à travers la transparence de la chemise , son corps superbement cambré s' offrit à les yeux scandalisés de l' assistance .","le NCs ADJ de le NCmod VIMP à le NCCOR ADJ de le ADJ NCmod de le NCmod de NCmod , et , à travers le NC de le NCmod , DETPOSS NCCOR ADVINT PPAS se VPS à le NCCOR VSENT de le NC ."
753,1885_Metenier_La-Chair_N.txt,"Dans cette femme , légèrement penchée en arrière , les bras étendus , les seins fermes et en arrêt , la gorge secouée par un rire , l' abbé de Brécard crut voir le démon de la Chair , et il s' enfuit en se signant , battant l' air de ses longs bras et marmottant de les formules d' exorcisme .","dans ce NC , ADVINT PPAS en NC , le NCCOR ADJ , le NC ADJ et en NC , le NCCOR PPAS par un NCMAN , le NC de NP VPS VCOG le NCo de le NP , et il se PRES en se PPRES , PPRES le NCMAN de DETPOSS ADJ NCCOR et NC de le NCmod de NCmod ."
754,1885_Metenier_La-Chair_N.txt,"Le père Juvigny entoura de la laine de ses grandes manches la tête de son élève en théologie , qui , stupide et hébété , considérait un spectacle si nouveau pour lui , et il le conduisit ainsi jusqu' à sa chambre : — Rentrez , mon fils , rentrez !","le NCs NP VPS de le NC de DETPOSS ADJ NCmod le NCCOR de DETPOSS NCmod en NCmod , qui , NC et NC , VIMP un NCo si ADJ pour lui , et il le VPS ainsi jusque à DETPOSS NC : — NP , DETPOSS NC , IMP !"
755,1885_Metenier_La-Chair_N.txt,Joseph faillit s' évanouir de terreur .,NP PRES se INF de NCSENT .
756,1885_Metenier_La-Chair_N.txt,"Sentant un orage terrible gronder sur sa tête , il s' engouffra dans l' escalier et courut se cacher à le fond de sa loge , comme un chien dans sa niche .","sentir un NCo ADJ ADJ sur DETPOSS NCCOR , il se VF dans le NC et VPS se INF à le NC de DETPOSS NCmod , comme un NC dans DETPOSS NCmod ."
757,1885_Metenier_La-Chair_N.txt,"Quant à Mme Massabielle , blafarde , défaite , elle balbutiait de les mots sans suite , s' efforçant de joindre ses mains .","quant à madame ADJ , ADJ , NC , il VDIC de le NC sans NCmod , se PPRES de INF DETPOSS NCCOR ."
758,1885_Metenier_La-Chair_N.txt,Elle était secouée par un frisson qui faisait onduler la graisse de ses mentons et houler sa gorge débordée .,il être PPAS par un NCSENT qui faire INF le NCo de DETPOSS NCCOR et INF DETPOSS NCCOR PPAS .
759,1885_Metenier_La-Chair_N.txt,— Ah !,— INTJ !
760,1885_Metenier_La-Chair_N.txt,quelle drôle de maison !,quel ADJ de NC !
761,1885_Metenier_La-Chair_N.txt,Et quel monstre de femme !,et quel NC de NCmod !
762,1885_Metenier_La-Chair_N.txt,criait Léontine en riant encore plus fort .,VDIC NP en PPRES encore plus fort .
763,1885_Metenier_La-Chair_N.txt,"Restée seule sur le champ de bataille , Mme Massabielle rassembla tout son courage ; à le fond , elle était fort effrayée de ces petites dents aiguës qui semblaient prêtes à la mordre .","PPAS ADJ sur le NC de NCmod , madame NP VPS tout DETPOSS NCo ; à le NC , il être fort VSENT de ce ADJ NCCOR ADJ qui VIMP ADJ à le NC ."
764,1885_Metenier_La-Chair_N.txt,Elle s' avança cependant .,il se VPS cependant .
765,1885_Metenier_La-Chair_N.txt,— Mademoiselle !,— monsieur !
766,1885_Metenier_La-Chair_N.txt,... De quel droit !,... de quel NC !
767,1885_Metenier_La-Chair_N.txt,"... — Comment , de quel droit !","... — comment , de quel NC !"
768,1885_Metenier_La-Chair_N.txt,Ah !,INTJ !
769,1885_Metenier_La-Chair_N.txt,elle est bien bonne celle -là !,il être bien ADJ celui ADVLIEU !
770,1885_Metenier_La-Chair_N.txt,"Vous avez plus de toupet que de cheveux , ma petite dame !","vous avoir plus de NC que de NCCOR , DETPOSS ADJ NC !"
771,1885_Metenier_La-Chair_N.txt,Je suis chez Paul !,je être chez NP !
772,1885_Metenier_La-Chair_N.txt,"Il paie sa chambre , n' est -ce pas ?","il PRES DETPOSS NCo , ne être ce pas ?"
773,1885_Metenier_La-Chair_N.txt,Il est maître chez lui .,il être ADJ chez lui .
774,1885_Metenier_La-Chair_N.txt,"C' est à vous , pour le moment , qu' on pourrait demander de quel droit ... — Mais enfin .. — Zut !","ce être à vous , pour le NC , que on pouvoir INF de quel NC ... — mais PHASE .. — NP !"
775,1885_Metenier_La-Chair_N.txt,conclut Léontine .,PRES NP .
776,1885_Metenier_La-Chair_N.txt,Laissez -moi m' habiller tranquille !,laisser soi se INF ADJ !
777,1885_Metenier_La-Chair_N.txt,Ah !,INTJ !
778,1885_Metenier_La-Chair_N.txt,"mon pauvre Paul , quelle drôle de maison !","DETPOSS ADJ NP , quel ADJ de NC !"
779,1885_Metenier_La-Chair_N.txt,"Et tandis que Léontine rassemblait ses vêtements et passait sa robe , Mme Massabielle , interdite et aphone , jeta un regard sévère à son locataire .","et PHASE que NP VIMP DETPOSS NCo et VIMP DETPOSS NCo , madame NP , PPAS et ADJ , VPS un NCMAN ADJ à DETPOSS NC ."
780,1885_Metenier_La-Chair_N.txt,"Couché à le fond de le lit , la tête appuyée sur sa main , encore inassouvi , Paul , sans s' occuper de la grosse femme , ne perdait pas sa maîtresse de vue .","PPAS à le NC de le NCmod , le NCCOR PPAS sur DETPOSS NCCOR , encore PPAS , NP , sans se INF de le ADJ NC , ne VIMP pas DETPOSS NCo de NCmod ."
781,1885_Metenier_La-Chair_N.txt,Léontine cependant avait terminé sommairement sa toilette .,NP cependant avoir VASP ADV DETPOSS NCo .
782,1885_Metenier_La-Chair_N.txt,"Alors elle toisa dédaigneusement Mme Massabielle , s' avança , très calme , vers le lit , embrassa longuement le jeune homme sur les lèvres et se dirigea vers la porte ; mais , avant de sortir , elle se retourna encore une fois et lui envoya un baiser de les deux mains : — À le revoir , Popaul !","alors il VPS ADVMAN madame NP , se VPS , très NCSENT , vers le NC , VPS ADV le ADJ NCo sur le NCCOR et se VPS vers le NC ; mais , PHASE de INF , il se VPS encore un fois et lui VPS un NCo de le NUM NCCOR : — à le VCOG , NP !"
783,1885_Metenier_La-Chair_N.txt,"— Monsieur le vicomte de Vitresac ... commença Mme Massabielle , la voix étranglée par l' émotion , vous avez déshonoré ma maison ... Une maison honnête ... monsieur !","— monsieur le NCs de NP ... VASP madame NP , le NCMAN PPAS par le NCSENT , vous avoir PPAS DETPOSS NCo ... un NC ADJ ... monsieur !"
784,1885_Metenier_La-Chair_N.txt,... Et si ... M ... Bernard était là ... Mais Paul ne l' entendait pas .,... et si ... m ... NP être ADVLIEU ... mais NP ne le VCOG pas .
785,1885_Metenier_La-Chair_N.txt,"Les yeux fixés sur l' empreinte qu' avait laissée à ses côtés le corps de sa maîtresse , il respirait les dernières émanations de cette odeur qui le grisait et il prêtait l' oreille .","le NCCOR PPAS sur le NC que avoir laisser à DETPOSS NC le NCCOR de DETPOSS NCmod , il VCOND le ADJ NCo de ce NCmod qui le VSENT et il VIMP le NCCOR ."
786,1885_Metenier_La-Chair_N.txt,"Dans l' escalier , on entendait le bruit de les pas de la jeune fille , qui descendait ... D' étage en étage , le bruit s' affaiblissait , puis un coup violent retentit , c' était la porte que Léontine fermait à toute volée .","dans le NC , on VCOG le NCo de le pas de le ADJ NCmod , qui VIMP ... de NC en NCmod , le NCs se VIMP , puis un NCs ADJ VPS , ce être le NC que NP VIMP à tout NC ."
787,1885_Metenier_La-Chair_N.txt,"A ce bruit , Paul sauta à terre , enfila un pantalon , mit ses bottines , fébrilement .","à ce NC , NP VPS à NC , VPS un NCo , mettre DETPOSS NCo , ADVMAN ."
788,1885_Metenier_La-Chair_N.txt,"En un clin d' œil , il était habillé .","en un NC de NCmod , il être PPAS ."
789,1885_Metenier_La-Chair_N.txt,"— Monsieur le vicomte de Vitresac ... — Fichez -moi la paix , entendez -vous !","— monsieur le NC de NP ... — Fichez soi le NCmod , VCOG lui !"
790,1885_Metenier_La-Chair_N.txt,hurla Paul .,hurla NP .
791,1885_Metenier_La-Chair_N.txt,— Où allez -vous ?,— où aller vous ?
792,1885_Metenier_La-Chair_N.txt,"dit Mme Massabielle , qui voulut se mettre en travers de la porte .","VDIC madame NP , qui vouloir se mettre en travers de le NC ."
793,1885_Metenier_La-Chair_N.txt,— Où ça me plaît !,— où ça me PRES !
794,1885_Metenier_La-Chair_N.txt,"Et Paul saisit la grosse femme par un bras , h fit tourner deux fois sur elle-même , passa et se précipita à son tour dans l' escalier .","et NP PRES le ADJ NCo par un NCCOR , NCT faire INF NUM fois sur elle-même , VPS et se VPS à DETPOSS NC dans le NC ."
795,1885_Metenier_La-Chair_N.txt,"Mme Massabielle , anéantie , par ce dernier coup , tomba sur le canapé , sans force .","madame ADJ , PPAS , par ce ADJ NCmod , VPS sur le NC , sans NCSENT ."
796,1885_Metenier_La-Chair_N.txt,"Pour la seconde fois , elle entendit la grande porte se refermer avec violence .","pour le ADJ fois , il VCOG le ADJ NCo se INF avec NC ."
797,1885_Metenier_La-Chair_N.txt,"En ce moment , le père Juvigny entra .","en ce NC , le NCs NP VPS ."
798,1885_Metenier_La-Chair_N.txt,— Ah !,— INTJ !
799,1885_Metenier_La-Chair_N.txt,"mon père , mon père !","DETPOSS NCs , DETPOSS NC !"
800,1885_Metenier_La-Chair_N.txt,qui l' eût dit ?,qui le avoir VDIC ?
801,1885_Metenier_La-Chair_N.txt,"... fit -elle , suffoquant .","... faire il , ADV ."
802,1885_Metenier_La-Chair_N.txt,Un jeune homme ... si bien élevé !,un ADJ NC ... si bien ADJ !
803,1885_Metenier_La-Chair_N.txt,... Ah !,... INTJ !
804,1885_Metenier_La-Chair_N.txt,la Babylone moderne !,le NP ADJ !
805,1885_Metenier_La-Chair_N.txt,"... — Consolez -vous , madame !","... — PRES vous , madame !"
806,1885_Metenier_La-Chair_N.txt,"dit le dominicain , il nous reviendra !","VDIC le NCo , il nous VF !"
807,1885_Metenier_La-Chair_N.txt,"Les Livres Saints , ajouta -t -il avec un soupir , l' ont dit avant nous : Mens fortis , caro autem infirma !","le NCs NP , VPS t il avec un NC , le avoir VDIC PHASE nous : Mens fortis , caro autem infirson !"
808,1885_Metenier_La-Chair_N.txt,"CANDEUR À le milieu de le silence profond qui régnait dans le très ancien salon de les Réjaumont , M. de Lierrevant-Mantès tira delà poche de sa redingote plissée une tabatière ornée de rubis .","NC à le milieu de le NCmod ADJ qui VIMP dans le très ADJ NC de le NP , monsieur de NP VPS delà NCo de DETPOSS NCmod PPAS un NCo PPAS de ADJCOL ."
809,1885_Metenier_La-Chair_N.txt,"Il huma longuement une prise et après avoir fait tomber , d' une chiquenaude , les grains épars sur son jabot de dentelles : — Mesdames , messieurs , commença -t -il , je dois à de douloureux événements l' honneur de présider ce conseil de famille .","il VPS ADV un NCo et PHASE avoir faire INF , de un NC , le ADJ NCo sur DETPOSS NCmod de NCmod : — NP , NC , VASP t il , je devoir à un ADJ NC le NCSENT de INF ce NCo de NCmod ."
810,1885_Metenier_La-Chair_N.txt,Je ne faillirai pas à ce devoir .,je ne VF pas à ce devoir .
811,1885_Metenier_La-Chair_N.txt,"Nous avons à agiter une question grave , l' établissement de notre chère Geneviève .","nous avoir à INF un NCo ADJ , le NC de DETPOSS NCmod NP ."
812,1885_Metenier_La-Chair_N.txt,"Sa grâce , sa parfaite éducation ont fait d' elle une femme accomplie .","DETPOSS NCs , DETPOSS ADJ NC avoir faire de il un NCo PPAS ."
813,1885_Metenier_La-Chair_N.txt,"Fort remarquée cet hiver et notamment à le dernier bal de la princesse Miliatine , elle a su conquérir de précieux suffrages .","fort PPAS ce NCo et ADV à le ADJ NC de le NCmod ADJ , il avoir VCOG VSENT un ADJ NCo ."
814,1885_Metenier_La-Chair_N.txt,Trois demandes de la main de notre pupille m' ont été soumises .,NUM NCspas de le NCCOR de DETPOSS NCmod lui avoir être PPAS .
815,1885_Metenier_La-Chair_N.txt,Un mouvement se fit dans l' assistance .,un NCs se faire dans le NC .
816,1885_Metenier_La-Chair_N.txt,"— Vous êtes , mon enfant , continua le vieux duc en s' adressant à Geneviève , la dernière Réjaumont .","— vous être , DETPOSS NCs , VPS le ADJ NCo en se PPRES à NP , le ADJ NP ."
817,1885_Metenier_La-Chair_N.txt,Vous portez trop haut l' orgueil de votre nom pour que j' hésite à vous rendre absolue maîtresse de votre choix .,vous PRES trop ADJ le NCSENT de DETPOSS NCmod pour que je PRES à vous INF ADJ NCo de DETPOSS NCmod .
818,1885_Metenier_La-Chair_N.txt,"Les trois prétendants que j' ai à proposer sont également honorables , également dignes d' entrer dans notre maison .","le NUM NCs que je avoir à VDIC être également ADJ , également ADJ de INF dans DETPOSS NC ."
819,1885_Metenier_La-Chair_N.txt,Notre rôle se bornera donc à vous présenter les observations que nous pourrions juger convenables .,DETPOSS NCs se VF donc à vous INF le NCo que nous VIMP INF ADJ .
820,1885_Metenier_La-Chair_N.txt,"La marquise douairière de Réjaumont , assise à la droite de M. de Lierrevant-Mantès , prit la parole , tandis que ce dernier tirait de son portefeuille plusieurs lettres armoriées .","le NCs ADJ de NP , PPAS à le NC de monsieur de NP , VPS le NCo , PHASE que ce ADJ NC de DETPOSS NCmod plusieurs NC PPAS ."
821,1885_Metenier_La-Chair_N.txt,"— L' heure est solennelle , ma chère Geneviève !","— le NCT être ADJ , DETPOSS NC NP !"
822,1885_Metenier_La-Chair_N.txt,De cet instant dépend le bonheur de toute votre vie .,de ce NC PRES le NCSENT de tout DETPOSS NCmod .
823,1885_Metenier_La-Chair_N.txt,Vous avez dix-huit ans et assez de sagesse pour comprendre que quelquefois les considérations sociales doivent passer avant certains entraînements dont la jeunesse est coutumière .,vous avoir NUM NCT et ADV de NC pour VCOG que ADVTEMPS le NCs ADJ devoir INF PHASE certain NC dont le NCs être ADJ .
824,1885_Metenier_La-Chair_N.txt,"Nous avons donc confiance , mais comme parfois l' esprit peut s' égarer , l' abbé va appeler sur vous les lumières de le Très-Haut .","nous avoir donc NC , mais comme ADVTEMPS le NCs pouvoir se INF , le NCs aller INF sur vous le NCo de le NP ."
825,1885_Metenier_La-Chair_N.txt,"Les assistants se levèrent , tandis que , faisant face à le grand Christ d' ivoire qui se détachait sur la tenture rouge de le salon , au-dessous de l' écu de les Réjaumont , l' abbé de Bertis , neveu de la marquise , récitait à haute voix le Veni Creator spiritus .","le NCs se VPS , PHASE que , faire NCo à le ADJ NP de NCmod qui se VIMP sur le NC ADJCOL de le NCmod , ADVLIEU de le NC de le NP , le NCs de NP , NC de le NCmod , VIMP à ADJ NCMAN le NP NP NP ."
826,1885_Metenier_La-Chair_N.txt,"Quand , après le dernier verset de le chant liturgique , la voix grave de le prêtre se tut , Geneviève sur qui tous les regards étaient fixés , resta encore prosternée , comme abîmée dans sa prière .","quand , PHASE le ADJ NC de le NCmod ADJ , le NCMAN ADJ de le NCmod se PRES , NP sur qui tout le NCMAN être PPAS , VPS encore PPAS , comme PPAS dans DETPOSS NC ."
827,1885_Metenier_La-Chair_N.txt,Elle se releva enfin et revint prendre sa place entre la chanoinesse de Verdac et le baron Senères .,il se VPS PHASE et VPS INF DETPOSS NCo entre le NC de NP et le NC NP .
828,1885_Metenier_La-Chair_N.txt,"Les yeux modestement baissés , elle s' assit , sans mot dire , en face de son tuteur ; son teint mal s' était animé et un léger tressaillement faisait onduler entre ses épaules deux épaisses tresses blondes .","le NCCOR ADVMAN PPAS , il se PRES , sans NC VDIC , en NC de DETPOSS NC ; DETPOSS ADJ mal se être PPAS et un ADJ NC faire INF entre DETPOSS NCCOR NUM ADJ NC ADJCOL ."
829,1885_Metenier_La-Chair_N.txt,"M. de Lierrevant-Mantès reprit : — Vous connaissez , ma chère pupille , les trois prétendants .","monsieur de NP VPS : — vous PRES , DETPOSS ADJ NCo , le NUM NC ."
830,1885_Metenier_La-Chair_N.txt,"Le premier , M. Gaston de Kervanguy , d' une très ancienne famille .","le ADJ , monsieur NP de NP , de un très ADJ NCmod ."
831,1885_Metenier_La-Chair_N.txt,"de Bretagne , est déjà allié à les Réjaumont .","de NP , être déjà PPAS à le NP ."
832,1885_Metenier_La-Chair_N.txt,"A trente ans , capitaine à les hussards , il a devant lui un brillant avenir militaire et vingt-cinq mille livres de rente .","à NUM NCT , NC à le NCmod , il avoir ADVLIEU lui un ADJ NCo ADJ et NUM NUM NC de NCmod ."
833,1885_Metenier_La-Chair_N.txt,"Vous l' avez rencontré maintes fois cet hiver , ici et dans différentes maisons .","vous le avoir PPAS ADJ fois ce NCo , ADVLIEU et dans différent NC ."
834,1885_Metenier_La-Chair_N.txt,Cette circonstance me dispense donc de vous faire son portrait .,ce NCs me PRES donc de vous faire DETPOSS NCo .
835,1885_Metenier_La-Chair_N.txt,Le seconda trente-cinq ans .,le NC NUM NCT .
836,1885_Metenier_La-Chair_N.txt,"C' est M. de Laroche-Dinan , dans les forêts de lequel vous avez assisté à plusieurs laisser-courre .","ce être monsieur de NP , dans le NC de lequel vous avoir PPAS à plusieurs NCmod ."
837,1885_Metenier_La-Chair_N.txt,"Il vit retiré dans ses terres , mais il me fait connaître que dans le cas où sa demande serait agréée , il achèterait à Paris le vieil hôtel de les Lucigny , à vendre depuis le décès de le marquis , ce qui vous permettrait de partager votre vie comme vous l' entendriez .","il VCOG PPAS dans DETPOSS NC , mais il me faire INF que dans le NC où DETPOSS NCspas être PPAS , il VCOND à NP le ADJ NCo de le NP , à INF depuis le NC de le NCmod , ce qui vous permettre de INF DETPOSS NCo comme vous le VCOND ."
838,1885_Metenier_La-Chair_N.txt,Fortune : cinquante mille livres de rente .,NP : NUM NUM NC de NCmod .
839,1885_Metenier_La-Chair_N.txt,"Le troisième , dont la demande nous a tous quelque peu étonnés , est veuf , sans enfants .","le NC , dont le NCs nous avoir tout quelque peu ADJ , être ADJ , sans NC ."
840,1885_Metenier_La-Chair_N.txt,Il a été séduit absolument par votre grâce parfaite .,il avoir être VSENT ADVINT par DETPOSS NC ADJ .
841,1885_Metenier_La-Chair_N.txt,"Il a cinquante ans bien sonnés et ne possède que vingt mille livres de rente , mais sa haute situation ( il est premier-président à la Cour d' appel de Bourges et à la veille de devenir procureur général à la Cour de cassation ) , et ses grandes alliances ne nous permettent point d' écarter sa proposition .","il avoir NUM NCT bien ADJ et ne PRES que NUM NUM NCo de NCmod , mais DETPOSS ADJ NC ( il être ADJ à le NC de NCmod de NP et à le NC de devenir NC ADJ à le NC de NCmod ) , et DETPOSS ADJ NCs ne nous permettre ADV de INF DETPOSS NCo ."
842,1885_Metenier_La-Chair_N.txt,C' est M. le comte de Matillon .,ce être monsieur le NC de NP .
843,1885_Metenier_La-Chair_N.txt,"Vous l' avez vu , ma chère enfant , chez la princesse Miliatine .","vous le avoir VCOG , DETPOSS NCo NCmod , chez le NCmod NP ."
844,1885_Metenier_La-Chair_N.txt,Il vous offrit le bras pour passer à le salon .,il vous VPS le NCCOR pour INF à le NC .
845,1885_Metenier_La-Chair_N.txt,"— A vous maintenant , Geneviève , de vous prononcer. Rien ne presse .","— à vous ADVT , NP , de vous ADV rien ne PRES ."
846,1885_Metenier_La-Chair_N.txt,"Réfléchissez longuement , car l' heure est solennelle .","IMP ADV , car le NCT être ADJ ."
847,1885_Metenier_La-Chair_N.txt,"Les yeux toujours baissés , Geneviève garda un instant le silence .","le NCCOR ADVTEMPS PPAS , NP VPS un NCo le NCo ."
848,1885_Metenier_La-Chair_N.txt,"— Il va sans dire , poursuivit le duc de Lierrevant-Mantès , que vous restez maîtresse absolue de votre décision et que votre détermination serait respectée , à le cas même où vous repousseriez pour l' instant toute proposition de mariage .","— il aller sans VDIC , VPS le NCo de NP , que vous PRES NC ADJ de DETPOSS NCmod et que DETPOSS NCspas être PPAS , à le NC même où vous PRES pour le PPRES tout NCo de NCmod ."
849,1885_Metenier_La-Chair_N.txt,Les joues de Geneviève s' empourprèrent .,le NCs de NP se VPS .
850,1885_Metenier_La-Chair_N.txt,"— Monsieur le duc , dit la jeune fille , vous m' avez adouci jusqu' à ce jour la douleur de n' avoir pas connu mes chers parents ; j' ai vécu sans crainte , forte de votre appui ; je suis encore bien jeune , bien faible et mon appréhension augmente en songeant que désormais cet appui me manquera ; mon inexpérience a besoin d' un guide sûr , je n' ai pas à hésiter et je vais suivre , dans mon choix , je le sens , les inspirations de le Ciel ... Geneviève s' arrêta confuse .","— monsieur le NCs , VDIC le ADJ NCo , vous lui avoir ADV jusque à ce NCT le NCSENT de ne avoir pas PPAS DETPOSS ADJ NCo ; je avoir PPAS sans NCSENT , fort de DETPOSS NC ; je être encore bien ADJ , bien ADJ et DETPOSS NCSENT PRES en PPRES que ADV ce NCs me VF ; DETPOSS NCs avoir NCo de un NCmod ADJ , je ne avoir pas à INF et je aller INF , dans DETPOSS NC , je le NC , le NC de le NP ... NP se VPS ADJ ."
851,1885_Metenier_La-Chair_N.txt,"— Achevez , mon enfant , fit paternellement M. de Lierrevant-Mantès .","— NP , DETPOSS NC , faire ADVMAN monsieur de NP ."
852,1885_Metenier_La-Chair_N.txt,— Veuillez donc dire à M le comte de Matillon que je suis heureuse et fière qu' il ait bien voulu jeter les yeux sur moi .,— IMP donc VDIC à NC le NCo de NP que je être ADJ et ADJ que il avoir bien vouloir INF le NCCOR sur soi .
853,1885_Metenier_La-Chair_N.txt,"A ces mots , prononcés sans hésitation , d' une voix assurée , le duc eut un mouvement de surprise .","à ce NC , PPAS sans NC , de un NCMAN ADJ , le NCs avoir un NCo de NCSENT ."
854,1885_Metenier_La-Chair_N.txt,"La marquise douairière de Réjaumont échangea avec la chanoinesse de Verdac un regard plein de stupeur , tandis que le baron Senères s' agitait fébrilement dans son fauteuil .","le NCs ADJ de NP VPS avec le NC de NP un NCMAN ADJ de NCSENT , PHASE que le NCs NP se VIMP ADVMAN dans DETPOSS NC ."
855,1885_Metenier_La-Chair_N.txt,"— Mais , avez -vous bien réfléchi , ma chère Geneviève , que M. le comte de Matillon a à le moins cinquante-deux ans ?","— mais , avoir vous bien PPAS , DETPOSS NCo NP , que monsieur le NC de NP avoir à le moins NUM NCT ?"
856,1885_Metenier_La-Chair_N.txt,"Geneviève se leva et entoura de ses bras le cou de M. de Lierrevant-Mantès : — Vous m' avez laissée maîtresse de mon choix , mon bon oncle , lui dit -elle en souriant ; vous ne serez plus là , il me faudra un protecteur , pouvais -je mieux choisir ?","NP se VPS et VPS de DETPOSS NCCOR le NCCOR de monsieur de NP : — vous se avoir laisser NC de DETPOSS NCmod , DETPOSS ADJ NC , lui VDIC il en PPRES ; vous ne être plus ADVLIEU , il me VF un NCo , pouvoir je mieux INF ?"
857,1885_Metenier_La-Chair_N.txt,Je serai madame la Présidente !,je VF madame le NP !
858,1885_Metenier_La-Chair_N.txt,"Et peu soucieuse de l' étiquette , en dépit de la solennité de la circonstance , l' espiègle enfant déposa deux baisers sur les joues de son tuteur .","et peu ADJ de le NCmod , en NCSENT de le NCmod de le NCmod , le NCs NCmod VPS NUM NCo sur le NCmod de DETPOSS NCmod ."
859,1885_Metenier_La-Chair_N.txt,"* ** On fut longtemps , à l' hôtel de Réjaumont , sans comprendre l' étrange décision de Geneviève , qui , de trois prétendants , choisissait justement le plus âgé et le moins riche .","* ** on être longtemps , à le NC de NP , sans VCOG le ADJ NCo de NP , qui , de NUM NC , VIMP ADVMAN le plus ADJ et le moins ADJ ."
860,1885_Metenier_La-Chair_N.txt,"A plusieurs reprises , on essaya de lui faire expliquer les motifs d' une pareille détermination .","à plusieurs NC , on VPS de lui faire VDIC le NCo de un ADJ NCmod ."
861,1885_Metenier_La-Chair_N.txt,— Je veux être madame la Présidente !,— je vouloir être madame le NP !
862,1885_Metenier_La-Chair_N.txt,"répondait -elle avec une petite moue lutine , qui enlevait à les interlocuteurs toute idée de revenir à la charge .","VDIC il avec un ADJ NC ADJ , qui VIMP à le NC tout NCo de INF à le NC ."
863,1885_Metenier_La-Chair_N.txt,La chanoinesse de Verdac fut la première qui parut trouver une explication plausible .,le NCs de NP être le ADJ qui paraître INF un NCo ADJ .
864,1885_Metenier_La-Chair_N.txt,"— Elle est si pure , si innocente , cette chère enfant , qu' elle n' imagine guère ce que peut être un mari .","— il être si ADJ , si ADJ , ce NC NC , que il ne VCOG guère ce que pouvoir être un NC ."
865,1885_Metenier_La-Chair_N.txt,"Elle se sent seule à le monde , elle veut un protecteur , et je conçois que M. de Matillon paraisse lui offrir plus de garanties que MM. de Kervanguy et de La Roche-Dinan .","il se sentir ADJ à le NC , il vouloir un NCo , et je VCOG que monsieur de NP paraître lui INF plus de NC que NP de NP et de La NP ."
866,1885_Metenier_La-Chair_N.txt,"— Nous ne pouvons pourtant pas la désabuser , voyons , l' abbé !","— nous ne pouvoir pourtant pas le VSENT , VCOG , le NC !"
867,1885_Metenier_La-Chair_N.txt,ripostait rageusement la marquise .,VIMP ADVMAN le NCo .
868,1885_Metenier_La-Chair_N.txt,"Et l' abbé souriait sans répondre , en hochant doucement la tête .","et le NCs VIMP sans VDIC , en PPRES ADVMAN le NCCOR ."
869,1885_Metenier_La-Chair_N.txt,— M. de Matillon fait encore très bonne figure !,— monsieur de NP faire encore très ADJ NCCOR !
870,1885_Metenier_La-Chair_N.txt,"affirmait le duc de Lierrevant-Mantès en se rengorgeant , très satisfait à le fond de le choix de sa pupille .","VDIC le NCo de NP en se PPRES , très ADJ à le NC de le NCmod de DETPOSS NCmod ."
871,1885_Metenier_La-Chair_N.txt,Il était à peine plus âgé que le Premier-Président et il prenait sa part de la flatterie qu' il adressait à le comte .,il être à NCSENT plus ADJ que le NP et il VIMP DETPOSS NCo de le NCSENT que il VIMP à le NC .
872,1885_Metenier_La-Chair_N.txt,"— Pourvu quelle ne soit pas trop vite désillusionnée , la pauvre petite !","— pourvu quel ne être pas trop ADV VSENT , le NCs ADJ !"
873,1885_Metenier_La-Chair_N.txt,reprenait la douairière .,VIMP le NCo .
874,1885_Metenier_La-Chair_N.txt,Ah !,INTJ !
875,1885_Metenier_La-Chair_N.txt,l' éducation qu' on reçoit dans les couvents a parfois de les inconvénients bien graves !,le NCs que on PRES dans le NC avoir ADVTEMPS de le NC bien ADJ !
876,1885_Metenier_La-Chair_N.txt,— C' est cela !,— ce être cela !
877,1885_Metenier_La-Chair_N.txt,plaignez -vous donc que la mariée soit trop belle !,PRES vous donc que le NCs être trop ADJ !
878,1885_Metenier_La-Chair_N.txt,"criait le baron Senères , qui ne perdait jamais une occasion de contredire la marquise .","VDIC le NCo NP , qui ne VIMP ADVTEMPS un NCo de INF le NCo ."
879,1885_Metenier_La-Chair_N.txt,"— Eh mon Dieu , monsieur le financier !","— INTJ son NP , monsieur le NC !"
880,1885_Metenier_La-Chair_N.txt,"Moi aussi , j' ai été à le couvent et certes le marquis de Réjaumont n' a jamais eu , que je sache , lieu de s' en plaindre .","soi aussi , je avoir être à le NC et ADV le NCs de NP ne avoir ADVTEMPS avoir , que je VCOG , NCo de se en INF ."
881,1885_Metenier_La-Chair_N.txt,"Mais , Dieu me pardonne !","mais , NP me PRES !"
882,1885_Metenier_La-Chair_N.txt,"on ne m' aurait jamais fait épouser un barbon d' un demi-siècle , quand j' avais dix-huit ans !","on ne lui avoir ADVTEMPS faire INF un NCo de un NCmod , quand je avoir NUM NCT !"
883,1885_Metenier_La-Chair_N.txt,Il est vrai que j' avais de la tête ... et de le goût .,il être vrai que je avoir de le NCCOR ... et de le NC .
884,1885_Metenier_La-Chair_N.txt,Mon Dieu !,NP NP !
885,1885_Metenier_La-Chair_N.txt,"Geneviève n' en manque pas , mais elle est faible et ces Dames en ont abusé ... — Les Dames .","NP ne en NC pas , mais il être ADJ et ce NP en avoir PPAS ... — le NP ."
886,1885_Metenier_La-Chair_N.txt,"de le Sacré-Cœur suivent cependant une excellence méthode , opposa l' abbé de Bertis .","de le NP PRES cependant un NCo ADJ , VPS le NCo de NP ."
887,1885_Metenier_La-Chair_N.txt,"— Les Dames de le Sacré-Cœur , mon neveu , ont oublié que Geneviève était destinée à le monde .","— le NP de le NP , DETPOSS NC , avoir VCOG que NP être PPAS à le NC ."
888,1885_Metenier_La-Chair_N.txt,Elles en ont fait une novice .,il en avoir faire un NCo .
889,1885_Metenier_La-Chair_N.txt,"— Le monde a tant d' écueils , qu' on ne saurait trop prémunir les jeunes personnes ... — Et me voilà avec un neveu de cinquante ans sur les bras !","— le NCs avoir tant de NC , que on ne VCOND trop INF le ADJ NCo ... — et me voilà avec un NC de NUM NCT sur le NCCOR !"
890,1885_Metenier_La-Chair_N.txt,"C' était là , à le fond , le secret de la grande colère de Mme de Réjaumont ; mais enfin le mal était fait .","ce être ADVLIEU , à le NC , le NC de le ADJ NCSENT de madame de NP ; mais PHASE le mal être faire ."
891,1885_Metenier_La-Chair_N.txt,M. de Matillon avait été officieusement prévenu de le résultat de sa demande .,monsieur de NP avoir être ADV PPAS de le NC de DETPOSS NCmod .
892,1885_Metenier_La-Chair_N.txt,Il n' y avait plus à y revenir .,il ne y avoir plus à y INF .
893,1885_Metenier_La-Chair_N.txt,"* ** Rien ne fut changé en apparence dans les allures de Geneviève de Réjaumont : c' était toujours la petite pensionnaire gaie et ingénue ; si de temps à autre , on prononçait devant elle le nom de M. de Matillon , elle baissait les yeux .","* ** rien ne être PPAS en NC dans le NCMAN de NP de NP : ce être ADVTEMPS le ADJ NC ADJ et ADJ ; si de temps à autre , on VIMP ADVLIEU il le NCo de monsieur de NP , il VIMP le NCCOR ."
894,1885_Metenier_La-Chair_N.txt,"Un petit pli énigmatique se dessinait à le coin de sa bouche , puis presqu' aussitôt : — Nous en reparlerons ... quand je serai Présidente !","un ADJ NCs ADJ se VIMP à le NC de DETPOSS NCCOR , puis preque aussitôt : — nous en VF ... quand je VCOND NP !"
895,1885_Metenier_La-Chair_N.txt,"Elle continuait à vaquer avec un soin très exact à ses devoirs religieux , ce qui faisait dire à son cousin l' abbé de Bertis : — C' est une âme d' élite !","il VIMP à INF avec un NC très ADJ à DETPOSS devoir ADJ , ce qui faire VDIC à DETPOSS NC le NC de NP : — ce être un NC de NCmod !"
896,1885_Metenier_La-Chair_N.txt,La brebis préférée de le Bon Pasteur !,le ADV ADJ de le NP NP !
897,1885_Metenier_La-Chair_N.txt,"Et , de fait , Geneviève remplissait tout l' hôtel de le parfum de son innocence et de sa virginale candeur .","et , de NC , NP VIMP tout le NCo de le NCmod de DETPOSS NCmod et de DETPOSS ADJ NC ."
898,1885_Metenier_La-Chair_N.txt,"On citait ses réparties naïves , ses adorables mutineries .","on VIMP DETPOSS NCo ADJ , DETPOSS ADJ NC ."
899,1885_Metenier_La-Chair_N.txt,Non !,non !
900,1885_Metenier_La-Chair_N.txt,M. de Matillon ne saurait jamais le prix de le trésor qu' on lui confiait .,monsieur de NP ne PRES ADVTEMPS le NCo de le NCmod que on lui VIMP .
901,1885_Metenier_La-Chair_N.txt,"* ** Enfin , l' été vint .","* ** PHASE , le être ADJ ."
902,1885_Metenier_La-Chair_N.txt,"Toute la famille partit pour l' Auvergne , à le château de Lierrevant , où le mariage devait être célébré , à le commencement de l' automne .","tout le NCs VPS pour le NP , à le NC de NP , où le NCs devoir être PPAS , à le NC de le NCmod ."
903,1885_Metenier_La-Chair_N.txt,Déjà toute la contrée connaissait le projet d' union .,déjà tout le NCs VIMP le NCo de NCmod .
904,1885_Metenier_La-Chair_N.txt,"Dès lors commença pour Geneviève une série de fêtes , dont elle fut la reine .","dès lors VASP pour NP un NCo de NCmod , dont il être le NC ."
905,1885_Metenier_La-Chair_N.txt,"M. de Matillon , après un voyage à Paris , où il commanda une corbeille princière , arriva à Lierrevant , sur une invitation de le duc .","monsieur de NP , PHASE un NCmod à NP , où il VPS un NCo ADJ , VPS à NP , sur un NC de le NCmod ."
906,1885_Metenier_La-Chair_N.txt,"Très fier d' avoir été choisi par Mlle de Réjaumont , il commença sa cour .","très ADJ de avoir être PPAS par NP de NP , il VASP DETPOSS NCo ."
907,1885_Metenier_La-Chair_N.txt,"Le Premier-Président était encore très vert , et n' étaient quelques rhumatismes et ses favoris gris , il avait encore fort bel air .","le NCs être encore très ADJCOL , et ne être quelque NC et DETPOSS NC ADJ , il avoir encore fort ADJ NCMAN ."
908,1885_Metenier_La-Chair_N.txt,"Mme de Réjaumont s' humanisa presque , et un jour que , très correct dans sa redingote fermée à rosette rouge , son futur neveu la conduisait à l' église de le village , elle daigna remarquer que le vieux gentilhomme avait dû être très bien ... dans sa jeunesse , pour en avoir conservé de si beaux restes .","madame de NP se VPS presque , et un NCT que , très ADJ dans DETPOSS NC PPAS à NC ADJCOL , DETPOSS ADJ NCs le VIMP à le NC de le NCmod , il VPS INF que le ADJ NCs avoir devoir être très bien ... dans DETPOSS NC , pour en avoir PPAS un si ADJ NCo ."
909,1885_Metenier_La-Chair_N.txt,"Un matin , en se mettant à table , le duc annonça l' arrivée prochaine à Lierrevant de le baron Senères et de son fils Raoul .","un NCT , en se mettre à NC , le NCs VDIC le NCo ADJ à NP de le NCmod NP et de DETPOSS NC NP ."
910,1885_Metenier_La-Chair_N.txt,"Subitement intéressée , Geneviève devint pâle .","ADV VSENT , NP devenir ADJ ."
911,1885_Metenier_La-Chair_N.txt,"— Mon Dieu , déclara la douairière , que ce baron est désagréable , nous étions ici si bien sans lui !","— NP NP , VPS le NCo , que ce NCs être ADJ , nous être ADVLIEU si bien sans lui !"
912,1885_Metenier_La-Chair_N.txt,* ** Le baron Senères était supporté plutôt qu' aimé par la famille .,* ** le NCs NP être PPAS plutôt que VSENT par le NC .
913,1885_Metenier_La-Chair_N.txt,Sa noblesse datait d' hier et ses millions seuls lui avaient valu l' honneur d' épouser une Lierrevant-Mantès .,DETPOSS NCs VIMP de ADV et DETPOSS NCs ADJ lui avoir PPAS le NCSENT de INF un NP .
914,1885_Metenier_La-Chair_N.txt,"Il était veuf et son fils unique , lieutenant de dragons .","il être ADJ et DETPOSS NC ADJ , NC de NCmod ."
915,1885_Metenier_La-Chair_N.txt,"Sa très grosse fortune , qui avait fait pardonner une mésalliance , servait encore , aujourd'hui que sa femme était morte , à lui faire tenir ouvertes les portes de le château de Lierrevant .","DETPOSS très ADJ NCs , qui avoir faire INF un NCo , VIMP encore , ADVT que DETPOSS NCs être PPAS , à lui faire INF ADJ le NCo de le NCmod de NP ."
916,1885_Metenier_La-Chair_N.txt,"Raoul Senères , de sept ans plus âgé que Geneviève , avait été pour ainsi dire élevé avec elle .","NP NP , de NUM NCT plus ADJ que NP , avoir être pour ainsi VDIC ADJ avec il ."
917,1885_Metenier_La-Chair_N.txt,Les deux enfants s' étaient toujours tendrement aimés .,le NUM NCs se être ADVTEMPS ADVMAN VSENT .
918,1885_Metenier_La-Chair_N.txt,"En grandissant , le jeune homme avait compris qu' il ressentait pour sa cousine autre chose qu' une affection fraternelle .","en PPRES , le ADJ NCs avoir VCOG que il VSENT pour DETPOSS NC autre chose que un NCSENT ADJ ."
919,1885_Metenier_La-Chair_N.txt,Mais il s' appelait Senères !,mais il se VIMP NP !
920,1885_Metenier_La-Chair_N.txt,Geneviève était la dernière de les Réjaumont .,NP être le NC de le NP .
921,1885_Metenier_La-Chair_N.txt,"Elle seule était encore riche , de tous lés membres de cette très antique famille .","il ADJ être encore ADJ , de tout ADJ NC de ce très ADJ NCmod ."
922,1885_Metenier_La-Chair_N.txt,"Il sentait bien qu' on ne permettrait jamais à l' opulente héritière d' un nom si illustre , d' épouser le fils d' un financier , « d' un marchand d' argent , d' un traitant » , comme disait dédaigneusement .","il sentir bien que on ne permettre ADVTEMPS à le ADJ NC de un NCmod si ADJ , de INF le NCo de un NCmod , "" de un NC de NCmod , de un NCmod "" , comme VDIC ADVMAN ."
923,1885_Metenier_La-Chair_N.txt,la marquise .,le NC .
924,1885_Metenier_La-Chair_N.txt,"Cette union n' eût pas eu l' excuse de la pauvreté ; ç' avait , de le reste , été la réponse formelle de Mme de Réjaumont , un jour que M. Senères avait essayé de le laisser pressentir certaines intentions .","ce NCs ne avoir pas avoir le NCo de le NCmod ; ADV avoir , de le NC , être le NC ADJ de madame de NP , un NCT que monsieur NP avoir PPAS de le laisser VCOG certain NCo ."
925,1885_Metenier_La-Chair_N.txt,Tout avait été dit et Raoul avait dû renfermer à le plus profond de son cœur la passion qu' il ressentait pour Geneviève .,tout avoir être VDIC et NP avoir devoir INF à le plus ADJ de DETPOSS NCmod le NCSENT que il VSENT pour NP .
926,1885_Metenier_La-Chair_N.txt,"Cent fois , cependant , il avait eu le désir de lui en faire l' aveu , à elle dont il avait si souvent partagé les jeux , mais il l' avait trouvée si pure , si naïve , qu' il avait toujours résisté à celle tentation .","NUM fois , cependant , il avoir avoir le NCSENT de lui en faire le NCo , à il dont il avoir si ADVTEMPS PPAS le NCo , mais il le avoir PPAS si ADJ , si ADJ , que il avoir ADVTEMPS PPAS à celui NCSENT ."
927,1885_Metenier_La-Chair_N.txt,Jeter le trouble dans cette âme de vierge !,INF le NCSENT dans ce NC de NCmod !
928,1885_Metenier_La-Chair_N.txt,Ternir cette candeur !,INF ce NCo !
929,1885_Metenier_La-Chair_N.txt,"Non , elle lirait assez tôt dans ses yeux les sentiments qui l' oppressaient ... Et voilà qu' un jour , brusquement , il avait appris le mariage prochain de Geneviève !","non , il VCOND ADV tôt dans DETPOSS NCCOR le NCSENT qui le VIMP ... et voilà que un NCT , ADV , il avoir VCOG le NCo ADJ de NP !"
930,1885_Metenier_La-Chair_N.txt,"Alors , sans s' expliquer pourquoi , il avait voulu partir , de suite .","alors , sans se VDIC pourquoi , il avoir vouloir INF , de NC ."
931,1885_Metenier_La-Chair_N.txt,"Quand il arriva à Lierrevant , accompagné de le baron , quelques jours seulement avant le mariage , il trouva sa cousine très gaie , très heureuse de le revoir .","quand il VPS à NP , PPAS de le NC , quelque NCT seulement PHASE le NCmod , il VPS DETPOSS NCo très ADJ , très ADJ de le VCOG ."
932,1885_Metenier_La-Chair_N.txt,"— Je vous présente mon frère , dit -elle à M. de Matillon .","— je vous PRES DETPOSS NCo , VDIC il à monsieur de NP ."
933,1885_Metenier_La-Chair_N.txt,Nous avons joué bien souvent ensemble à la poupée !,nous avoir PPAS bien ADVTEMPS ensemble à le NC !
934,1885_Metenier_La-Chair_N.txt,Premier-Président s' inclina gravement et tendit à Raoul une main que celui-ci serra à peine .,NP se VPS ADVMAN et VPS à NP un NCCOR que celui-ci VF à NCSENT .
935,1885_Metenier_La-Chair_N.txt,"— Venez , ajouta -t -elle en s' adressant à son cousin , venez voir les folies qu' a faites pour moi M. de Matillon .","— NP , VPS t il en se PPRES à DETPOSS NC , venir VCOG le NCo que avoir faire pour soi monsieur de NP ."
936,1885_Metenier_La-Chair_N.txt,"Et elle entraîna le jeune officier tout frémissant à le salon , où elle ne lui fit pas grâce d' un bijou .","et il VPS le ADJ NCo tout PPRES à le NC , où il ne lui faire pas ADV de un NC ."
937,1885_Metenier_La-Chair_N.txt,— Comme tout cela est beau !,— comme tout cela être ADJ !
938,1885_Metenier_La-Chair_N.txt,disait -elle sans s' apercevoir de la torture à laquelle elle soumettait son ami .,VDIC il sans se INF de le NC à lequel il VIMP DETPOSS NCo .
939,1885_Metenier_La-Chair_N.txt,Les jours qui suivirent parurent bien longs à le pauvre Raoul .,le NCT qui VPS VPS bien ADJ à le ADJ NP .
940,1885_Metenier_La-Chair_N.txt,"Geneviève , elle , rayonnait et s' efforçait de lui faire partager sa joie .","NP , il , VIMP et se VIMP de lui faire INF DETPOSS NCSENT ."
941,1885_Metenier_La-Chair_N.txt,Ah !,INTJ !
942,1885_Metenier_La-Chair_N.txt,"s' il eût osé se confier à elle , tout lui dire !","si il avoir PPAS se INF à il , tout lui VDIC !"
943,1885_Metenier_La-Chair_N.txt,"mais non , il n' en avait pas le droit !","mais non , il ne en avoir pas le NC !"
944,1885_Metenier_La-Chair_N.txt,Il ne sentit pas le courage d' aller jusqu' à le bout .,il ne sentir pas le NCo de aller jusque à le NC .
945,1885_Metenier_La-Chair_N.txt,"Deux jours avant la date fixée pour la célébration de le mariage , il annonça son départ .","NUM NCT PHASE le NCmod PPAS pour le NC de le NCmod , il VDIC DETPOSS NCo ."
946,1885_Metenier_La-Chair_N.txt,— Oh !,— INTJ !
947,1885_Metenier_La-Chair_N.txt,partir !,INF !
948,1885_Metenier_La-Chair_N.txt,"Non , je ne veux pas que vous partiez !","non , je ne vouloir pas que vous PRES !"
949,1885_Metenier_La-Chair_N.txt,"fit Geneviève , boudeuse , ce serait très mal , savez -vous !","faire NP , NC , ce être très mal , VCOG vous !"
950,1885_Metenier_La-Chair_N.txt,je serai si contente de vous voir près de moi dans un jour où je vais être si heureuse !,je VCOND si ADJ de vous VCOG ADVLIEU de soi dans un NCT où je aller être si ADJ !
951,1885_Metenier_La-Chair_N.txt,"M. de Matillon , priez donc M. Raoul de rester .","monsieur de NP , IMP donc monsieur NP de INF ."
952,1885_Metenier_La-Chair_N.txt,"Et elle décocha à le Premier-Président un regard à la fois si doux et si ingénu , que celui-ci s' unit à sa jolie fiancée pour prier Raoul Senères de prolonger son séjour .","et il VPS à le NP un NCMAN à le fois si ADJ et si PPAS , que celui-ci se PRES à DETPOSS ADJ NC pour INF NP NP de INF DETPOSS NCo ."
953,1885_Metenier_La-Chair_N.txt,Le jeune homme consentit à ce suprême sacrifice .,le ADJ NCs VPS à ce ADJ NC .
954,1885_Metenier_La-Chair_N.txt,"— Pour vous récompenser , je vous promets une valse ... , vous me permettrez bien de danser , ce jour -là , M. de Matillon ?","— pour vous INF , je vous PRES un NCo ... , vous me PRES bien de INF , ce NCT ADVLIEU , monsieur de NP ?"
955,1885_Metenier_La-Chair_N.txt,"— Comment donc , mademoiselle ... — Figurez -vous qu' on dansera dans les salons et aussi sur la pelouse !","— comment donc , monsieur ... — IMP vous que on VF dans le NC et aussi sur le NC !"
956,1885_Metenier_La-Chair_N.txt,À le son de la musette !,à le NC de le NCmod !
957,1885_Metenier_La-Chair_N.txt,Tous les paysans seront là !,tout le NCs être ADVLIEU !
958,1885_Metenier_La-Chair_N.txt,Ce sera si amusant !,ce être si ADJ !
959,1885_Metenier_La-Chair_N.txt,"Et l' espiègle jeune fille s' enfuit , heureuse et légère comme une biche .","et le NCs ADJ NC se PRES , ADJ et ADJ comme un NC ."
960,1885_Metenier_La-Chair_N.txt,— Quelle adorable enfant !,— quel ADJ NCs !
961,1885_Metenier_La-Chair_N.txt,fit M. de Matillon en la regardant disparaître derrière une portière .,faire monsieur de NP en le VCOG INF ADVLIEU un NC .
962,1885_Metenier_La-Chair_N.txt,— Et naïve !,— et NCs !
963,1885_Metenier_La-Chair_N.txt,ajouta Raoul avec un soupir .,VPS NP avec un NC .
964,1885_Metenier_La-Chair_N.txt,"* ** — Décidément , il est encore très bien !","* ** — ADV , il être encore très bien !"
965,1885_Metenier_La-Chair_N.txt,"réitéra la marquise de Réjaumont , quand apparut le comte de Matillon , serré dans son habit et la croix de commandeur à le cou .","VPS le NCo de NP , quand VPS le NCo de NP , PPAS dans DETPOSS NC et le NC de NCmod à le NCCOR ."
966,1885_Metenier_La-Chair_N.txt,Il est rajeuni de dix ans .,il être PPAS de NUM NCT .
967,1885_Metenier_La-Chair_N.txt,Geneviève excita une universelle admiration .,NP VSENT un ADJ NCSENT .
968,1885_Metenier_La-Chair_N.txt,— Les robes blanches et les fleurs d' oranger semblent avoir été inventées pour elle !,— le NCspas ADJCOL et le NC de NCmod ADJ avoir être PPAS pour il !
969,1885_Metenier_La-Chair_N.txt,s' écria la chanoinesse .,se VDIC le NCs .
970,1885_Metenier_La-Chair_N.txt,"Et , de fait , jamais vierge n' eut une tenue si chaste , ni un regard si pur .","et , de NCs , ADVTEMPS ADJ ne avoir un NCo si ADJ , ni un NCMAN si ADJ ."
971,1885_Metenier_La-Chair_N.txt,Monseigneur de Clermont donna à les époux la bénédiction nuptiale dans la petite chapelle de le château .,NCs de NP VPS à le NC le NCo ADJ dans le ADJ NC de le NCmod .
972,1885_Metenier_La-Chair_N.txt,"À le cours d' une paternelle allocution , il appela Geneviève « Vase d' élection » , « Tour d' ivoire » , et il sut glisser , à l' adresse de M. de Matillon , les plus délicates flatteries .","à le NC de un ADJ NCmod , il VPS NP "" NP de NCmod "" , "" NC de INF "" , et il PRES INF , à le NC de monsieur de NP , le plus ADJ NCSENT ."
973,1885_Metenier_La-Chair_N.txt,Le Premier-Président rayonnait .,le NP VIMP .
974,1885_Metenier_La-Chair_N.txt,"Tout seul , dissimulé derrière un pilier , en grande tenue , Raoul était pâle .","tout ADJ , PPAS ADVLIEU un NC , en ADJ NC , NP être ADJ ."
975,1885_Metenier_La-Chair_N.txt,"— Il eût donné les millions de son père pour être assis là-bas , en face de l' autel ... à la place de ce vieux .","— il avoir PPAS le NCo de DETPOSS NCmod pour être PPAS ADVLIEU , en NC de le NC ... à le NC de ce ADJ ."
976,1885_Metenier_La-Chair_N.txt,La cérémonie prit fin .,le NCs VPS NCo .
977,1885_Metenier_La-Chair_N.txt,"A deux pas de lui , tandis que les cloches sonnaient à pleine volée , que dehors , les coups de feu de les paysans saluaient joyeusement les nouveaux époux , Geneviève , passa , à le bras de son mari .","à NUM pas de lui , PHASE que le NCs VIMP à ADJ NC , que ADV , le NCs de NCmod de le NCmod VIMP ADVMAN le ADJ NCo , NP , VPS , à le NCCOR de DETPOSS NCmod ."
978,1885_Metenier_La-Chair_N.txt,"Elle s' avançait lentement , les yeux noyés , l' air heureux ... pourtant ; quand son regard humide vint croiser celui de son cousin , un éclair jaillit et le même petit pli énigmatique apparut à le coin dé sa bouche .","il se VIMP ADV , le NCCOR PPAS , le NCMAN ADJ ... pourtant ; quand DETPOSS NCMAN ADJ venir INF celui de DETPOSS NCmod , un ADJ NC et le même ADJ NC ADJ VPS à le NC PPAS DETPOSS NCCOR ."
979,1885_Metenier_La-Chair_N.txt,"Elle eut pour lui une parole aimable quand il vint , à son tour , la saluer .","il avoir pour lui un NCo ADJ quand il venir , à DETPOSS NC , le INF ."
980,1885_Metenier_La-Chair_N.txt,— J' espère bien que le frère de Geneviève de Réjaumont n' oubliera pas la présidente de Matillon .,— je VCOG bien que le NCs de NP de NP ne VCOG pas le NCo de NP .
981,1885_Metenier_La-Chair_N.txt,"— Je m' unis à la comtesse , Monsieur Senères , ajouta aussitôt le Président , et je serai trop heureux si vous daignez m' accorder un peu de l' amitié que vous avez pour elle .","— je se PRES à le NC , monsieur NP , VPS aussitôt le NP , et je VF trop ADJ si vous PRES le INF un peu de le NCmod que vous avoir pour il ."
982,1885_Metenier_La-Chair_N.txt,Et Raoul s' était incliné sans répondre .,et NP se être PPAS sans VDIC .
983,1885_Metenier_La-Chair_N.txt,"Il y eut grande réception , le soir , à le château de Lierrevant .","il y avoir ADJ NCo , le NCT , à le NC de NP ."
984,1885_Metenier_La-Chair_N.txt,Toute la noblesse de l' Auvergne était là .,tout le NCs de le NP être ADVLIEU .
985,1885_Metenier_La-Chair_N.txt,"Les grilles avaient été ouvertes et tandis que les nobles invités remplissaient les salons , dehors , sur les pelouses , de les bals s' organisaient .","le NCspas avoir être PPAS et PHASE que le ADJ NCs VIMP le NCo , ADV , sur le NCs , de le NCmod se VIMP ."
986,1885_Metenier_La-Chair_N.txt,On dansait à les sons nasillards de la musette les traditionnelles bourrées .,on VIMP à le NC ADJ de le NCmod le NCo ADJ .
987,1885_Metenier_La-Chair_N.txt,"Sous les charmilles , de les tonneaux défoncés , de longues tables où chacun pouvait s' asseoir et toutes chargées de victuailles .","sous le NC , de le NCmod ADJ , de ADJ NC où chacun pouvoir se INF et tout PPAS de NC ."
988,1885_Metenier_La-Chair_N.txt,"Quand la nuit vint , le parc s' illumina ; à les branches de les arbres se balançaient de les lanternes à les mille couleurs , pendant que le château profilait sur le ciel sombre sa grande silhouette , percée à jour par les fenêtres très hautes , étincelantes , derrière lesquelles s' agitaient de les ombres .","quand le NCT venir , le NCs se VPS ; à le NC de le NCmod se VIMP de le NC à le NUM NCmod , PHASE que le NCs VIMP sur le NC ADJ DETPOSS ADJ NCo , PPAS à NCT par le NC très ADJ , ADJ , ADVLIEU lequel se VIMP de le NC ."
989,1885_Metenier_La-Chair_N.txt,"Admirablement parée , Geneviève semblait une fée à le milieu de ce merveilleux décor .","ADV PPAS , NP sembler un NCo à le milieu de ce ADJ NCmod ."
990,1885_Metenier_La-Chair_N.txt,On exhuma les vieux pas et jusqu' à la douairière de Réjaumont qui dansa le menuet .,on VPS le ADJ pas et jusque à le NC de NP qui VPS le NCo .
991,1885_Metenier_La-Chair_N.txt,"M. de Matillon , qui redoutait ses rhumatismes , se retrancha derrière la gravité professionnelle à laquelle il était forcé et put ainsi échapper à les obsessions chorégraphiques dont il fut l' objet .","monsieur de NP , qui VSENT DETPOSS NCo , se VPS ADVLIEU le NC ADJ à lequel il être PPAS et pouvoir ainsi INF à le NCSENT ADJ dont il être le NC ."
992,1885_Metenier_La-Chair_N.txt,"M. de Lierrevant-Mantès voulut prouver que les lions d' autrefois valaient bien les gommeux d' aujourd'hui , mais il dut s' arrêter , essoufflé , à le milieu d' une figure de quadrille .","monsieur de NP vouloir INF que le NCs de ADVT VIMP bien le NCo de ADVT , mais il devoir se INF , PPAS , à le milieu de un NCCOR de NCmod ."
993,1885_Metenier_La-Chair_N.txt,— C' est ... c' est l' émotion !,— ce être ... ce être le NCSENT !
994,1885_Metenier_La-Chair_N.txt,"fit -il , mais personne ne s' y laissa prendre .","faire il , mais personne ne se y laisser INF ."
995,1885_Metenier_La-Chair_N.txt,On joua une valse .,on VPS un NCo .
996,1885_Metenier_La-Chair_N.txt,Raoul prit son courage à deux mains .,NP VPS DETPOSS NCo à NUM NCCOR .
997,1885_Metenier_La-Chair_N.txt,Il alla rappeler à sa cousine sa promesse .,il aller INF à DETPOSS NC DETPOSS NCo .
998,1885_Metenier_La-Chair_N.txt,— Je vous attendais !,— je vous VIMP !
999,1885_Metenier_La-Chair_N.txt,fit -elle simplement avec son éternel et singulier sourire .,faire il ADVMAN avec DETPOSS NC et ADJ NCMAN .
1000,1885_Metenier_La-Chair_N.txt,Elle s' abandonna à le bras de son cousin qui frissonnait en entourant de son bras cette taille souple et fine qui eût tenu dans ses deux mains .,il se VPS à le NCCOR de DETPOSS NCmod qui VIMP en PPRES de DETPOSS NCCOR ce NCo ADJ et ADJ qui avoir PPAS dans DETPOSS NUM NCCOR .
1001,1885_Metenier_La-Chair_N.txt,"Parfois les cheveux de la jeune femme venaient caresser son visage et alors , pris d' éblouissement , il se sentait défaillir .","ADVTEMPS le NCCOR de le ADJ NCmod venir INF DETPOSS NCCOR et alors , PPAS de NC , il se sentir INF ."
1002,1885_Metenier_La-Chair_N.txt,"Il voulait parler , ne trouvait rien à dire .","il vouloir INF , ne VIMP rien à VDIC ."
1003,1885_Metenier_La-Chair_N.txt,Les dernières mesures se firent entendre .,le ADJ NC se faire VCOG .
1004,1885_Metenier_La-Chair_N.txt,Le tourbillon fou s' arrêta .,le NCs ADJ se VPS .
1005,1885_Metenier_La-Chair_N.txt,Il reconduisit à sa place Mme de Matillon .,il VPS à DETPOSS NC madame de NP .
1006,1885_Metenier_La-Chair_N.txt,"À le moment où , s' inclinant devant elle , il allait la remercier : — Dans un quart -d'heure , à la grotte de le Calvaire !","à le NC où , se PPRES ADVLIEU il , il aller le VDIC : — dans un NC NCmod , à le NCmod de le NP !"
1007,1885_Metenier_La-Chair_N.txt,"fit -elle , trouvez-vous -y !","faire il , trouvez-le y !"
1008,1885_Metenier_La-Chair_N.txt,La parole expira sur les lèvres de Raoul .,le NCs VPS sur le NCCOR de NP .
1009,1885_Metenier_La-Chair_N.txt,Dans un quart -d'heure !,dans un NC NCmod !
1010,1885_Metenier_La-Chair_N.txt,A la grotte de le Calvaire !,à le NC de le NP !
1011,1885_Metenier_La-Chair_N.txt,Un rendez-vous !,un NC !
1012,1885_Metenier_La-Chair_N.txt,"Et c' était Geneviève , la pure Geneviève , ou plutôt Mme de Matillon , qui le lui donnait , à dix heures de le soir , à lui Raoul !","et ce être NP , le ADJ NP , ou plutôt madame de NP , qui le lui VIMP , à NUM NCT de le NCT , à lui NP !"
1013,1885_Metenier_La-Chair_N.txt,Il rêvait !,il VIMP !
1014,1885_Metenier_La-Chair_N.txt,"— C' est entendu , n' est ce pas ?","— ce être VCOG , ne être ce pas ?"
1015,1885_Metenier_La-Chair_N.txt,"Et Geneviève ouvrant un grand éventail de nacre , à plumes d' autruche , répondit par un gracieux salut à le salut muet que lui adressa le lieutenant Senères .","et NP PPRES un ADJ NCo de NCmod , à NC de NCmod , VDIC par un ADJ NC à le NCmod ADJ que lui VPS le NCs NP ."
1016,1885_Metenier_La-Chair_N.txt,"Sans dire un mot , sans pensée , ce qu' il venait d' entendre lui semblant inexplicable , Raoul descendit le perron de le château .","sans VDIC un NCo , sans NC , ce que il venir de VCOG lui sembler ADJ , NP VPS le NCo de le NCmod ."
1017,1885_Metenier_La-Chair_N.txt,L' air lui fit de le bien .,le NCMAN lui faire de le bien .
1018,1885_Metenier_La-Chair_N.txt,Il passa sa main sur son front baigné de sueur .,il VPS DETPOSS NCCOR sur DETPOSS NCCOR PPAS de NC .
1019,1885_Metenier_La-Chair_N.txt,— Je ne rêve pas pourtant !,— je ne PRES pas pourtant !
1020,1885_Metenier_La-Chair_N.txt,... Elle n' a pas réfléchi à les conséquences d' un pareil acte !,... il ne avoir pas PPAS à le NC de un NCmod ADJ !
1021,1885_Metenier_La-Chair_N.txt,"ses intentions sont droites , évidemment ... mais si on la voyait ... si on la suivait ... ne serait -il pas de mon devoir ... ?","DETPOSS NCs être ADJ , ADV ... mais si on le VCOG ... si on le VIMP ... ne être il pas de DETPOSS devoir ... ?"
1022,1885_Metenier_La-Chair_N.txt,Le jour de son mariage !,le NCT de DETPOSS NCmod !
1023,1885_Metenier_La-Chair_N.txt,"... Tant pis , allons !","... tant ADJ , NC !"
1024,1885_Metenier_La-Chair_N.txt,Et Raoul se dirigea vers la grotte .,et NP se VPS vers le NC .
1025,1885_Metenier_La-Chair_N.txt,"Tout à le fond de le parc , à le sommet d' un monticule , la piété de les ducs de Lierrevant-Mantès avait érigé un Calvaire , sous lequel on avait fort artistiquement tiré parti d' une sorte de caverne naturelle .","tout à le NC de le NCmod , à le NCmod de un NCmod , le NCs de le NCmod de NP avoir PPAS un NP , sous lequel on avoir fort ADV PPAS NC de un sorte de NCmod ADJ ."
1026,1885_Metenier_La-Chair_N.txt,"Que de fois , sous l' œil de leurs bonnes , Raoul et Geneviève , enfants , n' avaient -ils pas joué là , à l' abri de les rayons de le soleil !","que de fois , sous le NC de DETPOSS ADJ , NP et NP , NC , ne avoir il pas PPAS ADVLIEU , à le NC de le NCmod de le NCmod !"
1027,1885_Metenier_La-Chair_N.txt,"Le jeune officier s' assit sur un banc de gazon , attendant .","le ADJ NCs se PRES sur un NC de NCmod , PPRES ."
1028,1885_Metenier_La-Chair_N.txt,Les échos de la fête venaient jusqu' à lui à travers les arbres de le parc ; le château semblait flamber .,le NCs de le NCmod venir jusque à lui à travers le NC de le NCmod ; le NCs sembler INF .
1029,1885_Metenier_La-Chair_N.txt,* ** Onze heures sonnaient quand une forme blanche se dressa tout à coup devant lui .,* ** NUM NCT VIMP quand un NCs ADJCOL se VPS tout à NC ADVLIEU lui .
1030,1885_Metenier_La-Chair_N.txt,— Geneviève !,— NP !
1031,1885_Metenier_La-Chair_N.txt,"s' écria -t -il en courant à la jeune femme , quelle imprudence !","se VDIC t il en NC à le ADJ NC , quel NC !"
1032,1885_Metenier_La-Chair_N.txt,"Subitement , il sentit deux bras se nouer autour de son cou , tandis que deux lèvres brûlantes venaient s' appuyer contre les siennes .","ADV , il sentir NUM NCCOR se INF ADV de DETPOSS NCCOR , PHASE que NUM NCCOR ADJ venir se INF contre le sien ."
1033,1885_Metenier_La-Chair_N.txt,— Geneviève !,— NP !
1034,1885_Metenier_La-Chair_N.txt,"répéta Raoul , stupéfait .","VPS NP , PPAS ."
1035,1885_Metenier_La-Chair_N.txt,"— Enfin , je suis à toi !","— PHASE , je être à soi !"
1036,1885_Metenier_La-Chair_N.txt,"Et tous deux , frémissants , tombèrent assis sur le banc de gazon .","et tout NUM , NCs , VPS NCo sur le NCmod de NCmod ."
1037,1885_Metenier_La-Chair_N.txt,— Mais ... votre mari ?,— mais ... DETPOSS NC ?
1038,1885_Metenier_La-Chair_N.txt,"Mme de Matillon se releva , altière , et désignant de la main les fenêtres enflammées de le château : — Ne fallait -il pas un père à nos enfants ?","madame de NP se VPS , NC , et PPRES de le NCCOR le NC VSENT de le NC : — ne VIMP il pas un NCo à DETPOSS NCmod ?"
1039,1885_Metenier_La-Chair_N.txt,"L' IDÉAL DE ROBERT DURET Ce soir -là , le grand peintre Robert Duret était triste .","le NP NP NP NP ce NCT ADVLIEU , le ADJ NCs NP NP être ADJ ."
1040,1885_Metenier_La-Chair_N.txt,"Et cependant , ce soir -là , il y avait vingt-cinq ans qu' il avait obtenu le Grand-Prix de Rome .","et cependant , ce NCT ADVLIEU , il y avoir NUM NCT que il avoir PPAS le NP de NP ."
1041,1885_Metenier_La-Chair_N.txt,"Rassemblés autour de lui et en face d' un bol immense à la surface de lequel dansait joyeusement la flamme bleuâtre d' un punch formidable , ses élèves fêtaient cette date mémorable , point de départ de sa fortune et de sa gloire .","PPAS ADV de lui et en NC de un NC ADJ à le NC de lequel VIMP ADVMAN le NCo ADJCOL de un NCmod ADJ , DETPOSS NCs VIMP ce NCo ADJ , NC de NCmod de DETPOSS NCmod et de DETPOSS NC ."
1042,1885_Metenier_La-Chair_N.txt,"Mais , ni les gais propos , ni les chansons gauloises n' avaient le don de tirer de son implacable torpeur ce fils de Rabelais , dont les gaietés énormes et les mystifications légendaires faisaient la joie de les ateliers depuis les temps les plus reculés .","mais , ni le ADJ NCs , ni le NCs ADJ ne avoir le NCo de INF de DETPOSS ADJ NC ce NC de NP , dont le NCSENT ADJ et le NC ADJ faire le NCSENT de le NCmod depuis le temps le plus ADJ ."
1043,1885_Metenier_La-Chair_N.txt,"Triste , lui , Robert Duret ?","NP , lui , NP NP ?"
1044,1885_Metenier_La-Chair_N.txt,Mais c' était à n' y pas croire !,mais ce être à ne y pas VCOG !
1045,1885_Metenier_La-Chair_N.txt,"Triste , ce gai compagnon , qui portait si gaillardement la cinquantaine qu' il semblait être le frère aîné de ses disciples ?","NP , ce NCs NC , qui VIMP si ADVMAN le NCo que il sembler être le NC ADJ de DETPOSS NCmod ?"
1046,1885_Metenier_La-Chair_N.txt,"Triste , ce viveur acharné , cet amant de toutes les femmes , qui , de par les armes symboliques qu' il s' était composées , portait : D' or à un artichaut de sinople , fusté de gueules , avec cette devise : A chacune une feuille !","NP , ce NC PPAS , ce NC de tout le NCmod , qui , de par le NCmod ADJ que il se être PPAS , VIMP : de NCo à un NCmod de NCmod , PPAS de NC , avec ce NC : A chacun un NC !"
1047,1885_Metenier_La-Chair_N.txt,On ne savait raisonnablement à quoi attribuer cet accès de spleen subit .,on ne VCOG ADV à quoi INF ce NCo de NCmod PRES .
1048,1885_Metenier_La-Chair_N.txt,Un chagrin d' amour peut-être ?,un NCSENT de NCSENT peut-être ?
1049,1885_Metenier_La-Chair_N.txt,"Car l' amour a les yeux bandés et il frappe aveuglément , sans choisir sa victime ; mais il était de notoriété publique que jamais Robert Duret n' avait eu de maîtresse .","car le NCSENT avoir le NCCOR ADJ et il frapper ADV , sans INF DETPOSS NCo ; mais il être de NC ADJ que ADVTEMPS NP NP ne avoir avoir de NC ."
1050,1885_Metenier_La-Chair_N.txt,"Aussi volage que le papillon , qui va , butinant de fleur en fleur , il .","aussi ADJ que le NC , qui aller , PPRES de NC en NCmod , il ."
1051,1885_Metenier_La-Chair_N.txt,"avait alternativement flirté avec la brune , avec la blonde .","avoir ADV PPAS avec le NC , avec le NC ."
1052,1885_Metenier_La-Chair_N.txt,"Grisettes et modèles , femmes de le monde et femmes galantes , à les pieds de toutes il avait déposé ses hommages , mais pas une d' elles n' avait su attacher à son char ce vainqueur inconstant .","NC et NC , NC de le NCmod et NC ADJ , à le NCCOR de tout il avoir PPAS DETPOSS NCo , mais pas une NP il ne avoir VCOG INF à DETPOSS NC ce NCo ADJ ."
1053,1885_Metenier_La-Chair_N.txt,Ses tableaux ?,DETPOSS NC ?
1054,1885_Metenier_La-Chair_N.txt,On se les arrachait ; l' Amérique les disputait à l' Europe ; pas une célébrité qui n' ait tenu à honneur d' avoir son portrait exécuté par Robert Duret !,on se le VIMP ; le NP le VIMP à le NP ; pas un NC qui ne avoir PPAS à NCSENT de avoir DETPOSS NCo PPAS par NP NP !
1055,1885_Metenier_La-Chair_N.txt,"Tout lui souriait dans la vie , et jusqu' à les débuts de cet homme heureux , qui avaient été exempts de les tribulations et de les ordinaires désillusions !","tout lui VIMP dans le NC , et jusque à le NC de ce NCmod ADJ , qui avoir être PPAS de le NC et de le ADJ NCSENT !"
1056,1885_Metenier_La-Chair_N.txt,"Et pourtant , ce soir -là , il était triste , abominablement triste !","et pourtant , ce NCT ADVLIEU , il être ADJ , ADVINT ADJ !"
1057,1885_Metenier_La-Chair_N.txt,* ** Cependant l' heure de les toasts était arrivée .,* ** cependant le NCT de le NCmod être PPAS .
1058,1885_Metenier_La-Chair_N.txt,"Antony Maler , le disciple bien aimé , se leva : — Je bois , s' écria -t -il , en levant son verre , à la gloire de le maître !","NP NP , le NC bien VSENT , se VPS : — je NCs , se VDIC t il , en PPRES DETPOSS NCo , à le NC de le NCmod !"
1059,1885_Metenier_La-Chair_N.txt,"Je bois non-seulement à les œuvres géniales , qui ont fait de Robert Duret le plus grand peintre de notre époque , je bois encore à ses œuvres futures , à celles qui mettront le sceau à son impérissable renommée !","je NC ADV à le NCmod ADJ , qui avoir faire de NP NP le plus ADJ NCo de DETPOSS NCmod , je NC encore à DETPOSS NCmod ADJ , à celui qui mettre le NCo à DETPOSS NCmod PPAS !"
1060,1885_Metenier_La-Chair_N.txt,"Alors , à le milieu de le silence profond qui succéda à un tonnerre d' applaudissements , le maître prit la parole : — J' accepte , mes enfants , la première partie de votre souhait et je vous en remercie , mais je ne saurais accepter la seconde .","alors , à le milieu de le NCmod ADJ qui VPS à un NC de NCmod , le NCs VPS le NCo : — je PRES , DETPOSS NCo , le ADJ NCo de DETPOSS NCmod et je vous en PRES , mais je ne VCOND INF le NCT ."
1061,1885_Metenier_La-Chair_N.txt,J' ai terminé mon œuvre et ce banquet qui va finir sera pour moi le banquet de les adieux .,je avoir VASP DETPOSS NCo et ce NCs qui aller VASP être pour soi le NC de le NCmod .
1062,1885_Metenier_La-Chair_N.txt,"Et , comme , stupéfaits , abasourdis , tous se récriaient : — Demain , continua l' artiste , je vous donnerai mes derniers conseils ; je laisserai à chacun de vous un souvenir , et puisse la fortune vous sourire comme à moi !","et , comme , NC , ADV , tout se VIMP : — ADVT , VPS le NCo , je vous VF DETPOSS ADJ NCo ; je laisser à chacun de vous un NCo , et PRES le NCs vous PRES comme à soi !"
1063,1885_Metenier_La-Chair_N.txt,"Mais , ajouta -t -il , en voyant Antony Maler se lever pour protester et en lui faisant signe de se rasseoir , je serais ingrat si je ne répondais pas à vos témoignages d' affection en vous prenant pour confidents de les événements qui m' ont dicté une aussi brusque et aussi irrévocable détermination .","mais , VPS t il , en VCOG NP NP se INF pour VDIC et en lui faire NCo de se INF , je être NC si je ne VDIC pas à DETPOSS NC de NCSENT en vous PPRES pour NC de le NCmod qui lui avoir PPAS un aussi ADJ et aussi ADJ NCo ."
1064,1885_Metenier_La-Chair_N.txt,"Mes amis , l' art est infini et multiple en ses manifestations .","DETPOSS NC , le NCs être ADJ et ADJ en DETPOSS NC ."
1065,1885_Metenier_La-Chair_N.txt,"Le peintre , le sculpteur , le poète sont artistes à le même degré .","le NC , le NC , le NCspas être PPAS à le même NC ."
1066,1885_Metenier_La-Chair_N.txt,"Chacun d' eux , sur sa toile , dans le marbre ou dans ses vers , poursuit un Idéal qu' il a rêvé , mais qu' il n' atteint qu' autant qu' il a rencontré , une fois dans sa vie , un être lui offrant , sous une forme tangible et réelle , cet Idéal imaginaire .","chacun de eux , sur DETPOSS NCmod , dans le NCmod ou dans DETPOSS NC , PRES un NCo que il avoir PPAS , mais que il ne PRES que autant que il avoir PPAS , un fois dans DETPOSS NCmod , un être lui PPRES , sous un NC ADJ et ADJ , ce NP ADJ ."
1067,1885_Metenier_La-Chair_N.txt,"Tandis que l' artiste malheureux travaille sans but , à le hasard de l' ébauchoir ou de le pinceau , ne parvenant pas à saisir les contours de l' image qui le fuit sans cesse , quand il croit pouvoir la tenir et la fixer frémissante sur son chevalet ou sur un piédestal , tout devient facile à celui à lequel la fortune a fait rencontrer l' incarnation de l' Idéal cherché .","PHASE que le NCs ADJ PRES sans NC , à le NC de le NCmod ou de le NC , ne PPRES pas à INF le NCo de le NCmod qui le PRES sans NC , quand il VCOG pouvoir le INF et le INF ADJ sur DETPOSS NC ou sur un NC , tout devenir ADJ à celui à lequel le NC avoir faire INF le NC de le ADJ NCmod ."
1068,1885_Metenier_La-Chair_N.txt,"Le peintre peul alors sans hâte en dessiner les formes , le poète en célébrer les lignes harmonieuses , tandis que le statuaire pétrit sans tâtonnements sa glaise .","le NCs ADJ alors sans NCmod en INF le NCo , le NC en INF le NCo ADJ , PHASE que le NCs VPS sans NC DETPOSS NCo ."
1069,1885_Metenier_La-Chair_N.txt,"Dante a eu Béatrix , Pétraque a eu Laure , Raphaël la Fornarina , le Titien sa maîtresse immortelle .","NP avoir avoir NP , NP avoir avoir NP , NP le NP , le NP DETPOSS NCo ADJ ."
1070,1885_Metenier_La-Chair_N.txt,"Vivante , la présence de la muse incarnée inspire et console ; morte , son souvenir , à jamais fixé dans votre âme , fait naître encore de les chefs-d'œuvre .","NP , le NC de le NCmod ADJ ADJ et ADJ ; PPAS , DETPOSS NC , à ADVTEMPS PPAS dans DETPOSS NC , faire INF encore de le NC ."
1071,1885_Metenier_La-Chair_N.txt,"Moi aussi , j' ai eu ma Muse ; je l' ai cachée à tous les yeux avec un soin jaloux .","soi aussi , je avoir avoir DETPOSS NCo ; je le avoir PPAS à tout le NCCOR avec un NC ADJ ."
1072,1885_Metenier_La-Chair_N.txt,"Aujourd'hui , elle est morte , bien morte , mais d' une mort qui a effacé dans mon cœur même le souvenir de le passé , sur lequel je vivais !","ADVT , il être ADJ , bien PPAS , mais de un NC qui avoir PPAS dans DETPOSS NC même le NCo de le NCmod , sur lequel je PRES !"
1073,1885_Metenier_La-Chair_N.txt,Avec elle s' est envolée l' inspiration .,avec il se être PPAS le NCo .
1074,1885_Metenier_La-Chair_N.txt,"Je n' ai plus désormais ni sujet , ni modèle , je n' ai plus d' Idéal à poursuivre , je brise mes pinceaux !","je ne avoir plus ADV ni NC , ni NC , je ne avoir plus de ADJ à INF , je PRES DETPOSS NCo !"
1075,1885_Metenier_La-Chair_N.txt,"* ** Il y a ving-cinq ans , j' avais votre âge .","* ** il y avoir NUM NCT , je VIMP DETPOSS NCo ."
1076,1885_Metenier_La-Chair_N.txt,"Dans mon cerveau flottait , vague et indécise , l' image adorable d' une femme blonde , à les cheveux d' or , à les yeux bleus .","dans DETPOSS NCCOR VIMP , ADJ et ADJ , le NC ADJ de un NCmod ADJCOL , à le NCCOR de NCmod , à le NCCOR ADJCOL ."
1077,1885_Metenier_La-Chair_N.txt,"Elle veillait auprès de moi , et que de fois , dans mon sommeil , n' ai -je pas senti son haleine douce et embaumée effleurer mes lèvres !","il VIMP ADV de soi , et que de fois , dans DETPOSS NC , ne avoir je pas sentir DETPOSS NCo ADJ et PPAS INF DETPOSS NCCOR !"
1078,1885_Metenier_La-Chair_N.txt,"Mais à le réveil , mon rêve s' évanouissait et , dans d' innombrables ébauches , mon pinceau ne parvenait à représenter que de les formes aussi confuses que celle que j' avais entrevue dans mes songes !","mais à le NC , DETPOSS NCs se VIMP et , dans un ADJ NC , DETPOSS NCs ne VIMP à INF que de le NC aussi ADJ que celui que je avoir VCOG dans DETPOSS NC !"
1079,1885_Metenier_La-Chair_N.txt,"Un soir enfin , rentrant à mon atelier de la rue Dauphine , je traversais le Pont-Neuf .","un NCT PHASE , PPRES à DETPOSS NC de le NCmod NP , je VIMP le NP ."
1080,1885_Metenier_La-Chair_N.txt,"À le ciel scintillaient de les milliers d' étoiles et dans les eaux de le fleuve , éclairées par la lueur blafarde de la lune , je voyais se réfléter les longues lignes de gaz qui flambaient le long de les quais .","à le NC VIMP de le NC de NCmod et dans le NC de le NCmod , PPAS par le NC ADJ de le NCmod , je VCOG se INF le ADJ NCo de NCmod qui VIMP le NCo de le NCmod ."
1081,1885_Metenier_La-Chair_N.txt,"Soudain , et avant que j' aie eu le temps d' intervenir , une femme drapée dans un manteau noir enjamba la balustrade .","soudain , et PHASE que je avoir avoir le temps de INF , un NCs PPAS dans un NC ADJ VPS le NCo ."
1082,1885_Metenier_La-Chair_N.txt,"L' onde s' entr' ouvrit et se referma sur la malheureuse ; sans réfléchir et de le même endroit d' où s' était précipitée la pauvre désespérée , je sautai dans la rivière !","le NCs se ADV VPS et se VPS sur le NC ; sans INF et de le même NC de où se être PPAS le NCs ADJ , je VF dans le NC !"
1083,1885_Metenier_La-Chair_N.txt,Qu' arriva -t -il ?,que VPS t il ?
1084,1885_Metenier_La-Chair_N.txt,"Je n' en sais rien , et mes souvenirs s' arrêtent là .","je ne en VCOG rien , et DETPOSS NCs se PRES ADVLIEU ."
1085,1885_Metenier_La-Chair_N.txt,"L' eau profonde était glacée ; je perdis connaissance et de les mariniers qui se trouvaient là fort heureusement , avertis par le bruit de notre double chute , eurent à opérer un double repêchage .","le NCspas ADJ être VSENT ; je PRES NCo et de le NC qui se VIMP ADVLIEU fort heureusement , PPAS par le NC de DETPOSS ADJ NCmod , avoir à INF un ADJ NCo ."
1086,1885_Metenier_La-Chair_N.txt,"Quand je revins à moi , j' étais dans mon atelier .","quand je PRES à soi , je être dans DETPOSS NC ."
1087,1885_Metenier_La-Chair_N.txt,"Drapée dans une superbe robe écarlate brodée d' or , les cheveux blonds et dénoués retombant sur les épaules , les pieds chaussés de petites mules persanes , qui m' avaient servi , ainsi que la robe , à peindre une reine de Saba quelconque , une jeune fille me regardait , les yeux humides ... et ces yeux étaient bleus !","PPAS dans un ADJ NC ADJ PPAS de NC , le NCCOR ADJCOL et PPAS PPRES sur le NCCOR , le NCCOR PPAS de ADJ NCo ADJ , qui lui avoir PPAS , ainsi que le NC , à INF un NCo de NP ADJ , un ADJ NCs me VCOG , le NCCOR ADJ ... et ce NCCOR être ADJCOL !"
1088,1885_Metenier_La-Chair_N.txt,"Je me levai sur mon séant , car je me retrouvais couché sur mon lit , tandis que l' apparition était nonchalamment étendue sur un sofa , en face d' un bon feu .","je me VF sur DETPOSS NC , car je me VIMP PPAS sur DETPOSS NC , PHASE que le NCspas être ADVMAN PPAS sur un NC , en NC de un ADJ NC ."
1089,1885_Metenier_La-Chair_N.txt,"Je me frottai les yeux , je me tâtai , j' étais bien éveillé !","je me VF le NCCOR , je me VF , je être bien PPAS !"
1090,1885_Metenier_La-Chair_N.txt,"La femme idéale , tant de fois entrevue , si souvent et si ardemment poursuivie , était là , devant moi , en chair et en os !","le NC ADJ , tant de fois PPAS , si ADVTEMPS et si ADVINT PPAS , être ADVLIEU , ADVLIEU soi , en NCCOR et en NC !"
1091,1885_Metenier_La-Chair_N.txt,"Le lendemain , je grattais la reine de Saba ébauchée et j' en composais une autre , mais celle -là bien vivante et bien vraie .","le NC , je VIMP le NCo de NP PPAS et je en PRES un autre , mais celui ADVLIEU bien ADJ et bien vrai ."
1092,1885_Metenier_La-Chair_N.txt,N' était -ce pas elle-même qui posait devant moi ?,ne être ce pas elle-même qui VIMP ADVLIEU soi ?
1093,1885_Metenier_La-Chair_N.txt,"Exposé à la vitrine d' un marchand , mon tableau fut acheté quinze cents francs .","PPAS à le NC de un NCmod , DETPOSS NCspas être PPAS NUM NCo ADJ ."
1094,1885_Metenier_La-Chair_N.txt,C' était le commencement de ma réussite .,ce être le NC de DETPOSS NCmod .
1095,1885_Metenier_La-Chair_N.txt,"Aussi , de quels soins n' entourai -je pas dès lors celle que je n' appelai jamais que mon Idéal !","aussi , de quel NCs ne VF je pas dès lors celui que je ne VF ADVTEMPS que NC ADJ !"
1096,1885_Metenier_La-Chair_N.txt,"J' ai su cependant quelle se nommait Berthe dans la vie privée , mais je n' ai jamais consenti à apprendre d' elle ce qu' elle avait été , ni par suite de quel désespoir elle avait un jour résolu de se donner la mort .","je avoir VCOG cependant quel se VIMP NP dans le NC ADJ , mais je ne avoir ADVTEMPS PPAS à VCOG de il ce que il avoir être , ni par NC de quel NCSENT il avoir un NCT résolu de se INF le NCo ."
1097,1885_Metenier_La-Chair_N.txt,"Encore ce matin , j' étais persuadé que j' avais été chercher à le fond de la Seine , non pas une femme qui se noyait , mais bien la déesse de la peinture , qui avait choisi ce moyen de se jeter dans mes bras .","encore ce NCT , je être PPAS que je avoir être INF à le NC de le NP , non pas un NC qui se VIMP , mais bien le NC de le NCmod , qui avoir PPAS ce NCo de se INF dans DETPOSS NC ."
1098,1885_Metenier_La-Chair_N.txt,"Et cela dura une éternité , plusieurs mois !","et cela VPS un NCo , plusieurs NCT !"
1099,1885_Metenier_La-Chair_N.txt,"Tout me souriait : j' allais de l' avant , hardiment , résolument , comme sûr de moi et je réussissais !","tout me VIMP : je aller de le PHASE , ADVMAN , ADVINT , comme ADV de soi et je PRES !"
1100,1885_Metenier_La-Chair_N.txt,Le concours arriva .,le NCs PRES .
1101,1885_Metenier_La-Chair_N.txt,Nous avions pour sujet : Judith Want Holopherne .,nous avoir pour NC : NP NP NP .
1102,1885_Metenier_La-Chair_N.txt,"Le seul d' entre les concurrents , je peignis une Judith blonde ; mon tableau faillit causer une révolution .","le ADJ de entre le NCmod , je PRES un NP ADJCOL ; DETPOSS NCs PRES INF un NCo ."
1103,1885_Metenier_La-Chair_N.txt,"Je l' avais composé sans hésitation , je n' avais eu qu' à peindre ; une fée invisible dirigeait mon pinceau .","je le avoir PPAS sans NC , je ne avoir avoir que à INF ; un NCs ADJ VIMP DETPOSS NCo ."
1104,1885_Metenier_La-Chair_N.txt,"Les hommes graves qui composaient le jury estimèrent que j' avais fait un chef-d'œuvre et , sans contestation , le prix me fut adjugé .","le NCs ADJ qui VIMP le NCo VSENT que je avoir faire un NCo et , sans NC , le NCspas me être PPAS ."
1105,1885_Metenier_La-Chair_N.txt,"Je n' ai jamais su pourquoi , tant le travail m' avait semblé facile !","je ne avoir ADVTEMPS VCOG pourquoi , tant le NCs lui avoir sembler ADJ !"
1106,1885_Metenier_La-Chair_N.txt,Tous mes amis reconnurent Berthe dans ma farouche héroïne .,tout DETPOSS NCs VCOG NP dans DETPOSS ADJ NC .
1107,1885_Metenier_La-Chair_N.txt,"Et cependant j' avais exécuté mon tableau seul , enfermé dans une loge .","et cependant je avoir PPAS DETPOSS NCo ADJ , PPAS dans un NC ."
1108,1885_Metenier_La-Chair_N.txt,"Ce n' était pas elle que j' avais peinte , c' était mon Idéal qu' elle personnifiait et dont la forme tangible était désormais éternellement gravée dans mon esprit .","ce ne être pas il que je avoir NC , ce être DETPOSS ADJ que il VIMP et dont le NCspas ADJ être ADV ADV PPAS dans DETPOSS NC ."
1109,1885_Metenier_La-Chair_N.txt,Ah !,INTJ !
1110,1885_Metenier_La-Chair_N.txt,pourquoi n' est -elle pas morte à ce moment ?,pourquoi ne être il pas PPAS à ce NC ?
1111,1885_Metenier_La-Chair_N.txt,"Encore aujourd'hui j' aurais présente son image , tandis que ... car elle n' était pas ma maîtresse !","encore ADVT je avoir PRES DETPOSS NCo , PHASE que ... car il ne être pas DETPOSS NC !"
1112,1885_Metenier_La-Chair_N.txt,"Elle était ma fée , mon bon génie , je l' entourais d' une affection égoïste !","il être DETPOSS NC , DETPOSS ADJ NC , je le VCOND de un NCSENT ADJ !"
1113,1885_Metenier_La-Chair_N.txt,Je l' aimais comme Pygmalion eût aimé Galatée vivante !,je le aimais comme NP avoir VSENT NP ADJ !
1114,1885_Metenier_La-Chair_N.txt,"Je l' aimais d' un amour incestueux , comme un père qui aimerait sa fille !","je le aimais de un NCSENT ADJ , comme un NCmod qui VSENT DETPOSS NCo !"
1115,1885_Metenier_La-Chair_N.txt,"Il me semblait que je l' avais créée , qu' elle était sortie de mon front comme Minerve de le cerveau de Jupiter !","il me sembler que je le avoir PPAS , que il être PPAS de DETPOSS NCCOR comme NP de le NCCOR de NP !"
1116,1885_Metenier_La-Chair_N.txt,"Ce n' était pas pour moi une créature humaine , c' était une idée faite femme , un lutin , un démon familier !","ce ne être pas pour soi un NCmod ADJ , ce être un NC faire NCo , un NC , un NC ADJ !"
1117,1885_Metenier_La-Chair_N.txt,Et cela dura jusqu' à mon départ pour Rome .,et cela VPS jusque à DETPOSS NC pour NP .
1118,1885_Metenier_La-Chair_N.txt,La séparation eut lieu sans déchirement .,le NCs avoir NCo sans NCSENT .
1119,1885_Metenier_La-Chair_N.txt,"Je lui dis adieu , je la quittai sans lui demander où elle allait et je partis , emportant son souvenir .","je lui VDIC NCo , je le VF sans lui INF où il aller et je PPAS , PPRES DETPOSS NCo ."
1120,1885_Metenier_La-Chair_N.txt,C' était tout ce qu' il me fallait .,ce être tout ce que il me VIMP .
1121,1885_Metenier_La-Chair_N.txt,Elle m' écrivit .,il lui VPS .
1122,1885_Metenier_La-Chair_N.txt,"Je n' ai jamais ouvert une seule de ses lettres , car la suscription était criblée de fautes d' orthographe .","je ne avoir ADVTEMPS PPAS un ADJ de DETPOSS NCmod , car le NCspas être PPAS de NC de NCmod ."
1123,1885_Metenier_La-Chair_N.txt,"Si j' avais vu la signature de mon génie à le bas de deux pages d' inepties et de barbarismes , j' aurais pu concevoir de les doutés sur son origine céleste , et j' avais besoin de toutes mes illusions .","si je avoir VCOG le NCo de DETPOSS NCmod à le NC de NUM NCmod de NCmod et de NC , je avoir pouvoir VCOG de le NC sur DETPOSS NC ADJ , et je avoir NCo de tout DETPOSS NCmod ."
1124,1885_Metenier_La-Chair_N.txt,Les missives en question me servirent à allumer de les cigarettes .,le NCs en NCmod me VPS à INF de le NC .
1125,1885_Metenier_La-Chair_N.txt,"Depuis , j' ai vécu sur ce souvenir .","depuis , je avoir PPAS sur ce NC ."
1126,1885_Metenier_La-Chair_N.txt,"Parcourez les musées et les galeries ; examinez tous mes tableaux et partout , sous de les aspects différents , dans les sujets les plus divers , vous sentirez un vieux reste de Judith ou de la reine de Saba .","IMP le NCo et le NC ; IMP tout DETPOSS NCo et ADV , sous de le NC ADJ , dans le NC le plus ADJ , vous sentir un ADJ NCo de NP ou de le NC de NP ."
1127,1885_Metenier_La-Chair_N.txt,"Toutes les vierges de Raphaël ont un peu de la Fornarina , et il n' est pas jusqu' à les portraits d' après nature que j' ai exécutés qui ne se ressentent de l' impression profonde que m' a laissée mon Idéal .","tout le NCs de NP avoir un peu de le NP , et il ne être pas jusque à le NC de PHASE NCmod que je avoir PPAS qui ne se VSENT de le NC ADJ que lui avoir laisser DETPOSS NP ."
1128,1885_Metenier_La-Chair_N.txt,"* ** Robert Duret s' arrêta , puis reprit , comme s' armant de courage : — Ce matin , j' allais m' occuper de les préparatifs de le banquet de ce soir , quand , sur un immense panneau cloué à une voilure qui cheminait devant moi , je lus ces mots en lettres rouges d' un demi-pied , sur fond blanc : Ne faites jamais de Punch sans vous servir de le Véritable Rhum de la Jamaïque .","* ** NP NP se VPS , puis VPS , comme se PPRES de NC : — ce NCT , je aller se INF de le NC de le NCmod de ce NCT , quand , sur un ADJ NC PPAS à un NC qui VIMP ADVLIEU soi , je PPAS ce NCo en NC ADJCOL de un NCmod , sur NC ADJCOL : ne faire ADVTEMPS de NP sans vous INF de le véritable NP de le NP ."
1129,1885_Metenier_La-Chair_N.txt,Grande Epicerie Centrale .,ADJ NP ADJ .
1130,1885_Metenier_La-Chair_N.txt,"Maison Bastignoule , 289 , rue de Rivoli .","NP NP , NUM , NC de NP ."
1131,1885_Metenier_La-Chair_N.txt,J' ai payé cher le plaisir de vous offrir un punch de ce Véritable Rhum !,je avoir PPAS ADJ le NCSENT de vous INF un NCo de ce véritable NP !
1132,1885_Metenier_La-Chair_N.txt,"Je me rendis rue de Rivoli , Derrière le comptoir , une femme , dont le triple menton descendait sur un opulent corsage , présidait à la vente ; sur le front , de les bandeaux d' un noir de jais qu' une épaisse couche de graisse collait à les tempes ; à les poignets , d' énormes bracelets de clinquant .","je me PRES NCo de NP , ADVLIEU le NC , un NC , dont le ADJ NCCOR VIMP sur un ADJ NC , VIMP à le NC ; sur le NCCOR , de le NCmod de un NCmod de NCmod que un ADJ NCs de NCmod VIMP à le NCCOR ; à le NCCOR , de ADJ NC de NCmod ."
1133,1885_Metenier_La-Chair_N.txt,"Les doigts , gros et courts , étaient surchargés de bagues .","le NCCOR , ADJ et ADJ , être PPAS de NC ."
1134,1885_Metenier_La-Chair_N.txt,"Après m' être assuré de la provenance de le Rhum merveilleux , je priai la grosse dame de m' en faire parvenir une caisse le soir même , et je donnai mon adresse .","PHASE se être PPAS de le NC de le NP ADJ , je VF le ADJ NC de se en faire INF un NCo le NCT même , et je VF DETPOSS NCo ."
1135,1885_Metenier_La-Chair_N.txt,— Monsieur Robert Duret !,— monsieur NP NP !
1136,1885_Metenier_La-Chair_N.txt,s' écria l' épicière .,se VDIC le NCo .
1137,1885_Metenier_La-Chair_N.txt,Ah !,INTJ !
1138,1885_Metenier_La-Chair_N.txt,mon cœur avait battu à votre entrée !,DETPOSS NCs avoir PPAS à DETPOSS NC !
1139,1885_Metenier_La-Chair_N.txt,Je comprends tout maintenant !,je VCOG tout ADVT !
1140,1885_Metenier_La-Chair_N.txt,C' est vous qui m' avez sauvée !,ce être vous qui se avoir PPAS !
1141,1885_Metenier_La-Chair_N.txt,"C' était Berthe la Blonde , Berthe , mon Idéal !","ce être NP le NP , NP , DETPOSS ADJ !"
1142,1885_Metenier_La-Chair_N.txt,"Je m' enfuis , mais trop tard !","je se PPAS , mais trop tard !"
1143,1885_Metenier_La-Chair_N.txt,"* ** Et maintenant la figure d' antan s' était effacée de mon souvenir , et quand je veux rêver , essayer de revoir encore celte fraîche et blonde image d' autrefois , je ne retrouve plus que le regard terne et le triple menton de la femme à les bandeaux noirs !","* ** et ADVT le NCCOR de NCmod se être PPAS de DETPOSS NC , et quand je vouloir INF , INF de VCOG encore NCo ADJ et ADJCOL NC de ADVT , je ne VSUBP plus que le NCMAN ADJ et le ADJ NCCOR de le NCmod à le NCmod ADJ !"
1144,1885_Metenier_La-Chair_N.txt,Mon Idéal s' est fait épicier !,NP NP se être faire NCo !
1145,1885_Metenier_La-Chair_N.txt,"Vous voyez bien que tout est fini , bien fini !","vous VCOG bien que tout être ADJ , bien ADJ !"
1146,1885_Metenier_La-Chair_N.txt,"PREMIÈRE CONQUÊTE Vous voulez ma confession , madame ?","NP NP vous vouloir DETPOSS NCo , madame ?"
1147,1885_Metenier_La-Chair_N.txt,"Soit , jo vous la ferai , mais si complète , que vous regretterez peut-être de l' avoir provoquée .","être , jo vous le faire , mais si ADJ , que vous VF peut-être de le avoir PPAS ."
1148,1885_Metenier_La-Chair_N.txt,"Je vous raconterai aujourd'hui ma première aventure , dussiez -vous en rougir , et sans vous faire grâce de le moindre détail .","je vous VCOND ADVT DETPOSS ADJ NCo , IMP lui en INF , et sans vous faire NCo de le ADJ NCmod ."
1149,1885_Metenier_La-Chair_N.txt,"Je vous vois sourire , je vous entends vous écrier : — Comment un homme aussi sérieux peut -il avoir eu de les aventures ?","je vous ADJ NCMAN , je vous VCOG vous VDIC : — comment un NCs aussi ADJ pouvoir il avoir avoir de le NC ?"
1150,1885_Metenier_La-Chair_N.txt,"Voilà justement , madame , en quoi vous vous trompez grandement .","voilà ADVMAN , madame , en quoi vous vous PRES ADVINT ."
1151,1885_Metenier_La-Chair_N.txt,"Il est vrai que , si vous aviez pu soupçonner le contraire , vous ne m' eussiez pas demandé de me confesser à vous .","il être vrai que , si vous PRES pouvoir VCOG le NCo , vous ne le IMP pas PPAS de me INF à vous ."
1152,1885_Metenier_La-Chair_N.txt,Eh oui !,INTJ oui !
1153,1885_Metenier_La-Chair_N.txt,"Je n' ai pas toujours été le garçon réfléchi que vous connaissez , j' ai même eu une jeunesse assez orageuse .","je ne avoir pas ADVTEMPS être le NC PPAS que vous PRES , je avoir même avoir un NCo ADV ADJ ."
1154,1885_Metenier_La-Chair_N.txt,Que voulez -vous ?,que vouloir vous ?
1155,1885_Metenier_La-Chair_N.txt,on ne porte pas impunément l' uniforme .,on ne PRES pas ADV le NCo .
1156,1885_Metenier_La-Chair_N.txt,"J' avais dix-neuf ans dans ce temps -là , et je venais d' être promu à le grade de brigadier-fourrier , dans le régiment d' artillerie où je servais .","je avoir NUM NCT dans ce temps ADVLIEU , et je VIMP de être PPAS à le NC de NCmod , dans le NC de NCmod où je VIMP ."
1157,1885_Metenier_La-Chair_N.txt,"J' étais devenu d' une fierté insupportable , d' une vanité et d' un orgueil dont vous ne pouvez vous faire une idée .","je être devenir de un NCSENT ADJ , de un NC et de un NCSENT dont vous ne pouvoir vous faire un NCo ."
1158,1885_Metenier_La-Chair_N.txt,Pensez donc !,VCOG donc !
1159,1885_Metenier_La-Chair_N.txt,"à mon âge , sous-officier , et dans une arme savante !","à DETPOSS NC , NC , et dans un NC ADJ !"
1160,1885_Metenier_La-Chair_N.txt,"Bref , je ne voyais rien à le monde de plus admirable que les deux galons rouges , surmontés d' une baguette d' or , qui ornaient ma manche , et je vivais dans l' intime conviction que mes éperons nickelés , mon dolman de fantaisie et mon pantalon collant produisaient toujours sur mon passage une profonde sensation .","INTJ , je ne VCOG rien à le NC de plus ADJ que le NUM NC ADJCOL , PPAS de un NC de NCmod , qui VIMP DETPOSS NCo , et je VIMP dans le ADJ NC que DETPOSS NCs PPAS , DETPOSS NC de NCmod et DETPOSS NC ADJ VIMP ADVTEMPS sur DETPOSS NC un ADJ NCSENT ."
1161,1885_Metenier_La-Chair_N.txt,"De le jour où j' eus l' idée de fixer , sous mon arcade sourcilière gauche , un petit morceau de verre , dont je n' avais nul besoin , je me crus positivement invincible .","de le NCT où je avoir le NCo de INF , sous DETPOSS NCmod ADJ ADJ , un ADJ NC de NCmod , dont je ne avoir nul NCo , je me PPAS ADVINT ADJ ."
1162,1885_Metenier_La-Chair_N.txt,"Malheureusement je n' eus pas le temps de mettre à l' épreuve ma puissance de séduction , car , aussitôt après ma nomination , mon régiment dut partir pour les grandes manœuvres J' en éprouvai un peu de déplaisir .","malheureusement je ne avoir pas le temps de mettre à le NC DETPOSS NCo de NCSENT , car , aussitôt PHASE DETPOSS NC , DETPOSS NCs devoir INF pour le ADJ NC je en VF un peu de INF ."
1163,1885_Metenier_La-Chair_N.txt,"Quelles conquêtes peut -on faire dans ces campagnes , où l' on rencontre seulement quelques petites filles bien sottes , et bien niaises qu' entortille !","quel NCs pouvoir on faire dans ce NC , où l' on PRES seulement quelque ADJ NCo bien ADJ , et bien ADJ que PRES !"
1164,1885_Metenier_La-Chair_N.txt,e moindre compliment ?,e ADJ NC ?
1165,1885_Metenier_La-Chair_N.txt,Fi donc !,PPAS donc !
1166,1885_Metenier_La-Chair_N.txt,"A vaincre sans péril , on triomphe sans gloire !","à INF sans NC , on PRES sans NC !"
1167,1885_Metenier_La-Chair_N.txt,"Mais enfin , vous connaissez le proverbe : Faute de grives on mange de les merles !","mais PHASE , vous PRES le NCo : ADV de NC on PRES de le NC !"
1168,1885_Metenier_La-Chair_N.txt,Je décidai donc que je daignerais mettre à profit toutes les occasions que le hasard voudrait bien me fournir .,je VF donc que je VCOND mettre à NC tout le NC que le NCs vouloir bien me INF .
1169,1885_Metenier_La-Chair_N.txt,Hélas !,NP !
1170,1885_Metenier_La-Chair_N.txt,"dès la première étape , je devais être bien cruellement désabusé !","dès le ADJ NC , je devoir être bien ADVMAN VSENT !"
1171,1885_Metenier_La-Chair_N.txt,* ** C' était le 17 septembre 1870 ( je m' en souviens comme si l' histoire datait d' hier .,* ** ce être le NUM MOIS NUM ( je se en PRES comme si le NCs VIMP de ADV .
1172,1885_Metenier_La-Chair_N.txt,") La colonne d' avant-garde , composée d' un capitaine et de les fourriers , venait d' arriver à Brie-Comte-Robert .",") le NCs de NCmod , PPAS de un NC et de le NC , venir de INF à NP ."
1173,1885_Metenier_La-Chair_N.txt,"Nous avions gaillardement franchi à le grand trot les trente kilomètres qui séparent cette petite ville de celle de Vincennes , et huit heures n' étaient pas encore sonnées à la grande horloge de l' église , que déjà nous avions jeté les brides de nos chevaux à les plantons qui nous accompagnaient .","nous avoir ADVMAN PPAS à le ADJ NC le NUM NCo qui PRES ce ADJ NCo de celui de NP , et NUM NCT ne être pas encore PPAS à le ADJ NC de le NCmod , que déjà nous avoir PPAS le NCo de DETPOSS NCmod à le NC qui nous VIMP ."
1174,1885_Metenier_La-Chair_N.txt,"J' entrai à la mairie avec mes collègues , et je reçus les billets de logement nécessaires à ma batterie , puis , en bon fourrier et encore tout poudreux , je me disposai à visiter les locaux que la municipalité affectait à chacun de mes trois officiers .","je VF à le NC avec DETPOSS NCmod , et je PPAS le NCo de NCmod ADJ à DETPOSS NC , puis , en ADJ NC et encore tout ADJ , je me VF à INF le NCo que le NCs VSENT à chacun de DETPOSS NUM NCmod ."
1175,1885_Metenier_La-Chair_N.txt,"Mon capitaine était logé chez un commandant en retraite ; mon lieutenant en premier chez un médecin ; mon lieutenant en second à l' hôtel de les Trois-Mages , et j' étais en face de l' hôtel en question , J' entrai , et je demandai à voir la chambre que devait occuper mon supérieur .","DETPOSS NCs être PPAS chez un NC en NCmod ; DETPOSS NC en ADJ chez un NCmod ; DETPOSS NCs en PRES à le NC de le NP , et je être en NC de le NC en NCmod , je VF , et je VF à VCOG le NCo que devoir INF DETPOSS NCo ."
1176,1885_Metenier_La-Chair_N.txt,"— Rose , conduis monsieur à la chambre 3 !","— ADJCOL , PPAS monsieur à le NC NUM !"
1177,1885_Metenier_La-Chair_N.txt,"Et ce fut en souriant , qu' une jeune fille accorte et gentille , accourant à l' appel de le maître , me pria de la suivre .","et ce être en NC , que un ADJ NCs ADJ et NC , PPRES à le NC de le NCmod , me VPS de le INF ."
1178,1885_Metenier_La-Chair_N.txt,"Je m' engageai derrière elle dans un escalier tournant , et , durant cette courte ascension de le premier étage de la maison , tout un monde de pensées traversa mon cerveau .","je se VF ADVLIEU il dans un NC ADJ , et , durant ce ADJ NC de le ADJ NCmod de le NCmod , tout un NCmod de NCmod VPS DETPOSS NCCOR ."
1179,1885_Metenier_La-Chair_N.txt,La première partie de mon rêve se réalisait ; une occasion se présentait .,le ADJ NCs de DETPOSS NCmod se VCOG ; un NCs se VIMP .
1180,1885_Metenier_La-Chair_N.txt,Pouvais -je la laisser échapper ?,pouvoir je le laisser INF ?
1181,1885_Metenier_La-Chair_N.txt,"Non , évidemment .","non , ADV ."
1182,1885_Metenier_La-Chair_N.txt,"Mais malgré la confiance que j' avais en moi-même , j' éprouvais une sorte d' effroi .","mais malgré le NC que je avoir en soi-même , je VIMP un sorte de NCmod ."
1183,1885_Metenier_La-Chair_N.txt,Si j' allais ne pas oser !,si je aller ne pas INF !
1184,1885_Metenier_La-Chair_N.txt,"Mon cœur battait à tout rompre dans ma poitrine ... Je tremblais presque ... Enfin , à le moment où Rose fit tourner la clef dans la serrure , une réaction s' opéra ; mon parti était pris .","DETPOSS NCs VIMP à tout INF dans DETPOSS NC ... je VIMP presque ... PHASE , à le NC où ADJCOL faire INF le NC dans le NCmod , un NCs se VF ; DETPOSS NCspas être PPAS ."
1185,1885_Metenier_La-Chair_N.txt,Je répétai dans mon for intérieur le mot fameux de Danton : « De l' audace !,"je VF dans DETPOSS NC ADJ le NCo ADJ de NP : "" de le NC !"
1186,1885_Metenier_La-Chair_N.txt,encore de l' audace !,encore de le NCmod !
1187,1885_Metenier_La-Chair_N.txt,toujours de l' audace !,ADVTEMPS de le NC !
1188,1885_Metenier_La-Chair_N.txt,» Je crus le moment venu d' incruster mon monocle dans mon œil gauche et j' examinai la chambre que je déclarai convenable .,""" je PPAS le NCo venir de INF DETPOSS NCo dans DETPOSS NC ADJ et je VF le NCo que je VF ADJ ."
1189,1885_Metenier_La-Chair_N.txt,"— Voyez le bon lit , monsieur , me disait Rose ; trois matelas et un sommier !","— IMP le ADJ NCo , monsieur , me VDIC NP ; NUM NC et un NC !"
1190,1885_Metenier_La-Chair_N.txt,Vous serez couché comme un prince !,vous être PPAS comme un NC !
1191,1885_Metenier_La-Chair_N.txt,ajouta -t -elle en tapant de sa petite main blanche et potelée sur un large oreiller .,VPS t il en PPRES de DETPOSS ADJ NCCOR ADJCOL et PPAS sur un ADJ NC .
1192,1885_Metenier_La-Chair_N.txt,— Hélas !,— NP !
1193,1885_Metenier_La-Chair_N.txt,je n' aurai pas le bonheur de coucher là !,je ne avoir pas le NCSENT de INF ADVLIEU !
1194,1885_Metenier_La-Chair_N.txt,"Cette chambre , est destinée à mon lieutenant .","ce NCs , être PPAS à DETPOSS NC ."
1195,1885_Metenier_La-Chair_N.txt,"— Et vous , où logez -vous donc !","— et vous , où PRES vous donc !"
1196,1885_Metenier_La-Chair_N.txt,"— Moi , chez un M. Desvarennes , épicier .","— soi , chez un monsieur NP , NC ."
1197,1885_Metenier_La-Chair_N.txt,— Oh !,— INTJ !
1198,1885_Metenier_La-Chair_N.txt,"vous serez bien , c' est un brave homme et pas regardant , surtout .","vous être bien , ce être un ADJ NC et pas VCOG , surtout ."
1199,1885_Metenier_La-Chair_N.txt,— J' aimerais mieux être ici ; j' aurais à le moins le plaisir de vous voir plus longtemps .,— je VSENT mieux être ADVLIEU ; je avoir à le moins le NCSENT de vous VCOG plus longtemps .
1200,1885_Metenier_La-Chair_N.txt,— En seriez -vous plus avancé ?,— en être vous plus ADJ ?
1201,1885_Metenier_La-Chair_N.txt,"Si vous tenez tant à me voir , venez dîner ce soir ici ; je sers à table ; la cloche sonne à six heures précises , je vous préviens .","si vous PRES tant à me VCOG , venir INF ce NCT ADVLIEU ; je ADJ à NC ; le NCs PRES à NUM NCT ADJ , je vous PRES ."
1202,1885_Metenier_La-Chair_N.txt,"— Pour ça , je vous le promets !","— pour ça , je vous le NC !"
1203,1885_Metenier_La-Chair_N.txt,J' amènerai même quelques amis avec moi .,je VF même quelque NCo avec soi .
1204,1885_Metenier_La-Chair_N.txt,— Entendu .,— NP .
1205,1885_Metenier_La-Chair_N.txt,"J' aime les militaires , ils sont gais et bons enfants , et dam !","je VSENT le NCo , il être ADJ et ADJ NC , et NC !"
1206,1885_Metenier_La-Chair_N.txt,"moi , je suis jeune , et j' adore la gaîté .","soi , je être ADJ , et je VSENT le NCSENT ."
1207,1885_Metenier_La-Chair_N.txt,"Pensez donc , on ne voit ici , toute l' année , que de les vieux , ou bien de les commis voyageurs !","VCOG donc , on ne VCOG ADVLIEU , tout le NCT , que de le NC , ou bien de le NC NC !"
1208,1885_Metenier_La-Chair_N.txt,Et Rose lit une petite moue significative .,et ADJCOL PRES un ADJ NCo ADJ .
1209,1885_Metenier_La-Chair_N.txt,— Vous allez avoir bien de la besogne aujourd'hui ?,— vous aller avoir bien de le NC ADVT ?
1210,1885_Metenier_La-Chair_N.txt,— Oh !,— INTJ !
1211,1885_Metenier_La-Chair_N.txt,comme tous les jours .,comme tout le NCT .
1212,1885_Metenier_La-Chair_N.txt,Jamais je ne vais dormir avant minuit .,ADVTEMPS je ne aller INF PHASE NC .
1213,1885_Metenier_La-Chair_N.txt,"A propos , tâchez de dire à votre lieutenant , de ne pas faire trop de bruit cette nuit ; je couche à côté et la cloison est si mince !","à NC , IMP de VDIC à DETPOSS NC , de ne pas faire trop de NC ce NCT ; je PRES à NC et le NCs être si ADJ !"
1214,1885_Metenier_La-Chair_N.txt,... — Vous n' aurez pas peur ?,... — vous ne avoir pas NCSENT ?
1215,1885_Metenier_La-Chair_N.txt,— De quoi ?,— de quoi ?
1216,1885_Metenier_La-Chair_N.txt,— Dam !,— NP !
1217,1885_Metenier_La-Chair_N.txt,s' il allait se tromper 110 porte .,si il aller se INF NUM NCo .
1218,1885_Metenier_La-Chair_N.txt,— Oh !,— INTJ !
1219,1885_Metenier_La-Chair_N.txt,"il n' y a pas de danger , et puis ... — Rose !","il ne y avoir pas un NCo , et puis ... — ADJCOL !"
1220,1885_Metenier_La-Chair_N.txt,Rose !,ADJCOL !
1221,1885_Metenier_La-Chair_N.txt,criait en bas la voix de le maître de l' hôtel .,VDIC en NC le NCMAN de le NCmod de le NCmod .
1222,1885_Metenier_La-Chair_N.txt,Ah !,INTJ !
1223,1885_Metenier_La-Chair_N.txt,"ça , que fais -tu donc là-haut ?","ça , que faire il donc ADVLIEU ?"
1224,1885_Metenier_La-Chair_N.txt,"On a besoin de toi ici ... Comme vous avez pu le remarquer , madame , ce que je redoutais était arrivé , ma timidité avait repris le dessus , et je n' étais encore arrivé à aucun sérieux résultat ; mais à l' appel subit de l' hôtelier , je me plaçai résolument en travers de la porte , et à le moment où Rose passa , je la saisis à le vol , et je cueillis deux retentissants baisers sur deux joues veloutées comme une pêche .","on avoir NC de soi ADVLIEU ... comme vous avoir pouvoir le INF , madame , ce que je VSENT être PPAS , DETPOSS NCSENT avoir PPAS le NCo , et je ne être encore PPAS à aucun ADJ NC ; mais à le NC PPAS de le NC , je me VF ADVINT en travers de le NC , et à le NC où ADJCOL VPS , je le NC à le NCmod , et je PRES NUM ADJ NCo sur NUM NCCOR PPAS comme un NC ."
1225,1885_Metenier_La-Chair_N.txt,— Méchant !,— NP !
1226,1885_Metenier_La-Chair_N.txt,voulez -vous bien finir !,vouloir vous bien VASP !
1227,1885_Metenier_La-Chair_N.txt,puis elle reprit sa course .,puis il VPS DETPOSS NCo .
1228,1885_Metenier_La-Chair_N.txt,"— Tenez , voyez -vous , me cria -t -elle , c' est là que je demeure !","— NP , IMP vous , me VDIC t il , ce être ADVLIEU que je VSUBP !"
1229,1885_Metenier_La-Chair_N.txt,De le dos de sa clef elle frappa sur la porte n° 4 et s' engouffra dans l' escalier .,de le NCCOR de DETPOSS NCmod il frapper sur le NC ° NUM et se VPS dans le NC .
1230,1885_Metenier_La-Chair_N.txt,Je sortis tout pensif .,je PPAS tout ADJ .
1231,1885_Metenier_La-Chair_N.txt,"Ou Rose était une enfant absolument naïve , ou c' était déjà une fille pervertie , car comment expliquer autrement ses dernières paroles ?","ou ADJCOL être un NC ADVINT ADJ , ou ce être déjà un NC PPAS , car comment VDIC ADVINT DETPOSS ADJ NCo ?"
1232,1885_Metenier_La-Chair_N.txt,"Tout bien pesé , j' adoptai la première hypothèse .","tout bien PPAS , je PRES le ADJ NCo ."
1233,1885_Metenier_La-Chair_N.txt,C' était bien de la candeur qu' on lisait dans les deux grands yeux noirs et limpides qu' elle fixait sur vous .,ce être bien de le NC que on VIMP dans le NUM ADJ NCCOR ADJ et ADJ que il VIMP sur vous .
1234,1885_Metenier_La-Chair_N.txt,Je résolus cependant de mettre à profit son indication et je dressai mon plan de campagne .,je VCOG cependant de mettre à NC DETPOSS NCo et je VF DETPOSS NCo de NCmod .
1235,1885_Metenier_La-Chair_N.txt,"J' attendrais minuit , puis , ma foi , à la grâce de Dieu ... * ** Vers onze heures , le régiment fit son entrée dans la ville .","je VCOND NCo , puis , DETPOSS NC , à le NCmod de NP ... * ** vers NUM NCT , le NCs faire DETPOSS NCo dans le NCmod ."
1236,1885_Metenier_La-Chair_N.txt,"Je remis son billet à le lieutenant en second , puis , à six heures de le soir , j' arrivais à l' hôtel de les Trois-Mages , suivi de quelques -uns de mes collègues , que je n' étais pas fâché de faire assister à mon triomphe .","je PPAS DETPOSS NCo à le NC en NCmod , puis , à NUM NCT de le NCT , je VIMP à le NC de le NP , PPAS de quelque NC de DETPOSS NCmod , que je ne être pas VSENT de faire INF à DETPOSS NC ."
1237,1885_Metenier_La-Chair_N.txt,"Rose nous accueillit en souriant , et nous plaça à part dans une petite salle .","ADJCOL nous VPS en PPRES , et nous VPS à NC dans un ADJ NC ."
1238,1885_Metenier_La-Chair_N.txt,"Quand la Un de le repas arriva , j' avais abandonné la première hypothèse , et je m' étais réfugié dans la seconde ; sous l' influence de quelques verres d' un Vouvray un peu trop capiteux , j' avais agi devant mes camarades comme en pays conquis ... Et on m' avait laissé faire !","quand le NP de le NCmod VPS , je avoir PPAS le ADJ NCo , et je lui être PPAS dans le NCT ; sous le NC de quelque NCmod de un NP un peu trop ADJ , je avoir PPAS ADVLIEU DETPOSS NC comme en NCmod VSENT ... et on lui avoir laisser faire !"
1239,1885_Metenier_La-Chair_N.txt,"Le succès n' était pas douteux Je reconduisis mes amis à leurs domiciles respectifs et , vers minuit , je revins à l' hôtel .","le NCs ne être pas ADJ je PPAS DETPOSS NCo à DETPOSS NCmod ADJ et , vers NC , je PRES à le NC ."
1240,1885_Metenier_La-Chair_N.txt,"Caché dans la grande cour , à le fond d' une encoignure , je vis s' éteindre successivement toutes les lumières , et , quand tout fut plongé dans l' obscurité la plus complète , je cherchai l' escalier à tâtons ... Arrivé à le premier étage , je suivis le mur de le corridor , et je comptai les portes : un , deux , trois , quatre .","PPAS dans le ADJ NC , à le NCmod de un NCmod , je VCOG se INF ADV tout le NCo , et , quand tout être PPAS dans le NC le plus ADJ , je VF le NCo à NCmod ... PPAS à le ADJ NC , je PPAS le NCo de le NCmod , et je VF le NCo : NUM , NUM , NUM , NUM ."
1241,1885_Metenier_La-Chair_N.txt,C' était là !,ce être ADVLIEU !
1242,1885_Metenier_La-Chair_N.txt,Devais -je frapper ?,devoir je frapper ?
1243,1885_Metenier_La-Chair_N.txt,"C' était plus poli , assurément .","ce être plus ADJ , ADVINT ."
1244,1885_Metenier_La-Chair_N.txt,"Et , ma foi , c' était aussi plus sur !","et , DETPOSS NC , ce être aussi plus sur !"
1245,1885_Metenier_La-Chair_N.txt,Une entrée brusque pouvait effrayer et je tenais à ne faire aucun scandale .,un NCs ADJ pouvoir VSENT et je VIMP à ne faire aucun NCo .
1246,1885_Metenier_La-Chair_N.txt,"En conséquence , je heurtai doucement la porte .","en NC , je VF ADVMAN le NCo ."
1247,1885_Metenier_La-Chair_N.txt,— Qui est là ?,— qui être ADVLIEU ?
1248,1885_Metenier_La-Chair_N.txt,"fit une grosse voix , que je reconnus aussitôt pour la voix de mon lieutenant , Je m' arrêtai tout effrayé .","faire un ADJ NCMAN , que je VCOG aussitôt pour le NCMAN de DETPOSS NCmod , je le PRES tout NCo ."
1249,1885_Metenier_La-Chair_N.txt,Je m' étais trompé .,je se être PPAS .
1250,1885_Metenier_La-Chair_N.txt,J' avais pourtant bien compté ; il était clair cependant que je n' étais qu' à le n° 3 .,je avoir pourtant bien PPAS ; il être ADJ cependant que je ne être que à le ° NUM .
1251,1885_Metenier_La-Chair_N.txt,"Le bruit qu' il avait entendu no se renouvelant pas , et sa question restant sans réponse , mon supérieur crat sans doute qu' il avait été le jouet d' une illusion , car il ne se leva heureusement pas pour en vérifier la cause , Je continuai mes investigations , et , arrivant à la porte voisine , je la trouvai entr' ouverte !","le NC que il avoir VCOG no se PPRES pas , et DETPOSS NC PPRES sans NC , DETPOSS ADJ NC sans NCSENT que il avoir être le NC de un NCmod , car il ne se VPS heureusement pas pour en INF le NCo , je VF DETPOSS NCo , et , PPRES à le NC ADJ , je le VF entr' NC !"
1252,1885_Metenier_La-Chair_N.txt,Rose m' attendait .,ADJCOL lui VIMP .
1253,1885_Metenier_La-Chair_N.txt,"Une fois à le cœur de la place , je m' orientai ; le lit devait être à gauche Je le découvris bientôt , mais , déception amère !","un fois à le NCmod de le NCmod , je se VF ; le NCs devoir être à NC je le PPAS bientôt , mais , NCSENT ADJ !"
1254,1885_Metenier_La-Chair_N.txt,il était vide .,il être ADJ .
1255,1885_Metenier_La-Chair_N.txt,La fraîcheur de les draps m' attestait cependant que personne encore ne s' y était couché .,le NCs de le NCmod lui VIMP cependant que NCspas encore ne se y être PPAS .
1256,1885_Metenier_La-Chair_N.txt,"Rose était retenue probablement , à la cuisine en raison de le surcroit de travail , elle ne tarderait sans doute pas à rentrer ... Je pris mon parti en brave , je me déshabillai vivement et je me glissai sous les couvertures .","ADJCOL être PPAS ADVINT , à le NC en NC de le NC de NCmod , il ne VCOND sans NCSENT pas à INF ... je PPAS DETPOSS NCo en NCmod , je me VF ADVINT et je me VF sous le NC ."
1257,1885_Metenier_La-Chair_N.txt,"J' attendis longtemps ... Enfin , quelqu'un entra ... Dans l' obscurité de la chambre , je distinguai une forme que je reconnus , quoiqu' elle fût indécise et confuse .","je PRES longtemps ... PHASE , quelqu'un VPS ... dans le NC de le NCmod , je VF un NCo que je VCOG , quoique il être ADJ et ADJ ."
1258,1885_Metenier_La-Chair_N.txt,C' était bien elle !,ce être bien il !
1259,1885_Metenier_La-Chair_N.txt,"Je me dressai sur mon séant , je tendis les bras .","je me VF sur DETPOSS NC , je PRES le NCCOR ."
1260,1885_Metenier_La-Chair_N.txt,"— Ah , ça , que diable faites -vous ici , fourrier ?","— INTJ , ça , que ADJ faire lui ADVLIEU , NC ?"
1261,1885_Metenier_La-Chair_N.txt,"Je me réveillai en sursaut , il faisait grand jour !","je me VF en NC , il faire ADJ NCT !"
1262,1885_Metenier_La-Chair_N.txt,"Devant moi , mon lieutenant en chemise , ses bottes à la main , me regardait d' un air stupéfait Sur une chaise , je reconnus son dolman et son képi ..... J' avais couché dans son lit !","ADVLIEU soi , DETPOSS NCs en NCmod , DETPOSS NC à le NCCOR , me VCOG de un NCMAN ADJ sur un NCmod , je VCOG DETPOSS NCo et DETPOSS NC ..... je avoir PPAS dans DETPOSS NC !"
1263,1885_Metenier_La-Chair_N.txt,Quant à lui ..... il rentrait !,quant à lui ..... il VIMP !
1264,1885_Metenier_La-Chair_N.txt,"M' habiller , descendre quatre à quatre l' escalier , poursuivi par le formidable éclat de rire que ne put s' empêcher de pousser mon bienheureux rival , quand il fut revenu de sa première surprise , courir à mon véritable logement , où m' attendait mon planton et mon cheval , sauter en selle , — tout cela fut l' affaire d' un instant .","le INF , INF NUM à NUM le NCo , PPAS par le ADJ NC de INF que ne pouvoir se INF de INF DETPOSS ADJ NCo , quand il être PPAS de DETPOSS ADJ NCSENT , INF à DETPOSS véritable NC , où se VIMP DETPOSS NCo et DETPOSS NC , INF en NC , — tout cela être le NCo de un NCmod ."
1265,1885_Metenier_La-Chair_N.txt,"— Adjudant Lampadoux , cria le capitaine de jour , vous porterez quatre jours de salle de police à le fourrier de la 4e batterie pour long retard à le rassemblement .","— NP NP , VDIC le NCo de NCT , vous VF NUM NCT de NCmod de NCmod à le NC de le ADJ NCmod pour ADJ NC à le NCmod ."
1266,1885_Metenier_La-Chair_N.txt,Voilà une demi-heure que nous posons pour lui .,voilà un NCo que nous PRES pour lui .
1267,1885_Metenier_La-Chair_N.txt,Par quatre !,par NUM !
1268,1885_Metenier_La-Chair_N.txt,... Marche !,... NC !
1269,1885_Metenier_La-Chair_N.txt,"... LA PERLE DE CHATEAUVIEUX Il faisait grand jour , mais les persiennes fermées tamisaient les rayons déjà ardents de le soleil .","... NP NP NP NP il faire ADJ NCT , mais le NCs ADJ VIMP le NCo déjà ADJ de le NCmod ."
1270,1885_Metenier_La-Chair_N.txt,Edouard s' éveilla .,NP se VPS .
1271,1885_Metenier_La-Chair_N.txt,"Alors , les yeux demi-clos , s' habituant peu à peu à le clair-obscur qui régnait dans la chambre , et encore tout engourdi dans la molle tiédeur de son lit , l' esprit calme et reposé , il se prit à songer et à sourire .","alors , le NCCOR NC , se PPRES peu à peu à le NC qui VIMP dans le NC , et encore tout PPAS dans le ADJ NC de DETPOSS NCmod , le NC NCSENT et PPAS , il se VPS à INF et à INF ."
1272,1885_Metenier_La-Chair_N.txt,"Depuis le matin , ses collègues marchaient à travers Paris , à la tête de leurs batteries , se rendant à Longchamps pour la plus grande joie de les badauds parisiens .","depuis le NCT , DETPOSS NCs VIMP à travers NP , à le NCCOR de DETPOSS NCmod , se PPRES à NP pour le plus ADJ NCSENT de le NCmod ADJ ."
1273,1885_Metenier_La-Chair_N.txt,Lui !,il !
1274,1885_Metenier_La-Chair_N.txt,un furoncle providentiel l' avait préservé de l' abominable corvée .,un NCs ADJ le avoir PPAS de le NC PPAS .
1275,1885_Metenier_La-Chair_N.txt,"Aussi , comme il en profitait et quelle grasse matinée !","aussi , comme il en VIMP et quel NC ADJ !"
1276,1885_Metenier_La-Chair_N.txt,"Il s' adressait de le fond de le cœur les compliments les plus sincères , quand ses yeux tombèrent sur sa table de nuit .","il se VIMP de le NC de le NCmod le NC le plus ADJ , quand DETPOSS NCCOR VPS sur DETPOSS NC de NCT ."
1277,1885_Metenier_La-Chair_N.txt,"Une enveloppe où couraient de fines pattes de mouche révélant l' origine féminine de le poulet , avait été apportée là pendant son sommeil , par l' ordonnance sans doute , et de le papier moiré s' élevait un subtil et pénétrant parfum .","un NCspas où VIMP un ADJ NCs de NCmod PPRES le NCo ADJ de le NCmod , avoir être PPAS ADVLIEU PHASE DETPOSS NC , par le NC sans NCSENT , et de le NC PPAS se VIMP un NCs et PPRES NCo ."
1278,1885_Metenier_La-Chair_N.txt,Édouard rompit le cachet : 13 juillet 1882 .,NP VPS le NCo : NUM MOIS NUM .
1279,1885_Metenier_La-Chair_N.txt,"« Vous souvient -il , monsieur , de votre passage à Châteauvieux , à le mois de septembre de l' an passé ?",""" vous PRES il , monsieur , de DETPOSS NCmod à NP , à le NCT de MOIS de le NCT PPAS ?"
1280,1885_Metenier_La-Chair_N.txt,J' ai gardé un doux souvenir de les instants agréables que vous nous files passer .,je avoir PPAS un ADJ NCo de le NCmod ADJ que vous nous ADJ INF .
1281,1885_Metenier_La-Chair_N.txt,"Je me souviens aussi de certaines promesses , réciproques de le reste , à le cas où nous viendrions pour quelques jours à Paris , mon mari ou moi .","je me PRES aussi de certain NC , NC de le NCmod , à le NCmod où nous VIMP pour quelque NCT à NP , DETPOSS NC ou soi ."
1282,1885_Metenier_La-Chair_N.txt,"Si vous ne les avez pas oubliées et si vous avez toujours l' intention de faire honneur à vos engagements , je me permettrai de réclamer pour demain aide et protection .","si vous ne le avoir pas VCOG et si vous avoir ADVTEMPS le NCo de faire NCSENT à DETPOSS NCmod , je me VF de INF pour ADVT NC et NC ."
1283,1885_Metenier_La-Chair_N.txt,"Votre amie , BERTHE DESTRIEUX .","DETPOSS NC , NP NP ."
1284,1885_Metenier_La-Chair_N.txt,"» Hôtel de les Etrangers , faubourg Saint-Denis .",""" NC de le NP , NC NP ."
1285,1885_Metenier_La-Chair_N.txt,— François !,— NP !
1286,1885_Metenier_La-Chair_N.txt,mon dolman !,DETPOSS NC !
1287,1885_Metenier_La-Chair_N.txt,mon pantalon !,DETPOSS NC !
1288,1885_Metenier_La-Chair_N.txt,mon képi !,DETPOSS NC !
1289,1885_Metenier_La-Chair_N.txt,"Allons , paresseux , de le leste !","NP , NC , de le NC !"
1290,1885_Metenier_La-Chair_N.txt,"Et tandis que , tout ahuri , le pauvre François s' empressait d' obéir , s' étonnant , à juste titre , d' un excès de courage à lequel son lieutenant ne l' avait guère habitué , Édouard repassait dans sa mémoire les aventures qui avaient marqué son passage à Châteauvieux .","et PHASE que , tout NC , le ADJ NP se VIMP de INF , se VSENT , à ADJ NC , de un NC de NCmod à lequel DETPOSS NCs ne le avoir guère PPAS , NP VIMP dans DETPOSS NC le NCo qui avoir PPAS DETPOSS NCo à NP ."
1291,1885_Metenier_La-Chair_N.txt,"Les souvenirs qu' il évoquait étaient sans doute bien agréables ; car un sourire plissait sa lèvre et sa main tourmentait sa moustache , ce qui était chez lui l' indice d' une grande satisfaction .","le NCs que il VIMP être sans NCSENT bien ADJ ; car un NCMAN VIMP DETPOSS NCCOR et DETPOSS NCCOR VIMP DETPOSS NCCOR , ce qui être chez lui le NCo de un ADJ NCSENT ."
1292,1885_Metenier_La-Chair_N.txt,"Le régiment avait fait son entrée dans la petite ville , un jour qu' il pleuvait à torrents .","le NCs avoir faire DETPOSS NCo dans le ADJ NCmod , un NCT que il VIMP à NC ."
1293,1885_Metenier_La-Chair_N.txt,"Aussi , en descendant de cheval , le premier soin d' Édouard avait -il été de s' enquérir de son logement .","aussi , en PPRES de NC , le ADJ NCs de NP avoir il être de se INF de DETPOSS NC ."
1294,1885_Metenier_La-Chair_N.txt,"« M. Destrieux , horloger , rue de le Marché » , disait le billet .",""" monsieur ADJ , NC , NC de le NCmod "" , VDIC le NCo ."
1295,1885_Metenier_La-Chair_N.txt,"— Diable , mon lieutenant !","— ADJ , DETPOSS NC !"
1296,1885_Metenier_La-Chair_N.txt,"avait répondu l' aubergiste à lequel il s' était adressé , vous avez la main heureuse !","avoir VDIC le NCo à lequel il se être PPAS , vous avoir le NCCOR ADJ !"
1297,1885_Metenier_La-Chair_N.txt,"Et sans vouloir en dire davantage , il avait obligeamment indiqué la rue de le Marché et la maison de l' horloger .","et sans vouloir en VDIC davantage , il avoir ADV PPAS le NCo de le NP et le NC de le NCmod ."
1298,1885_Metenier_La-Chair_N.txt,"M. Destrieux paraissait âge d' une quarantaine d' années , quoiqu' il fût , en réalité , de dix ans plus jeune .","monsieur ADJ paraître NCo de un NUM de NCT , quoique il être , en NC , de NUM NCT plus ADJ ."
1299,1885_Metenier_La-Chair_N.txt,La nature n' avait pas été prodigue pour l' horloger de Château vieux .,le NCs ne avoir pas être ADJ pour le NC de NCmod ADJ .
1300,1885_Metenier_La-Chair_N.txt,"Édouard savait qu' une longue cohabitation a souvent sur deux époux une influence morale et physique ; de plus , il avait foi dans le vieil adage : Qui se ressemble , s' assemble !","NP VCOG que un ADJ NCs avoir ADVTEMPS sur NUM NC un NC ADJ et ADJ ; de plus , il avoir NCo dans le ADJ NC : qui se PRES , se PRES !"
1301,1885_Metenier_La-Chair_N.txt,"Aussi , en examinant ce dos courbé par le travail , ces jambes cagneuses , ce front bas commençant à se dégarnir , ces yeux de carpe morte dont un long usage de la loupe avait éteint l' expression , s' attendait -il à voir surgir un monstre femelle , digne d' être accouplé à l' être qui venait de le recevoir .","aussi , en PPRES ce NCCOR PPAS par le NC , ce NCCOR ADJ , ce NCCOR ADJ VASP à se INF , ce NCCOR de NCmod ADJ dont un ADJ NCs de le NCmod avoir PPAS le NCo , se VIMP il à VCOG INF un NCo NCmod , ADJ de être PPAS à le être qui venir de le INF ."
1302,1885_Metenier_La-Chair_N.txt,"Les réticences de l' aubergiste lui semblaient donc inexplicables et il se préparait à monter à sa chambre , quand l' horlogère apparut , toute rougissante , à le fond de la boutique .","le NCs de le NCmod lui VIMP donc ADJ et il se VIMP à INF à DETPOSS NC , quand le NCs VPS , tout NCo , à le NC de le NCmod ."
1303,1885_Metenier_La-Chair_N.txt,"Drapée dans un peignoir qui collait à les hanches , elle fit une petite révérence à laquelle Édouard , absolument stupéfait , répondit en s' inclinant profondément .","PPAS dans un NC qui VIMP à le NCCOR , il faire un ADJ NCo à lequel NP , ADVINT VIMP , VDIC en se PPRES ADVINT ."
1304,1885_Metenier_La-Chair_N.txt,Ah !,INTJ !
1305,1885_Metenier_La-Chair_N.txt,"c' est qu' elle était bien gentille et bien désirable , la petite Berthe Destrieux !","ce être qui il être bien PRES et bien ADJ , le ADJ NP ADJ !"
1306,1885_Metenier_La-Chair_N.txt,"Dix-neuf ans , de les yeux noirs taillés en amande , une chevelure comme on n' en voit plus que sur les affiches de M.S. Allen , une taille de guêpe et de les mains , de les pieds si petits , si petits !","NUM NCT , de le NCCOR ADJ PPAS en NC , un NC comme on ne en VCOG plus que sur le NCo de NP NP , un NC de NCmod et de le NCCOR , de le NCCOR si ADJ , si ADJ !"
1307,1885_Metenier_La-Chair_N.txt,"... Édouard , conduit par les soins de la dame dans l' appartement qu' on lui avait préparé , y trouva sa malle que son ordonnance venait d' y apporter .","... NP , PPAS par le NC de le NCmod dans le NCmod que on lui avoir PPAS , y VPS DETPOSS NCo que DETPOSS NCs venir de y INF ."
1308,1885_Metenier_La-Chair_N.txt,"Tout en faisant un brin de toilette , il se demandait comment une semblable merveille pouvait être la femme d' un mari horloger , myope et trombone à coulisse de l' Harmonie de Châteauvieux !","tout en faire un NCo de NCmod , il se VIMP comment un ADJ NCs pouvoir être le NC de un NCmod ADJ , NC et NC à NCmod de le NP de NP !"
1309,1885_Metenier_La-Chair_N.txt,"Il faut dire que , dans les quelques mots échangés avec son hôte , l' horloger mélomane avait déjà trouvé moyen d' insinuer adroitement qu' il était conseiller municipal , notable commerçant et membre influent de la Société musicale de l' endroit .","il PRES VDIC que , dans le quelque NC PPAS avec DETPOSS NC , le NCs ADJ avoir déjà PPAS ADJ de VDIC ADVMAN que il être NC ADJ , ADJ NC et NC ADJ de le NCmod ADJ de le NCmod ."
1310,1885_Metenier_La-Chair_N.txt,"L' orgueil était le péché mignon de notre homme , mais l' orgueil bête , car il tirait vanité de tout , excepté de la seule chose dont il eût pu s' enorgueillir : la possession d' une femme charmante , connue dans tout le pays sous le nom de « la Perle de Châteauvieux » .","le NCSENT être le NC ADJ de DETPOSS NCmod , mais le NCSENT ADJ , car il VIMP NCo de tout , excepté de le ADJ chose dont il avoir pouvoir se INF : le NC de un NCmod ADJ , PPAS dans tout le NC sous le NC de "" le NCmod de NP "" ."
1311,1885_Metenier_La-Chair_N.txt,Cette opinion d' Édouard fut confirmée par les renseignements qu' on lui donna le soir à le café de les Mille-Colonnes .,ce NCspas de NP être VDIC par le NC que on lui VPS le NCT à le NC de le NP .
1312,1885_Metenier_La-Chair_N.txt,"Berthe , âgée de dix-sept ans , orpheline et sans fortune , avait été presque forcée par un tuteur avare d' épouser un homme de quinze ans plus vieux qu' elle , laid , prétentieux , mais riche et , comme il le disait lui-même , influent !","NP , ADJ de NUM NCT , NC et sans NC , avoir être presque PPAS par un NC ADJ de INF un NCo de NUM NCT plus ADJ que il , NC , ADJ , mais ADJ et , comme il le VDIC soi-même , ADJ !"
1313,1885_Metenier_La-Chair_N.txt,On avait plaint la pauvre petite .,on avoir PPAS le NCo ADJ .
1314,1885_Metenier_La-Chair_N.txt,"Elle , passant de la pauvreté à une opulence relative , avait pris pour de l' amour un simple sentiment de reconnaissance et , dans son innocence , elle ne comprenait pas plus son abandon et son malheur qu' elle n' avait senti la pression à laquelle elle avait insensiblement cédé .","il , PPRES de le NC à un NCmod ADJ , avoir PPAS pour de le NCSENT un ADJ NCSENT de NCmod et , dans DETPOSS NC , il ne VCOG pas plus DETPOSS NCo et DETPOSS NC que il ne avoir sentir le NCo à lequel il avoir ADV PPAS ."
1315,1885_Metenier_La-Chair_N.txt,"— J' espère , monsieur , que vous nous ferez l' honneur de partager notre modeste repas ; nous dînons à six heures !","— je VCOG , monsieur , que vous nous faire le NCSENT de INF DETPOSS ADJ NCo ; nous PRES à NUM NCT !"
1316,1885_Metenier_La-Chair_N.txt,"avait -elle dit à Édouard , lorsqu' il était sorti pour répondre à les exigences de son service .","avoir il VDIC à NP , lorsque il être PPAS pour VDIC à le NC de DETPOSS NCmod ."
1317,1885_Metenier_La-Chair_N.txt,Et Édouard avait accepté .,et NP avoir PPAS .
1318,1885_Metenier_La-Chair_N.txt,"Il avait encore dans l' oreille le son argentin de cette petite voix , quand il s' excusa , auprès de ses camarades , de ne pouvoir , comme d' habitude , passer la soirée avec eux .","il avoir encore dans le NCCOR le DETPOSS NCo de ce ADJ NCMAN , quand il se VPS , ADV de DETPOSS NC , de ne pouvoir , comme de NC , INF le NCT avec eux ."
1319,1885_Metenier_La-Chair_N.txt,Le repas fut excellent ; la profusion de les mets copieux et recherchés sentait sa province d' une lieue .,le NCs être ADJ ; le NCs de le NCmod ADJ et PPAS sentir DETPOSS NCo de un NCmod .
1320,1885_Metenier_La-Chair_N.txt,"Berthe , jolie à ravir , avait tenu à éblouir son convive , malgré l' assurance qu' elle lui avait donnée de le recevoir à la fortune de le pot ; elle avait tiré , de le fond de l' armoire , une belle nappe blanche et de les serviettes damassées , à initiales brodées , qui n' avaient pas vu le jour depuis son mariage .","NP , PRES à VSENT , avoir PPAS à VSENT DETPOSS NCo , malgré le NCSENT que il lui avoir PPAS de le INF à le NC de le NCmod ; il avoir PPAS , de le NC de le NCmod , un ADJ NCo ADJCOL et de le NC PPAS , à NCmod ADJ , qui ne avoir pas VCOG le NCT depuis DETPOSS NC ."
1321,1885_Metenier_La-Chair_N.txt,Édouard la dévorait de les yeux .,NP le VSENT de le NCCOR .
1322,1885_Metenier_La-Chair_N.txt,"Berthe qui , par cet instinct merveilleux inné chez la femme , avait deviné ce qui se passait dans l' âme de le jeune homme , laissait ingénument presser son pied par un pied qu' elle savait bien n' être pas celui de son mari .","NP qui , par ce NC ADJ PPAS chez le NC , avoir VCOG ce qui se VIMP dans le NC de le ADJ NCmod , laisser ADV INF DETPOSS NCCOR par un NCCOR que il VCOG bien ne être pas celui de DETPOSS NCmod ."
1323,1885_Metenier_La-Chair_N.txt,"Destrieux , lui , après avoir raconté par le menu tous les incidents de la dernière séance de le Conseil municipal , se répandait en théories sur l' horlogerie .","ADJ , lui , PHASE avoir PPAS par le NC tout le NCo de le ADJ NCmod de le NCmod ADJ , se VIMP en NC sur le NC ."
1324,1885_Metenier_La-Chair_N.txt,"Il venait d' expliquer à Édouard , qui paraissait l' écouter avec le plus vif intérêt , le mécanisme et le fonctionnement de l' horloge de Strasbourg qu' il avait étudiés en faisant son tour de France , et il allait passer à la description de l' horloge historique de le Palais-de-Justice à Paris , quand huit heures sonnèrent à la fois à les vingt pendules de la boutique ... — Vous m' excuserez , monsieur , dit -il en s' interrompant , mais je suis un de les principaux instrumentistes de l' Harmonie .","il venir de VDIC à NP , qui paraître le VCOG avec le plus ADJ NCSENT , le NC et le NC de le NCmod de NP que il avoir PPAS en faire DETPOSS NCo de NP , et il aller INF à le NC de le NCmod ADJ de le NP à NP , quand NUM NCT VPS à le fois à le NUM NC de le NCmod ... — vous se VF , monsieur , VDIC il en se PPRES , mais je être un de le ADJ NCmod de le NP ."
1325,1885_Metenier_La-Chair_N.txt,Ma partie est importante .,DETPOSS NCs être ADJ .
1326,1885_Metenier_La-Chair_N.txt,"Or , il doit y avoir répétition ce soir , et , sans moi , pas de répétition possible !","or , il devoir y avoir NCo ce NCT , et , sans soi , pas un NC ADJ !"
1327,1885_Metenier_La-Chair_N.txt,J' en ai pour une heure .,je en avoir pour un NCT .
1328,1885_Metenier_La-Chair_N.txt,Je compte donc sur votre indulgence .,je PRES donc sur DETPOSS NCSENT .
1329,1885_Metenier_La-Chair_N.txt,"Il y a , voyez -vous , dans la vie , de les nécessités qui priment tout !","il y avoir , PRES lui , dans le NC , de le NC qui ADV tout !"
1330,1885_Metenier_La-Chair_N.txt,Édouard l' excusa avec une facilité et une promptitude que l' on comprendra .,NP le VPS avec un NC et un NC que l' on VCOG .
1331,1885_Metenier_La-Chair_N.txt,"— Parfaitement , dit Berthe , nous t' attendrons pour prendre le café ; je vais montrer à monsieur nos vues de Paris !","— ADVINT , VDIC NP , nous le PRES pour INF le NCo ; je aller INF à monsieur DETPOSS NCo de NP !"
1332,1885_Metenier_La-Chair_N.txt,Destrieux prit son trombone et sortit .,ADV VPS DETPOSS NCo et VPS .
1333,1885_Metenier_La-Chair_N.txt,"Alors , délivrés de les obsessions de l' œil vitreux de le mari , les jeunes gens se rapprochèrent .","alors , PPAS de le NCSENT de le NCmod ADJ de le NCmod , le ADJ NCs se VPS ."
1334,1885_Metenier_La-Chair_N.txt,"Berthe frotta avec un coin de sa serviette les verres d' un stéréoscope et elle fit successivement défiler devant les yeux d' Édouard l' Arc-de-Triomphe de l' Étoile , le Louvre , la Colonne Vendôme , celle de Juillet , puis les tableaux coloriés d' une grande féerie .","NP VPS avec un NC de DETPOSS NCmod le NCo de un NCmod et il faire ADV INF ADVLIEU le NCCOR de NP le NP de le NP , le NP , le NP ADJ , celui de MOIS , puis le NC PPAS de un ADJ NC ."
1335,1885_Metenier_La-Chair_N.txt,— Que tout cela doit être beau !,— que tout cela devoir être ADJ !
1336,1885_Metenier_La-Chair_N.txt,"disait -elle , et que je voudrais donc visiter ces admirables monuments , assister à ces merveilleuses représentations dont parlent les journaux !","VDIC il , et que je vouloir donc INF ce ADJ NCo , INF à ce ADJ NC dont PRES le NCs !"
1337,1885_Metenier_La-Chair_N.txt,"J' irai à Paris l' année prochaine , mon mari me l' a promis , et j' irai vous voir , n' est -ce pas ?","je VF à NP le NCT ADJ , DETPOSS NCs me le avoir PPAS , et je VF vous VCOG , ne être ce pas ?"
1338,1885_Metenier_La-Chair_N.txt,"ajoutait -elle dans la candeur de son âme , et puis , vous me montrerez tout cela !","VIMP il dans le NC de DETPOSS NCmod , et puis , vous me VF tout cela !"
1339,1885_Metenier_La-Chair_N.txt,"Et le lieutenant , qui avait regardé sans rien voir , répondait oui tout bas et frissonnait , quand la tête de la jolie Berthe se penchait innocemment sur son épaule , pour admirer , en même temps que lui , les splendeurs de la capitale !","et le NCs , qui avoir VCOG sans rien VCOG , VDIC oui tout ADJ et VIMP , quand le NCCOR de le NCmod NP se VIMP ADVMAN sur DETPOSS NCCOR , pour VSENT , en même temps que lui , le NC de le NCmod !"
1340,1885_Metenier_La-Chair_N.txt,"Étonnez -vous donc qu' après un pareil tête-à-tête , la Perle de Châteauvieux n' ait pu garder de le séduisant lieutenant autre chose qu' un doux souvenir !","IMP vous donc que PHASE un NC ADJ , le NCs de NP ne avoir pouvoir INF de le ADJ NC autre chose que un NCmod ADJ !"
1341,1885_Metenier_La-Chair_N.txt,"Quand Destrieux rentra , très satisfait de sa séance , sa femme était un peu rouge et Édouard tourmentait sa moustache .","quand NP VPS , très ADJ de DETPOSS NC , DETPOSS NCs être un peu ADJCOL et NP VIMP DETPOSS NCCOR ."
1342,1885_Metenier_La-Chair_N.txt,Je prie ici les gens naturellement mal intentionnés de ne pas jeter la pierre à la gentille horlogère .,je PRES ADVLIEU le NCo ADVINT mal ADJ de ne pas INF le NCo à le NC ADJ .
1343,1885_Metenier_La-Chair_N.txt,"Berthe était foncièrement honnête et elle n' avait pas un instant cessé de l' être , mais elle avait dix-neuf ans et Édouard ... vingt-cinq !","NP être ADV ADJ et il ne avoir pas un NCo VASP de le être , mais il avoir NUM NCT et NP ... NUM !"
1344,1885_Metenier_La-Chair_N.txt,"Et dans leur court entretien , elle avait entendu murmurer à son oreille de les mots dont elle ne comprenait que vaguement la signification !","et dans lui ADJ NC , il avoir VCOG VDIC à DETPOSS NCCOR de le NCmod dont il ne VCOG que ADV le NCo !"
1345,1885_Metenier_La-Chair_N.txt,"Faut -il donc la blâmer d' avoir laissé quelque peu éclater dans ses yeux , cette fenêtre ouverte sur l' âme , un trouble intérieur et si naturel ?","PRES il donc le INF de avoir laisser quelque peu INF dans DETPOSS NCCOR , ce NCo PPAS sur le NC , un NCSENT ADJ et si ADJ ?"
1346,1885_Metenier_La-Chair_N.txt,"Et pourquoi d' ailleurs , le mari , protecteur -né de sa femme , avait -il mieux aimé obéir à ses devoirs de membre de l' Harmonie qu' à ses devoirs d' époux ?","et pourquoi de ADVLIEU , le NCs , NC PPAS de DETPOSS NC , avoir il mieux VSENT INF à DETPOSS devoir de NCmod de le NP que à DETPOSS devoir de NCmod ?"
1347,1885_Metenier_La-Chair_N.txt,Et cela justement le soir où il logeait un lieutenant d' artillerie de la tournure d' Édouard ?,et cela ADVMAN le NCT où il VIMP un NCo de NCmod de le NCmod de NP ?
1348,1885_Metenier_La-Chair_N.txt,"L' horloger ne vit rien , mais eût -il vu quelque chose , avouez qu' il eût eu mauvaise grâce à se plaindre !","le NCs ne PRES rien , mais avoir il VCOG quelque chose , VDIC que il avoir avoir ADJ ADV à se INF !"
1349,1885_Metenier_La-Chair_N.txt,"Tous ces souvenirs étaient présents dans la mémoire d' Édouard et , tout blasé qu' il était , son cœur battait un peu quand il arriva à l' Hôtel de les Étrangers .","tout ce NCs être ADJ dans le NC de NP et , tout PPAS que il être , DETPOSS NCs VIMP un peu quand il VPS à le NC de le NP ."
1350,1885_Metenier_La-Chair_N.txt,Berthe l' attendait .,NP le VIMP .
1351,1885_Metenier_La-Chair_N.txt,"Il la retrouva plus jolie , s' il est possible , qu' il ne l' avait laissée quelques mois auparavant .","il le VPS plus ADJ , si il être ADJ , que il ne le avoir laisser quelque NCT ADV ."
1352,1885_Metenier_La-Chair_N.txt,— Que vous êtes aimable de ne pas m' avoir oubliée !,— que vous être ADJ de ne pas se avoir VCOG !
1353,1885_Metenier_La-Chair_N.txt,lui dit -elle .,lui VDIC il .
1354,1885_Metenier_La-Chair_N.txt,Pouvez -vous me consacrer votre journée ?,pouvoir vous me INF DETPOSS NCT ?
1355,1885_Metenier_La-Chair_N.txt,— Tout entière !,— tout ADJ !
1356,1885_Metenier_La-Chair_N.txt,"répondit Édouard , et voici le programme que je vous propose .","VDIC NP , et voici le NCo que je vous VDIC ."
1357,1885_Metenier_La-Chair_N.txt,Il est onze heures de le matin ; nous allons aller déjeuner ... — C' est cela !,il être NUM NCT de le NCT ; nous aller aller INF ... — ce être cela !
1358,1885_Metenier_La-Chair_N.txt,"A la table d' hôte de l' hôtel , on est très bien .","à le NC de NCmod de le NCmod , on être très bien ."
1359,1885_Metenier_La-Chair_N.txt,"— Nous irons ailleurs , dit le lieutenant .","— nous VF ADVLIEU , VDIC le NCo ."
1360,1885_Metenier_La-Chair_N.txt,"Vous avez réclamé ma protection , je ne vous l' accorde qu' autant que vous consentirez à m' obéir en tout et pour tout .","vous avoir PPAS DETPOSS NCo , je ne vous le PRES que autant que vous PRES à lui INF en tout et pour tout ."
1361,1885_Metenier_La-Chair_N.txt,Nous irons chez Brébant ... — Chez Brébant ?,nous VF chez NP ... — chez NP ?
1362,1885_Metenier_La-Chair_N.txt,Mon mari dit que c' est si cher ... — Votre mari ne sait pas ce qu' il dit .,DETPOSS NCs VDIC que ce être si ADJ ... — DETPOSS NCs ne VCOG pas ce que il VDIC .
1363,1885_Metenier_La-Chair_N.txt,"Puis , nous assisterons à le départ de le ballon , place de le Carrousel !","puis , nous PRES à le NC de le NCmod , NC de le NP !"
1364,1885_Metenier_La-Chair_N.txt,— Un ballon avec de les personnes dedans ?,— un NC avec de le NCmod ADJ ?
1365,1885_Metenier_La-Chair_N.txt,"— Oui , un ballon avec de les personnes dedans .","— oui , un NCo avec de le NCmod ADJ ."
1366,1885_Metenier_La-Chair_N.txt,"Nous nous promènerons jusqu' à le dîner et , ensuite , après avoir jeté un coup d' œil à les illuminations de les Champs-Elysées , nous prendrons le train à la Bastille , et nous irons voir la fête de nuit , qui se donnera à le lac Daumesnil .","nous nous PRES jusque à le NC et , PHASE , PHASE avoir PPAS un NCo de NCmod à le NC de le NP , nous VF le NCo à le NP , et nous PRES VCOG le NCo de NCT , qui se VF à le NC NP ."
1367,1885_Metenier_La-Chair_N.txt,"Édouard s' arrêta , omettant à dessein de faire connaitre à sa naïve amie la proximité de Vincennes , son lieu de garnison , et la difficulté d' un retour à minuit de Saint-Mandé à Paris , surtout un jour de fête nationale .","NP se VPS , PPRES à NC de faire INF à DETPOSS NC PRES le NCo de NP , DETPOSS NC de NCmod , et le NC de un NCmod à NCmod de NP à NP , surtout un NCT de NCmod ADJ ."
1368,1885_Metenier_La-Chair_N.txt,"Berthe , émerveillée , ne pensait à rien qu' à le plaisir qu' elle allait éprouver ; elle battait de les mains , riait et pleurait tout ensemble .","NP , VSENT , ne VCOG à rien que à le NCSENT que il aller VSENT ; il VIMP de le NCCOR , VIMP et VIMP tout ensemble ."
1369,1885_Metenier_La-Chair_N.txt,— Que vous êtes gentil !,— que vous être ADJ !
1370,1885_Metenier_La-Chair_N.txt,répétait -elle .,VIMP il .
1371,1885_Metenier_La-Chair_N.txt,Mon mari voulait d' abord m' accompagner .,DETPOSS NCs vouloir de NC lui INF .
1372,1885_Metenier_La-Chair_N.txt,"Il avait l' intention de me faire visiter toutes les horloges célèbres de Paris , en commençant par le Bourdon de Notre-Dame ; mais , ma foi , je crois que j' aime mieux votre programme .","il avoir le NCo de me faire INF tout le NC ADJ de NP , en VASP par le NP de NP ; mais , DETPOSS NC , je VCOG que je VSENT mieux DETPOSS NCo ."
1373,1885_Metenier_La-Chair_N.txt,"J' en ai tant vues avec lui , de les horloges , que je commence à en être dégoûtée !","je en avoir tant VCOG avec lui , de le NCmod , que je VASP à en être VSENT !"
1374,1885_Metenier_La-Chair_N.txt,"Et pendant cette bienheureuse journée où le programme arrêté fut suivi de point en point , Berthe marcha d' enchantements en enchantements .","et PHASE ce ADJ NCT où le NCspas PPAS être PPAS de NC en NCmod , NP VPS de NCSENT en NCSENT ."
1375,1885_Metenier_La-Chair_N.txt,"Les écrevisses bordelaises de Brébant furent déclarées sans rivales , même à Châteauvieux .","le NCspas ADJ de NP être PPAS sans NC , même à NP ."
1376,1885_Metenier_La-Chair_N.txt,"Le départ de le ballon fit frissonner la petite horlogère , qui se serra contre son ami , comme si elle craignait qu' une invincible attraction ne l' entrainât à le milieu de les airs , à la suite de le monstrueux aérostat .","le NC de le NCmod faire INF le ADJ NCo , qui se VF contre DETPOSS NC , comme si il VSENT que un ADJ NCSENT ne le NC à le milieu de le NCMAN , à le NC de le ADJ NCmod ."
1377,1885_Metenier_La-Chair_N.txt,"Cette foule houleuse qu' il fallait fendre , ces cris , ces chants , ces drapeaux , ces guirlandes de fleurs , ces arcs-de-triomphe , toute cette mise en scène l' enivrait , la transportait de joie !","ce NCs ADJ que il VIMP INF , ce NC , ce NCs , ce NC , ce NC de NCmod , ce NC , tout ce NC en NCmod le VIMP , le VIMP de NCSENT !"
1378,1885_Metenier_La-Chair_N.txt,"Jamais , déclarait -elle , elle n' avait vu pareille chose à Châteauvieux , même le jour de le comice agricole .","ADVTEMPS , VIMP il , il ne avoir VCOG ADJ chose à NP , même le NCT de le NCmod ADJ ."
1379,1885_Metenier_La-Chair_N.txt,"Le trombone à coulisse de la musique de la garde républicaine l' intéressa vivement et , pour la première fois , elle conçut un doute sur la valeur musicale de le premier instrumentiste de Châteauvieux !","le NCs à NCmod de le NCmod de le NCmod ADJ le VSENT ADVINT et , pour le ADJ fois , il VCOG un NCSENT sur le NCmod ADJ de le ADJ NCmod de NP !"
1380,1885_Metenier_La-Chair_N.txt,"Enfin , quand , à minuit , à Saint-Mandé , elle vit les fusées , lancées par les artificiers , tracer dans le ciel noir un sillon lumineux , puis retomber en pluie de feu à travers les branches , son enthousiasme ne connut plus de bornes .","PHASE , quand , à NC , à NP , il PRES le NCo , PPAS par le NC , INF dans le NC ADJ un NCo ADJ , puis INF en NC de NCmod à travers le NC , DETPOSS NCs ne VPS plus de NC ."
1381,1885_Metenier_La-Chair_N.txt,"Elle admirait les lanternes vénitiennes jaunes , bleues , vertes , oranges , rouges , suspendues à les arbres , donnant à le paysage un aspect fantastisque et projetant leurs lueurs vagues , que réflétaient les eaux de le lac ... — Es -tu contente , dis , ma Berthe chérie ?","il VCOND le NCo ADJ ADJCOL , ADJCOL , ADJCOL , ADJCOL , ADJCOL , PPAS à le NC , PPRES à le NC un NC ADJ et PPRES DETPOSS NCo ADJ , que VIMP le NCs de le NCmod ... — être -tu PRES , dis , DETPOSS NP NC ?"
1382,1885_Metenier_La-Chair_N.txt,— Oh oui !,— INTJ oui !
1383,1885_Metenier_La-Chair_N.txt,bien heureuse !,bien ADJ !
1384,1885_Metenier_La-Chair_N.txt,merci !,INTJ !
1385,1885_Metenier_La-Chair_N.txt,"Et quand , après le bouquet , Berthe songea enfin à regâgner Paris , le dernier train venait de quitter la gare de Vincennes ... * ** Ce jour -là , Destrieux inonda les habitants de Châteauvieux , le matin , de les flots de son éloquence , en sa qualité de conseiller municipal , remplaçant le maire , empêché pour cause de rhumatismes , et le soir , de les flots de son harmonie , en sa qualité de premier instrumentiste de la Société musicale .","et quand , PHASE le NC , NP VPS PHASE à INF NP , le ADJ NCs venir de INF le NCo de NP ... * ** ce NCT ADVLIEU , NP VPS le NCo de NP , le NCT , de le NC de DETPOSS NCmod , en DETPOSS NC de NCmod ADJ , PPRES le NCo , PPAS pour NC de NCmod , et le NCT , de le NC de DETPOSS NCmod , en DETPOSS NC de ADJ NCmod de le NCmod ADJ ."
1386,1885_Metenier_La-Chair_N.txt,"Et , quand moulu , éreinté , il s' abandonna enfin à le repos , il rêva que la jolie Berthe se livrait à Paris , selon ses conseils , à de les études comparées sur l' horlogerie en général et le Bourdon de Notre-Dame en particulier .","et , quand PPAS , PPAS , il se VPS PHASE à le NC , il VPS que le NCs NP se VCOND à NP , selon DETPOSS NC , à un le NC PPAS sur le NC en NC et le NP de NP en NC ."
1387,1885_Metenier_La-Chair_N.txt,"CONFESSIONS ROMANTIQUES I LINA Et l' œil enfiévré , comprimant son front brûlant dans ses deux mains , Gustave commença son histoire : * ** — Tu veux savoir pourquoi je restais froid hier soir sous les ardents baisers de celte femme adorable qu' on nomme Jenny Dinar ?","NP NP NUM NP et le NC VSENT , PPRES DETPOSS NCCOR ADJ dans DETPOSS NUM NCCOR , NP VASP DETPOSS NCo : * ** — je vouloir VCOG pourquoi je VIMP ADJ ADV NCT sous le NC ADJ de ADJ NCmod ADJ que on PRES NP NP ?"
1388,1885_Metenier_La-Chair_N.txt,"Tu veux savoir comment moi , l' homme passionné , l' homme ardent , l' homme nerveux par excellence , j' ai pu résister à les étreintes de cette sirène ?","je vouloir VCOG comment soi , le NCo VSENT , le NC ADJ , le NC ADJ par NCmod , je avoir pouvoir INF à le NC de ce NCmod ?"
1389,1885_Metenier_La-Chair_N.txt,C' est un secret que j' aurais voulu ensevelir pour toujours à le fond de mon âme .,ce être un NC que je avoir vouloir INF pour ADVTEMPS à le NC de DETPOSS NCmod .
1390,1885_Metenier_La-Chair_N.txt,"A toi , je le dévoilerai , parce que tu es mon ami et mon meilleur ami .","à soi , je le NC , parce que je être DETPOSS NC et DETPOSS meilleur NC ."
1391,1885_Metenier_La-Chair_N.txt,"Je te dirai tout , parce que ton cœur est vierge et que je veux te mettre en garde contre tous les dangers .","je me VF tout , parce que DETPOSS NCs être ADJ et que je vouloir me mettre en NC contre tout le NC ."
1392,1885_Metenier_La-Chair_N.txt,"Tu n' as jamais aimé , toi , eh bien !","je ne avoir ADVTEMPS VSENT , soi , INTJ bien !"
1393,1885_Metenier_La-Chair_N.txt,tant mieux !,tant mieux !
1394,1885_Metenier_La-Chair_N.txt,n' aime jamais .,ne VSENT ADVTEMPS .
1395,1885_Metenier_La-Chair_N.txt,"Je fus assez fou pour aimer , et j' ai là , à le cœur , une blessure que le temps lui-même ne parviendra pas à cicatriser !","je PPAS ADV ADJ pour VSENT , et je avoir ADVLIEU , à le NC , un NCSENT que le temps soi-même ne VF pas à INF !"
1396,1885_Metenier_La-Chair_N.txt,"* ** Si parfois , un jour , tu te trouves sans force devant les charmes d' une femme , si tu succombes jamais , tâche à le moins que cette femme ne soit pas une fille !","* ** si ADVTEMPS , un NCT , je me NCo sans NCSENT ADVLIEU le NC de un NCmod , si je ADJ ADVTEMPS , NC à le moins que ce NCs ne être pas un NC !"
1397,1885_Metenier_La-Chair_N.txt,"On a lâché de grands mots , on a parlé de relèvement , de réhabilitation !","on avoir PPAS un ADJ NCo , on avoir PPAS de NC , de NC !"
1398,1885_Metenier_La-Chair_N.txt,L' amour purifie tout !,le NCSENT PRES tout !
1399,1885_Metenier_La-Chair_N.txt,s' est -on écrié .,se être on VDIC .
1400,1885_Metenier_La-Chair_N.txt,"Vieille rengaine , que La Dame à les Camélias n' a pu transformer en axiome .","ADJ NC , que le NP à le NP ne avoir pouvoir INF en NC ."
1401,1885_Metenier_La-Chair_N.txt,"La fille , dès qu' elle mérite ce nom , a fatalement le nostalgie de la boue .","le NCs , dès que il PRES ce NCo , avoir ADVINT le NC de le NCmod ."
1402,1885_Metenier_La-Chair_N.txt,"Elle s' est une fois vautrée dans le ruisseau , elle y roulera encore , quelque effort que tu puisses faire pour la maintenir hors de ce bourbier où elle se laisse , le plus souvent , volontairement retomber .","il se être un fois PPAS dans le NC , il y VF encore , quelque NC que je puis faire pour le INF ADV de ce NC où il se laisser , le plus ADVTEMPS , ADV INF ."
1403,1885_Metenier_La-Chair_N.txt,"La prostitution , vois -tu , c' est un abîme profond à les bords escarpés .","le NC , ADV tu , ce être un NC ADJ à le NCmod PPAS ."
1404,1885_Metenier_La-Chair_N.txt,"Bien de les femmes y tombent , aucune n' en sort .","bien de le NC y PRES , aucun ne en PRES ."
1405,1885_Metenier_La-Chair_N.txt,"Si l' amour y descend pour en retirer l' une d' elles , ses ailes se brisent sous ce fardeau trop lourd , et il va croupir dans la fange avec celle qu' il voulait en retirer .","si le NCSENT y PRES pour en INF le NCo de il , DETPOSS NCs se PRES sous ce NC trop ADJ , et il aller INF dans le NC avec celui que il vouloir en INF ."
1406,1885_Metenier_La-Chair_N.txt,"Aie le cœur libre , ami , à cette seule condition tu l' auras fort !","avoir le NC ADJ , NC , à ce ADJ NC je le NCmod fort !"
1407,1885_Metenier_La-Chair_N.txt,"Quand la matière crie , s' émeut , quand la bête hurle ... prends une femme , n' importe laquelle , la première venue , pourvu qu' elle soit bien en chair , et qu' elle puisse te donner ce que , l' or à la main , tu réclames d' elle ; mais pour Dieu !","quand le NCs NC , se VSENT , quand le ADJ VDIC ... PRES un NCo , ne PRES lequel , le ADJ NCo , pourvu que il être bien en NCCOR , et que il pouvoir me INF ce que , le NC à le NCCOR , je ADJ de il ; mais pour NP !"
1408,1885_Metenier_La-Chair_N.txt,n' en aime pas une seule !,ne en VSENT pas un ADJ !
1409,1885_Metenier_La-Chair_N.txt,Pas une d' entre elles ne mérite le suprême amour .,pas un NP entre il ne PRES le ADJ NCSENT .
1410,1885_Metenier_La-Chair_N.txt,"* ** Gustave s' arrêta , vida son verre d' un trait , et reprit : — Il y a un an , je traversais le jardin de le Luxembourg ; la nuit commençait à tomber et l' on allait fermer les portes .","* ** NP se VPS , VPS DETPOSS NCo de un NCmod , et VPS : — il y avoir un NCT , je PRES le NCo de le NP ; le NCT VASP à INF et l' on aller INF le NCo ."
1411,1885_Metenier_La-Chair_N.txt,"Attardée sur un banc , seule , une jeune fille , presqu' une enfant , pleurait .","PPAS sur un NC , ADJ , un ADJ NCs , presqu' un NCmod , VIMP ."
1412,1885_Metenier_La-Chair_N.txt,"Dix-huit ans à peine , toute blonde , elle était si gentille avec sa petite robe noire , elle paraissait en proie à un si violent chagrin que je m' arrêtai , presque malgré moi , autant par compassion que par curiosité .","NUM NCT à NCSENT , tout NC , il être si NC avec DETPOSS ADJ NCmod ADJ , il paraître en NC à un si ADJ NCSENT que je le PRES , presque malgré soi , autant par NCSENT que par NCSENT ."
1413,1885_Metenier_La-Chair_N.txt,"Elle leva sur mol , comme pour m' implorer , les deux plus beaux yeux bleus que l' on puisse rêver , et que les larmes dont ils étaient noyés rendaient plus délicieux encore .","il VPS sur NC , comme pour se INF , le NUM plus ADJ NCCOR ADJCOL que l' on pouvoir INF , et que le NCs dont il être PPAS VIMP plus ADJ encore ."
1414,1885_Metenier_La-Chair_N.txt,"Je m' assis près d' elle , je pris ses mains dans les miennes ; elles étaient brûlantes .","je se PPAS ADVLIEU de il , je PPAS DETPOSS NCCOR dans le NC ; il être ADJ ."
1415,1885_Metenier_La-Chair_N.txt,"Alors , dans un récit entrecoupé de sanglots , elle me dit ses malheurs .","alors , dans un NC PPAS de NC , il me VDIC DETPOSS NCo ."
1416,1885_Metenier_La-Chair_N.txt,Elle n' avait jamais connu sa mère .,il ne avoir ADVTEMPS PPAS DETPOSS NCo .
1417,1885_Metenier_La-Chair_N.txt,La vie n' était pas tenable pour elle entre son père presque constamment ivre et la femme avec laquelle il vivait maritalement .,le NCs ne être pas ADJ pour il entre DETPOSS NC presque ADVTEMPS VSUBP et le NC avec lequel il VIMP ADV .
1418,1885_Metenier_La-Chair_N.txt,"Battue et maltraitée tous les jours , elle s' était enfuie de la maison paternelle , pour s' attacher à un étudiant qui l' avait remarquée .","PPAS et PPAS tout le NCT , il se être PPAS de le NC ADJ , pour se INF à un NC qui le avoir PPAS ."
1419,1885_Metenier_La-Chair_N.txt,"Pendant un an , oublieuse de le passé , sans souci de l' avenir , elle avait vécu presqu'heureuse .","PHASE un NCT , NC de le NCmod , sans NCSENT de le NCmod , il avoir PPAS ADJ ."
1420,1885_Metenier_La-Chair_N.txt,"Son amant était jeune , beau garçon , mais d' un caractère ombrageux et violent .","DETPOSS NCs être ADJ , ADJ NC , mais de un NC ADJ et ADJ ."
1421,1885_Metenier_La-Chair_N.txt,"Bien souvent , à propos de rien , il se laissait emporter par la colère , mais elle pardonnait toujours les brutalités dont il l' accablait , parce qu' à le fond , il l' aimait bien !","bien ADVTEMPS , à NC de rien , il se laisser INF par le NCSENT , mais il VIMP ADVTEMPS le NCo dont il le VIMP , parce que à le NC , il le VSENT bien !"
1422,1885_Metenier_La-Chair_N.txt,"Un soir , tandis qu' elle rentrait chez son amant , la concierge , la voyant passer , avait eu un mauvais sourire .","un NCT , PHASE que il VIMP chez DETPOSS NC , le NCo , le VCOG INF , avoir avoir un ADJ NCMAN ."
1423,1885_Metenier_La-Chair_N.txt,"La chambrette était vide , et un mot laissé par l' étudiant avertissait la pauvre Lina de n' avoir plus à compter sur son protecteur .","le NCs être ADJ , et un NCs laisser par le NC VIMP le NCo NP de ne avoir plus à INF sur DETPOSS NC ."
1424,1885_Metenier_La-Chair_N.txt,"Ses études finies , il regagnait la province .","DETPOSS NC ADJ , il VIMP le NCo ."
1425,1885_Metenier_La-Chair_N.txt,"Et rien , pas un mot de regret , pas même un baiser d' adieu !","et rien , pas un NC de NCSENT , pas même un NC de NCmod !"
1426,1885_Metenier_La-Chair_N.txt,"Seulement , l' enveloppe contenait cent francs .","seulement , le NCs VIMP NUM NCo ."
1427,1885_Metenier_La-Chair_N.txt,"De les cent francs , aujourd'hui , il ne restait plus rien .","de le NUM NC , ADVT , il ne VIMP plus rien ."
1428,1885_Metenier_La-Chair_N.txt,"Sans gîte , sans ami , il lui fallait , la pauvre , si elle voulait vivre , vendre son corps pour un morceau de pain .","sans NC , sans NC , il lui VIMP , le NCo , si il vouloir INF , INF DETPOSS NCCOR pour un NC de NCmod ."
1429,1885_Metenier_La-Chair_N.txt,J' étais tout ému .,je être tout VSENT .
1430,1885_Metenier_La-Chair_N.txt,Je me levai et lui offris mon bras qu' elle accepta .,je me VF et lui PPAS DETPOSS NCCOR que il VPS .
1431,1885_Metenier_La-Chair_N.txt,"La nuit étant tout à fait venue , elle me suivit chez moi .","le NCT être tout à NC venir , il me VPS chez soi ."
1432,1885_Metenier_La-Chair_N.txt,C' est là qu' elle m' apparut dans tout l' éclat de sa beauté très originale .,ce être ADVLIEU que il lui VPS dans tout le NC de DETPOSS NCmod très ADJ .
1433,1885_Metenier_La-Chair_N.txt,"Le crépuscule m' avait empêché d' admirer dans tous leurs détails , sous les sombres allées de le Luxembourg , ces traits fins et réguliers , ce nez à les narines mobiles et toutes roses , cette peau si blanche , douce à le toucher comme de le satin , cette gorge admirablement modelée , cette bouche adorablement petite et cette délicieuse petite fossette placée à le milieu de le menton , qui semblait un véritable nid à baisers .","le NCs se avoir PPAS de VSENT dans tout DETPOSS NC , sous le NC aller de le NP , ce NCs ADJ et ADJ , ce NCCOR à le NCCOR ADJ et tout ADJCOL , ce NCCOR si ADJCOL , ADJ à le NC comme de le NC , ce NCCOR ADVINT PPAS , ce NCCOR ADVINT ADJ et ce ADJ ADJ NC PPAS à le milieu de le NCCOR , qui sembler un véritable NCo à NCmod ."
1434,1885_Metenier_La-Chair_N.txt,"Et quand elle souriait à travers ses larmes , on voyait resplendir entre deux lèvres roses , trente-deux dents , trente-deux perles !","et quand il VIMP à travers DETPOSS NC , on VCOG INF entre NUM NCCOR ADJ , NUM NCCOR , NUM NC !"
1435,1885_Metenier_La-Chair_N.txt,Avec cela de les pieds de Chinoise et de les mains de duchesse !,avec cela de le NCCOR de NP et de le NCCOR de NCmod !
1436,1885_Metenier_La-Chair_N.txt,Te l' avouerai-je ?,me le NC ?
1437,1885_Metenier_La-Chair_N.txt,"Sa candeur , la confiance naïve avec laquelle elle s' était abandonnée à moi , tout entière , sans conditions , m' avaient séduit .","DETPOSS NC , le NCs ADJ avec lequel il se être PPAS à soi , tout ADJ , sans NCmod , lui avoir VSENT ."
1438,1885_Metenier_La-Chair_N.txt,"Je sentis que je l' aimais déjà , et j' eus honte de vouloir profiter de l' abandon dans lequel se trouvait ma protégée .","je PPAS que je le aimais déjà , et je avoir NCSENT de vouloir INF de le NC dans lequel se VIMP DETPOSS NCs ."
1439,1885_Metenier_La-Chair_N.txt,"— Mon enfant , lui dis -je , l' histoire de vos malheurs m' a touché !","— DETPOSS NCs , lui VDIC je , le NCs de DETPOSS NCmod lui avoir PPAS !"
1440,1885_Metenier_La-Chair_N.txt,"Voici mon lit pour aujourd'hui , demain je vous trouverai une chambre .","voici DETPOSS NCo pour ADVT , ADVT je vous VF un NCo ."
1441,1885_Metenier_La-Chair_N.txt,— Elle jeta sur moi un long regard de reconnaissance dans lequel cependant je crus lire un peu d' inquiétude .,— il VPS sur soi un ADJ NCMAN de NCmod dans lequel cependant je PPAS INF un peu de NCSENT .
1442,1885_Metenier_La-Chair_N.txt,"— Quant à moi , ajoutai-je , j' ai à travailler , je me reposerai ensuite un peu sur mon divan !","— quant à soi , ajoutai-il , je avoir à INF , je me VCOND PHASE un peu sur DETPOSS NC !"
1443,1885_Metenier_La-Chair_N.txt,Ses yeux me dirent : « merci !,"DETPOSS NCCOR me VPS : "" INTJ !"
1444,1885_Metenier_La-Chair_N.txt,"» , puis , lentement , elle commença à se déshabiller .",""" , puis , ADV , il VASP à se INF ."
1445,1885_Metenier_La-Chair_N.txt,Une vive rougeur lui monta à le front .,un ADJ NCs lui VPS à le NCCOR .
1446,1885_Metenier_La-Chair_N.txt,Je détournai la tête .,je VF le NCCOR .
1447,1885_Metenier_La-Chair_N.txt,"Lorsqu' elle fut à le lit , et que je vis ses longs cheveux dénoués d' un geste mutin , retomber en cascades blondes sur ses blanches épaules , je m' élançai et j' imprimai sur son cou un long baiser ... Un sanglot s' étouffa de sa gorge , elle se blottit sous les couvertures ; je m' arrêtai .","lorsque il être à le NC , et que je VPS DETPOSS ADJ NCCOR PPAS de un NC ADJ , INF en NC ADJCOL sur DETPOSS ADJCOL NCCOR , je se VF et je VF sur DETPOSS NCCOR un ADJ NCo ... un NCs se VPS de DETPOSS NCCOR , il se VPS sous le NC ; je le PRES ."
1448,1885_Metenier_La-Chair_N.txt,"Mon amour respectueux la rendait pudique , lui refaisait comme une virginité !","DETPOSS NCSENT ADJ le VIMP ADJ , lui VIMP comme un NC !"
1449,1885_Metenier_La-Chair_N.txt,"* ** Je l' installai , le lendemain , dans une chambre contiguë à la mienne , et qui se trouvait alors justement inoccupée .","* ** je le NC , le NCmod , dans un NCmod ADJ à le NCmod , et qui se VIMP alors ADVMAN PPAS ."
1450,1885_Metenier_La-Chair_N.txt,"Chaque matin , elle se levait de bonne heure et frappait à ma porte .","chaque NCT , il se VIMP de ADJ NCT et frapper à DETPOSS NC ."
1451,1885_Metenier_La-Chair_N.txt,"Je l' embrassais , et , tandis qu' enveloppé dans ma robe de chambre , je préparais mes cours , elle , assise à ma fenêtre , brodait ou se confectionnait une garde-robe dont elle avait , hélas !","je le PRES , et , PHASE que PPAS dans DETPOSS NC de NCmod , je VCOND DETPOSS NCo , il , PPAS à DETPOSS NC , VIMP ou se VIMP un NCs dont il avoir , NC !"
1452,1885_Metenier_La-Chair_N.txt,le plus grand besoin .,le plus ADJ NC .
1453,1885_Metenier_La-Chair_N.txt,"Bien souvent , les yeux fixés sur ses doigts effilés , je la regardais piquant son aiguille ou plissant son étoffe , ou bien encore , je l' écoutais chantant de sa voix fraîche la chanson de Musette , la seule qu' elle sût !","bien ADVTEMPS , le NCCOR PPAS sur DETPOSS NCCOR ADJ , je le VCOG PPRES DETPOSS NCo ou PPRES DETPOSS NCo , ou bien encore , je le NCs PPRES de DETPOSS NCMAN PRES le NCo de NP , le ADJ que il VSUBI !"
1454,1885_Metenier_La-Chair_N.txt,Ah !,INTJ !
1455,1885_Metenier_La-Chair_N.txt,"pour moi , elle était tout , elle était Musette , elle était Mimi !","pour soi , il être tout , il être ADJ , il être NP !"
1456,1885_Metenier_La-Chair_N.txt,"Ces charmantes héroïnes que Murger a célébrées , je les retrouvais tout entières dans cette enfant , avec leurs fantasques passions , leurs défauts , mais aussi avec leur délicatesse et leur profonde affection !","ce NC ADJ que NP avoir PPAS , je le VIMP tout ADJ dans ce NC , avec DETPOSS ADJ NCSENT , DETPOSS NC , mais aussi avec lui NCSENT et lui ADJ NCSENT !"
1457,1885_Metenier_La-Chair_N.txt,"Cent fois , je fus sur le point de me lever , de couvrir de baisers ces petites mèches blondes qui frisottaient sur sa nuque , puis de l' étreindre dans mes bras ... et cent fois je me contins !","NUM fois , je PPAS sur le NC de me INF , de INF de NC ce ADJ NCo ADJCOL qui VIMP sur DETPOSS NC , puis de le INF dans DETPOSS NCCOR ... et NUM fois je me PRES !"
1458,1885_Metenier_La-Chair_N.txt,"Cette crainte me retenait , que Lina ne vit dans ma conduite qu' un moyen d' obtenir le prix de les services que je lui rendais .","ce NCSENT me VIMP , que NP ne VCOG dans DETPOSS NC que un NCmod de INF le NCo de le NCmod que je lui VIMP ."
1459,1885_Metenier_La-Chair_N.txt,Je voulais laisser parler son cœur et non sa reconnaissance .,je VIMP laisser INF DETPOSS NCo et non DETPOSS NC .
1460,1885_Metenier_La-Chair_N.txt,J' attendis ; cela dura quinze jours .,je PRES ; cela VPS NUM NCT .
1461,1885_Metenier_La-Chair_N.txt,"... Un matin , elle entra chez moi les yeux rouges et battus .","... un NCT , il VPS chez soi le NCCOR ADJCOL et PPAS ."
1462,1885_Metenier_La-Chair_N.txt,"Elle s' assit sur mes genoux , puis , la tête sur mon épaule , les deux bras amoureusement noués autour de mon cou , plongeant dans mes yeux ses yeux noyés de pleurs : — Gustave , me dit -elle , tu m' as sauvé de la honte , de la misère , de la mort , peut-être !","il se PRES sur DETPOSS NCCOR , puis , le NCCOR sur DETPOSS NCCOR , le NUM NCCOR ADVMAN PPAS ADV de DETPOSS NCCOR , PPRES dans DETPOSS NCCOR DETPOSS NCCOR PPAS de NCmod : — NP , me VDIC il , je lui avoir PPAS de le NCSENT , de le NC , de le NC , peut-être !"
1463,1885_Metenier_La-Chair_N.txt,"Tu sais bien que je suis à toi , que je suis ta chose , ta propriété .","je VCOG bien que je être à soi , que je être VPS chose , VPS NCo ."
1464,1885_Metenier_La-Chair_N.txt,Pourquoi ne me demandes -tu rien ?,pourquoi ne me PRES il rien ?
1465,1885_Metenier_La-Chair_N.txt,Ah !,INTJ !
1466,1885_Metenier_La-Chair_N.txt,"je vois bien , tu ne m' aimes pas !","je ADV bien , je ne le VSENT pas !"
1467,1885_Metenier_La-Chair_N.txt,Je suis bien malheureuse !,je être bien ADJ !
1468,1885_Metenier_La-Chair_N.txt,"Et elle fondit en larmes ... Cette fois , je n' y tins plus , je la saisis , je la couvris de baisers , je la mangeai de caresses , et depuis ce jour -là , elle ne quitta plus ma chambre .","et il VPS en NC ... ce fois , je ne y PRES plus , je le NC , je le NC de NCmod , je le VF de NC , et depuis ce NCT ADVLIEU , il ne VPS plus DETPOSS NCo ."
1469,1885_Metenier_La-Chair_N.txt,* ** Les mois qui suivirent furent les plus heureux de ma vie .,* ** le NCT qui VPS être le plus ADJ de DETPOSS NCmod .
1470,1885_Metenier_La-Chair_N.txt,"Toute la semaine je travaillais , joyeux , l' âme tranquille , sous l' œil de Lina , et , quand le dimanche venait , nous nous envolions tous les deux dans les bois de Meudon ou de Clamart .","tout le NC je VIMP , ADJ , le NC ADJ , sous le NC de NP , et , quand le ADVT venir , nous nous VIMP tout le NUM dans le NCmod de NP ou de NP ."
1471,1885_Metenier_La-Chair_N.txt,Ah !,INTJ !
1472,1885_Metenier_La-Chair_N.txt,"les parties de canot , les dîners sur l' herbe , la cueillette de les fraises et de les noisettes , les promenades sous les allées ombreuses !","le NCo de NCmod , le NC sur le NCmod , le NC de le NCmod et de le NC , le NC sous le NCmod ADJ !"
1473,1885_Metenier_La-Chair_N.txt,"Je revois tout cela dans mon esprit , et mon cœur saigne en pensant que tout cela est perdu et ne reviendra plus !","je ADV tout cela dans DETPOSS NCmod , et DETPOSS NCs PRES en VCOG que tout cela être PPAS et ne VF plus !"
1474,1885_Metenier_La-Chair_N.txt,Mes ressources me permettaient de mener une vie large ; rien ne manquait à notre bonheur ; je crus qu' il serait éternel !,DETPOSS NCs me permettre de INF un NCo ADJ ; rien ne VIMP à DETPOSS NCSENT ; je PPAS que il être ADJ !
1475,1885_Metenier_La-Chair_N.txt,Un temps arriva cependant où les chants devinrent plus rares .,un temps VPS cependant où le NCs devenir plus ADJ .
1476,1885_Metenier_La-Chair_N.txt,"Souvent je trouvais Lina pensive , accoudée à le balcon , restant là de les heures entières , s' enivrant de le bruit qui montait de la rue ... — Qu' as -tu donc , mignonne , tu me sembles toute triste ?","ADVTEMPS je VIMP NP ADJ , PPAS à le NC , PPRES ADVLIEU de le NCT ADJ , se VSENT de le NC qui VIMP de le NC ... — que avoir PPAS donc , mignonne , je me ADJ tout NC ?"
1477,1885_Metenier_La-Chair_N.txt,"— Mais je n' ai rien , je t' assure !","— mais je ne avoir rien , je lui PRES !"
1478,1885_Metenier_La-Chair_N.txt,et un baiser me fermait la bouche .,et un NCs me VIMP le NCCOR .
1479,1885_Metenier_La-Chair_N.txt,"Je n' attachai aucune importance à ce changement , et ne m' en occupai pas davantage .","je ne VF aucun NCo à ce NC , et ne le en VF pas davantage ."
1480,1885_Metenier_La-Chair_N.txt,"Un soir , je rentrai chez moi ... Ma chambre était vide ... Lina était partie , et sur mon bureau , je trouvai ces quelques mots : Pardonne-moi , mon cher Gustave , mon départ précipité .","un NCT , je VF chez soi ... DETPOSS NCs être ADJ ... NP être NC , et sur DETPOSS NC , je VF ce quelque NCo : NP , DETPOSS NC NP , DETPOSS NC PPAS ."
1481,1885_Metenier_La-Chair_N.txt,Tôt ou tard nous devions nous quitter .,tôt ou tard nous devoir nous INF .
1482,1885_Metenier_La-Chair_N.txt,"L' instant de la séparation eût été trop cruel , j' ai mieux aimé le prévenir .","le NCs de le NCmod avoir être trop ADJ , je avoir mieux VSENT le INF ."
1483,1885_Metenier_La-Chair_N.txt,"Merci de ton affection , sois bien sûr que je no l' oublierai jamais , mais j' étais trop heureuse avec toi , et je ne méritais pas ce bonheur !","INTJ de DETPOSS NCSENT , ADV bien ADJ que je ADJ le NC ADVTEMPS , mais je être trop ADJ avec soi , et je ne VIMP pas ce NCSENT !"
1484,1885_Metenier_La-Chair_N.txt,Croirais -tu que parfois il m' arrivait de regretter l' autre ... qui me battait ?,VCOND il que ADVTEMPS il lui VIMP de INF le autre ... qui me VIMP ?
1485,1885_Metenier_La-Chair_N.txt,Pourquoi ne m' as -tu pas battue ?,pourquoi ne le avoir il pas PPAS ?
1486,1885_Metenier_La-Chair_N.txt,Ta LINA .,NP NP .
1487,1885_Metenier_La-Chair_N.txt,» Je restai atterré sous le coup qui me frappait .,""" je VF VSENT sous le NC qui me frapper ."
1488,1885_Metenier_La-Chair_N.txt,"Je l' aimais tant que j' aurais voulu mourir ... Le soir , j' appris qu' elle était partie avec Jules , le garçon de l' hôtel !","je le aimais tant que je avoir vouloir INF ... le NCT , je VCOG que il être NC avec NP , le NC de le NCmod !"
1489,1885_Metenier_La-Chair_N.txt,"Aujourd'hui elle habite la rive droite , elle est lancée .","ADVT il PRES le NCo ADJ , il être PPAS ."
1490,1885_Metenier_La-Chair_N.txt,Jules la protège et je sais même qu' elle achète fort cher sa protection .,NP le PRES et je VCOG même que il PRES fort INF DETPOSS NCo .
1491,1885_Metenier_La-Chair_N.txt,Peut être la bat -il ?,pouvoir être le NCo il ?
1492,1885_Metenier_La-Chair_N.txt,"Quant à moi , je souffre toujours , mais à le fond de mon cœur un profond dégoût a remplacé l' amour , et voilà pourquoi je restais froid hier sous les ardents baisers de cette femme adorable que l' on nomme Jenny Dinar , voilà pourquoi j' ai résisté à les étreintes de cette sirène , qui a vu à ses genoux de les princes et de les altesses de le monde entier !","quant à soi , je VSENT ADVTEMPS , mais à le NC de DETPOSS NCmod un ADJ NCSENT avoir PPAS le NCSENT , et voilà pourquoi je VIMP ADJ ADV sous le NC ADJ de ce NCmod ADJ que l' on PRES NP NP , voilà pourquoi je avoir PPAS à le NC de ce NCmod , qui avoir VCOG à DETPOSS NCCOR de le NCmod et de le NC de le NCmod ADJ !"
1493,1885_Metenier_La-Chair_N.txt,"II MÉMOIRES D' UN TROTTIN ( FRAGMENT ) ... Nous étions là tous deux , dans un cabinet de chez Brébant ; lui , tendre et mélancolique , moi , nerveuse , de le Champagne plein la tête , lui soufflant à le visage la fumée de ma cigarette de tabac turc : — Écoute , Jeanne , me disait -il , tu sais si je t' aime .","NUM NC de NP NP ( NP ) ... nous être ADVLIEU tout NUM , dans un NCmod de chez NP ; lui , INF et ADJ , soi , ADJ , de le NP ADV le NCCOR , lui PPRES à le NCCOR le NC de DETPOSS NCmod de NCmod ADJ : — NCs , NP , me VDIC il , je PRES si je lui VSENT ."
1494,1885_Metenier_La-Chair_N.txt,Tu sais que je donnerais tout pour te voir heureuse !,je VCOG que je VCOND tout pour me VCOG ADJ !
1495,1885_Metenier_La-Chair_N.txt,"... Tu étais pauvre , tu as maintenant un hôtel ... de les chevaux ... de les valets .","... je être ADJ , je avoir ADVT un NCo ... de le NCmod ... de le NC ."
1496,1885_Metenier_La-Chair_N.txt,"Je m' applique à prévenir tes moindres désirs ... tu es ma reine , ma maîtresse ... et je n' ai pas encore vu passer dans tes yeux un éclair de contentement !","je lui VSUBP à INF DETPOSS NCo NCSENT ... je être DETPOSS NC , DETPOSS NC ... et je ne avoir pas encore VCOG INF dans DETPOSS NCCOR un NCo de NCSENT !"
1497,1885_Metenier_La-Chair_N.txt,"... Et si , pour prix de mon dévouement , je te demande non pas de la reconnaissance mais un peu d' affection ... moins que cela ... un baiser , un sourire , je te trouve froide et railleuse , indifférente à mon amour et à mes tourments !","... et si , pour NC de DETPOSS NCmod , je me PRES non pas de le NC mais un peu de NCSENT ... moins que cela ... un NC , un NCMAN , je me PRES ADJ et ADJ , ADJ à DETPOSS NCSENT et à DETPOSS NCSENT !"
1498,1885_Metenier_La-Chair_N.txt,"Mais tu ne sens donc rien , là ?","mais je ne sentir donc rien , ADVLIEU ?"
1499,1885_Metenier_La-Chair_N.txt,Tu n' as donc jamais aimé ?,je ne avoir donc ADVTEMPS VSENT ?
1500,1885_Metenier_La-Chair_N.txt,Je haussai dédaigneusement les épaules .,je VF ADVMAN le NCCOR .
1501,1885_Metenier_La-Chair_N.txt,"— Mais si , mon cher , j' ai aimé .","— mais si , DETPOSS NC , je avoir VSENT ."
1502,1885_Metenier_La-Chair_N.txt,C' est même pour cela que je n' aime plus .,ce être même pour cela que je ne VSENT plus .
1503,1885_Metenier_La-Chair_N.txt,"Aujourd'hui , voyez -vous , que l' égoïsme règne en maître , le monde n' appartient plus qu' à les intrigants et à les sceptiques .","ADVT , IMP vous , que le NCs PRES en NC , le NCs ne PRES plus que à le NC et à le NC ."
1504,1885_Metenier_La-Chair_N.txt,On voit bien que vous ne connaissez pas mon histoire .,on VCOG bien que vous ne PRES pas DETPOSS NCo .
1505,1885_Metenier_La-Chair_N.txt,Je vais vous la dire .,je aller vous le VDIC .
1506,1885_Metenier_La-Chair_N.txt,J' ai peu connu ma mère .,je avoir peu PPAS DETPOSS NCo .
1507,1885_Metenier_La-Chair_N.txt,"Je suis la fille d' un homme de lettres à qui il n' a manqué que le succès , puisqu' il avait le talent , l' érudition et tant de bon sens qu' il aima mieux me voir trottin , moi , sa pauvre petite fille , qu' actrice ou bas-bleu .","je être le NC de un NCmod de NCmod à qui il ne avoir PPAS que le NC , puisque il avoir le NCo , le NC et tant de ADJ NC que il VSENT mieux me VCOG ADV , soi , DETPOSS NCo ADJ NC , que NC ou NC ."
1508,1885_Metenier_La-Chair_N.txt,"Et pourtant , j' étais assez instruite pour ne commettre , dès l' âge de douze ans , aucun crime de lése-orthographe et pour être capable de me tenir convenablement dans ce bas-monde , si j' avais eu alors ... ce que j' ai aujourd'hui !","et pourtant , je être ADV PPAS pour ne INF , dès le NC de NUM NCT , aucun NC de NCmod et pour être ADJ de me INF ADV dans ce NC , si je avoir avoir alors ... ce que je avoir ADV !"
1509,1885_Metenier_La-Chair_N.txt,"Encore toute enfant , j' étais donc trottin , c'est-à-dire l' un de ces vingt-cinq mille saute-ruisseaux femelles qui traînent le long de les boulevards leurs tristes bottines , portant le carton à chapeaux , jusqu' à le jour où la loi sur l' avancement les autorise à rester à l' article de confection .","encore tout NC , je être donc ADJ , ADV le un de ce NUM NUM NCmod ADJ qui PRES le NC de le NCmod DETPOSS NCo ADJ , PPRES le NCo à NC , jusque à le NCT où le NCs sur le NCmod le PRES à INF à le NC de NCmod ."
1510,1885_Metenier_La-Chair_N.txt,J' étais gaie dans ce temps -là et mon inaltérable bonne humeur fut pour mon pauvre père une compensation à bien de les chagrins .,je être PPAS dans ce temps ADVLIEU et DETPOSS ADJ ADJ NCs être pour DETPOSS NC PRES un NCo à bien de le NCSENT .
1511,1885_Metenier_La-Chair_N.txt,C' était la moitié de son courage .,ce être le NC de DETPOSS NCmod .
1512,1885_Metenier_La-Chair_N.txt,Il m' aimait tant !,il lui VSENT tant !
1513,1885_Metenier_La-Chair_N.txt,"Tant qu' il vécut , je restai insouciante , ne sachant rien de les exigences , ni de les injustices de la vie , puis , un jour , sa mort imprévue me laissa seule , sans guide , dans l' obligation de subvenir moi-même à tous mes besoins ... Mon héritage était mesquin , une petite bibliothèque , de les manuscrits , quelques hardes dont , à moins de changer de sexe , je ne pouvais faire usage ... La vieille montre de famille retardait de cinquante francs et ma tante la garda .","tant que il VPS , je VF ADJ , ne VCOG rien de le NCmod , ni de le NC de le NCmod , puis , un NCT , DETPOSS NCs PPAS me VPS ADJ , sans NC , dans le NCmod de INF soi-même à tout DETPOSS NCmod ... DETPOSS NCs être ADJ , un ADJ NC , de le NC , quelque NC dont , à moins de INF de NC , je ne pouvoir faire NCo ... le ADJ NCs de NCmod VIMP de NUM NC et DETPOSS tant le NC ."
1514,1885_Metenier_La-Chair_N.txt,Le reste no vaut pas l' honneur d' être nommé .,le NCs NC PRES pas le NCSENT de être PPAS .
1515,1885_Metenier_La-Chair_N.txt,C' étaient ... nos dettes !,ce être ... DETPOSS NC !
1516,1885_Metenier_La-Chair_N.txt,La Société de les Gens de Lettres inhuma mon père ; elle ne pouvait faire moins .,le NCs de le NP de NP VPS DETPOSS NCo ; il ne pouvoir faire moins .
1517,1885_Metenier_La-Chair_N.txt,"Comme mon apprentissage n' était pas terminé , j' exposai ma position à ma maîtresse d' atelier : — Ma chère enfant , me fut -il répondu , soyez assurée que la première place vacante vous sera réservée , mais ... vous le savez , le commerce va mal ... nous sommes dans la morte-saison ... — Mais , en attendant , me faudra -t -il donc mourir de faim ?","comme DETPOSS NCspas ne être pas VASP , je VF DETPOSS NCo à DETPOSS NC de NCmod : — DETPOSS NCs NCmod , me être il VDIC , être PPAS que le ADJ NCspas ADJ vous être PPAS , mais ... vous le VCOG , le NCs aller mal ... nous être dans le NC ... — mais , en PPRES , me VF t il donc INF de NC ?"
1518,1885_Metenier_La-Chair_N.txt,— Mourir de faim !,— NP de NCmod !
1519,1885_Metenier_La-Chair_N.txt,à votre âge !,à DETPOSS NC !
1520,1885_Metenier_La-Chair_N.txt,Allons donc !,aller donc !
1521,1885_Metenier_La-Chair_N.txt,"Par exemple , a -t ' on jamais vu une jolie fille comme vous mourir de faim ?","par NC , avoir t ' on ADVTEMPS VCOG un ADJ NCo comme vous INF de NC ?"
1522,1885_Metenier_La-Chair_N.txt,Je me retirai ... la mort dans l' âme .,je me VF ... le NCo dans le NCmod .
1523,1885_Metenier_La-Chair_N.txt,"Ce soir -là je vous ai rencontré pour la première fois ; mais souvenez -vous de le regard qui accueillit votre proposition ... Le lendemain , je visitai un professeur de le Conservatoire , dont j' avais bien souvent entendu prononcer le nom par mon pauvre père .","ce NCT ADVLIEU je vous avoir PPAS pour le ADJ fois ; mais PRES vous de le NCMAN qui PRES DETPOSS NCo ... le NC , je VF un NCo de le NP , dont je avoir bien ADVTEMPS VCOG INF le NCo par DETPOSS ADJ NC ."
1524,1885_Metenier_La-Chair_N.txt,"C' était un grand monsieur chauve , à lunettes d' or , à le nez en bec d' aigle .","ce être un ADJ monsieur NCmod , à NC de NCmod , à le NCCOR en NCmod de NCmod ."
1525,1885_Metenier_La-Chair_N.txt,— Ah !,— INTJ !
1526,1885_Metenier_La-Chair_N.txt,vous êtes la fille de ce pauvre Albert !,vous être le NC de ce ADJ NP !
1527,1885_Metenier_La-Chair_N.txt,"C' était un bon camarade ... trop timide , par exemple ... un peu apathique ... c' est ce qui l' a empêché de ressortir .","ce être un ADJ NC ... trop ADJ , par NC ... un peu ADJ ... ce être ce qui le avoir PPAS de INF ."
1528,1885_Metenier_La-Chair_N.txt,"Puis il me passa en revue , me fit parler , me fit chanter , examina mes mains , mes pieds , puis , tout à coup : — Quel âge avez -vous , mon enfant ?","puis il me VPS en NC , me faire INF , me faire INF , VPS DETPOSS NCCOR , DETPOSS NCCOR , puis , tout à NC : — quel NCs avoir vous , DETPOSS NC ?"
1529,1885_Metenier_La-Chair_N.txt,"— Seize ans , monsieur .","— NUM NCT , monsieur ."
1530,1885_Metenier_La-Chair_N.txt,"— Oui , c' est bien cela .","— oui , ce être bien cela ."
1531,1885_Metenier_La-Chair_N.txt,"Jeune , gentille , instruite , une voix chaude , bien timbrée ; fort peu d' actrices possèdent tout cela , mais , — il y a un grand mais , — il faut trois ans d' études , deux ans à le minimum .","ADJ , NC , PPAS , un NCMAN ADJ , bien PPAS ; fort peu de NCs PRES tout cela , mais , — il y avoir un ADJ mais , — il PRES NUM NCT de NCmod , NUM NCT à le NCmod ."
1532,1885_Metenier_La-Chair_N.txt,"Or , vous n' avez pas le temps d' attendre .","or , vous ne avoir pas le temps de INF ."
1533,1885_Metenier_La-Chair_N.txt,"Eh bien , mon enfant , tâchez de trouver une personne qui s' intéresse à votre sort , qui se charge de vous pendant ce temps -là , et revenez me trouver .","INTJ bien , DETPOSS NC , IMP de INF un NCo qui se VSENT à DETPOSS NC , qui se PRES de vous PHASE ce temps ADVLIEU , et IMP me INF ."
1534,1885_Metenier_La-Chair_N.txt,Je ferai de vous une artiste !,je faire de vous un NCo !
1535,1885_Metenier_La-Chair_N.txt,"Toujours les mêmes insinuations et , cette fois , c' était un vieux à cheveux blancs qui , à mots couverts , me conseillait d' acheter avec mon corps non pas l' opulence et la fortune , mais le pain de chaque jour !","ADVTEMPS le même NC et , ce fois , ce être un ADJ à NCCOR ADJCOL qui , à NC ADJ , me VIMP de INF avec DETPOSS NCCOR non pas le NC et le NC , mais le NC de chaque NCT !"
1536,1885_Metenier_La-Chair_N.txt,"Je frappai à bien d' autres portes sans obtenir plus de résultats .... Enfin , un soir , que je rentrais harassée , triste et et désespérée , j' ai laissé tomber ma main dans la main que vous me tendiez chaque jour avec obstination .","je VF à bien un autre NC sans INF plus de NC .... ADV , un NCT , que je VCOND ADJ , ADJ et et VSENT , je avoir laisser INF DETPOSS NCCOR dans le NCCOR que vous me VSUBP chaque NCT avec NC ."
1537,1885_Metenier_La-Chair_N.txt,"Dès cet instant , j' ai compris la vie , et ma dernière illusion s' est envolée !","dès ce NC , je avoir VCOG le NCo , et DETPOSS ADJ NCs se être PPAS !"
1538,1885_Metenier_La-Chair_N.txt,"Mon père avait été juste et honnête ; malgré tout son talent , il a été dédaigné , méprisé , foulé à les pieds , et il est mort , torturé par la douleur de me laisser à les prises avec l' infortune et la misère .","DETPOSS NCs avoir être ADJ et ADJ ; malgré tout DETPOSS NC , il avoir être VSENT , VSENT , PPAS à le NCCOR , et il être PPAS , PPAS par le NCSENT de me laisser à le NC avec le NC et le NC ."
1539,1885_Metenier_La-Chair_N.txt,"A son exemple , j' ai voulu rester simple et bonne , et le monde ne m' a laissé d' autre alternative que celle -là : Me vendre , ou crever de faim !","à DETPOSS NC , je avoir vouloir INF ADJ et ADJ , et le NCs ne le avoir laisser de autre NC que celui ADVLIEU : me INF , ou INF de NC !"
1540,1885_Metenier_La-Chair_N.txt,"Vous étiez là , j' ai renié mon père et je me suis vendue !","vous PRES ADVLIEU , je avoir PPAS DETPOSS NCo et je me être PPAS !"
1541,1885_Metenier_La-Chair_N.txt,"Et mon sacrifice est encore plus grand que le vôtre , puisque , pour un peu de votre or , je vous donne , moi , la chair de ma chair et le sang de mes veines !","et DETPOSS NCs être encore plus ADJ que le nôtre , puisque , pour un peu de DETPOSS NCmod , je vous PRES , soi , le NCCOR de DETPOSS NCCOR et le NCCOR de DETPOSS NCmod !"
1542,1885_Metenier_La-Chair_N.txt,... Eh bien !,... INTJ bien !
1543,1885_Metenier_La-Chair_N.txt,que vous faut -il de plus ?,que vous PRES il de plus ?
1544,1885_Metenier_La-Chair_N.txt,"PETITES VIEILLES ET PETITS VIEUX ( ESQUISSES PARISIENNES ) I FLEUR-DE-MOKA Honteuses d' exister , ombres ratatinées , Peureuses , le dos bas , vous côtoyez les murs !","NP NP NP NP NP ( NP NP ) NUM NP NC de INF , NC ADJ , NP , le NCCOR ADJ , vous PRES le NCo !"
1545,1885_Metenier_La-Chair_N.txt,"Et nul ne vous salue , étranges destinées , Débris d' humanité pour l' éternité mûrs !","et nul ne vous PRES , ADJ NC , PPAS de NC pour le NC NC !"
1546,1885_Metenier_La-Chair_N.txt,» ( Fleurs de le Mal .,""" ( NC de le NP ."
1547,1885_Metenier_La-Chair_N.txt,) Celle -là fait mentir les beaux vers de le poète .,) celui ADVLIEU faire INF le ADJ NC de le NCmod .
1548,1885_Metenier_La-Chair_N.txt,"Elle appartient , de le reste , à une catégorie que Baudelaire n' a jamais observée , ni chantée .","il PRES , de le NC , à un NC que NP ne avoir ADVTEMPS PPAS , ni PPAS ."
1549,1885_Metenier_La-Chair_N.txt,"C' est cependant une petite vieille , mais n' allez pas le lui dire !","ce être cependant un ADJ ADJ , mais ne aller pas le lui VDIC !"
1550,1885_Metenier_La-Chair_N.txt,Elle s' en formaliserait .,il se en VCOND .
1551,1885_Metenier_La-Chair_N.txt,Quel âge a -t -elle ?,quel NCs avoir t il ?
1552,1885_Metenier_La-Chair_N.txt,"Dans l' intimité , elle avoue quarante ans ; mais si la figure est encore fraîche , les rides de le cou et les mèches grises , qui frisottent autour de les tempes , semblent lui donner un démenti formel .","dans le NC , il VDIC NUM NCT ; mais si le NCCOR être encore ADJ , le NCs de le NCCOR et le NC ADJCOL , qui PRES ADV de le NCCOR , sembler lui INF un NCo ADJ ."
1553,1885_Metenier_La-Chair_N.txt,"C' est tout un poème que l' histoire de cette pauvre femme , poème lamentable s' il en fut .","ce être tout un NC que le NCmod de ce ADJ NCmod , NC ADJ si il en être ."
1554,1885_Metenier_La-Chair_N.txt,"A chaque heure de si vie correspond une souffrance , une souffrance d' autant plus poignante qu' elle est sans remède et qu' elle est éternelle .","à chaque NCT de si NCs PRES un NCSENT , un NCSENT de autant plus ADJ que il être sans NC et que il être ADJ ."
1555,1885_Metenier_La-Chair_N.txt,"Le cœur se serre ; on voudrait plaindre cette triste victime , qu' aucune affection n' entoure .","le NCs se PRES ; on vouloir INF ce ADJ NCo , que aucun NCSENT ne PRES ."
1556,1885_Metenier_La-Chair_N.txt,"On ne le peut pas et toute la pitié tombe devant cette indifférence glacée et ce pâle sourire , masque d' une âme brûlée de désirs , mais trop fière pour ne pas s' irriter d' une compassion qu' elle se refuse à elle-même .","on ne le pouvoir pas et tout le VSENT PRES ADVLIEU ce VSENT ADJ et ce ADJ NCMAN , NC de un NCmod VSENT de NCSENT , mais trop ADJ pour ne pas se VSENT de un NCSENT que il se PRES à elle-même ."
1557,1885_Metenier_La-Chair_N.txt,"Si elle est misérable , la pauvre vieille , elle n' a pas conscience de sa misère ; si elle souffre mille tortures , par un incompréhensible phénomène , elle les supporte sans une plainte .","si il être ADJ , le NC ADJ , il ne avoir pas NCo de DETPOSS NCmod ; si il VSENT NUM NCo , par un ADJ NC , il le PRES sans un NC ."
1558,1885_Metenier_La-Chair_N.txt,"Pourtant , elle n' est pas folle .","pourtant , il ne être pas ADJ ."
1559,1885_Metenier_La-Chair_N.txt,"Non , mais elle est vierge , vierge de corps et d' esprit !","non , mais il être ADJ , ADJ de NCCOR et de NC !"
1560,1885_Metenier_La-Chair_N.txt,"C' est l' amante idéale à l' âme chaste et pure dont jamais un baiser n' a terni l' éblouissante blancheur , et si jamais elle n' a vivement ressenti les cruelles atteintes de l' aiguillon de la douleur s' enfonçant dans ses chairs , c' est que , sous cette enveloppe ridée , bat un cœur de vingt ans !","ce être le NC ADJ à le NCmod ADJ et ADJ dont ADVTEMPS un NCs ne avoir PPAS le NCo ADJ , et si ADVTEMPS il ne avoir ADVINT VSENT le NCo PPAS de le NC de le NCSENT se PPRES dans DETPOSS NCCOR , ce être que , sous ce NCs ADJ , PRES un NCo de NUM NCT !"
1561,1885_Metenier_La-Chair_N.txt,"Elle est candide , cette vieille vierge .","il être ADJ , ce NC ADJ ."
1562,1885_Metenier_La-Chair_N.txt,"* ** Elle a été riche , Fleur-de-Moka , et instruite , et aimée .","* ** il avoir être ADJ , NP , et PPAS , et VSENT ."
1563,1885_Metenier_La-Chair_N.txt,"Elle était fille unique d' un armateur que le naufrage successif de deux navires , portant sa fortune , ruina complètement et poussa à le suicide .","il être NCs ADJ de un NCmod que le NCmod ADJ de NUM NCmod , PPRES DETPOSS NCo , VPS ADVINT et VPS à le NC ."
1564,1885_Metenier_La-Chair_N.txt,"La mère devint folle et l' enfant resta seule , sans autres ressources que celles de son travail .","le NCs devenir ADJ et le NCs VPS ADJ , sans autre NC que celui de DETPOSS NCmod ."
1565,1885_Metenier_La-Chair_N.txt,"Elle avait bien de les parents éloignés , mais son orgueil la fit renoncer à s' adresser à eux .","il avoir bien de le NC PPAS , mais DETPOSS NCSENT le faire INF à se INF à eux ."
1566,1885_Metenier_La-Chair_N.txt,"De le reste , la secousse ayant été trop forte et le changement trop brusque , le désespoir eut peu de prise sur ce cerveau faiblement équilibré .","de le NC , le NCs avoir être trop fort et le NC trop ADJ , le NCSENT avoir peu de NC sur ce NCCOR ADVINT PPAS ."
1567,1885_Metenier_La-Chair_N.txt,"Les idées s' arrêtèrent , l' expérience même de la vie ne vint jamais rien ajouter à ses connaissances .","le NCs se VPS , le NC même de le NCmod ne venir ADVTEMPS rien INF à DETPOSS NC ."
1568,1885_Metenier_La-Chair_N.txt,"D' une beauté fort contestable , n' ayant que sa fraîcheur pour tout apanage , elle eut le bonheur d' échapper à les obsessions qui perdent tant de jeunes abandonnées et , après vingt ans , elle est restée ce qu' elle était la veille de le jour où sa ruine se consomma .","de un NC fort ADJ , ne avoir que DETPOSS NCo pour tout NC , il avoir le NCSENT de INF à le NCSENT qui PRES tant un ADJ NCo et , PHASE NUM NCT , il être PPAS ce que il être le NCs de le NCT où DETPOSS NCs se VPS ."
1569,1885_Metenier_La-Chair_N.txt,"Appartenant à cette époque où Chateaubriand et Bernardin-de-Saint-Pierre commandaient à tant d' imaginations , la sensiblerie officielle , elle attend encore le Paul ou le René qu' elle voit dans tous ses rêves .","PPRES à ce NC où NP et NP VIMP à tant de NC , le NC ADJ , il PRES encore le NP ou le NP que il VCOG dans tout DETPOSS NC ."
1570,1885_Metenier_La-Chair_N.txt,Rien n' est changé dans sa manière d' être .,rien ne être PPAS dans DETPOSS NC de être .
1571,1885_Metenier_La-Chair_N.txt,"Causez avec elle , vous la verrez baisser pudiquement les yeux et vous répondre de le ton de la jeune fille bien élevée que sa maman a laissée par mégarde en tête-à-tête avec son prétendu , et cette candeur n' est pas affectée , elle est réelle !","IMP avec il , vous le PRES INF ADVMAN le NCCOR et vous VDIC de le NC de le ADJ NCmod bien ADJ que DETPOSS NCs avoir laisser par NC en NCmod avec DETPOSS NC , et ce NCspas ne être pas VSENT , il être ADJ !"
1572,1885_Metenier_La-Chair_N.txt,"* ** Elle rougit d' un mot malsonnant , se blesse d' une marque d' intérêt qu' elle sent dictée par la pitié , foudroierait d' un regard ou d' un : « Pour qui me prenez -vous ?","* ** il PRES de un NC ADJ , se VSENT de un NC de NCSENT que il sentir PPAS par le VSENT , VCOND de un NCMAN ou de un : "" NC qui me PRES vous ?"
1573,1885_Metenier_La-Chair_N.txt,"» l' insolent qui lui offrirait un secours , joue à la dame comme il faut et consacre à sa toilette la plus grande partie de ses ressources .",""" le NCo qui lui VCOND un NCo , PRES à le NC comme il PRES et PRES à DETPOSS NC le plus ADJ NCo de DETPOSS NCmod ."
1574,1885_Metenier_La-Chair_N.txt,Sa toilette ?,DETPOSS NC ?
1575,1885_Metenier_La-Chair_N.txt,Peut -on appeler de ce nom l' étrange défroque à la mode de 1830 quelle se fabrique elle-même avec les oripeaux variés qu' elle découvre chez les revendeurs ou sur le carreau de le Temple ?,pouvoir on INF de ce NC le ADJ NCo à le NCmod de NUM quel se PRES elle-même avec le NC ADJ que il VCOG chez le NC ou sur le NC de le NP ?
1576,1885_Metenier_La-Chair_N.txt,"Son chapeau à rubans jaunes et à fleurs rouges vaut un long poème , car elle ne porte que des-chapeaux : on ne peut pas passer partout avec une coiffure ou un bonnet !","DETPOSS NCs à NCmod ADJCOL et à NC ADJCOL PRES un NCo ADJ , car il ne PRES que ADJ : on ne pouvoir pas INF ADV avec un NC ou un NC !"
1577,1885_Metenier_La-Chair_N.txt,Elle a assorti sa robe grise à volants avec un .,il avoir PPAS DETPOSS NCo VSENT à NC avec un .
1578,1885_Metenier_La-Chair_N.txt,vieux corsage de satin noir .,ADJ NC de NCmod ADJ .
1579,1885_Metenier_La-Chair_N.txt,"Les couleurs jurent bien un peu , mais il moule si bien la taille , ce corsage !","le NCs PRES bien un peu , mais il PRES si bien le NCo , ce NC !"
1580,1885_Metenier_La-Chair_N.txt,Vous comprenez bien qu' elle ne pouvait pas laisser passer une pareille occasion .,vous VCOG bien que il ne pouvoir pas laisser INF un ADJ NCo .
1581,1885_Metenier_La-Chair_N.txt,Elle l' a eu pour fr. 1.75 !,il le avoir avoir pour NC NUM !
1582,1885_Metenier_La-Chair_N.txt,Une dame qui voulait s' en défaire !,un NC qui vouloir se en INF !
1583,1885_Metenier_La-Chair_N.txt,"Dans tous les magasins , elle n' aurait pas eu le pareil pour quinze francs !","dans tout le NC , il ne avoir pas avoir le NCo pour NUM NC !"
1584,1885_Metenier_La-Chair_N.txt,Quinze francs !,NUM NC !
1585,1885_Metenier_La-Chair_N.txt,"L' hiver venant , la pauvre vieille avait absolument besoin d' un manchon .","le NC PPRES , le NCs ADJ avoir ADVINT NCo de un NCmod ."
1586,1885_Metenier_La-Chair_N.txt,Elle ne pouvait pourtant pas sortir sans manchon ; elle pouvait rencontrer quelqu'un !,il ne pouvoir pourtant pas INF sans NC ; il pouvoir INF quelqu'un !
1587,1885_Metenier_La-Chair_N.txt,"Alors , en trouvant un d' occasion , elle l' a acheté .","alors , en PPRES un de NCmod , il le avoir PPAS ."
1588,1885_Metenier_La-Chair_N.txt,"Mais , ce qu' elle ne dit pas , la malheureuse , c' est que , pour avoir un manchon , il lui fallait quatre francs !","mais , ce que il ne VDIC pas , le NC , ce être que , pour avoir un NCo , il lui VIMP NUM NCo !"
1589,1885_Metenier_La-Chair_N.txt,"Elle a mis à le Mont-de-Piété son édredon , et elle grelotte la nuit , parce que , le jour , elle pourrait rencontrer quelqu'un !","il avoir mettre à le NP DETPOSS NCo , et il PRES le NCT , parce que , le NCT , il pouvoir INF quelqu'un !"
1590,1885_Metenier_La-Chair_N.txt,"* ** Elle habile rue de la Grande-Chaumière , dans une maison sordide , un galetas , situé sous les gouttières , à le sixième au-dessus de l' entre-sol .","* ** il PRES NCo de le NP , dans un NC ADJ , un NC , PPAS sous le NC , à le ADJ ADVLIEU de le NC ."
1591,1885_Metenier_La-Chair_N.txt,Elle paie chaque semaine deux francs de location .,il PRES chaque NC NUM NCo de NCmod .
1592,1885_Metenier_La-Chair_N.txt,"Son mobilier se compose d' un lit , d' une chaise , d' une malle et d' un réchaud ; elle se baisse pour entrer chez elle , Comme elle ne reçoit pas ordinairement de visites , elle a jugé inutile de demeurer dans un quartier riche !","DETPOSS NCs se PRES de un NC , de un NC , de un NC et de un NC ; il se PRES pour INF chez il , comme il ne PRES pas ADVTEMPS de NC , il avoir PPAS ADJ de INF dans un NC ADJ !"
1593,1885_Metenier_La-Chair_N.txt,"Tous les matins , elle descend et achète deux sous de Fleur-de-Moka pour son café noir .","tout le NCT , il PRES et PRES NUM NCo de NP pour DETPOSS NCmod ADJ ."
1594,1885_Metenier_La-Chair_N.txt,"Elle n' en fait pas de grandes provisions , parce que cela s' évente .","il ne en faire pas un ADJ NCo , parce que cela se PRES ."
1595,1885_Metenier_La-Chair_N.txt,"Tout le quartier est à le courant de cette vieille habitude , aussi ne la désigne -t -on jamais que sous le nom de Fleur-de-Moka , et je ne sais comment , ce sobriquet la suit partout .","tout le NCs être à le NC de ce ADJ NCmod , aussi ne le PRES t on ADVTEMPS que sous le NC de NP , et je ne VCOG comment , ce NCs le PRES ADV ."
1596,1885_Metenier_La-Chair_N.txt,"Avant de remonter , elle va chercher son Petit Journal .","PHASE de VSENT , il aller INF DETPOSS ADJ NCo ."
1597,1885_Metenier_La-Chair_N.txt,Il publie de si jolis feuilletons 1 Elle aimerait mieux se passer de Fleur-de-Moka que de son Petit Journal !,il PRES de si ADJ NC NUM il VSENT mieux se INF de NP que de DETPOSS ADJ NC !
1598,1885_Metenier_La-Chair_N.txt,"puis , quand elle savouré à longs traits son affreux petit noir , elle met dans un cabas l' ouvrage que lui fournit chaque jour un magasin de lingerie et s' achemine vers le Luxembourg .","puis , quand il PPAS à ADJ NC DETPOSS NCo ADJ ADJ , il mettre dans un NC le NCo que lui PRES chaque NCT un NCs de NCmod et se PRES vers le NP ."
1599,1885_Metenier_La-Chair_N.txt,"Et là , assise sur un banc , elle brode le trousseau d' une jeune fiancée , dont elle n' envie pas le bonheur , parce qu' elle est trop occupée d' elle-même et qu' elle ne peut s' imaginer qu' une autre soit plus heureuse qu' elle .","et ADVLIEU , PPAS sur un NC , il PRES le NCo de un ADJ NCmod , dont il ne PRES pas le NCSENT , parce que il être trop PPAS de elle-même et que il ne pouvoir se VCOG que un autre être plus ADJ que il ."
1600,1885_Metenier_La-Chair_N.txt,"De temps en temps , elle s' interrompt , fixant ingénument un œil à la fois curieux et timide dans le regard de les jeunes hommes qui passent , et quand elle a compris que le bien-aimé n' est point encore parmi eux , elle reprend tranquillement son travail .","de temps en temps , il se PRES , PPRES ADV un NCo à le fois ADJ et ADJ dans le NCMAN de le ADJ NCmod qui PRES , et quand il avoir VCOG que le NCs ne être ADV encore parmi eux , il PRES ADVMAN DETPOSS NCo ."
1601,1885_Metenier_La-Chair_N.txt,"Midi sonnant , elle se lève et arrive chez son traiteur .","NC ADJ , il se PRES et PRES chez DETPOSS NC ."
1602,1885_Metenier_La-Chair_N.txt,"On lui sert à une petite table une portion de viande , deux sous de pain et un verre de vin .","on lui PRES à un ADJ NC un NCo de NCmod , NUM NC de NCmod et un NC de NCmod ."
1603,1885_Metenier_La-Chair_N.txt,"Les jours d' extra , elle se commande un veau Marengo , C' est son idéal , à elle , le veau Marengo !","le NCT de NCmod , il se PRES un NCo NP , ce être DETPOSS NC , à il , le NC NP !"
1604,1885_Metenier_La-Chair_N.txt,Eh !,INTJ !
1605,1885_Metenier_La-Chair_N.txt,mon Dieu !,son NP !
1606,1885_Metenier_La-Chair_N.txt,qui n' a pas ses petites faiblesses ?,qui ne avoir pas DETPOSS ADJ NCo ?
1607,1885_Metenier_La-Chair_N.txt,Elle reprend jusqu' à la nuit sa place sur le banc de le Luxembourg et ne sort de le jardin que lorsqu' on en ferme les portes .,il PRES jusque à le NCT DETPOSS NCo sur le NC de le NP et ne PRES de le NC que lorsque on en PRES le NCo .
1608,1885_Metenier_La-Chair_N.txt,"Alors , si le temps est beau , avant d' aller dîner , elle descend tout doucement le boulevard Saint-Michel , puis elle rentre , à moins qu' il n' y ait une cérémonie à Saint-Sulpice .","alors , si le temps être ADJ , PHASE de aller NCo , il PRES tout ADVMAN le NC NP , puis il PRES , à moins que il ne y avoir un NCo à NP ."
1609,1885_Metenier_La-Chair_N.txt,"Elle n' est pas de la paroisse Saint-Sulpice , mais l' éloquence sacrée est une si belle chose !","il ne être pas de le NC NP , mais le NCs ADJ être un si ADJ chose !"
1610,1885_Metenier_La-Chair_N.txt,"Et là seulement on entend de véritables orateurs et , d' ailleurs , on y rencontre toutes ces dames .","et ADVLIEU seulement on VCOG un véritable NCo et , de ADVLIEU , on y PRES tout ce NCo ."
1611,1885_Metenier_La-Chair_N.txt,"* ** Et tous les jours de la pauvre vieille se suivent , uniformes , monotones .","* ** et tout le NCT de le NCmod ADJ se PRES , NC , NC ."
1612,1885_Metenier_La-Chair_N.txt,"Et calme , sereine , ne pensant à rien , soutenue par l' Espérance , cette consolatrice , elle les vivra sans ennui jusqu' à le terme fatal , qui la réunira peut-être à l' amant idéal qu' elle a vainement attendu ici-bas pendant si longtemps .","et NCSENT , NC , ne VCOG à rien , PPAS par le NP , ce NC , il le VF sans NCSENT jusque à le NC ADJ , qui le VF peut-être à le NC ADJ que il avoir ADV PPAS NCo PHASE si longtemps ."
1613,1885_Metenier_La-Chair_N.txt,II TANTE AURORE Il m' est resté de mon extrême jeunesse certains souvenirs ineffaçables .,NUM NP NP il lui être PPAS de DETPOSS NC PRES certain NCo ADJ .
1614,1885_Metenier_La-Chair_N.txt,On sait combien la mémoire de les enfants est prompte à s' emparer de les faits étranges ou de les images extraordinaires qui ont pu frapper leurs regards .,on VCOG combien le NCs de le NCmod être ADJ à se INF de le NC ADJ ou de le NC ADJ qui avoir pouvoir frapper DETPOSS NCMAN .
1615,1885_Metenier_La-Chair_N.txt,"Or , parmi ces souvenirs , il en est un , vivant dans mon esprit , comme s' il datait d' hier .","or , parmi ce NC , il en être un , PPRES dans DETPOSS NC , comme si il VIMP de ADV ."
1616,1885_Metenier_La-Chair_N.txt,"J' avais six ans ; un jour , ma mère m' emmena à l' église Saint-Séverin .","je avoir NUM NCT ; un NCT , DETPOSS NCs lui VPS à le NC NP ."
1617,1885_Metenier_La-Chair_N.txt,L' immense et sombre nef était presque déserte .,le ADJ et ADJ NCs être presque ADJ .
1618,1885_Metenier_La-Chair_N.txt,"Je souffrais alors d' un rhume , et , la fraîcheur de l' église aidant , je fis entendre une petite toux .","je VCOND alors de un NC , et , le NC de le NCmod PPRES , je ADJ VCOG un ADJ NCo ."
1619,1885_Metenier_La-Chair_N.txt,"Notre prière achevée , et comme nous nous disposions à sortir , une ombre se dressa devant nous .","DETPOSS NC VASP , et comme nous nous VIMP à INF , un NCs se VPS ADVLIEU nous ."
1620,1885_Metenier_La-Chair_N.txt,"C' était une grande femme , sèche comme un échalas et droite comme un I. Coiffée d' un chapeau Directoire , comme on recommence à en porter de nos jours , drapée dans un vaste châle à ramages , la main droite appuyée sur une longue canne , elle fixait sur moi son petit œil gris .","ce être un ADJ NC , NC comme un NCmod et NC comme un NUM PPAS de un NC NP , comme on PRES à en INF de DETPOSS NCT , PPAS dans un ADJ NC à NCmod , le NCCOR ADJ PPAS sur un ADJ NC , il VIMP sur soi DETPOSS ADJ NCo ADJCOL ."
1621,1885_Metenier_La-Chair_N.txt,Je vois encore les longs tire-bouchons blancs pendant de les deux côtés de ses joues décharnées .,je ADV encore le ADJ NC ADJCOL PHASE de le NUM NCmod de DETPOSS NCCOR ADJ .
1622,1885_Metenier_La-Chair_N.txt,"Cette subite apparition , jointe à une certaine terreur que j' éprouvais toujours quand j' entrais le soir dans une église , même avec quelqu'un , me fit frissonner .","ce ADJ NC , PPAS à un ADJ NCSENT que je VIMP ADVTEMPS quand je VCOND le NCT dans un NC , même avec quelqu'un , me faire INF ."
1623,1885_Metenier_La-Chair_N.txt,Je me serrai près de ma mère .,je me VF ADVLIEU de DETPOSS NC .
1624,1885_Metenier_La-Chair_N.txt,"— Madame , fit gravement cette étrange personne , votre fils vient de tousser .","— madame , faire ADVMAN ce ADJ NCo , DETPOSS NCs venir de INF ."
1625,1885_Metenier_La-Chair_N.txt,C' est porter une grave atteinte à le respect que l' on doit à Dieu dans son temple .,ce être INF un ADJ NCo à le NCmod que l' on devoir à NP dans DETPOSS NC .
1626,1885_Metenier_La-Chair_N.txt,J' espère que ce fait ne se renouvellera plus .,je VCOG que ce NCs ne se VF plus .
1627,1885_Metenier_La-Chair_N.txt,"— Mon fils est enrhumé , madame , repartit ma mère , qui ne paraissait nullement étonnée ; il n' y a pas de sa faute .","— DETPOSS NCspas être PPAS , madame , VPS DETPOSS NCo , qui ne VIMP nullement VSENT ; il ne y avoir pas un DETPOSS NC ."
1628,1885_Metenier_La-Chair_N.txt,Soyez assurée qu' il n' y a eu de sa part aucune mauvaise intention !,être PPAS que il ne y avoir avoir de DETPOSS NC aucun ADJ NCo !
1629,1885_Metenier_La-Chair_N.txt,"— Je veux bien le croire , madame !","— je vouloir bien le VCOG , madame !"
1630,1885_Metenier_La-Chair_N.txt,"Et , s' inclinant légèrement , la vieille dame alla reprendre sa place sur sou prie-Dieu .","et , se PPRES ADVINT , le ADJ NCs VPS INF DETPOSS NCo sur NP NP ."
1631,1885_Metenier_La-Chair_N.txt,"* ** En sortant , ma mère souriait ; moi , j' étais tout ému et si tremblant que je n' osai demander aucune explication .","* ** en PPRES , DETPOSS NCs VIMP ; soi , je être tout VSENT et si PPRES que je ne VF INF aucun NCo ."
1632,1885_Metenier_La-Chair_N.txt,"J' avais évidemment commis quelque chose d' épouvantable ; mais alors , pourquoi ma mère ne m' avait -elle pas réprimandé ?","je avoir ADV PPAS quelque chose de NCmod ; mais alors , pourquoi DETPOSS NCs ne lui avoir il pas PPAS ?"
1633,1885_Metenier_La-Chair_N.txt,Je n' avais pas compris de le tout les paroles de la femme à le grand chapeau .,je ne avoir pas VCOG de le tout le NC de le NCmod à le ADJ NCmod .
1634,1885_Metenier_La-Chair_N.txt,"* ** Le soir , comme ma frayeur était un peu dissipée , je confiai mon aventuré à ma cousine Berthe .","* ** le NCT , comme DETPOSS NCSENT être un peu VSENT , je VF DETPOSS NCo à DETPOSS NC NP ."
1635,1885_Metenier_La-Chair_N.txt,"Elle avait huit ans , ma cousine ; mais je la jugeais déjà si sage et si raisonnable , que j' allais la consulter dans tous les cas embarrassants .","il avoir NUM NCT , DETPOSS NC ; mais je le VIMP déjà si ADJ et si ADJ , que je aller le INF dans tout le NC ADJ ."
1636,1885_Metenier_La-Chair_N.txt,C' était mon oracle .,ce être DETPOSS NC .
1637,1885_Metenier_La-Chair_N.txt,"— Écoute , me dit -elle après m' avoir entendu , c' est taille Aurore que tu as vue .","— NCs , me VDIC il PHASE lui avoir VCOG , ce être NC NP que je avoir VCOG ."
1638,1885_Metenier_La-Chair_N.txt,Elle ne veut pas qu' on tousse à l' église .,il ne vouloir pas que on PRES à le NC .
1639,1885_Metenier_La-Chair_N.txt,"C' est parce que je toussais qu' elle est venue dire à maman , l' autre jour , que je me moquais d' elle .","ce être parce que je PRES que il être venir VDIC à NC , le autre NCT , que je me VIMP de il ."
1640,1885_Metenier_La-Chair_N.txt,"Je tousse quand même , mais quand elle est loin , parce que , vois -tu , ajouta -t -elle en se penchant à mon oreille d' un petit air mystérieux , je crois qu' il n' y a pas à se fier à celle vieille -là !","je PRES quand même , mais quand il être ADVLIEU , parce que , NUM -tre , VPS t il en se PPRES à DETPOSS NCCOR de un ADJ NCMAN ADJ , je VCOG que il ne y avoir pas à se INF à celui ADJ ADVLIEU !"
1641,1885_Metenier_La-Chair_N.txt,"— Je le crois aussi , répondis -je vivement , de l' air de quelqu'un que l' expérience a convaincu .","— je le VCOG aussi , VPS je ADVINT , de le NCMAN de quelqu'un que le NCs avoir PPAS ."
1642,1885_Metenier_La-Chair_N.txt,Telle fut ma première entrevue avec tante Aurore .,tel être DETPOSS ADJ NC avec tant NP .
1643,1885_Metenier_La-Chair_N.txt,"* ** Deux ou trois ans plus tard , comme j' étais en vacances , le facteur apporta , un matin , une lettre de faire part , et , sur le vélin bordé de noir et imprimé en gothique , je lus : « Vous êtes prié d' assister à les convoi , service et enterrement de vénérable , discrète et scientifique personne , MESSIRE ENGUERRAND-LOUIS-HENRY DE VILLEGONTIER DE SAINT-ROMAIN , prêtre , Chanoine honoraire , Chevalier de l' Ordre Royal de Saint-Louis .","* ** NUM ou NUM NCT plus tard , comme je être en NC , le NCs VPS , un NCT , un NCo de faire NCo , et , sur le NC ADJ de ADJ et ADJ en ADJ , je PPAS : "" vous être PPAS de INF à le NC , NC et NC de NCmod , ADJ et ADJ NC , NP NP de NP NP NP , NC , NC ADJ , NP de le NCmod ADJ de NP ."
1644,1885_Metenier_La-Chair_N.txt,"Décédé , muni de les Sacrements de Notre-Mère la Sainte Église , dans sa quatre-vingt-unième année , etc. De la part de Madame la marquise Marguerite-Yolande de Villegontier de Saint-Romain , sa belle-sœur .","PPAS , NC de le NP de NP le ADJ NCmod , dans DETPOSS ADJ NCT , etc. de le NC de madame le NCmod NP de NP de NP , DETPOSS NC ."
1645,1885_Metenier_La-Chair_N.txt,PRIEZ POUR LUI .,NP NP lui .
1646,1885_Metenier_La-Chair_N.txt,"» J' étais d' autant plus intrigué , que je ne me souvenais nullement d' avoir jamais entendu parler de la marquise de Villegontier .",""" je être de autant plus VSENT , que je ne me VIMP nullement de avoir ADVTEMPS VCOG INF de le NC de NP ."
1647,1885_Metenier_La-Chair_N.txt,"* ** J' assistai , le lendemain , à le service avec mes parents .","* ** je PRES , le NC , à le NC avec DETPOSS NCmod ."
1648,1885_Metenier_La-Chair_N.txt,Une foule assez nombreuse se pressait derrière un catafalque de cinquième classe .,un NCs ADV ADJ se VIMP ADVLIEU un NC de ADJ NCmod .
1649,1885_Metenier_La-Chair_N.txt,"L' office terminé , ma mère me prit par la main : — Viens saluer la marquise , me dit -elle .","le NC VASP , DETPOSS NCs me VPS par le NCCOR : — venir INF le NCo , me VDIC il ."
1650,1885_Metenier_La-Chair_N.txt,"Et quel ne fut pas mon étonnement , en reconnaissant cette femme que je voyais dans tous mes rêves : Tante Aurore .","et quel ne être pas DETPOSS NCSENT , en VCOG ce NCo que je VCOG dans tout DETPOSS NC : NP NP ."
1651,1885_Metenier_La-Chair_N.txt,C' était bien elle .,ce être bien il .
1652,1885_Metenier_La-Chair_N.txt,"Seulement , le chapeau Directoire était recouvert d' un crêpe , et un châle noir remplaçait le châle à ramages .","seulement , le NCs NP être PPAS de un NC , et un NCs ADJ VIMP le NCo à NCmod ."
1653,1885_Metenier_La-Chair_N.txt,Je m' inclinai profondément .,je se VF ADVINT .
1654,1885_Metenier_La-Chair_N.txt,"Dans ce moment même , je ressentis ce qu' on appelle vulgairement un chat dans la gorge .","dans ce NC même , je PPAS ce que on PRES ADVMAN un NCo dans le NCCOR ."
1655,1885_Metenier_La-Chair_N.txt,"Par un phénomène aussi inexplicable que la sympathie de le bâillement , et qui fait que tout le monde bâille quand une personne a bâillé , la toux d' il y a trois ans me revenait avec la vue de tante Aurore , à qui décidément j' attribuais une ressemblance diabolique !","par un NC aussi ADJ que le NCSENT de le NCmod , et qui faire que tout le NCs PRES quand un NCs avoir PPAS , le NCs de il y avoir NUM NCT me VIMP avec le NC de tant NP , à qui ADV je VIMP un NCo ADJ !"
1656,1885_Metenier_La-Chair_N.txt,"Je sentais que , si j' ouvrais la bouche , j' allais tousser .","je VIMP que , si je VCOND le NCCOR , je aller INF ."
1657,1885_Metenier_La-Chair_N.txt,J' étais perdu .,je être PPAS .
1658,1885_Metenier_La-Chair_N.txt,"Je me tins à quatre , serrant frénétiquement les lèvres .","je me PRES à NUM , PPRES ADV le NCCOR ."
1659,1885_Metenier_La-Chair_N.txt,"Ce qui me chatouillait le plus la gorge , c' était ce diable d' œil gris fixé sur moi .","ce qui me VSENT le plus le NCCOR , ce être ce NC de NCmod ADJCOL PPAS sur soi ."
1660,1885_Metenier_La-Chair_N.txt,Il ne s' en fallut de rien .,il ne se en VPS de rien .
1661,1885_Metenier_La-Chair_N.txt,Je frémis encore quand j' y pense .,je PPAS encore quand je y VCOG .
1662,1885_Metenier_La-Chair_N.txt,"Enfin , la grande taille de la marquise se courba légèrement , puis elle reprit son immobilité de statue .","PHASE , le ADJ NCs de le NCmod se VPS ADVINT , puis il VPS DETPOSS NCo de NCmod ."
1663,1885_Metenier_La-Chair_N.txt,"Je passai , j' étais sauvé .","je VF , je être PPAS ."
1664,1885_Metenier_La-Chair_N.txt,"Cette seconde rencontre n' était guère faite , vous l' avouerez , pour calmer l' impression de la première .","ce ADJ NCspas ne être guère faire , vous le VDIC , pour VSENT le NCo de le ADJ ."
1665,1885_Metenier_La-Chair_N.txt,"* ** Elle est morte , la pauvre tante Aurore .","* ** il être ADJ , le NC tant NP ."
1666,1885_Metenier_La-Chair_N.txt,"Elle était , depuis la mort de son beau-frère , le chanoine , la dernière héritière de la maison de Villegontier .","il être , depuis le NC de DETPOSS NCmod , le NC , le ADJ NC de le NCmod de NP ."
1667,1885_Metenier_La-Chair_N.txt,Peu de gens connaissaient son vrai nom .,peu de NC VIMP DETPOSS vrai NCo .
1668,1885_Metenier_La-Chair_N.txt,"On l' avait familièrement surnommée tante Aurore , à cause de sa préférence pour les couleurs voyantes .","on le avoir ADVMAN PPAS tant NP , à NC de DETPOSS NC pour le NCmod ADJ ."
1669,1885_Metenier_La-Chair_N.txt,"On apercevait à une demi-lieue sa robe rose et les fleurs jaunes de son grand châle , On savait seulement son titre par sa vieille domestique , qui ne parlait toujours qu' avec la plus grande vénération de Madame la Marquise .","on VIMP à un NC DETPOSS NCo ADJCOL et le NC ADJCOL de DETPOSS ADJ NCmod , on VCOG seulement DETPOSS NCo par DETPOSS ADJ NC , qui ne VIMP ADVTEMPS que avec le plus ADJ NCSENT de madame le NP ."
1670,1885_Metenier_La-Chair_N.txt,"l' our le reste , la vieille était aussi impénétrable que sa maîtressse .","le NCs le PRES , le ADJ être aussi ADJ que DETPOSS NC ."
1671,1885_Metenier_La-Chair_N.txt,"Très âgée , quoique très verte , tante Aurore , qui avait vu la Révolution , habitait depuis trente ans et plus , un petit appartement , rue Saint-Jacques , et vivait modestement d' une pension viagère , dernier débris de l' opulente fortune de sa famille .","très ADJ , quoique très ADJCOL , tant NP , qui avoir VCOG le NCo , VIMP depuis NUM NCT et plus , un ADJ NCo , NCmod NP , et VIMP ADVMAN de un NC ADJ , ADJ NC de le NCmod ADJ de DETPOSS NCmod ."
1672,1885_Metenier_La-Chair_N.txt,"Chose étrange , elle n' avait point de parents !","chose ADJ , il ne avoir ADV de NC !"
1673,1885_Metenier_La-Chair_N.txt,"De le moins , on ne lui en connut pas , et personne ne vint , après sa mort , réclamer son maigre héritage .","de le moins , on ne lui en VPS pas , et personne ne venir , PHASE DETPOSS NC , INF DETPOSS ADJ NCo ."
1674,1885_Metenier_La-Chair_N.txt,* ** Tante Aurore passait à l' église la plus grande partie de son temps ; elle avait entrepris une guerre acharnée contre les gens enrhumés .,* ** NP NP VIMP à le NC le plus ADJ NCo de DETPOSS temps ; il avoir PPAS un NCo PPAS contre le NC PPAS .
1675,1885_Metenier_La-Chair_N.txt,"Malgré ce travers , tout le monde , dans la rue , la saluait respectueusement .","malgré ce travers , tout le NCs , dans le NCmod , le VIMP ADVMAN ."
1676,1885_Metenier_La-Chair_N.txt,"On chuchotait bien son nom sur son passage , mais très bas ; car son grand air imposait et on la craignait , sans trop savoir pourquoi .","on VDIC bien DETPOSS NCo sur DETPOSS NCmod , mais très ADJ ; car DETPOSS ADJ NCMAN VIMP et on le VSENT , sans trop VCOG pourquoi ."
1677,1885_Metenier_La-Chair_N.txt,Jamais on n' avait vu sourire tante Aurore .,ADVTEMPS on ne avoir VCOG ADV tant NP .
1678,1885_Metenier_La-Chair_N.txt,"Les mamans disaient à leurs enfants : « Si vous n' êtes pas sage , je le dirai à tante Aurore , » Elles les menaçaient de tante Aurore , comme autrefois les Sarrasines menaçaient de Barberousse , et les petits , effrayés , se taisaient .","le NCs VDIC à DETPOSS NC : "" si vous ne être pas ADJ , je le VF à tant NP , "" il le VIMP de tant NP , comme ADVT le NP VIMP de NP , et le NC , VSENT , se VIMP ."
1679,1885_Metenier_La-Chair_N.txt,"Cependant , quelqu'un se départit une fois de le respect général , et , à la porte de les marchands de journaux , l' on vit apparaître , un beau jour , gravé et enluminé , le portrait de tante Aurore .","cependant , quelqu'un se PRES un fois de le NCmod ADJ , et , à le NC de le NCmod de NCmod , l' on PRES INF , un ADJ NCT , PPAS et PPAS , le NC de tant NP ."
1680,1885_Metenier_La-Chair_N.txt,Tante Aurore vint à passer .,NP NP venir à INF .
1681,1885_Metenier_La-Chair_N.txt,Les couleurs éclatantes avaient le don d' attirer ses regards .,le NCs ADJ avoir le NCo de VSENT DETPOSS NCMAN .
1682,1885_Metenier_La-Chair_N.txt,Elle s' arrêta .,il se VPS .
1683,1885_Metenier_La-Chair_N.txt,"Mais elle continua sa route , sans qu' un muscle de son visage eût bougé .","mais il VPS DETPOSS NCo , sans que un NCspas de DETPOSS NCCOR avoir PPAS ."
1684,1885_Metenier_La-Chair_N.txt,Elle ne s' était pas reconnue .,il ne se être pas VCOG .
1685,1885_Metenier_La-Chair_N.txt,III LE PÈRE THOMAS Il fut un homme que j' ai cru longtemps immortel .,NUM le NP NP il être un NC que je avoir PPAS longtemps ADJ .
1686,1885_Metenier_La-Chair_N.txt,"Pendant quinze ans , je l' ai vu arriver à la maison le 15 et le 30 de chaque mois , toujours à la même heure .","PHASE NUM NCT , je le avoir VCOG INF à le NC le NUM et le NUM de chaque NCT , ADVTEMPS à le même NCT ."
1687,1885_Metenier_La-Chair_N.txt,"Sans rien dire , il déposait , en entrant chez nous , son vieux chapeau sur un meuble , découvrant une tête blanche comme neige , dont la chevelure faisait songer à celle de les vieillards de Greuze ; ses vêtements , également vieux et propres , quoique rapiécés , étaient les mêmes en toute saison .","sans rien VDIC , il VIMP , en PPRES chez nous , DETPOSS ADJ NCo sur un NCmod , PPRES un NCCOR ADJCOL comme NC , dont le NC faire INF à celui de le NCmod de NP ; DETPOSS NCs , également ADJ et ADJ , quoique ADJ , être le même en tout NCmod ."
1688,1885_Metenier_La-Chair_N.txt,"Il allait de chambre en chambre remonter nos pendules ; puis , quand il s' était assuré que le coucou de la salle à manger sortait régulièrement de son chalet en chêne à l' heure où sonnait le cartel Louis XIV de le salon , le bonhomme saluait la maîtresse de le logis , qui , le 30 de chaque mois , lui payait ses honoraires .","il aller de NC en NC VSENT DETPOSS NCo ; puis , quand il se être PPAS que le NCs de le NCmod à INF VIMP ADVTEMPS de DETPOSS NC en NCmod à le NCT où VIMP le NCs NP NUM de le NCmod , le NCs VIMP le NCo de le NCmod , qui , le NUM de chaque NCT , lui VIMP DETPOSS NCo ."
1689,1885_Metenier_La-Chair_N.txt,On l' appelait le père Thomas .,on le VIMP le NC NP .
1690,1885_Metenier_La-Chair_N.txt,"Je lui donnais soixante-dix ans , il en avait quatre-vingts , peut-être plus .","je lui VIMP NUM NCT , il en avoir NCo , peut-être plus ."
1691,1885_Metenier_La-Chair_N.txt,"Comme il ouvrait rarement la bouche , je le considérais comme l' accessoire obligé de les pendules , une sorte de remontoir automatique et silencieux , inséparable de les pendules elles-mêmes .","comme il VIMP ADVTEMPS le NCCOR , je le VCOND comme le NC PPAS de le NCmod , un sorte de INF ADJ et ADJ , ADJ de le NC soi-même ."
1692,1885_Metenier_La-Chair_N.txt,Cette face sculpturale avait un aspect biblique et la régularité de ses visites et de ses gestes me faisait songer que son mécanisme intérieur était peut-être l' œuvre d' un Vaucanson .,ce NCs ADJ avoir un NCo ADJ et le NC de DETPOSS NCmod et de DETPOSS NC me faire INF que DETPOSS NCspas ADJ être INF le NCo de un NP .
1693,1885_Metenier_La-Chair_N.txt,"Un jour vint pourtant où j' appris que le père Thomas était un homme comme les autres et que s' il ne parlait pas , sans être muet , c' est qu' il était sourd — étrange infirmité pour une personne dont la profession était d' écouter le tic -tac de les chronomètres !","un NCT venir pourtant où je VCOG que le NCs NP être un NC comme le autre et que si il ne VIMP pas , sans être ADJ , ce être que il être ADJ — ADJ NC pour un NCmod dont le NC être de VCOG le NCo ADJ de le NCmod !"
1694,1885_Metenier_La-Chair_N.txt,Toutes les pendules chez nous s' arrêtèrent un beau matin !,tout le NCs chez nous se VPS un ADJ NCT !
1695,1885_Metenier_La-Chair_N.txt,Le trentième jour de le mois s' était écoulé sans la visite de le père Thomas .,le ADJ NCT de le NCT se être PPAS sans le NC de le NCmod NP .
1696,1885_Metenier_La-Chair_N.txt,Il devait être malade ou bien mort !,il devoir être ADJ ou bien ADJ !
1697,1885_Metenier_La-Chair_N.txt,Quel trouble jeté dans sa clientèle !,quel NCSENT PPAS dans DETPOSS NC !
1698,1885_Metenier_La-Chair_N.txt,"De la Bastille à Ville-d'Avray , ou il allait à pied régler de les horloges , l' arrêt de tant de balanciers avait dû donner l' éveil à la même stupeur : le père Thomas est mort !","de le NP à NP , ou il aller à NCCOR INF de le NC , le NC de tant de NC avoir devoir INF le NCo à le même NCSENT : le NCs NP être ADJ !"
1699,1885_Metenier_La-Chair_N.txt,"Sur ces entrefaites , un autre vieillard , de l' âge approchant de l' horloger , mais dont la moustache encore épaisse , le chef dénudé , sillonné de quelques mèches encore grises et les talons éperonnés , quoique sans molettes , caractérisaient un dernier grognard de le Premier-Empire , se fit annoncer chez nous sous le nom de capitaine Durambert ; c' était un ami et un client de le père Thomas .","sur ce NC , un autre NC , de le NCmod PPRES de le NC , mais dont le NCCOR encore ADJ , le NCs PPAS , PPAS de quelque NC encore ADJCOL et le NCCOR PPAS , quoique sans NC , VIMP un ADJ NCo de le NP , se faire VDIC chez nous sous le NC de NCmod NP ; ce être un NC et un NC de le NCmod NP ."
1700,1885_Metenier_La-Chair_N.txt,"— M. Thomas est très fatigué , dit le brave homme à mon père .","— monsieur NP être très VSENT , VDIC le ADJ NCo à DETPOSS NC ."
1701,1885_Metenier_La-Chair_N.txt,Il se fait vieux !,il se faire ADJ !
1702,1885_Metenier_La-Chair_N.txt,... Il n' est pas venu ?,... il ne être pas venir ?
1703,1885_Metenier_La-Chair_N.txt,C' est cela !,ce être cela !
1704,1885_Metenier_La-Chair_N.txt,ses jambes enflent ... Ah !,DETPOSS NCCOR PRES ... INTJ !
1705,1885_Metenier_La-Chair_N.txt,"vous , monsieur , qui êtes comme moi un vieux client de Thomas , vous n' êtes pas sans vous être aperçu que le bonhomme perd un peu la tramontane !","vous , monsieur , qui être comme soi un ADJ NCo de NP , vous ne être pas sans vous être PPAS que le NCs PRES un peu le NCo !"
1706,1885_Metenier_La-Chair_N.txt,Cela m' effraie pour lui !,cela lui PRES pour lui !
1707,1885_Metenier_La-Chair_N.txt,"Il a six mille francs d' économies ; je n' ai pu réussir à lui persuader que six mille francs lui constitueraient en viager , vu son âge , une rente fort raisonnable et , qu' avec cela , dans un asile de la vieillesse , il finirait en paix ses jours .","il avoir NUM NUM NCo de NCmod ; je ne avoir pouvoir INF à lui INF que NUM NUM NCs lui VIMP en NC , vu DETPOSS NC , un NC fort ADJ et , que avec cela , dans un NC de le NCmod , il VASP en NC DETPOSS NCT ."
1708,1885_Metenier_La-Chair_N.txt,"Il a grande confiance en vous , monsieur ; peut-être en lui parlant , seriez -vous plus heureux que moi !","il avoir ADJ NCo en vous , monsieur ; peut-être en lui PPRES , VCOND lui plus ADJ que soi !"
1709,1885_Metenier_La-Chair_N.txt,"Mon père accueillit favorablement cette idée et il me chargea de visiter Thomas dans sa retraite , après qu' il eut examiné les conditions d' un placement en viager .","DETPOSS NCs VPS ADVMAN ce NCo et il me VPS de INF NP dans DETPOSS NC , PHASE que il avoir PPAS le NCo de un NCmod en NCmod ."
1710,1885_Metenier_La-Chair_N.txt,"* ** La rue Bellefond a été longtemps une enclave de la province , en plein Paris .","* ** le NCs NP avoir être longtemps un NC de le NCmod , en ADJ NP ."
1711,1885_Metenier_La-Chair_N.txt,Elle n' a perdu ce caractère que depuis la création de le square Montholon et de la rue Baudin .,il ne avoir PPAS ce NCo que depuis le NC de le NCmod NP et de le NC NP .
1712,1885_Metenier_La-Chair_N.txt,On y rencontrait de les vestiges nombreux de le temps où cette rue montueuse de Paris était encore une rue de village .,on y VIMP de le NC ADJ de le temps où ce NCs ADJ de NP être encore un NC de NCmod .
1713,1885_Metenier_La-Chair_N.txt,"Sous les portes de les numéros impairs , à le sud , on apercevait de les vergers , de les clos de blanchisseuses , de les chèvres et de les vaches à l' étable et de les pampres accrochés par leurs vrilles à de véritables échalas .","sous le NC de le NCmod ADJ , à le NC , on VIMP de le NC , de le NC de NCmod , de le NC et de le NC à le NCmod et de le NC PPAS par DETPOSS NC à un véritable NC ."
1714,1885_Metenier_La-Chair_N.txt,"C' est là que demeurait , à le n° 33 , dans une maison dont la cour était pleine d' herbes , le vénérable père Thomas , remonteur de pendules .","ce être ADVLIEU que VIMP , à le ° NUM , dans un NC dont le NCs être ADJ de NC , le ADJ NCs NP , NC de NCmod ."
1715,1885_Metenier_La-Chair_N.txt,"Tout à le haut , à le quatrième étage , c'est-à-dire à un huitième , si l' on ajoute l' altitude de la rue à celle de la maison , nichait le bonhomme depuis un demi-siècle .","tout à le NC , à le ADJ NC , ADV à un ADJ , si l' on PRES le NCo de le NCmod à celui de le NCmod , VIMP le NCo depuis un NC ."
1716,1885_Metenier_La-Chair_N.txt,"Arrivé à sa porte , à le fond d' un couloir , je frappe à plusieurs reprises : pas de réponse .","PPAS à DETPOSS NC , à le NC de un NCmod , je frapper à plusieurs NC : pas de NC ."
1717,1885_Metenier_La-Chair_N.txt,"Effrayé de ce silence , je redescends les quatre-vingts marches pour m' informer de nouveau , près de la concierge .","PPAS de ce NC , je PRES le NCo ADJ pour se INF de ADJ , ADVLIEU de le NC ."
1718,1885_Metenier_La-Chair_N.txt,— Monsieur ne sait pas sans doute que M. Thomas est sourd ?,— monsieur ne VCOG pas sans NCSENT que monsieur NP être ADJ ?
1719,1885_Metenier_La-Chair_N.txt,— Pardon !,— NP !
1720,1885_Metenier_La-Chair_N.txt,Je sais cela !,je VCOG cela !
1721,1885_Metenier_La-Chair_N.txt,"— Alors , monsieur no connaît pas la manicle ?","— alors , monsieur NCs PRES pas le NCo ?"
1722,1885_Metenier_La-Chair_N.txt,— Quelle manicle ?,— quel NC ?
1723,1885_Metenier_La-Chair_N.txt,"— Au-dessus de le cadran cloué sur la porte , il y a un trou et une ficelle dans ce trou avec une chevillette .","— ADVLIEU de le NC PPAS sur le NC , il y avoir un NCo et un NC dans ce NC avec un NC ."
1724,1885_Metenier_La-Chair_N.txt,"Il faut tirer la chevillette , la bobinette cherra .","il PRES INF le NCo , le NC VF ."
1725,1885_Metenier_La-Chair_N.txt,Je remontai et j' ouvris .,je VF et je PPAS .
1726,1885_Metenier_La-Chair_N.txt,"Le père Thomas était là , toujours rose et blanc comme un Greuze , toujours debout comme si la nature lui eût donné un aplomb inaltérable sur ses vieilles jambes ; mais l' œil avait de le vague et la langue semblait embarrassée .","le NCs NP être ADVLIEU , ADVTEMPS ADJCOL et ADJCOL comme un NP , ADVTEMPS ADV comme si le NCs lui avoir PPAS un NCo ADJ sur DETPOSS NC NCCOR ; mais le NCs avoir de le NC et le NCCOR sembler VSENT ."
1727,1885_Metenier_La-Chair_N.txt,"— J' ai oublié , me dit -il d' un air honteux ; pour la première fois de ma vie , j' ai laissé passer le 30 .","— je avoir VCOG , me VDIC il de un NCMAN ADJ ; pour le ADJ fois de DETPOSS NCmod , je avoir laisser INF le NUM ."
1728,1885_Metenier_La-Chair_N.txt,Je ne sais ce qu' il y a ; rien ne va plus !,je ne VCOG ce que il y avoir ; rien ne aller plus !
1729,1885_Metenier_La-Chair_N.txt,Ma propre horloge est arrêtée !,DETPOSS ADJ NCspas être PPAS !
1730,1885_Metenier_La-Chair_N.txt,"Autour de lui régnait un désordre complet , mais visiblement récent , car le fond de les choses et la propreté de la mansarde témoignaient d' habitudes d' ordre , inséparables de l' horlogerie .","ADV de lui VIMP un NCo ADJ , mais ADVINT ADJ , car le NCs de le chose et le NC de le NCmod VIMP de NC de NCmod , NC de le NCmod ."
1731,1885_Metenier_La-Chair_N.txt,"Le pèle-mèle de les habits , de la vaisselle , le lit défait marquaient que la maladie était entrée là , sournoisement , depuis peu de jours .","le NCs de le NCmod , de le NC , le NC PPAS VIMP que le NCs être PPAS ADVLIEU , ADVMAN , depuis peu de NCT ."
1732,1885_Metenier_La-Chair_N.txt,Le regard soupçonneux de le vieillard ne me quittait point .,le NCMAN ADJ de le NCmod ne me VIMP ADV .
1733,1885_Metenier_La-Chair_N.txt,Je lui présentai un cornet acoustique que je vis sur une table et je lui exposai l' objet de ma mission .,je lui VF un NCo ADJ que je VCOG sur un NC et je lui VF le NCo de DETPOSS NCmod .
1734,1885_Metenier_La-Chair_N.txt,"Je parlai comme un agent d' assurances sur la vie , tant j' avais bien appris ma leçon .","je VF comme un NC de NCSENT sur le NCmod , tant je avoir bien VCOG DETPOSS NCo ."
1735,1885_Metenier_La-Chair_N.txt,"— Voyons , père Thomas , cela vous va -t -il ?","— VCOG , NC NP , cela vous aller t il ?"
1736,1885_Metenier_La-Chair_N.txt,— Oui !,— oui !
1737,1885_Metenier_La-Chair_N.txt,me répondit -il en hochant la tête .,me VDIC il en PPRES le NCCOR .
1738,1885_Metenier_La-Chair_N.txt,— Pourquoi n' avez -vous pas accédé à le désir de votre ami Durambert ?,— pourquoi ne avoir vous pas PPAS à le NCSENT de DETPOSS NCmod NP ?
1739,1885_Metenier_La-Chair_N.txt,— Je me défle de tout le monde : tout le monde veut me voler ?,— je me PRES de tout le NC : tout le NCs vouloir me INF ?
1740,1885_Metenier_La-Chair_N.txt,— Par exemple !,— par NC !
1741,1885_Metenier_La-Chair_N.txt,Et mon père ?,et DETPOSS NC ?
1742,1885_Metenier_La-Chair_N.txt,Et moi ?,et soi ?
1743,1885_Metenier_La-Chair_N.txt,— Je n' en sais rien !,— je ne en VCOG rien !
1744,1885_Metenier_La-Chair_N.txt,— Bien obligé !,— bien PPAS !
1745,1885_Metenier_La-Chair_N.txt,répliquai-je en riant .,répliquai-il en PPRES .
1746,1885_Metenier_La-Chair_N.txt,"Alors , vous n' êtes pas décidé ?","alors , vous ne être pas PPAS ?"
1747,1885_Metenier_La-Chair_N.txt,— Mon Dieu !,— NP NP !
1748,1885_Metenier_La-Chair_N.txt,si !,si !
1749,1885_Metenier_La-Chair_N.txt,"— Alors , prenez votre argent et allons à la Compagnie d' assurances ; mon père y sera , j' ai une voiture en bas .","— alors , IMP DETPOSS NCo et NC à le NCmod de NCSENT ; DETPOSS NCs y être , je avoir un NCo en NC ."
1750,1885_Metenier_La-Chair_N.txt,"— Tout de suite , alors ?","— tout de NC , alors ?"
1751,1885_Metenier_La-Chair_N.txt,— Sans doute !,— sans NCSENT !
1752,1885_Metenier_La-Chair_N.txt,"vous ne craindrez plus les voleurs , quand vous aurez placé vous-même votre argent dans les caisses de la Compagnie .","vous ne IMP plus le NCo , quand vous avoir PPAS ADV DETPOSS NCo dans le NC de le NCmod ."
1753,1885_Metenier_La-Chair_N.txt,"Le père Thomas ouvrit l' armoire , la commode , remua de le linge , de les papiers .","le NCs NP VPS le NCo , le NC , VPS de le NC , de le NC ."
1754,1885_Metenier_La-Chair_N.txt,Il ne trouvait rien .,il ne VIMP rien .
1755,1885_Metenier_La-Chair_N.txt,"Tout à coup , il s' arrêta et dit : — Je m' en doutais !","tout à NC , il se VPS et VDIC : — je se en VIMP !"
1756,1885_Metenier_La-Chair_N.txt,"la portière m' a volél — Voyons , cherchez encore !","le NCs lui avoir NC — NC , IMP encore !"
1757,1885_Metenier_La-Chair_N.txt,Voici ce meuble qui a douze ou quinze tiroirs ; ouvrez -les !,voici ce NC qui avoir NUM ou NUM NCo ; IMP le !
1758,1885_Metenier_La-Chair_N.txt,"C' était un meuble à l' usage particulier de les horlogers , scellé à hauteur d' appui à côté de la tablette .","ce être un NC à le NCmod ADJ de le NCmod , PPAS à NC de NCmod à NC de le NC ."
1759,1885_Metenier_La-Chair_N.txt,"Les tiroirs étaient pleins de ressorts , de pièces , de cadrans de montre et d' outils d' horlogerie .","le NCs être ADJ de NC , de NC , de NC de NCmod et de NC de NCmod ."
1760,1885_Metenier_La-Chair_N.txt,"À le sixième tiroir , il mit la main sur une liasse : c' étaient les six mille francs en billets de banque .","à le ADJ NC , il mettre le NCCOR sur un NC : ce être le NUM NUM NC en NCmod de NCmod ."
1761,1885_Metenier_La-Chair_N.txt,— Les voilà !,— le voilà !
1762,1885_Metenier_La-Chair_N.txt,fit -il d' un air hébété .,faire il de un NCMAN PPAS .
1763,1885_Metenier_La-Chair_N.txt,— Bien !,— bien !
1764,1885_Metenier_La-Chair_N.txt,gardez -les à la main !,IMP NCo à le NCCOR !
1765,1885_Metenier_La-Chair_N.txt,Descendons !,IMP !
1766,1885_Metenier_La-Chair_N.txt,* ** Nous arrivâmes place de la Bourse .,* ** nous VPS NCo de le NP .
1767,1885_Metenier_La-Chair_N.txt,— Eh !,— INTJ !
1768,1885_Metenier_La-Chair_N.txt,"venez -vous , père Thomas ?","venir vous , NC NP ?"
1769,1885_Metenier_La-Chair_N.txt,"Il demeurait assis sur la banquette , sans bouger , ses billets à la main .","il VIMP NCo sur le NC , sans NC , DETPOSS NCo à le NCCOR ."
1770,1885_Metenier_La-Chair_N.txt,— Nous sommes arrivés !,— nous être PPAS !
1771,1885_Metenier_La-Chair_N.txt,lui criai -je dans l' oreille .,lui VF je dans le NCCOR .
1772,1885_Metenier_La-Chair_N.txt,— Reconduisez -moi rue Bellefond !,— IMP soi NC NP !
1773,1885_Metenier_La-Chair_N.txt,dit tranquillement le vieillard .,VDIC ADVMAN le NCo .
1774,1885_Metenier_La-Chair_N.txt,— Vous reconduire !,— vous INF !
1775,1885_Metenier_La-Chair_N.txt,mais voici le siège de la Compagnie !,mais voici le NCo de le NCmod !
1776,1885_Metenier_La-Chair_N.txt,On nous attend !,on nous PRES !
1777,1885_Metenier_La-Chair_N.txt,— Je ne m' assure pas !,— je ne se PRES pas !
1778,1885_Metenier_La-Chair_N.txt,Je retourne chez moi !,je PRES chez soi !
1779,1885_Metenier_La-Chair_N.txt,Je veux retourner chez moi !,je vouloir INF chez soi !
1780,1885_Metenier_La-Chair_N.txt,Je me demandai si je ne ferais pas mieux de le conduire tout d' un temps à Charenton .,je me VF si je ne faire pas mieux de le INF tout de un temps à NP .
1781,1885_Metenier_La-Chair_N.txt,"Cependant , comme il était le maître , je finis par me résigner : sa volonté était formelle , absolue !","cependant , comme il être le NC , je VASP par me INF : DETPOSS NCs être ADJ , ADJ !"
1782,1885_Metenier_La-Chair_N.txt,"Revenu rue Bellefond , n° 33 , il monta lentement et je le suivis , pour assurer la sécurité de sa retraite avec ses billets de banque , qu' il tenait toujours à la main .","PPAS NCo NP , ° NUM , il VPS ADV et je le PPAS , pour INF le NCSENT de DETPOSS NCmod avec DETPOSS NC de NCmod , que il VIMP ADVTEMPS à le NCCOR ."
1783,1885_Metenier_La-Chair_N.txt,"Arrivé dans sa mausarde , il remit les six mille francs dans un tiroir de son nécessaire d' horloger et il ouvrit la fenêtre : — Voilà , me dit -il alors , près de cinquante ans que je suis ici !","PPAS dans DETPOSS NC , il VPS le NUM NUM NCo dans un NCmod de DETPOSS NCmod de INF et il VPS le NCo : — voilà , me VDIC il alors , ADVLIEU de NUM NCT que je être ADVLIEU !"
1784,1885_Metenier_La-Chair_N.txt,"D' ici je vois Villejuif , Montrouge , Meudon , par-dessus ces arbres !","de ADVLIEU je ADJ NP , NP , NP , ADV ce NC !"
1785,1885_Metenier_La-Chair_N.txt,... Je mourrai ici !,... je VF ADVLIEU !
1786,1885_Metenier_La-Chair_N.txt,... Ces Compagnies m' auraient volé mon argent !,... ce NCs se avoir PPAS DETPOSS NCo !
1787,1885_Metenier_La-Chair_N.txt,"... Dans une maison de santé , on m' aurait fait mourir tout de suite , afin de ne plus me payer ma rente !","... dans un NC de NCmod , on lui avoir faire INF tout de NC , ADV de ne plus me INF DETPOSS NCo !"
1788,1885_Metenier_La-Chair_N.txt,"... Ici , on ne pensera pas à moi !","... ADVLIEU , on ne VCOG pas à soi !"
1789,1885_Metenier_La-Chair_N.txt,"D' ailleurs , que me faut -il ?","de ADVLIEU , que me PRES il ?"
1790,1885_Metenier_La-Chair_N.txt,"Le matin , un sou de lait , le soir , deux sous de bouillon !","le NCT , un NC de NCmod , le NCT , NUM NC de NCmod !"
1791,1885_Metenier_La-Chair_N.txt,Merci de votre peine ?,INTJ de DETPOSS NCSENT ?
1792,1885_Metenier_La-Chair_N.txt,"A propos , vous m' avez rendu mes six mille francs ?","à NC , vous lui avoir PPAS DETPOSS NUM NUM NCo ?"
1793,1885_Metenier_La-Chair_N.txt,— Mais vous venez de les remettre ici vous-même !,— mais vous venir de le INF ADVLIEU ADV !
1794,1885_Metenier_La-Chair_N.txt,— Bien !,— bien !
1795,1885_Metenier_La-Chair_N.txt,"j' oublais ... Vous n' êtes pas comme Durambert , vous !","je VIMP ... vous ne être pas comme NP , vous !"
1796,1885_Metenier_La-Chair_N.txt,Vous n' essayez pas de me voler !,vous ne IMP pas de me INF !
1797,1885_Metenier_La-Chair_N.txt,Telles furent les dernières paroles que je pus tirer de lui .,NP être le ADJ NC que je PPAS INF de lui .
1798,1885_Metenier_La-Chair_N.txt,"Huit jours après , l' ex-capitaine de cavalerie vint nous prévenir qu' il avait trouvé son vieil ami d' enfance mort dans son fauteuil , en face de sa fenêtre ouverte .","NUM NCT PHASE , le NCs de NCmod venir nous INF que il avoir PPAS DETPOSS ADJ NCo de NCmod PPAS dans DETPOSS NC , en NC de DETPOSS NC ADJ ."
1799,1885_Metenier_La-Chair_N.txt,Le six mille francs étaient toujours là .,le NUM NUM NCs être ADVTEMPS ADVLIEU .
1800,1885_Metenier_La-Chair_N.txt,IV MONSIEUR CALVIERRE — J' ai un défaut : j' aime les livres !,NUM monsieur NP — je avoir un NCo : je VSENT le NCo !
1801,1885_Metenier_La-Chair_N.txt,"Le comble de le bonheur pour moi c' est d' aller flâner le long de les quais , d' inventorier , d' un coup d' œil , les boites carrées et étiquetées , dans lesquelles je trouve , pêle-même entassés , les débris de toutes les littératures , anciennes et modernes .","le NC de le NCSENT pour soi ce être de aller INF le NC de le NCmod , de INF , de un NC de NCmod , le NC PPAS et PPAS , dans lequel je PRES , pêle-même PPAS , le NC de tout le NCmod , ADJ et ADJ ."
1802,1885_Metenier_La-Chair_N.txt,"Et , quand j' ai sauvé de le naufrage une de ces tristes épaves , innocente victime d' un jour de dèche ou de misère , je me sens tout heureux et j' estime que je n' ai pas perdu ma journée .","et , quand je avoir PPAS de le NC un de ce NCmod ADJ , ADJ NC de un NCT de NCmod ou de NC , je me sentir tout ADJ et je VSENT que je ne avoir pas PPAS DETPOSS NCT ."
1803,1885_Metenier_La-Chair_N.txt,"Mon vice se complique de cette particularité , que j' ai un faible pour les vieux livres ; il est rare , quand j' ai le gousset bien garni , que je laisse , exposés à les intempéries de les saisons , les vénérables volumes en maroquin défraîchi , imprimés , « avec approbation et privilège de le roy » , que je rencontre à le cours de mes explorations .","DETPOSS NCs se PRES de ce NC , que je avoir un NCo pour le ADJ NCmod ; il être ADJ , quand je avoir le NCo bien ADJ , que je laisser , PPAS à le NC de le NCmod , le ADJ NC en NCmod ADJ , PPAS , "" avec NCSENT et NC de le NCmod "" , que je rencontrer à le NC de DETPOSS NCmod ."
1804,1885_Metenier_La-Chair_N.txt,"Par mes assiduités et mes fréquentes acquisitions , j' avais gagné la sympathie d' un vieux bouquiniste de le quai Malaquais , le père Jaunard , qui , selon sa pittoresque expression , ne vendait que de le vieux et de le bon .","par DETPOSS NC et DETPOSS ADJ NC , je avoir PPAS le NCSENT de un ADJ NCmod de le NCmod NP , le NC NP , qui , selon DETPOSS ADJ NC , ne VIMP que de le ADJ et de le NC ."
1805,1885_Metenier_La-Chair_N.txt,"Dans mes longues stations devant son étalage , que le digne homme renouvelait fréquemment , j' avais remarqué bien souvent un monsieur que le marchand saluait toujours très bas .","dans DETPOSS ADJ NC ADVLIEU DETPOSS NCmod , que le ADJ NCs VIMP ADVTEMPS , je avoir PPAS bien ADVTEMPS un monsieur que le NCs VIMP ADVTEMPS très ADJ ."
1806,1885_Metenier_La-Chair_N.txt,"D' une immense houppelande noire , semblable à une soutane , qui descendait presque jusqu' à les chevilles de ce singulier petit homme , émergeait une tète longue et maigre ; le visage glabre était souriant et fin ; deux petits yeux gris scintillaient derrière une paire de lunettes à cheval sur un nez effilé et un peu crochu ; les cheveux soigneusement peignés et d' une éclatante blancheur , tombaient très bas , sur le collet de l' habit .","de un ADJ NC ADJ , ADJ à un NC , qui VIMP presque jusque à le NCCOR de ce ADJ ADJ NCmod , VIMP un NCo ADJ et ADJ ; le NCCOR ADJ être ADJ et NC ; NUM ADJ NCCOR ADJCOL VIMP ADVLIEU un NC de NCmod à NCmod sur un NCCOR ADJ et un peu ADJ ; le NCCOR ADV PPAS et de un ADJ NC , VIMP très ADJ , sur le NC de le NCmod ."
1807,1885_Metenier_La-Chair_N.txt,"N' était un grand chapeau à haute forme , à larges bords , vous l' eussiez pris , à voir sa démarche sautillante et son petit air malicieux , pour un de ces abbés de cour de le dix-huitième siècle , dont l' âge n' avait éteint ni la verve , ni les ardeurs .","ne être un ADJ NC à ADJ NCmod , à ADJ NCmod , vous le VSUBP PPAS , à VCOG DETPOSS NCo ADJ et DETPOSS ADJ NCMAN ADJ , pour un de ce NCmod de NCmod de le ADJ NCT , dont le NCs ne avoir PPAS ni le NCo , ni le NC ."
1808,1885_Metenier_La-Chair_N.txt,Quand je demandai à le bouquiniste le nom de le personnage : — C' est M. Calvierre !,quand je VF à le NC le NCo de le NCmod : — ce être monsieur NP !
1809,1885_Metenier_La-Chair_N.txt,"me répondit -il , et c' est tout ce qu' il put m' en apprendre .","me VDIC il , et ce être tout ce que il pouvoir lui en VCOG ."
1810,1885_Metenier_La-Chair_N.txt,"* ** Un soir , je Ils une trouvaille merveilleuse ; sous une montagne de vulgaires in-quarto , je déterrai un exemplaire de le dictionnaire de Robert Estienne , édition de 1538 !","* ** un NCT , je il un NC ADJ ; sous un NCmod de NCmod ADJ , je VF un NCo de le NCmod de NP NP , NC de NUM !"
1811,1885_Metenier_La-Chair_N.txt,L' ouvrage était complet quoiqu' en mauvais état .,le NCs être ADJ quoique en ADJ NC .
1812,1885_Metenier_La-Chair_N.txt,"Mon bouquiniste ne semblait pas se douter de sa valeur ; je dissimulai ma joie , et , pour cinq francs , j' acquis la précieuse relique !","DETPOSS NCs ne sembler pas se INF de DETPOSS NC ; je VF DETPOSS NCSENT , et , pour NUM NC , je PPAS le ADJ NCo !"
1813,1885_Metenier_La-Chair_N.txt,"Je me sauvais , serrant sous mon bras mon trésor , comme si j' eusse craint qu' on ne me l' enlevât , et j' étais déjà bien loin , quand j' entendis tout à coup trotter derrière moi .","je me VIMP , PPRES sous DETPOSS NCCOR DETPOSS NCmod , comme si je PRES PRES que on ne me le VSUBI , et je être déjà bien ADVLIEU , quand je PRES tout à coup INF ADVLIEU soi ."
1814,1885_Metenier_La-Chair_N.txt,"Presqu' aussitôt , me sentant tiré par la manche , je me retournai .","presque aussitôt , me sentir PPAS par le NC , je me VF ."
1815,1885_Metenier_La-Chair_N.txt,"— Je vous demande pardon , monsieur , me dit , en se découvrant , M. Calvierre ( car c' était lui ) , le père Jaunard me dit qu' il vient de vous vendre un dictionnaire de Robert Estienne .","— je vous PRES NCo , monsieur , me VDIC , en se VCOG , monsieur NP ( car ce être lui ) , le NC NP me VDIC que il venir de vous INF un NCo de NP NP ."
1816,1885_Metenier_La-Chair_N.txt,Je viens humblement vous prier de me permettre d' y jeter un coup d' oeil .,je venir ADVMAN vous INF de me permettre de y INF un NCo de NCCOR .
1817,1885_Metenier_La-Chair_N.txt,"— Mais comment donc , monsieur !","— mais comment donc , monsieur !"
1818,1885_Metenier_La-Chair_N.txt,"Et tout en invitant M. Calvierre à se couvrir , je lui tendis l' ouvrage convoité .","et tout en PPRES monsieur NP à se INF , je lui PRES le NCo VSENT ."
1819,1885_Metenier_La-Chair_N.txt,"Le vieux bibliophile était pâle , ses mains sèches ( remblaient ; son sourire habituel avait disparu .","le ADJ NCs être ADJ , DETPOSS NCCOR ADJ ( VIMP ; DETPOSS NCMAN ADJ avoir PPAS ."
1820,1885_Metenier_La-Chair_N.txt,— Quelle reliure !,— quel NCs !
1821,1885_Metenier_La-Chair_N.txt,s' exclama -t -il .,se VDIC t il .
1822,1885_Metenier_La-Chair_N.txt,"Voyez , monsieur , combien le temps a eu peu d' action sur elle .","IMP , monsieur , combien le temps avoir avoir peu de NC sur il ."
1823,1885_Metenier_La-Chair_N.txt,On n' en fait plus comme cela aujourd'hui !,on ne en faire plus comme cela ADVT !
1824,1885_Metenier_La-Chair_N.txt,"... Puis , ouvrant le volume à la première page : — C' est lui , continua -t -il , lui que je cherche depuis de les années !","... puis , PPRES le NCo à le ADJ NC : — ce être lui , VPS t il , lui que je PRES depuis de le NCT !"
1825,1885_Metenier_La-Chair_N.txt,1538 !,NUM !
1826,1885_Metenier_La-Chair_N.txt,première édition !,ADJ NC !
1827,1885_Metenier_La-Chair_N.txt,C' est bien lui !,ce être bien lui !
1828,1885_Metenier_La-Chair_N.txt,"Dictionnaire français-latin , autremen diet les mots françois avec manière d' user d' iceulx tournez en latin !","NC ADJ , autremen PRES le NCo ADJ avec NC de INF de NC PRES en NC !"
1829,1885_Metenier_La-Chair_N.txt,l' épigraphe de les Estienne : Noti altum sapere !,le NC de le NP : NP NC sapere !
1830,1885_Metenier_La-Chair_N.txt,Et en bas : In sud officina excudebat Robertus Stephanus !,et en NC : In NC VPS NCo NP NP !
1831,1885_Metenier_La-Chair_N.txt,... — Oh !,... — INTJ !
1832,1885_Metenier_La-Chair_N.txt,"monsieur , je vous en prie , par tout ce que vous avez de plus cher !","monsieur , je vous en PRES , par tout ce que vous avoir de plus ADJ !"
1833,1885_Metenier_La-Chair_N.txt,cédez -moi votre volume !,IMP soi DETPOSS NCo !
1834,1885_Metenier_La-Chair_N.txt,"A n' importe quel prix , cela m' est égal , mais cédez -le moi !","à ne PRES quel NC , cela lui être ADJ , mais IMP le soi !"
1835,1885_Metenier_La-Chair_N.txt,"Je me sentis ému , et quoique bien à contrecœur , je répondis courtoisement à le vieillard que je ne voulais pas désespérer : — Ce livre est à vous , monsieur !","je me sentir VSENT , et quoique bien à NC , je PRES ADVMAN à le NC que je ne VIMP pas VSENT : — ce NCs être à vous , monsieur !"
1836,1885_Metenier_La-Chair_N.txt,"Pour toute récompense , je réclamerai l' honneur d' être admis à visiter votre bibliothèque , qui doit être bien riche , si elle renferme beaucoup d' ouvrages de cette valeur !","pour tout NC , je VCOND le NCSENT de être PPAS à INF DETPOSS NCo , qui devoir être bien ADJ , si il PRES beaucoup de NC de ce NCmod !"
1837,1885_Metenier_La-Chair_N.txt,"Le visage de M. Calvierre s' épanouit ; une larme trembla à le bord de ses cils , et il me prit les deux mains : — C' est bien vrai , vous m' offrez ce volume ?","le NCCOR de monsieur NP se VSENT ; un NCs VPS à le NC de DETPOSS NCCOR , et il me VPS le NUM NCCOR : — ce être bien vrai , vous lui IMP ce NCo ?"
1838,1885_Metenier_La-Chair_N.txt,"— Oui , il est à vous !","— oui , il être à vous !"
1839,1885_Metenier_La-Chair_N.txt,— Oh !,— INTJ !
1840,1885_Metenier_La-Chair_N.txt,merci !,INTJ !
1841,1885_Metenier_La-Chair_N.txt,"Puis , il saisit le livre , le fit prestement disparaître , sans que j' aie pu voir comment , dans une de les immenses poches de sa houppelande , et , passant familièrement son bras sous le mien : — Vous êtes un brave jeune homme , vous !","puis , il PRES le NCo , le faire ADVMAN INF , sans que je avoir pouvoir VCOG comment , dans un de le NCmod ADJ de DETPOSS NCmod , et , PPRES ADVMAN DETPOSS NCCOR sous le NCmod : — vous être un ADJ ADJ NC , vous !"
1842,1885_Metenier_La-Chair_N.txt,Vous avez compris qu' il faut passer quelque chose à les vieillards ; je vous en garderai une éternelle reconnaissance !,vous avoir VCOG que il PRES INF quelque chose à le NCmod ; je vous en VCOND un ADJ NCo !
1843,1885_Metenier_La-Chair_N.txt,"Je demeure rue Cassette , continua -t -il , en m' entraînant de son petit pas alerte et sautillant ; je vis tout seul avec mes livres et je puis me vanter d' en avoir de beaux !","je PRES NC NP , VPS t il , en lui PPRES de DETPOSS ADJ pas ADJ et ADJ ; je VCOG tout ADJ avec DETPOSS NC et je puis me INF de en avoir un NC !"
1844,1885_Metenier_La-Chair_N.txt,Que voulez -vous ?,que vouloir vous ?
1845,1885_Metenier_La-Chair_N.txt,Ils sont ma seule consolation !,il être DETPOSS ADJ NCSENT !
1846,1885_Metenier_La-Chair_N.txt,"Vous y trouverez tous les auteurs de les siècles passés , presqu' aucun de notre temps ; ils n' en valent pas la peine !","vous y VF tout le NCo de le NCT PPAS , presque aucun de DETPOSS temps ; il ne en PRES pas le NCSENT !"
1847,1885_Metenier_La-Chair_N.txt,"Selon , moi , l' imprimerie est en pleine décadence .","selon , soi , le NCs être en ADJ NC ."
1848,1885_Metenier_La-Chair_N.txt,"Où sont , de nos jours , ces vieux volumes , dont les caractères nets et pleins , le papier parcheminé et les grandes marges me remplissent encore d' admiration ?","où être , de DETPOSS NCT , ce ADJ NCs , dont le NC ADJ et ADJ , le NC PPAS et le ADJ NC me PRES encore de NCSENT ?"
1849,1885_Metenier_La-Chair_N.txt,Dans les bibliothèques publiques ou dans la mienne !,dans le NC ADJ ou dans le NC !
1850,1885_Metenier_La-Chair_N.txt,Pas ailleurs !,pas ADVLIEU !
1851,1885_Metenier_La-Chair_N.txt,"Si vous saviez comme je méprise la librairie actuelle avec son papier à chandelle et ses couvertures rouges , jaunes , vertes , bariolées , de toutes les couleurs !","si vous PRES comme je PRES le NCo ADJ avec DETPOSS NC à NCmod et DETPOSS NC ADJCOL , ADJCOL , ADJCOL , PPAS , de tout le NCmod !"
1852,1885_Metenier_La-Chair_N.txt,Ah !,INTJ !
1853,1885_Metenier_La-Chair_N.txt,nous sommes loin de l' imprimerie d' autrefois !,nous être ADVLIEU de le NC de ADVT !
1854,1885_Metenier_La-Chair_N.txt,"Cependant , nous étions arrivés devant une de les plus vieilles maisons de la vieille rue Cassette .","cependant , nous être PPAS ADVLIEU un de le plus ADJ NCmod de le ADJ NCmod NP ."
1855,1885_Metenier_La-Chair_N.txt,"Après avoir péniblement gravi cinq étages , dans un escalier sombre , roide et tortueux , nous nous arrêtâmes devant une petite porte qu' ouvrit le vieux savant .","PHASE avoir ADV PPAS NUM NCo , dans un NC ADJ , ADJ et ADJ , nous nous VPS ADVLIEU un ADJ NC que VPS le ADJ NCs ."
1856,1885_Metenier_La-Chair_N.txt,Je restai émerveillé !,je VF VSENT !
1857,1885_Metenier_La-Chair_N.txt,L' avarice de le propriétaire n' avait pas encore transformé en appartement à trente francs par mois le vaste grenier de la maison .,le NCs de le NCmod ne avoir pas encore PPAS en NC à NUM NC par NCT le ADJ NCo de le NCmod .
1858,1885_Metenier_La-Chair_N.txt,"M. Calvierre , qui l' occupait en entier , l' avait divisé par de les étagères supportant de les livres et traversant trois fois , dans sa largeur , l' immense mansarde qu' éclairaient de les carreaux à tabatières .","monsieur NP , qui le VIMP en NC , le avoir PPAS par de le NC PPRES de le NC et PPRES NUM fois , dans DETPOSS NC , le ADJ NCo que VIMP de le NC à NCmod ."
1859,1885_Metenier_La-Chair_N.txt,Une sorte de corridor était ménagé sur un de les côtés .,un sorte de NCmod être PPAS sur un de le NCmod .
1860,1885_Metenier_La-Chair_N.txt,"La couleur à peu près uniforme de les reliures témoignait de leur antiquité , tous les formats , de l' in -32 à l' in-folio , étaient représentés là .","le NCs à peu ADVLIEU ADJ de le NCmod VIMP de lui NC , tout le NC , de le NC NUM à le NCmod , être PPAS ADVLIEU ."
1861,1885_Metenier_La-Chair_N.txt,"Dans un coin , tout à le fond , une portière dissimulait l' entrée de la partie de le grenier dont le bibliophile avait fait sa chambre à coucher ou son alcôve .","dans un NC , tout à le NCmod , un NCs VIMP le NCo de le NCmod de le NCmod dont le NCs avoir faire DETPOSS NCo à INF ou DETPOSS NC ."
1862,1885_Metenier_La-Chair_N.txt,— Voilà mon sanctuaire !,— voilà DETPOSS NCo !
1863,1885_Metenier_La-Chair_N.txt,me dit orgueilleusement M. Calvierre .,me VDIC ADVMAN monsieur NP .
1864,1885_Metenier_La-Chair_N.txt,Avez -vous vu quelque chose de plus beau ?,avoir vous VCOG quelque chose de plus ADJ ?
1865,1885_Metenier_La-Chair_N.txt,De les rayons posés par terre et s' élevant jusqu' à le plafond cachaient le lambrissage .,de le NC PPAS par NC et se PPRES jusque à le NC VIMP le NCo .
1866,1885_Metenier_La-Chair_N.txt,"Devinant un espace libre , je voulus y jeter un coup d' œil , et je me dirigeai vers une ouverture ménagée comme une porte à un de les angles de la chambre .","PPRES un NCo ADJ , je PPAS y INF un NCo de NCmod , et je me VF vers un NC PPAS comme un NC à un de le NCmod de le NCmod ."
1867,1885_Metenier_La-Chair_N.txt,— Halte -là !,— NC ADVLIEU !
1868,1885_Metenier_La-Chair_N.txt,on ne passe pas !,on ne PRES pas !
1869,1885_Metenier_La-Chair_N.txt,me dit le bonhomme en se plaçant devant moi .,me VDIC le NCo en se PPRES ADVLIEU soi .
1870,1885_Metenier_La-Chair_N.txt,"C' est ici le tabernacle , le saint de les saints !","ce être ADVLIEU le NC , le NC de le NCmod !"
1871,1885_Metenier_La-Chair_N.txt,Le grand-prêtre seul a le droit d' y pénétrer !,le NCs ADJ avoir le NCo de y INF !
1872,1885_Metenier_La-Chair_N.txt,"Il disparut un instant derrière les rayons , et en ressortit bientôt avec une grande boite qu' il posa sur sa table avec respect .","il VPS un NCo ADVLIEU le NC , et en VPS bientôt avec un ADJ NC que il VPS sur DETPOSS NC avec NCmod ."
1873,1885_Metenier_La-Chair_N.txt,"— A vous , me dit -il , je montrerai tout !","— à vous , me VDIC il , je VF tout !"
1874,1885_Metenier_La-Chair_N.txt,Vous venez de me rendre un tel service !,vous venir de me INF un tel NCo !
1875,1885_Metenier_La-Chair_N.txt,"C' est là , ajouta -t -il en ouvrant la boite , que je renferme mes auteurs favoris , toutes éditions rares et de le temps !","ce être ADVLIEU , VPS t il en PPRES le NCo , que je PRES DETPOSS NCo ADJ , tout NCmod ADJ et de le temps !"
1876,1885_Metenier_La-Chair_N.txt,Je vous ai parlé reliures et caractères jusqu' ici .,je vous avoir PPAS ADJ et ADJ jusque ADVLIEU .
1877,1885_Metenier_La-Chair_N.txt,Après la forme voyons le fond .,PHASE le NC VCOG le NCo .
1878,1885_Metenier_La-Chair_N.txt,Je pose d' abord un principe : depuis cent ans l' art n' a pas fait un pas !,je PRES de NC un NCo : depuis NUM NCT le NCs ne avoir pas faire un pas !
1879,1885_Metenier_La-Chair_N.txt,Et comme je hochais la tête d' un air d' incrédulité .,et comme je VIMP le NCCOR de un NCMAN de NCmod .
1880,1885_Metenier_La-Chair_N.txt,— N' en prenons qu' un exemple !,— ne en prendre que un NC !
1881,1885_Metenier_La-Chair_N.txt,n' examinons qu' un genre !,ne IMP que un NCo !
1882,1885_Metenier_La-Chair_N.txt,"Voyez tous les poètes légers de les siècles passés Connaissez -vous rien de plus joli ni de plus gracieux que les œuvres de Chaulieu , de Lafare , et de tant d' autres jusqu' à Piron , Dorat et à le chevalier de Boufflers inclusivement ?","IMP tout le NCo ADJ de le NCT PPAS PRES vous rien de plus ADJ ni de plus ADJ que le NC de NP , de NP , et de tant de autre jusque à NP , NP et à le NC de NP ADV ?"
1883,1885_Metenier_La-Chair_N.txt,"Aujourd'hui , on les trouve surfaits ou on les traite de pornographes !","ADVT , on le PRES ADJ ou on le PRES de NC !"
1884,1885_Metenier_La-Chair_N.txt,Est -ce assez ridicule !,être ce ADV ADJ !
1885,1885_Metenier_La-Chair_N.txt,Je ne m' attendais pas à cette sortie ; mais l' apologie de les poètes légers de le dix-huitième siècle me parut naturelle dans la bouche de le vieux bibliophile .,je ne se VIMP pas à ce NC ; mais le NCs de le NCmod ADJ de le ADJ NCT me paraître ADJ dans le NCCOR de le ADJ NCmod .
1886,1885_Metenier_La-Chair_N.txt,"Je lui avais trouvé , dès le premier jour , un air d' abbé de cour ; et maintenant encore , à le milieu de ses antiquités , M. Calvierre me semblait un vieux portrait sorti de son cadre , à qui la ha-guette d' une fée aurait rendu la vie , pour la plus grande gloire de les Chaulieu et de les Piron .","je lui avoir PPAS , dès le ADJ NCT , un NCMAN de NCmod de NCmod ; et ADVT encore , à le milieu de DETPOSS NCmod , monsieur NP me sembler un ADJ NCo PPAS de DETPOSS NC , à qui le NCs de un NCmod avoir PPAS le NCo , pour le plus ADJ NC de le NP et de le NP ."
1887,1885_Metenier_La-Chair_N.txt,"— L' hypocrisie , continua M. Calvierre , qui s' animait en parlant , est un défaut particulier à notre époque .","— le NCs , VPS monsieur NP , qui se VIMP en PPRES , être un NC ADJ à DETPOSS NCmod ."
1888,1885_Metenier_La-Chair_N.txt,"Je sais de les gens qui parcourent en secret les œuvres de l' école naturaliste , qui n' est , de le reste , pas sans mérite , et qui s' indignent en lisant la célèbre épître de Voiture , le père de la poésie légère , où il eut le courage d' appeler un chat un chat .","je VCOG de le NC qui VPS en NC le NCo de le NCmod ADJ , qui ne être , de le NC , pas sans NC , et qui se VSENT en PPRES le ADJ NCo de NCmod , le NC de le NCmod ADJ , où il avoir le NCo de INF un NCo un NC ."
1889,1885_Metenier_La-Chair_N.txt,Vous la connaissez ?,vous le PRES ?
1890,1885_Metenier_La-Chair_N.txt,"— Ma foi , j' avoue mon ignorance !","— DETPOSS NC , je VDIC DETPOSS NCo !"
1891,1885_Metenier_La-Chair_N.txt,M. Calvierre bondit .,monsieur NP ADJ .
1892,1885_Metenier_La-Chair_N.txt,— Vous ne connaissez pas les Stances de M. de Voiture sur une dame dont la juppe fust retroussée !,— vous ne PRES pas le NCo de monsieur de NCmod sur un NCmod dont le NC ADJ PPAS !
1893,1885_Metenier_La-Chair_N.txt,"M. de Voiture était l' amant d' une femme d' esprit célèbre , Mlle Paulet .","monsieur de NP être le NC de un NCmod de NCmod ADJ , NP NP ."
1894,1885_Metenier_La-Chair_N.txt,"Un jour que le poète accompagnait sa maîtresse , le carrosse de la belle ayant versé , elle montra Voiture a dit le mot .","un NCT que le NCs VIMP DETPOSS NCo , le NC de le ADJ avoir PPAS , il VPS NP avoir VDIC le NCo ."
1895,1885_Metenier_La-Chair_N.txt,Tenez !,IMP !
1896,1885_Metenier_La-Chair_N.txt,lisez !,IMP !
1897,1885_Metenier_La-Chair_N.txt,"ajouta -t -il , en me tendant un vieux bouquin .","VPS t il , en me PPRES un ADJ NCo ."
1898,1885_Metenier_La-Chair_N.txt,"C' est l' édition Pinchesne , 1660 !","ce être le NC NP , NUM !"
1899,1885_Metenier_La-Chair_N.txt,"page 32 ; voici la première stance : « Philis , je suis dessous vos lois , Et sans remède , à cette fois , Mon àme est vostre prisonnière , Mais sans iustice et sans raison Vous m' avez pris par le derrière : D N' est -ce pas une trahison ?","NC NUM ; voici le ADJ NCo : "" NP , je être PPAS DETPOSS NCo , et sans NC , à ce fois , DETPOSS NCs être ADJ NC , mais sans NCmod et sans NC vous le avoir PPAS par le ADVLIEU : NP ne être ce pas un NC ?"
1900,1885_Metenier_La-Chair_N.txt,» Vous trouverez le mot propre plus loin 1 Je lus l' épitre en souriant .,""" vous VF le NCo ADJ plus ADVLIEU NUM je PPAS le NCo en PPRES ."
1901,1885_Metenier_La-Chair_N.txt,"— J' adore Voiture , me dit alors le bonhomme et j' ai pris sa défense en vers , vous plaît -il de l' entendre ?","— je VSENT NCo , me VDIC alors le NCo et je avoir PPAS DETPOSS NCo en NC , vous PRES il de le VCOG ?"
1902,1885_Metenier_La-Chair_N.txt,"Et , tout heureux de mon assentiment , clignant malicieusement de l' œil , M. Calvierre me lut les strophes suivantes : SUR LE MOT CÉLÈBRE DE M. DE VOITURE Amis , de quel droit conspuer Un mot , pour cause de roture ?","et , tout ADJ de DETPOSS NC , PPRES ADVMAN de le NC , monsieur NP me PRES le NCo ADJ : sur Le NP NP NP monsieur NP NP NC , de quel NC INF un NC , pour NCmod de NCmod ?"
1903,1885_Metenier_La-Chair_N.txt,C' est trop oublier l' aventure Où Paulet faillit se tuer !,ce être trop VCOG le NCo où NP PRES se INF !
1904,1885_Metenier_La-Chair_N.txt,"La précieuse demoiselle Chevauchait de le côté d' Ivry , Quand son poète favori La vit soudain perdre la selle .","le NC ADJ VIMP de le NC de NP , quand DETPOSS NCs PPAS le VPS soudain INF le NCo ."
1905,1885_Metenier_La-Chair_N.txt,"Ce qu' elle montra , nous dit -il , Avait déchiré tous les voiles : A cet homme de cour subtil La belle fit ... voir les Estoiles !","ce que il VPS , nous VDIC il , avoir PPAS tout le NCo : à ce NC de NCmod ADJ le ADJ faire ... VCOG le NP !"
1906,1885_Metenier_La-Chair_N.txt,"Voiture emploie , en ce discours , Un mot que notre langue prude , En ce siècle d' habits très courts , Trouve trop court et par trop rude .","NC PPAS , en ce NC , un NC que DETPOSS NCCOR ADJ , en ce NCT de NCmod très ADJ , NC trop ADJ et par trop ADJ ."
1907,1885_Metenier_La-Chair_N.txt,"Je conviens qu' en vers il messied , Mais il est beau dans la nature .","je PRES que en NC il PRES , mais il être ADJ dans le NC ."
1908,1885_Metenier_La-Chair_N.txt,"Nos poètes l' ont mis à pied : Pour moi , je l' admire en Voiture l L' ACCIDENT CHABERT I Sept heures de le matin .","DETPOSS NCs le avoir mettre à NCCOR : pour soi , je le PRES en NC on le NP NP NUM NUM NCT de le NCT ."
1909,1885_Metenier_La-Chair_N.txt,L' agent Recordet arriva à la gare Saint-Lazare .,le NCs NP VPS à le NC NP .
1910,1885_Metenier_La-Chair_N.txt,"Déjà la foule nombreuse de les fanatiques de le « dimanche à la campagne » , — un de les préjugés de le siècle , — encombrait les salles d' attente .","déjà le NC ADJ de le NCmod de le "" ADVT à le NCmod "" , — un de le NCmod de le NCT , — VIMP le NCo de NCmod ."
1911,1885_Metenier_La-Chair_N.txt,"Bourgeois de le Marais , négociants de le Sentier , épiciers de la rue Saint-Denis , calicots en rupture de mètre , tout ce monde -là s' écrasait autour de les guichets , impatient , éreinté déjà , — pour avoir le droit de dire le lendemain ; — Comme ça repose , la campagne !","ADV de le NC , NC de le NP , NC de le NCmod NP , NC en NCmod de NCmod , tout ce NCs ADVLIEU se VIMP ADV de le NC , ADJ , PPAS déjà , — pour avoir le NCo de VDIC le NC ; — comme ça PRES , le NCo !"
1912,1885_Metenier_La-Chair_N.txt,"À le milieu de cette multitude , remuante , tapageuse , Recordet se glissait , humble , silencieux , promenant autour de lui avec indifférence son regard d' habitude perçant et froid .","à le milieu de ce NCmod , ADJ , ADJ , NP se VIMP , ADJ , ADJ , PPRES ADV de lui avec VSENT DETPOSS NCMAN de NCmod ADJ et ADJ ."
1913,1885_Metenier_La-Chair_N.txt,Un terrible policier ce Recordet .,un ADJ NC ce NP .
1914,1885_Metenier_La-Chair_N.txt,Un de les agents les plus appréciés de le chef de la Sûreté .,un de le NCmod le plus VSENT de le NC de le NCmod .
1915,1885_Metenier_La-Chair_N.txt,"Grêle , de petite taille , un nez long et très pointu , de les lèvres minces et un peu pâles , de les joues creuses , les cheveux ras et tout ce visage énigmatique , à les tons de cire , éclairé par les reflets bleuâtres de deux prunelles étincelantes , tel était cet homme , surnommé Bleu d' Acier par les collègues de son service , à cause de l' éclat singulier de ses yeux .","NP , de ADJ NC , un NCCOR ADJ et très PPAS , de le NCCOR ADJ et un peu ADJ , de le NCCOR ADJ , le NCCOR ADJ et tout ce NCCOR ADJ , à le NC de NCmod , PPAS par le NC ADJCOL de NUM NCmod ADJ , tel être ce NC , PPAS ADJCOL de NP par le NC de DETPOSS NCmod , à NC de le NCmod ADJ de DETPOSS NCCOR ."
1916,1885_Metenier_La-Chair_N.txt,"Recordet avait huit ans de service et trente-deux ans d' âge , Son histoire , un vrai roman .","NP avoir NUM NCT de NCmod et NUM NCT de NCmod , DETPOSS NC , un vrai NC ."
1917,1885_Metenier_La-Chair_N.txt,Pas de parents .,pas de NC .
1918,1885_Metenier_La-Chair_N.txt,"Un beau matin , on l' avait trouvé sous la porte cochère d' une maison de la rue Gabrielle , à peine âgé de quelques jours et enveloppé dans un mauvais jupon .","un ADJ NCT , on le avoir PPAS sous le NC ADJ de un NCmod de le NCmod NP , à NCSENT ADJ de quelque NCT et PPAS dans un ADJ NC ."
1919,1885_Metenier_La-Chair_N.txt,"La concierge porta cette singulière trouvaille chez le commissaire de police , mais comme c' était une brave et digne femme qui , malgré ses dix ans de ménage , n' avait jamais eu d' enfant , elle déclara à le magistrat qu' elle entendait se charger de les frais de l' éducation de le marmot .","le NCs VPS ce ADJ NCo chez le NC de NCmod , mais comme ce être un NC et ADJ NC qui , malgré DETPOSS NUM NCT de NCmod , ne avoir ADVTEMPS avoir un NC , il VPS à le NC que il VCOG se INF de le NC de le NCmod de le NCmod ."
1920,1885_Metenier_La-Chair_N.txt,"Dans les langes , on avait trouvé un papier portant les noms de Recordet , Jules ; l' enfant fut inscrit sous ce nom à la mairie et , dès ce jour , les époux Chabert eurent un fils .","dans le NC , on avoir PPAS un NCo PPRES le NCo de NP , NP ; le NCspas être PPAS sous ce NC à le NC et , dès ce NCT , le NCs NP avoir un NCo ."
1921,1885_Metenier_La-Chair_N.txt,Le petit Jules grandit .,le ADJ NP ADJ .
1922,1885_Metenier_La-Chair_N.txt,"Intelligent , mais d' une nature sauvage , il n' eut jamais de camarades ; non qu' il fut timide , — il était à le contraire courageux à l' excès et téméraire à le besoin , — mais il aimait la solitude et les coins sombres .","ADJ , mais de un NC ADJ , il ne avoir ADVTEMPS un NC ; non que il être ADJ , — il être à le NC ADJ à le NC et NC à le NCmod , — mais il VSENT le NCo et le NC ADJ ."
1923,1885_Metenier_La-Chair_N.txt,"A quatorze ans , Jules Recordet était incapable de s' adonner à une occupation exigeant de l' attention et de l' immobilité , aussi commença -t -il à contre-cœur son apprentissage de tailleur , sous la direction de son père adoptif .","à NUM NCT , NP NP être ADJ de se INF à un NC PPRES de le NC et de le NC , aussi VASP t il à ADJ DETPOSS NCo de NCmod , sous le NC de DETPOSS NCmod ADJ ."
1924,1885_Metenier_La-Chair_N.txt,"Sur ces entrefaites , Mme Chabert , alors âgée de quarante-deux ans , après vingt-quatre ans de mariage et contre toute attente , mit à le monde une petite fille .","sur ce NC , madame NP , alors ADJ de NUM NCT , PHASE NUM NCT de NCmod et contre tout NC , mettre à le NC un ADJ NCo ."
1925,1885_Metenier_La-Chair_N.txt,"L' humeur noire de Jules s' augmenta et se sentant de trop désormais dans cette famille , quoique l' arrivée de cette héritière inattendue n' eût en rien changé la manière d' être affectueuse à son égard de ses parents adoptifs , il déclara que son parti était pris et que , dès qu' il aurait atteint l' âge requis par la loi , il partirait dans la marine .","le NCs ADJ de NP se VPS et se sentir de trop ADV dans ce NC , quoique le NCs de ce NCmod ADJ ne avoir en rien PPAS le NCo de être ADJ à DETPOSS NC de DETPOSS NCmod ADJ , il VPS que DETPOSS NCs être PPAS et que , dès que il avoir PPAS le NCo PPAS par le NC , il VIMP dans le NC ."
1926,1885_Metenier_La-Chair_N.txt,"A dix-huit ans , Jules Recordet , matelot à bord d' un vaisseau de l' Etat , faisait voile pour les Colonies .","à NUM NCT , NP NP , NC à NCmod de un NCmod de le NP , faire NCo pour le NP ."
1927,1885_Metenier_La-Chair_N.txt,"La mère Chabert pleura bien un peu en voyant partir « son grand » , comme elle l' appelait , mais la froideur avec laquelle Jules accueillit les dernières caresses de la pauvre femme , tempéra son chagrin .","le NCs NP VPS bien un peu en PPRES INF "" DETPOSS ADJ "" , comme il le VIMP , mais le NCs avec lequel NP PRES le ADJ NCo de le ADJ NCmod , VF DETPOSS NCSENT ."
1928,1885_Metenier_La-Chair_N.txt,"Recordet était devenu de plus en plus impénétrable et semblait , depuis la naissance de « sa petite sœur » surtout , supporter avec peine le poids d' une vie que ses parents adoptifs lui avaient cependant faite aussi douce que possible .","NP être devenir de plus en plus ADJ et sembler , depuis le NC de "" DETPOSS ADJ NCmod "" surtout , INF avec NCSENT le NCo de un NCmod que DETPOSS NCs ADJ lui avoir cependant faire aussi ADJ que ADJ ."
1929,1885_Metenier_La-Chair_N.txt,Il parut méconnaître constamment la tendresse dont on l' entourait et jamais une parole affectueuse ne sortit de sa bouche .,il paraître VCOG ADVTEMPS le NCSENT dont on le VIMP et ADVTEMPS un NCs ADJ ne VPS de DETPOSS NCCOR .
1930,1885_Metenier_La-Chair_N.txt,"Quand il revit la France , après avoir donné bien rarement de ses nouvelles , c' était à les jours de deuil , à le début de la campagne , en 1870 .","quand il PRES le NP , PHASE avoir PPAS bien ADVTEMPS de DETPOSS NC , ce être à le NCT de NCmod , à le NCmod de le NCmod , en NUM ."
1931,1885_Metenier_La-Chair_N.txt,Mais Hecordet n' était plus le même .,mais NP ne être plus le même .
1932,1885_Metenier_La-Chair_N.txt,"Sa nature inquiète , aventureuse , avait trouvé un aliment ; il avait fait presque le tour de le monde et un jour , là-bas , en Orient , à quatre mille lieues de le pays , il s' était pris tout d' un coup à songer à la chambrette où s' était écoulée son enfance , où pendant si longtemps , il avait vécu heureux sans s' en douter .","DETPOSS NCs ADJ , ADJ , avoir PPAS un NCo ; il avoir faire presque le NCo de le NCmod et un NCT , ADVLIEU , en NP , à NUM NUM NC de le NCmod , il se être PPAS tout de un NC à INF à le NC où se être PPAS DETPOSS NCo , où PHASE si longtemps , il avoir PPAS ADJ sans se en INF ."
1933,1885_Metenier_La-Chair_N.txt,"Il revit le père Chabert accroupi sur sa table et tirant l' aiguille en chantant un refrain de la vieille Bretagne ; il se ressouvint de la mère , berçant la « p' tiote » et il eut honte d' avoir eu le cœur sec et il sentit une larme , la première , perler à le bord de ses cils !","il VPS le NCo NP PPAS sur DETPOSS NC et PPRES le NCo en PPRES un NCo de le ADJ NP ; il se VPS de le NC , PPRES le "" p' NCo "" et il avoir NCSENT de avoir avoir le NCo ADJ et il sentir un NCo , le ADJ , INF à le NC de DETPOSS NCCOR !"
1934,1885_Metenier_La-Chair_N.txt,"En brave mathurin qu' il était , Jules Recordet se battit comme un lion ; il fit partie de l' Armée de la Loire et quand , la paix signée , la Commune pacifiée , il obtint son congé et arriva à Paris , dont les monuments fumaient encore , il portait à la boutonnière le ruban jaune de le Mérite Militaire .","en ADJ NC que il être , NP NP se VPS comme un NC ; il faire NCo de le NCmod de le NP et quand , le NC PPAS , le NP PPAS , il VPS DETPOSS NCo et VPS à NP , dont le NCs VIMP encore , il VIMP à le NC le NCo ADJCOL de le NCmod NP ."
1935,1885_Metenier_La-Chair_N.txt,Il trouva tout bien changé dans la loge de la rue Gabrielle .,il VPS tout bien PPAS dans le NC de le NCmod NP .
1936,1885_Metenier_La-Chair_N.txt,"La petite sœur , la petite Eugénie était grandette , elle allait sur ses dix ans ; elle était bien jolie , mais quand elle vint ouvrir à le « grand » , ce fut vêtue d' une petite robe d' indienne noire qu' elle apparut dans l' entre-bâillement de la porte et ce fut en pleurant qu' elle se jet uses bras .","le ADJ NCs , le ADJ NP être ADJ , il aller sur DETPOSS NUM NCT ; il être bien ADJ , mais quand il venir INF à le "" ADJ "" , ce être PPAS de un ADJ NC de ADJ NCmod que il VPS dans le NC de le NCmod et ce être en PPRES que il se PRES ADJ NC ."
1937,1885_Metenier_La-Chair_N.txt,"Brisé par les fatigues , épuisé par les privations pendant les deux sièges de Paris , le père Chabert était mort à la peine et , bien malade elle-même , étendue sur un lit de douleur , la mère pleurait en pensant qu' elle allait quitter cette terre , laissant toute seule et sans soutien la pauvre Eugénie !","PPAS par le NCSENT , PPAS par le NC PHASE le NUM NC de NP , le NCs NP être PPAS à le NCSENT et , bien ADJ elle-même , NC sur un NCmod de NCSENT , le NCs VCOND en VCOG que il aller INF ce NCo , laisser tout ADJ et sans NC le NCo NP !"
1938,1885_Metenier_La-Chair_N.txt,"Il y avait si longtemps que le grand n' avait pas donné de ses nouvelles , il était peut-être bien tombé sous les balles prussiennes , comme tant d' autres !","il y avoir si longtemps que le ADJ ne avoir pas PPAS de DETPOSS NC , il être peut-être bien PPAS sous le NC ADJ , comme tant de autre !"
1939,1885_Metenier_La-Chair_N.txt,"Aussi , quand Jules entra , quand il courut se jeter , tout sanglotant , dans les bras de la pauvre femme , quelle joie !","aussi , quand NP VPS , quand il VPS se INF , tout PPRES , dans le NCCOR de le ADJ NCmod , quel NCSENT !"
1940,1885_Metenier_La-Chair_N.txt,— Mon gars !,— DETPOSS NC !
1941,1885_Metenier_La-Chair_N.txt,mon pauv grand gars !,DETPOSS NC ADJ NCmod !
1942,1885_Metenier_La-Chair_N.txt,Te voilà donc enfin !,me voilà donc PHASE !
1943,1885_Metenier_La-Chair_N.txt,"Et la mère Chabert , réunissant ses dernières forces , ne se lassait pas d' étreindre et d' embrasser son enfant .","et le NCs NP , PPRES DETPOSS ADJ NCSENT , ne se VSENT pas de INF et de INF DETPOSS NCo ."
1944,1885_Metenier_La-Chair_N.txt,— Ah !,— INTJ !
1945,1885_Metenier_La-Chair_N.txt,je savais bien que tu nous reviendrais !,je VCOG bien que je nous VCOND !
1946,1885_Metenier_La-Chair_N.txt,.. Ah !,.. INTJ !
1947,1885_Metenier_La-Chair_N.txt,"on a besoin de toi ici , va !","on avoir NCo de soi ADVLIEU , aller !"
1948,1885_Metenier_La-Chair_N.txt,"écoute , mon Jules , je vais mourir !","NC , son NP , je aller INF !"
1949,1885_Metenier_La-Chair_N.txt,Oh !,INTJ !
1950,1885_Metenier_La-Chair_N.txt,"je le sais , vois -tu , il n' y a plus d' huile dans la lampe !","je le VCOG , NUM -tre , il ne y avoir plus de NC dans le NCmod !"
1951,1885_Metenier_La-Chair_N.txt,"... Tiens , je te confie et je te laisse ta petite sœur , tu la défendras ... Tu marches sur tes vingt-quatre ans , mon grand , et voilà qu' elle va en avoir dix ... quatorze ans , ce n' est pas une si grande différence ... Eh bien !","... NP , je me PRES et je me laisser ta ADJ NC , je le NC ... je NCmod sur DETPOSS NUM NCT , DETPOSS ADJ , et voilà que il aller en avoir NUM ... NUM NCT , ce ne être pas un si ADJ NC ... INTJ bien !"
1952,1885_Metenier_La-Chair_N.txt,tiens !,ADJ !
1953,1885_Metenier_La-Chair_N.txt,"en souvenir de mon pauvre Chabert , en souvenir de moi ... promets -moi ... Dam !","en NC de DETPOSS ADJ NP , en NCmod de soi ... NC soi ... NP !"
1954,1885_Metenier_La-Chair_N.txt,"vois -tu , je mourrais plus tranquille si , en m' en allant , je pensais que ma pauvre petite Eugénie sera un jour la femme d' un bon garçon comme toi ... Jules Recordet pleurait ... Pour toute réponse il prit Eugénie par la main et d' un ton solennel : — Je jure , dit -il , de défendre et de garder votre fille , maman , et un jour , si elle veut de moi ... — Ah !","NUM il , je VCOND plus ADJ si , en lui en aller , je VCOG que DETPOSS NCs ADJ NP être un NCT le NCmod de un ADJ NCmod comme soi ... NP NP VIMP ... pour tout NC il VPS NP par le NCCOR et de un NC ADJ : — je ADJ , VDIC il , de INF et de INF DETPOSS NCo , NC , et un NCT , si il vouloir de soi ... — INTJ !"
1955,1885_Metenier_La-Chair_N.txt,"j' ai pleuré bien souvent , mon grand , en songeant à toi , quand je pensais que tu ne nous aimais pas , mais jamais mes larmes n' ont été si douces qu' aujourd'hui !","je avoir PPAS bien ADVTEMPS , DETPOSS ADJ , en PPRES à soi , quand je VCOG que je ne nous ADV pas , mais ADVTEMPS DETPOSS NCs ne avoir être si ADJ que ADVT !"
1956,1885_Metenier_La-Chair_N.txt,"... Deux jours après , Eugénie était orpheline et son frère la conduisait à Asnières où une sœur de la pauvre mère Chabert était établie blanchisseuse , puis , il songea à vivre .","... NUM NCT PHASE , NP être ADJ et DETPOSS NCs le VIMP à NP où un NCs de le ADJ NCmod NP être PPAS ADJ , puis , il VPS à INF ."
1957,1885_Metenier_La-Chair_N.txt,Recordet ne se sentait aucune vocation .,NP ne se sentir aucun NCo .
1958,1885_Metenier_La-Chair_N.txt,"En eût -il eu , qu' il devait en faire abnégation ; ne fallait -il pas avant tout subvenir à les besoins de la petite Eugénie , en même temps qu' à les siens .","en avoir il avoir , que il devoir en faire NCSENT ; ne VIMP il pas PHASE tout INF à le NC de le ADJ NP , en même temps que à le NC ."
1959,1885_Metenier_La-Chair_N.txt,"Il l' avait juré , et dam !","il le avoir PPAS , et NC !"
1960,1885_Metenier_La-Chair_N.txt,"pour lui , un serment , c' était sacré !","pour lui , un NC , ce être PPAS !"
1961,1885_Metenier_La-Chair_N.txt,"Sur la recommandation d' un de ses anciens chefs , il fut admis à la préfecture de police .","sur le NC de un de DETPOSS ADJ NCmod , il être PPAS à le NC de NCmod ."
1962,1885_Metenier_La-Chair_N.txt,Recordet devint agent de la Sûreté .,NP devenir NC de le NCmod .
1963,1885_Metenier_La-Chair_N.txt,"Il était entré là , comme il fut entré ailleurs ; même un instant , ce titre : « agent de la sûreté , » lui avait fait dresser l' oreille , mais quand on le mit à l' œuvre , quand il comprit , à l' user , quelles fonctions lui incombaient , un nouveau Recordet se révéla .","il être PPAS ADVLIEU , comme il être PPAS ADVLIEU ; même un NCo , ce NC : "" NC de le NCmod , "" lui avoir faire INF le NCCOR , mais quand on le mettre à le NC , quand il VCOG , à le INF , quel NCs lui VIMP , un ADJ NP se VPS ."
1964,1885_Metenier_La-Chair_N.txt,"Ce tempérament nerveux , inquiet , sauvage , aventureux dont il avait su parfois triompher par un effort de volonté , mais qu' il n' avait jamais pu dominer complètement , reprit le dessus .","ce NCs ADJ , ADJ , ADJ , ADJ dont il avoir VCOG ADVTEMPS INF par un NC de NCmod , mais que il ne avoir ADVTEMPS pouvoir INF ADVINT , VPS le NCo ."
1965,1885_Metenier_La-Chair_N.txt,"Recordet avait trouvé enfin sa voie dans ce métier , qui laisse à l' homme son initiative , qui le force , quand il veut remplir consciencieusement son devoir , à déployer , pour arriver à le but , toutes les ressources de son intelligence .","NP avoir PPAS PHASE DETPOSS NCo dans ce NC , qui laisser à le NC DETPOSS NCo , qui le PRES , quand il vouloir INF ADVMAN DETPOSS devoir , à INF , pour INF à le NC , tout le NCo de DETPOSS NCmod ."
1966,1885_Metenier_La-Chair_N.txt,"Faire une chasse incessante à le gibier de potence ; le traquer dans de les repaires où il est parfois périlleux de se hasarder ; avoir l' esprit continuellement travaillé par la solution d' un problème souvent inextricable ; passer son temps à imaginer de les combinaisons que viennent déranger , la plupart de le temps , les hommes et les événements !","faire un NCo ADJ à le NC de NCmod ; le NC dans de le NCmod où il être ADVTEMPS ADJ de se INF ; avoir le NCo ADVTEMPS PPAS par le NC de un NCmod ADVTEMPS ADJ ; INF DETPOSS temps à VCOG de le NC que venir VSENT , le NC de le temps , le NC et le NC !"
1967,1885_Metenier_La-Chair_N.txt,"Les voyages , la vie aventureuse de le marin l' avaient à moitié satisfait .","le NC , le NCs ADJ de le NCmod le avoir à NC ADJ ."
1968,1885_Metenier_La-Chair_N.txt,"Il se sentait encore à l' étroit entre bâbord et tribord , entre les murs de le port ou de la ville de débarquement , et voilà que le hasard lui fournissait tout à coup une occasion inespérée de mettre ses facultés particulières à le service de la société et lui permettait de les exercer dans un champ presqu' illimité !","il se sentir encore à le NC entre NCmod et NC , entre le NC de le NCmod ou de le NC de NCmod , et voilà que le NCs lui VIMP tout à NC un NCo ADJ de mettre DETPOSS NCo ADJ à le NC de le NCmod et lui permettre de le INF dans un NC ADV PPAS !"
1969,1885_Metenier_La-Chair_N.txt,Son apprentissage fut vile fait .,DETPOSS NCs être ADJ NC .
1970,1885_Metenier_La-Chair_N.txt,"Recordet avait cette intuition , qui lui permettait de concevoir et de deviner ce que l' expérience seule apprend d' habitude à les fins limiers de la police .","NP avoir ce NC , qui lui permettre de VCOG et de VCOG ce que le NCs ADJ VCOG de NC à le ADJ NCmod de le NCmod ."
1971,1885_Metenier_La-Chair_N.txt,"Aussi en peu de temps , devint -il célèbre .","aussi en peu de temps , devenir il ADJ ."
1972,1885_Metenier_La-Chair_N.txt,"S' il se présentait une affaire délicate , une arrestation périlleuse , Recordet en était aussitôt chargé .","si il se VIMP un NCo ADJ , un NC ADJ , NP en être aussitôt PPAS ."
1973,1885_Metenier_La-Chair_N.txt,"Et pendant ce temps -là , la petite Eugénie grandissait .","et PHASE ce temps ADVLIEU , le ADJ NP VIMP ."
1974,1885_Metenier_La-Chair_N.txt,"Recordet , cet homme dont le cœur n' avait pour ainsi dire pas battu avant son retour en France , lui , qui pendant si longtemps n' avait connu aucune affection , s' était senti pris à le lit de mort de sa mère adoptive d' un immense besoin de tendresse .","NP , ce NC dont le NCs ne avoir pour ainsi VDIC pas PPAS PHASE DETPOSS NC en NP , lui , qui PHASE si longtemps ne avoir PPAS aucun NCSENT , se être sentir PPAS à le NC de NCmod de DETPOSS NCmod ADJ de un ADJ NCmod de NCSENT ."
1975,1885_Metenier_La-Chair_N.txt,"Lorsqu' à le cimetière il avait entendu résonner sur les planches de le cercueil de la seule personne qui l' eût aimé , les premières pelletées de terre , quelque chose s' était brisé dans sa poitrine et c' est en serrant bien fort contre lui la petite Eugénie , comme s' il eût craint qu' on lui enlevât ce dépôt sacré , qu' il l' avait conduite chez une sœur de la défunte .","lorsque à le NC il avoir VCOG INF sur le NC de le NCmod de le ADJ NCmod qui le avoir VSENT , le ADJ NCs de NCmod , quelque chose se être PPAS dans DETPOSS NC et ce être en PPRES bien fort contre lui le ADJ NP , comme si il avoir VSENT que on lui VSUBI ce NCo ADJ , que il le avoir PPAS chez un NC de le NCmod ."
1976,1885_Metenier_La-Chair_N.txt,"Là , l' enfant travaillait et faisait son apprentissage , tout en suivant les cours de l' École de les sœurs .","ADVLIEU , le NCs VIMP et faire DETPOSS NCo , tout en PPRES le NCo de le NCmod de le NCmod ."
1977,1885_Metenier_La-Chair_N.txt,"Et dès que Recordet pouvait s' échapper un instant , c' était pour courir à Asnières , embrasser sa petite sœur .","et dès que NP pouvoir se INF un NCo , ce être pour INF à NP , INF DETPOSS ADJ NCo ."
1978,1885_Metenier_La-Chair_N.txt,Eugénie !,NP !
1979,1885_Metenier_La-Chair_N.txt,C' était tout pour lui !,ce être tout pour lui !
1980,1885_Metenier_La-Chair_N.txt,C' était l' univers !,ce être le NC !
1981,1885_Metenier_La-Chair_N.txt,"Pour elle il eût donné son métier qu' il aimait tant , son sang , sa vie !","pour il il avoir PPAS DETPOSS NCo que il VSENT tant , DETPOSS NCCOR , DETPOSS NC !"
1982,1885_Metenier_La-Chair_N.txt,"Quand il avait prélevé sur ses appointements de le mois et sa part de les primes , le strict nécessaire pour ses besoins personnels , il mettait tout le reste de côté et pour un empire , il n' y eût point touché .","quand il avoir PPAS sur DETPOSS NC de le NCT et DETPOSS NCo de le NCmod , le NC ADJ pour DETPOSS NCmod ADJ , il mettre tout le NCo de NCmod et pour un NC , il ne y avoir ADV PPAS ."
1983,1885_Metenier_La-Chair_N.txt,C' eût été voler Eugénie !,ce avoir être INF NP !
1984,1885_Metenier_La-Chair_N.txt,Eugénie !,NP !
1985,1885_Metenier_La-Chair_N.txt,Mais n' était -ce pas pour elle qu' il avait été créé et mis à le monde !,mais ne être ce pas pour il que il avoir être PPAS et mettre à le NC !
1986,1885_Metenier_La-Chair_N.txt,"Quelquefois , arrivant à Asnières les mains pleines de cadeaux , il restait de les heures sans mot dire , à contempler la joie enfantine qui rayonnait sur le visage de sa petite sœur .","ADVTEMPS , PPRES à NP le NCCOR ADJ de NCmod , il VIMP de le NCT sans NC VDIC , à INF le NCSENT ADJ qui VIMP sur le NCCOR de DETPOSS ADJ NCmod ."
1987,1885_Metenier_La-Chair_N.txt,"Et quel bonheur quand l' enfant prenant entre ses bras le cou de son grand frère , lui disait : — Comme tu es bon !","et quel NCSENT quand le NCs PPRES entre DETPOSS NCCOR le NCCOR de DETPOSS ADJ NCmod , lui VDIC : — comme je être ADJ !"
1988,1885_Metenier_La-Chair_N.txt,mon grand !,NC ADJ !
1989,1885_Metenier_La-Chair_N.txt,comme tu es bon !,comme je être ADJ !
1990,1885_Metenier_La-Chair_N.txt,"Mais dès qu' il avait remis le pied sur le trottoir parisien , Recordet rendait à sa figure son aspect rude et austère ; alors , malheur à le malfaiteur qui tombait entre ses mains .","mais dès que il avoir PPAS le NCCOR sur le NC ADJ , NP VIMP à DETPOSS NCCOR DETPOSS NCo ADJ et ADJ ; alors , NC à le NCmod qui VIMP entre DETPOSS NCCOR ."
1991,1885_Metenier_La-Chair_N.txt,"Aucune voix n' avait désormais le don d' amollir ce cœur redevenu de pierre ; la femme , même la plus charmante , n' apparaissait à ses yeux que comme le mobile de tous les crimes , dont on lui confiait la recherche .","aucun NCMAN ne avoir ADV le NCo de INF ce NCo PPAS de NCmod ; le NCs , même le plus ADJ , ne VIMP à DETPOSS NCCOR que comme le NC de tout le NCmod , dont on lui VIMP le NCo ."
1992,1885_Metenier_La-Chair_N.txt,"Dans sa logique de policier , son opinion à cet égard se résumait dans ce mot d' un grand jurisconsulte : Si vous voulez la clef de l' affaire la plus embrouillée , cherchez la femme , toujours la femme !","dans DETPOSS NC de NCmod , DETPOSS NCs à ce NCmod se VIMP dans ce NC de un ADJ NCmod : si vous vouloir le NCo de le NCmod le plus PPAS , PRES le NCo , ADVTEMPS le NC !"
1993,1885_Metenier_La-Chair_N.txt,Les années passèrent ; Eugénie devint une grande et belle fille .,le NCT VPS ; NP devenir un ADJ et ADJ NC .
1994,1885_Metenier_La-Chair_N.txt,"Elle avait quitté l' école de les sœurs et venait en aide à sa tante , qui vieillissait .","il avoir PPAS le NCo de le NCmod et venir en NC à DETPOSS tant , qui VIMP ."
1995,1885_Metenier_La-Chair_N.txt,"On se retournait à Asnières quand la jolie blanchisseuse , le panier à le bras et les cheveux à le vent , allait chez « la pratique » .","on se VIMP à NP quand le NCs ADJ , le NC à le NCCOR et le NCCOR à le NCmod , aller chez "" le NC "" ."
1996,1885_Metenier_La-Chair_N.txt,Recordet devint soucieux .,NP devenir ADV .
1997,1885_Metenier_La-Chair_N.txt,"Le moment approchait où il allait rappeler à sa pupille le dernier vœu de sa mère mourante et il se sentait pris en face de la jeune fille d' une sorte de timidité , de respect , qui arrêtait sur ses lèvres l' aveu prêt à s' en échapper .","le NCs VIMP où il aller INF à DETPOSS NC le ADJ NCo de DETPOSS NCmod ADJ et il se sentir PPAS en NC de le ADJ NCmod de un sorte de NCSENT , de NC , qui VIMP sur DETPOSS NCCOR le NC ADJ à se en INF ."
1998,1885_Metenier_La-Chair_N.txt,"Et puis , Eugénie était devenue sérieuse ; son grand frère , comme elle disait , elle l' entourait de prévenances , le comblait de carresses , mais jamais rien dans son allure , ni dans sa manière d' être qui put encourager Recordet à aborder ce sujet délicat .","et puis , NP être devenir ADJ ; DETPOSS ADJ NCs , comme il VDIC , il le VIMP de NCSENT , le NC de NCmod , mais ADVTEMPS ADV dans DETPOSS NCMAN , ni dans DETPOSS NC de être qui pouvoir INF NP à INF ce NCo ADJ ."
1999,1885_Metenier_La-Chair_N.txt,"Un instant , le perspicace agent craignit que l' enfant n' eût à le cœur quelqu' amour ... A cette pensée seule qu' Eugénie pouvait aimer un autre que lui , il se sentait défaillir , mais il avait honte de ce soupçon , quand Eugénie arrivait à sa rencontre et tendait à ses lèvres un front que ne venait jamais assombrir aucun nuage .","un NC , le ADJ NCs VPS que le NCs ne avoir à le NC quelque NCSENT ... à ce NC ADJ que NP pouvoir VSENT un autre que lui , il se sentir INF , mais il avoir NCSENT de ce NCmod , quand NP VIMP à DETPOSS NC et VIMP à DETPOSS NCCOR un NCCOR que ne venir ADVTEMPS VSENT aucun NCo ."
2000,1885_Metenier_La-Chair_N.txt,"Un jour enfin , ( elle avait dix-huit ans et lui trente-deux ) , il prit son courage à deux mains et il lui rappela les derniers moments de sa mère .","un NCT PHASE , ( il avoir NUM NCT et lui NUM ) , il VPS DETPOSS NCo à NUM NCCOR et il lui VPS le ADJ NCo de DETPOSS NCmod ."
2001,1885_Metenier_La-Chair_N.txt,"Eugénie devint grave , baissa la tète et avec un soupir : — Maman l' a voulu !","NP devenir ADJ , VPS le NCs et avec un NC : — NP le avoir vouloir !"
2002,1885_Metenier_La-Chair_N.txt,dit -elle .,VDIC il .
2003,1885_Metenier_La-Chair_N.txt,Et ce fut tout .,et ce être tout .
2004,1885_Metenier_La-Chair_N.txt,"Depuis ce jour , et sans que sa tante elle-même pût en saisir la cause , elle devint soucieuse et silencieusement prépara son trousseau .","depuis ce NCT , et sans que DETPOSS tant elle-même VSUBI en INF le NCo , il devenir ADJ et ADV VPS DETPOSS NCo ."
2005,1885_Metenier_La-Chair_N.txt,Recordet ne remarqua rien ou parut ne rien remarquer .,NP ne VPS rien ou paraître ne rien INF .
2006,1885_Metenier_La-Chair_N.txt,"Par ses soins , les bans furent publiés , toutes les acquisitions furent faites ; il ne trouvait rien de trop beau pour son Eugénie et c' était chargé de les cadeaux qui devaient composer la corbeille de mariage qu' il se rendait à Asnières , le cœur tout ensoleillé , ce dimanche à sept heures de le matin , où il prenait le train à la gare Saint-Lazare .","par DETPOSS NC , le NCspas être PPAS , tout le NCs être ADJ ; il ne VIMP rien de trop ADJ pour DETPOSS NP et ce être PPAS de le NC qui devoir INF le NCo de NCmod que il se VIMP à NP , le NC tout PPAS , ce ADVT à NUM NCT de le NCT , où il VIMP le NCo à le NC NP ."
2007,1885_Metenier_La-Chair_N.txt,"II La rue de le Souvenir , à Asnières , formée d' une allée plantée de grands arbres , est perpendiculaire à la Seine .","NUM le NCs de le NP , à NP , PPAS de un NC PPAS de ADJ NC , être ADJ à le NP ."
2008,1885_Metenier_La-Chair_N.txt,"Habitée par une population tranquille , composée de chalets qu' entourent de petits jardins , clos par de les grilles , elle est généralement déserte , surtout à l' heure matinale où l' agent Recordet y fit son entrée .","PPAS par un NC NCmod , PPAS de NC que PRES de ADJ NC , NC par de le NCmod , il être ADVTEMPS ADJ , surtout à le NCT ADJ où le NCs NP y faire DETPOSS NCo ."
2009,1885_Metenier_La-Chair_N.txt,Et cependant une foule nombreuse y stationnait .,et cependant un NCs ADJ y VIMP .
2010,1885_Metenier_La-Chair_N.txt,"Dans de les groupes formés çà et là , on discutait avec animation .","dans de le NC PPAS ADV et ADVLIEU , on VIMP avec NC ."
2011,1885_Metenier_La-Chair_N.txt,Recordet saisit quelques mots à la volée .,NP PRES quelque NCo à le NC .
2012,1885_Metenier_La-Chair_N.txt,— Le médecin prétend que ce n' est qu' un accident !,— le NCs PRES que ce ne être que un NC !
2013,1885_Metenier_La-Chair_N.txt,disait une commère .,VDIC un NCo .
2014,1885_Metenier_La-Chair_N.txt,— Hum !,— NP !
2015,1885_Metenier_La-Chair_N.txt,"répondait une autre , je pencherais bien plutôt pour un crime !","VDIC un autre , je VCOND bien plutôt pour un NC !"
2016,1885_Metenier_La-Chair_N.txt,Les abords de la Seine ne sont déjà pas si bien fréquentés !,le NCspas de le NP ne être déjà pas si bien PPAS !
2017,1885_Metenier_La-Chair_N.txt,"L' agent de la Sûreté dressa l' oreille , fronça le sourcil et passa .","le NCs de le NCmod VPS le NCCOR , VPS le NCCOR et VPS ."
2018,1885_Metenier_La-Chair_N.txt,"Devant la porte de la mère Simon , la tante d' Eugénie , la foule était plus pressée encore .","ADVLIEU le NC de le NCmod NP , le tant de NP , le NCspas être plus PPAS encore ."
2019,1885_Metenier_La-Chair_N.txt,Un groupe compact stationnait devant la grille .,un NCs ADJ VIMP ADVLIEU le NC .
2020,1885_Metenier_La-Chair_N.txt,On se tut à l' approche de Recordet et on s' écarta silencieusement devant lui .,on se PRES à le NC de NP et on se VPS ADV ADVLIEU lui .
2021,1885_Metenier_La-Chair_N.txt,Recordet sonna .,Recordet NC .
2022,1885_Metenier_La-Chair_N.txt,"D' habitude , Eugénie accoutumée à le coup de sonnette de son grand frère , accourait , souriante , ne laissant à personne le soin d' ouvrir et le plaisir d' embrasser la première celui qui allait bientôt être son mari ... Cette fois , ce ne fut pas même la mère Simon , ce fut une étrangère qui vint tirer le verrou de la porte d' entrée .","de NC , NP PPAS à le NC de NCmod de DETPOSS ADJ NCmod , VIMP , NUM , ne laisser à NC le NCo de INF et le NCSENT de INF le ADJ celui qui aller bientôt être DETPOSS NCo ... ce fois , ce ne être pas même le NC NP , ce être un NC qui venir INF le NCo de le NCmod de NCmod ."
2023,1885_Metenier_La-Chair_N.txt,Une horrible doute traversa l' esprit de Recordet ; une angoisse terrible serra sa poitrine .,un ADJ NCs VPS le NCo de NP ; un NCSENT ADJ VF DETPOSS NCo .
2024,1885_Metenier_La-Chair_N.txt,— Qu' était -il donc arrivé ?,— que être il donc PPAS ?
2025,1885_Metenier_La-Chair_N.txt,Ces groupes dans lesquels on parlait d' accident ... de crime ?,ce NC dans lequel on VIMP de NC ... de NCmod ?
2026,1885_Metenier_La-Chair_N.txt,"Un instant il voulut interroger ... il n' en eut pas la force ... la parole expira sur ses lèvres , il traversa en courant le jardinet et se précipita dans la maison .","un NC il vouloir VDIC ... il ne en avoir pas le NCSENT ... le NCs VPS sur DETPOSS NCCOR , il VPS en NC le NCo et se VPS dans le NC ."
2027,1885_Metenier_La-Chair_N.txt,"Assis à une table , le commissaire de police prenait quelques notes , tandis qu' en face de lui un médecin rédigeait un rapport .","PPAS à un NC , le NCs de NCmod VIMP quelque NCo , PHASE que en NC de lui un NCs VIMP un NCo ."
2028,1885_Metenier_La-Chair_N.txt,"Blème , la face convulsée , Recordet , à l' aspect de le commissaire qu' il connaissait de longue date , souleva son chapeau .","ADJ , le NCs PPAS , NP , à le NCmod de le NCmod que il VIMP de ADJ NC , VPS DETPOSS NCo ."
2029,1885_Metenier_La-Chair_N.txt,"Sans mot dire , le magistrat tendit la main à l' agent de la Sûreté .","sans NC VDIC , le NCs VPS le NCCOR à le NC de le NCmod ."
2030,1885_Metenier_La-Chair_N.txt,"— De le courage , mon ami !","— de le NCmod , DETPOSS NC !"
2031,1885_Metenier_La-Chair_N.txt,Le voile se déchira .,le NCs se VF .
2032,1885_Metenier_La-Chair_N.txt,"Recordet comprit que le malheur était entré dans la maison , et comme un fou , laissant là tout ce qu' il apportait à sa fiancée , il repoussa violemment le commissaire et monta à le premier .","NP VCOG que le NCs être PPAS dans le NC , et comme un NC , PPRES ADVLIEU tout ce que il VIMP à DETPOSS NC , il VPS ADVMAN le NCo et VPS à le ADJ ."
2033,1885_Metenier_La-Chair_N.txt,"La porte de la chambre d' Eugénie était ouverte , il y entra ... Sur son petit lit blanc de jeune fille , Eugenie était étendue toute habillée ; la figure était calme et pâle ; la tète entourée de linges ensanglantés , reposait sur un oreiller .","le NCspas de le NCmod de NP être PPAS , il y VPS ... sur DETPOSS ADJ NC ADJCOL de ADJ NCmod , NP être PPAS tout NC ; le NCCOR être NCSENT et ADJ ; le NCs PPAS de NC PPAS , VIMP sur un NC ."
2034,1885_Metenier_La-Chair_N.txt,"Un instant , il sembla à Recordet qu' un abîme venait de s' ouvrir sous ses pas ; il se sentait pris de vertige ... puis , tout d' un coup , sans voir la mère Simon agenouillée à le pied de le lit , toute en larmes , il s' élança vers le lit , saisit le corps dans un élan farouche et couvrit de baisers le visage déjà froid de la pauvre morte .","un NC , il sembler à NP que un NCs venir de se INF sous DETPOSS pas ; il se sentir PPAS de NC ... puis , tout de un NC , sans VCOG le NCo NP PPAS à le NCCOR de le NCmod , tout en NC , il se VPS vers le NC , VPS le NCCOR dans un NC ADJ et VPS de NC le NCCOR déjà ADJ de le NCmod PPAS ."
2035,1885_Metenier_La-Chair_N.txt,— O ma pauvre petite sœur !,— NUM NC ADJ ADJ NCmod !
2036,1885_Metenier_La-Chair_N.txt,"Est -ce bien toi , dis , que je retrouve glacée , inanimée ... quand je t' apportais ce matin de si beaux cadeaux !","être ce bien soi , VDIC , que je PRES VSENT , PPAS ... quand je lui VIMP ce NCT de si ADJ NC !"
2037,1885_Metenier_La-Chair_N.txt,Tes cadeaux de mariée !,DETPOSS NC de NCmod !
2038,1885_Metenier_La-Chair_N.txt,Ah !,INTJ !
2039,1885_Metenier_La-Chair_N.txt,"je suis un misérable , un malheureux !","je être un NC , un ADJ !"
2040,1885_Metenier_La-Chair_N.txt,"Je n' ai pas su veiller sur toi , moi , à qui notre pauvre maman t' avais confiée !","je ne avoir pas VCOG INF sur soi , soi , à qui DETPOSS ADJ NCs lui avoir PPAS !"
2041,1885_Metenier_La-Chair_N.txt,Mais non ... tu n' es pas morte ?,mais non ... je ne être pas ADJ ?
2042,1885_Metenier_La-Chair_N.txt,"... tu ne peux pas être morte , puisque je vis , moi !","... je ne pouvoir pas être PPAS , puisque je VCOG , soi !"
2043,1885_Metenier_La-Chair_N.txt,"et tu sais bien que je ne pourrais pas vivre ; sans toi , toi , ma sœur , ma fiancée ... Tu ne réponds pas ?","et je PRES bien que je ne pouvoir pas INF ; sans soi , soi , DETPOSS NC , DETPOSS NC ... je ne VDIC pas ?"
2044,1885_Metenier_La-Chair_N.txt,Ah !,INTJ !
2045,1885_Metenier_La-Chair_N.txt,elle est morte ... bien mortel ... Je ne la verrai plus jamais !,il être ADJ ... bien ADJ ... je ne le VF plus ADVTEMPS !
2046,1885_Metenier_La-Chair_N.txt,... Je n' avais plus qu' elle à le monde ... Je ne vivais plus que pour elle ... Je n' ai plus besoin de vivre maintenant ... Pourquoi ?,... je ne avoir plus que il à le NCmod ... je ne PRES plus que pour il ... je ne avoir plus NCo de INF ADVT ... pourquoi ?
2047,1885_Metenier_La-Chair_N.txt,... Personne ne m' aime !,... personne ne lui VSENT !
2048,1885_Metenier_La-Chair_N.txt,Je n' aime plus personne !,je ne VSENT plus NCo !
2049,1885_Metenier_La-Chair_N.txt,Elle est mortel On me l' a tuée !,il être ADJ on me le avoir PPAS !
2050,1885_Metenier_La-Chair_N.txt,"... Et cette femme , cette misérable femme , à qui je l' avais confiée ... vivante ... qui devait veiller sur elle ... la protéger ... la défendre ... et qui me la laisse tuer !","... et ce NCs , ce ADJ NC , à qui je le avoir PPAS ... ADJ ... qui devoir INF sur il ... le INF ... le INF ... et qui me le laisser INF !"
2051,1885_Metenier_La-Chair_N.txt,"... Les grandes douleurs durent peu , heureusement .","... le ADJ NCSENT PRES peu , heureusement ."
2052,1885_Metenier_La-Chair_N.txt,"Recordet lâcha enfin les poignets de la mère Simon qu' il avait saisis et qu' il serrait à les briser depuis un instant , puis , anéanti , l' œil hagard fixé sur le cadavre , il se laissa tomber sur un fauteuil .","NP VPS PHASE le NCCOR de le NCmod NP que il avoir PPAS et que il VCOND à le INF depuis un NC , puis , anéantir , le NC ADJ PPAS sur le NC , il se laisser INF sur un NC ."
2053,1885_Metenier_La-Chair_N.txt,"Il ne pleura pas , mais peu à peu une révolution s' opéra en lui .","il ne VF pas , mais peu à peu un NCs se VF en lui ."
2054,1885_Metenier_La-Chair_N.txt,"Après ce premier moment donné à le désespoir par le frère , le fiancé , reparut l' agent de la sûreté .","PHASE ce ADJ NC PPAS à le NCSENT par le NC , le NC , VPS le NCo de le NCmod ."
2055,1885_Metenier_La-Chair_N.txt,Le visage sombre de Recordet reprit l' aspect dur qui lui était ordinaire .,le NCCOR ADJ de NP VPS le NCo ADJ qui lui être ADJ .
2056,1885_Metenier_La-Chair_N.txt,"Il se leva , s' approcha de la morte , et , silencieusement , maîtrisant une horrible émotion , il défit .","il se PRES , se VPS de le NC , et , ADV , PPRES un ADJ NCSENT , il PRES ."
2057,1885_Metenier_La-Chair_N.txt,les bandages qui entouraient la tête d' Eugénie .,le NC qui VIMP le NCCOR de NP .
2058,1885_Metenier_La-Chair_N.txt,"Un peu au-dessus de la nuque , le sang coagulé avait collé les longs cheveux de la jeune fille .","un peu ADVLIEU de le NC , le NCCOR PPAS avoir PPAS le ADJ NCCOR de le ADJ NCmod ."
2059,1885_Metenier_La-Chair_N.txt,"Recordet écarta quelques mèches et alors apparut un trou béant d' où quelques gouttes de sang s' échappèrent encore ; la plaie était large et profonde ; l' agent en examina attentivement les contours , puis , ayant assez vu , il replaça avec soin les bandages et , sans dire un mot , commença à opérer dans la chambre une minutieuse perquisition .","NP VPS quelque NCo et alors VPS un NCo ADJ de où quelque NCs de NCCOR se VPS encore ; le NCs être ADJ et ADJ ; le NCs en VPS ADV le NCo , puis , avoir ADV VCOG , il VPS avec NC le NCo et , sans VDIC un NCo , VASP à INF dans le NC un ADJ NCo ."
2060,1885_Metenier_La-Chair_N.txt,"Restée seule avec lui , la mère Simon suivait de l' œil et sans oser l' interroger , cet homme étrange , tout à l' heure accablé , qui , maintenant en pleine possession de lui-même , allait et venait avec un calme effrayant , vidant les tiroirs de les meubles , fouillant les armoires , à la recherche d' elle ne savait à le juste quoi .","PPAS ADJ avec lui , le NCs NP VIMP de le NC et sans INF le VDIC , ce NCo ADJ , tout à le NCT VSENT , qui , ADVT en ADJ NC de soi-même , aller et venir avec un NCSENT ADJ , PPRES le NCo de le NCmod , PPRES le NCo , à le NC de il ne VCOG à le ADV quoi ."
2061,1885_Metenier_La-Chair_N.txt,"Recordet trouva de les lettres qu' il lut et mit dans sa poche , puis tout à coup , avisant de les lambeaux de papiers à moitié brûlés à le milieu de les cendres a peine refroidies de le foyer , il s' en saisit et appliquant à leur lecture toutes les forces de son intelligence , il chercha à reconstituer les phrases , à deviner la pensée qui les avait dictées .","Recordeh NC de le NCmod que il VPS et mettre dans DETPOSS NC , puis tout à NC , PPRES de le NC de NCmod à NC PPAS à le milieu de le NCmod à NCSENT PPAS de le NC , il se en VPS et PPRES à lui NC tout le NCSENT de DETPOSS NCmod , il VPS à INF le NCo , à VCOG le NCo qui le avoir PPAS ."
2062,1885_Metenier_La-Chair_N.txt,"Après un instant d' examen , une lueur passa dans son regard ; d' un mouvement fébrile dont il ne put se rendre maître , il froissa ces lambeaux de papier , mais , rappelant aussitôt son sang-froid : — Ma tante , dit -il à la mère Simon , comment Eugénie ... est -elle là ?","PHASE un NC de NCmod , un NCs VPS dans DETPOSS NCMAN ; de un NC ADJ dont il ne pouvoir se INF NCo , il VSENT ce NCo de NCmod , mais , PPRES aussitôt DETPOSS NCo : — DETPOSS tant , VDIC il à le NC NP , comment NP ... être il ADVLIEU ?"
2063,1885_Metenier_La-Chair_N.txt,De le doig il désignait le cadavre .,de le NC il VIMP le NCo .
2064,1885_Metenier_La-Chair_N.txt,La vieille tremblait .,le ADJ NC .
2065,1885_Metenier_La-Chair_N.txt,"— Est -ce que je sais , moi ?","— être ce que je VCOG , soi ?"
2066,1885_Metenier_La-Chair_N.txt,"Est -ce que je peux savoir , mon bon monsieur Recordet ?","être ce que je pouvoir VCOG , DETPOSS ADJ monsieur NP ?"
2067,1885_Metenier_La-Chair_N.txt,"Hier , à le soir , nous avons dîné toutes deux ... comme d' habitude ... Elle ne m' a rien dit , oh !","ADV , à le NCT , nous avoir PPAS tout NUM ... comme de NC ... il ne lui avoir rien VDIC , INTJ !"
2068,1885_Metenier_La-Chair_N.txt,rien de le tout !,rien de le tout !
2069,1885_Metenier_La-Chair_N.txt,"... Elle était triste , la pauvre chère mignonne ... mais je ne lui ai pas demandé la cause de son chagrin ... mais vous le savez bien , de le reste , monsieur Recordet , v' là un mois qu' elle avait le cœur gros , depuis que son mariage est décidé ... elle n' a jamais voulu dire pourquoi ... et puis ... ce matin ... on me l' a rapportée ... comme ça avec un trou à la tête ... — Mais à quelle heure est -elle sortie ?","... il être ADJ , le ADJ NC ADJ ... mais je ne lui avoir pas PPAS le NCo de DETPOSS NCSENT ... mais vous le VCOG bien , de le NC , monsieur NP , v' ADVLIEU un NCT que il avoir le NCo ADJ , depuis que DETPOSS NCs être PPAS ... il ne avoir ADVTEMPS vouloir VDIC pourquoi ... et puis ... ce NCT ... on me le avoir PPAS ... comme ça avec un NCmod à le NCCOR ... — mais à quel NCT être il PPAS ?"
2070,1885_Metenier_La-Chair_N.txt,demanda Recordet qui suivait son idée .,VPS NP qui VIMP DETPOSS NCo .
2071,1885_Metenier_La-Chair_N.txt,— Eh !,— INTJ !
2072,1885_Metenier_La-Chair_N.txt,mon Dieu !,son NP !
2073,1885_Metenier_La-Chair_N.txt,"elle n' est pas sortie , c'est-à-dire , si ... elle est sortie ... mais je ne sais pas quand ... ni comment ... elle s' est couchée , hier soir , à dix heures ... comme tous les jours ... je l' ai embrassée , comme à l' ordinaire ... dans ce lit ... sur lequel elle est ... là , étendue ... et voilà tout ce que je sais , tout , absolument tout .","il ne être pas PPAS , ADV , si ... il être PPAS ... mais je ne VCOG pas quand ... ni comment ... il se être PPAS , ADV NCT , à NUM NCT ... comme tout le NCT ... je le avoir PPAS , comme à le NC ... dans ce NC ... sur lequel il être ... ADVLIEU , PPAS ... et voilà tout ce que je VCOG , tout , ADVINT tout ."
2074,1885_Metenier_La-Chair_N.txt,"— Mais enfin , insista l' agent avec impatience , qui donc l' a trouvée ?","— mais PHASE , VPS le NCo avec NCSENT , qui donc le avoir PPAS ?"
2075,1885_Metenier_La-Chair_N.txt,qui donc vous l' a rapportée ?,qui donc vous le avoir PPAS ?
2076,1885_Metenier_La-Chair_N.txt,— Ah !,— INTJ !
2077,1885_Metenier_La-Chair_N.txt,voilà !,voilà !
2078,1885_Metenier_La-Chair_N.txt,"c' est le garçon à le père Thomas Landois , le batelier qui , en remontant la Seine , ce matin , a trouvé la pauvre étendue toute raide , à le bas de la jetée , près de le pont Bineau ... Il la connaissait bien ... quand il a vu qu' elle était morte ... il a prévenu le commissaire , qui l' a fait rapporter ici ... Et ne pouvant se maîtriser davantage , la mère Simon éclata en sanglots .","ce être le NC à le NCmod NP NP , le NC qui , en VSENT le NP , ce NCT , avoir PPAS le ADJ NCo tout ADJ , à le NC de le NCmod , ADVLIEU de le NC NP ... il le VIMP bien ... quand il avoir VCOG que il être ADJ ... il avoir PPAS le NCo , qui le avoir faire INF ADVLIEU ... et ne pouvoir se INF davantage , le NCs NP VPS en NC ."
2079,1885_Metenier_La-Chair_N.txt,"Recordet , sans doute , en savait assez , car il se leva , posa un baiser sur le front de la morte et disparut précipitamment .","NP , sans NCSENT , en VCOG ADV , car il se VPS , VPS un NCo sur le NCCOR de le NCmod et VPS ADV ."
2080,1885_Metenier_La-Chair_N.txt,"* ** Ce même jour , vers deux heures de l' après-midi , Recordet arriva à le commissariat de police et , après avoir été introduit auprès de le magistrat : — Monsieur le commissaire , commença l' agent , vous avez fait ce matin sur place les constatations ?","* ** ce même NCT , vers NUM NCT de le NCT , NP PRES à le NC de NCmod et , PHASE avoir être PPAS ADV de le NC : — monsieur le NCs , VASP le NCo , vous avoir faire ce NCT sur NC le NCo ?"
2081,1885_Metenier_La-Chair_N.txt,"— Mais certainement , mon ami .","— mais ADVINT , DETPOSS NC ."
2082,1885_Metenier_La-Chair_N.txt,— Pourrais -je savoir à quoi vous avez conclu ?,— pouvoir je VCOG à quoi vous avoir PPAS ?
2083,1885_Metenier_La-Chair_N.txt,— Comment !,— comment !
2084,1885_Metenier_La-Chair_N.txt,à quoi j' ai conclu ?,à quoi je avoir PPAS ?
2085,1885_Metenier_La-Chair_N.txt,fit le commissaire étonné .,faire le NCo VSENT .
2086,1885_Metenier_La-Chair_N.txt,Il me semble qu' il ne peut y avoir de doute à cet égard .,il me sembler que il ne pouvoir y avoir un NCSENT à ce NC .
2087,1885_Metenier_La-Chair_N.txt,"La malheureuse Eugénie a été trouvée cette nuit sur la jetée de la Seine , qui , comme vous le savez sans doute , est fort élevée au-dessus de le lit de la rivière .","le ADJ NP avoir être PPAS ce NCT sur le NC de le NP , qui , comme vous le VCOG sans NCSENT , être fort PPAS ADVLIEU de le NC de le NCmod ."
2088,1885_Metenier_La-Chair_N.txt,"Les bords desséchés de ce lit sont tapissés de rochers sur lesquels la pauvre enfant , en tombant , s' est brisé le crâne .","le NCspas PPAS de ce NCmod être PPAS de NC sur lequel le ADJ NCmod , en PPRES , se être PPAS le NCs ."
2089,1885_Metenier_La-Chair_N.txt,"Voici le rapport médico-légal , qui conclut comme moi : « chute accidentelle .","voici le NCo ADJ , qui PRES comme soi : "" NCo ADJ ."
2090,1885_Metenier_La-Chair_N.txt,"» C' est dans ce sens que j' ai rédigé le procès-verbal , que j' envoie à le parquet , à l' appui de le permis d' inhumer que je réclame .",""" ce être dans ce NC que je avoir PPAS le NCo , que je PRES à le NC , à le NCmod de le NCmod de INF que je PRES ."
2091,1885_Metenier_La-Chair_N.txt,Recordet prit le rapport de le médecin et le procès-verbal que lui tendait le magistrat .,NP VPS le NCo de le NCmod et le NC que lui VIMP le NCs .
2092,1885_Metenier_La-Chair_N.txt,"Il les lut attentivement l' un après l' autre , puis les rendant à le commissaire : — Je crois , articula -t -il lentement , que le docteur Dezanois se trompe et je crois que vous vous trompez aussi , monsieur le commissaire .","il le PRES ADV le un PHASE le autre , puis le PPRES à le NC : — je VCOG , VPS t il ADV , que le NCs NP se PRES et je VCOG que vous vous PRES aussi , monsieur le NCo ."
2093,1885_Metenier_La-Chair_N.txt,"Ce n' est pas un permis d' inhumer que vous devez réclamer , c' est une dépêche à le procureur de la République , l' invitant à se transporter ici , que vous devez envoyer .","ce ne être pas un permettre de INF que vous devoir INF , ce être un NC à le NCmod de le NCmod , le PPRES à se INF ADVLIEU , que vous devoir INF ."
2094,1885_Metenier_La-Chair_N.txt,"Et , comme le commissaire , abasourdi , se taisait : — En mon âme et conscience , ajouta Recordet d' un ton solennel , il n' y a pas eu d' accident , il y a eu crime !","et , comme le NC , NC , se VIMP : — en DETPOSS NC et NC , VPS NP de un NCmod ADJ , il ne y avoir pas avoir un NC , il y avoir avoir NCo !"
2095,1885_Metenier_La-Chair_N.txt,Et j' en ai la preuve !,et je en avoir le NCo !
2096,1885_Metenier_La-Chair_N.txt,"Alors , comme si le mot seul eût suffi pour faire perdre à l' agent le sang-froid effrayant dont il ne s' était pas départi un instant depuis son entrée à le commissariat , il fouilla fiévreusement dans son portefeuille et il étala sur le bureau de les lettres , de les lambeaux de papier à moitié brûlés , qu' il juxtaposa , de manière à ce qu' on pût éclaircir le sens de les quelques mots encore lisibles .","alors , comme si le NCs ADJ avoir PPAS pour faire INF à le NC le NCo ADJ dont il ne se être pas PPAS un NCo depuis DETPOSS NC à le NCmod , il VPS ADV dans DETPOSS NC et il VPS sur le NC de le NCmod , de le NC de NCmod à NCmod PPAS , que il VPS , de NC à ce que on VSUBI INF le NCs de le quelque NCmod encore ADJ ."
2097,1885_Metenier_La-Chair_N.txt,"Puis , mettant dans son récit toute la fougue et la passion dont il était capable , il raconta sa vie , ses projets d' avenir , l' histoire de ce mariage qui devait être célébré demain et l' horrible réveil qui était venu brutalement faire évanouir tant de rêves de bonheur !","puis , mettre dans DETPOSS NC tout le NC et le NCSENT dont il être ADJ , il VPS DETPOSS NCo , DETPOSS NCo de NCmod , le NC de ce NCmod qui devoir être PPAS ADVT et le ADJ NC qui être venir ADVMAN faire INF tant de NC de NCSENT !"
2098,1885_Metenier_La-Chair_N.txt,"Il s' arrêta , respira longuement et continua , d' un ton amer , comme s' il donnait tout à coup un nouveau cours à ses pensées : — Ah !","il se VPS , VPS ADV et VPS , de un NC ADJ , comme si il VIMP tout à NC un ADJ NCo à DETPOSS NC : — INTJ !"
2099,1885_Metenier_La-Chair_N.txt,"la société , à la défense de laquelle vous et moi , monsieur le commissaire , nous consacrons notre existence , la société n' est guère reconnaissante !","le NC , à le NCmod de lequel vous et soi , monsieur le NC , nous PRES DETPOSS NCo , le NCs ne être guère ADJ !"
2100,1885_Metenier_La-Chair_N.txt,"Aussi , quand ce matin , j' ai vu ce trou sanguinolent par où s' était échappée la vie de ma pauvre Eugénie , j' ai senti un immense besoin de me venger !","aussi , quand ce NCT , je avoir VCOG ce NCo PRES par où se être PPAS le NCo de DETPOSS ADJ NP , je avoir sentir un ADJ NCo de me INF !"
2101,1885_Metenier_La-Chair_N.txt,De qui ?,de qui ?
2102,1885_Metenier_La-Chair_N.txt,De quoi ?,de quoi ?
2103,1885_Metenier_La-Chair_N.txt,"Est -ce que je savais , moi !","être ce que je VCOG , soi !"
2104,1885_Metenier_La-Chair_N.txt,De quelqu'un !,de quelqu'un !
2105,1885_Metenier_La-Chair_N.txt,De tout le monde !,de tout le NC !
2106,1885_Metenier_La-Chair_N.txt,"Et j' ai cherché , j' ai flairé , j' ai trouvé !","et je avoir PPAS , je avoir PPAS , je avoir PPAS !"
2107,1885_Metenier_La-Chair_N.txt,"Il y a un coupable , je le tiens !","il y avoir un NCo , je le tenir !"
2108,1885_Metenier_La-Chair_N.txt,"Je sais qui il est , et fût -il à le bout de le monde , je le [ traînerai pantelant , s' il le faut , jusque sous le couteau de la guillotine !","je VCOG qui il être , et être il à le NC de le NCmod , je le [ NC ADJ , si il le PRES , jusque sous le NC de le NCmod !"
2109,1885_Metenier_La-Chair_N.txt,"— Voyons , Recordet , calmez -vous !","— NP , NP , PRES vous !"
2110,1885_Metenier_La-Chair_N.txt,jusqu' ici vos accusations ne reposent sur rien .,jusque ADVLIEU DETPOSS NCs ne PRES sur rien .
2111,1885_Metenier_La-Chair_N.txt,"Si Eugénie a été trouvée ce matin sur la jetée , c' est qu' elle s' y est rendue elle-même .","si NP avoir être PPAS ce NCT sur le NC , ce être que il se y être PPAS elle-même ."
2112,1885_Metenier_La-Chair_N.txt,"Vous ne pouvez supposer qu' on l' ait enlevée nuitamment de chez elle , puisqu' il est avéré qu' à dix heures de le soir , elle s' est couchée tranquillement comme de coutume .","vous ne pouvoir VCOG que on le avoir PPAS ADV de chez il , puisque il être PPAS que à NUM NCT de le NCT , il se être PPAS ADVMAN comme de NC ."
2113,1885_Metenier_La-Chair_N.txt,"Donc , elle a de le sortir , après avoir vu la mère Simon rentrer dans sa chambre .","donc , il avoir de le INF , PHASE avoir VCOG le NCo NP INF dans DETPOSS NC ."
2114,1885_Metenier_La-Chair_N.txt,"Son cadavre ne porte aucune trace de violences extérieures et la blessure qui a déterminé la mort , ainsi que le constate le rapport médico-légal , a été produite par sa chute sur les rochers aigus qui tapissent le pied de la jetée .","DETPOSS NCs ne PRES aucun NCo de NCmod ADJ et le NCSENT qui avoir PPAS le NCo , ainsi que le PRES le NCs ADJ , avoir être PPAS par DETPOSS NC sur le NC ADJ qui PRES le NCCOR de le NCmod ."
2115,1885_Metenier_La-Chair_N.txt,Le sang qui inonde ces rochers en est une preuve évidente .,le NCCOR qui PRES ce NCo en être un NC ADJ .
2116,1885_Metenier_La-Chair_N.txt,Il y a donc eu accident et non pas crime .,il y avoir donc avoir NCo et non pas ADJ .
2117,1885_Metenier_La-Chair_N.txt,"Eugénie , passant sur le bord de cette jetée , fort élevée comme vous le savez , a glissé et voilà l' explication de cette funeste aventure .","NP , PPRES sur le NC de ce NCmod , fort PPAS comme vous le VCOG , avoir PPAS et voilà le NCo de ce ADJ NCmod ."
2118,1885_Metenier_La-Chair_N.txt,"Quant à le mobile qui a poussé votre fiancée à sortir de chez elle , à le milieu de la nuit et à aller se promener sur les bords de la Seine , il ne m' appartient pas de l' apprécier , et ... — Le mobile !","quant à le NC qui avoir PPAS DETPOSS NCo à INF de chez il , à le milieu de le NCT et à aller se INF sur le NC de le NP , il ne le PRES pas de le VSENT , et ... — le NC !"
2119,1885_Metenier_La-Chair_N.txt,Le voilà !,le voilà !
2120,1885_Metenier_La-Chair_N.txt,"s' exclama Recordet , dont les lèvres minces et blanches frémissaient , et il poussa devant le magistrat les lettres qu' un instant avant il avait déposées sur le bureau .","se VPS NP , dont le NCCOR ADJ et ADJCOL VIMP , et il VPS ADVLIEU le NC le NCo que un NCmod PHASE il avoir PPAS sur le NC ."
2121,1885_Metenier_La-Chair_N.txt,— Ah !,— INTJ !
2122,1885_Metenier_La-Chair_N.txt,c' est que j' ai appris bien de les choses depuis ce matin !,ce être que je avoir VCOG bien de le chose depuis ce NCT !
2123,1885_Metenier_La-Chair_N.txt,"Mon cœur souffre , mon sang bouillonne dans mes veines !","DETPOSS NCs VSENT , DETPOSS NCCOR VSENT dans DETPOSS NC !"
2124,1885_Metenier_La-Chair_N.txt,N' importe !,ne PRES !
2125,1885_Metenier_La-Chair_N.txt,"écoutez -moi , c' est l' agent de la Sûreté Recordet qui va vous parler : à cette heure , il n' y a plus chez moi ni parent , ni fiancé .","VCOG soi , ce être le NC de le NCmod NP qui aller vous INF : à ce NCT , il ne y avoir plus chez soi ni NC , ni NC ."
2126,1885_Metenier_La-Chair_N.txt,"Votre version est vraisemblable , écoutez la mienne et dites -moi ensuite qui de nous deux a touché juste .","DETPOSS NCs être ADJ , VCOG le NCo et VDIC soi PHASE qui de nous NUM avoir PPAS ADV ."
2127,1885_Metenier_La-Chair_N.txt,"Eugénie avait un amant ... Non pas un amant , la pauvre fille !","NP avoir un NCo ... non pas un NC , le ADJ NC !"
2128,1885_Metenier_La-Chair_N.txt,un amoureux .,un NC .
2129,1885_Metenier_La-Chair_N.txt,Je le sais .,je le VCOG .
2130,1885_Metenier_La-Chair_N.txt,"Les petits rendez -vous innocents , à le coin d' une rue , les paroles qu' on échange en passant , tout ce petit manège , qui avait échappé à la mère Simon , n' a pas échappé à le monde de commères qui pullule à Asnières .","le NCs PRES le ADJ , à le NC de un NCmod , le NC que on PRES en PPRES , tout ce ADJ NC , qui avoir PPAS à le NC NP , ne avoir pas PPAS à le NC de NCmod qui PRES à NP ."
2131,1885_Metenier_La-Chair_N.txt,"Albert Delhaye , fils d' un négociant de Neuilly , aimait Eugénie et Eugénie ... l' aimait aussi .","NP NP , NC de un NCmod de NP , VSENT NP et NP ... le VSENT aussi ."
2132,1885_Metenier_La-Chair_N.txt,Tous les jours Albert Delhaye passait le pont Bineau à l' heure où Eugénie se rendait chez les pratiques de sa tante .,tout le NCT NP NP VIMP le NCo NP à le NCT où NP se VIMP chez le NC de DETPOSS tant .
2133,1885_Metenier_La-Chair_N.txt,"On s' arrêtait , on se causait , on se suivait , on faisait peut-être de les projets , et les bonnes langues de le quartier allaient leur train ; mais comme Eugénie était bonne fille , comme elle travaillait honnêtement , qu' elle avait de les habitudes régulières la médisance avait de les bornes .","on se VIMP , on se VIMP , on se VIMP , on faire peut-être de le NC , et le ADJ NCCOR de le NCmod aller lui NCo ; mais comme NP être ADJ NCs , comme il VIMP ADVMAN , que il avoir de le NC ADJ le NCo avoir de le NC ."
2134,1885_Metenier_La-Chair_N.txt,"Tous les jours Delhaye repassait son pont Bineau ... comme il était venu , et Eugénie rentrait chez elle ... Oh !","tout le NCT NP VIMP DETPOSS NCo NP ... comme il être venir , et NP VCOND chez il ... INTJ !"
2135,1885_Metenier_La-Chair_N.txt,pure !,NC !
2136,1885_Metenier_La-Chair_N.txt,... Comme elle était sortie !,... comme il être PPAS !
2137,1885_Metenier_La-Chair_N.txt,"Moi , je ne voyais rien , je ne savais rien !","soi , je ne VCOG rien , je ne VCOG rien !"
2138,1885_Metenier_La-Chair_N.txt,Il a fallu la catastrophé de ce matin pour me faire comprendre que j' étais né pour être le père d' Eugénie et pas son mari .,il avoir PPAS le NCo de ce NCT pour me faire VCOG que je être PPAS pour être le NC de NP et pas DETPOSS NC .
2139,1885_Metenier_La-Chair_N.txt,"Je suis un misérable , voyez -vous ... mais l' autre ... Oh !","je être un NC , IMP vous ... mais le autre ... INTJ !"
2140,1885_Metenier_La-Chair_N.txt,"l' autre ... , écoutez -moi jusqu' à le bout , je vous en prie !","le autre ... , VCOG soi jusque à le NC , je vous en NC !"
2141,1885_Metenier_La-Chair_N.txt,"Un jour , j' ai rappelé à Eugénie le vœu de notre mère mourante ... elle a baissé la tête et sans répondre , elle a mis sa main dans la mienne que je lui tendais ... Et comme elle aurait mieux aimé mourir que de me tromper , elle a écrit à l' autre ... de ne plus penser à elle .","un NCT , je avoir PPAS à NP le NCo de DETPOSS NCmod ADJ ... il avoir PPAS le NCCOR et sans VDIC , il avoir mettre DETPOSS NCCOR dans le NC que je lui VIMP ... et comme il avoir mieux VSENT INF que de me INF , il avoir PPAS à le autre ... de ne plus VCOG à il ."
2142,1885_Metenier_La-Chair_N.txt,"Ils s' étaient déjà écrit , voyez ces lettres ... toutes signées Albert Delhaye .","il se être déjà PPAS , IMP ce NCo ... tout PPAS NP NP ."
2143,1885_Metenier_La-Chair_N.txt,"Alors ... l' autre , lui a répondu une lettre de menaces ... Elle a eu peur ... elle a déchiré la lettre et l' a jetée à le feu ... en voilà les débris ... reconstituez les phrases tronquées que lisez -vous ?","alors ... le autre , lui avoir VDIC un NCo de NCmod ... il avoir avoir NCSENT ... il avoir PPAS le NCo et le avoir PPAS à le NC ... en voilà le NC ... IMP le NCo PPAS que PRES vous ?"
2144,1885_Metenier_La-Chair_N.txt,Sur celui-ci : « Vous ne serez jamais qu' à moi » .,"sur celui-ci : "" vous ne être ADVTEMPS que à soi "" ."
2145,1885_Metenier_La-Chair_N.txt,"Sur l' autre : « Ce soir ... » « min .. » « je vous ait ... » sur ce dernier mieux conservé : « Ne me désespérez pas ... je serais capable même ... » et à le bas : « Albert Delh ... » N' est -ce pas , monsieur le commissaire , que voilà un accident qui se corset Mon enquête terminée à Asnières , j' ai passé le pont Bineau et je suis allé à Neuilly .","sur le autre : "" ce NCT ... "" "" NCT .. "" "" je vous avoir ... "" sur ce NC mieux PPAS : "" ne me IMP pas ... je être ADJ même ... "" et à le NCo : "" NP NP ... "" ne être ce pas , monsieur le NC , que voilà un NCs qui se PRES DETPOSS NCo VASP à NP , je avoir PPAS le NCo NP et je être aller à NP ."
2146,1885_Metenier_La-Chair_N.txt,"Tous mes renseignements ont été confirmés et savez -vous ce que j' ai , appris de plus ?","tout DETPOSS NCspas avoir être VDIC et VCOG lui ce que je avoir , VCOG de plus ?"
2147,1885_Metenier_La-Chair_N.txt,"J' ai appris qu' Albert Delhaye est parti de chez lui , hier soir à sept heures , et qu' il n' a pas reparu depuis .","je avoir VCOG que NP NP être PPAS de chez lui , ADV NCT à NUM NCT , et que il ne avoir pas PPAS depuis ."
2148,1885_Metenier_La-Chair_N.txt,"Ses parents ne savent à quoi attribuer cette subite disparition , car jamais il n' a découché .","DETPOSS NCs ne VCOG à quoi INF ce ADJ NCo , car ADVTEMPS il ne avoir PPAS ."
2149,1885_Metenier_La-Chair_N.txt,"On a seulement remarqué que depuis deux jours , il était sombre , mais personne n' a pénétré dans le secret de sa tristesse .","on avoir seulement PPAS que depuis NUM NCT , il être ADJ , mais personne ne avoir PPAS dans le NC de DETPOSS NCSENT ."
2150,1885_Metenier_La-Chair_N.txt,De les bateliers l' ont vu hier soir à huit heures détacher à le pont de Neuilly la barque qui lui appartient et remonter la Seine de le côté de le pont Bineau .,de le NC le avoir VCOG ADV NCT à NUM NCT INF à le NC de NP le NCo qui lui PRES et VSENT le NP de le NCmod de le NCmod NP .
2151,1885_Metenier_La-Chair_N.txt,"Eh bien , Monsieur le commissaire de police , que dites -vous de l' enquête de l' agent Recordet ?","INTJ bien , monsieur le NC de NCmod , que VDIC vous de le NCmod de le NCmod NP ?"
2152,1885_Metenier_La-Chair_N.txt,"S' il n' y a pas de preuves , que dites -vous de ces présomptions ?","si il ne y avoir pas un NCo , que PPAS le de ce NCmod ?"
2153,1885_Metenier_La-Chair_N.txt,"C' était un spectacle effrayant que celui de cet homme , transfiguré par la passion , qui semblait se complaire dans le développement logique de cette terrible argumentation , dont chaque mot devait lui tenailler le cœur .","ce être un NC PPRES que celui de ce NCmod , PPAS par le NCSENT , qui sembler se INF dans le NC ADJ de ce ADJ NCmod , dont chaque NCs devoir lui INF le NCo ."
2154,1885_Metenier_La-Chair_N.txt,Le magistrat était pâte ; sur son front perlaient de grosses gouttes do sueur .,le NCs être ADJ ; sur DETPOSS NCCOR VIMP un ADJ NCs do NCmod .
2155,1885_Metenier_La-Chair_N.txt,"— Tout ce que je viens de vous dire , continua l' inexorable Recordet , m' est attesté par de les témoins , dont j' ai là les noms .","— tout ce que je venir de vous VDIC , VPS le ADJ NP , lui être PPAS par de le NC , dont je avoir ADVLIEU le NCo ."
2156,1885_Metenier_La-Chair_N.txt,Voulez-vous maintenant me laisser reconstituer la scène ?,Voulez-le ADVT me laisser INF le NCo ?
2157,1885_Metenier_La-Chair_N.txt,Eugénie a eu peur en recevant la lettre de Delhaye .,NP avoir avoir NCSENT en PPRES le NCo de NP .
2158,1885_Metenier_La-Chair_N.txt,"Après avoir pris la précaution de jeter à le feu le billet compromettant , après mille combats intérieurs , elle est enfin sortie sans bruit et elle s' est rendue à le pont Dineau , à l' heure dite .","PHASE avoir PPAS le NCo de INF à le NC le NCo ADJ , PHASE NUM NC ADJ , il être PHASE PPAS sans NC et il se être PPAS à le NC NP , à le NCT VDIC ."
2159,1885_Metenier_La-Chair_N.txt,"Là , elle aura trouvé Delhaye , qui l' aura pressée , qui sait ?","ADVLIEU , il avoir PPAS NP , qui le avoir PPAS , qui VCOG ?"
2160,1885_Metenier_La-Chair_N.txt,... de lui céder ... ou de fuir avec lui .,... de lui INF ... ou de INF avec lui .
2161,1885_Metenier_La-Chair_N.txt,"Eugénie n' a fait que lui répéter de vivo voix , ce qu' elle lui avait écrit .","NP ne avoir faire que lui INF de NC NCMAN , ce que il lui avoir PPAS ."
2162,1885_Metenier_La-Chair_N.txt,"Delhaye a menacé , Eugénie a résisté ... Le misérable aura voulu user de violence et comme Eugénie se défendait , il l' a frappée ... Votre médecin vous a -t -il dit , ou a -t -il pensé seulement que la blessure pouvait avoir été produite par un instrument , une barre de fer ou un marteau ?","NP avoir VDIC , NP avoir PPAS ... le NCs avoir vouloir INF de NC et comme NP se VIMP , il le avoir frapper ... DETPOSS NCs vous avoir t il VDIC , ou avoir t il VCOG seulement que le NCSENT pouvoir avoir être PPAS par un NC , un NC de NCmod ou un NC ?"
2163,1885_Metenier_La-Chair_N.txt,"Non , n' est -ce pas , il a vu de le sang sur les roches et cela lui a suffi pour affirmer que la blessure avait été produite par la pointe aiguë de l' un d' eux .","non , ne être ce pas , il avoir VCOG de le NCCOR sur le NCmod et cela lui avoir PPAS pour VDIC que le NCSENT avoir être PPAS par le NC ADJ de le un de eux ."
2164,1885_Metenier_La-Chair_N.txt,"Je suis difficile à convaincre , moi , Monsieur le commissaire .","je être ADJ à INF , soi , monsieur le NC ."
2165,1885_Metenier_La-Chair_N.txt,"La jetée sur laquelle se trouvaient les deux jeunes gens , est élevée de quinze pieds environ au-dessus de le lit de la rivière ; elle n' est pas à pic , mais sa pente est peu rapide et elle est tapissée d' une herbe fraîche , qui n' a pas été foulée par la chute d' un corps .","le NCspas sur lequel se VIMP le NUM ADJ NCs , être PPAS de NUM NCCOR environ ADVLIEU de le NC de le NCmod ; il ne être pas à NC , mais DETPOSS NCs être peu ADJ et il être PPAS de un NC ADJ , qui ne avoir pas être PPAS par le NC de un NCCOR ."
2166,1885_Metenier_La-Chair_N.txt,"Si Eugénie eût simplement glissé , elle eût roulé jusqu' à le bas , laissant quelques traces de son passage et sa chute n' eût pu occasionner de les blessures de nature à déterminer la mort .","si NP avoir ADVMAN PPAS , il avoir PPAS jusque à le NC , PPRES quelque NCo de DETPOSS NCmod et DETPOSS NC ne avoir pouvoir INF de le NCSENT de NCmod à INF le NCo ."
2167,1885_Metenier_La-Chair_N.txt,"Eugénie a été frappée sur le sommet de la jetée ; peut-être le meurtrier n' a -t -il pas eu l' intention do lui donner la mort et alors , épouvanté de son forfait , perdant la tête , il a précipité le cadavre de le haut de cette jetée , dans l' espoir qu' il roulerait jusqu' à la Seine , ou qu' arrêté par les roches aiguës qui tapissent les bords , la justice pourrait croire à un suicide ou tout à le moins à un accident .","NP avoir être frapper sur le NC de le NCmod ; peut-être le NCs ne avoir t il pas avoir le NCo do lui INF le NCo et alors , VSENT de DETPOSS NC , PPRES le NCCOR , il avoir PPAS le NCo de le NCmod de ce NCmod , dans le NCSENT que il VCOND jusque à le NP , ou que PPAS par le NC ADJ qui PRES le NCo , le NCs pouvoir VCOG à un NC ou tout à le moins à un NC ."
2168,1885_Metenier_La-Chair_N.txt,Puis il s' est enfui ... Où ?,puis il se être PPAS ... où ?
2169,1885_Metenier_La-Chair_N.txt,"Je n' en sais rien encore , mais je le retrouverai ... mort ou vif .","je ne en VCOG rien encore , mais je le VF ... ADJ ou ADJ ."
2170,1885_Metenier_La-Chair_N.txt,"Maintenant , dites , Monsieur le commissaire , y a -t -il eu crime ou accident !","ADVT , VDIC , monsieur le NC , y avoir t il avoir NCo ou NC !"
2171,1885_Metenier_La-Chair_N.txt,"Lentement , le magistrat déchira son procès-verbal et deux heures après , le procureur de la République procédait sur place à les premières constatations .","ADV , le NCs VPS DETPOSS NCo et NUM NCT PHASE , le NCs de le NCmod VIMP sur NC à le ADJ NC ."
2172,1885_Metenier_La-Chair_N.txt,Recordet était déjà en campagne .,NP être déjà en NC .
2173,1885_Metenier_La-Chair_N.txt,III Deux mois s' écoulèrent .,NUM NUM NCT se VPS .
2174,1885_Metenier_La-Chair_N.txt,"Peu à peu l' affaire Chabert s' était plus nettement dessinée , puis elle avait suivi le cours ordinaire de les affaires criminelles , car le juge d' instruction avait conclu comme l' agent de la Sûreté .","peu à peu le NCs NP se être plus ADVINT PPAS , puis il avoir PPAS le NCo ADJ de le NCmod ADJ , car le NCs de NCmod avoir PPAS comme le NC de le NCmod ."
2175,1885_Metenier_La-Chair_N.txt,"De son côté Recordet , après huit jours de recherches était parvenu à découvrir Albert Delhaye à le fond de le département de l' Yonne , chez l' un de ses oncles .","de DETPOSS NC NP , PHASE NUM NCT de NCmod être PPAS à VCOG NP NP à le NC de le NCmod de le NP , chez le un de DETPOSS NCmod ."
2176,1885_Metenier_La-Chair_N.txt,"Le jeune homme était là , plongé dans la retraite , à l' insu de ses parents , se cachant , disait l' agent , essayant d' oublier , affirmait Albert .","le ADJ NCs être ADVLIEU , PPAS dans le NC , à le NCmod de DETPOSS NCmod , se PPRES , VDIC le NCo , PPRES de VCOG , VDIC NP ."
2177,1885_Metenier_La-Chair_N.txt,— D' oublier quoi ?,— de VCOG quoi ?
2178,1885_Metenier_La-Chair_N.txt,avait demandé le juge d' instruction .,avoir PPAS le NCo de NCmod .
2179,1885_Metenier_La-Chair_N.txt,— D' oublier qu' Eugénie Chabert allait devenir la femme d' un autre !,— de VCOG que NP NP aller devenir le NC de un autre !
2180,1885_Metenier_La-Chair_N.txt,"Pensée intolérable , Car Delhaye déclarait no pas savoir qu' Eugénie avait été trouvée morte sur le bord de la Seine , le jour même où il avait disparu de chez lui .","NC ADJ , car NP VIMP no pas VCOG que NP avoir être PPAS PPAS sur le NC de le NP , le NCT même où il avoir PPAS de chez lui ."
2181,1885_Metenier_La-Chair_N.txt,"En effet , il ne niait rien ; tout était vrai dans l' acte d' accusation , dont les premières découvertes de Recordet avaient fourni les éléments .","en NC , il ne VDIC rien ; tout être vrai dans le NC de NCmod , dont le ADJ NCs de NP avoir PPAS le NCo ."
2182,1885_Metenier_La-Chair_N.txt,"Une mutuelle affection unissait Albert Delhaye à Eugénie Chabert ; on avait fait de les projets , bâti de les châteaux en Espagne , rêves qui s' étaient envolés , le jour ou Recordet avait demandé la main de la jeune fille .","un ADJ NCSENT VIMP NP NP à NP NP ; on avoir faire de le NC , NC de le NCmod en NP , NC qui se être PPAS , le NCT ou NP avoir PPAS le NCCOR de le ADJ NCmod ."
2183,1885_Metenier_La-Chair_N.txt,"Un dernier rendez-vous avait été demandé a Eugénie par Albert , le rendez-vous de les suprêmes adieux .","un ADJ NCspas avoir être PPAS à NP par NP , le NC de le NCmod ADJ ."
2184,1885_Metenier_La-Chair_N.txt,"Albert avouait avoir mis toute son âme dans la lettre qu' il adressait à cet effet à Eugénie , et c' était là tout son crime !","NP VDIC avoir mettre tout DETPOSS NCo dans le NC que il VIMP à ce NC à NP , et ce être ADVLIEU tout DETPOSS NC !"
2185,1885_Metenier_La-Chair_N.txt,Il avait fallu le fatal accident pour donner une signification terrible à ces phrases qu' on trouve stéréotypées à chaque page dans le « Guide de les parfaits amants : » Vous ne serez jamais qu' à moi .,"il avoir PPAS le ADJ NCo pour INF un NCo ADJ à ce NC que on PRES PPAS à chaque NC dans le "" NP de le ADJ NCmod : "" vous ne être ADVTEMPS que à soi ."
2186,1885_Metenier_La-Chair_N.txt,"» — Ne me désespérez pas , je serais capable même .. » etc. A huit heures de le soir , Albert Delhaye était monté en bateau à le pont de Neuilly ; il avait navigué jusqu' à le pont Bineau , lieu de le rendez-vous et après avoir amarré son embarcation , il était descendu , et avait attendu à terre .",""" — ne me IMP pas , je être ADJ même .. "" etc. à NUM NCT de le NCT , NP NP être PPAS en NC à le NC de NP ; il avoir PPAS jusque à le NC NP , NC de le NCmod et PHASE avoir PPAS DETPOSS NCo , il être PPAS , et avoir PPAS à NC ."
2187,1885_Metenier_La-Chair_N.txt,"A l' heure dite , onze heures et demie , Eugénie était arrivée et à ce moment seulement la version d' Albert Delhaye différait absolument de celle de Recordet .","à le NCT VDIC , NUM NCT et NC , NP être PPAS et à ce NC seulement le NCs de NP NP VCOND ADVINT de celui de NP ."
2188,1885_Metenier_La-Chair_N.txt,"Les deux amants s' étaient promenés sur la grève , à le pied de la jetée , à l' endroit où le lendemain le cadavre devait être découvert ; l' entretien s' était prolongé pendant une demi-heure .","le NUM NCs se être PPAS sur le NC , à le NCCOR de le NCmod , à le NC où le NC le NCs devoir être VCOG ; le NCs se être PPAS PHASE un NC ."
2189,1885_Metenier_La-Chair_N.txt,"Enfin , à le moment de quitter son amant , peut-être pour toujours , sur les instances d' Albert , Eugénie avait tendu son front et dans l' instant où celui-ci y déposait le premier et le dernier baiser , un léger bruit avait éveillé l' attention de la jeune fille .","PHASE , à le NC de INF DETPOSS NCo , peut-être pour ADVTEMPS , sur le NC de NP , NP avoir PPAS DETPOSS NCCOR et dans le NC où celui-ci y VIMP le ADJ et le ADJ NC , un ADJ NCs avoir PPAS le NCo de le ADJ NCmod ."
2190,1885_Metenier_La-Chair_N.txt,"Un rayon de lune étant venu subitement éclairer les rives de le fleuve , Eugénie avait aperçu une barque , qui n' était pas celle d' Albert et dans laquelle sans bruit manœuvrait un homme .","un NCs de NCmod être venir ADV INF le NCo de le NCmod , NP avoir PPAS un NCo , qui ne être pas celui de NP et dans lequel sans NC VCOND un NCo ."
2191,1885_Metenier_La-Chair_N.txt,Cette barque qu' ils n' avaient pas remarquée était à quelques pas d' eux .,ce NCs que il ne avoir pas PPAS être à quelque pas de eux .
2192,1885_Metenier_La-Chair_N.txt,"Eugénie avait jeté un cri , avait rapidement monté un escalier creusé dans la jetée et arrivée à le sommet elle avait descendu , eu courant , le long de cette jetée , se dirigeant de le côté de la rue de le Souvenir .","NP avoir PPAS un NCo , avoir ADVMAN PPAS un NCo PPAS dans le NC et NC à le NC il avoir PPAS , avoir NCo , le NC de ce NCmod , se PPRES de le NC de le NCmod de le NP ."
2193,1885_Metenier_La-Chair_N.txt,"Pendant ce temps , Albert , sautant dans son embarcation , avait donné la chasse à l' inconnu désireux de savoir quel homme pouvait avoir ainsi intérêt à troubler leur rendez-vous .","PHASE ce temps , NP , PPRES dans DETPOSS NC , avoir PPAS le NCo à le NC ADJ de VCOG quel NCo pouvoir avoir ainsi NCSENT à VSENT lui NCo ."
2194,1885_Metenier_La-Chair_N.txt,"Malgré ses efforts sa chasse restait infructueuse , et épuisé do fatigue , brisé par l' émotion , il aborda à le pont do Neuilly , tandis que la barque do l' inconnu disparaissait dans l' ombre .","malgré DETPOSS NC DETPOSS NCs VIMP ADJ , et PPAS do NCSENT , PPAS par le NCSENT , il VPS à le NC do NP , PHASE que le NCs do le NCmod VIMP dans le NC ."
2195,1885_Metenier_La-Chair_N.txt,"Albert no pouvait donc donner aucun détail , aucune utile indication sur cet homme , qui seul eût pu affirmer , que le malheureux prévenu n' était pour rien dans la mort d' Eugénie .","NP NP pouvoir donc INF aucun NCo , aucun ADJ NCo sur ce NCmod , qui ADJ avoir pouvoir VDIC , que le ADJ NCs ne être pour rien dans le NC de NP ."
2196,1885_Metenier_La-Chair_N.txt,"Une fois à le rivage , Delhaye avait erré à le hasard , la tête en feu , puis , incapable , tant sa passion était violente , d' assister do sang-froid à l' union détestée do celle qu' il s' était habitué à regarder comme sa fiancée , il avait fui ; et c' est dans le département de l' Yonne chez un vieil oncle , qu' il s' était réfugié et qu' il avait été découvert on ne sait comment par Recordet .","un fois à le NCmod , NP avoir PPAS à le NC , le NCCOR en NCmod , puis , ADJ , tant DETPOSS NCSENT être ADJ , de INF do NC à le NCmod VSENT do celui que il se être PPAS à VCOG comme DETPOSS NC , il avoir PPAS ; et ce être dans le NC de le NP chez un ADJ NCmod , que il se être PPAS et que il avoir être VCOG on ne VCOG comment par NP ."
2197,1885_Metenier_La-Chair_N.txt,"L' autopsie de le cadavre , n' avait pu jeter aucune lumière sur l' affaire ni affirmer la vraisemblance d' une version à le détriment de l' autre .","le NCs de le NCmod , ne avoir pouvoir INF aucun NCo sur le NC ni VDIC le NCo de un NCmod à le NCmod de le autre ."
2198,1885_Metenier_La-Chair_N.txt,"Dans cc procès étrange , où malgré l' intérêt qu' on était tenté de porter à le prévenu , les présomptions morales étaient telles qu' elles équivalaient à de les preuves matérielles , Albert Delhaye ne devait désormais plus compter que sur l' attendrissement et l' indulgence d' un jury scrupuleux .","dans ADJ NC ADJ , où malgré le NCSENT que on être PPAS de INF à le NC , le NCs ADJ être tel que il VIMP à un le NC ADJ , NP NP ne devoir ADV plus INF que sur le VSENT et le NCSENT de un NCmod ADJ ."
2199,1885_Metenier_La-Chair_N.txt,"Enfin , le jour de le jugement arriva .","PHASE , le NCT de le NCmod VPS ."
2200,1885_Metenier_La-Chair_N.txt,"Dès le matin une foule nombreuse avait envahi la cour d' assises , car l' affaire Chabert avait fait de le bruit et vivement excité la curiosité publique .","dès le NCT un NCs ADJ avoir PPAS le NCo de NCmod , car le NCs NP avoir faire de le NC et ADVINT VSENT le NCSENT ADJ ."
2201,1885_Metenier_La-Chair_N.txt,"Albert Delhaye , l' accusé , un grand jeune homme , pâte , la barbe rare , les cheveux rejetés en arrière fixait surtout l' attention .","NP NP , le VDIC , un ADJ ADJ NC , NC , le NCCOR ADJ , le NCCOR PPAS en NC VIMP surtout le NCo ."
2202,1885_Metenier_La-Chair_N.txt,"Quand le président , ayant ouvert la séance , lui adressa la parole et qu' on l' entendit répondre sans hésitation , d' une voix claire et nette , un petit frisson parcourut l' assistance .","quand le NCs , avoir PPAS le NCo , lui VPS le NCo et que on le VCOG VDIC sans NC , de un NCMAN ADJ et ADJ , un ADJ NCSENT VPS le NCo ."
2203,1885_Metenier_La-Chair_N.txt,Cet homme était innocent ou il était bien fort !,ce NCs être ADJ ou il être bien fort !
2204,1885_Metenier_La-Chair_N.txt,"Il ne fit que répéter ce qu' il avait soutenu pendant tout le cours de l' instruction , à savoir qu' il avait en effet vu Eugénie à minuit sur le bord de la Seine , mais qu' il était innocent de le crime dont on l' accusait .","il ne faire que INF ce que il avoir PPAS PHASE tout le NC de le NCmod , à VCOG que il avoir en NC vu NP à NCmod sur le NC de le NP , mais que il être ADJ de le NC dont on le VDIC ."
2205,1885_Metenier_La-Chair_N.txt,"Tour à tour , les témoins défilèrent , les uns continuant les assertions de Delhaye , en ce qui concernait ses antécédents , les autres venant attester la parfaite honorabilité de le jeune homme et de sa famille , puis enfin Hecordet dit Bleu-d'Acier , qui refit de point en point devant la cour et le jury , l' histoire de ses recherches , de ses découvertes et de les habiles déductions qui l' avaient amené à la découverte de la vérité .","NC à NC , le NCs VPS , le un PPRES le NCo de NP , en ce qui VSENT DETPOSS NCo , le autre venir INF le ADJ NCo de le ADJ NCmod et de DETPOSS NC , puis PHASE NP VDIC NP , qui PRES de NC en NCmod ADVLIEU le NC et le NC , le NC de DETPOSS NCmod , de DETPOSS NC et de le ADJ NC qui le avoir PPAS à le NC de le NCmod ."
2206,1885_Metenier_La-Chair_N.txt,"L' émotion était grande dans la salle ; et chacune de ces preuves , habilement présentée par l' agent , tombait comme une massue sur la tête de le prévenu , écrasant sous leur inexorable logique sa défense si faible , qui ne consistait qu' à répondre : — J' ai vu Eugénie , c' est vrai , mais je ne l' ai pas tuée !","le NCSENT être ADJ dans le NC ; et chacun de ce NCmod , ADVMAN PPAS par le NC , VIMP comme un NC sur le NCCOR de le NCmod , PPRES sous lui ADJ NC DETPOSS NCo si ADJ , qui ne VIMP que à VDIC : — je avoir VCOG NP , ce être vrai , mais je ne le avoir pas PPAS !"
2207,1885_Metenier_La-Chair_N.txt,"Il y a à le monde un homme qui pourrait affirmer avoir vu Eugénie Chabert partir de son côté et moi de le mien , cet homme , je ne sais où aller le chercher , je ne sais même pas qui il est , mais il existe !","il y avoir à le NC un NCo qui pouvoir VDIC avoir vu NP NP INF de DETPOSS NC et soi de le NCmod , ce NC , je ne VCOG où aller le INF , je ne VCOG même pas qui il être , mais il PRES !"
2208,1885_Metenier_La-Chair_N.txt,Je suis innocent !,je être ADJ !
2209,1885_Metenier_La-Chair_N.txt,Voilà tout ce que je puis dire !,voilà tout ce que je puis VDIC !
2210,1885_Metenier_La-Chair_N.txt,"Alors , l' avocat général prit la parole .","alors , le NCs ADJ VPS le NCo ."
2211,1885_Metenier_La-Chair_N.txt,"Il fit d' abord ressortir que bien que la plupart de les témoins entendus fussent de les témoins à décharge , en ce sens que leurs déclarations venaient confirmer celle de l' accusé , la bonne impression reçue par le jury devrait promptement s' effacer devant la seule déposition reposant sur de les faits certains et indéniables , celle de Recordet .","il faire de NC INF que bien que le NC de le NCmod VCOG PRES de le NC à NCmod , en ce NC que DETPOSS NCs venir VDIC celui de le NCmod , le ADJ NC PPAS par le NC devoir ADV se INF ADVLIEU le ADJ NC PPRES sur de le NC ADJ et ADJ , celui de NP ."
2212,1885_Metenier_La-Chair_N.txt,"Assurément cet agent avait un intérêt particulier à trouver coupable Albert Delhaye , mais il n' apportait pas à la barre que de les probabilités ; il apportait de les faits .","ADVINT ce NCs avoir un NCSENT ADJ à INF NCo NP NP , mais il ne VIMP pas à le NC que de le NC ; il VIMP de le NC ."
2213,1885_Metenier_La-Chair_N.txt,"Et reprenant cette déposition de le commencement à la fin , mettant en lumière les points que Recordet avait pu laisser dans l' ombre , enveloppant le mal. heureux dans les mille replis de son argumentation subtile et serrée , trouvant à chaque acte même insignifiant de la vie de l' accusé une signification accablante , il concluait à la culpabilité et demandait l' application de la loi , sous le bénéfice de les circonstances atténuantes .","et PPRES ce NCo de le NCmod à le NC , mettre en NC le NCo que NP avoir pouvoir laisser dans le NC , PPRES le NCo ADJ dans le NUM NC de DETPOSS NCmod ADJ et ADJ , PPRES à chaque NC même PPRES de le NC de le PPAS un NCo ADJ , il VIMP à le NC et VIMP le NCo de le NCmod , sous le NC de le NCmod ADJ ."
2214,1885_Metenier_La-Chair_N.txt,"Albert Delhaye avait commis un meurtre , dans un moment où la passion l' égarait ; c' était la seule excuse qui pût plaider en sa faveur et l' avocat terminait en disant qu' il regrettait que l' attitude de l' accusé ne lui permit pas de réclamer de le jury une plus complète indulgence .","NP NP avoir PPAS un NCo , dans un NC où le NCSENT le NC ; ce être le ADJ NC qui VSUBI INF en DETPOSS NC et le NCs VASP en VDIC que il VIMP que le NCs de le NCmod ne lui permettre pas de INF de le NC un plus ADJ NCSENT ."
2215,1885_Metenier_La-Chair_N.txt,"Après ce discours perfide , où l' orateur semblait être si bien convaincu de la culpabilité qu' il n' avait plus besoin de preuves pour l' établir , où il affectait d' appeler sur Albert Delhaye la pitié miséricordieuse de les jurés , chacun sentit que ce dernier était irrémédiablement perdu .","PHASE ce NC ADJ , où le NCs sembler être si bien PPAS de le NC que il ne avoir plus NCo de NCmod pour le INF , où il VSENT de INF sur NP NP le VSENT ADJ de le NCmod , chacun sentir que ce NCspas être ADVINT PPAS ."
2216,1885_Metenier_La-Chair_N.txt,"En vain , le défenseur essaya -t -il de ramener la question sur son véritable terrain en déclarant que le meurtre n' était rien moins que prouvé , que de les présomptions , si fortes qu' elles soient , ne sont pas de les preuves , on vain en appela -t -il à la conscience publique , le coup était porté et rien ne put effacer la première impression .","en ADJ , le NCs VPS t il de INF le NCo sur DETPOSS véritable NC en PPRES que le NCs ne être rien moins que PPAS , que de le NC , si fort que il être , ne être pas de le NC , on ADJ en VPS t il à le NC ADJ , le NCs être PPAS et rien ne pouvoir INF le ADJ NCo ."
2217,1885_Metenier_La-Chair_N.txt,"Les débats étaient clos ; le président demanda à Albert Delhaye s' il avait à ajouter quelque chose à sa défense : — Je n' ai rien à ajouter , répliqua le jeune homme d' une voix vibrante , si ce n' est que je suis innocent !","le NCspas être PPAS ; le NCs VPS à NP NP si il avoir à INF quelque chose à DETPOSS NC : — je ne avoir rien à INF , VPS le ADJ NCo de un NCMAN ADJ , si ce ne être que je être ADJ !"
2218,1885_Metenier_La-Chair_N.txt,Je m' incline sous la fatalité qui m' accable .,je le PRES sous le NC qui lui PRES .
2219,1885_Metenier_La-Chair_N.txt,"Mais jusqu' à mon dernier jour , j' affirmerai qu' il est à le monde un homme qui sait mon innocence .","mais jusque à DETPOSS ADJ NCT , je VDIC que il être à le NC un NCo qui VCOG DETPOSS NCo ."
2220,1885_Metenier_La-Chair_N.txt,"Un jour , peut-être , on reconnaîtra que j' avais dit vrai !","un NCT , peut-être , on VCOG que je avoir VDIC vrai !"
2221,1885_Metenier_La-Chair_N.txt,Plaise à Dieu qu' il ne soit pas trop tard !,NP à NP que il ne être pas trop tard !
2222,1885_Metenier_La-Chair_N.txt,"A ce moment , un mouvement se fit à le milieu de le public ; le président allait intervenir , faire évacuer la salle quand de les cris se firent entendre : — Laissez -moi passer !","à ce NC , un NCs se faire à le milieu de le NCmod ; le NCs aller INF , faire INF le NCo quand de le NC se faire VCOG : — laisser soi INF !"
2223,1885_Metenier_La-Chair_N.txt,Je veux passer !,je vouloir INF !
2224,1885_Metenier_La-Chair_N.txt,Je veux parler à le président !,je vouloir INF à le NC !
2225,1885_Metenier_La-Chair_N.txt,"En vertu de son pouvoir discrétionnaire , le président ordonna qu' on fit approcher le nouveau venu .","en NC de DETPOSS pouvoir ADJ , le NCs VPS que on faire INF le ADJ NC ."
2226,1885_Metenier_La-Chair_N.txt,"C' était un jeune homme de vingt-cinq à trente ans , portant un costume de marinier .","ce être un ADJ NC de NUM à NUM NCT , PPRES un NCo de NCmod ."
2227,1885_Metenier_La-Chair_N.txt,"Il était rouge , essoufflé et de son front coulaient de grosses gouttes de sueur .","il être ADJCOL , PPAS et de DETPOSS NCCOR VIMP un ADJ NCo de NCmod ."
2228,1885_Metenier_La-Chair_N.txt,Chacun examinait curieusement cet individu .,chacun VIMP ADVMAN ce NCo .
2229,1885_Metenier_La-Chair_N.txt,"— Tiens , Jean Lathuile !","— NP , NP NP !"
2230,1885_Metenier_La-Chair_N.txt,"fit le père Thomas Landois , qui avait été assigné comme témoin et qui était assis dans le prétoire .","faire le NCo NP NP , qui avoir être PPAS comme NC et qui être PPAS dans le NC ."
2231,1885_Metenier_La-Chair_N.txt,Jean Lathuile était un garçon vivant seul avec sa mère dans une maisonnette située à le milieu de l' île de la Grande-Jatte .,NP NP être un NC ADJ ADJ avec DETPOSS NCmod dans un NCmod PPAS à le milieu de le NCmod de le NP .
2232,1885_Metenier_La-Chair_N.txt,"Possesseur de plusieurs barquettes , il les louait le dimanche à les amateurs de canotage ; à ce métier avoué , il en joignait un autre , connu seulement de quelques habitants d' Asnières .","NC de plusieurs NCmod , il le VIMP le ADVT à le NCmod de NCmod ; à ce NC ADJ , il en VIMP un autre , PPAS seulement de quelque NC de NP ."
2233,1885_Metenier_La-Chair_N.txt,"Il était le pourvoyeur anonyme de plusieurs hôtels et de quelques particuliers , à qui il vendait le produit d' une pêche qu' il pratiquait exclusivement avec de les engins défendus .","il être le NC ADJ de plusieurs NCmod et de quelque NC , à qui il VIMP le NCo de un NCmod que il VIMP ADVMAN avec de le NC ADJ ."
2234,1885_Metenier_La-Chair_N.txt,"Se voyant seul à le milieu de l' enceinte , la belle ardeur de Jean Lathuile s' était éteinte ; il était devenu gauche , embarrassé , il tournait son chapeau dans ses mains , laissant errer sur l' auditoire son œil étonné .","se VCOG ADJ à le milieu de le NCmod , le ADJ NCs de NP NP se être PPAS ; il être devenir ADJ , VSENT , il VIMP DETPOSS NCo dans DETPOSS NCCOR , laisser INF sur le NC DETPOSS NCo VSENT ."
2235,1885_Metenier_La-Chair_N.txt,"Interpellé par le président , qui lui demandait s' il avait quelqu' éclaircissement à donner , à apporter à l' affaire Delhaye .","PPAS par le NC , qui lui VIMP si il avoir quelque NCo à INF , à INF à le NC NP ."
2236,1885_Metenier_La-Chair_N.txt,— Oh !,— INTJ !
2237,1885_Metenier_La-Chair_N.txt,"pas bien grand'chose , Monsieur le président !","pas bien ADJ , monsieur le NC !"
2238,1885_Metenier_La-Chair_N.txt,Mais cependant ce que j' ai à vous dire vous sera peut-être utile .,mais cependant ce que je avoir à vous VDIC vous être peut-être ADJ .
2239,1885_Metenier_La-Chair_N.txt,Me permettez -vous de causer ?,me permettre vous de INF ?
2240,1885_Metenier_La-Chair_N.txt,"Et , sur la réponse affirmative de le président , après avoir prêté le serment requis par la loi , le témoin inattendu commença : — Je m' appelle Jean Lathuile , Monsieur le président , et je suis loueur d' embarcations à la Grande-Jatte .","et , sur le NC ADJ de le NCmod , PHASE avoir PPAS le NCo PPAS par le NC , le NCs ADJ VASP : — je se PRES NP NP , monsieur le NC , et je être NC de NCmod à le NP ."
2241,1885_Metenier_La-Chair_N.txt,"Je vois là , assis sur les bancs , pas mal de gens qui me connaissent et qui vous diront que je suis un bon garçon , soutenant sa vieille mère infirme et incapable de faire de le mal à une mouche .","je ADV ADVLIEU , PPAS sur le NC , ADV mal de NC qui me PRES et qui vous VDIC que je être un ADJ NC , PPRES DETPOSS ADJ NCo ADJ et ADJ de faire de le mal à un NC ."
2242,1885_Metenier_La-Chair_N.txt,"Seulement , Monsieur le président , ajouta -t -il , en baissant la tête , j' ai un défaut , j' aime à pêcher , même en temps défendu .... et la nuit .","seulement , monsieur le NC , VPS t il , en PPRES le NCCOR , je avoir un NCo , je VSENT à INF , même en temps PPAS .... et le NCT ."
2243,1885_Metenier_La-Chair_N.txt,Albert Delhaye se leva comme mû par un ressort électrique .,NP NP se PRES comme PPAS par un NC ADJ .
2244,1885_Metenier_La-Chair_N.txt,Il commençait à comprendre .,il VASP à VCOG .
2245,1885_Metenier_La-Chair_N.txt,Il parla bas à son avocat qui prenait de les notes .,il VPS ADJ à DETPOSS NC qui VIMP de le NC .
2246,1885_Metenier_La-Chair_N.txt,Recordet était pâte ; tout le monde haletait .,NP être ADJ ; tout le NCs VIMP .
2247,1885_Metenier_La-Chair_N.txt,"— La nuit de le 10 juin , continua Jean Lathuile , il faisait noir comme dans un four ... Vers onze heures de le soir , je montais dans ma barque et je traversais la Seine pour aller tendre de les nasses tout près de le Pont-Bineau , dans un trou que je connais .... plein d' anguilles .","— le NCT de le NUM MOIS , VPS NP NP , il faire NCo comme dans un NC ... vers NUM NCT de le NCT , je VIMP dans DETPOSS NC et je VIMP le NP pour aller INF de le NC tout ADVLIEU de le NP , dans un NC que je PRES .... ADJ de NC ."
2248,1885_Metenier_La-Chair_N.txt,"J' étais tout près de le bord et je naviguais sans bruit , quand tout à coup un rayon de lune perçant les nuages vint éclairer les bords de la Seine .","je être tout ADVLIEU de le NC et je VIMP sans NC , quand tout à NC un NCs de NCmod PPRES le NCo venir INF le NCo de le NP ."
2249,1885_Metenier_La-Chair_N.txt,"A quatre pas de moi , je vis un homme et une femme , qui se causaient sur le rivage .","à NUM pas de soi , je VCOG un NCo et un NC , qui se VIMP sur le NC ."
2250,1885_Metenier_La-Chair_N.txt,"Entendant le bruit de mes rames , la femme poussa un cri ; l' homme l' embrassa ; elle s' en-sauva , grimpa lestement en haut de la jetée par un petit escalier qui se trouve là et disparut dans le noir en courant .","PPRES le NCo de DETPOSS NCmod , le NCs VPS un NCo ; le NCs le VPS ; il se VPS , VPS ADVMAN en NC de le PPAS par un ADJ NC qui se PRES ADVLIEU et ADJ dans le NC en NCmod ."
2251,1885_Metenier_La-Chair_N.txt,"L' homme sauta dans un canot , qui était amarré à ses pieds et voulant sans doute s' assurer de mon identité , il m' appuya une chasse , dont je me souviendrai , car il avait le poignet solide , le matin !","le NCs VPS dans un NC , qui être PPAS à DETPOSS NCCOR et vouloir sans NCSENT se INF de DETPOSS NC , il lui VPS un NCo , dont je me VF , car il avoir le NCCOR ADJ , le NCT !"
2252,1885_Metenier_La-Chair_N.txt,"Je le pris pour un garde-pêche et j' eus toutes les peines à m' échapper malgré l' obscurité , car jusqu' à le pont de Neuilly , il me serrait de près .","je le PPAS pour un NC et je avoir tout le NCSENT à lui INF malgré le NC , car jusque à le NC de NP , il me VCOND de ADVLIEU ."
2253,1885_Metenier_La-Chair_N.txt,"Là , il me perdit de vue , mais pas moi !","ADVLIEU , il me VPS de NC , mais pas soi !"
2254,1885_Metenier_La-Chair_N.txt,"Je fis un détour , je surveillai sa descente , et je le vis monter de le côté de Neuilly .","je ADJ un NC , je VF DETPOSS NCo , et je le VCOG INF de le NC de NP ."
2255,1885_Metenier_La-Chair_N.txt,"Le lendemain , j' apprenais qu' on avait trouvé près de le pont Bineau , inanimée et la tête brisée , une jeune fille d' Asnières .","le NC , je PRES que on avoir PPAS ADVLIEU de le NC NP , PPAS et le NCCOR PPAS , un ADJ NC de NP ."
2256,1885_Metenier_La-Chair_N.txt,Je ne fis un rapprochement entre cette mort et les événements à lesquels j' avais été mêlé inconsciemment que plus tard .,je ne ADJ un NC entre ce NCmod et le NC à lequel je avoir être PPAS ADVMAN que plus tard .
2257,1885_Metenier_La-Chair_N.txt,"Alors , cette histoire me trotta par la tête , j' étais inquiet et je demandais si ma déposition ne serait pas utile .","alors , ce NCs me VPS par le NCCOR , je être ADJ et je VIMP si DETPOSS NCs ne être pas ADJ ."
2258,1885_Metenier_La-Chair_N.txt,"Je vous l' avouerai , monsieur le président , j' étais faible , j' avais honte et je ne voulais pas me vendre , dire que je braconnais la nuit ... sur la Seine ; mais voilà qu' hier , j' ai lu sur une feuille publique l' exposé de le procès .","je vous le NC , monsieur le NCmod , je être ADJ , je avoir NCSENT et je ne VIMP pas me INF , VDIC que je PRES le NCT ... sur le NP ; mais voilà que ADV , je avoir PPAS sur un NC ADJ le NCo de le NCmod ."
2259,1885_Metenier_La-Chair_N.txt,Ah !,INTJ !
2260,1885_Metenier_La-Chair_N.txt,"quand j' ai vu qu' il ne s' agissait pour le justice que de savoir si l' accusé , qui était bien l' homme de le rendez-vous , avait tué ou non Eugénie Chabert , moi qui l' avais vu l' embrasser en la quittant , moi qui avais été ensuite une heure durant poursuivi par lui et qui l' avais vu débarquer à Neuilly ... Quand j' ai vu enfin que ça se jugeait aujourd'hui et qu' il allait être peut-être condamné faute de ma déposition , ah !","quand je avoir VCOG que il ne se VIMP pour le NC que de VCOG si le PPAS , qui être bien le NC de le NCmod , avoir PPAS ou non NP NP , soi qui le avoir VCOG le INF en le PPRES , soi qui avoir être PHASE un NCT ADV PPAS par lui et qui le avoir VCOG INF à NP ... quand je avoir VCOG PHASE que ça se VIMP ADVT et que il aller être peut-être PPAS ADV de DETPOSS NC , INTJ !"
2261,1885_Metenier_La-Chair_N.txt,"M. le président , mon sang n' a fait qu' un tour , je suis parti et me voilà !","monsieur le NCmod , DETPOSS NCCOR ne avoir faire que un NC , je être PPAS et me voilà !"
2262,1885_Metenier_La-Chair_N.txt,"Et Jean Lathuile épuisé , se laissa tomber sur un banc .","et NP NP PPAS , se laisser INF sur un NC ."
2263,1885_Metenier_La-Chair_N.txt,L' émotion était à son comble .,le NCSENT être à DETPOSS NC .
2264,1885_Metenier_La-Chair_N.txt,"L' avocat d' Albert Delhaye demanda la parole , l' obtint , fut à peine écouté .","le NCs de NP NP VPS le NCo , le VPS , être à NCSENT VCOG ."
2265,1885_Metenier_La-Chair_N.txt,"Tout le monde parlait ; on regardait Jean Lathuile , on regardait l' accusé , perdu tout à l' heure ... sauvé maintenant , comme par miracle .","tout le NCs VIMP ; on VCOG NP NP , on VCOG le NCo , PPAS tout à le NCT ... PPAS ADVT , comme par NC ."
2266,1885_Metenier_La-Chair_N.txt,"À le milieu d' un tumulte sourd , que le président troublé lui-même , parvint à peine à apaiser , la séance fut suspendue et le jury se retira pour délibérer .","à le milieu de un NCmod ADJ , que le NCs VSENT soi-même , VPS à NCSENT à VSENT , le NCspas être PPAS et le NCs se VPS pour INF ."
2267,1885_Metenier_La-Chair_N.txt,Ce fut court .,ce être ADJ .
2268,1885_Metenier_La-Chair_N.txt,"Quelques instants après , la séance était reprise .","quelque NC PHASE , le NCspas être PPAS ."
2269,1885_Metenier_La-Chair_N.txt,"— En mon âme et conscience , devant Dieu et devant les hommes , prononça le chef de le jury , à l' unanimité , non , l' accusé n' est pas coupable !","— en DETPOSS NC et NC , ADVLIEU NP et ADVLIEU le NC , VPS le NCo de le NCmod , à le NC , non , le PPAS ne être pas ADJ !"
2270,1885_Metenier_La-Chair_N.txt,De les bravos éclatèrent dans la salle .,de le NC VPS dans le NC .
2271,1885_Metenier_La-Chair_N.txt,"Le président allait intervenir , quand , extérieurement , à la porte de la cour d' assises , un coup de feu retentit .","le NCs aller INF , quand , ADV , à le NC de le NCmod de NCmod , un NCs de NCmod VPS ."
2272,1885_Metenier_La-Chair_N.txt,On se précipita .,on se VPS .
2273,1885_Metenier_La-Chair_N.txt,"Sur les dalles de marbre de le vestibule , un homme gisait sanglant , un trou à la tempe .","sur le NC de NCmod de le NCmod , un NCs VIMP ADJ , un NC à le NCCOR ."
2274,1885_Metenier_La-Chair_N.txt,"Recordet , dit Bleu-d'Acier , venait de se faire sauter la cervelle !","NP , VDIC NP , venir de se faire INF le NCCOR !"
2275,1885_Metenier_La-Chair_N.txt,IMPRESSIONS MODERNES ( SUR LE VIF ) I BAL DE CUISINIERS Minuit !,NP NP ( sur le NP ) NUM NP NP NP NP !
2276,1885_Metenier_La-Chair_N.txt,"Le porche de le Palace-Théâtre vient de vomir la foule de les spectateurs que la curiosité ou le désœuvrement a poussés dans son enceinte ; tout ce monde s' est écoulé lentement , tranquillement et le silence s' est établi , à peine troublé de temps à autre par le bruit d' un passant attardé ou le roulement crépitant d' un sapin sur le pavé ... Tout à coup une étrange animation vient rompre la paix profonde de cette rue , placide entre toutes les rues ... De les hommes à grands manteaux , de les femmes encapuchonnées surgissent de les carrefours ; les fiacres affluent , et de leurs flancs s' échappent de les chrysalides humaines n' attendant pour éclore et faire briller à les yeux leurs ailes de papillons que la lumière et la chaleur .","le NCs de le NP venir de INF le NCo de le NCmod que le NCSENT ou le NC avoir PPAS dans DETPOSS NC ; tout ce NCs se être PPAS ADV , ADVMAN et le NCs se être PPAS , à NCSENT VSENT de temps à autre par le NC de un NCmod ADJ ou le NC PPRES de un NC sur le NCmod ... tout à NC un ADJ NCs venir INF le NCo ADJ de ce NCmod , ADJ entre tout le NC ... de le NC à ADJ NCmod , de le NCs ADJ PRES de le NC ; le NCs PRES , et de DETPOSS NC se PRES de le NC ADJ ne PPRES pour INF et faire INF à le NCCOR DETPOSS NCo de NCmod que le NCs et le NC ."
2277,1885_Metenier_La-Chair_N.txt,"* ** Debout sous le péristyle illuminé de le Palace , le claque sous le bras , cravatés de blanc , de les messieurs à favoris , qui ne sont cependant ni de les magistrats , ni de les notaires , reçoivent les arrivants .","* ** ADV sous le NCmod PPAS de le NP , le NC sous le NCCOR , PPAS de ADJCOL , de le NC à NCmod , qui ne être cependant ni de le NC , ni de le NC , PRES le NCo ."
2278,1885_Metenier_La-Chair_N.txt,"Saluez , messieurs !","NP , NC !"
2279,1885_Metenier_La-Chair_N.txt,— Vous avez devant vous le syndicat de les cuisiniers parisiens !,— vous avoir ADVLIEU vous le NCo de le NCmod ADJ !
2280,1885_Metenier_La-Chair_N.txt,"Le plus âgé , celui que ses longues moustaches et ses cheveux grisonnants coupés courts font ressembler à un officier en retraite , c' est le père Frémiot , le grand chef de le Lion d' Or .","le plus ADJ , celui que DETPOSS ADJ NCCOR et DETPOSS NCCOR ADJ ADJ ADJ faire INF à un NC en NCmod , ce être le NC NP , le ADJ NC de le NP de NP ."
2281,1885_Metenier_La-Chair_N.txt,Trente ans de cuisine lui ont valu l' honneur de la présidence .,NUM NCT de NCmod lui avoir PPAS le NCSENT de le NCmod .
2282,1885_Metenier_La-Chair_N.txt,"Quoique gêné par son habit noir , aide de les jeunes commissaires , il fait les honneurs de céans ; les manteaux de les dames s' envolent à sa prière , et c' est un éblouissement de gorges et d' épaules nues .","quoique VSENT par DETPOSS NC ADJ , NC de le ADJ NCmod , il faire le NCSENT de NCmod ; le NCs de le NCmod se PRES à DETPOSS NC , et ce être un NC de NCCOR et de NCCOR ADJ ."
2283,1885_Metenier_La-Chair_N.txt,De longs gants montant à le coude cachent de les mains un peu rouges ; mais je sais plus d' une marquise qui envierait à sa femme de chambre les trésors que la solennité de ce jour lui permet de dévoiler !,un ADJ NCs PPRES à le NCCOR PRES de le NCCOR un peu ADJCOL ; mais je VCOG plus de un NC qui VCOND à DETPOSS NC de NCmod le NCo que le NCmod de ce NCT lui permettre de INF !
2284,1885_Metenier_La-Chair_N.txt,* ** Cependant la salle de bal s' emplit .,* ** cependant le NCs de NCmod se PRES .
2285,1885_Metenier_La-Chair_N.txt,"On se montre dans la foule les célèbres , les illustres , ceux que la gloire a été couronner dans les sous-sols de Bignon et de Brébant .","on se PRES dans le NC le NCo , le NC , celui que le NCspas avoir être INF dans le NC de NP et de NP ."
2286,1885_Metenier_La-Chair_N.txt,Ce sont les artistes !,ce être le NC !
2287,1885_Metenier_La-Chair_N.txt,"On les envie tout bas , on se les dispute , on se les arrache !","on le PRES tout ADJ , on se le PRES , on se le PRES !"
2288,1885_Metenier_La-Chair_N.txt,Quel honneur de s' abandonner à le bras d' un de ces hommes utiles dans les tourbillons de la valse !,quel NCSENT de se INF à le NCCOR de un de ce NCmod ADJ dans le NC de le NCmod !
2289,1885_Metenier_La-Chair_N.txt,Mais toutes ces ambitions restent ensevelies à le fond de les cœurs .,mais tout ce NCSENT PRES PPAS à le NC de le NCmod .
2290,1885_Metenier_La-Chair_N.txt,"On craint , on espère , tandis que , calmes , dignes , corrects comme de les notaires , pleins de le sentiment de leur importance , ces grands-prêtres de l' art culinaire choisissent dans les rangs pressés les plus jolies cuisinières .","on VSENT , on VCOG , PHASE que , NCSENT , ADJ , NC comme de le NC , ADJ de le NCSENT de lui NCmod , ce NCs de le NCmod ADJ PRES dans le NC ADJ le plus ADJ NCo ."
2291,1885_Metenier_La-Chair_N.txt,Et chacune de leurs invitations illumine d' un rayon de joie la préférée et fait verdir celle de ses jalouses voisines .,et chacun de DETPOSS NCmod PRES de un NC de NCSENT le ADJ et faire INF celui de DETPOSS NCmod ADJ .
2292,1885_Metenier_La-Chair_N.txt,"Mais bientôt la chaleur monte ; les stations à le buffet et à la buvette se multiplient ; les danseurs s' animent et s' échauffent ... les yeux brillent ... les éventails jouent ... l' habit noir gêne ... De polis , les propos deviennent tendres ; de décents , les pas deviennent risqués ; l' orchestre ne va plus assez vite !","mais bientôt le NC ADJ ; le NCs à le NCmod et à le NC se PRES ; le NCs se PRES et se PRES ... le NCCOR PRES ... le NCs PRES ... le NCo ADJ NCSENT ... de NC , le NCs devenir ADJ ; de NC , le pas devenir PPAS ; le NCs ne aller plus ADV ADJ !"
2293,1885_Metenier_La-Chair_N.txt,"... Les grands chefs eux-mêmes , les artistes , oublient qu' ils exercent un sacerdoce .","... le ADJ NCs soi-même , le NC , VCOG que il PRES un NCo ."
2294,1885_Metenier_La-Chair_N.txt,"Comme leurs plus modestes collègues , ils redeviennent hommes !","comme DETPOSS plus ADJ NC , il PRES NCo !"
2295,1885_Metenier_La-Chair_N.txt,"... * ** Cependant , un élément nouveau s' introduit dans la salle .","... * ** cependant , un NC ADJ se PPAS dans le NC ."
2296,1885_Metenier_La-Chair_N.txt,"Pour dix francs , belles petites et boudinés , curieux et journalistes se sont payé le plaisir d' assister à les ébats chorégraphiques de leurs chefs de cuisine .","pour NUM NC , NC ADJ et NC , NCs et NC se être PPAS le NCSENT de INF à le NC ADJ de DETPOSS NCmod de NCmod ."
2297,1885_Metenier_La-Chair_N.txt,Mais là s' arrête l' égalité .,mais ADVLIEU se PRES le NCo .
2298,1885_Metenier_La-Chair_N.txt,"Si quelques-unes de les jolies curieuses ne dédaignent pas de s' y associer , la plupart estiment que ce serait porter une grave atteinte à le pschull suprême dont elles s' entourent , que d' accepter pour une seule contredanse le bras de celui qui , demain , leur confectionnera un filet Périgueux ou un turbot sauce hollandaise .","si quelqu'un de le NCmod ADJ ne VSENT pas de se y INF , le NC VSENT que ce être INF un ADJ NCo à le NCmod ADJ dont il se PRES , que de INF pour un ADJ NC le NCCOR de celui qui , ADVT , lui VF un NCo ADJ ou un NC NC ADJ ."
2299,1885_Metenier_La-Chair_N.txt,"Les artistes eux-mêmes , les grands chefs , ces bourreaux de les cœurs , ceux -là qui n' ont qu' à vouloir pour triompher , échouent piteusement , et après le souper , à l' heure où d' une voix légèrement émue le père Frémiot annonce à l' assistance que le devoir professionnel l' oblige à écourter la séance , si l' un de ces galants cuisiniers s' obstine encore à solliciter , même de la moins farouche de les étrangères , la permission de l' accompagner , il n' est pas rare qu' il en reçoive cette écrasante réponse : — Va donc !","le NC soi-même , le ADJ NC , ce NC de le NCmod , celui -là qui ne avoir que à vouloir pour INF , PRES ADVMAN , et PHASE le NC , à le NCT où de un NCMAN ADVINT VSENT le NCo NP VDIC à le NC que le devoir ADJ le PRES à INF le NCo , si le un de ce ADJ NCmod se PRES encore à INF , même de le moins ADJ de le NC , le NC de le INF , il ne être pas ADJ que il en VSUBP ce ADJ NCo : — NP donc !"
2300,1885_Metenier_La-Chair_N.txt,eh !,INTJ !
2301,1885_Metenier_La-Chair_N.txt,graillon !,NC !
2302,1885_Metenier_La-Chair_N.txt,"II LE PETIT EMPLOYÉ Tremblant de salir les bottines étroites qui lui emprisonnent les chevilles , rasant les murs , grelottant sous son habit qu' un pardessus bien mince ne réussit pas à couvrir entièrement , il marche , court , sautille sur la pointe de les pieds , le petit employé de le ministère .","NUM le NP NP PPRES de INF le NCo ADJ qui lui PRES le NCCOR , PPRES le NCo , PPRES sous DETPOSS NC que un NCs bien ADJ ne PRES pas à INF ADVINT , il PRES , ADJ , PRES sur le NC de le NCCOR , le ADJ NCo de le NCmod ."
2303,1885_Metenier_La-Chair_N.txt,"Ses gants blancs sont dans sa poche ; il les mettra avant d' entrer dans la salle de bal , car c' est à le bal qu' il va .","DETPOSS NCs ADJ être dans DETPOSS NC ; il le mettre PHASE de INF dans le NC de NCmod , car ce être à le NC que il aller ."
2304,1885_Metenier_La-Chair_N.txt,"* ** — Monsieur Durand , lui a dit en souriant son chef de bureau , je donne samedi ma première soirée dansante .","* ** — monsieur NP , lui avoir VDIC en PPRES DETPOSS NCo de NCmod , je PRES ADVT DETPOSS ADJ NCT ADJ ."
2305,1885_Metenier_La-Chair_N.txt,Nous avons besoin de valseurs : puis -je compter sur vous ?,nous avoir NC de NCmod : puis je INF sur vous ?
2306,1885_Metenier_La-Chair_N.txt,"— Absolument , monsieur , j' accepte avec reconnaissance .","— ADV , monsieur , je PRES avec NC ."
2307,1885_Metenier_La-Chair_N.txt,"Et le petit employé , dont une mauvaise note peut indéfiniment retarder l' avancement , a fait contre mauvaise fortune bon cœur .","et le ADJ NCs , dont un ADJ NCs pouvoir ADV INF le NCo , avoir faire contre ADJ NC ADJ NC ."
2308,1885_Metenier_La-Chair_N.txt,"* ** Car une invitation à un pareil bal , agréable pour beaucoup , est pour lui grosse de menaces .","* ** car un NCs à un NCmod ADJ , ADJ pour beaucoup , être pour lui ADJ de NC ."
2309,1885_Metenier_La-Chair_N.txt,"En y assistant , il obéit à un service commandé .","en y PPRES , il PRES à un NC ADJ ."
2310,1885_Metenier_La-Chair_N.txt,C' est sur son zèle qu' on basera la gratification et l' augmentation de fin d' année .,ce être sur DETPOSS NC que on VF le NC et le NC de NCmod de NCT .
2311,1885_Metenier_La-Chair_N.txt,A lui les trop maigres et les trop grasses !,à lui le trop ADJ et le trop ADJ !
2312,1885_Metenier_La-Chair_N.txt,A lui les tapisseries !,à lui le NC !
2313,1885_Metenier_La-Chair_N.txt,Les jeunes et jolies femmes trouveront assez de cavaliers .,le NCs et ADJ NC VF ADV de NC .
2314,1885_Metenier_La-Chair_N.txt,"Il sera là pour boucher les trous , et malheur à lui s' il recule devant l' imposante majesté d' une femme colosse ou les anguleux contours d' une nouvelle Sarah !","il être ADVLIEU pour NC le NCmod , et NC à lui si il PRES ADVLIEU le ADJ NC de un NCmod ADJ ou le ADJ NC de un ADJ NP !"
2315,1885_Metenier_La-Chair_N.txt,Son avenir est à jamais compromis !,DETPOSS NCspas être à ADVTEMPS PPAS !
2316,1885_Metenier_La-Chair_N.txt,"* ** Mais il accepterait bien gaiement celte corvée , le petit employé , si elle ne devait être précédée et suivie de bien de les privations .","* ** mais il VCOND bien ADV ADJ PPAS , le ADJ NCo , si il ne devoir être PPAS et PPAS de bien de le NCmod ."
2317,1885_Metenier_La-Chair_N.txt,"Le coup de fer à le chapeau lui a coûté un déjeuner : un dîner , la chemise blanche et le mouchoir brodé ; le coiffeur , son tabac pendant huit jours ; ses gants blancs , les petites douceurs qu' il se passait de temps à autre .","le NCs de NCmod à le NCmod lui avoir PPAS un NCo : un NC , le NC ADJCOL et le NC ADJ ; le NC , DETPOSS NC PHASE NUM NCT ; DETPOSS NC ADJCOL , le ADJ NC que il se VIMP de temps à autre ."
2318,1885_Metenier_La-Chair_N.txt,"Enfin , les chaussures et l' argent qu' il dépensera lui coûteront dans l' avenir plusieurs déjeuners et plusieurs dîners , pas mal de tabac et beaucoup de petites douceurs !","PHASE , le NCs et le NC que il VF lui VF dans le NC plusieurs NCo et plusieurs NC , pas mal de NC et beaucoup un ADJ NC !"
2319,1885_Metenier_La-Chair_N.txt,"* ** Cependant il n' a rien à se reprocher , car il a fait preuve de la plus stricte économie ; il n' a pas môme pris de voiture , et c' est pourquoi , tremblant de salir les bottines étroites qui lui emprisonnent les chevilles , rasant les murs , grelottant sous un habit qu' un pardessus bien mince ne parvient pas à recouvrir entièrement , il marche , court et sautille sur la pointe de les pieds , le petit employé de le ministère !","* ** cependant il ne avoir rien à se INF , car il avoir faire NCo de le plus ADJ NC ; il ne avoir pas ADJ PPAS de NC , et ce être pourquoi , PPRES de INF le NCo ADJ qui lui PRES le NCCOR , PPRES le NCo , PPRES sous un NC que un NCs bien ADJ ne PRES pas à INF ADVINT , il PRES , ADJ et PRES sur le NC de le NCCOR , le ADJ NCo de le NCmod !"
2320,1885_Metenier_La-Chair_N.txt,"III LA SENORITA AMOROS Un joli nom , plein de douces promesses , tintinnabulant comme clochette d' or à l' oreille de les sensuels .","NUM NP NP NP un ADJ NC , ADJ de douce NC , PPRES comme NC de NCmod à le NCCOR de le NCmod ."
2321,1885_Metenier_La-Chair_N.txt,"On pressent la brune Castillane , à l' œil de feu , à la marche provocante , à le geste gracieux .","on PRES le NCo NP , à le NCmod de NCmod , à le NC ADJ , à le NCmod ADJ ."
2322,1885_Metenier_La-Chair_N.txt,Elle parait et le rêve s' efface !,il paraître et le NCs se PRES !
2323,1885_Metenier_La-Chair_N.txt,"À le lieu de la traditionnelle mantille , un maillot rose que recouvre en partie une casaque de soie rouge , bordée de paillettes d' or à les lueurs scintillantes , et , sous le maillot , de les formes arrondies , qui ont le hardi contour d' une statue antique .","à le NCmod de le ADJ NCmod , un NC ADJCOL que PRES en NC un NCs de NCmod ADJCOL , PPAS de NC de NCmod à le NCmod ADJ , et , sous le NC , de le NCmod ADJ , qui avoir le NCo NC de un NCmod ADJ ."
2324,1885_Metenier_La-Chair_N.txt,"Et ce n' est ni le fin profil de Diane chasseresse , ni les lignes harmonieuses de la Vénus de Milo , c' est la virile beauté d' un Discobole féminin , le torse musculeux d' un Hercule Farnèse à le petit pied .","et ce ne être nir le NC NCs de NP PRES , ni le NC ADJ de le NP de NP , ce être le ADJ NC de un NCmod ADJ , le NCCOR ADJ de un NP NP à le ADJ NCCOR ."
2325,1885_Metenier_La-Chair_N.txt,"Un nez droit ; le visage éclairé par de les prunelles étincelantes ; une chevelure noire et luisante ; deux petites mèches qui frisottent à les tempes , une gorge éblouissante , qui appelle le baiser : tout ravit dans ce modèle de perfection plastique .","un NCCOR ADJ ; le NCCOR PPAS par un le NC ADJ ; un NC ADJ et ADJ ; NUM ADJ NC qui PRES à le NCCOR , un NCCOR ADJ , qui PRES le NCo : tout VSENT dans ce NC de NCmod ADJ ."
2326,1885_Metenier_La-Chair_N.txt,"* ** D' une main , elle saisit le cordage qu' on lui tend , et , sous la poulie qui grince , l' œil la suit ... s' élevant , calme et gracieuse , à le milieu de les airs ... Et tout là-haut , sur son trapèze , planant dans la lumière blanche de les lustres , au-dessus d' une foule haletante et ravie , elle saute , bondit , vole , se replie et se détend comme un ressort ... Suspendue par un pied , à le son d' une musique bruyante , elle se tord avec de les enlacements de couleuvre , se balance dans l' espace , se relève d' un coup de reins , retombe , enchevêtrant de nouveau ses membres ... Puis , tout d' un coup , comme si ses bras disloqués et tordus lui refusaient tont service , pareille à une étoile tombant de le ciel , elle s' élance dans le vide !","* ** de un NCCOR , il PRES le NCo que on lui PRES , et , sous le NC qui PRES , le NCs le PRES ... se PPRES , NCSENT et ADJ , à le milieu de le NCMAN ... et tout ADVLIEU , sur DETPOSS NCmod , PPRES dans le NC ADJCOL de le NCmod , ADVLIEU de un NC ADJ et ADJ , il PRES , NCo , NC , se PRES et se VSENT comme un NC ... PPAS par un NCCOR , à le NC de un NCmod ADJ , il se NCs avec de le NCmod de NCmod , se PRES dans le NC , se PRES de un NC de NCCOR , PRES , PPRES de ADJ DETPOSS NCo ... puis , tout de un NC , comme si DETPOSS NCCOR PPAS et PPAS lui VIMP NCo NC , PRES à un NC PPRES de le NC , il se PRES dans le NC !"
2327,1885_Metenier_La-Chair_N.txt,Le filet la reçoit et deux fois la renvoie comme une ballet !,le NCs le PRES et NUM fois le NC comme un NCmod !
2328,1885_Metenier_La-Chair_N.txt,... Un cri s' élève !,... un NCs se PRES !
2329,1885_Metenier_La-Chair_N.txt,".. * ** Elle est là , debout , souriante , dans l' arène !",".. * ** il être ADVLIEU , ADV , ADJ , dans le NC !"
2330,1885_Metenier_La-Chair_N.txt,"Et quand le regard ardent , le teint enflammé , la poitrine oppressée , se gonflant par intervalles , elle prodigue ses baisers , dans la salle , plus d' un jeune cœur bat à l' unisson de le sien !","et quand le NCMAN ADJ , le NC VSENT , le NC ADJ , se PPRES par NC , il PRES DETPOSS NCo , dans le NC , plus de un ADJ NC PRES à le NC de le sien !"
2331,1885_Metenier_La-Chair_N.txt,IV PAGANINI Vous le connaissez tous .,NUM PPAS vous le PRES tout .
2332,1885_Metenier_La-Chair_N.txt,Vous-même l' avez baptisé de le nom de Paganini .,Vous-même le avoir PPAS de le NC de NP .
2333,1885_Metenier_La-Chair_N.txt,"Cent fois , entre dix heures et minuit , vous avez salué son arrivée à la brasserie de vos joyeuses acclamations .","NUM fois , entre NUM NCT et NC , vous avoir PPAS DETPOSS NCo à le NC de DETPOSS ADJ NCmod ."
2334,1885_Metenier_La-Chair_N.txt,"Il est entré , timide , obséquieux ; il a gagné sans bruit le fond de la salle et là , tandis qu' il accorde son violon , vous avez regardé ces traits flétris , cette longue face jaune et ridée .","il être PPAS , ADJ , ADJ ; il avoir PPAS sans NC le NCo de le NCmod et ADVLIEU , PHASE que il PRES DETPOSS NCo , vous avoir VCOG ce NCo ADJ , ce ADJ NC ADJCOL et ADJ ."
2335,1885_Metenier_La-Chair_N.txt,"Cependant , l' expression douce et résignée de les yeux vous a frappé .","cependant , le NCs ADJ et PPAS de le NCCOR vous avoir frapper ."
2336,1885_Metenier_La-Chair_N.txt,"Une immense redingote noire enveloppe une échine maigre et osseuse ; un chapeau défraîchi couvre un chef atteint d' une calvitie précoce , et de les bottes éculées complètent l' étrange ajustement de cette victime de la plus poignante de les misères : la misère en habit noir .","un ADJ NCs ADJ PRES un NCo ADJ et ADJ ; un NCs ADJ PRES un NCo ADJ de un NCmod ADJ , et de le NC PPAS PRES le ADJ NCo de ce NCmod de le plus ADJ de le NCmod : le NC en NCmod ADJ ."
2337,1885_Metenier_La-Chair_N.txt,"L' aspect de les doigts tremblants , cherchant comme à tâtons les clefs de l' instrument , vous a douloureusement étonné et a arrêté sur vos lèvres le quolibet ou la raillerie .","le NCs de le NCCOR ADJ , PPRES comme à ADJ le NCo de le NCmod , vous avoir ADV VSENT et avoir PPAS sur DETPOSS NCCOR le NCo ou le NC ."
2338,1885_Metenier_La-Chair_N.txt,"Puis , soudain , la main s' est affermie , l' artiste s' est révélé .","puis , soudain , le NCCOR se être PPAS , le NCs se être PPAS ."
2339,1885_Metenier_La-Chair_N.txt,"Les yeux se sont fermés , la tête s' est inclinée et tour à tour l' archet a gémi ou chanté .","le NCCOR se être PPAS , le NCCOR se être ADJ et NC à NCmod le NCs avoir PPAS ou PPAS ."
2340,1885_Metenier_La-Chair_N.txt,"Les plus brillantes variations , les plus touchants motifs ont délicieusement caressé votre oreille , et vous êtes resté sous le charme , tant l' exécution fine et savante de ce virtuose incompris a su faire vibrer les cordes les plus délicates de votre âme .","le plus ADJ NCs , le plus ADJ NCs avoir ADVINT PPAS DETPOSS NCCOR , et vous être PPAS sous le NC , tant le NC ADJ et ADJ de ce NCmod ADJ avoir VCOG faire INF le NC le plus ADJ de DETPOSS NCmod ."
2341,1885_Metenier_La-Chair_N.txt,"Et quand vous vous êtes réveillé , vous avez laissé tomber une pièce blanche dans la soucoupe que vous tend une main qui tremble de nouveau .","et quand vous vous être PPAS , vous avoir laisser INF un NCo ADJCOL dans le NC que vous PRES un NCCOR qui PRES de ADJ ."
2342,1885_Metenier_La-Chair_N.txt,"* ** Paganini , ce bohème qui n' a pas d' âge , à lequel vous pouvez donner trente ans ou bien cinquante , a un nom , un passé , une histoire .","* ** NP , ce NC qui ne avoir pas un NCo , à lequel vous pouvoir INF NUM NCT ou bien ADJ , avoir un NCo , un NC , un NC ."
2343,1885_Metenier_La-Chair_N.txt,Il s' appelle Louis Lammers et appartenait à une famille honnête et aisée .,il se PRES NP NP et VIMP à un NC ADJ et ADJ .
2344,1885_Metenier_La-Chair_N.txt,Doué de les plus étonnantes dispositions pour la musique .,PPAS de le plus ADJ NC pour le NCmod .
2345,1885_Metenier_La-Chair_N.txt,il reçut une éducation conforme à ses aptitudes .,il VPS un NCo ADJ à DETPOSS NCmod .
2346,1885_Metenier_La-Chair_N.txt,"A quinze ans , il était déjà artiste consommé .","à NUM NCT , il être déjà NC PPAS ."
2347,1885_Metenier_La-Chair_N.txt,"Quelques mois suffirent pour briser cette carrière , qui semblait s' ouvrir sous de si heureux auspices .","quelque NCT VPS pour INF ce NCo , qui sembler se INF sous un si ADJ NC ."
2348,1885_Metenier_La-Chair_N.txt,"Un désastre engloutit subitement sa foi tune , la mort lui ravit tout à coup ses plus chères affections et il resta seul , dénué de tout , sans ressources .","un NCs VPS ADV DETPOSS NCo ADJ , le NCs lui VSENT tout à NC DETPOSS plus ADJ NCSENT et il VPS ADJ , PPAS de tout , sans NC ."
2349,1885_Metenier_La-Chair_N.txt,"Il vint à Paris , ce refuge de les misérables et de les désespérés .","il venir à NP , ce NCo de le NCmod et de le NC ."
2350,1885_Metenier_La-Chair_N.txt,La timidité fut plus forte que son courage et son talent resta inconnu .,le NCSENT être plus fort que DETPOSS NC et DETPOSS NCs VPS ADJ .
2351,1885_Metenier_La-Chair_N.txt,"Sa tête ne put résister à tant d' épreuves , et , pour oublier , il but .","DETPOSS NCCOR ne pouvoir INF à tant de NC , et , pour VCOG , il NC ."
2352,1885_Metenier_La-Chair_N.txt,"Il prit comme consolatrice la Dame à les yeux verts , cette liqueur fatale qui a broyé plus d' existences que le choléra asiatique .","il VPS comme NC le NP à le NCCOR ADJCOL , ce NCo ADJ qui avoir PPAS plus de NC que le NC ADJ ."
2353,1885_Metenier_La-Chair_N.txt,"Et maintenant il vit , quêtant , chaque soir , dans les cafés son pain de le lendemain , qu' il arrosera d' un verre d' absinthe .","et ADVT il PRES , ADV , chaque NCT , dans le NC DETPOSS NC de le NCmod , que il VF de un NC de NCmod ."
2354,1885_Metenier_La-Chair_N.txt,"Et il vivra ainsi jusqu' à le jour où sa maîtresse adorée , comprimant , dans un suprême embrassement les derniers battements de son cœur , ouvrira à cette âme dévoyée les portes de l' Infini .","et il VF ainsi jusque à le NCT où DETPOSS NCs ADJ , PPRES , dans un ADJ NC le ADJ NCo de DETPOSS NCmod , VF à ce NC PPAS le NCo de le NP ."
2355,1885_Metenier_La-Chair_N.txt,"V LA MÈRE CACHEMIRE Allez rue Frémicourt , non loin de l' Ecole Militaire .","NUM NP NP NP aller NCo NP , non ADVLIEU de le NP ADJ ."
2356,1885_Metenier_La-Chair_N.txt,"Cette rue , repaire de souteneurs et de les filles à soldats , quartier-général de toutes les hontes et de toutes les misères , est presque uniquement composée de bouges sans nom , véritables lieux de prostitution clandestine .","ce NCspas , NC de NCmod et de le NC à NCmod , NC de tout le NCSENT et de tout le NC , être presque ADV PPAS de NC sans NCmod , véritable NC de NCmod ADJ ."
2357,1885_Metenier_La-Chair_N.txt,"Allez -y , un soir , à l' heure où les becs de gaz , projetant autour d' eux une lueur incertaine et confuse , lui donnent un aspect qui tenterait le pinceau de Rembrandt ou plutôt de Jacques Callot ; examinez les passants , vous ne tarderez pas à rencontrer la mère Cachemire .","aller y , un NCT , à le NCT où le NCs de NCmod , PPRES ADV de eux un NCo ADJ et ADJ , lui PRES un NCo qui VCOND le NCo de NP ou plutôt de NP NP ; IMP le NCo , vous ne IMP pas à INF le NCo NP ."
2358,1885_Metenier_La-Chair_N.txt,Vous la reconnaîtrez facilement .,vous le PRES ADV .
2359,1885_Metenier_La-Chair_N.txt,Elle est étrange sous ses haillons sordides .,il être ADJ sous DETPOSS NC ADJ .
2360,1885_Metenier_La-Chair_N.txt,"* ** Son bonnet de travers laisse passer de longues méches grises , qui tremblent le long d' un visage cadavéreux , ridé comme une vieille pomme .","* ** DETPOSS NCs de travers laisser INF un ADJ NCo ADJCOL , qui PRES le NCo de un NCCOR ADJ , PPAS comme un ADJ NC ."
2361,1885_Metenier_La-Chair_N.txt,"Un nez recourbé comme le bec d' un oiseau de proie et à lequel pend éternellement une goutte noirâtre , semble vouloir , à chaque pas , se réunir à un menton pointu et s' avançant en promontoire .","un NCCOR PPAS comme le NC de un NCmod de NCmod et à lequel IMP ADV un NCo ADJCOL , sembler vouloir , à chaque pas , se INF à un NCCOR pointu et se PPRES en NC ."
2362,1885_Metenier_La-Chair_N.txt,Les yeux rouges et chassieux sont mobiles et égarés .,le NCCOR ADJCOL et NC être ADJ et ADJ .
2363,1885_Metenier_La-Chair_N.txt,"D' une main , elle relève sa vieille robe effiloquée ; de l' autre , elle s' appuie sur un bâton noueux et elle s' avance lentement , douloureusement , poursuivie par les huées de les gamins : — La mère Cachemire !","de un NCCOR , il PRES DETPOSS ADJ NCo PPAS ; de le autre , il se PRES sur un NC ADJ et il se PRES ADV , ADV , PPAS par le NC de le NCmod : — le NC NP !"
2364,1885_Metenier_La-Chair_N.txt,La mère Cachemire !,le NC NP !
2365,1885_Metenier_La-Chair_N.txt,Pourquoi Cachemire ?,pourquoi NP ?
2366,1885_Metenier_La-Chair_N.txt,Est -ce qu' on sait ?,être ce que on VCOG ?
2367,1885_Metenier_La-Chair_N.txt,"Il y a longtemps qu' on la voit tous les jours , vêtue de la même robe , appuyée sur le même bâton , parcourant la rue de le même pas , et allant , de caboulot en caboulot , chanter de sa voix enrouée et chevrotante le refrain obscène d' une chanson de mauvais lieu .","il y avoir longtemps que on le VCOG tout le NCT , PPAS de le même NC , PPAS sur le même NC , PPRES le NCo de le même pas , et aller , de NC en NCmod , INF de DETPOSS NCMAN PPAS et PRES le NCo ADJ de un NCmod de ADJ NCmod ."
2368,1885_Metenier_La-Chair_N.txt,"* ** Plus curieux que les habitants de la rue Frémicourt , j' ai voulu savoir quelle femme avait pu devenir un pareil monstre .","* ** plus ADJ que le NC de le NCmod NP , je avoir vouloir VCOG quel NCs avoir pouvoir devenir un NC ADJ ."
2369,1885_Metenier_La-Chair_N.txt,Pauvre mère Cachemire !,ADJ NC NP !
2370,1885_Metenier_La-Chair_N.txt,"A dix-huit ans , elle avait été modèle , Un millionnaire russe avait ensuite transplanté dans un hôtel princier de les Champs-Elysées , cette fleur rare , qui ne pouvait s' épanouir entre les murs étroits d' un petit atelier .","à NUM NCT , il avoir être NCs , un NC ADJ avoir PHASE PPAS dans un NC ADJ de le NP , ce NC ADJ , qui ne pouvoir se VSENT entre le NC ADJ de un ADJ NCmod ."
2371,1885_Metenier_La-Chair_N.txt,"Et , pendant quinze ans , elle avait vu à ses pieds de les princes et de les banquiers , le tout Paris élégant et mondain .","et , PHASE NUM NCT , il avoir PPAS à DETPOSS NCCOR de le NCmod et de le NC , le tout NP ADJ et ADJ ."
2372,1885_Metenier_La-Chair_N.txt,"On s' était battu , on s' était tué pour elle .","on se être PPAS , on se être PPAS pour il ."
2373,1885_Metenier_La-Chair_N.txt,"Puis les rides étaient venues , et avec les rides l' abandon et l' isolement .","puis le NCs être venir , et avec le NC le NC et le NC ."
2374,1885_Metenier_La-Chair_N.txt,"De les Champs-Elysées , l' épinglée vint échouer rue Bréda .","de le NP , le NCs venir INF NCo NP ."
2375,1885_Metenier_La-Chair_N.txt,"Après Mabille et Frascati , le café de les Princes .","PHASE NP et NP , le NC de le NP ."
2376,1885_Metenier_La-Chair_N.txt,On ne s' arrête pas sur une pareille pente .,on ne se PRES pas sur un ADJ NC .
2377,1885_Metenier_La-Chair_N.txt,"Bientôt , ce fut la faction interminable à le coin de le boulevard ; l' âpre chasse à le louis , qui payera la quinzaine , puis à la pièce de cent sous qui fera souper ce soir et déjeuner demain , puis la dèche , la dèche noire , la misère , enfin la chute finale dans un bouge où , quelque temps encore , elle a trouvé un morceau de pain et un grabat .","bientôt , ce être le NC ADJ à le NCmod de le NCmod ; le NCs PRES à le NC , qui VF le NCo , puis à le NC de NUM NCmod qui faire INF ce NCT et INF ADVT , puis le NC , le NC ADJ , le NC , PHASE le NC ADJ dans un NCmod où , quelque temps encore , il avoir PPAS un NCo de NCmod et un NC ."
2378,1885_Metenier_La-Chair_N.txt,"Maintenant , à le fond de ces noirs taudis , refuge de les escarpes et de les voyous , vous pouvez la voir , usée , édentée , le visage contracté par un affreux rictus , levant encore , à les rires d' assistants à moitié ivres , sa vieille jambe toute ankylosée et chantant d' une voix éraillée son refrain favori : Ah !","ADVT , à le NC de ce NCmod ADV , NC de le NCmod et de le NC , vous pouvoir le VCOG , PPAS , PPAS , le NCCOR PPAS par un ADJ NC , PPRES encore , à le NCMAN de NCmod à NCmod ADJ , DETPOSS ADJ NCCOR tout PPAS et PPRES de un NCMAN PPAS DETPOSS NCo favori : INTJ !"
2379,1885_Metenier_La-Chair_N.txt,"dit la femme de le sergent , Vas-y , moine !","VDIC le NC de le NCmod , NP , NC !"
2380,1885_Metenier_La-Chair_N.txt,"Vas-y , moine !","NP , NC !"
2381,1885_Metenier_La-Chair_N.txt,Ah !,INTJ !
2382,1885_Metenier_La-Chair_N.txt,"dit la femme de le sergent , Vas-y , moine , et carrément !","VDIC le NC de le NCmod , NP , NC , et ADV !"
2383,1885_Metenier_La-Chair_N.txt,VI UN BÉGUIN Minuit va sonner .,NUM un NP NP aller INF .
2384,1885_Metenier_La-Chair_N.txt,"Assise toute seule , sur une banquette , à le fond de la brasserie , la blonde Clara semble plongée dans une profonde consternation .","NC tout ADJ , sur un NCmod , à le NCmod de le NCmod , le NCs NP sembler PPAS dans un ADJ NCSENT ."
2385,1885_Metenier_La-Chair_N.txt,"Ses yeux sont brillants , ses lèvres serrées ; elle qui ne pleure jamais , elle a presque pleuré aujourd'hui , pleuré de âge .","DETPOSS NCCOR être ADJ , DETPOSS NCCOR ADJ ; il qui ne PRES ADVTEMPS , il avoir presque PPAS ADVT , PPAS de NC ."
2386,1885_Metenier_La-Chair_N.txt,"Et rien ne peut la tirer de sa torpeur , ni les propos risqués , qui d' habitude font son bonheur , ni cette fumée bleue de les cigarettes , qu' elle aime tant à voir monter à le plafond , se tordant en spirales et adoucissant la lumière un peu crue de les globes dépolis .","et rien ne pouvoir le INF de DETPOSS NC , ni le NC PPAS , qui de NC faire DETPOSS NCSENT , ni ce NC ADJCOL de le NCmod , que il VSENT tant à VCOG INF à le NC , se PPRES en NC et VSENT le NCo un peu NC de le NCmod ADJ ."
2387,1885_Metenier_La-Chair_N.txt,"— Clara a la bière triste ce soir , hasarde un habitué .","— NP avoir le NCo ADJ ce NCT , NCmod un NCo ."
2388,1885_Metenier_La-Chair_N.txt,"— Non , répond une amie , Clara est malheureuse .","— non , VDIC un NCo , NP être ADJ ."
2389,1885_Metenier_La-Chair_N.txt,"Elle a fait de les folies pour son amant , qui vient de la lâcher , après une scène abominable .","il avoir faire de le NC pour DETPOSS NC , qui venir de le INF , PHASE un NC ADJ ."
2390,1885_Metenier_La-Chair_N.txt,"Tout à coup , la porte s' ouvre et dans l' encadrement apparaît une charmante figure : dix-neuf ans , la peau brune , une toute petite moustache noire et de les yeux bleus bien limpides et bien doux ; c' est presque une fille , tant le corps est mièvre et délicat .","tout à NC , le NCs se PRES et dans le NC PRES un ADJ NCCOR : NUM NCT , le NCCOR ADJ , un ADV ADJ NCCOR ADJ et de le NCCOR ADJCOL bien ADJ et bien ADJ ; ce être presque un NC , tant le NCCOR être NC et NC ."
2391,1885_Metenier_La-Chair_N.txt,"Il a rougi un peu , s' est arrêté , hésitant à la vue de la bruyante assemblée , puis il est allé s' asseoir à le coin le plus reculé de la brasserie , à côté de Clara .","il avoir PPAS un peu , se être PPAS , PPRES à le NC de le ADJ NCmod , puis il être aller se INF à le NC le plus PPAS de le NC , à NC de NP ."
2392,1885_Metenier_La-Chair_N.txt,"— Vous souffrez , mademoiselle ?","— vous PRES , monsieur ?"
2393,1885_Metenier_La-Chair_N.txt,"Clara lève les yeux ; cette voix pure la fait tressaillir , ce regard bleu la trouble et la gêne .","NP PRES le NCCOR ; ce NCMAN ADJ le faire INF , ce NCMAN PPAS le NCSENT et le NCSENT ."
2394,1885_Metenier_La-Chair_N.txt,— Oui .,— oui .
2395,1885_Metenier_La-Chair_N.txt,"De nouveau , elle baisse la tête .","de ADJ , il PRES le NCCOR ."
2396,1885_Metenier_La-Chair_N.txt,"Alors le jeune homme , ému , s' approche , s' approche plus près encore .","alors le ADJ NCs , PPAS , se PRES , se PRES plus ADVLIEU encore ."
2397,1885_Metenier_La-Chair_N.txt,"Il prend ses mains dans les siennes , la questionne , la caresse de les tendres inflexions de sa voix et la fille blasée , égoïste , la mangeuse d' hommes , qui n' est plus sensible qu' à un sentiment , celui de l' orgueil blessé , devient rougissante et sans force , sous l' étreinte de cet enfant .","il PRES DETPOSS NCCOR dans le sien , le NC , le NC de le ADJ NCmod de DETPOSS NCMAN et le NC ADJ , ADJ , le NC de NCmod , qui ne être plus ADJ que à un NCSENT , celui de le NCSENT PPAS , devenir ADJ et sans NCSENT , sous le NC de ce NCmod ."
2398,1885_Metenier_La-Chair_N.txt,"Elle ne le connaît pas , pourtant .","il ne le PRES pas , pourtant ."
2399,1885_Metenier_La-Chair_N.txt,"Et alors , fascinée , fiévreusement , sans savoir pourquoi , pour se soulager , elle éclate , elle raconte tout .","et alors , VSENT , ADV , sans VCOG pourquoi , pour se VSENT , il PRES , il PRES tout ."
2400,1885_Metenier_La-Chair_N.txt,"Elle l' avait ramassé , un jour , dans le ruisseau .","il le avoir PPAS , un NCT , dans le NC ."
2401,1885_Metenier_La-Chair_N.txt,"Dans le ruisseau , c' est le mot .","dans le NC , ce être le NC ."
2402,1885_Metenier_La-Chair_N.txt,"Elle l' avait choyé , nippé et , aujourd'hui , devant tout le monde , il l' a plantée là !","il le avoir PPAS , PPAS et , ADVT , ADVLIEU tout le NC , il le avoir PPAS ADVLIEU !"
2403,1885_Metenier_La-Chair_N.txt,Et pourquoi ?,et pourquoi ?
2404,1885_Metenier_La-Chair_N.txt,Pour une rien de le tout !,pour un rien de le tout !
2405,1885_Metenier_La-Chair_N.txt,Une rouleuse de l' autre côté de l' eau .,un NC de le autre NCmod de le NCmod .
2406,1885_Metenier_La-Chair_N.txt,"Et , comme le petit fixe sur elle son regard étonné : — Et toi , est -ce que ta femme aussi t' a planté là ?","et , comme le ADJ NC sur il DETPOSS NCMAN PPAS : — et soi , être ce que VPS NCs aussi lui avoir PPAS ADVLIEU ?"
2407,1885_Metenier_La-Chair_N.txt,Sa femme ?,DETPOSS NC ?
2408,1885_Metenier_La-Chair_N.txt,"il n' en a pas , il n' en a jamais eu .","il ne en avoir pas , il ne en avoir ADVTEMPS avoir ."
2409,1885_Metenier_La-Chair_N.txt,"Il est venu à Paris pour faire son droit et il a quitté sa famille pour la première fois , il y a un mois .","il être venir à NP pour faire DETPOSS NCo et il avoir PPAS DETPOSS NCo pour le ADJ fois , il y avoir un NCT ."
2410,1885_Metenier_La-Chair_N.txt,Une femme ?,un NC ?
2411,1885_Metenier_La-Chair_N.txt,Il y a longtemps qu' il en cherche une .,il y avoir longtemps que il en PRES un .
2412,1885_Metenier_La-Chair_N.txt,"Il la verrait tous les jours après le cours et elle serait bien heureuse , car il l' aimerait bien et il ne la tromperait jamais .","il le VCOND tout le NCT PHASE le NC et il être bien ADJ , car il le VSENT bien et il ne le VCOND ADVTEMPS ."
2413,1885_Metenier_La-Chair_N.txt,"Et puis , le dimanche , ils iraient tous deux à la campagne .","et puis , le ADVT , il VIMP tout NUM à le NC ."
2414,1885_Metenier_La-Chair_N.txt,"Ce doit être si bon de se promener à le bois , de se rouler sur l' herbe , à le milieu de les fleurs , sous les grands arbres , avec une voûte de branches entrelacées au-dessus de la tête !","ce devoir être si ADJ de se INF à le NC , de se INF sur le NC , à le milieu de le NCmod , sous le ADJ NC , avec un NC de NCmod PPAS ADVLIEU de le NCCOR !"
2415,1885_Metenier_La-Chair_N.txt,"De les yeux clairs de Clara où brillait encore la lueur fauve d' une colère mal contenue , jaillit tout à coup un flot de larmes .","de le NCCOR ADJ de NP où VIMP encore le NCs ADJ de un NCSENT mal PPAS , VPS tout à NC un NCo de NCmod ."
2416,1885_Metenier_La-Chair_N.txt,"Elle vient de se ressouvenir , de songer avec attendrissement à le temps heureux où , gamine , elle courait après les papillons bleus , dans le jardin de son père .","il venir de se INF , de INF avec VSENT à le temps ADJ où , NC , il VCOND PHASE le NC ADJCOL , dans le NC de DETPOSS NCmod ."
2417,1885_Metenier_La-Chair_N.txt,"Elle saisit le jeune homme , l' enlace dans ses bras , l' embrasse à pleine bouche : — Tiens !","il PRES le ADJ NCo , le NC dans DETPOSS NCCOR , le PRES à ADJ NCCOR : — NP !"
2418,1885_Metenier_La-Chair_N.txt,"je t' aime , toi !","je lui VSENT , soi !"
2419,1885_Metenier_La-Chair_N.txt,Tu m' as fait pleurer !,je le avoir faire INF !
2420,1885_Metenier_La-Chair_N.txt,.. Ça m' a fait de le bien !,.. ça le avoir faire de le bien !
2421,1885_Metenier_La-Chair_N.txt,"... Tu ne me tromperas pas , dis !","... je ne me NC pas , VDIC !"
2422,1885_Metenier_La-Chair_N.txt,"... Et puis , nous irons à la campagne ... nous dînerons sur l' herbe ... nous courrons après les papillons bleus !","... et puis , nous PRES à le NC ... nous PRES sur le NC ... nous PRES PHASE le NC ADJCOL !"
2423,1885_Metenier_La-Chair_N.txt,"... L' autre , vois -tu , c' était un muffle !","... le autre , ADV tu , ce être un NC !"
2424,1885_Metenier_La-Chair_N.txt,"... Toi , tu es un ange !","... soi , je être un NC !"
2425,1885_Metenier_La-Chair_N.txt,... Garçon !,... NP !
2426,1885_Metenier_La-Chair_N.txt,une de Champagne !,un de NP !
2427,1885_Metenier_La-Chair_N.txt,C' est moi qui paye !,ce être soi qui PRES !
2428,1885_Metenier_La-Chair_N.txt,"VII LA FOIRE À LES MÉGOTS C' est place Maubert , sur les degrés de pierre avoisinant la rue Galande , que se tient ce singulier marché .","NUM le NP à le NP ce être NC NP , sur le NCmod de NCmod PPRES le NCo NP , que se PRES ce ADJ NCo ."
2429,1885_Metenier_La-Chair_N.txt,"Là se centralisent toutes les opérations importantes de l' industrie de les ramasseurs de bouts de cigares , car , comme toutes les industries , celle-là est soumise à de les fluctuations sans nombre .","ADVLIEU se PRES tout le NCs ADJ de le NCmod de le NCmod de NCmod de NCmod , car , comme tout le NC , celle-là être PPAS à de le NC sans NCmod ."
2430,1885_Metenier_La-Chair_N.txt,"S' il n' y a pas de morte-saison , il y a de les hausses , il y a de les baisses ; les jours de pluie , par exemple , les valeurs les plus demandées subissent de les dépréciations considérables .","si il ne y avoir pas un NCo , il y avoir de le NC , il y avoir de le NC ; le NCT de NCmod , par NC , le NCs le plus PPAS PRES de le NC ADJ ."
2431,1885_Metenier_La-Chair_N.txt,"De temps en temps seulement et à de les époques déterminées , la production excède la consommation : après la durée de la Foire à les jambons , de la Foire à le pain d' épice , après le 14 juillet , etc * ** Ces hommes de tout âge , de tout poil , de toute race , que vous avez cent fois rencontrés , errant par les rues , l' œil en terre , explorant les ruisseaux , fouillant les pavés , surveillant les abords de les cafés , épiant le moment où vous jetterez votre londrès éteint , que vous avez pris pour de les indépendants , désireux de subvenir à les besoins de leur consommation journalière en s' affranchissant de les droits qui pèsent sur le tabac , sont de les industriels et de les courtiers .","de temps en temps seulement et à de le NC ADJ , le NCs VSENT le NCo : PHASE le NC de le NP à le NCmod , de le NP à le NCmod de NCmod , PHASE le NUM MOIS , ADV * ** ce NCs de tout NCmod , de tout NCCOR , de tout NC , que vous avoir NUM fois PPAS , PPRES par le NC , le NC en NCmod , PPRES le NCo , PPRES le NCo , PPRES le NCo de le NCmod , PPRES le NCo où vous VF DETPOSS NCo ADJ , que vous avoir PPAS pour de le NC , ADJ de INF à le NC de lui NCmod ADJ en se PPRES de le NC qui PRES sur le NC , être de le NC et de le NC ."
2432,1885_Metenier_La-Chair_N.txt,"Comme vous et moi , ils fument le scaferlati , voire même le caporal supérieur de la Régie , et ils rougiraient d' user personnellement de les détritus qu' ils collectionnent avec tant d' amour et de persévérance .","comme vous et soi , il PRES le NCo , voire même le NC ADJ de le NP , et il VIMP de INF ADV de le NC que il PRES avec tant de NCSENT et de NC ."
2433,1885_Metenier_La-Chair_N.txt,Avez -vous jamais vu de ces ravageurs bourrer leurs pipes de les débris de le cigare que vous venez de jeter ?,avoir vous ADVTEMPS VCOG de ce NC INF DETPOSS NCo de le NCmod de le NCmod que vous venir de INF ?
2434,1885_Metenier_La-Chair_N.txt,"Et ces débris sont pour eux le pain quotidien , le verre d' eau-de-vie blanche de le matin , le litre à seize de l' après-midi , l' absinthe de cinq heures , et parfois , quand ça rend , la cuite de la soirée .","et ce NCs être pour eux le NC ADJ , le NC de NCmod ADJCOL de le NCT , le NC à NCmod de le NCT , le NC de NUM NCT , et ADVTEMPS , quand ça PRES , le NCo de le NCT ."
2435,1885_Metenier_La-Chair_N.txt,"D' aucuns nourrissent leurs familles de tous ces bouts de cigares , mais ceux -là sont aidés , et les petits sont dressés dès le bas âge et travaillent sous l' œil de le père jusqu' à ce que ce dernier les juge capables de pourvoir tout seuls à leurs besoins .","un aucun PRES DETPOSS NCo de tout ce NCmod de NCmod , mais celui ADVLIEU être PPAS , et le NCspas être PPAS dès le ADJ NC et PRES sous le NC de le NCmod jusque à ce que ce NCs le PRES ADJ de INF tout ADJ à DETPOSS NC ."
2436,1885_Metenier_La-Chair_N.txt,"* ** Quand le ravageur a rempli de les produits de son industrie errante le sac de lustrine verte ou noire affecté à cet usage , il se rend place Maubert , sur le coup de midi .","* ** quand le NCs avoir PPAS de le NC de DETPOSS NCmod PRES le NCo de NCmod ADJCOL ou ADJ NCmod à ce NC , il se PRES NCo NP , sur le NC de NCmod ."
2437,1885_Metenier_La-Chair_N.txt,"Il trouve là les commissionnaires en gros , debout près de leurs bottes carrées , qu' ils ont alignées derrière eux sur les degrés de pierre .","il PRES ADVLIEU le NCo en NCmod , PRES ADVLIEU de DETPOSS NC ADJ , que il avoir PPAS ADVLIEU eux sur le NC de NCmod ."
2438,1885_Metenier_La-Chair_N.txt,Alors commencent les transactions .,alors VASP le NCo .
2439,1885_Metenier_La-Chair_N.txt,Le portugais de deux sous et le londrès font prime .,le NCs de NUM NCmod et le NC faire NCo .
2440,1885_Metenier_La-Chair_N.txt,On n' estime guère le medianitos et le manille plus que le vulgaire petit bordeaux .,on ne VSENT guère le NCo et le NC plus que le NC ADJ ADJ .
2441,1885_Metenier_La-Chair_N.txt,"Et tout cela se vend à la livre , à le kilogramme !","et tout cela se PRES à le NC , à le NC !"
2442,1885_Metenier_La-Chair_N.txt,"* ** On trouve à cette Bourse d' un nouveau genre les spécialistes de le métier , les ravageurs attitrés de les établissements publics où il est interdit de fumer .","* ** on PRES à ce NP de un ADJ NC le NC de le NCmod , le NC ADJ de le NCmod ADJ où il être PPAS de INF ."
2443,1885_Metenier_La-Chair_N.txt,Ceux -là ne permettent pas qu' un intrus vienne exercer sur leur domaine ; ils tiennent à leur monopole .,celui ADVLIEU ne permettre pas que un NCo venir INF sur lui NC ; il PRES à lui NC .
2444,1885_Metenier_La-Chair_N.txt,On se montre le ravageur de l' Hôtel de les Ventes .,on se PRES le NCo de le NCmod de le NP .
2445,1885_Metenier_La-Chair_N.txt,"C' est lui qui met en circulation les plus beaux produits , de les cigares presque entiers !","ce être lui qui mettre en NC le plus ADJ NCo , de le NC presque ADJ !"
2446,1885_Metenier_La-Chair_N.txt,Aussi on compte avec lui ; et c' est lui qui fait d' ordinaire la cote officielle .,aussi on PRES avec lui ; et ce être lui qui faire de NC le NCo ADJ .
2447,1885_Metenier_La-Chair_N.txt,"Et quand les commissionnaires ont renouvelé leur assortiment , quand ils ont opéré un triage , haché menu leur marchandise , ils livrent à la consommation cigares et tabac .","et quand le NCs avoir PPAS lui NCo , quand il avoir PPAS un NCo , PPAS PPAS lui NCo , il VPS à le NC NC et NC ."
2448,1885_Metenier_La-Chair_N.txt,— Qu' on se le dise !,— que on se le PRES !
2449,1885_Metenier_La-Chair_N.txt,C' est à deux sous le paquet !,ce être à NUM sous le NC !
2450,1885_Metenier_La-Chair_N.txt,Et ils trouvent de les acheteurs .,et il PRES de le NC .
2451,1885_Metenier_La-Chair_N.txt,* ** Les ravageurs sont penseurs et philosophes .,* ** le NCs être ADJ et ADJ .
2452,1885_Metenier_La-Chair_N.txt,"C' est souvent à la Foire à les Mégots que se pèsent les renommées , que s' apprécient les réputations .","ce être ADVTEMPS à le NP à le NP que se PRES le NCs , que se VSENT le NCs ."
2453,1885_Metenier_La-Chair_N.txt,Thomas Vireloque devait être ramasseur de bouts de cigares .,NP NP devoir être NC de NCmod de NCmod .
2454,1885_Metenier_La-Chair_N.txt,"— « À le vendredi saint de l' an passé , à Notre-Dame , j' ai fait cent cinquante cigares , disait un de ces dépenaillés ; j' en ai fait que cent c' te année ; décidément y baisse l' père Monsabré !","— "" À le ADVT ADJ de le NCT PPAS , à NP , je avoir faire NUM NUM NCo , VDIC un de ce NCmod ; je en avoir faire que NUM ce me NCT ; ADV y PRES le NCo NP !"
2455,1885_Metenier_La-Chair_N.txt,"» PARIS INCONNU LE CABARET DE LE PÈRE LUNETTE C' est Privat d' Anglemont qui a mis à la mode , avec Balzac , les voyages d' exploration à travers les quartiers louches et mystérieux de la grand'Ville .",""" NP NP le NP NP NP NP NP ce être NP de NP qui avoir mettre à le NC , avec NP , le NCo de NCmod à travers le NCmod ADJ et ADJ de le NCmod ."
2456,1885_Metenier_La-Chair_N.txt,"La plupart de les sombres ruelles qu' ils nous ont révélées , ont disparu peu à peu depuis trente ans , sous le pic de les démolisseurs .","le NC de le NCmod ADJ que il nous avoir PPAS , avoir PPAS peu à peu depuis NUM NCT , sous le NC de le NCmod ."
2457,1885_Metenier_La-Chair_N.txt,"Tout récemment on démolissait l' antique hôtel portant le n° 14 de la rue de les Cordiers , où Balzac fit descendre Lucien de Rubempré — où habitèrent Gustave Planche et Jules Vallès et aussi , dit -on , George Sand et Jules Sandeau .","tout ADV on VIMP le ADJ NCo PPRES le ° NUM de le NCmod de le NP , où NP faire INF NP de NP — où VPS NP NP et NP NP et aussi , VDIC on , NP NP et NP NP ."
2458,1885_Metenier_La-Chair_N.txt,"Tout près de là , dans celte partie de le quartier de la Sorbonne qui s' étend de le boulevard Saint-Germain à le quai Montebello , se trouve un cabaret curieux , qui mérite un souvenir .","tout ADVLIEU de ADVLIEU , dans ADJ NC de le NCmod de le NP qui se PRES de le NC NP à le NC NP , se PRES un NCs ADJ , qui PRES un NCo ."
2459,1885_Metenier_La-Chair_N.txt,C' est le cabaret de le père Lunette .,ce être le NC de le NCmod NP .
2460,1885_Metenier_La-Chair_N.txt,On a beaucoup calomnié l' établissement de le père Lunette .,on avoir beaucoup PPAS le NCo de le NCmod NP .
2461,1885_Metenier_La-Chair_N.txt,On a dépeint ce cabaret — dont les prétentions artistiques ont fait le Chat Noir de le quartier Galande — sous les couleurs les plus sombres .,on avoir PPAS ce NCo — dont le NCs ADJ avoir faire le NP NP de le NCmod NP — sous le NC le plus ADJ .
2462,1885_Metenier_La-Chair_N.txt,"On en a fait un repaire de bandits , un bouge où il n' était prudent d' aller qu' en blouse , avec une fausse barbe , Rien n' est plus faux .","on en avoir faire un NCo de NCmod , un NC où il ne être ADJ de aller que en NC , avec un NCmod NCCOR , rien ne être plus ADJ ."
2463,1885_Metenier_La-Chair_N.txt,Je dois avouer cependant que l' abord n' est pas engageant .,je devoir VDIC cependant que le NCs ne être pas ADJ .
2464,1885_Metenier_La-Chair_N.txt,"La rue de les Anglais est étroite , sale , puante , noire ; dès que la nuit vient , tout un peuple haillonneux et déguenillé y grouille .","le NCs de le NCmod être ADJ , ADJ , ADJ , ADJ ; dès que le NCT venir , tout un NCs ADJ et ADJ y PRES ."
2465,1885_Metenier_La-Chair_N.txt,"Tout cela s' agite , crie , hurle , jure , siffle , glapit .","tout cela se PRES , NC , PRES , NC , NC , NC ."
2466,1885_Metenier_La-Chair_N.txt,"Fixée à le mur , au-dessus de la porte , une gigantesque paire de lunettes sert d' enseigne .","PPAS à le NC , ADVLIEU de le NC , un ADJ NCs de NCmod PRES de NC ."
2467,1885_Metenier_La-Chair_N.txt,De les barres de fer garantissent le vitrage .,de le NCs de NCmod PRES le NCo .
2468,1885_Metenier_La-Chair_N.txt,"On entre , et à le milieu de l' âcre fumée de les brûle-gueule qui saisit à la gorge , on est tout étonné de trouver là , surtout si l' on y est un peu connu , de les visages qui n' inspirent aucune défiance .","on PRES , et à le milieu de le NCmod PPAS de le NCmod qui PRES à le NCCOR , on être tout VSENT de INF ADVLIEU , surtout si l' on y être un peu PPAS , de le NCCOR qui ne PRES aucun NCo ."
2469,1885_Metenier_La-Chair_N.txt,"C' est d' abord le patron de le lieu , le père Mary .","ce être de NC le NC de le NCmod , le NC NP ."
2470,1885_Metenier_La-Chair_N.txt,"Il vous explique qu' il n' est que le successeur de le vieux père Lunette , fondateur de l' établissement , mort depuis de longues années , celui dont le binocle légendaire a fait la fortune .","il vous VDIC que il ne être que le NC de le ADJ NCmod NP , NC de le NCmod , PPAS depuis un ADJ NCT , celui dont le NCs ADJ avoir faire le NCo ."
2471,1885_Metenier_La-Chair_N.txt,"Par respect pour la tradition , aussi par intérêt , le père Mary a gardé le nom , sans adopter les lunettes .","par NC pour le NCmod , aussi par NCSENT , le NCs NP avoir PPAS le NCo , sans INF le NCo ."
2472,1885_Metenier_La-Chair_N.txt,Il a environ cinquante-cinq ans et il se déclare le protecteur de les arts et le restaurateur de les lettres .,il avoir environ NUM NCT et il se PRES le NCo de le NCmod et le NC de le NCmod .
2473,1885_Metenier_La-Chair_N.txt,"Autour de lui vit tout un monde de musiciens , de chanteurs , de dessinateurs et de ... poètes .","ADV de lui VPS tout un NCo de NCmod , de NC , de NC et de ... NC ."
2474,1885_Metenier_La-Chair_N.txt,Ceux -là sont ses préférés .,celui ADVLIEU être DETPOSS ADJ .
2475,1885_Metenier_La-Chair_N.txt,"Les jours de dèche , ils ont recours à le patron , sûrs de ne pas être abandonnés .","le NCT de NCmod , il avoir NCo à le NC , NC de ne pas être PPAS ."
2476,1885_Metenier_La-Chair_N.txt,"Le père Mary se plaint de les journalistes : « Tous ont passé ici , devant mon comptoir , me disait -il dernièrement avec amertume .","le NCs NP se PRES de le NC : "" Tous avoir PPAS ADVLIEU , ADVLIEU DETPOSS NC , me VDIC il ADV avec NCSENT ."
2477,1885_Metenier_La-Chair_N.txt,Tous ont parlé de ma maison .,tout avoir PPAS de DETPOSS NC .
2478,1885_Metenier_La-Chair_N.txt,J' ai la collection de leurs articles .,je avoir le NCo de DETPOSS NCmod .
2479,1885_Metenier_La-Chair_N.txt,Pas un ne m' a rendu justice .,pas un ne le avoir PPAS NCo .
2480,1885_Metenier_La-Chair_N.txt,"Tous n' ont vu dans mes clients que d' affreux gredins , et cependant , monsieur , vous savez bien que pas un établissement n' est mieux fréquenté !","tout ne avoir VCOG dans DETPOSS NC que un NUM NCo , et cependant , monsieur , vous VCOG bien que pas un NCspas ne être mieux PPAS !"
2481,1885_Metenier_La-Chair_N.txt,"On vient chez moi pour entendre chanter , pour entendre de les vers , pour avoir son portrait à la minute .","on venir chez soi pour VCOG INF , pour VCOG de le NC , pour avoir DETPOSS NCo à le NCT ."
2482,1885_Metenier_La-Chair_N.txt,"Ce n' est donc pas un rendez-vous d' escarpes , comme on l' a dit .","ce ne être donc pas un NC de NCmod , comme on le avoir VDIC ."
2483,1885_Metenier_La-Chair_N.txt,"D' ailleurs , ajoutait -il avec dignité , je ne le supporterais pas .","de ADVLIEU , VIMP il avec NC , je ne le VCOND pas ."
2484,1885_Metenier_La-Chair_N.txt,"On a dit que chez moi on ne buvait que de le « pétrole » et de l' absinthe , c' est faux !","on avoir VDIC que chez soi on ne VIMP que de le "" NC "" et de le NC , ce être ADJ !"
2485,1885_Metenier_La-Chair_N.txt,"Je ne vends , pour ainsi dire , que de le vin ... Il est vrai que j' ai de le bon vin !","je ne PRES , pour ainsi VDIC , que de le NC ... il être vrai que je avoir de le ADJ NC !"
2486,1885_Metenier_La-Chair_N.txt,Et tout cela est exact ... à peu près .,et tout cela être ADJ ... à peu ADVLIEU .
2487,1885_Metenier_La-Chair_N.txt,"La mère Mary , une forte femme , très avenante et fort énergique , partage avec son époux les honneurs de le pouvoir .","le NC NP , un fort NC , très ADJ et fort ADJ , NC avec DETPOSS NCmod le NCSENT de le pouvoir ."
2488,1885_Metenier_La-Chair_N.txt,"A elle est dévolue spécialement la surveillance de la clientèle féminine , clientèle encombrante , mais qu' un regard de la patronne fait trembler .","à il être PPAS ADVINT le NCo de le NCmod ADJ , NC ADJ , mais que un NCMAN de le NCmod faire INF ."
2489,1885_Metenier_La-Chair_N.txt,"On sait qu' Henri , un garçon trapu et toujours enroué , ne badine pas et que , sur un signe de la maîtresse , il a bientôt fait de balancer les récalcitrantes !","on VCOG que NP , un NC ADJ et ADVTEMPS PPAS , ne PRES pas et que , sur un NC de le NCmod , il avoir bientôt NCo de INF le NCo !"
2490,1885_Metenier_La-Chair_N.txt,"* ** La troupe ordinaire de le père Mary se compose d' un guitariste , Émile Gallois , chansonnier à ses heures , qui accompagne les chanteurs ; de « Paulus » , ainsi surnommé pour la façon dont il imite l' Étoile de les cafés-concerts .","* ** le NCs ADJ de le NCmod NP se PRES de un NC , NP NP , NC à DETPOSS NCT , qui PRES le NCo ; de "" NP "" , ainsi PPAS pour le façon dont il PRES le NP de le NCmod ."
2491,1885_Metenier_La-Chair_N.txt,Il chante aussi avec succès le répertoire de Plessis .,il PRES aussi avec NC le NCo de NP .
2492,1885_Metenier_La-Chair_N.txt,« Ah !,""" INTJ !"
2493,1885_Metenier_La-Chair_N.txt,"monsieur , si j' avais quelques avances pour acheter les costumes et les accessoires nécessaires , j' aurais tout de suite un engagement !","monsieur , si je avoir quelque NCo pour INF le NCo et le NC ADJ , je avoir tout de NC un NCo !"
2494,1885_Metenier_La-Chair_N.txt,"» Puis , c' est Georges Baucher , le fils de le célèbre ecuyer , qui a échoué là après avoir passé par le cirque .",""" puis , ce être NP NP , le NC de le ADJ NCmod , qui avoir PPAS ADVLIEU PHASE avoir PPAS par le NC ."
2495,1885_Metenier_La-Chair_N.txt,"Il est le chantre de les vertus de le père Mary ; on lui doit : — Viv' l ' père Lunette ; Quésaco , à notre excellent ami , le père Lunette , souhaits de fête à le père Lunette .","il être le NC de le NCmod de le NCmod NP ; on lui devoir : — Viv' on ' NC NP ; NP , à DETPOSS ADJ NC , le NC NP , NC de NCmod à le NCmod NP ."
2496,1885_Metenier_La-Chair_N.txt,"L' expropriation de le père Lunette , que son ami Gallois a mis en musique et qu' il chante lui-même avec grand succès , ce n' est plus de la reconnaissance à l' égard de le patron , c' est de le fétichisme .","le NC de le NCmod NP , que DETPOSS NCs NP avoir mettre en NC et que il PRES soi-même avec ADJ NC , ce ne être plus de le NC à le NCmod de le NCmod , ce être de le NC ."
2497,1885_Metenier_La-Chair_N.txt,Heureux père Mary !,ADJ NC NP !
2498,1885_Metenier_La-Chair_N.txt,"Un autre artiste , dont le nom m' échappe , a la spécialité de les chansons d' argot .","un autre NCs , dont le NCs se PRES , PRES le NCo de le NCmod de NCmod ."
2499,1885_Metenier_La-Chair_N.txt,"C' est à lui qu' on doit la Comète , dont voici le refrain : Ne méprise pas mon béguin , Fends -toi z' encor d' un rond de frites , Ft quand t' iras sur le turbin Songe que je bâche dans les guérites ( bis ) .","ce être à lui que on devoir le NP , dont voici le NCs : ne VSENT pas DETPOSS NCo , NP soi ADV NC de un NCmod de NCmod , ADV quand NUM NC sur le NCmod VSUBP que je PRES dans le NC ( ADV ) ."
2500,1885_Metenier_La-Chair_N.txt,"Le premier sujet , c' est Jacques de Chanterive .","le ADJ NC , ce être NP de NP ."
2501,1885_Metenier_La-Chair_N.txt,"Jacques ne chante pas , il dessine .","NP ne PRES pas , il PRES ."
2502,1885_Metenier_La-Chair_N.txt,"Pour un franc , vous avez votre portrait en cinq minutes , ressemsemblance garantie .","pour un NC , vous avoir DETPOSS NCo en NUM NCT , NC PPAS ."
2503,1885_Metenier_La-Chair_N.txt,"Cela s' exécute en causant , sur les genoux , à le milieu de le brouhaha .","cela se PRES en NC , sur le NCCOR , à le milieu de le NCmod ."
2504,1885_Metenier_La-Chair_N.txt,"Car Jacques cause et très bien , et c' est un lettré , un vrai .","car NP PRES et très bien , et ce être un NC , un vrai ."
2505,1885_Metenier_La-Chair_N.txt,"Il a appartenu plusieurs années à la rédaction d' un grand journal de le matin , qui existe encore .","il avoir PPAS plusieurs NCT à le NC de un ADJ NCmod de le NCT , qui PRES encore ."
2506,1885_Metenier_La-Chair_N.txt,"Il sait son Paris littéraire , et plus d' un journaliste connu serait étonné d' apprendre son vrai nom , que les convenances m' obligent à ne pas publier .","il VCOG son NP ADJ , et plus de un NCs PPAS être VSENT de VCOG DETPOSS vrai NCo , que le NCs se PRES à ne pas INF ."
2507,1885_Metenier_La-Chair_N.txt,Par quel concours de circonstances malheureuses est -il arrivé jusque chez le père Lunette ?,par quel NC de NCmod ADJ être il PPAS jusque chez le NC NP ?
2508,1885_Metenier_La-Chair_N.txt,"Mystère , amour et discrétion !","NC , NCSENT et NC !"
2509,1885_Metenier_La-Chair_N.txt,"Donc , Jacques cause ... avec ses amis .","donc , NP PRES ... avec DETPOSS NC ."
2510,1885_Metenier_La-Chair_N.txt,Il cause de le dernier livre et de la pièce en vogue .,il PRES de le ADJ NC et de le NC en NCmod .
2511,1885_Metenier_La-Chair_N.txt,Il a un petit calepin où sont crayonnées spirituellement les têtes de les gens qu' il a connus autrefois .,il avoir un ADJ NCo où être PPAS ADVMAN le NCCOR de le NCmod que il avoir PPAS ADVT .
2512,1885_Metenier_La-Chair_N.txt,Pauvre Jacques !,NP NP !
2513,1885_Metenier_La-Chair_N.txt,"c' est le préféré de le père Mary depuis la mort de son poète ordinaire , Jean Autissier , décédé le 5 mai 1885 , à l' hôpital Andral .","ce être le NC de le NCmod NP depuis le NC de DETPOSS NCmod ADJ , NP NP , PPAS le NUM MOIS NUM , à le NC NP ."
2514,1885_Metenier_La-Chair_N.txt,"* ** Jean Autissier , ex-clerc de notaire , était collaborateur de Fantin , peintre et poète , auteur de les pièces de vers commandées par le père Lunette .","* ** NP NP , NC de NCmod , être NC de NP , NC et NC , NC de le NCmod de NCmod PPAS par le NC NP ."
2515,1885_Metenier_La-Chair_N.txt,"Fantin , absent depuis longtemps de Paris , avait concédé , par traité , à Autissier le droit d' exploiter lesdites pièces de vers .","NP , ADJ depuis longtemps de NP , avoir PPAS , par NC , à NP le NCo de INF ADJ NCo de NCmod ."
2516,1885_Metenier_La-Chair_N.txt,Le pauvre garçon gagnait à ce métier d' assez bonnes journées .,le ADJ NCs VIMP à ce NC de ADV ADJ NCT .
2517,1885_Metenier_La-Chair_N.txt,"Coiffé d' un immense chapeau , il était toujours là , de 7 heures de le soir à 2 heures de le matin , à la disposition de les clients .","PPAS de un ADJ NC , il être ADVTEMPS ADVLIEU , de NUM NCT de le NCT à NUM NCT de le NCT , à le NCmod de le NCmod ."
2518,1885_Metenier_La-Chair_N.txt,"Il avait vingt-quatre ans et on lui en eût donné plus de trente , à voir son visage glabre , vieillot et souffreteux .","il avoir NUM NCT et on lui en avoir PPAS plus de NUM , à VCOG DETPOSS NCCOR ADJ , ADJ et ADJ ."
2519,1885_Metenier_La-Chair_N.txt,La phtisie l' a emporté .,le NCs le avoir PPAS .
2520,1885_Metenier_La-Chair_N.txt,Il ne faisait de le reste rien pour la conjurer .,il ne faire de le NC rien pour le INF .
2521,1885_Metenier_La-Chair_N.txt,"C' était pitié de le voir , dans les derniers temps de la vie , tremblotant , débiter ses vers .","ce être PPAS de le VCOG , dans le ADJ temps de le NCmod , PPRES , INF DETPOSS NCo ."
2522,1885_Metenier_La-Chair_N.txt,Sa passion pour l' absinthe a hâté sa fin .,DETPOSS NCSENT pour le NCmod avoir PPAS DETPOSS NCo .
2523,1885_Metenier_La-Chair_N.txt,"Malgré les continuelles observations de la mère Mary , qui refusait parfois de le servir , Autissier buvait jusqu' à vingt-deux absinthes dans un jour !","malgré le ADJ NC de le NCmod NP , qui VIMP ADVTEMPS de le INF , NP VIMP jusque à NUM NCo dans un NCT !"
2524,1885_Metenier_La-Chair_N.txt,Il ne se faisait de le reste aucun illusion .,il ne se faire de le NC aucun NC .
2525,1885_Metenier_La-Chair_N.txt,"À le mois d' avril dernier , il m' annonça très sincèrement qu' il se sentait partir , et me pria d' aller à son enterrement .","à le NCT de MOIS ADJ , il lui VDIC très ADVMAN que il se sentir INF , et me VPS de aller à DETPOSS NC ."
2526,1885_Metenier_La-Chair_N.txt,"Il est mort , après été secouru jusqu' à le dernier jour par le père Mary .","il être PPAS , PHASE être PPAS jusque à le ADJ NCT par le NC NP ."
2527,1885_Metenier_La-Chair_N.txt,Il m' a légué le calepin qui contenait ses poésies — Paix à son âme !,il lui avoir PPAS le NCo qui VIMP DETPOSS NCo — NP à DETPOSS NCmod !
2528,1885_Metenier_La-Chair_N.txt,"* ** Plus longue que large , la salle de le père Lunette est partagée en deux par une cloison vitrée .","* ** plus ADJ que ADJ , le NCspas de le NCmod NP être PPAS en NUM par un NC PPAS ."
2529,1885_Metenier_La-Chair_N.txt,"La première partie est occupée par le comptoir d' étain , derrière lequel trône la mère Mary .","le ADJ NCspas être PPAS par le NC de NCmod , ADVLIEU lequel PRES le NCs NP ."
2530,1885_Metenier_La-Chair_N.txt,"En face , sur un rayon , de les petites barriques de liqueurs , sur lesquelles sont clouées de les caricatures dues à le crayon de Fantin ou de Jacques .","en NC , sur un NC , de le ADJ NCmod de NCmod , sur lequel être PPAS de le NC devoir à le NC de NP ou de NP ."
2531,1885_Metenier_La-Chair_N.txt,"Ce sont les portraits de les habitués de la maison , de les artistes , ou bien simplement de les fantaisies avec de les légendes , comme celle-ci , par exemple : Au-dessous d' un chiffonnier , qui fouille un tas d' ordure sur lequel il projette ses rayons de sa lanterne : Une lanterne qui rapporte moins que celle de Rochefort .","ce être le NC de le NCmod de le NCmod , de le NC , ou bien ADVMAN de le NC avec de le NCmod , comme celui-ci , par NC : ADVLIEU de un NC , qui PRES un NCo de NCmod sur lequel il PRES DETPOSS NCo de DETPOSS NCmod : un NC qui PRES moins que celui de NP ."
2532,1885_Metenier_La-Chair_N.txt,"Au-dessus de les barriques , trois grands portraits très ressemblants : celui de le père Mary , de sa femme et de son fils .","ADVLIEU de le NC , NUM ADJ NC très ADJ : celui de le NCmod NP , de DETPOSS NCmod et de DETPOSS NC ."
2533,1885_Metenier_La-Chair_N.txt,"Sur les murs , de les avis : — Ici ON PAIE EN SERVANT .","sur le NC , de le NCmod : — ADVLIEU NP NP NP ADJ ."
2534,1885_Metenier_La-Chair_N.txt,"— NE TOUCHEZ PAS À LES PEINTURES , SOUS PEINE D' AMENDE .","— ne NP NP à le NP , sous NCSENT NP NP ."
2535,1885_Metenier_La-Chair_N.txt,— LES CHANTS SONT INTERDITS APRÈS ONZE HEURES Mais on chante tout de même quand on a affaire a de les habitués de conséquence .,— le NP être NP NP NP NP mais on PRES tout de même quand on avoir NCo PRES un le NC de NCmod .
2536,1885_Metenier_La-Chair_N.txt,"Les murs de la seconde salle , de le « salon » , comme on l' appelle , sont couverts , de le plafond à les plinthes , de fresques intéressantes .","le NCs de le ADJ NCmod , de le "" NCmod "" , comme on le PRES , être ADJ , de le NC à le NCmod , de NC ADJ ."
2537,1885_Metenier_La-Chair_N.txt,"Les notabilités politiques , littéraires , y coudoient de les types de voleurs , de filles et de souteneurs .","le NCs ADJ , ADJ , y PRES de le NC de NCmod , de NC et de NC ."
2538,1885_Metenier_La-Chair_N.txt,"On y voit notamment un bocal renfermant Émile Zola avec ses lunettes , et , sur l' étiquette : Naturalisme .","on y VCOG ADV un NCo PPRES NP NP avec DETPOSS NCmod , et , sur le NC : NC ."
2539,1885_Metenier_La-Chair_N.txt,"Le prince Napoléon , dans une posture légendaire , trône à côté de la « Buvette d' absinthe » de Béraud .","le NCs NP , dans un NC ADJ , PRES à NC de le "" NP de NCmod "" de NP ."
2540,1885_Metenier_La-Chair_N.txt,"Dans un coin , la Mort , armée de sa faux , renverse tout sous les pieds d' un cheval lancé à le galop .","dans un NC , le NCs , NC de DETPOSS NCmod , PRES tout sous le NCCOR de un NCmod PPAS à le NC ."
2541,1885_Metenier_La-Chair_N.txt,"La plupart de les autres sujets sont expliqués dans la pièce : Description de la salle de le père Lunette , que disait le pauvre Autissier .","le NC de le autre NCmod être VDIC dans le NC : NC de le NCmod de le NCmod NP , que VDIC le ADJ NP ."
2542,1885_Metenier_La-Chair_N.txt,"Lorsqu' on demandait cette pièce , Henri , d' un vigoureux coup de poing , réclamait le silence et jetait à la porte ceux ou celles que les libations trop répétées rendaient d' une gaieté trop exubérante .","lorsque on VIMP ce NCo , NP , de un ADJ NCmod de NCmod , VIMP le NCo et VIMP à le NC celui ou celui que le NCs trop PPAS VIMP de un NCSENT trop ADJ ."
2543,1885_Metenier_La-Chair_N.txt,Demandez à la grosse Sarah et à la fameuse Néanmoins — ainsi nommée à cause de l' absence presque complète de son appareil olfactif — deux habituées .,IMP à le ADJ NP et à le ADJ NP — ainsi PPAS à NC de le NCmod presque ADJ de DETPOSS NCmod ADJ — NUM NC .
2544,1885_Metenier_La-Chair_N.txt,"Voici cette pièce : A gauche , en entrant est un banc Où le beau sexe en titubant Souvent s' allonge ; Car le beau sexe , en cet endroit , Adore la chopine et boit Comme une éponge .","voici ce NCo : à NC , en PPRES être un NC où le ADJ NC en PPRES ADVTEMPS se PRES ; car le ADJ NC , en ce NCmod , VSENT le NCo et NC comme un NC ."
2545,1885_Metenier_La-Chair_N.txt,"A droite , un comptoir en étain Qu' on astique chaque matin .","à NCmod , un NC en NCmod que on PRES chaque NCT ."
2546,1885_Metenier_La-Chair_N.txt,"C' est là qu' on verse Les rhums , les cognacs et les marcs A qui veut mettre trois pétards Dans le commerce .","ce être ADVLIEU que on VSUBP le NC , le NC et le NC à qui vouloir mettre NUM NCo dans le NC ."
2547,1885_Metenier_La-Chair_N.txt,"La salle est à le fond ; sur les murs , Attendant les salons futurs , Plus d' une esquisse , Plus d' un tableau riche en couleur Se détache plein de chaleur Et de malice !","le NCs être à le NC ; sur le NCmod , PPRES le NCo ADJ , plus de un NC , plus de un NC ADJ en NCmod se PRES ADJ de NC et de NC !"
2548,1885_Metenier_La-Chair_N.txt,Les pieds posés sur un dos vert Une Vénus de la Maubert Mise en sauvage Reçoit de les mains d' un maquereau Une cuvette pleine d' eau Pour son lavage .,le NCCOR PPAS sur un NCCOR ADJCOL un NP de le NP mettre en NC NC de le NCCOR de un NCmod un NC ADJ de NCmod pour DETPOSS NC .
2549,1885_Metenier_La-Chair_N.txt,"Cassagnac , on ne sait comment , Arrive juste en ce moment Toujours sévère , Et Gambetta plus libertin Fixe ardemment sur la catin Son œil de verre .","NP , on ne VCOG comment , PRES ADV en ce NC ADVTEMPS ADJ , et NP plus ADJ PRES ADVINT sur le NC DETPOSS NC de NCmod ."
2550,1885_Metenier_La-Chair_N.txt,"Un baluchard tout désolé Qu' un copain a dégringolé N'a plus de tringue Assis , le cul sur le pavé Il ne trouve plus un linvé Dans son morlingue .","un NC tout VSENT que un NCs avoir PPAS VF plus de NC NP , le NCCOR sur le NCmod il ne PRES plus un NCo dans DETPOSS NC ."
2551,1885_Metenier_La-Chair_N.txt,"Mais dans le métier de filou Où la corde est bien près de le cou Tout n' est pas rose : À le voleur pendu court et haut Une potence sert bientôt D' Apothéose , Gambetta , toujours peu flatté Se retrouve décapité Dans sa sonnette Observant d' un œil polisson Un autre groupe où le poisson Porte casquette .","mais dans le NC de NCmod où le NCs être bien ADVLIEU de le NCCOR tout ne être pas ADJCOL : à le NC PPAS ADJ et ADJ un NCs PRES bientôt de NP , NP , ADVTEMPS peu VSENT se PRES PPAS dans DETPOSS NC PPRES de un NC NCmod un autre NC où le NC ADJ NC ."
2552,1885_Metenier_La-Chair_N.txt,"Le chien , la maîtresse et l' amant S' en vont tous les trois flèrement Et haut le ventre A la conquête de celui Qui sera ce soir le mari Disons : le pantre !","le NC , le NC et le NC se en aller tout le NUM ADV et PRES le NCCOR à le NC de celui qui être ce NCT le NCmod VDIC : le NC !"
2553,1885_Metenier_La-Chair_N.txt,"Un de ces rôdeurs qui , le soir , Se glissent , lorsqu' il fait bien noir Hors de leurs niches , Et tordant d' un air en dessous D' énormes guiches .","un de ce NCmod qui , le NCT , se PRES , lorsque il faire bien ADJ ADV de DETPOSS NC , et PPRES de un NCMAN en NCmod un ADJ NC ."
2554,1885_Metenier_La-Chair_N.txt,"Si parfois , sur votre chemin Vous rencontrez ce dogue humain , Soyez ingambes ; En fuyant , vous serez prudents Car , trop près de ses grosses dents Gare à vos jambes !","si ADVTEMPS , sur DETPOSS NC vous PRES ce NCo ADJ , être ADJ ; en PPRES , vous être ADJ car , trop ADVLIEU de DETPOSS ADJ NCCOR NP à DETPOSS NCCOR !"
2555,1885_Metenier_La-Chair_N.txt,"La charmante Fleur-de-Péché , Dont le front rêveur est penché Sur une verte , De ses charmes dus à le pastel Tient sur le boulevard Michel Boutique ouverte .","le ADJ NC , VF le NCCOR ADJ être PPAS sur un NC , de DETPOSS NC devoir à le ADJCOL tenir sur le NCmod NP NC PPAS ."
2556,1885_Metenier_La-Chair_N.txt,"Liqueur qui tue , amour qui perd Prostitution , poison vert , La même étreinte Semble vous avoir confondus Vous par lesquels tant sont perdus Putain , absinthe !","NC qui PRES , NCSENT qui PRES NC , NC ADJCOL , le même ADJ sembler vous avoir PPAS vous par lequel tant être PPAS NP , NC !"
2557,1885_Metenier_La-Chair_N.txt,"En costume de chiffonnier , Diogène , vieux lanternier , Observe et raille , Semblant tout prêt à ramasser Les hontes qu' il voit s' entasser Sur la muraille .","en NC de NCmod , NP , ADJ NC , NP et NC , sembler tout ADJ à INF le NCSENT que il VCOG se INF sur le NC ."
2558,1885_Metenier_La-Chair_N.txt,"Puis deux êtres qui n' en font qu' un Femelle blonde et mille brun Ardents , farouches , Dans l' ovale d' un médaillon Se font un amoureux bâillon De leurs deux bouches .","puis NUM être qui ne en faire que un ADJ NCmod et NUM ADJCOL NC , NC , dans le NC de un NCmod se faire un ADJ NCo de DETPOSS NUM NCCOR ."
2559,1885_Metenier_La-Chair_N.txt,"Sous un parapluie étendu Monseigneur Plonplon , éperdu , N' est plus à l' aise .","sous un NC PPAS NP NP , PPAS , ne être plus à le NC ."
2560,1885_Metenier_La-Chair_N.txt,"Et , flairant un nouveau danger , Fait ce qui , de le verbe manger , Est l' antithèse .","et , PPRES un ADJ NCo , faire ce qui , de le NCmod ADJ , être le NCo ."
2561,1885_Metenier_La-Chair_N.txt,"Voici la reine de les poivrots Buvant sans trêve ni repos , C' est Amélie ; Jadis , cette affreuse guenon Etait une femme , dit -on , Jeune et jolie .","voici le NCo de le NCmod PPRES sans NC ni NC , ce être NP ; ADV , ce NC ADV VIMP un NCo , VDIC on , ADJ et ADJ ."
2562,1885_Metenier_La-Chair_N.txt,A boire !,à NC !
2563,1885_Metenier_La-Chair_N.txt,A boire !,à NC !
2564,1885_Metenier_La-Chair_N.txt,Encore de le vin !,encore de le NC !
2565,1885_Metenier_La-Chair_N.txt,"Jusqu' à deux heures de le matin La soif la ronge Et , sous le téton aplati , A la place de le cœur parti Bat une éponge !","jusque à NUM NCT de le NCT le NC le NC et , sous le NC ADJ , à le NC de le NCmod PPAS NP un NC !"
2566,1885_Metenier_La-Chair_N.txt,Ce portrait est celui de le vieux père Lunette Vous priant de ne pas oublier son poète !,ce NCs être celui de le ADJ NCmod NP vous PPRES de ne pas VCOG DETPOSS NCo !
2567,1885_Metenier_La-Chair_N.txt,Et Autissier tendait son grand chapeau dans lequel pleuvaient les gros sous .,et NP VIMP DETPOSS ADJ NCo dans lequel VIMP le ADJ NCs .
2568,1885_Metenier_La-Chair_N.txt,"On dit toujours celte description chez le père Lunette , quoique le pauvre garçon n' ait pas encore de remplaçant attitré .","on VDIC ADVTEMPS ADJ NCo chez le NC NP , quoique le ADJ NCs ne avoir pas encore de NC ADJ ."
2569,1885_Metenier_La-Chair_N.txt,"Les autres chansons dues à sa collaboration avec Fantin , ont pour titre : La Revision de la Constitution .","le autre NCs devoir à DETPOSS NC avec NP , avoir pour NC : le NCo de le NP ."
2570,1885_Metenier_La-Chair_N.txt,— Les Moules .,— le NP .
2571,1885_Metenier_La-Chair_N.txt,— Synthèse de l' ami Jacques .,— NC de le NCmod NP .
2572,1885_Metenier_La-Chair_N.txt,— Dans ce débit charmant .,— dans ce NC ADJ .
2573,1885_Metenier_La-Chair_N.txt,— Nouvelles chansons de le père Lunette .,— nouveau NC de le NCmod NP .
2574,1885_Metenier_La-Chair_N.txt,— Les Cœurs .,— le NP .
2575,1885_Metenier_La-Chair_N.txt,— La Croustille .,— le NP .
2576,1885_Metenier_La-Chair_N.txt,— Le Cabaret .,— le NP .
2577,1885_Metenier_La-Chair_N.txt,"— La Faim , etc. Ces chansons forment le répertoire spécial et particulier de la maison , sans préjudice de les scies de cafés-concerts qui y ont aussi droit de cité .","— le NP , etc. ce NCs PRES le NCo ADJ et ADJ de le NCmod , sans NCmod de le NCmod de NCmod qui y avoir aussi NCo de NCmod ."
2578,1885_Metenier_La-Chair_N.txt,Le père Mary1 est très fier de son répertoire .,le NCs NP être très ADJ de DETPOSS NC .
2579,1885_Metenier_La-Chair_N.txt,"Il possède un album , livre d' or de l' établissement où de les aquarelles fort réussies reproduisent les peintures murales , mais il faut de grandes protections pour en obtenir communication .","il PRES un NCo , NC de NCmod de le NCmod où de le NCs fort ADJ PRES le NCo ADJ , mais il PRES un ADJ NCo pour en INF NCo ."
2580,1885_Metenier_La-Chair_N.txt,"Le vendredi , jusqu' à onze heures , il y a exposition d' une galerie spéciale sur toile , pour laquelle Fantin a aussi écrit une description .","le ADVT , jusque à NUM NCT , il y avoir NCo de un NCmod ADJ sur NCmod , pour lequel NP avoir aussi PPAS un NCo ."
2581,1885_Metenier_La-Chair_N.txt,"Dans un fouillis pittoresque , on voit d' Artagnan et son chien ( ?","dans un NC ADJ , on VCOG de NP et DETPOSS NC ( ?"
2582,1885_Metenier_La-Chair_N.txt,") Le vieux Mendiant , la belle Ninon , La Vénus à l' éponge , Belzébuth et sa chaudière , La reine de les fandangos , Napoléon et Rochefort , Le Voleur volé , etc. Ce jour -là , on fait aussi de la poésie sérieuse comme à les vendredis classiques de l' Eden-Concert , Je me souviens d' avoir vu souvent un vieux bonhomme à la barbe blanche , dont je regrette d' avoir oublié le nom .",") le ADJ NP , le ADJ NP , le NP à le NCmod , NP et DETPOSS NC , le NC de le NCmod , NP et NP , le NC PPAS , etc. ce NCT ADVLIEU , on faire aussi de le NC ADJ comme à le ADVT ADJ de le NP , je me PRES de avoir VCOG ADVTEMPS un ADJ NCo à le NCCOR ADJCOL , dont je PRES de avoir VCOG le NCo ."
2583,1885_Metenier_La-Chair_N.txt,"On l' appelait Victor Hugo , à cause de sa prédilection pour le grand poète , avec lequel , de le reste , il avait quelque ressemblance physique .","on le VIMP NP NP , à NC de DETPOSS NC pour le ADJ NCmod , avec lequel , de le NC , il avoir quelque NCo ADJ ."
2584,1885_Metenier_La-Chair_N.txt,"Comme tout le monde , il avait un autographe de le grand homme , à lui adressé , et il l' exhibait à tout venant , collé sur une feuille crasseuse , dans un grand portefeuille où il renfermait ses œuvres complètes et inédites .","comme tout le NC , il avoir un NCo de le ADJ NCmod , à lui PPAS , et il le VIMP à tout PPRES , PPAS sur un NC ADJ , dans un ADJ NC où il VIMP DETPOSS NCo ADJ et ADJ ."
2585,1885_Metenier_La-Chair_N.txt,"Le lendemain de les obsèques de Victor Hugo , il lut les vers suivants , composés pour la circonstance : II a dans ses beaux vers où brille la lumière Atteint le haut sommet de les sublimes grandeurs .","le NC de le NCmod de NP NP , il PRES le NCo ADJ , PPAS pour le NC : NUM avoir dans DETPOSS NC vers où PRES le NCs NP le ADJ NC de le NCmod ADJ ."
2586,1885_Metenier_La-Chair_N.txt,"Et cet esprit puissant , en quittant notre terre , A repris son essor vers de les mondes meilleurs .","et ce NC ADJ , en PPRES DETPOSS NCo , avoir PPAS DETPOSS NCo vers de le NCmod meilleur ."
2587,1885_Metenier_La-Chair_N.txt,"Il a de les opprimés toujours servi la cause , Il a , de les citoyens soutenu tous les droits , Et on lui devait bien la grande apothéose Qui fait récriminer quelques cerveaux étroits .","il avoir de le NC ADVTEMPS PPAS le NCo , il avoir , de le NCo PPAS tout le NCo , et on lui devoir bien le ADJ NCo qui faire VDIC quelque NCCOR ADJ ."
2588,1885_Metenier_La-Chair_N.txt,"Mais le vieux patriarche obtenait surtout de le succès quand il disait une pièce intitulée : Sur l' Amour , qu' il s' attribuait , à tort ou à raison , et qui faisait pâmer d' aise les sentimentales habituées de le lieu .","mais le ADJ NCs VIMP surtout de le NC quand il VDIC un NCo PPAS : sur le NP , que il se VIMP , à NC ou à NC , et qui faire INF de NC le ADJ NCo de le NCmod ."
2589,1885_Metenier_La-Chair_N.txt,"Je demande la permission de la citer pour finir : SUR L' AMOUR Le vrai maître de l' univers Le fils divin de la nature Sans abri contre la froidure , Exilé , couche sur la dure Et succombe sous les revers .","je PRES le NCo de le INF pour VASP : sur le NP le vrai NC de le NCmod le NC ADJ de le NCmod sans NC contre le NCmod , PPAS , NC sur le NCmod et VSUBP sous le NC ."
2590,1885_Metenier_La-Chair_N.txt,"Ses prêtresses même , à moitié , Le déclarent passé de mode .","DETPOSS NC même , à NC , le ADJ NC de NCmod ."
2591,1885_Metenier_La-Chair_N.txt,"Les moralistes et le code Lui font la guerre sans pitié , Mais on devine un diadème Absent de son front olympien .","le NC et le NC il faire le NCo sans VSENT , mais on VCOG un NCo abre de DETPOSS NCCOR ADJ ."
2592,1885_Metenier_La-Chair_N.txt,Quel est son nom ?,quel être DETPOSS NC ?
2593,1885_Metenier_La-Chair_N.txt,Hélas !,NP !
2594,1885_Metenier_La-Chair_N.txt,"lui-même En rougit , car il n' en dit rien !","soi-même en NC , car il ne en VDIC rien !"
2595,1885_Metenier_La-Chair_N.txt,"Ce pauvre honteux , à la porte , S' il frappe , ouvrez -lui , car un jour Il aura la pourpre , l' escorte , Comme il a le droit : — C' est l' Amour !","ce NC ADJ , à le NC , si il frapper , IMP lui , car un NCT il avoir le ADJCOL , le NC , comme il avoir le NCo : — ce être le NCSENT !"
2596,1885_Metenier_La-Chair_N.txt,"Paris , 1886 .","NP , NUM ."
2597,1885_Metenier_La-Chair_N.txt,1 Le père Mary est mort à le mois de février 1888 .,NUM le NCs NP être PPAS à le NCT de MOIS NUM .
2598,1885_Metenier_La-Chair_N.txt,"Avec lui va disparaître sa maison , qui sera expropriée prochainement pour l' achèvement de la rue Monge .","avec lui aller INF DETPOSS NCo , qui être PPAS ADVTEMPS pour le NC de le NCmod NP ."
2599,1885_Metenier_La-Chair_N.txt,L' ÉCHAFAUD NOTES D' UN SPECTATEUR Une heure .,le NC NC de NP NP un NCT .
2600,1885_Metenier_La-Chair_N.txt,"— L' air est froid , le ciel gris .","— le NCMAN être ADJ , le NC ADJCOL ."
2601,1885_Metenier_La-Chair_N.txt,"Sur la place de la Roquette , près de leurs faisceaux rangés en bataille , les municipaux battent la semelle en causant à voix basse .","sur le NC de le NCmod , ADVLIEU de DETPOSS NC PPAS en NC , le NCs PRES le NCo en PPRES à NCMAN ADJ ."
2602,1885_Metenier_La-Chair_N.txt,"Sous les arbres , les officiers se promènent , se croisant avec quelques rares journalistes tôt arrivés .","sous le NC , le NCs se PRES , se PPRES avec quelque ADJ NC tôt PPAS ."
2603,1885_Metenier_La-Chair_N.txt,Déjà les rues adjacentes sont barrées .,déjà le NCs ADJ être ADJ .
2604,1885_Metenier_La-Chair_N.txt,"Seuls , brillent dans la nuit , sous la lueur jaune de les réverbères , les casques de les plantons qui renforcent les lignes noires de les gardiens .","ADJ , PRES dans le NCT , sous le NC ADJCOL de le NCmod , le NC de le NCmod qui PRES le NCo ADJ de le NCmod ."
2605,1885_Metenier_La-Chair_N.txt,"Cependant , à le dehors , de les groupes se forment ; de les rôdeurs , le col relevé et les mains dans les poches , de les femmes en cheveux .","cependant , à le NC , de le NCs se PRES ; de le NC , le NC PPAS et le NCCOR dans le NCmod , de le NC en NCCOR ."
2606,1885_Metenier_La-Chair_N.txt,— Tiens !,— NP !
2607,1885_Metenier_La-Chair_N.txt,C' est pour à ce matin !,ce être pour à ce NCT !
2608,1885_Metenier_La-Chair_N.txt,Chouette !,NC !
2609,1885_Metenier_La-Chair_N.txt,— Tu payes une blanche ?,— je ADJ un NC ?
2610,1885_Metenier_La-Chair_N.txt,"— Y va rien renifler , le gonse , quand y va avoir le nez au-dessus de le panier .","— y aller rien INF , le gonser , quand y aller avoir le NCCOR ADVLIEU de le NC ."
2611,1885_Metenier_La-Chair_N.txt,— Eh !,— INTJ !
2612,1885_Metenier_La-Chair_N.txt,"Polyte , t' as pas une contremarque ?","NP , le avoir pas un NCo ?"
2613,1885_Metenier_La-Chair_N.txt,Les débits de vins s' emplissent .,le NCs de NCmod se PRES .
2614,1885_Metenier_La-Chair_N.txt,"Ici de les messieurs emmitouflés de fourrures , en chapeau haute forme , boivent sur le zinc à côté de deux voyous , qu' ils observent de le coin de l' œil ; à toutes les tables , on verse de le punch et de le café .","ADVLIEU de le NC PPAS de NC , en NC ADJ NC , NC sur le NCmod à NCmod de NUM NCmod , que il PRES de le NC de le NCmod ; à tout le NC , on PRES de le NC et de le NC ."
2615,1885_Metenier_La-Chair_N.txt,"Dans un coin , une femme assise et tenant sur ses genoux un enfant de quatre ans , se fait servir un vin chaud .. Deux heures .","dans un NC , un NC PPAS et PPRES sur DETPOSS NCCOR un NCo de NUM NCT , se faire INF un NCo ADJ .. NUM NCT ."
2616,1885_Metenier_La-Chair_N.txt,— Il est deux heures !,— il être NUM NCT !
2617,1885_Metenier_La-Chair_N.txt,Il faut fermer !,il PRES INF !
2618,1885_Metenier_La-Chair_N.txt,crie un brigadier dans l' entre-bâillement de les portes .,VSUBP un NCo dans le NC de le NCmod .
2619,1885_Metenier_La-Chair_N.txt,— Oh !,— INTJ !
2620,1885_Metenier_La-Chair_N.txt,monsieur !,monsieur !
2621,1885_Metenier_La-Chair_N.txt,"laissez-nous ... pour aujourd'hui ... — Y a pas de permission , fermez !","laissez-le ... pour ADVT ... — y avoir pas un NCo , IMP !"
2622,1885_Metenier_La-Chair_N.txt,C' est l' ordre !,ce être le NC !
2623,1885_Metenier_La-Chair_N.txt,Vous rouvrirez à cinq heures !,vous PRES à NUM NCT !
2624,1885_Metenier_La-Chair_N.txt,Allons !,NP !
2625,1885_Metenier_La-Chair_N.txt,Dépêchons .,IMP .
2626,1885_Metenier_La-Chair_N.txt,"Lentement et à regret , les mastroquets mettent leurs volets et font sortir la pratique .","ADV et à NCSENT , le NCs mettre DETPOSS NCo et faire INF le NCo ."
2627,1885_Metenier_La-Chair_N.txt,"Les rues redeviennent sombres ; seuls , les becs de gaz jettent de les lueurs indécises et blafardes .","le NCs PRES ADJ ; ADJ , le NCs de NCmod PRES de le NC ADJ et ADJ ."
2628,1885_Metenier_La-Chair_N.txt,— Brr !,— NP !
2629,1885_Metenier_La-Chair_N.txt,Il fait rien frillot !,il faire rien ADJ !
2630,1885_Metenier_La-Chair_N.txt,"Moi , je me débine .","soi , je me PRES ."
2631,1885_Metenier_La-Chair_N.txt,"Viens -tu , Polyte , on verra rien .","ADJ -tu , NP , on VCOG rien ."
2632,1885_Metenier_La-Chair_N.txt,— Me tirer ?,— me INF ?
2633,1885_Metenier_La-Chair_N.txt,Tu rigoles !,je ADJ !
2634,1885_Metenier_La-Chair_N.txt,Jamais de la vie .,ADVTEMPS de le NC .
2635,1885_Metenier_La-Chair_N.txt,— Tu vas te geler .,— je ADV me INF .
2636,1885_Metenier_La-Chair_N.txt,— Qu' ça fait !,— que ça faire !
2637,1885_Metenier_La-Chair_N.txt,ça passe le temps .,ça PRES le temps .
2638,1885_Metenier_La-Chair_N.txt,"De les voitures s' arrêtent plus nombreuses ; de les reporters en descendent , qui exhibent leurs cartes et passent ; puis de les mentons rasés , comédiens ou chanteurs , qui ont appris la nouvelle à le sortir de le théâtre .","de le NC se PRES plus ADJ ; de le NCs en PRES , qui PRES DETPOSS NCo et PRES ; puis de le NCCOR PPAS , NC ou NC , qui avoir VCOG le NCo à le NC de le NCmod ."
2639,1885_Metenier_La-Chair_N.txt,"Ils parlementent avec l' officier de service , puis finalement entrent , saluant à grands coups de chapeau .","il PRES avec le NC de NCmod , puis ADV PRES , PPRES à ADJ NC de NCmod ."
2640,1885_Metenier_La-Chair_N.txt,"Sur la place , on cause toujours tout bas , on se promène , on bat la semelle contre les arbres .","sur le NC , on PRES ADVTEMPS tout ADJ , on se PRES , on PRES le NCo contre le NCmod ."
2641,1885_Metenier_La-Chair_N.txt,Trois heures .,NUM NCT .
2642,1885_Metenier_La-Chair_N.txt,"— La Petite Roquette , plongée jusque -là dans l' obscurité , s' anime ; de les fenêtres s' allument .","— le ADJ NCs , PPAS jusque ADVLIEU dans le NC , se PRES ; de le NCs se PRES ."
2643,1885_Metenier_La-Chair_N.txt,On voit de les ombres passer et repasser .,on VCOG de le NC INF et INF .
2644,1885_Metenier_La-Chair_N.txt,"— C' est ici qu' on commence , dit un philosophe en montrant la Maison de les jeunes détenus , et c' est là qu' on finit !","— ce être ADVLIEU que on VASP , VDIC un NCo en PPRES le NCo de le ADJ NCmod , et ce être ADVLIEU que on VASP !"
2645,1885_Metenier_La-Chair_N.txt,Un roulement sourd .,un NC ADJ .
2646,1885_Metenier_La-Chair_N.txt,"Deux fourgons noirs descendent la rue de la Roquette , à le trot .","NUM NCs ADJ PRES le NCo de le NCmod , à le NCmod ."
2647,1885_Metenier_La-Chair_N.txt,C' est M. de Paris et ses aides .,ce être monsieur de NP et DETPOSS NC .
2648,1885_Metenier_La-Chair_N.txt,Les voitures se rangent dans l' allée transversale .,le NCs se PRES dans le NC ADJ .
2649,1885_Metenier_La-Chair_N.txt,Un mouvement de curiosité suspend la marche de les promeneurs qui se massent autour de les fourgons M. de Paris descend le premier .,un NCs de NCSENT PRES le NCo de le NCmod qui se PRES ADV de le NC monsieur de NP PRES le ADJ .
2650,1885_Metenier_La-Chair_N.txt,"Son parapluie à la main , le chapeau haute forme enfoncé jusqu' à les oreilles , le corps courbé en deux .","DETPOSS NC à le NCCOR , le NC ADJ NC PPAS jusque à le NCCOR , le NCCOR PPAS en NUM ."
2651,1885_Metenier_La-Chair_N.txt,Il fait quelques pas .,il faire quelque pas .
2652,1885_Metenier_La-Chair_N.txt,Il jette un regard inquiet autour de lui .,il PRES un NCMAN ADJ ADV de lui .
2653,1885_Metenier_La-Chair_N.txt,"Tout flageolant sur ses jambes de rhumatisant , il s' avance vers un officier de paix à qui il parle à l' oreille .","tout PPRES sur DETPOSS NCCOR de PPRES , il se PRES vers un NC de NCmod à qui il PRES à le NCCOR ."
2654,1885_Metenier_La-Chair_N.txt,M. de Paris est gêné ; il n' aime pas qu' on le regarde travailler ; il faut faire reculer les journalistes .,monsieur de NP être VSENT ; il ne VSENT pas que on le VCOG INF ; il PRES faire INF le NC .
2655,1885_Metenier_La-Chair_N.txt,— Allons !,— NP !
2656,1885_Metenier_La-Chair_N.txt,"Messieurs , reculez , je vous en prie !","NCs , IMP , je vous en NC !"
2657,1885_Metenier_La-Chair_N.txt,Vous gênez M. l' Exécuteur .,vous PRES monsieur le NCmod .
2658,1885_Metenier_La-Chair_N.txt,Cependant les aides ont dépouillé les hermétiques redingotes qui les serrent jusqu' à le col .,cependant le NCs avoir PPAS le ADJ NCo qui le VPS jusque à le NC .
2659,1885_Metenier_La-Chair_N.txt,"Ils alignent par terre les différentes pièces qui composent la machine et sur le bord de le trottoir , l' Exécuteur fait disposer ses boîtes d' accessoires , de les éponges et de les seaux d' eau .","il PRES par NC le ADJ NCo qui PRES le NCo et sur le NC de le NCmod , le NC faire INF DETPOSS NCo de NCmod , de le NC et de le NC de NCmod ."
2660,1885_Metenier_La-Chair_N.txt,C' est une ligne qu' il ne faut pas franchir et il demande un planton .,ce être un NC que il ne PRES pas INF et il PRES un NCo .
2661,1885_Metenier_La-Chair_N.txt,"— Si on dépasse , geint -il de sa voix pleurarde , je me plaindrai à le ministère .","— si on PRES , PRES il de DETPOSS NCMAN ADJ , je me VF à le NC ."
2662,1885_Metenier_La-Chair_N.txt,Quatre heures .,NUM NCT .
2663,1885_Metenier_La-Chair_N.txt,— Les montants rouges de la butte sont debout ; pas un coup de marteau ; chaque morceau trouve sa place .,— le NCs ADJCOL de le NCmod être ADV ; pas un NC de NCmod ; chaque NCs PRES DETPOSS NCo .
2664,1885_Metenier_La-Chair_N.txt,"La sinistre besogne s' achève à la lueur de les lanternes , qui font briller les cuivres incrustés dans le bois .","le NCs ADJ se VASP à le NC de le NCmod , qui faire INF le NCo PPAS dans le NC ."
2665,1885_Metenier_La-Chair_N.txt,"À les fenêtres de les maisons de la rue Merlin , de les curieux se pressent , intéressés de loin par ces feux follets précurseurs , qui paraissent danser dans l' ombre .","à le NC de le NCmod de le NCmod NP , de le NCmod se PRES , VSENT de ADVLIEU par ce ADJ NC ADJ , qui paraître INF dans le NC ."
2666,1885_Metenier_La-Chair_N.txt,Un murmure lointain se fait entendre .,un NC ADJ se faire VCOG .
2667,1885_Metenier_La-Chair_N.txt,"De temps en temps , de les cris parmi lesquels on distingue le le nom de le condamné .","de temps en temps , de le NCmod parmi lequel on VCOG le le NCo de le NCmod ."
2668,1885_Metenier_La-Chair_N.txt,"C' est la foule , maintenue par le barrage , qui augmente à chaque minute .","ce être le NC , PPAS par le NC , qui PRES à chaque NCT ."
2669,1885_Metenier_La-Chair_N.txt,"Sur le terrain , on cesse de se promener .","sur le NC , on VASP de se INF ."
2670,1885_Metenier_La-Chair_N.txt,"On s' entasse le plus près possible , pour garder sa place et bien voir ... tout à l' heure ... quand la porte s' ouvrira ... Cinq heures .","on se PRES le plus ADVLIEU ADJ , pour INF DETPOSS NCo et bien VCOG ... tout à le NCT ... ADV le NCs se VF ... NUM NCT ."
2671,1885_Metenier_La-Chair_N.txt,— Le chapiteau et sa poulie sont posés sur les montants .,— le NCspas et DETPOSS NC être PPAS sur le NC .
2672,1885_Metenier_La-Chair_N.txt,"Les magistrats arrivent , se promènent gravement dans l' enceinte réservée .","le NCs PRES , se PRES ADVMAN dans le NC PPAS ."
2673,1885_Metenier_La-Chair_N.txt,On apporte le couteau .,on PRES le NCo .
2674,1885_Metenier_La-Chair_N.txt,On l' engage dans la rainure .,on le PRES dans le NC .
2675,1885_Metenier_La-Chair_N.txt,On hisse à l' aide d' une prolonge le rasoir énorme .,on PRES à le NC de un NCmod le NC ADJ .
2676,1885_Metenier_La-Chair_N.txt,"Deux fois le déclic joue , deux fois cette masse de soixante-dix kilos descend et remonte avec un bruit sourd .","NUM fois le NCs PRES , NUM fois ce NCo de NUM NCmod PRES et VSENT avec un NC ADJ ."
2677,1885_Metenier_La-Chair_N.txt,"C' est fait , l' instrument est est accordé .","ce être faire , le NCspas être être PPAS ."
2678,1885_Metenier_La-Chair_N.txt,M. de Paris jette un dernier coup d' œil à ses accessoires et va se dissimuler dans l' ombre d' un fourgon .,monsieur de NP PRES un ADJ NCo de NCmod à DETPOSS NC et aller se INF dans le NC de un NCmod .
2679,1885_Metenier_La-Chair_N.txt,Six heures .,NUM NCT .
2680,1885_Metenier_La-Chair_N.txt,— La guillotine se dresse immobile et fatale .,— le NCs se PRES ADJ et ADJ .
2681,1885_Metenier_La-Chair_N.txt,"Il fait froid , on ne cause plus guère .","il faire ADJ , on ne PRES plus guère ."
2682,1885_Metenier_La-Chair_N.txt,On échange tout bas ses impressions .,on PRES tout ADJ DETPOSS NCo .
2683,1885_Metenier_La-Chair_N.txt,On commence à s' intéresser à le condamné que guette la machine inexorable .,on VASP à se VSENT à le NC que PRES le NCs ADJ .
2684,1885_Metenier_La-Chair_N.txt,Dort -il ?,PPAS il ?
2685,1885_Metenier_La-Chair_N.txt,Ne dort -il pas ?,ne PRES il pas ?
2686,1885_Metenier_La-Chair_N.txt,A -t -il entendu quelque bruit ?,à t il VCOG quelque NCo ?
2687,1885_Metenier_La-Chair_N.txt,— A quelle heure l' exécution ?,— à quel NCT le NC ?
2688,1885_Metenier_La-Chair_N.txt,"— A sept heures et demie , à le lever de le soleil !","— à NUM NCT et NC , à le NCmod de le NCmod !"
2689,1885_Metenier_La-Chair_N.txt,Un petit frisson vous secoue les os et on compte les minutes .,un ADJ NCSENT vous PRES le NCo et on PRES le NCT .
2690,1885_Metenier_La-Chair_N.txt,De les pas de chevaux .,de le pas de NCmod .
2691,1885_Metenier_La-Chair_N.txt,Un cliquetis de sabres .,un NC de NCmod .
2692,1885_Metenier_La-Chair_N.txt,"Par-dessus les têtes qui s' entassent , de les bicornes passent ; ce sont de les gendarmes d' Ivry , la dernière escorte ... Ils se rangent derrière la guillotine .","ADV le NCCOR qui se PRES , de le NCmod PRES ; ce être de le NC de NP , le ADJ NC ... il se PRES ADVLIEU le NC ."
2693,1885_Metenier_La-Chair_N.txt,— A votre place !,— à DETPOSS NC !
2694,1885_Metenier_La-Chair_N.txt,Pas de faveur !,pas de NC !
2695,1885_Metenier_La-Chair_N.txt,Ne poussez pas !,ne IMP pas !
2696,1885_Metenier_La-Chair_N.txt,On ne voit rien !,on ne VCOG rien !
2697,1885_Metenier_La-Chair_N.txt,"Enervés par l' attente , les esprits s' aigrissent .","PPAS par le NC , le NCs se PRES ."
2698,1885_Metenier_La-Chair_N.txt,Chacun veut s' approcher plus près ... On se bouscule .,chacun vouloir se INF plus ADVLIEU ... on se PRES .
2699,1885_Metenier_La-Chair_N.txt,"— Messieurs , ces cris sont indécents ... On entend de la prison !","— NP , ce NCs être ADJ ... on VCOG de le NC !"
2700,1885_Metenier_La-Chair_N.txt,"Et le bruit cesse ... On ne parle plus que bas , comme à le seuil de la chambre d' un mourant .","et le NCs VASP ... on ne PRES plus que ADJ , comme à le NC de le NCmod de un NCmod ."
2701,1885_Metenier_La-Chair_N.txt,Sept heures .,NUM NCT .
2702,1885_Metenier_La-Chair_N.txt,— Les magistrats pénètrent dans la prison .,— le NCs PRES dans le NC .
2703,1885_Metenier_La-Chair_N.txt,"Ils sont six et avec eux l' aumônier , qui suit , tête basse , rassemblant toutes ses forces pour affronter son terrible devoir .","il être NUM et avec eux le NC , qui PRES , NCCOR ADJ , PPRES tout DETPOSS NCSENT pour INF DETPOSS ADJ devoir ."
2704,1885_Metenier_La-Chair_N.txt,Dans la grande cour ils s' arrêtent .,dans le ADJ NC il se PRES .
2705,1885_Metenier_La-Chair_N.txt,"L' aiguille de la grande horloge marque sept heures dix minutes , ils attendront qu' elle marque sept heures dix-huit ... Le réveil , .","le NCs de le ADJ NCmod PRES NUM NCT NUM NCT , il VF que il PRES NUM NCT NUM ... le NC , ."
2706,1885_Metenier_La-Chair_N.txt,la toilette dure douze minutes et l' ordre de le Procureur général porte que l' exécution aura lieu à sept heures trente .,le NCs PRES NUM NCT et le NCs de le NCmod ADJ PRES que le NCs avoir NCo à NUM NCT NUM .
2707,1885_Metenier_La-Chair_N.txt,"Elles sont longues , ces minutes d' attente !","il être ADJ , ce NCT de NCmod !"
2708,1885_Metenier_La-Chair_N.txt,M. de Paris paraît .,monsieur de NP paraître .
2709,1885_Metenier_La-Chair_N.txt,"Il passe devant le groupe de les magistrats , marchand de son pas traînard , salue très bas avec un air malheureux .","il PRES ADVLIEU le NC de le NCmod , NC de DETPOSS pas ADJ , PRES très ADJ avec un NCMAN ADJ ."
2710,1885_Metenier_La-Chair_N.txt,"Suivi par ses aides , il entre à le greffe et cet homme investi de la plus haute fonction de France va mettre son nom sur le registre d' écrou dans la colonne : Sortie , sous cette mutation : — Remis entre les mains de M. l' exécuteur de les Arrêts criminels en exécution de les instructions de M. le Procureur général .","PPAS par DETPOSS NC , il PRES à le NC et ce NC PPAS de le plus ADJ NC de NP aller mettre DETPOSS NCo sur le NC de NCmod dans le NC : NP , sous ce NC : — PPAS entre le NCCOR de monsieur le NCmod de le NCmod ADJ en NCmod de le NCmod de monsieur le NC ADJ ."
2711,1885_Metenier_La-Chair_N.txt,"Sept heures dix-huit minutes ... Il fait encore sombre , mais le ciel blanchit à l' Orient .","NUM NCT NUM NCT ... il faire encore ADJ , mais le NCs PRES à le NP ."
2712,1885_Metenier_La-Chair_N.txt,"— Si vous voulez , messieurs ?","— si vous vouloir , NCs ?"
2713,1885_Metenier_La-Chair_N.txt,dit le Directeur .,VDIC le NCo .
2714,1885_Metenier_La-Chair_N.txt,"Les six fonctionnaires se mettent en marche , précédés d' un gardien de prison .","le NUM NCs se mettre en NC , PPAS de un NC de NCmod ."
2715,1885_Metenier_La-Chair_N.txt,"De les portes cadenassées et verrouillées grincent sur leurs gonds ... Un couloir ... Une petite salle nue , où un aide de M. de Paris vient apporter une chaise , simplement ... C' est la salle de toilette ... puis de les ateliers sombres , très longs , de les séchoirs ... Les dalles résonnent sous les pas ... — Messieurs , de grâce , pas de bruit !","de le NC PPAS et PPAS ADV sur DETPOSS NC ... un NC ... un ADJ NC ADJ , où un NCs de monsieur de NP venir INF un NCo , ADVMAN ... ce être le NC de NCmod ... puis de le NC ADJ , très ADJ , de le NC ... le NCs PRES sous le pas ... — NP , de NCmod , pas de NC !"
2716,1885_Metenier_La-Chair_N.txt,"Un cloître , donnant sur un préau , entouré de grands murs , puis un enfoncement avec trois portes de fer ... Le gardien tourne sans bruit la clef dans une serrure .","un NC , PPRES sur un NC , PPAS de ADJ NC , puis un NC avec NUM NCmod de NCmod ... le NCs PRES sans NC le NCo dans un NC ."
2717,1885_Metenier_La-Chair_N.txt,Tous entrent .,tout PRES .
2718,1885_Metenier_La-Chair_N.txt,Une bouffée d' air chaud monte à le visage .,un NCs de NCMAN ADJ PRES à le NCCOR .
2719,1885_Metenier_La-Chair_N.txt,Deux gardiens se lèvent .,NUM NCs se PRES .
2720,1885_Metenier_La-Chair_N.txt,"Dans un coin de la chambre , un lit de camp dans lequel dort un homme .","dans un NC de le NCmod , un NC de NCmod dans lequel PRES un NCs ."
2721,1885_Metenier_La-Chair_N.txt,"Les six fonctionnaires sont rangés autour de ce lit , nu-tête ... Un silence règne ... une hésitation ... une angoisse muette ... Enfin , le Directeur touche l' épaule de le dormeur , qui se dresse sur son séant et promène autour de lui de les yeux hagards ... — Votre pourvoi est rejeté et M. le Président de la République n' a pas accueilli votre recours en grâce ... Rassemblez tout votre courage ... Un instant , l' homme a hésité , l' œil vague et hébété ... L' aumônier s' approche : — Mon enfant ... Et pendant que le condamné s' habille , il lui parle et l' embrasse ... Il est long ce trajet de la cellule à la salle de toilette .","le NUM NCspas être PPAS ADV de ce NC , NC ... un NC NCmod ... un NC ... un NCSENT ADJ ... PHASE , le NCs PRES le NCCOR de le NCmod , qui se PRES sur DETPOSS NC et PRES ADV de lui de le NCCOR ADJ ... — DETPOSS NCspas être PPAS et monsieur le NP de le NC ne avoir pas PPAS DETPOSS NCo en NC ... IMP tout DETPOSS NCo ... un NC , le NCs avoir PPAS , le NCo ADJ et NC ... le NCs se PRES : — DETPOSS NC ... et PHASE que le NCs se PRES , il lui PRES et le PRES ... il être ADJ ce NC de le NCmod à le NCmod de NCmod ."
2722,1885_Metenier_La-Chair_N.txt,"L' homme le parcourt , soutenu par deux gardiens ... M. de Paris s' approche , il pose sa main sur l' épaule de le condamné , qu' il fait asseoir .","le NC le NC , PPAS par NUM NC ... monsieur de NP se PRES , il PRES DETPOSS NCCOR sur le NCCOR de le NCmod , que il faire INF ."
2723,1885_Metenier_La-Chair_N.txt,Il a pris livraison .,il avoir PPAS NCo .
2724,1885_Metenier_La-Chair_N.txt,"Désormais , nulle puissance humaine ne peut lui arracher cette proie , dont il a donné reçu .","ADV , ADJ NCs ADJ ne pouvoir lui INF ce NCo , dont il avoir PPAS PPAS ."
2725,1885_Metenier_La-Chair_N.txt,Le col de chemise est coupé ... Les pieds sont attachés ... les mains sont liées derrière le dos ... on noue une blouse autour de le cou de le condamné et on repart ... Le malheureux est livide ... il avance à petits pas de quinze centimètres .,le NCspas de NCmod être PPAS ... le NCCOR être PPAS ... le NCCOR être PPAS ADVLIEU le NCCOR ... on PRES un NCo ADV de le NCCOR de le NCmod et on PRES ... le NCs être ADJ ... il PRES à ADJ pas de NUM NCmod .
2726,1885_Metenier_La-Chair_N.txt,M. de Paris ouvre la marche .,monsieur de NP PRES le NCo .
2727,1885_Metenier_La-Chair_N.txt,La porte s' ouvre ; une lumière vous aveugle .,le NCs se PRES ; un NC vous ADJ .
2728,1885_Metenier_La-Chair_N.txt,C' est le grand jour !,ce être le ADJ NCT !
2729,1885_Metenier_La-Chair_N.txt,"Dans l' encadrement de porte , un spectacle d' une beauté grandiose et horrible : À le fond , une rangée de casques qui étincellent , les lattes de les gendarmes qui scintillent , un fourmillement de têtes pâles à droite et à gauche , un épouvantable silence .. et se découpant nettement sur la facade grise de la Petite Roquette deux grands bras rouges supportant un couperet , qui va tomber inexorablement , mécaniquement ... On se découvre ... Dans les arbres de les oiseaux chantent , à le loin le murmure houleux d' une foule qui s' impatiente .","dans le NC de NCmod , un NC de un NCmod ADJ et ADJ : à le NC , un NC de NCmod qui PRES , le NC de le NCmod qui PRES , un NC de NCCOR ADJ à NCmod et à NC , un ADJ NC .. et se PPRES ADVINT sur le NC ADJ de le ADJ NCmod NUM ADJ NCCOR ADJCOL PPRES un NCo , qui aller INF ADV , ADV ... on se VCOG ... dans le NC de le NCmod PRES , à le ADVLIEU le NC ADJ de un NCmod qui se VSENT ."
2730,1885_Metenier_La-Chair_N.txt,"Comme un appel désespéré le sifflet d' une locomotive déchire l' air , un cheval piaffe , l' horloge sonne la demie , le corps bascule , le déclic joue avec un bruit sec , la tête tombe ... C' est tout ça une guillotinade !","comme un NCs VSENT le NCo de un NCmod PRES le NCMAN , un NCs ADJ , le NC PRES le NCo , le NCCOR ADJ , le NCs PRES avec un NC ADJ , le NCCOR PRES ... ce être tout VPS un NCo !"
2731,1885_Metenier_La-Chair_N.txt,... Un soupir de soulagement sort de cinq cents poitrines haletantes tout à l' heure ... Tous ces gens sont verts .,... un NCs de NCSENT PRES de NUM NC ADJ ADJ tout à le NCT ... tout ce NCs être ADJCOL .
2732,1885_Metenier_La-Chair_N.txt,De les cris s' entrecroisent .,de le NC se PRES .
2733,1885_Metenier_La-Chair_N.txt,— Avez -vous vu comme il était pâle !,— avoir vous VCOG comme il être ADJ !
2734,1885_Metenier_La-Chair_N.txt,— Il s' est rejeté en arrière quand il a vu le couteau .,— il se être PPAS en NC quand il avoir VCOG le NCo .
2735,1885_Metenier_La-Chair_N.txt,— Il est mort piteusement .,— il être PPAS ADVMAN .
2736,1885_Metenier_La-Chair_N.txt,"— Pas de le tout , il a été très brave !","— pas de le tout , il avoir être très ADJ !"
2737,1885_Metenier_La-Chair_N.txt,Un cliquetis de fouet et de les cris : Gare !,un NC de NCmod et de le NC : NP !
2738,1885_Metenier_La-Chair_N.txt,"C' est le fourgon qui s' éloigne à le grand trot avec son escorte de gendarmes , et suivi par le fiacre de l' aumônier .","ce être le NC qui se PRES à le ADJ NC avec DETPOSS NC de NCmod , et PPAS par le NC de le NCmod ."
2739,1885_Metenier_La-Chair_N.txt,Un tumulte .,un NC .
2740,1885_Metenier_La-Chair_N.txt,"C' est un cabot de café-concert , qui s' est précipité ... Bien que le sang ait été rapidement épongé , il a eu le temps d' en imbiber son mouchoir .","ce être un NC de NCmod , qui se être PPAS ... bien que le NCCOR avoir être ADVMAN PPAS , il avoir avoir le temps de en INF DETPOSS NCo ."
2741,1885_Metenier_La-Chair_N.txt,On le hue .,on le PRES .
2742,1885_Metenier_La-Chair_N.txt,"À le premier barrage , parmi cette foule qui n' a rien vu , mais qui a passé la nuit là , attirée par cette sympathie inexplicable de l' homme vers un autre homme , qui va mourir et qui , seul dans l' humanité , sait à quel moment précis et de quelle mort il va mourir , — une fille , à les traits fatigués , est reconnue .","à le ADJ NC , parmi ce NCmod qui ne avoir rien VCOG , mais qui avoir PPAS le NCT ADVLIEU , VSENT par ce NCSENT ADJ de le NCmod vers un autre NC , qui aller INF et qui , ADJ dans le NC , VCOG à quel NC ADJ et de quel NC il aller INF , — un NCo , à le NC VSENT , être VCOG ."
2743,1885_Metenier_La-Chair_N.txt,"C' est la maîtresse d' un assassin , qui a fini ses jours ici deux ans avant !","ce être le NC de un NCmod , qui avoir VASP DETPOSS NCT ADVLIEU NUM NCT PHASE !"
2744,1885_Metenier_La-Chair_N.txt,"... Elle ne manque pas une exécution ... Elle suit d' un regard indéfinissable le fourgon qui s' éloigne , puis elle monte dans sa voiture et part poursuivie par les invectives .","... il ne PRES pas un NCo ... il PRES de un NCMAN ADJ le NC qui se PRES , puis il PRES dans DETPOSS NC et NC PPAS par le NC ."
2745,1885_Metenier_La-Chair_N.txt,"— Va donc , eh !","— NP donc , INTJ !"
2746,1885_Metenier_La-Chair_N.txt,même la crotte !,même le NCmod !
2747,1885_Metenier_La-Chair_N.txt,"Puis tout ce monde s' écoule très calme , pendant que le Greffier de la Cour d' appel se rend à la Mairie de le XIe arrondissement , pour faire rédiger l' acte de décès de le condamné , a décédé ce matin place de la Roquette , à sept heures et démie » .","puis tout ce NCs se PRES très NCSENT , PHASE que le NP de le NCmod de NCmod se PRES à le NC de le ADJ NCmod , pour faire INF le NCo de NCmod de le NCmod , avoir PPAS ce NCT NC de le NCmod , à NUM NCT et NC "" ."
