id,titre,phrase,motifs_phrase
1,1882_Verne_L-Ecole-des-Robinsons_A.txt,"I« Île à vendre , à le comptant , frais en sus , à le plus offrant et dernier enchérisseur !","NP NP à INF , à le NC , ADJ en NC , à le plus ADJ et ADJ NCo !"
2,1882_Verne_L-Ecole-des-Robinsons_A.txt,"» redisait coup sur coup , sans reprendre haleine , Dean Felporg , commissaire priseur de l' « auction » , où se débattaient les conditions de cette vente singulière .« Île à vendre !",""" VIMP NCo sur NCmod , sans INF NCo , NP NP , NC ADJ de le "" NCmod "" , où se VIMP le NCo de ce NCmod ADJ .« NP à INF !"
3,1882_Verne_L-Ecole-des-Robinsons_A.txt,île à vendre !,NCo à INF !
4,1882_Verne_L-Ecole-des-Robinsons_A.txt,"» répétait d' une voix plus éclatante encore le crieur Gingrass , qui allait et venait à le milieu d' une foule véritablement très excitée.Foule , en effet , qui se pressait dans la vaste salle de l' hôtel de les ventes , à le numéro 10 de la rue Sacramento .",""" VIMP de un NCMAN plus ADJ encore le NC NP , qui aller et venir à le milieu de un NCmod ADVINT très NP , en NC , qui se VIMP dans le ADJ NC de le NCmod de le NCmod , à le NCmod NUM de le NCmod NP ."
5,1882_Verne_L-Ecole-des-Robinsons_A.txt,"Il y avait là , non seulement un certain nombre d' Américains de les États de Californie , de l' Oregon , de l' Utah , mais aussi quelques -uns de ces Français qui forment un bon sixième de la population , de les Mexicains enveloppés de leur sarape , de les Chinois avec leur tunique à larges manches , leurs souliers pointus , leur bonnet en cône , de les Canaques de l' Océanie , même quelques Pieds-Noirs , Gros-Ventres ou Têtes-Plates , accourus de les bords de la rivière Trinité.Hâtons -nous d' ajouter que la scène se passait dans la capitale de l' État californien , à San Francisco , mais non à cette époque où l' exploitation de les nouveaux placers attirait les chercheurs d' or de les deux mondes – de 1849 à 1852 .","il y avoir ADVLIEU , non seulement un ADJ NCo de NCmod de le NP de NP , de le NP , de le NP , mais aussi quelque NC de ce NCmod qui PRES un NCo ADJ de le NCmod , de le NC PPAS de lui NC , de le NP avec lui NCmod à NCmod ADJ , DETPOSS NC ADJ , lui NC en NCmod , de le NP de le NP , même quelque NC , NP ou NP , PPAS de le NC de le NCmod NP nous de INF que le NCs se VIMP dans le NC de le NCmod ADJ , à NP NP , mais non à ce NC où le NCs de le ADJ NCmod VIMP le NCo de NCmod de le NUM NCmod – de NUM à NUM ."
6,1882_Verne_L-Ecole-des-Robinsons_A.txt,"San Francisco n' était plus ce qu' elle avait été à le début , un caravansérail , un débarcadère , une auberge , où couchaient pour une nuit les affairés qui se hâtaient vers les terrains aurifères de le versant occidental de la Sierra Nevada .","NP NP ne être plus ce que il avoir être à le NC , un NC , un NC , un NC , où VIMP pour un NCT le NCo qui se VIMP vers le NC ADJ de le NCmod ADJ de le NP NP ."
7,1882_Verne_L-Ecole-des-Robinsons_A.txt,"Non , depuis quelque vingt ans , l' ancienne et inconnue Yerba-Buena avait fait place à une ville unique en son genre , riche de cent mille habitants , bâtie à le revers de deux collines , la place lui ayant manqué sur la plage de le littoral , mais toute disposée à s' étendre jusqu' à les dernières hauteurs de l' arrière-plan – une cité , enfin , qui a détrôné Lima , Santiago , Valparaiso , toutes ses autres rivales de l' ouest , dont les Américains ont fait la reine de le Pacifique , la « gloire de la côte occidentale » !","non , depuis quelque NUM NCT , le ADJ et ADJ NP avoir faire NCo à un NC ADJ en DETPOSS NC , ADJ de NUM NUM NC , NC à le NCmod de NUM NCmod , le NC lui avoir PPAS sur le NC de le NCmod , mais tout PPAS à se INF jusque à le ADJ NC de le NCmod – un NC , PHASE , qui avoir PPAS NP , NP , NP , tout DETPOSS autre NC de le NCmod , dont le NCs avoir faire le NCo de le NP , le "" NCo de le NCmod ADJ "" !"
8,1882_Verne_L-Ecole-des-Robinsons_A.txt,"Ce jour -là – 15 mai – , il faisait encore froid .","ce NCT ADVLIEU – NUM MOIS – , il faire encore ADJ ."
9,1882_Verne_L-Ecole-des-Robinsons_A.txt,"En ce pays , soumis directement à l' action de les courants polaires , les premières semaines de ce mois rappellent plutôt les dernières semaines de mars dans l' Europe moyenne .","en ce NC , PPAS ADV à le NC de le NCmod ADJ , le ADJ NCs de ce NCT PRES plutôt le ADJ NCo de MOIS dans le NP ADJ ."
10,1882_Verne_L-Ecole-des-Robinsons_A.txt,"Pourtant on ne s' en serait pas aperçu , à le fond de cette salle d' encans publics .","pourtant on ne se en être pas PPAS , à le NC de ce NCmod de NCmod ADJ ."
11,1882_Verne_L-Ecole-des-Robinsons_A.txt,"La cloche , avec son branle incessant , y avait appelé un grand concours de populaire , et une température estivale faisait perler à le front de chacun de les gouttes de sueur que le froid de le dehors eût vite solidifiées .Ne pensez pas que tous ces empressés fussent venus à la salle de les « auctions » dans l' intention d' acquérir .","le NCs , avec DETPOSS NCmod ADJ , y avoir PPAS un ADJ NCo de ADJ , et un NCs ADJ faire INF à le NCCOR de chacun de le NCmod de NCmod que le NCspas de le NCmod avoir ADV PPAS NP VCOG pas que tout ce NCs VSUBP venir à le NC de le "" NCmod "" dans le NC de INF ."
12,1882_Verne_L-Ecole-des-Robinsons_A.txt,Je dirai même qu' il n' y avait là que de les curieux .,je VF même que il ne y avoir ADVLIEU que de le NC .
13,1882_Verne_L-Ecole-des-Robinsons_A.txt,"Qui aurait été assez fou , s' il eût été assez riche , pour acheter une île de le Pacifique , que le gouvernement avait la bizarre idée de mettre en vente ?","qui avoir être ADV ADJ , si il avoir être ADV ADJ , pour INF un NCo de le NP , que le NCs avoir le ADJ NCo de mettre en NC ?"
14,1882_Verne_L-Ecole-des-Robinsons_A.txt,"On se disait donc que la mise à prix ne serait pas couverte , qu' aucun amateur ne se laisserait entraîner à le feu de les enchères .","on se VDIC donc que le NCspas à NCmod ne être pas PPAS , que aucun NCs ne se laisser INF à le NC de le NCmod ."
15,1882_Verne_L-Ecole-des-Robinsons_A.txt,"Cependant ce n' était pas la faute à le crieur public , qui tentait d' allumer les chalands par ses exclamations , ses gestes et le débit de ses boniments enguirlandés de les plus séduisantes métaphores .","cependant ce ne être pas le NC à le NCmod ADJ , qui VIMP de INF le NCo par DETPOSS NC , DETPOSS NC et le NC de DETPOSS NCmod PPAS de le plus ADJ NC ."
16,1882_Verne_L-Ecole-des-Robinsons_A.txt,"On riait , mais on ne poussait pas .","on VIMP , mais on ne VIMP pas ."
17,1882_Verne_L-Ecole-des-Robinsons_A.txt,– Une île !,– un NC !
18,1882_Verne_L-Ecole-des-Robinsons_A.txt,une île à vendre !,un NCs à INF !
19,1882_Verne_L-Ecole-des-Robinsons_A.txt,répéta Gingrass .,VPS NP .
20,1882_Verne_L-Ecole-des-Robinsons_A.txt,"– Mais pas à acheter , répondit un Irlandais , dont la poche n' eût pas fourni de quoi en payer un seul galet .","– mais pas à INF , VDIC un NCo , dont le NCs ne avoir pas PPAS de quoi en INF un ADJ NCo ."
21,1882_Verne_L-Ecole-des-Robinsons_A.txt,"– Une île qui , sur la mise à prix , ne reviendrait pas à six dollars l' acre !","– un NCs qui , sur le NC à NCmod , ne VCOND pas à NUM NC le NCo !"
22,1882_Verne_L-Ecole-des-Robinsons_A.txt,cria le commissaire Dean Felporg .,VDIC le NCo NP NP .
23,1882_Verne_L-Ecole-des-Robinsons_A.txt,– Et qui ne rapporterait pas un demi-quart pour cent !,– et qui ne VCOND pas un NCo pour NUM !
24,1882_Verne_L-Ecole-des-Robinsons_A.txt,"riposta un gros fermier , très connaisseur en fait d' exploitations agricoles .","VPS un ADJ NCo , très NCmod en NCmod de NCmod ADJ ."
25,1882_Verne_L-Ecole-des-Robinsons_A.txt,– Une île qui ne mesure pas moins de soixante-quatre millesCent vingt kilomètres .,– un NC qui ne PRES pas moins de NUM ADV NUM NC .
26,1882_Verne_L-Ecole-des-Robinsons_A.txt,de tour et deux cent vingt-cinq mille acres de surfaceQuatre-vingt-dix mille hectares .,de NC et NUM NUM NUM NUM NC de NP NUM NC .
27,1882_Verne_L-Ecole-des-Robinsons_A.txt,!– Est -elle à le moins solide sur son fond ?,!– être il à le moins ADJ sur DETPOSS NC ?
28,1882_Verne_L-Ecole-des-Robinsons_A.txt,"demanda un Mexicain , vieil habitué de les bars , et dont la solidité personnelle semblait être fort contestable en ce moment .","VPS un NP , ADJ NC de le NCmod , et dont le NCs ADJ sembler être fort ADJ en ce NC ."
29,1882_Verne_L-Ecole-des-Robinsons_A.txt,"– Une île avec forêts encore vierges , répéta le crieur , avec prairies , collines , cours d' eau…– Garantis ?","– un NCs avec NCmod encore ADJ , VPS le NCo , avec NC , NC , NC de NP NP ?"
30,1882_Verne_L-Ecole-des-Robinsons_A.txt,"s' écria un Français , qui paraissait peu disposé à se laisser prendre à l' amorce .","se VDIC un NCo , qui paraître peu PPAS à se laisser INF à le NC ."
31,1882_Verne_L-Ecole-des-Robinsons_A.txt,– Oui !,– oui !
32,1882_Verne_L-Ecole-des-Robinsons_A.txt,garantis !,NCs !
33,1882_Verne_L-Ecole-des-Robinsons_A.txt,"répondait le commissaire Felporg , trop vieux dans le métier pour s' émouvoir de les plaisanteries de le public .","VDIC le NCs NP , trop ADJ dans le NC pour se VSENT de le NC de le NCmod ."
34,1882_Verne_L-Ecole-des-Robinsons_A.txt,– Deux ans ?– Jusqu' à la fin de le monde .,– NUM NCT ?– jusque à le NC de le NCmod .
35,1882_Verne_L-Ecole-des-Robinsons_A.txt,– Et même au-delà !– Une île en toute propriété !,– et même ADV !– un NC en tout NCmod !
36,1882_Verne_L-Ecole-des-Robinsons_A.txt,reprit le crieur .,VPS le NCo .
37,1882_Verne_L-Ecole-des-Robinsons_A.txt,"Une île sans un seul animal malfaisant , ni fauves , ni reptiles !","un NC sans un ADJ NCmod ADJ , ni ADJCOL , ni NC !"
38,1882_Verne_L-Ecole-des-Robinsons_A.txt,…– Ni oiseaux ?,…– Ni NCs ?
39,1882_Verne_L-Ecole-des-Robinsons_A.txt,ajouta un loustic. – Ni insectes ?,VPS un NCo – Ni NC ?
40,1882_Verne_L-Ecole-des-Robinsons_A.txt,s' écria un autre .,se VDIC un autre .
41,1882_Verne_L-Ecole-des-Robinsons_A.txt,– Une île à le plus offrant !,– un NCs à le plus ADJ !
42,1882_Verne_L-Ecole-des-Robinsons_A.txt,reprit de plus belle Dean Felporg .,VPS de plus ADJ NP NP .
43,1882_Verne_L-Ecole-des-Robinsons_A.txt,"Allons , citoyens !","ADJ , ADJ !"
44,1882_Verne_L-Ecole-des-Robinsons_A.txt,Un peu de courage à la poche !,un peu de NCmod à le NCmod !
45,1882_Verne_L-Ecole-des-Robinsons_A.txt,"Qui veut d' une île en bon état , n' ayant presque pas servi , une île de le Pacifique , de cet océan de les océans ?","qui vouloir de un NC en ADJ NCmod , ne avoir presque pas PPAS , un NCo de le NP , de ce NCmod de le NCmod ?"
46,1882_Verne_L-Ecole-des-Robinsons_A.txt,Sa mise à prix est pour rien !,DETPOSS NCs à NCmod être pour rien !
47,1882_Verne_L-Ecole-des-Robinsons_A.txt,Onze cent mille dollarsCinq millions cinq cent mille francs .,NP NUM NUM NUM NCs cinq PRES NUM NCo .
48,1882_Verne_L-Ecole-des-Robinsons_A.txt,"À onze cent mille dollars , y a -t -il marchand ?","à NUM NUM NUM NC , y avoir t il NC ?"
49,1882_Verne_L-Ecole-des-Robinsons_A.txt,… Qui parle ?,… qui PRES ?
50,1882_Verne_L-Ecole-des-Robinsons_A.txt,"… Est -ce vous , monsieur ?","… être ce vous , monsieur ?"
51,1882_Verne_L-Ecole-des-Robinsons_A.txt,Est -ce vous là-bas … vous qui remuez la tête comme un mandarin de porcelaine ?,être ce vous ADVLIEU … vous qui PRES le NCCOR comme un NC de NCmod ?
52,1882_Verne_L-Ecole-des-Robinsons_A.txt,… J' ai une île !,… je avoir un NCo !
53,1882_Verne_L-Ecole-des-Robinsons_A.txt,… Voilà une île !,… voilà un NCo !
54,1882_Verne_L-Ecole-des-Robinsons_A.txt,… Qui veut d' une île ?– Passez l' objet !,… qui vouloir de un NC ?– IMP le NCo !
55,1882_Verne_L-Ecole-des-Robinsons_A.txt,"dit une voix , comme s' il se fût agi d' un tableau ou d' une potiche .","VDIC un NCMAN , comme si il se être PPAS de un NC ou de un NC ."
56,1882_Verne_L-Ecole-des-Robinsons_A.txt,"Et toute la salle d' éclater de rire , mais sans que la mise à prix fût couverte même d' un demi-dollar.Cependant , si l' objet en question ne pouvait passer de main en main , le plan de l' île avait été tenu à la disposition de le public .","et tout le NC de INF de INF , mais sans que le NCspas à NCmod être PPAS même de un NC , si le NCs en NCmod ne pouvoir INF de NCCOR en NCCOR , le NCspas de le NCmod avoir être PPAS à le NC de le NCmod ."
57,1882_Verne_L-Ecole-des-Robinsons_A.txt,Les amateurs devaient savoir à quoi s' en tenir sur ce morceau de le globe mis en adjudication .,le NCs devoir VCOG à quoi se en INF sur ce NC de le NCmod mettre en NC .
58,1882_Verne_L-Ecole-des-Robinsons_A.txt,"Aucune surprise n' était à craindre , aucune déconvenue .","aucun NCSENT ne être à VSENT , aucun NC ."
59,1882_Verne_L-Ecole-des-Robinsons_A.txt,"Situation , orientation , disposition de les terrains , relief de le sol , réseau hydrographique , climatologie , liens de communication , tout était facile à vérifier d' avance .","NC , NC , NC de le NCmod , NC de le NCmod , NC ADJ , NC , NC de NCmod , tout être ADJ à INF de NC ."
60,1882_Verne_L-Ecole-des-Robinsons_A.txt,"On n' achèterait pas chat en poche , et l' on me croira si j' affirme qu' il ne pouvait y avoir de tromperie sur la nature de la marchandise vendue .","on ne VCOND pas NCo en NCmod , et l' on me VCOG si je VDIC que il ne pouvoir y avoir un NC sur le NCmod de le NCmod PPAS ."
61,1882_Verne_L-Ecole-des-Robinsons_A.txt,"D' ailleurs , les innombrables journaux de les États-Unis , aussi bien ceux de Californie que les feuilles quotidiennes , bi-hebdomadaires , hebdomadaires , bi-mensuelles ou mensuelles , revues , magazines , bulletins , etc. , ne cessaient depuis quelques mois d' attirer l' attention publique sur cette île , dont la licitation avait été autorisée par un vote de le Congrès. Cette île était l' île Spencer , qui se trouve située dans l' ouest-sud-ouest de la baie de San Francisco , à quatre cent soixante milles environ de le littoral californienDeux cent seize lieues terrestres environ .","de ADVLIEU , le ADJ NCs de le NP , aussi bien celui de NP que le NCmod ADJ , ADJ , ADJ , ADJ ou ADJ , NC , NC , NC , etc. , ne VASP depuis quelque NCT de VSENT le NCo ADJ sur ce NC , dont le NCspas avoir être PPAS par un NC de le NP ce NCs être le NC NP , qui se PRES PPAS dans le NC de le NCmod de NP NP , à NUM NUM NUM NC environ de le NCmod NP NUM NUM NC ADJ environ ."
62,1882_Verne_L-Ecole-des-Robinsons_A.txt,", par 32 ° 15 ' de latitude nord , et 142 ° 18 ' de longitude à l' ouest de le méridien de Greenwich.Impossible , d' ailleurs , d' imaginer une position plus isolée , en dehors de tout mouvement maritime ou commercial , bien que l' île Spencer fût à une distance relativement courte et se trouvât pour ainsi dire dans les eaux américaines .",", par NUM ° NUM ' de NCmod NCmod , et NUM ° NUM ' de NCmod à le NCmod de le NCmod de NP , de ADVLIEU , de VCOG un NCo plus PPAS , en NC de tout NCmod ADJ ou ADJ , bien que le NCs NP être à un NC ADVINT ADJ et se VSUBI pour ainsi VDIC dans le NC ADJ ."
63,1882_Verne_L-Ecole-des-Robinsons_A.txt,"Mais là , les courants réguliers , obliquant à le nord ou à le sud , ont ménagé une sorte de lac à les eaux tranquilles , qui est quelquefois désigné sous le nom de « Tournant de Fleurieu » .","mais ADVLIEU , le NCs ADJ , PPRES à le NC ou à le NC , avoir PPAS un sorte de NCmod à le NCmod ADJ , qui être ADVTEMPS PPAS sous le NC de "" PPRES de NP "" ."
64,1882_Verne_L-Ecole-des-Robinsons_A.txt,"C' est à le centre de cet énorme remous , sans direction appréciable , que gît l' île Spencer .","ce être à le NC de ce ADJ NCmod , sans NCmod ADJ , que PRES le NCs NP ."
65,1882_Verne_L-Ecole-des-Robinsons_A.txt,"Aussi , peu de navires passent -ils en vue .","aussi , peu de NC PRES il en NC ."
66,1882_Verne_L-Ecole-des-Robinsons_A.txt,"Les grandes routes de le Pacifique , qui relient le nouveau continent à l' ancien , qu' elles conduisent soit à le Japon soit à la Chine , se déroulent toutes dans une zone plus méridionale .","le ADJ NCs de le NP , qui PRES le ADJ NCo à le ADJ , que il PRES ADV à le NP ADV à le NP , se PRES tout dans un NCmod plus ADJ ."
67,1882_Verne_L-Ecole-des-Robinsons_A.txt,"Les bâtiments à voile trouveraient de les calmes sans fin à la surface de ce Tournant de Fleurieu , et les steamers , qui coupent à le plus court , ne pourraient avoir aucun avantage à le traverser .","le NCs à NCmod VCOND de le NCSENT sans NC à le NC de ce NCmod de NP , et le NC , qui PRES à le plus ADJ , ne pouvoir avoir aucun NCo à le NC ."
68,1882_Verne_L-Ecole-des-Robinsons_A.txt,"Donc , ni les uns ni les autres ne viennent prendre connaissance de l' île Spencer , qui se dresse là comme le sommet isolé de l' une de les montagnes sous-marines de le Pacifique .","donc , ni le un ni le autre ne venir INF NCo de le NCmod NP , qui se PRES ADVLIEU comme le NC PPAS de le un de le NCmod ADJ de le NP ."
69,1882_Verne_L-Ecole-des-Robinsons_A.txt,"Vraiment , pour un homme voulant fuir les bruits de le monde , cherchant la tranquillité dans la solitude , quoi de mieux que cette Islande perdue à quelques centaines de lieues de le littoral !","ADVINT , pour un NC vouloir INF le NCo de le NCmod , PPRES le NCSENT dans le NC , quoi de mieux que ce NP PPAS à quelque NC de NCmod de le NCmod !"
70,1882_Verne_L-Ecole-des-Robinsons_A.txt,"Pour un Robinson volontaire , c' eût été l' idéal de le genre !","pour un NP ADJ , ce avoir être le NC de le NCmod !"
71,1882_Verne_L-Ecole-des-Robinsons_A.txt,"Seulement , il fallait y mettre le prix.Et maintenant , pourquoi les États-Unis voulaient -ils se défaire de cette île ?","seulement , il VIMP y mettre le NCo ADVT , pourquoi le NP vouloir il se INF de ce NC ?"
72,1882_Verne_L-Ecole-des-Robinsons_A.txt,Était -ce une fantaisie ?,être ce un NC ?
73,1882_Verne_L-Ecole-des-Robinsons_A.txt,Non .,non .
74,1882_Verne_L-Ecole-des-Robinsons_A.txt,Une grande nation ne peut agir par caprice comme un simple particulier .,un ADJ NCs ne pouvoir INF par NC comme un ADJ ADJ .
75,1882_Verne_L-Ecole-des-Robinsons_A.txt,"La vérité , la voici : Dans la situation qu' elle occupait , l' île Spencer avait depuis longtemps paru une station absolument inutile .","le NC , le NC : dans le NC que il VIMP , le NCs NP avoir depuis longtemps paraître un NCo ADVINT ADJ ."
76,1882_Verne_L-Ecole-des-Robinsons_A.txt,La coloniser eût été sans résultat pratique .,le NCs avoir être sans NC ADJ .
77,1882_Verne_L-Ecole-des-Robinsons_A.txt,"À le point de vue militaire , elle n' offrait aucun intérêt , puisqu' elle n' aurait commandé qu' une portion absolument déserte de le Pacifique .","à le NC de NCmod ADJ , il ne VIMP aucun NCSENT , puisque il ne avoir PPAS que un NCo ADVINT ADJ de le NP ."
78,1882_Verne_L-Ecole-des-Robinsons_A.txt,"À le point de vue commercial , même insuffisance , puisque ses produits n' auraient pas payé la valeur de le fret , ni à l' aller ni à le retour .","à le NC de NCmod ADJ , même NC , puisque DETPOSS NCs ne avoir pas PPAS le NCo de le NCmod , ni à le NC ni à le NC ."
79,1882_Verne_L-Ecole-des-Robinsons_A.txt,"Y établir une colonie pénitentiaire , elle eût été trop rapprochée de le littoral .","y INF un NCo ADJ , il avoir être trop PPAS de le NC ."
80,1882_Verne_L-Ecole-des-Robinsons_A.txt,"Enfin l' occuper dans un intérêt quelconque , besogne beaucoup trop dispendieuse .","PHASE le INF dans un NCSENT ADJ , NC beaucoup trop ADJ ."
81,1882_Verne_L-Ecole-des-Robinsons_A.txt,"Aussi demeurait -elle déserte depuis un temps immémorial , et le Congrès , composé d' hommes « éminemment pratiques » , avait -il résolu de mettre cette île Spencer en adjudication – à une condition , toutefois , c' est que l' adjudicataire fût un citoyen de la libre Amérique.Seulement , cette île , on ne voulait pas la donner pour rien .","aussi VCOND il PPAS depuis un temps ADJ , et le NP , PPAS de NC "" ADVINT ADJ "" , avoir il PPAS de mettre ce NCo NP en NC – à un NC , ADV , ce être que le NCs être un NC de le NCmod ADV , ce NC , on ne vouloir pas le INF pour rien ."
82,1882_Verne_L-Ecole-des-Robinsons_A.txt,Aussi la mise à prix avait -elle été fixée à onze cent mille dollars .,aussi le NCspas à NCmod avoir il être PPAS à NUM NUM NUM NC .
83,1882_Verne_L-Ecole-des-Robinsons_A.txt,"Cette somme , pour une société financière qui eût mis en actions l' achat et l' exploitation de cette propriété , n' aurait été qu' une bagatelle , si l' affaire eût offert quelques avantages ; mais , on ne saurait trop le répéter , elle n' en offrait aucun ; les hommes compétents ne faisaient pas plus cas de ce morceau détaché de les États-Unis que d' un îlot perdu dans les glaces de le pôle .","ce NCs , pour un NCmod ADJ qui avoir mettre en NC le NCo et le NC de ce NCmod , ne avoir être que un NC , si le NCs avoir PPAS quelque NCo ; mais , on ne VCOND trop le INF , il ne en VIMP aucun ; le NCs ADJ ne faire pas plus NCo de ce NCmod PPAS de le NP que de un NC PPAS dans le NC de le NCmod ."
84,1882_Verne_L-Ecole-des-Robinsons_A.txt,"Toutefois , pour un particulier , la somme ne laissait pas d' être considérable .","ADV , pour un NC , le NCs ne laisser pas de être ADJ ."
85,1882_Verne_L-Ecole-des-Robinsons_A.txt,"Il fallait donc être riche , pour se payer cette fantaisie , qui , en aucun cas , ne pouvait rapporter un centième pour cent !","il VIMP donc être ADJ , pour se INF ce NCo , qui , en aucun NC , ne pouvoir INF un NCo pour NUM !"
86,1882_Verne_L-Ecole-des-Robinsons_A.txt,"Il fallait même être immensément riche , car l' affaire ne devait se traiter qu' à le comptant , « cash » , suivant l' expression américaine , et il est certain que , même à les États-Unis , ils sont encore rares les citoyens qui ont onze cent mille dollars , comme argent de poche , à jeter à l' eau sans espoir de retour.Et pourtant le Congrès était bien décidé à ne pas vendre au-dessous de ce prix .","il VIMP même être ADVINT ADJ , car le NCs ne devoir se INF que à le NC , "" NC "" , PPRES le NCo ADJ , et il être ADJ que , même à le NP , il être encore ADJ le NC qui avoir NUM NUM NUM NCo , comme NCmod de NCmod , à INF à le NC sans NCSENT de NP ADV le NCspas être bien PPAS à ne pas INF ADVLIEU de ce NC ."
87,1882_Verne_L-Ecole-des-Robinsons_A.txt,Onze cent mille dollars !,NP NUM NUM NC !
88,1882_Verne_L-Ecole-des-Robinsons_A.txt,Pas un centEnviron un sou de monnaie française .,pas un NP un NC de NCmod ADJ .
89,1882_Verne_L-Ecole-des-Robinsons_A.txt,"de moins , ou l' île Spencer resterait la propriété de l' Union.On devait donc supposer qu' aucun acquéreur ne serait assez fou pour y mettre un tel prix.Il était , d' ailleurs , expressément réservé que le propriétaire , s' il s' en présentait jamais un , ne serait pas roi de l' île Spencer , mais président de république .","de moins , ou le NC NP VCOND le NCo de le NP devoir donc VCOG que aucun NCs ne être ADV ADJ pour y mettre un tel NP être , de ADVLIEU , ADV PPAS que le NCs , si il se en VIMP ADVTEMPS un , ne être pas NCo de le NCmod NP , mais NC de NCmod ."
90,1882_Verne_L-Ecole-des-Robinsons_A.txt,"Il n' aurait aucunement le droit d' avoir de les sujets , mais seulement de les concitoyens , qui le nommeraient pour un temps déterminé , quitte à le réélire indéfiniment .","il ne avoir aucunement le NCo de avoir de le NC , mais seulement de le NC , qui le VCOND pour un temps ADJ , ADJ à le NC ADV ."
91,1882_Verne_L-Ecole-des-Robinsons_A.txt,"En tout cas , il lui serait interdit de faire souche de monarques .","en tout NC , il lui être PPAS de faire NCo de NCmod ."
92,1882_Verne_L-Ecole-des-Robinsons_A.txt,"Jamais l' Union n' eût toléré la fondation d' un royaume , si petit qu' il fût , dans les eaux américaines. Cette réserve était peut-être de nature à éloigner quelque millionnaire ambitieux , quelque nabab déchu , qui aurait voulu rivaliser avec les rois sauvages de les Sandwich , de les Marquises , de les Pomotou ou autres archipels de l' océan Pacifique.Bref , pour une raison ou pour une autre , personne ne se présentait .","ADVTEMPS le NCs ne avoir PPAS le NCo de un NCmod , si ADJ que il être , dans le NC américaines. ce NCs être peut-être de NC à INF quelque NCo ADJ , quelque NC ADJ , qui avoir vouloir INF avec le NC ADJ de le NP , de le NP , de le NP ou autre NC de le NCmod ADJ , pour un NC ou pour un autre , personne ne se VIMP ."
93,1882_Verne_L-Ecole-des-Robinsons_A.txt,"L' heure s' avançait , le crieur s' essoufflait à provoquer les enchères , le commissaire priseur usait son organe , sans obtenir un seul de ces signes de tête que ces estimables agents sont si perspicaces à découvrir , et la mise à prix n' était pas même en discussion.Il faut dire , cependant , que , si le marteau ne se lassait pas de se lever au-dessus de le bureau , la foule ne se lassait pas d' attendre .","le NCT se VIMP , le NCs se VIMP à INF le NCo , le NCs ADJ VIMP DETPOSS NCo , sans INF un ADJ de ce NCmod de NCCOR que ce ADJ NCs être si ADJ à VCOG , et le NCs à NCmod ne être pas même en NP PRES VDIC , cependant , que , si le NCs ne se VSENT pas de se INF ADVLIEU de le NC , le NCs ne se VSENT pas de INF ."
94,1882_Verne_L-Ecole-des-Robinsons_A.txt,"Les plaisanteries continuaient à se croiser , les quolibets ne cessaient de circuler à la ronde .","le NCs VIMP à se INF , le NCs ne VASP de INF à le NC ."
95,1882_Verne_L-Ecole-des-Robinsons_A.txt,"Ceux-ci offraient deux dollars de l' île , frais compris .","celui-ci VIMP NUM NCo de le NCmod , NC VCOG ."
96,1882_Verne_L-Ecole-des-Robinsons_A.txt,Ceux -là demandaient de le retour pour s' en rendre acquéreurs .,celui ADVLIEU VIMP de le NC pour se en INF NC .
97,1882_Verne_L-Ecole-des-Robinsons_A.txt,Et toujours les vociférations de le crieur : « Île à vendre !,"et ADVTEMPS le NC de le NCmod : "" NP à INF !"
98,1882_Verne_L-Ecole-des-Robinsons_A.txt,Île à vendre !,NP à INF !
99,1882_Verne_L-Ecole-des-Robinsons_A.txt,» Et personne pour acheter .,""" et PRES pour INF ."
100,1882_Verne_L-Ecole-des-Robinsons_A.txt,"– Garantissez -vous qu' il s' y trouve de les « flatsNom que prennent les terrains bas , lorsqu' ils contiennent de les dépôts d' alluvions aurifères .","– IMP vous que il se y VSUBP de le "" NC que PRES le NCs ADJ , lorsque il PRES de le NC de NCmod ADJ ."
101,1882_Verne_L-Ecole-des-Robinsons_A.txt,"» demanda l' épicier Stumpy , de Merchant-Street .",""" VPS le NCo NP , de NP ."
102,1882_Verne_L-Ecole-des-Robinsons_A.txt,"– Non , répondit le commissaire priseur , mais il n' est pas impossible qu' il y en ait , et l' État abandonne à l' acquéreur tous ses droits sur ces terrains aurifères .","– non , VDIC le NCs ADJ , mais il ne être pas ADJ que il y en avoir , et le NCs PRES à le NC tout DETPOSS NC sur ce NCmod ADJ ."
103,1882_Verne_L-Ecole-des-Robinsons_A.txt,– Y a -t -il à le moins un volcan ?,– y avoir t il à le moins un NCo ?
104,1882_Verne_L-Ecole-des-Robinsons_A.txt,"demanda Oakhurst , le cabaretier de la rue Montgomery .","VPS NP , le NC de le NCmod NP ."
105,1882_Verne_L-Ecole-des-Robinsons_A.txt,"– Non , pas de volcan , répliqua Dean Felporg ; sans cela , ce serait plus cher !","– non , pas un NCs , VPS NP NP ; sans cela , ce être plus ADJ !"
106,1882_Verne_L-Ecole-des-Robinsons_A.txt,Un immense éclat de rire suivit cette réponse .,un ADJ NCs de NCMAN VPS ce NCo .
107,1882_Verne_L-Ecole-des-Robinsons_A.txt,– Île à vendre !,– NP à INF !
108,1882_Verne_L-Ecole-des-Robinsons_A.txt,île à vendre !,NC à INF !
109,1882_Verne_L-Ecole-des-Robinsons_A.txt,"hurlait Gingrass , dont les poumons se fatiguaient en pure perte .","VDIC NP , dont le NCCOR se VSENT en NC ADJ ."
110,1882_Verne_L-Ecole-des-Robinsons_A.txt,"– Rien qu' un dollar , rien qu' un demi-dollar , rien qu' un cent au-dessus de la mise à prix , dit une dernière fois le commissaire priseur , et j' adjuge !","– ADJ que un NC , rien que un NCs , rien que un PRES ADVLIEU de le NC à NCmod , VDIC un ADJ fois le NCo ADJ , et je PRES !"
111,1882_Verne_L-Ecole-des-Robinsons_A.txt,Une fois !,un fois !
112,1882_Verne_L-Ecole-des-Robinsons_A.txt,… Deux fois !,… NUM fois !
113,1882_Verne_L-Ecole-des-Robinsons_A.txt,…Silence complet .,NC ADJ .
114,1882_Verne_L-Ecole-des-Robinsons_A.txt,"– Si personne ne dit mot , l' adjudication va être retirée !","– si personne ne VDIC NC , le NCs aller être PPAS !"
115,1882_Verne_L-Ecole-des-Robinsons_A.txt,…Une fois !,NUM fois !
116,1882_Verne_L-Ecole-des-Robinsons_A.txt,… Deux fois !,… NUM fois !
117,1882_Verne_L-Ecole-des-Robinsons_A.txt,…– Douze cent mille dollars !,…– NP PRES NUM NCo !
118,1882_Verne_L-Ecole-des-Robinsons_A.txt,"Ces quatre mots retentirent , à le milieu de la salle , comme les quatre coups d' un revolver .","ce NUM NCs VPS , à le milieu de le NCmod , comme le NUM NC de un NCmod ."
119,1882_Verne_L-Ecole-des-Robinsons_A.txt,"Toute l' assemblée , muette un instant , se retourna vers l' audacieux , qui avait osé jeter ce chiffre … C' était William W. Kolderup , de San Francisco.IIIl était une fois un homme extraordinairement riche , qui comptait par millions de dollars comme d' autres comptent par milliers .","tout le NCs , PRES un NCo , se VPS vers le NC , qui avoir PPAS INF ce NCo … ce être NP NP NP , de NP NP être un fois un NC ADV ADJ , qui VIMP par NC de NCmod comme un autre PRES par NC ."
120,1882_Verne_L-Ecole-des-Robinsons_A.txt,"C' était William W. Kolderup.On le disait plus riche que le duc de Westminster , dont le revenu s' élève à huit cent mille livres , et qui peut dépenser cinquante mille francs par jour , soit trente-six francs par minute – plus riche que le sénateur Jones , de Nevada , qui possède trente-cinq millions de rentes – , plus riche que M. Mackay lui-même , à lequel ses deux millions sept cent cinquante mille livres de rente annuelle assurent sept mille huit cents francs par heure , ou deux francs et quelques centimes par seconde.Je ne parle pas de ces petits millionnaires , les Rothschild , les Van Der Bilt , les ducs de Northumberland , les Stewart ; ni de les directeurs de la puissante banque de Californie et autres personnages bien rentés de l' ancien et de le nouveau monde , à lesquels William W. Kolderup eût été en situation de pouvoir faire l' aumône .","ce être NP NP NP le VDIC plus ADJ que le NC de NP , dont le NCs se PRES à NUM NUM NUM NCo , et qui pouvoir INF NUM NUM NCo par NCT , ADV NUM NC par NCT – plus ADJ que le NC NP , de NP , qui PRES NUM NCo de NCmod – , plus ADJ que monsieur NP soi-même , à lequel DETPOSS NUM NCs NUM NUM NUM NUM NC de NCmod ADJ PRES NUM NUM NUM NCo ADJ par NCT , ou NUM NC et quelque NCs par NP ne PRES pas de ce ADJ NC , le NP , le NP NP NP , le NC de NP , le NP ; ni de le NCs de le ADJ NCmod de NP et autre NC bien PPAS de le ADJ et de le ADJ NC , à lequel NP NP NP avoir être en NC de pouvoir faire le NCo ."
121,1882_Verne_L-Ecole-des-Robinsons_A.txt,"Il aurait , sans se gêner , donné un million , comme vous ou moi nous donnerions cent sous .","il avoir , sans se VSENT , PPAS un NCo , comme vous ou soi nous VIMP NUM NC ."
122,1882_Verne_L-Ecole-des-Robinsons_A.txt,C' était dans l' exploitation de les premiers placers de la Californie que cet honorable spéculateur avait jeté les solides fondements de son incalculable fortune .,ce être dans le NC de le ADJ NCmod de le NP que ce ADJ NCs avoir PPAS le ADJ NCo de DETPOSS ADJ NCmod .
123,1882_Verne_L-Ecole-des-Robinsons_A.txt,"Il fut le principal associé de le capitaine suisse Sutter , sur les terrains de lequel , en 1848 , fut découvert le premier filon .","il être le NCspas PPAS de le NC ADJ NP , sur le NC de lequel , en NUM , être VCOG le ADJ NCo ."
124,1882_Verne_L-Ecole-des-Robinsons_A.txt,"Depuis cette époque , chance et intelligence aidant , on le trouve intéressé dans toutes les grandes exploitations de les deux mondes .","depuis ce NC , NC et NC ADJ , on le PRES VSENT dans tout le ADJ NC de le NUM NCmod ."
125,1882_Verne_L-Ecole-des-Robinsons_A.txt,Il se jeta alors hardiment à travers les spéculations de le commerce et de l' industrie .,il se VPS alors ADVMAN à travers le NC de le NCmod et de le NC .
126,1882_Verne_L-Ecole-des-Robinsons_A.txt,"Ses fonds inépuisables alimentèrent de les centaines d' usines , ses navires en exportèrent les produits dans l' univers entier .","DETPOSS NCs ADJ VPS de le NC de NCmod , DETPOSS NCs en VPS le NCo dans le NC ADJ ."
127,1882_Verne_L-Ecole-des-Robinsons_A.txt,"Sa richesse s' accrut donc dans une progression non seulement arithmétique , mais géométrique .","DETPOSS NCs se VPS donc dans un NC non seulement ADJ , mais ADJ ."
128,1882_Verne_L-Ecole-des-Robinsons_A.txt,"On disait de lui ce que l' on dit généralement de ces « milliardaires » , qu' il ne connaissait pas sa fortune .","on VDIC de lui ce que l' on VDIC ADVTEMPS de ce "" NC "" , que il ne VIMP pas DETPOSS NCo ."
129,1882_Verne_L-Ecole-des-Robinsons_A.txt,"En réalité , il la connaissait à un dollar près , mais il ne s' en vantait guère.Au moment où nous le présentons à nos lecteurs avec tous les égards que mérite un homme de « tant de surface » , William W. Kolderup comptait deux mille comptoirs , répartis sur tous les points de le globe ; quatre-vingt mille employés dans ses divers bureaux d' Amérique , d' Europe et d' Australie ; trois cent mille correspondants ; une flotte de cinq cents navires qui couraient incessamment les mers à son profit , et il ne dépensait pas moins d' un million par an rien qu' en timbres d' effets et ports de lettres .","en NC , il le VIMP à un NC ADVLIEU , mais il ne se en VIMP NP NCmod où nous le PRES à DETPOSS NC avec tout le NC que PRES un NCs de "" tant de NC "" , NP NP NP VIMP NUM NUM NCo , PPAS sur tout le NC de le NCmod ; NUM NUM PPAS dans DETPOSS ADJ NC de NP , de NP et de NP ; NUM NUM NUM NC ; un NC de NUM ADJ NCmod qui VIMP ADV le NCo à DETPOSS NCmod , et il ne VIMP pas moins de NUM NC par NCT rien que en NCmod de NCmod et NC de NCmod ."
130,1882_Verne_L-Ecole-des-Robinsons_A.txt,"Enfin c' était l' honneur et la gloire de l' opulente Frisco – petit nom d' amitié que les Américains donnent familièrement à la capitale de la Californie.Une enchère , jetée par William W. Kolderup , ne pouvait donc être qu' une enchère de les plus sérieuses .","PHASE ce être le NCSENT et le NC de le NCmod NP – ADJ NC de NCmod que le NCs PRES ADVMAN à le NC de le NP ADJ , PPAS par NP NP NP , ne pouvoir donc être que un NC de le plus ADJ ."
131,1882_Verne_L-Ecole-des-Robinsons_A.txt,"Aussi , lorsque les spectateurs de l' « auction » eurent reconnu celui qui venait de couvrir , avec cent mille dollars , la mise à prix de l' île Spencer , il se fit un mouvement irrésistible , les plaisanteries cessèrent à l' instant , les quolibets firent place à de les interjections admiratives , de les hurrahs éclatèrent dans la salle de vente.Puis un grand silence succéda à ce brouhaha .","aussi , lorsque le NCs de le "" NCmod "" avoir VCOG celui qui venir de INF , avec NUM NUM NC , le NCo à NCmod de le NCmod NP , il se faire un NCo ADJ , le NCs VASP à le NC , le NCs faire NCo à un le NC ADJ , de le NCmod VPS dans le NC de NP un ADJ NCo VPS à ce NC ."
132,1882_Verne_L-Ecole-des-Robinsons_A.txt,"Les yeux s' agrandirent , les oreilles se dressèrent .","le NCCOR se VPS , le NCCOR se VPS ."
133,1882_Verne_L-Ecole-des-Robinsons_A.txt,"Pour notre part , si nous avions été là , notre souffle se serait arrêté , afin de ne rien perdre de l' émouvante scène qui allait se dérouler , si quelque autre amateur osait entrer en lutte avec William W. Kolderup.Mais était -ce probable ?","pour DETPOSS NC , si nous avoir être ADVLIEU , DETPOSS NCs se être PPAS , ADV de ne rien INF de le NC ADJ qui aller se INF , si quelque autre NCs VIMP INF en NC avec NP NP NP être ce ADJ ?"
134,1882_Verne_L-Ecole-des-Robinsons_A.txt,Était -ce même possible ?Non !,être ce même ADJ NP !
135,1882_Verne_L-Ecole-des-Robinsons_A.txt,"Et tout d' abord , il suffisait de regarder William W. Kolderup pour se faire cette conviction , qu' il ne céderait jamais dans une question où sa valeur financière serait en jeu .","et tout de NC , il VIMP de VCOG NP NP NP pour se faire ce NCo , que il ne VCOND ADVTEMPS dans un NC où DETPOSS NCs ADJ être en NC ."
136,1882_Verne_L-Ecole-des-Robinsons_A.txt,"C' était un homme grand , fort , tête volumineuse , épaules larges , membres bien attachés , charpente de fer , solidement boulonnée .","ce être un NC ADJ , fort , NCCOR ADJ , NCCOR ADJ , NC bien ADJ , NC de NCmod , ADV PPAS ."
137,1882_Verne_L-Ecole-des-Robinsons_A.txt,"Son regard bon , mais résolu , ne se baissait pas volontiers .","DETPOSS NCMAN ADJ , mais résoloir , ne se VIMP pas ADV ."
138,1882_Verne_L-Ecole-des-Robinsons_A.txt,"Sa chevelure grisonnante « touffait » autour de son crâne , abondante comme à le premier âge .","DETPOSS NCs ADJ "" VIMP "" ADV de DETPOSS NC , NC comme à le ADJ NC ."
139,1882_Verne_L-Ecole-des-Robinsons_A.txt,Les lignes droites de son nez formaient un triangle rectangle géométriquement dessiné .,le NCs ADJ de DETPOSS NCCOR VIMP un NCo ADJ ADV PPAS .
140,1882_Verne_L-Ecole-des-Robinsons_A.txt,Pas de moustaches .,pas de NCCOR .
141,1882_Verne_L-Ecole-des-Robinsons_A.txt,"Une barbe taillée à l' américaine , rudement fournie à le menton , dont les deux pointes supérieures se raccordaient à la commissure de les lèvres , et qui remontait à les tempes en favoris poivre et sel .","un NCCOR PPAS à le NC , ADVMAN PPAS à le NCCOR , dont le NUM NCs ADJ se VIMP à le NC de le NCCOR , et qui VSENT à le NCCOR en NCmod NC et NC ."
142,1882_Verne_L-Ecole-des-Robinsons_A.txt,"De les dents blanches , rangées symétriquement sur les bords d' une bouche fine et serrée .","de le NCCOR ADJCOL , PPAS ADV sur le NC de un NCCOR ADJ et ADJ ."
143,1882_Verne_L-Ecole-des-Robinsons_A.txt,"Une de ces vraies têtes de commodore , qui se redressent dans la tempête et font face à l' orage .","Une de ce vrai NCCOR de NCmod , qui se PRES dans le NC et faire ADV à le NC ."
144,1882_Verne_L-Ecole-des-Robinsons_A.txt,"Aucun ouragan ne l' eût courbée , tant elle était solide sur le cou puissant qui lui servait de pivot .","aucun NCs ne le avoir PPAS , tant il être ADJ sur le NCCOR ADJ qui lui VIMP de NC ."
145,1882_Verne_L-Ecole-des-Robinsons_A.txt,"Dans cette bataille de surenchères , chaque mouvement qu' elle ferait de haut en bas signifierait cent mille dollars de plus.Il n' y avait pas à lutter .","dans ce NC de NCmod , chaque NCs que il faire de NC en NC VCOND NUM NUM NCo de NP ne y avoir pas à INF ."
146,1882_Verne_L-Ecole-des-Robinsons_A.txt,"– Douze cent mille dollars , douze cent mille !","– NP PRES NUM NCo , NUM NUM NUM !"
147,1882_Verne_L-Ecole-des-Robinsons_A.txt,"dit le commissaire priseur , avec l' accent particulier d' un agent qui voit enfin que sa vacation lui sera profitable .","VDIC le NC ADJ , avec le NCmod ADJ de un NCmod qui VCOG PHASE que DETPOSS NCs lui être ADJ ."
148,1882_Verne_L-Ecole-des-Robinsons_A.txt,"– À douze cent mille dollars , il y a marchand !","– à NUM NUM NUM NC , il y avoir NCo !"
149,1882_Verne_L-Ecole-des-Robinsons_A.txt,répéta le crieur Gingrass .,VPS le NCs NP .
150,1882_Verne_L-Ecole-des-Robinsons_A.txt,– Oh !,– INTJ !
151,1882_Verne_L-Ecole-des-Robinsons_A.txt,on peut surenchérir sans crainte !,on pouvoir INF sans NCSENT !
152,1882_Verne_L-Ecole-des-Robinsons_A.txt,"murmura le cabaretier Oakhurst , William Kolderup , ne cédera pas !– Il sait bien que personne ne s' y hasardera !","VF le NCo NP , NP NP , ne VF pas !– il VCOG bien que personne ne se y VF !"
153,1882_Verne_L-Ecole-des-Robinsons_A.txt,répondit l' épicier de Merchant-Street.Des « chut !,"VDIC le NCo de NP "" NC !"
154,1882_Verne_L-Ecole-des-Robinsons_A.txt,» répétés invitèrent les deux honorables commerçants à garder un complet silence .,""" PPAS VPS le NUM ADJ NCo à INF un ADJ NCo ."
155,1882_Verne_L-Ecole-des-Robinsons_A.txt,On voulait entendre .,on vouloir VCOG .
156,1882_Verne_L-Ecole-des-Robinsons_A.txt,Les cœurs palpitaient .,le NCs VIMP .
157,1882_Verne_L-Ecole-des-Robinsons_A.txt,"Une voix oserait -elle s' élever , qui répondrait à la voix de William W. Kolderup ?","un NCMAN VCOND il se INF , qui VDIC à le NCMAN de NP NP NP ?"
158,1882_Verne_L-Ecole-des-Robinsons_A.txt,"Lui , superbe à voir , ne bougeait pas .","il , PRES à VCOG , ne VIMP pas ."
159,1882_Verne_L-Ecole-des-Robinsons_A.txt,"Il restait là , aussi calme que si l' affaire ne l' eût pas intéressé .","il VIMP ADVLIEU , aussi NCSENT que si le NCs ne le avoir pas VSENT ."
160,1882_Verne_L-Ecole-des-Robinsons_A.txt,"Mais – ce que ses voisins pouvaient observer – ses deux yeux étaient comme deux pistolets , chargés de dollars , prêts à faire feu .","mais – ce que DETPOSS NCs pouvoir INF – DETPOSS NUM NCCOR être comme NUM NC , PPAS de NC , NCmod à faire NCo ."
161,1882_Verne_L-Ecole-des-Robinsons_A.txt,– Personne ne dit mot ?,– personne ne VDIC NC ?
162,1882_Verne_L-Ecole-des-Robinsons_A.txt,demanda Dean Felporg.Personne ne dit mot .,VPS NP NP ne VDIC NC .
163,1882_Verne_L-Ecole-des-Robinsons_A.txt,– Une fois !,– un fois !
164,1882_Verne_L-Ecole-des-Robinsons_A.txt,deux fois !,NUM fois !
165,1882_Verne_L-Ecole-des-Robinsons_A.txt,…– Une fois !,…– un fois !
166,1882_Verne_L-Ecole-des-Robinsons_A.txt,"deux fois !… répéta Gingrass , très habitué à ce petit dialogue avec le commissaire .","NUM fois !… VPS NP , très PPAS à ce ADJ NC avec le NC ."
167,1882_Verne_L-Ecole-des-Robinsons_A.txt,"– Je vais adjuger !– Nous allons adjuger !– À douze cent mille dollars l' île Spencer , telle qu' elle se poursuit et comporte !– À douze cent mille dollars !– C' est bien vu ?… bien entendu ?– Il n' y a pas de regret ?– À douze cent mille dollars l' île Spencer !","– je aller INF !– nous aller INF !– à NUM NUM NUM NCmod le NCs NP , tel que il se PRES et PRES !– à NUM NUM NUM NC !– ce être bien VCOG ?… bien VCOG ?– il ne y avoir pas un NCSENT ?– à NUM NUM NUM NC le NCmod NP !"
168,1882_Verne_L-Ecole-des-Robinsons_A.txt,… Les poitrines oppressées se soulevaient et s' abaissaient convulsivement .,… le NCs PPAS se VIMP et se VIMP ADV .
169,1882_Verne_L-Ecole-des-Robinsons_A.txt,"À la dernière seconde , une surenchère allait -elle enfin se produire ?","à le NC ADJ , un NCs aller il PHASE se INF ?"
170,1882_Verne_L-Ecole-des-Robinsons_A.txt,"Le commissaire Felporg , la main droite tendue au-dessus de sa table , agitait le marteau d' ivoire … Un coup , un seul coup , et l' adjudication serait définitive !","le NCs NP , le NCCOR ADJ PPAS ADVLIEU de DETPOSS NC , VIMP le NCo de NCmod … un NC , un ADJ NC , et le NCs être ADJ !"
171,1882_Verne_L-Ecole-des-Robinsons_A.txt,Le public n' eût pas été plus impressionné devant une application sommaire de la loi de Lynch !,le NCspas ne avoir pas être plus PPAS ADVLIEU un NC ADJ de le NCmod de NP !
172,1882_Verne_L-Ecole-des-Robinsons_A.txt,"Le marteau s' abaissa lentement , toucha presque la table , se releva , tremblota un instant , comme une épée qui s' engage à le moment où le tireur va se fendre à fond ; puis il s' abattit rapidement … Mais , avant que le coup sec n' eût été porté , une voix avait fait entendre ces quatre mots :– Treize cent mille dollars !","le NCs se VPS ADV , VPS presque le NCo , se VPS , VPS un NCo , comme un NCmod qui se PRES à le NC où le NCs aller se INF à NC ; puis il se PRES ADVMAN … mais , PHASE que le NCspas ADJ ne avoir être PPAS , un NCMAN avoir faire VCOG ce NUM NCo :– NP NUM NUM NC !"
173,1882_Verne_L-Ecole-des-Robinsons_A.txt,Il y eut un premier « ah !,"il y avoir un ADJ "" INTJ !"
174,1882_Verne_L-Ecole-des-Robinsons_A.txt,"» général de stupéfaction , et un second « ah !",""" NC de NCSENT , et un NC "" NC !"
175,1882_Verne_L-Ecole-des-Robinsons_A.txt,"» non moins général , de satisfaction .",""" non moins ADJ , de NCSENT ."
176,1882_Verne_L-Ecole-des-Robinsons_A.txt,Un surenchérisseur s' était présenté .,un NCs se être PPAS .
177,1882_Verne_L-Ecole-des-Robinsons_A.txt,"Donc il y aurait bataille.Mais quel était ce téméraire qui osait venir lutter à coups de dollars contre William W. Kolderup , de San Francisco ?","donc il y avoir ADV quel être ce NC qui VIMP venir INF à NC de NCmod contre NP NP NP , de NP NP ?"
178,1882_Verne_L-Ecole-des-Robinsons_A.txt,"C' était J.-R. Taskinar , de Stockton .","ce être NP NP , de NP ."
179,1882_Verne_L-Ecole-des-Robinsons_A.txt,"J.-R. Taskinar était riche , mais il était encore plus gros .","NP NP être ADJ , mais il être encore plus ADJ ."
180,1882_Verne_L-Ecole-des-Robinsons_A.txt,Il pesait quatre cent quatre-vingt-dix-livres .,il VIMP NUM NUM NCo .
181,1882_Verne_L-Ecole-des-Robinsons_A.txt,"S' il n' était arrivé que « second » à le dernier concours de les hommes gras de Chicago , c' est qu' on ne lui avait pas laissé le temps d' achever son dîner , et il avait perdu une dizaine de livres.Ce colosse , à lequel il fallait de les sièges spéciaux pour qu' il pût y asseoir son énorme personne , habitait Stockton , sur le San Joachim .","si il ne être PPAS que "" ADJ "" à le ADJ NC de le NCmod ADJ de NP , ce être que on ne lui avoir pas laisser le temps de VASP DETPOSS NCo , et il avoir PPAS un NCo de NP ADJ , à lequel il VIMP de le NC ADJ pour que il VSUBI y INF DETPOSS ADJ NCo , VIMP NP , sur le NP NP ."
182,1882_Verne_L-Ecole-des-Robinsons_A.txt,"C' est là une de les plus importantes villes de la Californie , l' un de les centres d' entrepôts pour les mines de le sud , une rivale de Sacramento , où se concentrent les produits de les mines de le nord .","ce être ADVLIEU un de le plus ADJ NCmod de le NP , le un de le NCmod de NCmod pour le NCmod de le NCmod , un NC de NP , où se PRES le NCs de le NCmod de le NCmod ."
183,1882_Verne_L-Ecole-des-Robinsons_A.txt,"Là , aussi , les navires embarquent la plus grande quantité de le blé californien.Non seulement l' exploitation de les mines et le commerce de les céréales avaient fourni à J.-R. Taskinar l' occasion de gagner une fortune énorme , mais le pétrole avait coulé comme un autre Pactole à travers sa caisse .","ADVLIEU , aussi , le NCs PRES le plus ADJ NCo de le NCmod NP seulement le NC de le NCmod et le NC de le NCmod avoir PPAS à NP NP le NCo de INF un NCo ADJ , mais le NCs avoir PPAS comme un autre NP à travers DETPOSS NC ."
184,1882_Verne_L-Ecole-des-Robinsons_A.txt,"De plus , il était grand joueur , joueur heureux , et le « poker » , la roulette de l' Ouest-Amérique , s' était toujours montré prodigue envers lui de ses numéros pleins .","de plus , il être ADJ NC , NC ADJ , et le "" NC "" , le NC de le NP , se être ADVTEMPS PPAS NCo envers lui de DETPOSS NCmod ADJ ."
185,1882_Verne_L-Ecole-des-Robinsons_A.txt,"Mais , si riche qu' il fût , c' était un vilain homme , à le nom de lequel on n' accolait pas volontiers l' épithète d' « honorable » , si communément en usage dans le pays .","mais , si ADJ que il être , ce être un ADJ NC , à le NC de lequel on ne VIMP pas ADV le NCo de "" ADJ "" , si ADVTEMPS en NC dans le NCmod ."
186,1882_Verne_L-Ecole-des-Robinsons_A.txt,"Après tout , comme on dit , c' était un bon cheval de bataille , et peut-être lui en mettait -on sur le dos plus qu' il ne convenait .","PHASE tout , comme on VDIC , ce être un ADJ NC de NCmod , et peut-être lui en mettre on sur le NCCOR plus que il ne VIMP ."
187,1882_Verne_L-Ecole-des-Robinsons_A.txt,"Ce qui est certain , c' est qu' en mainte occasion il ne se gênait pas pour user de le « derringer » , qui est le revolver californien.Quoi qu' il en soit , J.-R. Taskinar haïssait tout particuliè­rement William W. Kolderup .","ce qui être ADJ , ce être que en ADJ NC il ne se VIMP pas pour INF de le "" INF "" , qui être le NC NP que il en être , NP NP VSENT tout ADV NP NP NP ."
188,1882_Verne_L-Ecole-des-Robinsons_A.txt,"Il le jalousait pour sa fortune , pour sa situation , pour son honorabilité .","il le VIMP pour DETPOSS NC , pour DETPOSS NC , pour DETPOSS NC ."
189,1882_Verne_L-Ecole-des-Robinsons_A.txt,Il le méprisait comme un homme gras méprise un homme qu' il a le droit de trouver maigre .,il le VSENT comme un NC ADJ VSENT un NCo que il avoir le NCo de NCmod ADJ .
190,1882_Verne_L-Ecole-des-Robinsons_A.txt,"Ce n' était pas la première fois que le commerçant de Stockton cherchait à enlever à le commerçant de San Francisco une affaire , bonne ou mauvaise , par pur esprit de rivalité .","ce ne être pas le ADJ fois que le NCs de NP VIMP à INF à le NC de NP NP un NCo , ADJ ou ADJ , par ADJ NC de NCmod ."
191,1882_Verne_L-Ecole-des-Robinsons_A.txt,"William W. Kolderup le connaissait à fond , et lui témoignait en toute rencontre un dédain bien fait pour l' exaspérer.Un dernier succès que J.-R. Taskinar ne pardonnait pas à son adversaire , c' est que ce dernier l' avait proprement battu à les dernières élections de l' État .","NP NP NP le VIMP à NC , et lui VIMP en tout NC un NCSENT bien faire pour le NP ADJ NC que NP NP ne VIMP pas à DETPOSS NC , ce être que ce NCs le avoir ADVMAN PPAS à le ADJ NC de le NCmod ."
192,1882_Verne_L-Ecole-des-Robinsons_A.txt,"Malgré ses efforts , ses menaces , ses diffamations – sans compter les milliers de dollars vainement prodigués par ses courtiers électoraux – , c' était William W. Kolderup qui siégeait à sa place à le Conseil législatif de Sacramento.Or , J.-R. Taskinar avait appris – comment ?","malgré DETPOSS NC , DETPOSS NCs , DETPOSS NC – sans INF le NCo de NCmod ADV PPAS par DETPOSS NC ADJ – , ce être NP NP NP qui VIMP à DETPOSS NC à le NC ADJ de NP , NP NP avoir VCOG – comment ?"
193,1882_Verne_L-Ecole-des-Robinsons_A.txt,"je ne pourrais le dire – , que l' intention de William Kolderup était de se porter acquéreur de l' île Spencer .","je ne pouvoir le VDIC – , que le NCs de NP NP être de se INF NCo de le NCmod NP ."
194,1882_Verne_L-Ecole-des-Robinsons_A.txt,"Cette île , sans doute , lui serait aussi inutile qu' elle le serait à son rival .","ce NC , sans NCSENT , lui être aussi ADJ que il le être à DETPOSS NC ."
195,1882_Verne_L-Ecole-des-Robinsons_A.txt,Peu importait .,peu VIMP .
196,1882_Verne_L-Ecole-des-Robinsons_A.txt,"il y avait là une nouvelle occasion d' entrer en lutte , de combattre , de vaincre peut-être : J.-R. Taskinar ne pouvait la laisser échapper .","il y avoir ADVLIEU un ADJ NCo de INF en NC , de INF , de INF peut-être : NP NP ne pouvoir le laisser INF ."
197,1882_Verne_L-Ecole-des-Robinsons_A.txt,"Et voilà pourquoi J.-R. Taskinar était venu à la salle de l' « auction » , à le milieu de cette foule de curieux , qui ne pouvait pressentir ses desseins ; pourquoi , à tout le moins , il avait préparé ses batteries ; pourquoi , avant d' agir , il avait attendu que son adversaire eût couvert la mise à prix , si haute qu' elle fût.Enfin William W. Kolderup avait lancé cette surenchère :– Douze cent mille dollars !","et voilà pourquoi NP NP être venir à le NC de le "" NCmod "" , à le milieu de ce NCmod de NCmod , qui ne pouvoir VCOG DETPOSS NCo ; pourquoi , à tout le moins , il avoir PPAS DETPOSS NCo ; pourquoi , PHASE de INF , il avoir PPAS que DETPOSS NCspas avoir PPAS le NCs à NCmod , si ADJ que il NP NP NP NP avoir PPAS ce NCo :– NP NUM NUM NC !"
198,1882_Verne_L-Ecole-des-Robinsons_A.txt,"Et J.-R. Taskinar , à le moment où William W. Kolderup pouvait se croire définitivement adjudicataire de l' île , s' était révélé par ces mots jetés d' une voix de stentor : – Treize cent mille dollars !","et NP NP , à le NCmod où NP NP NP pouvoir se VCOG ADV NCo de le NCmod , se être PPAS par ce NC PPAS de un NCMAN de NCmod : – treize PRES NUM NCo !"
199,1882_Verne_L-Ecole-des-Robinsons_A.txt,"Tout le monde , on l' a vu , s' était retourné .","tout le NC , on le avoir VCOG , se être PPAS ."
200,1882_Verne_L-Ecole-des-Robinsons_A.txt,– Le gros Taskinar !,– le ADJ NP !
201,1882_Verne_L-Ecole-des-Robinsons_A.txt,Ce fut le nom qui passa de bouche en bouche .,ce être le NC qui VPS de NCCOR en NCCOR .
202,1882_Verne_L-Ecole-des-Robinsons_A.txt,Oui !,oui !
203,1882_Verne_L-Ecole-des-Robinsons_A.txt,le gros Taskinar !,le ADJ NP !
204,1882_Verne_L-Ecole-des-Robinsons_A.txt,Il était bien connu !,il être bien PPAS !
205,1882_Verne_L-Ecole-des-Robinsons_A.txt,Sa corpulence avait fourni le sujet de plus d' un article dans les journaux de l' Union .,DETPOSS NCs avoir PPAS le NCo de plus de un NC dans le NCmod de le NCmod .
206,1882_Verne_L-Ecole-des-Robinsons_A.txt,"Je ne sais quel mathématicien avait même démontré , par de transcendants calculs , que sa masse était assez considérable pour influencer celle de notre satellite , et troubler , dans une proportion appréciable , les éléments de l' orbite lunaire.Mais la composition physique de J.-R. Taskinar n' était pas en ce moment pour intéresser les spectateurs de la salle .","je ne VCOG quel NCo avoir même PPAS , par un ADJ NC , que DETPOSS NCs être ADV ADJ pour INF celui de DETPOSS NCmod , et VSENT , dans un NC ADJ , le NCs de le NCmod lunaire.mais le NC ADJ de NP NP ne être pas en ce NC pour VSENT le NCo de le NCmod ."
207,1882_Verne_L-Ecole-des-Robinsons_A.txt,"Ce qui allait être bien autrement émouvant , c' est qu' il entrait en rivalité directe et publique avec William W. Kolderup .","ce qui aller être bien ADVINT PPRES , ce être que il VIMP en NC ADJ et ADJ avec NP NP NP ."
208,1882_Verne_L-Ecole-des-Robinsons_A.txt,"C' est qu' un combat héroïque , à coups de dollars , menaçait de s' engager , et je ne sais trop pour lequel de ces deux coffres-forts les parieurs auraient montré le plus d' entrain .","ce être que un NC ADJ , à NCmod de NCmod , VDIC de se INF , et je ne VCOG trop pour lequel de ce NUM NCmod le NCs avoir PPAS le plus de NCmod ."
209,1882_Verne_L-Ecole-des-Robinsons_A.txt,"Énormément riches tous les deux , ces mortels ennemis !","ADVINT ADJ tout le NUM , ce NC ADJ !"
210,1882_Verne_L-Ecole-des-Robinsons_A.txt,"Ce ne serait donc plus qu' une question d' amour-propre.Apr ès le premier mouvement d' agitation , rapidement comprimé , un nouveau silence s' était fait dans toute l' assemblée .","ce ne être donc plus que un NC de NP ès le ADJ NCmod de NCmod , ADVMAN PPAS , un ADJ NCo se être faire dans tout le NC ."
211,1882_Verne_L-Ecole-des-Robinsons_A.txt,"On aurait entendu une araignée tisser sa toile.Ce fut la voix de le commissaire priseur Dean Felporg , qui rompit ce pesant silence .","on avoir VCOG un NCo INF DETPOSS NCo être le NCMAN de le NCmod NCmod NP NP , qui VPS ce NCo NC ."
212,1882_Verne_L-Ecole-des-Robinsons_A.txt,– À treize cent mille dollars l' île Spencer !,– à NUM NUM NUM NC le NCmod NP !
213,1882_Verne_L-Ecole-des-Robinsons_A.txt,"cria -t -il , en se levant , afin de mieux suivre la série de les enchères.William W. Kolderup s' était tourné de le côté de J.-R. Taskinar .","VDIC t il , en se PPRES , ADV de mieux INF le NCo de le NP NP NP se être PPAS de le NC de NP NP ."
214,1882_Verne_L-Ecole-des-Robinsons_A.txt,Les assistants venaient de s' écarter pour faire place à les deux adversaires .,le NCs venir de se INF pour faire NCo à le NUM NC .
215,1882_Verne_L-Ecole-des-Robinsons_A.txt,"L' homme de Stockton et l' homme de San Francisco pouvaient se voir en face , se dévisager à leur aise .","le NCs de NP et le NC de NP NP pouvoir se VCOG en NC , se INF à lui NC ."
216,1882_Verne_L-Ecole-des-Robinsons_A.txt,La vérité nous oblige à dire qu' ils ne s' en faisaient pas faute .,le NCs nous PRES à VDIC que il ne se en faire pas ADV .
217,1882_Verne_L-Ecole-des-Robinsons_A.txt,Jamais le regard de l' un n' eût consenti à se baisser devant le regard de l' autre .,ADVTEMPS le NCMAN de le un ne avoir PPAS à se INF ADVLIEU le NCMAN de le autre .
218,1882_Verne_L-Ecole-des-Robinsons_A.txt,"– Quatorze cent mille dollars , dit William W. Kolderup .","– NP PRES NUM NCo , VDIC NP NP NP ."
219,1882_Verne_L-Ecole-des-Robinsons_A.txt,– Quinze cent mille !,– NUM NUM NCs !
220,1882_Verne_L-Ecole-des-Robinsons_A.txt,répondit J.-R. Taskinar .,VDIC NP NP .
221,1882_Verne_L-Ecole-des-Robinsons_A.txt,– Seize cent mille !– Dix-sept cent mille !,– NP NUM NUM !– NP NUM NUM !
222,1882_Verne_L-Ecole-des-Robinsons_A.txt,"Cela ne vous rappelle -t -il pas l' histoire de ces deux industriels de Glasgow , luttant à qui élèverait l' un plus haut que l' autre la cheminée de son usine , à le risque d' une catastrophe ?","cela ne vous PRES t il pas le NCo de ce NUM NCmod de NP , PPRES à qui VCOND le un plus ADJ que le autre le NCo de DETPOSS NCmod , à le NCmod de un NCmod ?"
223,1882_Verne_L-Ecole-des-Robinsons_A.txt,"Seulement , là , c' étaient de les cheminées en lingots d' or .","seulement , ADVLIEU , ce être de le NC en NCmod de NCmod ."
224,1882_Verne_L-Ecole-des-Robinsons_A.txt,"Toutefois , après les surenchères de J.-R. Taskinar , William W. Kolderup mettait un certain temps à réfléchir avant de s' engager à nouveau .","ADV , PHASE le NC de NP NP , NP NP NP mettre un ADJ temps à INF PHASE de se INF à ADJ ."
225,1882_Verne_L-Ecole-des-Robinsons_A.txt,"À le contraire , lui , Taskinar , partait comme une bombe et semblait ne pas vouloir prendre une seconde de réflexion .","à le NC , lui , NP , VIMP comme un NC et sembler ne pas vouloir INF un NCT de NCmod ."
226,1882_Verne_L-Ecole-des-Robinsons_A.txt,– Dix-sept cent mille dollars !,– NP PRES NUM NCo !
227,1882_Verne_L-Ecole-des-Robinsons_A.txt,répéta le commissaire priseur .,VPS le NCo ADJ .
228,1882_Verne_L-Ecole-des-Robinsons_A.txt,"Allons , messieurs , c' est pour rien !","NP , NC , ce être pour rien !"
229,1882_Verne_L-Ecole-des-Robinsons_A.txt,… C' est donné !,… ce être PPAS !
230,1882_Verne_L-Ecole-des-Robinsons_A.txt,"Et on eût pu croire qu' emporté par les habitudes de la profession , il allait ajouter , ce digne Felporg : « Le cadre vaut mieux que cela !","et on avoir pouvoir VCOG que PPAS par le NC de le NCmod , il aller INF , ce NCo NP : "" le NCs PRES mieux que cela !"
231,1882_Verne_L-Ecole-des-Robinsons_A.txt,»– Dix-sept cent mille dollars !,»– NP PRES NUM NCo !
232,1882_Verne_L-Ecole-des-Robinsons_A.txt,hurla le crieur Gingrass .,VDIC le NCo NP .
233,1882_Verne_L-Ecole-des-Robinsons_A.txt,"– Dix-huit cent mille , répondit William W. Kolderup .","– NUM NUM NUM , VDIC NP NP NP ."
234,1882_Verne_L-Ecole-des-Robinsons_A.txt,– Dix-neuf cent mille !,– dix-neuf NUM NC !
235,1882_Verne_L-Ecole-des-Robinsons_A.txt,répliqua J.-R. Taskinar .,VPS NP NP .
236,1882_Verne_L-Ecole-des-Robinsons_A.txt,– Deux millions !,– NUM NC !
237,1882_Verne_L-Ecole-des-Robinsons_A.txt,"répliqua aussitôt William W. Kolderup , sans attendre cette fois.Son visage avait un peu pâli lorsque ces derniers mots s' échappèrent de sa bouche , mais toute son attitude fut celle d' un homme qui ne veut point abandonner la lutte .","VPS aussitôt NP NP NP , sans INF ce NCo NCCOR avoir un peu PPAS lorsque ce ADJ NCs se VPS de DETPOSS NCCOR , mais tout DETPOSS NCs être celui de un NCmod qui ne vouloir ADV INF le NCo ."
238,1882_Verne_L-Ecole-des-Robinsons_A.txt,"J.-R. Taskinar était enflammé , lui .","NP NP être VSENT , lui ."
239,1882_Verne_L-Ecole-des-Robinsons_A.txt,"Son énorme figure ressemblait à ces disques de chemin de fer dont la face , tournée à le rouge , commande l' arrêt d' un train .","DETPOSS NCs NCCOR VIMP à ce NC de NCmod de NCmod dont le NCs , PPAS à le ADJCOL , PRES le NCo de un NCmod ."
240,1882_Verne_L-Ecole-des-Robinsons_A.txt,"Mais , très probablement , son rival ne tiendrait pas compte de les signaux et forcerait sa vapeur .","mais , très ADVINT , DETPOSS NCs ne VCOND pas NCo de le NCmod et VCOND DETPOSS NCo ."
241,1882_Verne_L-Ecole-des-Robinsons_A.txt,J.-R. Taskinar sentait cela .,ADV NP sentir cela .
242,1882_Verne_L-Ecole-des-Robinsons_A.txt,"Le sang montait à son visage , apoplectiquement congestionné .","le NCCOR VIMP à DETPOSS NCCOR , ADV PPAS ."
243,1882_Verne_L-Ecole-des-Robinsons_A.txt,"Il tortillait de ses gros doigts , chargés de brillants de grand prix , l' énorme chaîne d' or qui se rattachait à sa montre .","il VIMP de DETPOSS ADJ NCCOR , PPAS de NC de ADJ NCmod , le ADJ NC de NCmod qui se VIMP à DETPOSS NC ."
244,1882_Verne_L-Ecole-des-Robinsons_A.txt,"Il regardait son adversaire , puis fermait un instant les yeux , pour les rouvrir plus haineux que jamais .","il VCOG DETPOSS NCo , puis VIMP un NCo le NCCOR , pour le INF plus ADJ que ADVTEMPS ."
245,1882_Verne_L-Ecole-des-Robinsons_A.txt,– Deux millions cinq cent mille dollars !,– NUM NC cinq PRES NUM NCo !
246,1882_Verne_L-Ecole-des-Robinsons_A.txt,"dit -il enfin , espérant dérouter toute surenchère par ce bond prodigieux .","VDIC il PHASE , VCOG VSENT tout NCo par ce NC ADJ ."
247,1882_Verne_L-Ecole-des-Robinsons_A.txt,– Deux millions sept cent mille !,– NUM NCs NUM NUM NUM !
248,1882_Verne_L-Ecole-des-Robinsons_A.txt,répondit d' une voix très calme William W. Kolderup .,VDIC de un NCMAN très NCSENT NP NP NP .
249,1882_Verne_L-Ecole-des-Robinsons_A.txt,– Deux millions neuf cent mille !– Trois millions.Oui !,– NUM NC ADJ NUM NC !– NUM NP !
250,1882_Verne_L-Ecole-des-Robinsons_A.txt,"William W. Kolderup , de San Francisco , avait dit trois millions de dollars !","NP NP NP , de NP NP , avoir VDIC NUM NCo de NCmod !"
251,1882_Verne_L-Ecole-des-Robinsons_A.txt,Les applaudissements allaient éclater .,le NCs aller INF .
252,1882_Verne_L-Ecole-des-Robinsons_A.txt,"Ils se continrent , cependant , à la voix de le commissaire priseur , qui répétait l' enchère , et dont le marteau levé menaçait de s' abaisser par un involontaire mouvement de les muscles .","il se PRES , cependant , à le NCMAN de le NCmod ADJ , qui VIMP le NCo , et dont le NCs ADJ VDIC de se INF par un ADJ NC de le NCmod ."
253,1882_Verne_L-Ecole-des-Robinsons_A.txt,"On eût dit que Dean Felporg , si blasé qu' il fût devant les surprises d' une vente publique , était incapable de se contenir plus longtemps .","on avoir VDIC que NP NP , si PPAS que il être ADVLIEU le NCSENT de un NCmod ADJ , être ADJ de se INF plus longtemps ."
254,1882_Verne_L-Ecole-des-Robinsons_A.txt,Tous les regards s' étaient portés sur J.-R. Taskinar .,tout le NCMAN se être PPAS sur NP NP .
255,1882_Verne_L-Ecole-des-Robinsons_A.txt,"Le volumineux personnage en sentait le poids , mais bien plus encore le poids de ces trois millions de dollars , qui semblait l' écraser .","le ADJ NCs en sentir le NCo , mais bien plus encore le NC de ce NUM NCmod de NCmod , qui sembler le INF ."
256,1882_Verne_L-Ecole-des-Robinsons_A.txt,"Il voulait parler , sans doute , pour surenchérir , il ne le pouvait plus .","il vouloir INF , sans NCSENT , pour INF , il ne le pouvoir plus ."
257,1882_Verne_L-Ecole-des-Robinsons_A.txt,Il voulait remuer la tête … il ne le pouvait pas davantage .,il vouloir INF le NCCOR … il ne le pouvoir pas davantage .
258,1882_Verne_L-Ecole-des-Robinsons_A.txt,"Enfin sa voix se fit entendre , faiblement , mais suffisamment pour l' engager .","PHASE DETPOSS NCMAN se faire VCOG , ADVINT , mais ADVINT pour le INF ."
259,1882_Verne_L-Ecole-des-Robinsons_A.txt,– Trois millions cinq cent mille !,– NUM NCs NUM NUM NC !
260,1882_Verne_L-Ecole-des-Robinsons_A.txt,murmura -t -il .,VDIC t il .
261,1882_Verne_L-Ecole-des-Robinsons_A.txt,– Quatre millions !,– NUM NCs !
262,1882_Verne_L-Ecole-des-Robinsons_A.txt,répondit William W. Kolderup.Ce fut le dernier coup de massue .,VDIC NP NP NP être le ADJ NC de NCmod .
263,1882_Verne_L-Ecole-des-Robinsons_A.txt,J.-R. Taskinar s' affaissa .,NP NP se VPS .
264,1882_Verne_L-Ecole-des-Robinsons_A.txt,"Le marteau frappa d' un coup sec le marbre de la table … L' île Spencer était adjugée pour quatre millions de dollars , à William W. Kolderup , de San Francisco .","le NCs VPS de un NC ADJ le NCo de le NCmod … le NCspas NP être PPAS pour NUM NC de NCmod , à NP NP NP , de NP NP ."
265,1882_Verne_L-Ecole-des-Robinsons_A.txt,– Je me vengerai !,– je me VF !
266,1882_Verne_L-Ecole-des-Robinsons_A.txt,"murmura J.-R. Taskinar.Et , après avoir jeté un regard plein de haine sur son vainqueur , il s' en retourna à Occidental-Hotel .","VF NP NP , PHASE avoir PPAS un NCMAN ADJ de VSENT sur DETPOSS NCmod , il se en VPS à NP ."
267,1882_Verne_L-Ecole-des-Robinsons_A.txt,"Cependant , les hurrahs , les « hip » retentissaient par trois fois à l' oreille de William W. Kolderup ; ils l' accompagnèrent jusqu' à Montgomery-Street , et , tel était l' enthousiasme de ces Américains en délire , qu' ils en oublièrent même de chanter le Yankee Doodle.IIIWilliam W. Kolderup était rentré dans son hôtel de la rue Montgomery .","cependant , le NCs , le "" NC "" VIMP par NUM fois à le NCCOR de NP NP NP ; il le VPS jusque à NP , et , tel être le NC de ce NCmod en NCmod , que il en VCOG même de INF le NP NP NP NP être PPAS dans DETPOSS NC de le NCmod NP ."
268,1882_Verne_L-Ecole-des-Robinsons_A.txt,"Cette rue , c' est le Regent-Street , le Broadway , le boulevard de les Italiens de San Francisco .","ce NC , ce être le NP , le NP , le NC de le NP de NP NP ."
269,1882_Verne_L-Ecole-des-Robinsons_A.txt,"Tout le long de cette grande artère , qui traverse la ville parallèlement à ses quais , est le mouvement , l' entrain , la vie : tramways multiples , voitures attelées de chevaux ou de mules , gens affairés qui se pressent sur les trottoirs de pierre , devant les magasins richement achalandés , amateurs plus nombreux encore à les portes de les « bars » , où se débitent de les boissons on ne peut plus californiennes.Inutile de décrire l' hôtel de le nabab de Frisco .","tout le NCs de ce ADJ NCmod , qui PRES le NCo ADV à DETPOSS NC , être le NC , le NC , le NC : NC ADJ , NC PPAS de NC ou de NC , NC PPAS qui se PRES sur le NC de NCmod , ADVLIEU le NCmod ADV ADJ , NC plus ADJ encore à le NCmod de le "" NCmod "" , où se PRES de le NC on ne pouvoir plus ADJ de INF le NCo de le NCmod de NP ."
270,1882_Verne_L-Ecole-des-Robinsons_A.txt,"Ayant trop de millions , il avait trop de luxe .","avoir trop de NC , il avoir trop de NC ."
271,1882_Verne_L-Ecole-des-Robinsons_A.txt,Plus de confort que de goût .,plus de NC que de NC .
272,1882_Verne_L-Ecole-des-Robinsons_A.txt,Moins de sens artistique que de sens pratique .,moins de NC ADJ que de NCmod ADJ .
273,1882_Verne_L-Ecole-des-Robinsons_A.txt,"On ne saurait tout avoir.Que le lecteur se contente de savoir qu' il y avait un magnifique salon de réception , et , dans ce salon , un piano , dont les accords se propageaient à travers la chaude atmosphère de l' hôtel , à le moment où y rentrait l' opulent Kolderup.« Bon !","on ne VCOND tout ADV le NCs se VSENT de VCOG que il y avoir un ADJ NCo de NCmod , et , dans ce NC , un NC , dont le NCs se VIMP à travers le ADJ NC de le NCmod , à le NC où y VCOND le NCs NP NP !"
274,1882_Verne_L-Ecole-des-Robinsons_A.txt,"se dit -il , elle et lui sont là !","se VDIC il , il et lui être ADVLIEU !"
275,1882_Verne_L-Ecole-des-Robinsons_A.txt,"Un mot à mon caissier , puis nous causerons tout à l' heure !","un NC à DETPOSS NCmod , puis nous VF tout à le NCT !"
276,1882_Verne_L-Ecole-des-Robinsons_A.txt,"» Et il se dirigea vers son cabinet , afin d' en finir avec cette petite affaire de l' île Spencer et n' y plus penser .",""" et il se VPS vers DETPOSS NC , ADV de en VASP avec ce ADJ NC de le NCmod NP et ne y plus VCOG ."
277,1882_Verne_L-Ecole-des-Robinsons_A.txt,"En finir , c' était tout simplement réaliser quelques valeurs de portefeuille afin de payer l' acquisition .","en VASP , ce être tout ADVMAN VCOG quelque NCo de NCmod ADV de INF le NCo ."
278,1882_Verne_L-Ecole-des-Robinsons_A.txt,"Quatre lignes à son agent de change , il n' en fallait pas davantage .","NUM NC à DETPOSS NCmod de NCmod , il ne en VIMP pas davantage ."
279,1882_Verne_L-Ecole-des-Robinsons_A.txt,"Puis William W. Kolderup s' occuperait d' une autre « combinaison » , qui lui tenait bien autrement à le cœur.Oui !","puis NP NP NP se VCOND de un autre "" NC "" , qui lui VIMP bien ADVINT à le NP !"
280,1882_Verne_L-Ecole-des-Robinsons_A.txt,"elle et lui étaient dans le salon : elle , devant son piano ; lui , à demi étendu sur un canapé , écoutant vaguement les notes perlées de les arpèges , qui s' échappaient de les doigts de cette charmante personne .","il et lui être dans le NC : il , ADVLIEU DETPOSS NCmod ; lui , à ADJ PPAS sur un NC , VCOG ADV le NCo PPAS de le NCmod , qui se VIMP de le NCCOR de ce ADJ NCmod ."
281,1882_Verne_L-Ecole-des-Robinsons_A.txt,– M' écoutes -tu ?,– le écout tu ?
282,1882_Verne_L-Ecole-des-Robinsons_A.txt,dit -elle .,VDIC il .
283,1882_Verne_L-Ecole-des-Robinsons_A.txt,– Sans doute .,– sans NCSENT .
284,1882_Verne_L-Ecole-des-Robinsons_A.txt,– Oui !,– oui !
285,1882_Verne_L-Ecole-des-Robinsons_A.txt,"mais m' entends -tu ?– Si je t' entends , Phina !","mais lui VCOG il ?– si je lui VCOG , NP !"
286,1882_Verne_L-Ecole-des-Robinsons_A.txt,Jamais tu n' as si bien joué ces variations de l' Auld Robin Gray .,ADVTEMPS je ne avoir si bien PPAS ce NCo de le NP NP NP .
287,1882_Verne_L-Ecole-des-Robinsons_A.txt,"– Ce n' est pas Auld Robin Gray que je joue , Godfrey … c' est Happy moment … – Ah !","– ce ne être pas NP NP NP que je PRES , NP … ce être NP NC … – INTJ !"
288,1882_Verne_L-Ecole-des-Robinsons_A.txt,j' avais cru !,je avoir PPAS !
289,1882_Verne_L-Ecole-des-Robinsons_A.txt,"répondit Godfrey d' un ton d' indifférence , à lequel il eût été difficile de se méprendre .","VDIC NP de un NCmod de VSENT , à lequel il avoir être ADJ de se INF ."
290,1882_Verne_L-Ecole-des-Robinsons_A.txt,"La jeune fille leva ses deux mains , laissa un instant ses doigts écartés , suspendus au-dessus de le clavier , comme s' ils allaient retomber pour saisir un accord .","le ADJ NCs VPS DETPOSS NUM NCCOR , laisser un NCo DETPOSS NCCOR PPAS , PPAS ADVLIEU de le NC , comme si il aller INF pour INF un NCo ."
291,1882_Verne_L-Ecole-des-Robinsons_A.txt,"Puis , donnant un demi-tour à son tabouret , elle resta , quelques instants , à regarder le trop tranquille Godfrey , dont les regards cherchèrent à éviter les siens.Phina Hollaney était la filleule de William W. Kolderup .","puis , PPRES un NCo à DETPOSS NCmod , il VPS , quelque NCo , à VCOG le trop ADJ NP , dont le NCMAN VPS à INF le NP NP être le NCs de NP NP NP ."
292,1882_Verne_L-Ecole-des-Robinsons_A.txt,"Orpheline , élevée par ses soins , il lui avait donné le droit de se considérer comme sa fille , le devoir de l' aimer comme un père .","NP , PPAS par DETPOSS NC , il lui avoir PPAS le NCo de se INF comme DETPOSS NC , le devoir de le VSENT comme un NC ."
293,1882_Verne_L-Ecole-des-Robinsons_A.txt,Elle n' y manquait pas .,il ne y VIMP pas .
294,1882_Verne_L-Ecole-des-Robinsons_A.txt,"C' était une jeune personne , « jolie à sa manière » , comme on dit , mais à coup sûr charmante , une blonde de seize ans avec de les idées de brune , ce qui se lisait dans le cristal de ses yeux d' un bleu noir .","ce être un ADJ NC , "" PPAS à DETPOSS NC "" , comme on VDIC , mais à NC ADJ ADJ , un NCs de NUM NCT avec de le NCmod de NCmod , ce qui se VIMP dans le NC de DETPOSS NCCOR de un ADJCOL ADJ ."
295,1882_Verne_L-Ecole-des-Robinsons_A.txt,"Nous ne saurions manquer de la comparer à un lis , puisque c' est une comparaison invariablement employée dans la meilleure société pour désigner les beautés américaines .","nous ne VIMP INF de le INF à un NC , puisque ce être un NC ADVTEMPS PPAS dans le meilleur NC pour INF le NCo ADJ ."
296,1882_Verne_L-Ecole-des-Robinsons_A.txt,"C' était donc un lis , si vous le voulez bien , mais un lis greffé sur quelque églantier résistant et solide .","ce être donc un NC , si vous le vouloir bien , mais un NC PPAS sur quelque ADJ NC et NC ."
297,1882_Verne_L-Ecole-des-Robinsons_A.txt,"Certainement elle avait beaucoup de cœur , cette jeune miss , mais elle avait aussi beaucoup d' esprit pratique , une allure très personnelle , et ne se laissait pas entraîner plus qu' il ne convenait dans les illusions ou les rêves qui sont de son sexe et de son âge. Les rêves , c' est bien quand on dort , non quand on veille .","ADVINT il avoir beaucoup de NC , ce ADJ NC , mais il avoir aussi beaucoup de NC ADJ , un NCMAN très ADJ , et ne se laisser pas INF plus que il ne VIMP dans le NC ou le NC qui être de DETPOSS NC et de DETPOSS NC le NC , ce être bien quand on PRES , non quand on PRES ."
298,1882_Verne_L-Ecole-des-Robinsons_A.txt,"Or , elle ne dormait pas , en ce moment , et ne songeait aucunement à dormir .","or , il ne VIMP pas , en ce NC , et ne VIMP aucunement à INF ."
299,1882_Verne_L-Ecole-des-Robinsons_A.txt,– Godfrey ?,– NP ?
300,1882_Verne_L-Ecole-des-Robinsons_A.txt,reprit -elle .,VPS il .
301,1882_Verne_L-Ecole-des-Robinsons_A.txt,– Phina ?,– NP ?
302,1882_Verne_L-Ecole-des-Robinsons_A.txt,répondit le jeune homme .,VDIC le ADJ NCo .
303,1882_Verne_L-Ecole-des-Robinsons_A.txt,"– Où es- tu , maintenant ?– Près de toi … dans ce salon…– Non , pas près de moi , Godfrey !","– où ADJ je , ADVT ?– ADVLIEU de soi … dans ce NP non , pas ADVLIEU de soi , NP !"
304,1882_Verne_L-Ecole-des-Robinsons_A.txt,Pas dans ce salon !,pas dans ce NC !
305,1882_Verne_L-Ecole-des-Robinsons_A.txt,"… Mais loin , bien loin … au-delà de les mers , n' est -ce pas ?","… mais ADVLIEU , bien ADVLIEU … ADV de le NC , ne être ce pas ?"
306,1882_Verne_L-Ecole-des-Robinsons_A.txt,"Et machinalement , la main de Phina , cherchant le clavier , s' égara en une série de septièmes diminuées , dont la tristesse en disait long et que ne comprit peut-être pas le neveu de William W. Kolderup.Car tel était ce jeune homme , tel le lien de parenté qui l' unissait à le riche maître de céans .","et ADV , le NCCOR de NP , PPRES le NCo , se VF en un NC de ADJ NCmod , dont le NCSENT en VDIC ADJ et que ne VCOG peut-être pas le NCo de NP NP NP tel être ce ADJ NC , tel le NC de NCmod qui le VIMP à le ADJ NC de NCmod ."
307,1882_Verne_L-Ecole-des-Robinsons_A.txt,"Fils d' une sœur de cet acheteur d' île , sans parents , depuis bien de les années , Godfrey Morgan avait été , comme Phina , élevé dans la maison de son oncle , à lequel la fièvre de les affaires n' avait jamais laissé une intermittence pour songer à se marier.Godfrey comptait alors vingt-deux ans .","NC de un NCmod de ce NCmod de NCmod , sans NC , depuis bien de le NCT , NP NP avoir être , comme NP , PPAS dans le NC de DETPOSS NCmod , à lequel le VSENT de le NCmod ne avoir ADVTEMPS laisser un NCo pour INF à se NP VIMP alors NUM NCT ."
308,1882_Verne_L-Ecole-des-Robinsons_A.txt,Son éducation achevée l' avait laissé absolument oisif .,DETPOSS NCs PPAS le avoir laisser ADVINT ADJ .
309,1882_Verne_L-Ecole-des-Robinsons_A.txt,"Gradué d' université , il n' en était pas beaucoup plus savant pour cela .","PPAS de NC , il ne en être pas beaucoup plus PPRES pour cela ."
310,1882_Verne_L-Ecole-des-Robinsons_A.txt,La vie ne lui ouvrait que de les voies de communication faciles .,le NCs ne lui VIMP que de le NC de NCmod ADJ .
311,1882_Verne_L-Ecole-des-Robinsons_A.txt,"Il pouvait prendre à droite , à gauche : cela le mènerait toujours quelque part , où la fortune ne lui manquerait pas .","il pouvoir INF à NC , à NC : cela le VCOND ADVTEMPS quelque NCo , où le NCs ne lui VCOND pas ."
312,1882_Verne_L-Ecole-des-Robinsons_A.txt,"D' ailleurs Godfrey était bien de sa personne , distingué , élégant , n' ayant jamais passé sa cravate dans une bague , et ne constellant ni ses doigts , ni ses manchettes , ni le plastron de sa chemise , de toutes les fantaisies joaillières , si appréciées de ses concitoyens.Je ne surprendrai personne en disant que Godfrey Morgan devait épouser Phina Hollaney .","de ADVLIEU NP être bien de DETPOSS NC , VCOG , PPRES , ne avoir ADVTEMPS PPAS DETPOSS NCo dans un NC , et ne PPRES ni DETPOSS NCCOR , ni DETPOSS NC , ni le NC de DETPOSS NCmod , de tout le NC ADJ , si VSENT de DETPOSS NP ne VF NCo en VDIC que NP NP devoir INF NP NP ."
313,1882_Verne_L-Ecole-des-Robinsons_A.txt,Aurait -il pu en être autrement ?,avoir il pouvoir en être ADVINT ?
314,1882_Verne_L-Ecole-des-Robinsons_A.txt,Toutes les convenances y étaient .,tout le NCs y être .
315,1882_Verne_L-Ecole-des-Robinsons_A.txt,"D' ailleurs , William W. Kolderup voulait ce mariage .","de ADVLIEU , NP NP NP vouloir ce NCo ."
316,1882_Verne_L-Ecole-des-Robinsons_A.txt,"Il assurait ainsi sa fortune à les deux êtres qu' il chérissait le plus à le monde , sans compter que Phina plaisait à Godfrey , et que Godfrey ne déplaisait point à Phina .","il VIMP ainsi DETPOSS NCo à le NUM être que il VIMP le plus à le NC , sans INF que NP VIMP à NP , et que NP ne VIMP ADV à NP ."
317,1882_Verne_L-Ecole-des-Robinsons_A.txt,Il fallait qu' il en fût ainsi pour la bonne comptabilité de la maison de commerce .,il VIMP que il en être ainsi pour le ADJ NC de le NCmod de NCmod .
318,1882_Verne_L-Ecole-des-Robinsons_A.txt,"Depuis leur naissance , un compte était ouvert à le jeune homme , un autre à la jeune fille : il n' y avait plus qu' à les solder , à passer les écritures d' un compte nouveau pour les deux époux .","depuis lui NC , un NCs être PPAS à le ADJ NC , un autre à le ADJ NCmod : il ne y avoir plus que à le INF , à INF le NCo de un NCmod ADJ pour le NUM NCmod ."
319,1882_Verne_L-Ecole-des-Robinsons_A.txt,"Le digne négociant espérait bien que cela se ferait fin courant , et que la situation serait définitivement balancée , sauf erreur ou omission.Or , précisément , il y avait omission , et peut-être erreur , ainsi qu' on va le démontrer.Erreur , puisque Godfrey ne se sentait pas encore tout à fait mûr pour la grande affaire de le mariage ; omission , puisqu' on avait omis de le pressentir à ce sujet.En effet , ses études terminées , Godfrey éprouvait comme une lassitude prématurée de le monde et de la vie toute faite , où rien ne lui manquerait , où il n' aurait pas un désir à former , où il n' aurait rien à faire !","le NCs ADJ VCOG bien que cela se faire NCo ADJ , et que le NCspas être ADV PPAS , sauf NC ou NC , ADVMAN , il y avoir NCo , et peut-être NC , ainsi que on aller le NCo , puisque NP ne se sentir pas encore tout à PRES INF pour le ADJ NC de le NCmod ; NC , puisque on avoir VCOG de le VCOG à ce NP NCmod , DETPOSS NC VASP , NP VSENT comme un NCSENT ADJ de le NCmod et de le NC tout faire , où rien ne lui VCOND , où il ne avoir pas un NCSENT à INF , où il ne avoir rien à faire !"
320,1882_Verne_L-Ecole-des-Robinsons_A.txt,"La pensée de courir le monde l' envahit alors : il s' aperçut qu' il avait tout appris , sauf à voyager .","le NCs de INF le NCo le PRES alors : il se VPS que il avoir tout VCOG , sauf à INF ."
321,1882_Verne_L-Ecole-des-Robinsons_A.txt,"De l' ancien et de le nouveau continent , il ne connaissait , à vrai dire , qu' un seul point , San Francisco , où il était né , qu' il n' avait jamais quitté , si ce n' est en rêve .","de le ADJ et de le ADJ NC , il ne VIMP , à vrai VDIC , que un ADJ NC , NP NP , où il être PPAS , que il ne avoir ADVTEMPS PPAS , si ce ne être en NC ."
322,1882_Verne_L-Ecole-des-Robinsons_A.txt,"Or , qu' est -ce donc , je vous le demande , qu' un jeune homme qui n' a pas fait deux ou trois fois le tour de le globe – surtout s' il est Américain ?","or , que être ce donc , je vous le PRES , que un ADJ NC qui ne avoir pas faire NUM ou NUM fois le NCo de le NCmod – surtout si il être ADJ ?"
323,1882_Verne_L-Ecole-des-Robinsons_A.txt,À quoi peut -il être bon par la suite ?,à quoi pouvoir il être ADJ par le NC ?
324,1882_Verne_L-Ecole-des-Robinsons_A.txt,Sait -il s' il pourra se tirer d' affaire dans les diverses conjonctures où le jetterait un voyage de longue haleine ?,VCOND il se il pouvoir se INF de NC dans le ADJ NC où le VCOND un NCo de ADJ NCmod ?
325,1882_Verne_L-Ecole-des-Robinsons_A.txt,"S' il n' a pas un peu goûté à la vie d' aventures , comment oserait -il répondre de lui ?","si il ne avoir pas un peu NCo à le NC de NCmod , comment VCOND il VDIC de lui ?"
326,1882_Verne_L-Ecole-des-Robinsons_A.txt,"Enfin quelques milliers de lieues , parcourues à la surface de la terre , pour voir , pour observer , pour s' instruire , ne sont -elles pas l' indispensable complément d' une bonne éducation de jeune homme ?","PHASE quelque NCs de NCmod , PPAS à le NC de le NCmod , pour VCOG , pour INF , pour se INF , ne être il pas le ADJ NC de un ADJ NCmod de ADJ NCmod ?"
327,1882_Verne_L-Ecole-des-Robinsons_A.txt,"Il était donc arrivé ceci : c' est que , depuis tantôt un an , Godfrey s' était plongé dans les livres de voyages , qui pullulent à notre époque , et cette lecture l' avait passionné .","il être donc PPAS ceci : ce être que , depuis ADV NUM NCT , NP se être PPAS dans le NC de NCmod , qui PRES à DETPOSS NC , et ce NCs le avoir VSENT ."
328,1882_Verne_L-Ecole-des-Robinsons_A.txt,"Il avait découvert le Céleste Empire avec Marco Polo , l' Amérique avec Colomb , le Pacifique avec Cook , le pôle Sud avec Dumont-d'Orville .","il avoir VCOG le NP NC avec NP NP , le NP avec NP , le NP avec NP , le NC NCmod avec NP ."
329,1882_Verne_L-Ecole-des-Robinsons_A.txt,Il s' était pris de l' idée d' aller là où ces illustres voyageurs avaient été sans lui .,il se être PPAS de le NC de aller ADVLIEU où ce ADJ NCs avoir être sans lui .
330,1882_Verne_L-Ecole-des-Robinsons_A.txt,"En vérité , il n' eût pas trouvé payer trop cher une exploration de quelques années à le prix d' un certain nombre d' attaques de pirates malais , de collisions en mer , de naufrages sur une côte déserte , dût -il y mener la vie d' un Selkirk ou d' un Robinson Crusoé !","en NC , il ne avoir pas PPAS INF trop INF un NCo de quelque NCT à le NCmod de un ADJ NCmod de NCmod de NCmod ADJ , de NC en NCmod , de NC sur un NCmod ADJ , VSUBI il y INF le NCo de un NP ou de un NP NP !"
331,1882_Verne_L-Ecole-des-Robinsons_A.txt,Un Robinson !,un NP !
332,1882_Verne_L-Ecole-des-Robinsons_A.txt,devenir un Robinson !,devenir un NP !
333,1882_Verne_L-Ecole-des-Robinsons_A.txt,"Quelle jeune imagination n' a pas un peu rêvé cela , en lisant , ainsi que Godfrey l' avait fait souvent , trop souvent , les aventures de les héros imaginaires de Daniel de Foe ou de Wyss ?","quel ADJ NCs ne avoir pas un peu PPAS cela , en PPRES , ainsi que NP le avoir faire ADVTEMPS , trop ADVTEMPS , le NC de le NCmod ADJ de NP de NP ou de NP ?"
334,1882_Verne_L-Ecole-des-Robinsons_A.txt,Oui !,oui !
335,1882_Verne_L-Ecole-des-Robinsons_A.txt,"le propre neveu de William W. Kolderup en était là à le moment où son oncle songeait à l' enchaîner , comme on dit , dans les liens de le mariage .","le ADJ NC de NP NP Kolderup en être ADVLIEU à le NC où DETPOSS NCs VIMP à le INF , comme on VDIC , dans le NC de le NCmod ."
336,1882_Verne_L-Ecole-des-Robinsons_A.txt,"Quant à voyager avec Phina , devenue Mrs .","quant à INF avec NP , devenir NP ."
337,1882_Verne_L-Ecole-des-Robinsons_A.txt,"Godfrey Morgan , non , ce n' était pas possible !","NP NP , non , ce ne être pas ADJ !"
338,1882_Verne_L-Ecole-des-Robinsons_A.txt,Il fallait le faire seul ou ne pas le faire .,il VIMP le faire ADJ ou ne pas le faire .
339,1882_Verne_L-Ecole-des-Robinsons_A.txt,"Et , d' ailleurs , sa fantaisie passée , Godfrey ne serait -il pas dans de les conditions meilleures pour signer son contrat ?","et , de ADVLIEU , DETPOSS NCmod PPAS , NP ne être il pas dans un le NC meilleur pour INF DETPOSS NCo ?"
340,1882_Verne_L-Ecole-des-Robinsons_A.txt,"Est -on propre à le bonheur d' une femme , quand , préalablement , on n' est même pas allé à le Japon ni en Chine , pas même en Europe ?","être on ADJ à le NCSENT de un NCmod , quand , ADVTEMPS , on ne être même pas aller à le NP ni en NP , pas même en NP ?"
341,1882_Verne_L-Ecole-des-Robinsons_A.txt,Non !,non !
342,1882_Verne_L-Ecole-des-Robinsons_A.txt,assurément .,ADVINT .
343,1882_Verne_L-Ecole-des-Robinsons_A.txt,"Et voilà pourquoi Godfrey était maintenant distrait près de Miss Phina , indifférent quand elle lui parlait , sourd lorsqu' elle lui jouait les airs qui le charmaient autrefois.Phina , en fille sérieuse et réfléchie , s' en était bien aperçue .","et voilà pourquoi NP être ADVT VCOND ADVLIEU de NP NP , ADJ quand il lui VIMP , PRES lorsque il lui VIMP le NCMAN qui le VIMP NP , en NC ADJ et ADJ , se en être bien PPAS ."
344,1882_Verne_L-Ecole-des-Robinsons_A.txt,"Dire qu' elle n' en éprouvait pas quelque dépit mêlé d' un peu de chagrin , ce serait la calomnier gratuitement .","VDIC que il ne en VIMP pas quelque NCSENT PPAS de un peu de NCSENT , ce être le NC ADV ."
345,1882_Verne_L-Ecole-des-Robinsons_A.txt,"Mais , habituée à envisager les choses par leur côté positif , elle s' était déjà fait ce raisonnement :« S' il faut absolument qu' il parte , mieux vaut que ce soit avant le mariage qu' après !","mais , PPAS à VCOG le chose par lui NC ADJ , il se être déjà faire ce NCo :« S' il PRES ADVINT que il PRES , mieux PRES que ce être PHASE le NC que PHASE !"
346,1882_Verne_L-Ecole-des-Robinsons_A.txt,"» Et voilà pourquoi Godfrey était maintenant distrait près de Miss Phina , indifférent quand elle lui parlait .",""" et voilà pourquoi NP être ADVT VCOND ADVLIEU de NP NP , ADJ quand il lui VIMP ."
347,1882_Verne_L-Ecole-des-Robinsons_A.txt,– Non !,– non !
348,1882_Verne_L-Ecole-des-Robinsons_A.txt,… tu n' es pas près de moi en ce moment … mais au-delà de les mers !,… je ne être pas ADVLIEU de soi en ce NC … mais ADV de le NC !
349,1882_Verne_L-Ecole-des-Robinsons_A.txt,Godfrey s' était levé .,NP se être PPAS .
350,1882_Verne_L-Ecole-des-Robinsons_A.txt,"Il avait fait quelques pas dans le salon , sans regarder Phina , et , inconsciemment , son index était venu s' appuyer sur une de les touches de le piano .","il avoir faire quelque pas dans le NC , sans VCOG NP , et , ADVMAN , DETPOSS NCs être venir se INF sur un de le NCmod de le NCmod ."
351,1882_Verne_L-Ecole-des-Robinsons_A.txt,"C' était un gros « ré » bémol , de l' octave au-dessous de la portée , note bien lamentable , qui répondait pour lui.Phina avait compris , et , sans plus ample discussion , elle allait mettre son fiancé à le pied de le mur , en attendant qu' elle l' aidât à y pratiquer une brèche , afin qu' il pût s' enfuir où sa fantaisie l' entraînait , lorsque la porte de le salon s' ouvrit.William W. Kolderup parut , un peu affairé , comme toujours .","ce être un ADJ "" PPAS "" ADJ , de le NC ADVLIEU de le NCmod , NC bien ADJ , qui VDIC pour NP avoir VCOG , et , sans plus ADJ NC , il aller mettre DETPOSS NCo à le NCCOR de le NCmod , en PPRES que il le VSUBI à y INF un NCo , ADV que il VSUBI se INF où DETPOSS NCs le VIMP , lorsque le NCs de le NCmod se NP NP NP paraître , un peu PPAS , comme ADVTEMPS ."
352,1882_Verne_L-Ecole-des-Robinsons_A.txt,C' était le commerçant qui venait de terminer une opération et s' apprêtait à en commencer une autre .,ce être le NC qui venir de VASP un NCo et se VIMP à en VASP un autre .
353,1882_Verne_L-Ecole-des-Robinsons_A.txt,"– Eh bien , dit -il , il ne s' agit plus , maintenant , que de fixer définitivement la date .","– INTJ bien , VDIC il , il ne se PRES plus , ADVT , que de INF ADV le NCo ."
354,1882_Verne_L-Ecole-des-Robinsons_A.txt,– La date ?,– le NCs ?
355,1882_Verne_L-Ecole-des-Robinsons_A.txt,répondit Godfrey en tressautant .,VDIC NP en PPRES .
356,1882_Verne_L-Ecole-des-Robinsons_A.txt,"Quelle date , s' il vous plaît , mon oncle ?– La date de votre mariage à tous deux !","quel NC , si il vous PRES , DETPOSS NCo ?– le NCs de DETPOSS NCmod à tout NUM !"
357,1882_Verne_L-Ecole-des-Robinsons_A.txt,répliqua William W. Kolderup .,VPS NP NP NP .
358,1882_Verne_L-Ecole-des-Robinsons_A.txt,"Ce n' est pas la date de le mien , je suppose !","ce ne être pas le NC de le NCmod , je VCOG !"
359,1882_Verne_L-Ecole-des-Robinsons_A.txt,– Ce serait peut-être plus urgent !,– ce être peut-être plus ADJ !
360,1882_Verne_L-Ecole-des-Robinsons_A.txt,dit Phina .,VDIC NP .
361,1882_Verne_L-Ecole-des-Robinsons_A.txt,– Hein !,– NP !
362,1882_Verne_L-Ecole-des-Robinsons_A.txt,… Quoi ?… s' écria l' oncle .,… quoi ?… se VDIC le NCs .
363,1882_Verne_L-Ecole-des-Robinsons_A.txt,Qu' est -ce que cela signifie ?,que être ce que cela PRES ?
364,1882_Verne_L-Ecole-des-Robinsons_A.txt,"… Nous disons fin courant , n' est -ce pas ?– Parrain Will , répondit la jeune fille , ce n' est pas la date d' un mariage qu' il s' agit de fixer aujourd'hui , c' est la date d' un départ !– D' un départ ?","… nous VDIC NCo ADJ , ne être ce pas ?– NP NP , VDIC le ADJ NCo , ce ne être pas le NC de un NCmod que il se PRES de INF ADVT , ce être le NC de un NCmod !– de un NC ?"
365,1882_Verne_L-Ecole-des-Robinsons_A.txt,"…– Oui , le départ de Godfrey , reprit Miss Phina , de Godfrey , qui , avant de se marier , éprouve le besoin de courir un peu le monde !– Tu veux partir … toi ?… s' écria William W. Kolderup , en marchant vers le jeune homme , dont il saisit le bras , comme s' il avait peur que ce « coquin de neveu » ne lui échappât .","…– oui , le NCs de NP , VPS NP NP , de NP , qui , PHASE de se INF , VSENT le NCo de INF un peu le NCo !– je vouloir INF … soi ?… se VDIC NP NP NP , en PPRES vers le ADJ NC , dont il PRES le NCCOR , comme si il avoir NCSENT que ce "" NC de NCmod "" ne lui VSUBI ."
366,1882_Verne_L-Ecole-des-Robinsons_A.txt,"– Oui , oncle Will , répondit bravement Godfrey .","– oui , NCs NP , VDIC ADVMAN NP ."
367,1882_Verne_L-Ecole-des-Robinsons_A.txt,"– Et pour combien de temps ?– Pour dix-huit mois , ou deux ans , à le plus , si…– Si ?","– et pour combien de temps ?– pour NUM NCT , ou NUM NCT , à le plus , NP si ?"
368,1882_Verne_L-Ecole-des-Robinsons_A.txt,"…– Si vous voulez bien le permettre , et si Phina veut bien m' attendre jusque -là !– T' attendre !","…– si vous vouloir bien le permettre , et si NP vouloir bien me INF jusque ADVLIEU !– le INF !"
369,1882_Verne_L-Ecole-des-Robinsons_A.txt,Voyez -vous ce prétendu qui ne prétend qu' à s' en aller !,IMP lui ce VPS qui ne PRES que à se en aller !
370,1882_Verne_L-Ecole-des-Robinsons_A.txt,s' écria William W. Kolderup .,se VDIC NP NP NP .
371,1882_Verne_L-Ecole-des-Robinsons_A.txt,"– Il faut laisser faire Godfrey , répondit la jeune fille .","– il PRES laisser faire NP , VDIC le ADJ NCo ."
372,1882_Verne_L-Ecole-des-Robinsons_A.txt,"Parrain Will , j' ai bien réfléchi à tout cela .","NP NP , je avoir bien PPAS à tout cela ."
373,1882_Verne_L-Ecole-des-Robinsons_A.txt,"Je suis jeune , mais , en vérité , Godfrey est encore plus jeune que moi !","je être ADJ , mais , en NC , NP être encore plus ADJ que soi !"
374,1882_Verne_L-Ecole-des-Robinsons_A.txt,"Les voyages le vieilliront , et je pense qu' il ne faut pas contrarier ses goûts !","le NCs le VF , et je VCOG que il ne PRES pas VSENT DETPOSS NCo !"
375,1882_Verne_L-Ecole-des-Robinsons_A.txt,"Il veut voyager , qu' il voyage !","il vouloir INF , que il PRES !"
376,1882_Verne_L-Ecole-des-Robinsons_A.txt,"Le besoin de le repos lui viendra ensuite , et il me retrouvera à le retour .","le NCs de le NCmod lui venir PHASE , et il me VF à le NC ."
377,1882_Verne_L-Ecole-des-Robinsons_A.txt,– Quoi !,– quoi !
378,1882_Verne_L-Ecole-des-Robinsons_A.txt,"s' écria William W. Kolderup , tu consens à donner la volée à cet étourneau ?– Oui , pour les deux ans qu' il demande !– Et tu l' attendras ?","se VDIC NP NP NP , je PRES à INF le NCo à ce NC ?– oui , pour le NUM NCT que il VSUBP !– et je le NC ?"
379,1882_Verne_L-Ecole-des-Robinsons_A.txt,"…– Oncle Will , si je n' étais pas capable de l' attendre , c' est que je ne l' aimerais pas !","…– NP NP , si je ne être pas ADJ de le INF , ce être que je ne le VCOND pas !"
380,1882_Verne_L-Ecole-des-Robinsons_A.txt,"Cela dit , Miss Phina était revenue vers son piano , et , soit qu' elle le voulût ou non , ses doigts jouaient en sourdine un morceau très à la mode , Le Départ de le Fiancé , qui était bien de circonstance , on en conviendra .","cela VDIC , NP NP être PPAS vers DETPOSS NC , et , ADV que il le VSUBI ou non , DETPOSS NCCOR VIMP en NC un NCo très à le NCmod , le NC de le NP , qui être bien de NC , on en VF ."
381,1882_Verne_L-Ecole-des-Robinsons_A.txt,"Mais Phina , sans s' en apercevoir peut-être , le jouait en « la » mineur , bien qu' il fût écrit en « la » majeur .","mais NP , sans se en INF peut-être , le VIMP en "" le "" NC , bien que il être PPAS en "" le "" ADJ ."
382,1882_Verne_L-Ecole-des-Robinsons_A.txt,"Aussi , tout le sentiment de la mélodie se transformait avec ce mode , et sa couleur plaintive rendait bien les intimes impressions de la jeune fille.Cependant Godfrey , embarrassé , ne disait mot .","aussi , tout le NCSENT de le NCmod se VIMP avec ce NC , et DETPOSS NCs ADJ VIMP bien le ADJ NCo de le ADJ NP NP , VSENT , ne VDIC NCs ."
383,1882_Verne_L-Ecole-des-Robinsons_A.txt,"Son oncle lui avait pris la tête , et , la tournant en pleine lumière , il le regardait .","DETPOSS NCs lui avoir PPAS le NCCOR , et , le PPRES en ADJ NC , il le VCOG ."
384,1882_Verne_L-Ecole-des-Robinsons_A.txt,"De cette façon , il l' interrogeait , sans avoir besoin de parler , et lui , répondait sans avoir besoin de répondre .","de ce façon , il le VDIC , sans avoir NCo de INF , et lui , VDIC sans avoir NCo de VDIC ."
385,1882_Verne_L-Ecole-des-Robinsons_A.txt,Et les lamentations de ce Départ de le Fiancé se faisaient toujours tristement entendre .,et le NCs de ce NCmod de le NP se faire ADVTEMPS ADV VCOG .
386,1882_Verne_L-Ecole-des-Robinsons_A.txt,"Enfin William W. Kolderup , après avoir fait un tour de salon , revint vers Godfrey , qui était planté là comme un coupable devant son juge .","PHASE NP NP NP , PHASE avoir faire un NCo de NCmod , VPS vers NP , qui être PPAS ADVLIEU comme un NC ADVLIEU DETPOSS NCmod ."
387,1882_Verne_L-Ecole-des-Robinsons_A.txt,"Puis , élevant la voix :– C' est très sérieux ?","puis , PPRES le NCMAN :– ce être très ADJ ?"
388,1882_Verne_L-Ecole-des-Robinsons_A.txt,demanda -t -il .,VPS t il .
389,1882_Verne_L-Ecole-des-Robinsons_A.txt,"– Très sérieux , répondit Miss Phina , sans s' interrompre , tandis que Godfrey se contentait de faire un signe affirmatif .","– très ADJ , VDIC NP NP , sans se INF , PHASE que NP se VSENT de faire un NCo ADJ ."
390,1882_Verne_L-Ecole-des-Robinsons_A.txt,– All right !,– All right !
391,1882_Verne_L-Ecole-des-Robinsons_A.txt,"répliqua William W. Kolderup , en fixant sur son neveu un regard singulier.Puis , on aurait pu l' entendre murmurer entre ses dents : « Ah !","VPS NP NP NP , en PPRES sur DETPOSS NC un NCMAN NP , on avoir pouvoir le VCOG VDIC entre DETPOSS NCCOR : "" INTJ !"
392,1882_Verne_L-Ecole-des-Robinsons_A.txt,tu veux tâter de les voyages avant d' épouser Phina !,je vouloir INF de le NC PHASE de INF NP !
393,1882_Verne_L-Ecole-des-Robinsons_A.txt,"Eh bien , tu en tâteras , mon neveu !","INTJ bien , je en NC , DETPOSS NC !"
394,1882_Verne_L-Ecole-des-Robinsons_A.txt,"» Il fit encore deux ou trois pas , et , s' arrêtant , les bras croisés , devant Godfrey :– Où veux -tu aller ?",""" il faire encore NUM ou NUM pas , et , se PPRES , le NCCOR PPAS , ADVLIEU NP :– où vouloir il aller ?"
395,1882_Verne_L-Ecole-des-Robinsons_A.txt,lui demanda -t -il .,lui VPS t il .
396,1882_Verne_L-Ecole-des-Robinsons_A.txt,– Partout .,– ADV .
397,1882_Verne_L-Ecole-des-Robinsons_A.txt,"– Et quand comptes -tu partir ?– Quand vous voudrez , oncle Will .","– et quand NC tu INF ?– quand vous PRES , NCo NP ."
398,1882_Verne_L-Ecole-des-Robinsons_A.txt,"– Soit , le plus tôt possible !","– soit , le plus tôt ADJ !"
399,1882_Verne_L-Ecole-des-Robinsons_A.txt,"Sur ces derniers mots , Phina s' était interrompue brusquement .","sur ce ADJ NC , NP se être PPAS ADV ."
400,1882_Verne_L-Ecole-des-Robinsons_A.txt,Le petit doigt de sa main gauche venait de toucher un « sol » dièse … et le quatrième ne l' avait pas résolu sur la tonique de le ton .,"le ADJ NCCOR de DETPOSS NCCOR ADJ venir de INF un "" NCo "" NCmod … et le NCs ne le avoir pas PPAS sur le NC de le NCmod ."
401,1882_Verne_L-Ecole-des-Robinsons_A.txt,"Elle était restée sur la « sensible » , comme le Raoul de les Huguenots , lorsqu' il s' enfuit à la fin de son duo avec Valentine.Peut -être Miss Phina avait -elle le cœur un peu gros , mais son parti était bien pris de ne rien dire.Ce fut alors que William W. Kolderup , sans regarder Godfrey , s' approcha de le piano :– Phina , dit -il gravement , il ne faut jamais rester sur la « sensible !","il être PPAS sur le "" ADJ "" , comme le NP de le NP , lorsque il se PRES à le NC de DETPOSS NCmod avec NP être NP NP avoir il le NC un peu ADJ , mais DETPOSS NCs être bien PPAS de ne rien NP être alors que NP NP NP , sans VCOG NP , se VPS de le NC :– NP , VDIC il ADVMAN , il ne PRES ADVTEMPS INF sur le "" ADJ !"
402,1882_Verne_L-Ecole-des-Robinsons_A.txt,"» Et , de son gros doigt qui s' abattit verticalement sur une de les touches , il fit résonner un « la » naturel.IVSi T .",""" et , de DETPOSS ADJ NCCOR qui se PRES ADV sur un de le NCmod , il faire INF un "" le "" NP NP ."
403,1882_Verne_L-Ecole-des-Robinsons_A.txt,"Artelett eût été Français , ses compatriotes n' auraient pas manqué de le nommer plaisamment Tartelett .","NP avoir être NC , DETPOSS NCs ne avoir pas PPAS de le INF ADVMAN NP ."
404,1882_Verne_L-Ecole-des-Robinsons_A.txt,"Mais , comme ce nom lui convient , nous n' hésiterons pas à le désigner ainsi .","mais , comme ce NC lui PRES , nous ne VF pas à le INF ainsi ."
405,1882_Verne_L-Ecole-des-Robinsons_A.txt,"D' ailleurs , si Tartelett n' était pas Français , il était digne de l' être.Dans son Itinéraire de Paris à Jérusalem , Chateaubriand parle d' un petit homme « poudré et frisé comme autrefois , habit vert pomme , veste de droguet , jabot et manchettes de mousseline , qui raclait un violon de poche , et faisait danser Madelon Friquet à les Iroquois .","de ADVLIEU , si NP ne être pas ADJ , il être ADJ de le NP DETPOSS NCs de NP à NP , NP PRES de un ADJ NC "" PPAS et PPAS comme ADVT , NC ADJCOL NCmod , NC de NCmod , NC et NC de NCmod , qui VIMP un NCo de NCmod , et faire INF NP NP à le NP ."
406,1882_Verne_L-Ecole-des-Robinsons_A.txt,"» Les Californiens ne sont pas de les Iroquois , il s' en faut , mais Tartelett n' en était pas moins professeur de danse et de maintien dans la capitale de la Californie .",""" le NCs ne être pas de le NP , il se en PRES , mais NP ne en être pas moins NC de NCmod et de NC dans le NCmod de le NP ."
407,1882_Verne_L-Ecole-des-Robinsons_A.txt,"Si on ne lui soldait pas ses leçons , comme à son prédécesseur , en peaux de castor et en jambons d' ours , on les lui payait en dollars .","si on ne lui VIMP pas DETPOSS NCo , comme à DETPOSS NC , en NCCOR de NP et en NC de NCmod , on le lui VIMP en NC ."
408,1882_Verne_L-Ecole-des-Robinsons_A.txt,"Si , en parlant de ses élèves , il ne disait pas : « Ces messieurs sauvages et ces dames sauvagesses » , c' est que ses élèves étaient fort civilisés , et , à l' en croire , il n' avait pas peu contribué à leur civilisation.Tartelett , célibataire , se donnait quarante-cinq ans à l' époque où nous le présentons à les lecteurs .","si , en PPRES de DETPOSS NC , il ne VDIC pas : "" ce NCs ADJ et ce NC ADJ "" , ce être que DETPOSS NCspas être fort PPAS , et , à le en VCOG , il ne avoir pas peu PPAS à lui NC , NC , se VIMP NUM NCT à le NC où nous le PRES à le NC ."
409,1882_Verne_L-Ecole-des-Robinsons_A.txt,"Mais , il y a quelque dizaine d' années , son mariage avec une demoiselle déjà mûre avait été sur le point de s' accomplir.À cette époque , et à ce propos , on lui demanda « deux ou trois lignes » , touchant son âge , sa personne , sa situation : Voici ce qu' il crut devoir répondre .","mais , il y avoir quelque NCo de NCT , DETPOSS NC avec un NCmod déjà INF avoir être sur le NC de se PRES ce NCo , et à ce NC , on lui VPS "" NUM ou NUM NCo "" , PPRES DETPOSS NCo , DETPOSS NC , DETPOSS NCo : voici ce que il VPS devoir VDIC ."
410,1882_Verne_L-Ecole-des-Robinsons_A.txt,"Cela nous dispensera de faire son portrait , à le double point de vue de le moral et de le physique .","cela nous VF de faire DETPOSS NCo , à le ADJ NC de NCmod de le NCmod et de le NC ."
411,1882_Verne_L-Ecole-des-Robinsons_A.txt,"« Il est né le 17 juillet 1835 , à trois heures un quart de le matin.« Sa taille est de cinq pieds , deux pouces , trois lignes .« Sa grosseur , prise au-dessus de les hanches , est exactement de deux pieds , trois pouces.« Son poids , augmenté depuis l' an dernier de six livres , est de cent cinquante et une livres et deux onces .",""" il être PPAS le NUM MOIS NUM , à NUM NCT un NC de le matin.« DETPOSS NCmod être de NUM NCCOR , NUM NCCOR , NUM NC .« DETPOSS NC , PPAS ADVLIEU de le NCCOR , être ADVINT de NUM NCCOR , NUM pouces.« DETPOSS NC , PPAS depuis le NCT ADJ de NUM NC , être de NUM NUM et NUM NC et NUM NC ."
412,1882_Verne_L-Ecole-des-Robinsons_A.txt,"« Il a la tête oblongue.« Ses cheveux , rares au-dessus de le front , sont châtains grisonnants ; son front est haut , son visage ovale , son teint coloré.« Ses yeux – vue excellente – sont gris châtain , les cils et les sourcils châtain clair ; les paupières sont un peu enfoncées dans leur orbite sous l' arcade sourcilière .« Le nez , de moyenne grandeur , est fendu par une gerçure vers le bout de la narine gauche .« Ses tempes et ses joues sont plates et imberbes .« Ses oreilles sont grandes et plates .« Sa bouche , de moyenne grandeur , est absolument pure de mauvaises dents .« Ses lèvres , minces et un peu pincées , sont recouvertes d' une moustache et d' une impériale épaisses ; son menton rond est aussi ombragé d' une barbe multicolore .« Un petit grain de beauté orne son cou potelé – à la nuque.« Enfin , lorsqu' il est à le bain , on peut voir qu' il a la peau blanche et peu velue.« Son existence est calme et réglée .",""" il avoir le NCCOR oblongue.« DETPOSS NCCOR , ADJ ADVLIEU de le NCCOR , être ADJCOL ADJ ; DETPOSS NCCOR être ADJ , DETPOSS NCCOR ADJ , DETPOSS NC coloré.« DETPOSS NCCOR – NC ADJ – être PPAS ADJCOL , le NCCOR et le NCCOR ADJCOL ADJ ; le NCCOR être un peu PPAS dans lui NC sous le NCmod ADJ .« le NCCOR , de ADJ NC , être PPAS par un NC vers le NC de le NCCOR ADJ .« DETPOSS NCCOR et DETPOSS NCCOR être ADJ et ADJ .« DETPOSS NCCOR être ADJ et ADJ .« DETPOSS NCCOR , de ADJ NCmod , être ADVINT ADJ un ADJ NCCOR .« DETPOSS NCCOR , NC et un peu ADJ , être PPAS de un NCCOR et de un NC ADJ ; DETPOSS NCCOR ADJ être aussi PPAS de un NCCOR ADJ .« un ADJ NCs de NCmod PRES DETPOSS NCCOR ADJ – à le nuque.« ADV , lorsque il être à le NC , on pouvoir VCOG que il avoir le NCCOR ADJCOL et peu velue.« DETPOSS NCs être NCSENT et ADJ ."
413,1882_Verne_L-Ecole-des-Robinsons_A.txt,"Sans être d' une santé robuste , grâce à sa grande sobriété , il a su la conserver intacte depuis sa naissance .","sans être de un NC ADJ , ADV à DETPOSS ADJ NC , il avoir VCOG le INF ADJ depuis DETPOSS NC ."
414,1882_Verne_L-Ecole-des-Robinsons_A.txt,Il a les bronches très faciles à irriter : c' est ce qui est cause qu' il n' a pas la mauvaise habitude de le tabac .,il avoir le NCo très ADJ à VSENT : ce être ce qui être NC que il ne avoir pas le ADJ NCo de le NCmod .
415,1882_Verne_L-Ecole-des-Robinsons_A.txt,"Il n' use pas non plus de spiritueux , pas de café , pas de liqueur , pas de vin pur .","il ne PRES pas non plus de NUM , pas un NC , pas de NC , pas un NC ADJ ."
416,1882_Verne_L-Ecole-des-Robinsons_A.txt,"En un mot , tout ce qui pourrait réagir sur le système nerveux est rigoureusement supprimé de son hygiène .","en un NC , tout ce qui pouvoir INF sur le NC ADJ être ADVINT PPAS de DETPOSS NC ."
417,1882_Verne_L-Ecole-des-Robinsons_A.txt,"La bière légère , l' eau rougie , sont les seules boissons qu' il puisse prendre sans danger .","le NCs ADJ , le NC ADJ , être le ADJ NC que il pouvoir INF sans NC ."
418,1882_Verne_L-Ecole-des-Robinsons_A.txt,"C' est à sa prudence qu' il doit de n' avoir jamais consulté de médecin depuis qu' il est à le monde.« Son geste est prompt , sa démarche vive , son caractère franc et ouvert .","ce être à DETPOSS NC que il devoir de ne avoir ADVTEMPS PPAS de NC depuis que il être à le monde.« DETPOSS NCs être ADJ , DETPOSS NC ADJ , DETPOSS NC ADJ et ADJ ."
419,1882_Verne_L-Ecole-des-Robinsons_A.txt,"Il pousse , en outre , la délicatesse jusqu' à l' extrême , et jusqu' ici c' est la crainte de rendre une femme malheureuse qui l' a fait hésiter à s' engager dans les liens de le mariage .","il PRES , en ADV , le NCSENT jusque à le NC , et jusque ADVLIEU ce être le NCSENT de INF un NCo ADJ qui le avoir faire INF à se INF dans le NC de le NCmod ."
420,1882_Verne_L-Ecole-des-Robinsons_A.txt,"» Telle fut la note produite par Tartelett ; mais , si engageante qu' elle pût être pour une demoiselle d' un certain âge , l' union projetée manqua .",""" tel être le NC PPAS par NP ; mais , si ADJ que il VSUBI être pour un NC de un ADJ NCmod , le NC PPAS manqua ."
421,1882_Verne_L-Ecole-des-Robinsons_A.txt,"Le professeur demeura donc célibataire , et continua à donner ses leçons de danse et de maintien.Ce fut vers cette époque qu' il entra , à ce titre , dans l' hôtel de William W. Kolderup ; puis , le temps aidant , ses élèves l' abandonnant peu à peu , il finit par compter comme un rouage de plus dans le personnel de l' opulente maison.Apr ès tout , c' était un brave homme , malgré ses ridicules .","le NCs VPS donc ADJ , et VPS à INF DETPOSS NCo de NCmod et de NP être vers ce NC que il VPS , à ce NC , dans le NC de NP NP NP ; puis , le temps PPRES , DETPOSS NC le PPRES peu à peu , il VASP par INF comme un NC de plus dans le NC de le NCmod NP ès tout , ce être un ADJ NC , malgré DETPOSS NCmod ."
422,1882_Verne_L-Ecole-des-Robinsons_A.txt,On s' attacha à lui .,on se VPS à lui .
423,1882_Verne_L-Ecole-des-Robinsons_A.txt,"Il aimait Godfrey , il aimait Phina , qui le lui rendaient d' ailleurs .","il VSENT NP , il VSENT NP , qui le lui VIMP de ADVLIEU ."
424,1882_Verne_L-Ecole-des-Robinsons_A.txt,"Aussi n' avait -il plus qu' une seule ambition à le monde : leur inculquer toutes les délicatesses de son art , en faire , en ce qui concerne la bonne tenue , deux êtres accomplis.Or , le croira -t -on ?","aussi ne avoir il plus que un ADJ NCSENT à le NCmod : lui INF tout le NCSENT de DETPOSS NCmod , en faire , en ce qui VSENT le ADJ NCo , NUM être NP , le VCOG t on ?"
425,1882_Verne_L-Ecole-des-Robinsons_A.txt,"ce fut lui , le professeur Tartelett , que William W. Kolderup choisit pour être le compagnon de son neveu pendant ce voyage projeté .","ce être lui , le NC NP , que NP NP NP PRES pour être le NC de DETPOSS NCmod PHASE ce NCmod PPAS ."
426,1882_Verne_L-Ecole-des-Robinsons_A.txt,Oui !,oui !
427,1882_Verne_L-Ecole-des-Robinsons_A.txt,"il avait quelque raison de croire que Tartelett n' avait pas peu contribué à pousser Godfrey à cette manie de déplacement , afin d' achever de se perfectionner en courant le monde .","il avoir quelque NCo de VCOG que NP ne avoir pas peu PPAS à INF NP à ce NC de NCmod , ADV de VASP de se INF en NC le NC ."
428,1882_Verne_L-Ecole-des-Robinsons_A.txt,William W. Kolderup résolut donc de les faire courir à deux .,NP NP NP PRES donc de le faire INF à NUM .
429,1882_Verne_L-Ecole-des-Robinsons_A.txt,"Dès le lendemain , 16 avril , il fit prévenir le professeur de venir le trouver dans son cabinet.Une prière de le nabab était un ordre pour Tartelett .","dès le NC , NUM MOIS , il faire INF le NCo de venir le INF dans DETPOSS NC NCmod de le NCmod être un NC pour NP ."
430,1882_Verne_L-Ecole-des-Robinsons_A.txt,"Le professeur quitta sa chambre , muni de ce petit violon de poche qu' on appelle pochette , afin d' être prêt à tout événement ; il monta le grand escalier de l' hôtel , les pieds académiquement posés , comme il convient à un maître de danse , frappa à la porte de le cabinet , entra , le corps à demi incliné , les coudes arrondis , la bouche souriante , et il attendit dans la troisième position , après avoir croisé l' un devant l' autre , à la moitié de leur longueur , ses pieds dont les chevilles se touchaient et dont les pointes étaient tournées en dehors.Tout autre que le professeur Tartelett , placé dans cette sorte d' équilibre instable , aurait vacillé sur sa base , mais lui sut conserver une rectitude absolue .","le NCs VPS DETPOSS NCo , NC de ce ADJ NCmod de NCmod que on VSUBP NC , ADV de être ADJ à tout NC ; il VPS le ADJ NCo de le NCmod , le NCCOR ADVMAN ADJ , comme il PRES à un NC de NCmod , frapper à le NC de le NCmod , VPS , le NCCOR à ADJ PPAS , le NCCOR ADV , le NCCOR ADJ , et il VPS dans le ADJ NC , PHASE avoir PPAS le un ADVLIEU le autre , à le NC de lui NCmod , DETPOSS NCCOR dont le NCCOR se VIMP et dont le NCspas être PPAS en NP autre que le NC NP , PPAS dans ce sorte de NCSENT ADJ , avoir PPAS sur DETPOSS NC , mais lui PRES INF un NCo ADJ ."
431,1882_Verne_L-Ecole-des-Robinsons_A.txt,"– Monsieur Tartelett , dit William W. Kolderup , je vous ai fait venir pour vous apprendre une nouvelle qui , je le crois , n' aura pas lieu de vous surprendre .","– monsieur NP , VDIC NP NP NP , je vous avoir faire venir pour vous VCOG un NCo qui , je le VCOG , ne avoir pas NCo de vous VSENT ."
432,1882_Verne_L-Ecole-des-Robinsons_A.txt,– À vos souhaits !,– à DETPOSS NC !
433,1882_Verne_L-Ecole-des-Robinsons_A.txt,"répondit le professeur , bien que William W. Kolderup n' eut point éternué , ainsi qu' on pourrait le croire .","VDIC le NCo , bien que NP NP NP ne avoir ADV PPAS , ainsi que on pouvoir le VCOG ."
434,1882_Verne_L-Ecole-des-Robinsons_A.txt,"– Le mariage de mon neveu est retardé d' un an ou dix-huit mois , reprit l' oncle , et Godfrey , sur sa demande , va partir pour visiter les divers États de le nouveau et de l' ancien monde .","– le NCspas de DETPOSS NCmod être PPAS de un NCT ou NUM NCT , VPS le NCo , et NP , sur DETPOSS NCmod , aller INF pour INF le ADJ NCo de le ADJ et de le ADJ NC ."
435,1882_Verne_L-Ecole-des-Robinsons_A.txt,"– Monsieur , répondit Tartelett , mon élève Godfrey fera honneur à le pays qui l' a vu naître , et …– Et aussi à le professeur de maintien qui l' a initié à les bonnes manières , répondit le négociant , d' un ton dont le naïf Tartelett ne sentit aucunement l' ironie.Et , en effet , croyant devoir exécuter un « assemblé » , il déplaça alternativement ses pieds par une sorte de glissade de côté ; puis , pliant légèrement le genou avec souplesse , il salua William W. Kolderup .","– monsieur , VDIC NP , DETPOSS NC NP faire NCSENT à le NC qui le avoir VCOG INF , et …– et aussi à le NCs de NCmod qui le avoir PPAS à le ADJ NC , VDIC le NCo , de un NC dont le NCs NP ne sentir aucunement le NP , en NC , VCOG devoir INF un "" PPAS "" , il VPS ADV DETPOSS NCCOR par un sorte de NCmod de NCmod ; puis , PPRES ADVINT le NCCOR avec NCmod , il VPS NP NP NP ."
436,1882_Verne_L-Ecole-des-Robinsons_A.txt,"– J' ai pensé , reprit celui-ci , que vous auriez sans doute quelque peine à vous séparer de votre élève ?– La peine sera douloureuse , répondit Tartelett , et , cependant , s' il le faut …– Il ne le faudra pas , répondit William W. Kolderup , dont l' épais sourcil se fronça .","– je avoir VCOG , VPS celui-ci , que vous avoir sans NCSENT quelque NCSENT à vous INF de DETPOSS NC ?– le NCSENT être ADJ , VDIC NP , et , cependant , si il le PRES …– il ne le VF pas , VDIC NP NP NP , dont le NCs NCCOR se VPS ."
437,1882_Verne_L-Ecole-des-Robinsons_A.txt,"– Ah !… répondit Tartelett.Légèrement troublé , il fit un temps levé en arrière , de manière à passer de la troisième à la quatrième position ; puis , il mit entre ses deux pieds la distance d' une largeur – sans peut-être avoir absolument conscience de ce qu' il faisait .","– INTJ !… VDIC ADV VSENT , il faire un temps PPAS en NC , de NC à INF de le ADJ à le ADJ NCmod ; puis , il mettre entre DETPOSS NUM NCCOR le NCo de un NCmod – sans INF avoir ADVINT NCo de ce que il faire ."
438,1882_Verne_L-Ecole-des-Robinsons_A.txt,– Oui !,– oui !
439,1882_Verne_L-Ecole-des-Robinsons_A.txt,"ajouta le négociant d' une voix brève et d' un ton qui n' admettait pas l' ombre de réplique , j' ai pensé qu' il serait vraiment cruel de séparer un professeur et un élève si bien faits pour s' entendre !– Assurément … les voyages !… répondit Tartelett , qui semblait ne pas vouloir comprendre .","VPS le NCo de un NCMAN ADJ et de un NC qui ne VIMP pas le NCo de NCmod , je avoir VCOG que il être ADVINT ADJ de INF un NCo et un NC si bien faire pour se VCOG !– ADVINT … le NC !… VDIC NP , qui sembler ne pas vouloir VCOG ."
440,1882_Verne_L-Ecole-des-Robinsons_A.txt,"– Oui !… assurément !… reprit William W. Kolderup , non seulement les voyages mettront en relief les talents de mon neveu , mais aussi les talents de le professeur à lequel il doit une tenue si correcte !","– oui !… ADVINT !… VPS NP NP NP , non seulement le NCs mettre en NC le NCo de DETPOSS NCmod , mais aussi le NC de le NCmod à lequel il devoir un NCo si ADJ !"
441,1882_Verne_L-Ecole-des-Robinsons_A.txt,"Jamais la pensée n' était venue à ce grand enfant qu' un jour il lui faudrait quitter San Francisco , la Californie et l' Amérique pour courir les mers .","ADVTEMPS le NCs ne être venir à ce ADJ NC que un NCT il lui VCOND INF NP NP , le NP et le NP pour INF le NCo ."
442,1882_Verne_L-Ecole-des-Robinsons_A.txt,"Ces idées n' auraient pu entrer dans le cerveau d' un homme plus ferré sur la chorégraphie que sur les voyages , et qui en était encore à connaître les environs de la capitale dans un rayon de dix milles .","ce NCs ne avoir pouvoir INF dans le NCCOR de un NCmod plus PPAS sur le NC que sur le NC , et qui en être encore à INF le NCo de le NCmod dans un NC de NUM NCmod ."
443,1882_Verne_L-Ecole-des-Robinsons_A.txt,"Et maintenant on lui offrait , non !","et ADVT on lui VIMP , non !"
444,1882_Verne_L-Ecole-des-Robinsons_A.txt,"on lui faisait entendre que , bon gré mal gré , il allait avoir à s' expatrier , à exécuter de sa personne , avec toutes les charges et inconvénients qu' ils comportent , ces déplacements conseillés par lui à son élève !","on lui faire VCOG que , ADJ ADJ mal ADJ , il aller avoir à se INF , à INF de DETPOSS NC , avec tout le NC et NC que il PRES , ce NC PPAS par lui à DETPOSS NC !"
445,1882_Verne_L-Ecole-des-Robinsons_A.txt,"Il y avait là , certainement , de quoi troubler une cervelle aussi peu solide que la sienne , et l' infortuné Tartelett , pour la première fois de sa vie , sentit un frémissement involontaire dans les muscles de ses jambes , assouplis par trente-cinq ans d' exercices !– Peut-être … dit -il , en essayant de rappeler sur ses lèvres ce sourire stéréotypé de le danseur , qui s' était un instant effacé , peut-être … ne suis -je pas fait pour …– Vous vous ferez !","il y avoir ADVLIEU , ADVINT , de quoi VSENT un NCCOR aussi peu ADJ que le ADJ , et le NC NP , pour le ADJ fois de DETPOSS NCmod , sentir un NCSENT ADJ dans le NC de DETPOSS NCCOR , PPAS par NUM NCT de NCmod !– peut-être … VDIC il , en PPRES de INF sur DETPOSS NCCOR ce NCMAN PPAS de le NC , qui se être un NC PPAS , peut-être … ne être je pas faire pour …– vous vous faire !"
446,1882_Verne_L-Ecole-des-Robinsons_A.txt,"répondit William W. Kolderup , en homme avec lequel il n' y a pas à discuter.Refuser , c' était impossible .","VDIC NP NP NP , en NCmod avec lequel il ne y avoir pas à INF , ce être ADJ ."
447,1882_Verne_L-Ecole-des-Robinsons_A.txt,Tartelett n' y pensait même pas .,NP ne y VCOG même pas .
448,1882_Verne_L-Ecole-des-Robinsons_A.txt,Qu' était -il dans la maison ?,que être il dans le NC ?
449,1882_Verne_L-Ecole-des-Robinsons_A.txt,"Une chose , un ballot , un colis , pouvant être expédié à tous les coins de le monde !","un chose , un NC , un NC , pouvoir être PPAS à tout le NC de le NCmod !"
450,1882_Verne_L-Ecole-des-Robinsons_A.txt,Mais l' expédition en projet n' était pas sans le troubler quelque peu .,mais le NCs en NCmod ne être pas sans le VSENT quelque peu .
451,1882_Verne_L-Ecole-des-Robinsons_A.txt,– Et quand doit s' effectuer le départ ?,– et quand devoir se INF le NCo ?
452,1882_Verne_L-Ecole-des-Robinsons_A.txt,demanda -t -il en essayant de reprendre une position académique .,VPS t il en PPRES de INF un NCo ADJ .
453,1882_Verne_L-Ecole-des-Robinsons_A.txt,– Dans un mois .,– dans un NCT .
454,1882_Verne_L-Ecole-des-Robinsons_A.txt,"– Et sur quelle mer orageuse M. Kolderup a -t -il décidé que le vaisseau emporterait mon élève et moi ?– Sur le Pacifique , d' abord .","– et sur quel NC ADJ monsieur Kolderup avoir t il PPAS que le NCs VCOND DETPOSS NCo et soi ?– sur le NP , de NC ."
455,1882_Verne_L-Ecole-des-Robinsons_A.txt,"– Et sur quel point de le globe terrestre aurai-je à poser le pied pour la première fois ?– Sur le sol de la Nouvelle-Zélande , répondit William W. Kolderup .","– et sur quel NC de le NCmod ADJ PRES à INF le NCCOR pour le ADJ fois ?– sur le NC de le NP , VDIC NP NP NP ."
456,1882_Verne_L-Ecole-des-Robinsons_A.txt,J' ai remarqué que les Néo-Zélandais n' arrondissent pas convenablement les coudes !,je avoir PPAS que le NP ne PRES pas ADV le NCCOR !
457,1882_Verne_L-Ecole-des-Robinsons_A.txt,… Vous les rectifierez !,… vous le VF !
458,1882_Verne_L-Ecole-des-Robinsons_A.txt,Voilà comment le professeur Tartelett fut choisi pour être compagnon de voyage de Godfrey Morgan.Un signe de le négociant lui fit alors comprendre que l' audience était terminée .,voilà comment le NCspas NP être PPAS pour être NC de NCmod de NP NP NC de le NCmod lui faire alors VCOG que le NCs être VASP .
459,1882_Verne_L-Ecole-des-Robinsons_A.txt,"Il se retira donc assez ému , pour que sa sortie et les grâces spéciales qu' il déployait habituellement dans cet acte difficile laissassent tant soit peu à désirer .","il se VPS donc ADV VSENT , pour que DETPOSS NCs et le NC ADJ que il VIMP ADVTEMPS dans ce NC ADJ PRES tant être peu à VSENT ."
460,1882_Verne_L-Ecole-des-Robinsons_A.txt,"En effet , pour la première fois de sa vie , le professeur Tartelett , oubliant , dans sa préoccupation , les plus élémentaires préceptes de son art , s' en allait les pieds en dedans !","en NC , pour le ADJ fois de DETPOSS NCmod , le NCs NP , VCOG , dans DETPOSS NCSENT , le plus ADJ NC de DETPOSS NCmod , se en aller le NCCOR en NCmod !"
461,1882_Verne_L-Ecole-des-Robinsons_A.txt,VIl n' y avait plus à y revenir .,NP ne y avoir plus à y INF .
462,1882_Verne_L-Ecole-des-Robinsons_A.txt,"Avant ce long voyage , à deux , à travers la vie , qu' on appelle mariage , Godfrey allait faire le tour de le monde – ce qui est quelquefois plus périlleux .","PHASE ce ADJ NC , à NUM , à travers le NCmod , que on PRES NC , NP aller faire le NCo de le NCmod – ce qui être ADVTEMPS plus ADJ ."
463,1882_Verne_L-Ecole-des-Robinsons_A.txt,"Mais il comptait en revenir très aguerri , et , parti un jeune homme , ramener un homme à le retour .","mais il VIMP en INF très ADJ , et , PPAS un ADJ NCo , INF un NCo à le NC ."
464,1882_Verne_L-Ecole-des-Robinsons_A.txt,"Il aurait vu , observé , comparé .","il avoir VCOG , PPAS , PPAS ."
465,1882_Verne_L-Ecole-des-Robinsons_A.txt,Sa curiosité serait satisfaite .,DETPOSS NCSENT être ADJ .
466,1882_Verne_L-Ecole-des-Robinsons_A.txt,"Il ne lui resterait plus qu' à demeurer tranquille et sédentaire , à vivre heureux à le foyer conjugal , que nulle tentation ne le porterait plus à quitter .","il ne lui VCOND plus que à INF ADJ et ADJ , à INF ADJ à le NC ADJ , que ADJ NCSENT ne le VCOND plus à INF ."
467,1882_Verne_L-Ecole-des-Robinsons_A.txt,Avait -il tort ou raison ?,avoir il PRES ou NC ?
468,1882_Verne_L-Ecole-des-Robinsons_A.txt,Courait -il à quelque bonne et solide leçon dont il ferait son profit ?,VCOND il à quelque ADJ et ADJ NC dont il faire DETPOSS NCo ?
469,1882_Verne_L-Ecole-des-Robinsons_A.txt,"Nous laisserons à l' avenir le soin de répondre.Bref , Godfrey était enchanté.Phina , anxieuse , sans en rien laisser paraître , se résignait à cet apprentissage.Le professeur Tartelett , lui , d' habitude si ferme sur ses jambes , rompues à tous les équilibres de la danse , avait perdu son aplomb ordinaire et cherchait en vain à le retrouver .","nous laisser à le NC le NCo de NP , NP être NP , NC , sans en rien laisser paraître , se VIMP à ce NP NC NP , lui , de NCmod si ADJ sur DETPOSS NCCOR , PPAS à tout le NCSENT de le NCmod , avoir PPAS DETPOSS NCo ADJ et VIMP en ADJ à le INF ."
470,1882_Verne_L-Ecole-des-Robinsons_A.txt,"Il vacillait même sur le parquet de sa chambre , comme s' il eût été déjà sur le plancher d' une cabine , remuée par les coups de roulis et de tangage.Quant à William W. Kolderup , depuis la décision prise , il était devenu peu communicatif , surtout avec son neveu .","il VIMP même sur le NC de DETPOSS NCmod , comme si il avoir être déjà sur le NC de un NCmod , PPAS par le NC de NCmod et de NP à NP NP NP , depuis le NC PPAS , il être devenir peu ADJ , surtout avec DETPOSS NC ."
471,1882_Verne_L-Ecole-des-Robinsons_A.txt,"Ses lèvres serrées , ses yeux à demi cachés sous ses paupières , indiquaient qu' une idée fixe s' était implantée dans cette tête , où bouillonnaient habituellement les hautes spéculations de le commerce .","DETPOSS NCCOR ADJ , DETPOSS NCCOR à NCmod PPAS sous DETPOSS NCCOR , VIMP que un NCs ADJ se être PPAS dans ce NCCOR , où VIMP ADVTEMPS le ADJ NCs de le NCmod ."
472,1882_Verne_L-Ecole-des-Robinsons_A.txt,– Ah !,– INTJ !
473,1882_Verne_L-Ecole-des-Robinsons_A.txt,"tu veux voyager , murmurait -il parfois , voyager à le lieu de te marier , à le lieu de rester chez toi , d' être heureux tout bêtement !","je vouloir INF , VCOND il ADVTEMPS , INF à le NC de me INF , à le NC de INF chez soi , de être ADJ tout ADVMAN !"
474,1882_Verne_L-Ecole-des-Robinsons_A.txt,"… Eh bien , tu voyageras !","… INTJ bien , je ADJ !"
475,1882_Verne_L-Ecole-des-Robinsons_A.txt,"Les préparatifs furent aussitôt commencés. Tout d' abord , la question de l' itinéraire dut être soulevée , discutée et , finalement , résolue.Godfrey s' en irait -il par le sud , l' est ou l' ouest ?","le NCs être aussitôt ADV tout de NC , le NCs de le NCmod devoir être PPAS , PPAS et , ADV , NP se en aller il par le NC , le NC ou le NC ?"
476,1882_Verne_L-Ecole-des-Robinsons_A.txt,"Cela était à décider en premier lieu .S' il débutait par les routes de le sud , la compagnie « Panama to California and British Columbia » , puis la compagnie « Packet Shouthampton Rio-Janeiro » , se chargeraient de le conduire en Europe .S' il prenait par l' est , le grand chemin de fer de le Pacifique pouvait l' amener en quelques jours à New York , et de là , les lignes Cunard , Inman , Withe-Star , Hamburg-American ou Transatlantique française , iraient le déposer sur le littoral de l' ancien monde.S' il voulait prendre à l' ouest , par la « Steam Transoceanic Golden Age » , il lui serait facile de gagner Melbourne , puis l' isthme de Suez , avec les bateaux de la « Peninsular Oriental Steam Co » .","cela être à INF en ADJ NC NP il VASP par le NC de le NCmod , le NC "" NP to California and British Columbia "" , puis le NC "" NP NP NP "" , se VIMP de le INF en NP NP il VIMP par le NC , le ADJ NC de NCmod de le NP pouvoir le INF en quelque NCT à NP NP , et de ADVLIEU , le NCs NP , NP , NP , NP ou NP ADJ , VIMP le INF sur le NC de le ADJ NP il vouloir INF à le NC , par le "" NP NP NP NP "" , il lui être ADJ de INF NP , puis le NC de NP , avec le NCmod de le "" NP NP NP NP "" ."
477,1882_Verne_L-Ecole-des-Robinsons_A.txt,"Les moyens de transport ne manquaient pas , et , grâce à leur concordance mathématique , le tour de le monde n' est plus qu' une simple promenade de touriste.Mais ce n' est pas ainsi que devait voyager le neveu-héritier de le nabab de Frisco.Non !","le NCs de NCmod ne VIMP pas , et , ADV à lui NC ADJ , le NCs de le NCmod ne être plus que un ADJ NC de NP ce ne être pas ainsi que devoir INF le NCo de le NCmod de NP !"
478,1882_Verne_L-Ecole-des-Robinsons_A.txt,"William W. Kolderup possédait , pour les besoins de son commerce , toute une flotte de navires à voiles et à vapeur .","NP NP NP VIMP , pour le NC de DETPOSS NCmod , tout un NC de NCmod à NCmod et à NC ."
479,1882_Verne_L-Ecole-des-Robinsons_A.txt,"Il avait donc décidé qu' un de ses bâtiments serait « mis à la disposition de le jeune Godfrey Morgan » , comme s' il se fût agi d' un prince de le sang , voyageant pour son plaisir – à les frais de les sujets de son père .","il avoir donc PPAS que un de DETPOSS NCmod être "" mettre à le NC de le ADJ NP NP "" , comme si il se être PPAS de un NC de le NCCOR , PPRES pour DETPOSS NCSENT – à le NCmod de le NCmod de DETPOSS NCmod ."
480,1882_Verne_L-Ecole-des-Robinsons_A.txt,"Par ses ordres , le Dream , solide steamer de six cents tonnes et de la force de deux cents chevaux , entra aussitôt en armement .","par DETPOSS NC , le NP , ADJ NC de NUM NCmod ADJ et de le NCSENT de NUM ADJ NCmod , VPS aussitôt en NC ."
481,1882_Verne_L-Ecole-des-Robinsons_A.txt,"Il devait être commandé par le capitaine Turcotte , un loup de mer , qui avait déjà couru tous les océans sous toutes les latitudes .","il devoir être PPAS par le NC NP , un NC de NCmod , qui avoir déjà PPAS tout le NCo sous tout le NCmod ."
482,1882_Verne_L-Ecole-des-Robinsons_A.txt,"Bon et hardi marin , cet habitué de les tornades , de les typhons et de les cyclones , comptait déjà quarante ans de navigation sur cinquante ans d' âge .","NP et hardi NC , ce NC de le NCmod , de le NC et de le NC , VIMP déjà NUM NCT de NCmod sur NUM NCT de NCmod ."
483,1882_Verne_L-Ecole-des-Robinsons_A.txt,"Se mettre à la cape et faire tête à l' ouragan n' était qu' un jeu pour ce « matelot » , qui n' avait jamais été éprouvé que par le « mal de terre » , c'est-à-dire lorsqu' il était en relâche .","se mettre à le NC et faire NCCOR à le NC ne être que un NC pour ce "" NCmod "" , qui ne avoir ADVTEMPS être VSENT que par le "" mal de NCmod "" , ADV lorsque il être en NC ."
484,1882_Verne_L-Ecole-des-Robinsons_A.txt,"Aussi , de cette existence incessamment secouée sur le pont d' un bâtiment , avait -il conservé l' habitude de toujours se balancer à droite , à gauche , en avant , en arrière : il avait le tic de le tangage et de le roulis .","aussi , de ce NC ADVTEMPS PPAS sur le NC de un NCmod , avoir il PPAS le NCo de ADVTEMPS se INF à NC , à NC , en PHASE , en NCmod : il avoir le NCo de le NCmod et de le NC ."
485,1882_Verne_L-Ecole-des-Robinsons_A.txt,"Un second , un mécanicien , quatre chauffeurs , douze matelots , en tout dix-huit hommes , devaient former l' équipage de le Dream , qui , s' il se contentait de faire tranquillement ses huit milles à l' heure , n' en possédait pas moins d' excellentes qualités nautiques .","un NCs , un NC , NUM NC , NUM NC , en tout NUM NCmod , devoir INF le NCo de le NP , qui , si il se VSENT de faire ADVMAN DETPOSS NUM NCo à le NCT , ne en VIMP pas moins un ADJ NCo ADJ ."
486,1882_Verne_L-Ecole-des-Robinsons_A.txt,"Qu' il n' eût pas assez de vitesse pour passer dans la lame lorsque la mer était grosse , soit !","que il ne avoir pas ADV de NC pour INF dans le NC lorsque le NCs être ADJ , soit !"
487,1882_Verne_L-Ecole-des-Robinsons_A.txt,"mais aussi la lame ne lui passait pas dessus , avantage qui compense bien la médiocrité de la marche , surtout quand on n' est pas autrement pressé .","mais aussi le NCs ne lui VIMP pas ADV , NCo qui PRES bien le NCo de le NCmod , surtout quand on ne être pas ADVINT ADJ ."
488,1882_Verne_L-Ecole-des-Robinsons_A.txt,"D' ailleurs , le Dream était gréé en goélette , et , par un vent favorable , avec ses cinq cents yards carrés de toile , il pouvait toujours venir en aide à sa vapeur.Il ne faudrait pas croire , toutefois , que le voyage de le Dream ne dût être qu' un voyage d' agrément .","de ADVLIEU , le NP être PPAS en NC , et , par un NC ADJ , avec DETPOSS NUM NCmod ADJ ADJ de NCmod , il pouvoir ADVTEMPS venir en NC à DETPOSS NP ne VCOND pas VCOG , ADV , que le NCs de le NP ne VSUBI être que un NC de NCSENT ."
489,1882_Verne_L-Ecole-des-Robinsons_A.txt,William W. Kolderup était un homme trop pratique pour ne pas chercher à utiliser un parcours de quinze ou seize mille lieues à travers toutes les mers de le globe .,NP NP NP être un NC trop ADJ pour ne pas INF à INF un NCo de NUM ou NUM NUM NC à travers tout le NC de le NCmod .
490,1882_Verne_L-Ecole-des-Robinsons_A.txt,"Son navire devait partir sans cargaison , sans doute , mais il lui était facile de se conserver dans de bonnes conditions de flottabilité , en remplissant d' eau ses « water-ballastCompartiments que l' on peut remplir d' eau lorsque le navire est lège , de manière à le maintenir dans sa ligne de flottaison .","DETPOSS NCs devoir INF sans NC , sans NCSENT , mais il lui être ADJ de se INF dans un ADJ NC de NCmod , en PPRES de NC DETPOSS "" NP que l' on pouvoir INF de NC lorsque le NCs être ADJ , de NC à le NCmod dans DETPOSS NCmod de NCmod ."
491,1882_Verne_L-Ecole-des-Robinsons_A.txt,"» , qui auraient pu l' immerger jusqu' à le ras de le pont à le cas où cela eût été nécessaire .",""" , qui avoir pouvoir le INF jusque à le NC de le NCmod à le NC où cela avoir être ADJ ."
492,1882_Verne_L-Ecole-des-Robinsons_A.txt,Aussi le Dream comptait -il charger en route et visiter les divers comptoirs de le riche négociant .,aussi le NCs VIMP il INF en NC et INF le ADJ NCo de le ADJ NCmod .
493,1882_Verne_L-Ecole-des-Robinsons_A.txt,Il s' en irait ainsi d' un marché à un autre .,il se en aller ainsi de un NC à un autre .
494,1882_Verne_L-Ecole-des-Robinsons_A.txt,"N' ayez pas peur , le capitaine Turcotte ne serait pas embarrassé de faire ses frais de voyage !","ne avoir pas NCSENT , le NCs NP ne être pas VSENT de faire DETPOSS NCo de NCmod !"
495,1882_Verne_L-Ecole-des-Robinsons_A.txt,La fantaisie de Godfrey Morgan ne coûterait pas un dollar à la caisse avunculaire !,le NCs de NP NP ne VCOND pas un NCo à le NCmod ADJ !
496,1882_Verne_L-Ecole-des-Robinsons_A.txt,"Ainsi agit -on dans les bonnes maisons de commerce.Tout cela fut décidé dans de longs entretiens , très secrets , que William W. Kolderup et le capitaine Turcotte eurent ensemble .","ainsi PRES on dans le ADJ NC de NP cela être PPAS dans un ADJ NC , très ADJ , que NP NP NP et le NC NP VPS ensemble ."
497,1882_Verne_L-Ecole-des-Robinsons_A.txt,"Mais il paraît que le règlement de cette affaire , si simple cependant , n' allait pas tout seul , car le capitaine dut faire de nombreuses visites à le cabinet de le négociant .","mais il paraître que le NCs de ce NCmod , si ADJ cependant , ne aller pas tout ADJ , car le NCs devoir faire un ADJ NCo à le NC de le NCmod ."
498,1882_Verne_L-Ecole-des-Robinsons_A.txt,"Lorsqu' il en sortait , de plus perspicaces que les habitués de l' hôtel auraient observé qu' il avait une figure singulière , que ses cheveux étaient hérissés en coup de vent , comme s' il les eût tracassés d' une main fébrile , que toute sa personne , enfin , roulait et tanguait plus violemment que d' ordinaire .","lorsque il en VIMP , de plus NCo que le NCs de le NCmod avoir PPAS que il avoir un NCCOR ADJ , que DETPOSS NCCOR être VSENT en NC de NCmod , comme si il le avoir VSENT de un NCCOR ADJ , que tout DETPOSS NC , PHASE , VIMP et VIMP plus ADVMAN que de NC ."
499,1882_Verne_L-Ecole-des-Robinsons_A.txt,"On avait pu entendre , aussi , de les éclats de voix singuliers , qui prouvaient que les séances ne s' étaient pas passées sans orage .","on avoir pouvoir VCOG , aussi , de le NC de NCMAN ADJ , qui VIMP que le NCs ne se être pas PPAS sans NC ."
500,1882_Verne_L-Ecole-des-Robinsons_A.txt,"C' est que le capitaine Turcotte , avec son franc-parler , savait fort bien tenir tête à William W. Kolderup , qui l' aimait et l' estimait assez pour lui permettre de le contredire.Enfin , paraît -il , tout s' arrangea .","ce être que le NCs NP , avec DETPOSS NCmod , VCOG fort bien INF NCCOR à NP NP NP , qui le VSENT et le VSENT ADV pour lui permettre de le NC , paraître il , tout se VF ."
501,1882_Verne_L-Ecole-des-Robinsons_A.txt,"Qui avait cédé , de William W. Kolderup ou de Turcotte ?","qui avoir PPAS , de NP NP NP ou de NP ?"
502,1882_Verne_L-Ecole-des-Robinsons_A.txt,"je n' oserais encore me prononcer , ne connaissant pas le sujet même de leurs discussions .","je ne VCOND encore me INF , ne PPRES pas le NCo même de DETPOSS NCmod ."
503,1882_Verne_L-Ecole-des-Robinsons_A.txt,"Cependant je parierais plutôt pour le capitaine.Quoi qu' il en soit , après huit jours d' entretiens , le négociant et le marin parurent être d' accord ; mais Turcotte ne cessait pas de grommeler entre ses dents :– Que les cinq cent mille diables de le surouet m' envoient par le fond de le pot à le noir , si jamais je me serais attendu , moi Turcotte , à faire de pareille besogne !","cependant je VCOND plutôt pour le NC que il en être , PHASE NUM NCT de NCmod , le NCs et le NC VPS être de NC ; mais NP ne VASP pas de VDIC entre DETPOSS NCCOR :– que le cinq PRES NUM NCo de le NCmod se PRES par le NC de le NCmod à le NCmod , si ADVTEMPS je me être PPAS , soi NP , à faire de ADJ NC !"
504,1882_Verne_L-Ecole-des-Robinsons_A.txt,"Cependant l' armement de le Dream avançait rapidement , et son capitaine ne négligeait rien pour qu' il fût en état de prendre la mer dès la première quinzaine de le mois de juin .","cependant le NCs de le NP VIMP ADVMAN , et DETPOSS NCs ne VIMP rien pour que il être en NC de INF le NCo dès le ADJ NC de le NCT de MOIS ."
505,1882_Verne_L-Ecole-des-Robinsons_A.txt,"On l' avait passé à la forme , et sa carène , soigneusement repeinte à le minium , tranchait par son rouge vif avec le noir de ses œuvres mortes.Il vient un grand nombre de bâtiments de toutes sortes et de toutes nationalités dans le port de San Francisco .","on le avoir PPAS à le NC , et DETPOSS NC , ADV PPAS à le NC , VIMP par DETPOSS ADJCOL ADJ avec le NC de DETPOSS NCmod NP venir un ADJ NCo de NCmod de tout sorte et de tout NC dans le NC de NP NP ."
506,1882_Verne_L-Ecole-des-Robinsons_A.txt,"Aussi , depuis bien de les années , les quais de la ville , régulièrement construits sur le littoral , n' auraient -ils pu suffire à l' embarquement et à le débarquement de les marchandises , si les ingénieurs n' étaient parvenus à établir plusieurs quais factices .","aussi , depuis bien de le NCT , le NCs de le NCmod , ADVTEMPS PPAS sur le NC , ne avoir il pouvoir ADV à le NC et à le NC de le NCmod , si le NCs ne être PPAS à INF plusieurs NCo ADJ ."
507,1882_Verne_L-Ecole-des-Robinsons_A.txt,"De les pilotis de sapin rouge furent enfoncés dans les eaux , quelques milles carrés de planchers les recouvrirent de larges plates-formes .","de le NCspas de NCmod ADJCOL être PPAS dans le NC , quelque NCs ADJ de ADJ le VPS de ADJ NC ."
508,1882_Verne_L-Ecole-des-Robinsons_A.txt,"C' était autant de pris sur la baie , mais la baie est vaste .","ce être autant de PPAS sur le NC , mais le NCs être ADJ ."
509,1882_Verne_L-Ecole-des-Robinsons_A.txt,"On eut ainsi de véritables cales de déchargement , couvertes de grues et de ballots , près de lesquelles steamers de les deux océans , steamboats de les fleuves californiens , clippers de tous pays , caboteurs de les côtes américaines , purent se ranger dans un ordre parfait , sans s' écraser les uns les autres .","on avoir ainsi un véritable NC de NCmod , NC de NCmod et de NC , ADVLIEU de lequel ADJ de le NUM NC , NC de le NCmod ADJ , NC de tout NCmod , NC de le NCmod ADJ , pouvoir se INF dans un NC ADJ , sans se INF le NCo le autre ."
510,1882_Verne_L-Ecole-des-Robinsons_A.txt,"C' était à l' un de ces quais artificiels , à l' extrémité de Warf-Mission-Street , qu' avait été solidement amarré le Dream , après son passage à le bassin de carénage.Rien ne fut négligé pour que le steamer , affecté à le voyage de Godfrey , pût naviguer dans les meilleures conditions .","ce être à le un de ce NCmod ADJ , à le NC de NP , que avoir être ADV PPAS le NP , PHASE DETPOSS NC à le NCmod de NP ne être PPAS pour que le NCs , VSENT à le NC de NP , VSUBI INF dans le meilleur NC ."
511,1882_Verne_L-Ecole-des-Robinsons_A.txt,"Approvisionnements , aménagement , tout fut minutieusement étudiée .","NP , NC , tout être ADV PPAS ."
512,1882_Verne_L-Ecole-des-Robinsons_A.txt,"Le gréement était en parfait état , la chaudière éprouvée , la machine à hélice excellente .","le NCs être en ADJ NC , le NC VSENT , le NC à NCmod ADJ ."
513,1882_Verne_L-Ecole-des-Robinsons_A.txt,"On embarqua même , pour les besoins de le bord et la facilité de les communications avec la terre , une chaloupe à vapeur , rapide et insubmersible , qui devait rendre de grands services à le cours de la navigation.Enfin , bref , tout était prêt à la date de le 10 juin .","on VPS même , pour le NC de le NCmod et le NC de le NCmod avec le NCmod , un NC à NCmod , ADJ et ADJ , qui devoir INF un ADJ NCo à le NC de le NP , INTJ , tout être ADJ à le NC de le NUM MOIS ."
514,1882_Verne_L-Ecole-des-Robinsons_A.txt,Il n' y avait plus qu' à prendre la mer .,il ne y avoir plus que à INF le NCo .
515,1882_Verne_L-Ecole-des-Robinsons_A.txt,"Les hommes , embarqués par le capitaine Turcotte pour la manœuvre de les voiles ou la conduite de la machine , formaient un équipage de choix , et il eût été difficile d' en trouver un meilleur sur la place .","le NCs , PPAS par le NC NP pour le NC de le NCmod ou le NC de le NCmod , VIMP un NCo de NCmod , et il avoir être ADJ de en INF un meilleur sur le NC ."
516,1882_Verne_L-Ecole-des-Robinsons_A.txt,"Un véritable stock d' animaux vivants , agoutis , moutons , chèvres , coqs et poules , etc. , était parqué dans l' entrepont ; les besoins de la vie matérielle se voyaient , en outre , assurés par un certain nombre de caisses de conserves de les meilleures marques.Quant à l' itinéraire que devait suivre le Dream , ce fut sans doute l' objet de les longues conférences que William W. Kolderup et son capitaine eurent ensemble .","un véritable NCspas de NCmod ADJ , NC , NC , NC , NC et NC , etc. , être PPAS dans le NC ; le NCs de le NCmod ADJ se VCOG , en ADV , PPAS par un ADJ NC de NCmod de NCmod de le meilleur PPRES à le NC que devoir INF le NCs , ce être sans NCSENT le NC de le ADJ NCmod que NP NP NP et DETPOSS NCs VPS ensemble ."
517,1882_Verne_L-Ecole-des-Robinsons_A.txt,"Tout ce que l' on sut , c' est que le premier point de relâche indiqué devait être Auckland , capitale de la Nouvelle-Zélande – sauf le cas où le besoin de charbon , nécessité par la prolongation de vents contraires , obligerait à se réapprovisionner , soit à l' un de les archipels de le Pacifique , soit à l' un de les ports de la Chine.Tout ce détail , d' ailleurs , importait peu à Godfrey , de le moment qu' il s' en allait en mer , et pas de le tout à Tartelett , dont l' esprit troublé s' exagérait de jour en jour les éventualités de navigation.Il n' y avait plus qu' une formalité à remplir : la formalité de les photographies.Un fiancé ne peut décemment partir pour un long voyage autour de le monde sans emporter l' image de celle qu' il aime , et , en revanche , sans lui laisser la sienne.Godfrey , en costume de touriste , se livra donc à les mains de Stephenson et Co , photographes de Montgomery-Street , et Phina , dans sa toilette de ville , confia également à le soleil le soin de fixer ses traits charmants , mais un peu attristés , sur la plaque de les habiles opérateurs .","tout ce que l' on PRES , cela être que le ADJ NCs de NCmod PPAS devoir être NP , NC de le NP – sauf le NCmod où le NCs de NCmod , PPAS par le NC de NCmod ADJ , VCOND à se INF , ADV à le un de le NCmod de le NP , ADV à le un de le NCmod de le NP ce NC , de ADVLIEU , VIMP peu à NP , de le NCmod que il se en aller en NC , et pas de le tout à NP , dont le NCs ADJ se VIMP de NCT en NCT le NCo de NP ne y avoir plus que un NCs à INF : le NC de le NP ADJ ne pouvoir ADVMAN INF pour un ADJ NC ADV de le NC sans INF le NCo de celui que il VSENT , et , en NC , sans lui laisser le NP , en NC de NCmod , se VPS donc à le NCCOR de NP et NP , NC de NP , et NP , dans DETPOSS NCmod de NCmod , VPS également à le NC le NCo de INF DETPOSS NCo ADJ , mais un peu VSENT , sur le NC de le ADJ NCmod ."
518,1882_Verne_L-Ecole-des-Robinsons_A.txt,Ce serait encore une façon de voyager ensemble .,ce être encore un façon de INF ensemble .
519,1882_Verne_L-Ecole-des-Robinsons_A.txt,"Le portrait de Phina avait sa place tout indiquée dans la cabine de Godfrey ; celui de Godfrey , dans la chambre de la jeune fille.Quant à Tartelett , qui n' était pas fiancé et ne songeait aucunement à l' être , on jugea convenable , cependant , de confier son image à le papier sensibilité .","le NCs de NP avoir DETPOSS NCo tout PPAS dans le NC de NP ; celui de NP , dans le NCmod de le ADJ NP à NP , qui ne être pas PPAS et ne VIMP aucunement à le être , on VPS ADJ , cependant , de INF DETPOSS NCo à le NC NCSENT ."
520,1882_Verne_L-Ecole-des-Robinsons_A.txt,"Mais , quel que fût le talent de les photographes , ils ne purent obtenir une épreuve satisfaisante .","mais , quel que être le NC de le NCmod , il ne pouvoir INF un NCo ADJ ."
521,1882_Verne_L-Ecole-des-Robinsons_A.txt,"Le cliché oscillant ne fut jamais qu' un brouillard confus , dans lequel il eût été impossible de reconnaître le célèbre professeur de danse et de maintien .","le NCs ADJ ne être ADVTEMPS que un NC ADJ , dans lequel il avoir être ADJ de VCOG le ADJ NCo de NCmod et de NC ."
522,1882_Verne_L-Ecole-des-Robinsons_A.txt,"C' est que le patient , quoi qu' il en eût , ne pouvait s' empêcher de bouger – en dépit de la recommandation en usage dans tous les ateliers consacrés à les opérations de ce genre.On essaya d' autres moyens plus rapides , d' épreuves instantanées .","ce être que le NCs , quoi que il en avoir , ne pouvoir se INF de INF – en NCSENT de le NCmod en NCmod dans tout le NCmod PPAS à le NC de ce NCmod VPS un autre NCo plus ADJ , de NC PPAS ."
523,1882_Verne_L-Ecole-des-Robinsons_A.txt,Impossible .,ADJ .
524,1882_Verne_L-Ecole-des-Robinsons_A.txt,"Tartelett tanguait et roulait déjà par anticipation , tout comme le capitaine de le Dream.Il fallut renoncer à conserver les traits de cet homme remarquable .","NP VIMP et VIMP déjà par NC , tout comme le NC de le NP VPS INF à INF le NCo de ce NCmod ADJ ."
525,1882_Verne_L-Ecole-des-Robinsons_A.txt,"Irréparable malheur pour la postérité , si – mais éloignons cette pensée !","ADJ NC pour le NCmod , si – mais PRES ce NCo !"
526,1882_Verne_L-Ecole-des-Robinsons_A.txt,"– si , tout en croyant ne partir que pour l' ancien monde , Tartelett partait pour cet autre monde dont on ne revient pas.Le 9 juin , on était prêt .","– si , tout en VCOG ne INF que pour le ADJ NC , NP VIMP pour ce autre NC dont on ne PRES pas.Le NUM MOIS , on être ADJ ."
527,1882_Verne_L-Ecole-des-Robinsons_A.txt,Le Dream n' avait plus qu' à appareiller .,le NP ne avoir plus que à INF .
528,1882_Verne_L-Ecole-des-Robinsons_A.txt,"Ses papiers , connaissement , charte-partie , police d' assurance , étaient en règle , et , deux jours avant , le courtier de la maison Kolderup avait envoyé les dernières signatures.Ce jour -là , un grand déjeuner d' adieu fut donné à l' hôtel de Montgomery-Street .","DETPOSS NCs , NC , NC , NC de NCSENT , être en NC , et , NUM NCT PHASE , le NCs de le NCmod NP avoir PPAS le NCo NP NCT ADVLIEU , un ADJ NC de NCmod être PPAS à le NC de NP ."
529,1882_Verne_L-Ecole-des-Robinsons_A.txt,"On but à l' heureux voyage de Godfrey et à son prompt retour.Godfrey ne laissait pas d' être assez ému , et il ne chercha point à le cacher .","on NCs à le ADJ NCmod de NP et à DETPOSS NC NP ne laisser pas de être ADV PPAS , et il ne VPS ADV à le NC ."
530,1882_Verne_L-Ecole-des-Robinsons_A.txt,Phina se montra plus ferme que lui .,NP se VPS plus ADJ que lui .
531,1882_Verne_L-Ecole-des-Robinsons_A.txt,"Quant à Tartelett , il noya ses appréhensions dans quelques verres de champagne , dont l' influence se prolongea jusqu' à le moment de le départ .","quant à NP , il VPS DETPOSS NCSENT dans quelque NC de NCmod , dont le NCs se VPS jusque à le NC de le NCmod ."
532,1882_Verne_L-Ecole-des-Robinsons_A.txt,"Il faillit même oublier sa pochette , qui lui fut rapportée à l' instant où on larguait les amarres de le Dream.Les derniers adieux furent faits à bord , les dernières poignées de main s' échangèrent sur la dunette ; puis , la machine donna quelques tours d' hélice , qui firent déborder le steamer .","il VPS même VCOG DETPOSS NCo , qui lui être PPAS à le NC où on VIMP le NCo de le NP ADJ ADJ être faire à NC , le ADJ NCs de NCCOR se VPS sur le NC ; puis , le NCs VPS quelque NCo de NCmod , qui faire INF le NCo ."
533,1882_Verne_L-Ecole-des-Robinsons_A.txt,– Adieu !,– NP !
534,1882_Verne_L-Ecole-des-Robinsons_A.txt,Phina .,NP .
535,1882_Verne_L-Ecole-des-Robinsons_A.txt,– Adieu !,– NP !
536,1882_Verne_L-Ecole-des-Robinsons_A.txt,Godfrey .,NP .
537,1882_Verne_L-Ecole-des-Robinsons_A.txt,– Que le Ciel vous conduise !,– que le NP vous PRES !
538,1882_Verne_L-Ecole-des-Robinsons_A.txt,dit l' oncle .,VDIC le NCs .
539,1882_Verne_L-Ecole-des-Robinsons_A.txt,– Et surtout qu' il nous ramène !,– et surtout que il nous PRES !
540,1882_Verne_L-Ecole-des-Robinsons_A.txt,murmura le professeur Tartelett .,VDIC le NCo NP .
541,1882_Verne_L-Ecole-des-Robinsons_A.txt,"– Et n' oublie jamais , Godfrey , ajouta William W. Kolderup , la devise que le Dream porte à son tableau d' arrière : Confide , recte agens .","– et ne VCOG ADVTEMPS , NP , VPS NP NP NP , le NC que le NP PRES à DETPOSS NC de NCmod : NP , PRES NCo ."
542,1882_Verne_L-Ecole-des-Robinsons_A.txt,"– Jamais , oncle Will !","– ADVTEMPS , NC NP !"
543,1882_Verne_L-Ecole-des-Robinsons_A.txt,"Adieu , Phina !– Adieu !","NP , NP !– NP !"
544,1882_Verne_L-Ecole-des-Robinsons_A.txt,"Godfrey.Le steamer s' éloigna , les mouchoirs s' agitèrent , tant qu' il resta en vue de le quai , même un peu au-delà .","NP NP se VPS , le NCs se VPS , tant que il VPS en NC de le NCmod , même un peu ADV ."
545,1882_Verne_L-Ecole-des-Robinsons_A.txt,"Bientôt cette baie de San Francisco , la plus vaste de le monde , était traversée , le Dream franchissait l' étroit goulet de Golden-Gate , puis il tranchait de son étrave les eaux de le Pacifique : c' était comme si cette « Porte d' or » venait de se refermer sur lui.VILe voyage était commencé .","bientôt ce NCspas de NP NP , le plus ADJ de le NC , être PPAS , le NP VIMP le ADJ NCo de NP , puis il VIMP de DETPOSS NC le NCmod de le NP : ce être comme si ce "" NP de NCmod "" venir de se INF sur lui.VILe NC être VASP ."
546,1882_Verne_L-Ecole-des-Robinsons_A.txt,"Ce n' était pas le difficile , on en conviendra volontiers.Ainsi que le répétait souvent le professeur Tartelett , avec une incontestable logique :– Un voyage commence toujours !","ce ne être pas le ADJ , on en VF ADV que le VIMP ADVTEMPS le NCs NP , avec un ADJ NCmod :– un NCs VASP ADVTEMPS !"
547,1882_Verne_L-Ecole-des-Robinsons_A.txt,"Mais où et comment il finit , c' est l' important !","mais où et comment il VASP , ce être le ADJ !"
548,1882_Verne_L-Ecole-des-Robinsons_A.txt,"La cabine occupée par Godfrey s' ouvrait , à le fond de la dunette de le Dream , sur le carré d' arrière , qui servait de salle à manger .","le NCs PPAS par NP se VIMP , à le NC de le NCmod de le NP , sur le NC de NCmod , qui VIMP de NC à INF ."
549,1882_Verne_L-Ecole-des-Robinsons_A.txt,Notre jeune voyageur était installé là aussi conforta­blement que possible .,DETPOSS ADJ NCs être PPAS ADVLIEU aussi ADV que ADJ .
550,1882_Verne_L-Ecole-des-Robinsons_A.txt,Il avait offert à la photographie de Phina la meilleure place sur le mieux éclairé de les panneaux de sa chambre .,il avoir PPAS à le NC de NP le meilleur NCo sur le mieux ADJ de le NCmod de DETPOSS NCmod .
551,1882_Verne_L-Ecole-des-Robinsons_A.txt,"Un cadre pour dormir , un lavabo pour sa toilette , quelques armoires pour ses vêtements et son linge , une table pour travailler , un fauteuil pour s' asseoir , que lui fallait -il de plus , à ce passager de vingt-deux ans ?","un NC pour INF , un NC pour DETPOSS NCmod , quelque NC pour DETPOSS NCmod et DETPOSS NC , un NC pour INF , un NC pour se INF , que lui VIMP il de plus , à ce NC de NUM NCT ?"
552,1882_Verne_L-Ecole-des-Robinsons_A.txt,"Dans ces conditions , il aurait fait vingt-deux fois le tour de le monde !","dans ce NC , il avoir faire NUM fois le NCo de le NCmod !"
553,1882_Verne_L-Ecole-des-Robinsons_A.txt,N' était -il pas à l' âge de cette philosophie pratique que constituent la belle santé et la bonne humeur ?,ne être il pas à le NC de ce NCmod ADJ que PRES le ADJ NC et le ADJ NC ?
554,1882_Verne_L-Ecole-des-Robinsons_A.txt,Ah !,INTJ !
555,1882_Verne_L-Ecole-des-Robinsons_A.txt,"jeunes gens , voyagez si vous le pouvez , et si vous ne le pouvez pas … voyagez tout de même !Tartelett , lui , n' était plus de bonne humeur .","ADJ NCs , IMP si vous le pouvoir , et si vous ne le PRES pas … IMP tout de même NP , lui , ne être plus de ADJ NC ."
556,1882_Verne_L-Ecole-des-Robinsons_A.txt,"Sa cabine , près de la cabine de son élève , lui semblait bien étroite , son cadre bien dur , les six yards superficiels qu' elle occupait en abord , bien insuffisants pour qu' il y pût répéter ses battus et ses pas de bourrée .","DETPOSS NCs , ADVLIEU de le NC de DETPOSS NCmod , lui sembler bien ADJ , DETPOSS NC bien ADJ , le NUM NC ADJ que il VIMP en NC , bien ADJ pour que il y VSUBI INF DETPOSS NCo et DETPOSS pas de NCmod ."
557,1882_Verne_L-Ecole-des-Robinsons_A.txt,"Le voyageur , en lui , n' absorberait -il donc pas le professeur de danse et de maintien ?","le NCs , en lui , ne VCOND il donc pas le NCo de NCmod et de NC ?"
558,1882_Verne_L-Ecole-des-Robinsons_A.txt,Non !,non !
559,1882_Verne_L-Ecole-des-Robinsons_A.txt,"C' était dans le sang , et , lorsque Tartelett arrivera à l' heure de se coucher pour le dernier sommeil , ses pieds se trouveront encore placés en ligne horizontale , les talons l' un contre l' autre , à la première position.Les repas devaient se prendre en commun , et c' est ce qui fut fait – Godfrey et Tartelett vis-à-vis l' un de l' autre , le capitaine et le second occupant chacun l' un de les bouts de la table de roulis .","ce être dans le NCCOR , et , lorsque NP VF à le NCT de se INF pour le ADJ NC , DETPOSS NCCOR se VF encore PPAS en NC ADJ , le NCCOR le un contre le autre , à le ADJ position.Les NCmod devoir se INF en ADJ , et ce être ce qui être faire – NP et NP ADV le un de le autre , le NC et le NC PPRES chacun le un de le NCmod de le NCmod de NCmod ."
560,1882_Verne_L-Ecole-des-Robinsons_A.txt,"Cette effrayante dénomination , « table de roulis » , laissait déjà comprendre que la place de le professeur serait trop souvent vide !","ce ADJ NCs , "" NC de NCmod "" , laisser déjà VCOG que le NCs de le NCmod être trop ADVTEMPS ADJ !"
561,1882_Verne_L-Ecole-des-Robinsons_A.txt,"À le départ , dans ce beau mois de juin , il faisait une belle brise de le nord-est .","à le NC , dans ce ADJ NCT de MOIS , il faire un ADJ NCo de le NCmod ."
562,1882_Verne_L-Ecole-des-Robinsons_A.txt,"Le capitaine Turcotte avait pu faire établir la voilure , afin d' accroître sa vitesse , et le Dream , tout dessus , bien appuyé , ne roulait pas trop d' un bord sur l' autre .","le NCs NP avoir pouvoir faire INF le NC , ADV de INF DETPOSS NCo , et le NP , tout ADV , bien PPAS , ne VIMP pas trop de un NC sur le autre ."
563,1882_Verne_L-Ecole-des-Robinsons_A.txt,"En outre , comme la lame le prenait par l' arrière , le tangage ne le fatiguait point outre mesure .","en ADV , comme le NC le VIMP par le NC , le NCs ne le VSENT ADV outre NC ."
564,1882_Verne_L-Ecole-des-Robinsons_A.txt,"Cette allure n' est pas celle qui fait , sur le visage de les passagers , les nez pincés , les yeux caves , les fronts livides , les joues sans couleur .","ce NCMAN ne être pas celui qui faire , sur le NCCOR de le NCmod , le NCCOR NCmod , le NCCOR ADJ , le NCCOR ADJ , le NC sans NCmod ."
565,1882_Verne_L-Ecole-des-Robinsons_A.txt,C' était donc supportable .,ce être donc ADJ .
566,1882_Verne_L-Ecole-des-Robinsons_A.txt,"On piquait droit dans le sud-ouest sur une jolie mer , moutonnant à peine : le littoral américain n' avait pas tardé à disparaître sous l' horizon.Pendant deux jours , aucun incident de navigation ne se produisit , qui soit digne d' être relaté .","on VIMP NCo dans le NC sur un ADJ NC , PPRES à NCSENT : le NCs ADJ ne avoir pas PPAS à INF sous le NP NUM NCT , aucun NCs de NCmod ne se VPS , qui être ADJ de être PPAS ."
567,1882_Verne_L-Ecole-des-Robinsons_A.txt,Le Dream faisait bonne route .,le NP faire ADJ NC .
568,1882_Verne_L-Ecole-des-Robinsons_A.txt,Le début de ce voyage était donc favorable – bien que le capitaine Turcotte laissât percer quelquefois une inquiétude qu' il eût en vain essayé de dissimuler .,le NCs de ce NCmod être donc ADJ – bien que le NCs NP laisser INF ADVTEMPS un NCSENT que il avoir en ADJ PPAS de INF .
569,1882_Verne_L-Ecole-des-Robinsons_A.txt,"Chaque jour , lorsque le soleil passait à le méridien , il relevait exactement la situation de le navire .","chaque NCT , lorsque le NCs VIMP à le NC , il VIMP ADVINT le NCo de le NCmod ."
570,1882_Verne_L-Ecole-des-Robinsons_A.txt,"Mais on pouvait observer qu' aussitôt il emmenait le second dans sa cabine , et là , tous deux restaient en conférence secrète , comme s' ils avaient eu à discuter en vue de quelque éventualité grave .","mais on pouvoir INF que aussitôt il VIMP le NCo dans DETPOSS NC , et ADVLIEU , tout deux VIMP en NC ADJ , comme si il avoir avoir à INF en NC de quelque NCmod ADJ ."
571,1882_Verne_L-Ecole-des-Robinsons_A.txt,"Ce détail , sans doute , passait inaperçu pour Godfrey , qui n' entendait rien à les choses de la navigation , mais le maître d' équipage et quelques -uns de les matelots ne laissaient pas d' en être surpris.Ces braves gens le furent d' autant plus , que , deux ou trois fois , dès la première semaine , pendant la nuit , sans que rien ne nécessitât cette manœuvre , la direction de le Dream fut sensiblement modifiée , puis reprise à le jour .","ce NC , sans NCSENT , VIMP PPAS pour NP , qui ne VCOG rien à le chose de le NCmod , mais le NCs de NCmod et quelque NC de le NCmod ne VIMP pas de en être surpris.Ces ADJ NC le être de autant plus , que , NUM ou NUM fois , dès le ADJ NCmod , PHASE le NCT , sans que rien ne VSUBI ce NCo , le NCspas de le NP être ADVINT PPAS , puis PPAS à le NCT ."
572,1882_Verne_L-Ecole-des-Robinsons_A.txt,"Ce qui se fût expliqué avec un navire à voiles , soumis à les variations de les courants atmosphériques , ne s' expliquait plus avec un steamer , qui peut suivre la ligne de les grands cercles et serre ses voiles lorsque le vent ne lui est plus favorable.Le 12 juin , dans la matinée , un incident très inattendu se produisit à bord.Le capitaine Turcotte , son second et Godfrey allaient se mettre à table pour déjeuner , lorsqu' un bruit insolite se fit entendre sur le pont .","ce qui se être VDIC avec un NC à NCmod , PPAS à le NC de le NCmod ADJ , ne se VDIC plus avec un NC , qui pouvoir INF le NCo de le ADJ NCmod et PRES DETPOSS NCo lorsque le NCs ne lui être plus favorable.Le NUM MOIS , dans le NC , un NCs très ADJ se PRES à bord.Le NC NP , DETPOSS NC et NP aller se mettre à NC pour INF , lorsque un NC ADJ se faire VCOG sur le NC ."
573,1882_Verne_L-Ecole-des-Robinsons_A.txt,"Presque aussitôt le maître d' équipage , poussant la porte , parut sur le seuil de le carré .","presque aussitôt le NCs de NCmod , PPRES le NCo , paraître sur le NC de le NCmod ."
574,1882_Verne_L-Ecole-des-Robinsons_A.txt,– Capitaine !,– NP !
575,1882_Verne_L-Ecole-des-Robinsons_A.txt,dit -il .,VDIC il .
576,1882_Verne_L-Ecole-des-Robinsons_A.txt,– Qu' y a -t -il donc ?,– que y avoir t il donc ?
577,1882_Verne_L-Ecole-des-Robinsons_A.txt,"répondit vivement Turcotte , comme un marin toujours sur le qui-vive .","VDIC ADVINT NP , comme un NCmod ADVTEMPS sur le NCmod ."
578,1882_Verne_L-Ecole-des-Robinsons_A.txt,– Il y a … un Chinois !,– il y avoir … un NP !
579,1882_Verne_L-Ecole-des-Robinsons_A.txt,dit le maître d' équipage .,VDIC le NCo de NCmod .
580,1882_Verne_L-Ecole-des-Robinsons_A.txt,– Un Chinois ?– Oui !,– un NP ?– oui !
581,1882_Verne_L-Ecole-des-Robinsons_A.txt,"un vrai Chinois que nous venons de découvrir , par hasard , à fond de cale !– À fond de cale !","un vrai NP que nous venir de VCOG , par NC , à NC de NCmod !– à NC de NCmod !"
582,1882_Verne_L-Ecole-des-Robinsons_A.txt,s' écria le capitaine Turcotte .,se VDIC le NCs NP .
583,1882_Verne_L-Ecole-des-Robinsons_A.txt,"De par tous les diables de le Sacramento , qu' on l' envoie à fond de mer !– All right !","de par tout le NC de le NP , que on le PRES à NC de NCmod !– ADJ NC !"
584,1882_Verne_L-Ecole-des-Robinsons_A.txt,répondit le maître d' équipage .,VDIC le NCo de NCmod .
585,1882_Verne_L-Ecole-des-Robinsons_A.txt,"Et l' excellent homme , avec le mépris que doit ressentir tout Californien pour un fils de le Céleste Empire , trouvant cet ordre on ne peut plus naturel , ne se fût fait aucun scrupule de l' exécuter .","et le ADJ NC , avec le NCmod que devoir VSENT tout NP pour un NC de le NP NC , PPRES ce NCo on ne pouvoir plus ADJ , ne se être faire aucun NCo de le NCmod ."
586,1882_Verne_L-Ecole-des-Robinsons_A.txt,"Cependant le capitaine Turcotte s' était levé ; puis , suivi de Godfrey et de le second , il quittait le carré de la dunette et se dirigeait vers le gaillard d' avant de le Dream .","cependant le NCs NP se être PPAS ; puis , PPAS de NP et de le NC , il VIMP le NCo de le NCmod et se VIMP vers le NC de PHASE de le NP ."
587,1882_Verne_L-Ecole-des-Robinsons_A.txt,"Là , en effet , un Chinois , étroitement tenu , se débattait à les mains de deux ou trois matelots , qui ne lui épargnaient pas les bourrades .","ADVLIEU , en NC , un NP , ADV PPAS , se VIMP à le NCCOR de NUM ou NUM NCmod , qui ne lui VIMP pas le NCo ."
588,1882_Verne_L-Ecole-des-Robinsons_A.txt,"C' était un homme de trente-cinq à quarante ans , de physionomie intelligente , bien constitué , la figure glabre , mais un peu hâve par suite de ce séjour de soixante heures à le fond d' une cale mal aérée .","ce être un NC de NUM à NUM NCT , de NC ADJ , bien PPAS , le NCCOR ADJ , mais un peu NC par NCmod de ce NCmod de NUM NCT à le NCmod de un NCmod mal ADJ ."
589,1882_Verne_L-Ecole-des-Robinsons_A.txt,Le hasard seul l' avait fait découvrir dans son obscure retraite .,le NC ADJ le avoir faire VCOG dans DETPOSS NC PRES .
590,1882_Verne_L-Ecole-des-Robinsons_A.txt,Le capitaine Turcotte fit aussitôt signe à ses hommes de lâcher le malheureux intrus .,le NCs NP faire aussitôt NCo à DETPOSS NCmod de INF le ADJ NCo .
591,1882_Verne_L-Ecole-des-Robinsons_A.txt,– Qui es - tu ?,– qui être - je ?
592,1882_Verne_L-Ecole-des-Robinsons_A.txt,lui demanda -t -il .,lui VPS t il .
593,1882_Verne_L-Ecole-des-Robinsons_A.txt,– Un fils de le Soleil .,– un NC de le NP .
594,1882_Verne_L-Ecole-des-Robinsons_A.txt,"– Et comment te nommes -tu ?– Seng-Vou , répondit le Chinois , dont le nom , en langue célestiale , signifie : qui ne vit pas .","– et comment me ADJ tu ?– NP , VDIC le NP , dont le NC , en NCCOR ADJ , PRES : qui ne VCOG pas ."
595,1882_Verne_L-Ecole-des-Robinsons_A.txt,"– Et que fais -tu ici , à bord ?– Je navigue !… répondit tranquillement Seng-Vou , mais en ne vous causant que le moins de tort possible .","– et que faire -tre ADVLIEU , à NC ?– je ADJ !… VDIC ADVMAN NP , mais en ne vous PPRES que le moins de NCmod ADJ ."
596,1882_Verne_L-Ecole-des-Robinsons_A.txt,– Vraiment !,– ADVINT !
597,1882_Verne_L-Ecole-des-Robinsons_A.txt,le moins de tort !,le moins de NCmod !
598,1882_Verne_L-Ecole-des-Robinsons_A.txt,"… Et tu t' es caché dans la cale à le moment de le départ ?– Comme vous dites , capitaine .","… et je lui être PPAS dans le NC à le NC de le NCmod ?– comme vous VDIC , NC ."
599,1882_Verne_L-Ecole-des-Robinsons_A.txt,"– Afin de te faire reconduire gratis d' Amérique en Chine , de l' autre côté de le Pacifique ?– Si vous le voulez bien .","– ADV de me faire INF ADJ de NP en NP , de le autre NCmod de le NP ?– si vous le vouloir bien ."
600,1882_Verne_L-Ecole-des-Robinsons_A.txt,"– Et si je ne le veux pas , mauricaud à peau jaune , si je te priais de vouloir bien regagner la Chine à la nage ?– J' essaierais , répondit le Chinois en souriant , mais il est probable que je coulerais en route !– Eh bien , maudit JohnSurnom que les Américains donnent à les Chinois .","– et si je ne le ADJ pas , NC à NCCOR ADJCOL , si je me VIMP de vouloir bien INF le NP à le NC ?– je VCOND , VDIC le NCo en PPRES , mais il être ADJ que je VCOND en NC !– INTJ bien , VDIC NP que le NCs PRES à le NP ."
601,1882_Verne_L-Ecole-des-Robinsons_A.txt,", s' écria le capitaine Turcotte , je vais t' apprendre à vouloir économiser les frais de passage !",", se VDIC le NCs NP , je aller lui VCOG à vouloir INF le NCo de NCmod !"
602,1882_Verne_L-Ecole-des-Robinsons_A.txt,"» Et le capitaine Turcotte , beaucoup plus en colère que la circonstance ne le comportait , allait peut-être mettre sa menace à exécution , lorsque Godfrey intervint .",""" et le NCs NP , beaucoup plus en NCSENT que le NCs ne le VIMP , aller peut-être mettre DETPOSS NCo à NC , lorsque NP ADJ ."
603,1882_Verne_L-Ecole-des-Robinsons_A.txt,"– Capitaine , dit -il , un Chinois de plus à bord de le Dream , c' est un Chinois de moins en Californie , où il y en a tant !– Où il yen a trop !","– NP , VDIC il , un NP de plus à NCmod de le NCmod , ce être un NC de moins en NP , où il y en avoir tant !– où il ADJ avoir trop !"
604,1882_Verne_L-Ecole-des-Robinsons_A.txt,répondit le capitaine Turcotte .,VDIC le NCo NP .
605,1882_Verne_L-Ecole-des-Robinsons_A.txt,"– Trop , en effet , reprit Godfrey .","– trop , en NC , VPS NP ."
606,1882_Verne_L-Ecole-des-Robinsons_A.txt,"Eh bien , puisque ce pauvre diable a jugé à propos de délivrer San Francisco de sa présence , cela mérite quelque pitié !","INTJ bien , puisque ce NCs ADJ avoir PPAS à NC de INF NP NP de DETPOSS NCmod , cela PRES quelque VSENT !"
607,1882_Verne_L-Ecole-des-Robinsons_A.txt,… Bah !,… INTJ !
608,1882_Verne_L-Ecole-des-Robinsons_A.txt,"nous le jetterons en passant de le côté de Shangaï , et il n' en sera plus jamais question !","nous le PRES en PPRES de le NC de NP , et il ne en être plus ADVTEMPS NC !"
609,1882_Verne_L-Ecole-des-Robinsons_A.txt,"En disant qu' il y a trop de Chinois dans l' État de Californie , Godfrey tenait là le langage d' un vrai Californien .","en VDIC que il y avoir trop de NP dans le NC de NP , NP VIMP ADVLIEU le NCo de un vrai NP ."
610,1882_Verne_L-Ecole-des-Robinsons_A.txt,"Il est certain que l' émigration de les fils de le Céleste Empire – ils sont trois cents millions en Chine contre trente millions d' Américains à les États-Unis – , est devenue un danger pour les provinces de le Far-West .","il être ADJ que le NC de le NCmod de le NP NC – il être NUM ADJ NCs en NP contre NUM NCmod de NCmod à le NP – , être devenir un NCo pour le NCmod de le NP ."
611,1882_Verne_L-Ecole-des-Robinsons_A.txt,"Aussi les législateurs de ces États , Californie , Basse-Californie , Oregon , Nevada , Utah , et le Congrès lui-même , se sont -ils préoccupés de l' invasion de ce nouveau genre d' épidémie , à laquelle les Yankees ont donné le nom significatif de « peste jaune » .À cette époque , on comptait plus de cinquante mille Célestiaux , rien que dans l' État de Californie .","aussi le NCs de ce NCmod , NP , NP , NP , NP , NP , et le NP soi-même , se être il VSENT de le NC de ce ADJ NCmod de NCmod , à lequel le NP avoir PPAS le NCo ADJ de "" NCmod ADJCOL "" .À ce NC , on VIMP plus de NUM NUM NC , rien que dans le NCmod de NP ."
612,1882_Verne_L-Ecole-des-Robinsons_A.txt,"Ces gens , très industrieux en matière de lavage d' or , très patients aussi , vivant d' une pincée de riz , d' une gorgée de thé , d' une bouffée d' opium , tendaient à faire baisser le prix de la main-d'œuvre à le détriment de les ouvriers indigènes .","ce NCs , très ADJ en NCmod de NCmod de NCmod , très ADJ aussi , PPRES de un NC de NCmod , de un NCmod de NCmod , de un NCmod de NCmod , VIMP à faire INF le NCo de le NCmod à le NCmod de le NCmod ADJ ."
613,1882_Verne_L-Ecole-des-Robinsons_A.txt,"Aussi avait -on dû les soumettre à de les lois spéciales , contrairement à la constitution américaine – lois qui réglaient leur immigration , et ne leur donnaient pas le droit de se faire naturaliser , de crainte qu' ils ne finissent par obtenir la majorité à le Congrès .","aussi avoir on devoir le INF à de le NC ADJ , ADV à le NC ADJ – NC qui VIMP lui NCo , et ne lui VIMP pas le NCo de se faire INF , de NCSENT que il ne VASP par INF le NCo à le NP ."
614,1882_Verne_L-Ecole-des-Robinsons_A.txt,"D' ailleurs , généralement maltraités , à l' égal de les Indiens et de les nègres , afin de justifier cette qualification de « pestiférés » dont on les gratifiait , sont -ils le plus souvent parqués en une sorte de ghetto , où ils conservent soigneusement les mœurs et les habitudes de le Céleste Empire.Dans la capitale de la Californie , c' est vers le quartier de la rue Sacramento , orné de leurs enseignes et de leurs lanternes , que la pression de les gens d' autre race les a concentrés .","de ADVLIEU , ADVTEMPS ADJ , à le NC de le NP et de le NC , ADV de INF ce NCo de "" ADJ "" dont on le VIMP , être il le plus ADVTEMPS PPAS en un sorte de NCmod , où il PRES ADV le NCo et le NC de le NP Empire.Dans le NCmod de le NP , ce être vers le NC de le NCmod NP , PPAS de DETPOSS NC et de DETPOSS NC , que le NCs de le NCmod de autre NCmod le avoir PPAS ."
615,1882_Verne_L-Ecole-des-Robinsons_A.txt,"C' est là qu' on les rencontre par milliers , trottinant avec leur blouse à larges manches , leur bonnet conique , leurs souliers à pointe relevée .","ce être ADVLIEU que on le PRES par NC , PPRES avec lui NC à ADJ NCmod , lui NC ADJ , DETPOSS NC à NCmod PPAS ."
616,1882_Verne_L-Ecole-des-Robinsons_A.txt,"C' est là qu' ils se font , pour la plupart , épiciers , jardiniers ou blanchisseurs – à moins qu' ils ne servent comme cuisiniers , ou n' appartiennent à ces troupes dramatiques , qui représentent de les pièces chinoises sur le théâtre français de San Francisco.Et – il n' y a aucune raison pour le cacher – , Seng-Vou faisait partie d' une de ces troupes hétérogènes , dans laquelle il tenait l' emploi de premier comique – si toutefois cette expression de le théâtre européen peut s' appliquer à n' importe quel artiste chinois .","ce être ADVLIEU que il se faire , pour le NC , NC , NC ou NC – à moins que il ne PRES comme NC , ou ne PRES à ce NC ADJ , qui PRES de le NC ADJ sur le NCmod ADJ de NP NP – il ne y avoir aucun NCo pour le NC – , NP faire NCo de un de ce NCmod ADJ , dans lequel il VIMP le NCo de ADJ NCmod – si ADV ce NCs de le NCmod ADJ pouvoir se INF à ne PRES quel NC ADJ ."
617,1882_Verne_L-Ecole-des-Robinsons_A.txt,"En effet , ils sont tellement sérieux , même lorsqu' ils plaisantent , que le romancier californien Hart-Bret a pu dire qu' il n' avait jamais vu rire un acteur chinois , et même avoue -t -il n' avoir pu reconnaître si l' une de ces pièces à laquelle il assistait était une tragédie ou une simple farce.Bref , Sang-Vou était un comique .","en NC , il être ADVINT ADJ , même lorsque il PRES , que le NCs ADJ NP avoir pouvoir VDIC que il ne avoir ADVTEMPS VCOG INF un NCo ADJ , et même PRES t il ne avoir pouvoir VCOG si le un de ce NCmod à lequel il VIMP être un NC ou un ADJ NP , NP être un NC ."
618,1882_Verne_L-Ecole-des-Robinsons_A.txt,"La saison terminée , riche de succès , plus peut-être que d' espèces sonnantes , il avait voulu regagner son pays autrement qu' à l' état de cadavreL' habitude de les Chinois est de se faire enterrer dans leur pays , et il y a de les navires qui sont uniquement affectés à ce transport de cadavres .. C' est pourquoi , à tout hasard , il s' était glissé subrepticement dans la cale de le Dream.Muni de provisions , espérait -il donc faire incognito cette traversée de quelques semaines ; puis débarquer sur un point de la côte chinoise , comme il s' était embarqué , sans être vu ?","le NC PPAS , ADJ de NC , plus peut-être que de espèce ADJ , il avoir vouloir INF DETPOSS NCo ADVINT que à le NC de cadavrele NCmod de le NP être de se faire INF dans lui NC , et il y avoir de le NC qui être ADV VSENT à ce NC de NCmod .. ce être pourquoi , à tout NC , il se être PPAS ADV dans le NC de le NP de NCmod , VCOG il donc faire incognito ce NC de quelque NCmod ; puis INF sur un NC de le NCmod ADJ , comme il se être PPAS , sans être VCOG ?"
619,1882_Verne_L-Ecole-des-Robinsons_A.txt,"C' est possible , après tout .","ce être ADJ , PHASE tout ."
620,1882_Verne_L-Ecole-des-Robinsons_A.txt,"En somme , le cas n' était certainement pas pendable.Aussi Godfrey avait -il eu raison d' intervenir en faveur de l' intrus , et le capitaine Turcotte , qui se faisait plus méchant qu' il n' était , renonça -t -il , sans trop de peine , à envoyer Seng-Vou par-dessus le bord , s' ébattre dans les eaux de le Pacifique.Seng -Vou ne réintégra donc pas sa cachette à le fond de le navire , mais il ne devait pas être bien gênant à bord .","en NC , le NCs ne être ADVINT pas NP NP avoir il avoir NCo de INF en NC de le NCmod , et le NC NP , qui se faire plus ADJ que il ne être , VPS t il , sans trop de NCSENT , à INF NP ADV le NC , se INF dans le NC de le NP NP ne VF donc pas DETPOSS NCo à le NC de le NCmod , mais il ne devoir pas être bien VSENT à NC ."
621,1882_Verne_L-Ecole-des-Robinsons_A.txt,"Flegmatique , méthodique , peu communicatif , il évitait soigneusement les matelots , qui avaient toujours quelque bourrade à sa disposition ; il se nourrissait sur sa réserve de provisions .","ADJ , ADJ , peu ADJ , il VIMP ADV le NCo , qui avoir ADVTEMPS quelque NCo à DETPOSS NCmod ; il se VIMP sur DETPOSS NC de NCmod ."
622,1882_Verne_L-Ecole-des-Robinsons_A.txt,"Tout compte fait , il était assez maigre pour que son poids , ajouté en surcharge , n' accrût pas sensiblement les frais de navigation de le Dream .","tout NC faire , il être ADV ADJ pour que DETPOSS NCs , PPAS en NC , ne VSUBI pas ADVINT le NCo de NCmod de le NP ."
623,1882_Verne_L-Ecole-des-Robinsons_A.txt,"Si Seng-Vou passait gratuitement , à coup sûr son passage ne coûterait pas un cent à la caisse de William W. Kolderup.Sa présence à bord , cependant , amena de la part de le capitaine Turcotte une réflexion , dont son second , sans doute , fut seul à comprendre le sens particulier :– Il va bien nous gêner , ce damné Chinois , quand il faudra !","si NP VIMP ADV , à NC ADJ DETPOSS NCs ne VCOND pas un NCo à le NCmod de NP NP NP PRES à NC , cependant , NCs de le NCmod de le NCmod NP un NC , dont DETPOSS NC , sans NCSENT , VPS ADJ à VCOG le NCo ADJ :– il aller bien nous VSENT , ce NC ADJ , quand il VF !"
624,1882_Verne_L-Ecole-des-Robinsons_A.txt,"… Après tout , tant pis pour lui !– Pourquoi s' est -il embarqué frauduleusement sur le Dream !","… PHASE tout , tant PPAS pour lui !– pourquoi se être il PPAS ADV sur le NP !"
625,1882_Verne_L-Ecole-des-Robinsons_A.txt,répondit le second .,VDIC le NCo .
626,1882_Verne_L-Ecole-des-Robinsons_A.txt,– Surtout pour aller à Shangaï !,– surtout pour aller à NP !
627,1882_Verne_L-Ecole-des-Robinsons_A.txt,répliqua le capitaine Turcotte .,VPS le NCo NP .
628,1882_Verne_L-Ecole-des-Robinsons_A.txt,À le diable John et les fils de John !,à le ADJ NP et le NC de NP !
629,1882_Verne_L-Ecole-des-Robinsons_A.txt,"VIIPendant les jours qui suivirent , 13 , 14 et 15 juin , le baromètre descendit lentement , mais d' une façon continue , sans reprise , ce qui indiquait une tendance à se maintenir au-dessous de variable , entre pluie ou vent et tempête .","PPRES le NCT qui VPS , NUM , NUM et NUM MOIS , le NCs VPS ADV , mais de un façon ADJ , sans NC , ce qui VIMP un NCo à se INF ADVLIEU de NC , entre NC ou NC et NC ."
630,1882_Verne_L-Ecole-des-Robinsons_A.txt,La brise fraîchit sensiblement en passant dans le sud-ouest .,le NCs PRES ADVINT en PPRES dans le NC .
631,1882_Verne_L-Ecole-des-Robinsons_A.txt,"C' était vent debout pour le Dream ; il eut à lutter contre de les lames assez fortes , qui le prenaient par l' avant .","ce être PRES ADV pour le NC ; il avoir à INF NC de le NC ADV fort , qui le VIMP par le PHASE ."
632,1882_Verne_L-Ecole-des-Robinsons_A.txt,"Les voiles furent donc serrées dans leurs étuis , et il fallut marcher avec l' hélice , mais sous médiocre pression , afin d' éviter les mauvais coups.Godfrey supporta très bien ces épreuves de le tangage et de le roulis , sans même perdre un seul instant de sa belle humeur .","le NCspas être donc PPAS dans DETPOSS NC , et il VPS INF avec le NC , mais sous ADJ NC , ADV de INF le ADJ NP VPS très bien ce NCo de le NCmod et de le NC , sans même INF un ADJ NCo de DETPOSS ADJ NCmod ."
633,1882_Verne_L-Ecole-des-Robinsons_A.txt,"Très évidemment , ce brave garçon aimait la mer.Mais Tartelett , lui , n' aimait pas la mer , et elle le lui rendait bien .","très ADV , ce ADJ NCs VSENT le NP NP , lui , ne VSENT pas le NCo , et il le lui VIMP bien ."
634,1882_Verne_L-Ecole-des-Robinsons_A.txt,"Il fallait voir l' infortuné professeur de maintien ne se maintenant plus , le professeur de danse dansant contrairement à toutes les règles de l' art .","il VIMP VCOG le ADJ NCo de NCmod ne se ADVT plus , le NC de NCmod PPRES ADV à tout le NCo de le NCmod ."
635,1882_Verne_L-Ecole-des-Robinsons_A.txt,"Rester dans sa cabine , par ces secousses qui ébranlaient le steamer jusqu' à ses varangues il ne le pouvait pas .","INF dans DETPOSS NC , par ce NC qui VIMP le INF jusque à DETPOSS NC il ne le pouvoir pas ."
636,1882_Verne_L-Ecole-des-Robinsons_A.txt,– De l' air !,– de le NCMAN !
637,1882_Verne_L-Ecole-des-Robinsons_A.txt,dé l' air !,PPAS le NCMAN !
638,1882_Verne_L-Ecole-des-Robinsons_A.txt,soupirait-il.Aussi ne quittait -il plus le pont .,soupirait-il.Aussi ne VIMP il plus le NCo .
639,1882_Verne_L-Ecole-des-Robinsons_A.txt,"Un coup de roulis , et il allait d' un bord sur l' autre .","un NC de NCmod , et il aller de un NC sur le autre ."
640,1882_Verne_L-Ecole-des-Robinsons_A.txt,"Un coup de tangage , et il était projeté en avant , quitte à être reprojeté presque aussitôt en arrière .","un NCs de NCmod , et il être PPAS en PHASE , PRES à être PPAS presque aussitôt en NC ."
641,1882_Verne_L-Ecole-des-Robinsons_A.txt,"Il s' appuyait à les lisses , il se raccrochait à les cordages , il prenait de les attitudes absolument condamnées par les principes de la chorégraphie moderne !","il se VIMP à le NC , il se VIMP à le NC , il VIMP de le NC ADVINT PPAS par le NC de le NCmod ADJ !"
642,1882_Verne_L-Ecole-des-Robinsons_A.txt,Ah !,INTJ !
643,1882_Verne_L-Ecole-des-Robinsons_A.txt,que ne pouvait -il s' élever dans l' air par un mouvement de ballon pour échapper à les dénivellations de ce plancher mouvant !,que ne pouvoir il se INF dans le NCMAN par un NCmod de NCmod pour INF à le NC de ce NCmod ADJ !
644,1882_Verne_L-Ecole-des-Robinsons_A.txt,"Un danseur de ses ancêtres disait que , s' il consentait à reprendre pied sur la scène , c' était uniquement pour ne pas humilier ses camarades .","un NCs de DETPOSS NCmod VDIC que , si il VIMP à INF NCCOR sur le NC , ce être ADV pour ne pas VSENT DETPOSS NCo ."
645,1882_Verne_L-Ecole-des-Robinsons_A.txt,"Lui , Tartelett , il aurait voulu ne jamais redescendre sur ce pont que les coups de tangage semblaient entraîner dans l' abîme.Quelle idée le riche William W. Kolderup avait -il eue de l' envoyer là-dessus !– Est -ce que ce mauvais temps va durer ?","il , NP , il avoir vouloir ne ADVTEMPS INF sur ce NC que le NCs de NCmod VIMP INF dans le NC PPAS le ADJ NP NP NP avoir il PPAS de le INF ADV !– être ce que ce ADJ temps aller INF ?"
646,1882_Verne_L-Ecole-des-Robinsons_A.txt,demandait -il vingt fois par jour à le capitaine Turcotte .,VIMP il NUM fois par NCT à le NC NP .
647,1882_Verne_L-Ecole-des-Robinsons_A.txt,– Hum !,– NP !
648,1882_Verne_L-Ecole-des-Robinsons_A.txt,le baromètre n' est pas rassurant !,le NCs ne être pas ADJ !
649,1882_Verne_L-Ecole-des-Robinsons_A.txt,"répondait invariablement le capitaine , en fronçant le sourcil .","VDIC ADVTEMPS le NCo , en PPRES le NCCOR ."
650,1882_Verne_L-Ecole-des-Robinsons_A.txt,"– Est -ce que nous arriverons bientôt ?– Bientôt , monsieur Tartelett !","– être ce que nous VF bientôt ?– bientôt , monsieur NP !"
651,1882_Verne_L-Ecole-des-Robinsons_A.txt,… Hum !,… NP !
652,1882_Verne_L-Ecole-des-Robinsons_A.txt,bientôt !,bientôt !
653,1882_Verne_L-Ecole-des-Robinsons_A.txt,… Encore faut -il le temps de se rendre !– Et l' on appelle cela l' océan Pacifique !,… encore PRES il le temps de se INF !– et l' on PRES cela le NC ADJ !
654,1882_Verne_L-Ecole-des-Robinsons_A.txt,"répétait l' infortuné entre deux hoquets et deux oscillations.Nous dirons , en outre , que non seulement le professeur Tartelett souffrait de le mal de mer , mais aussi que la peur le prenait à voir ces grandes lames écumantes , qui déferlaient à la hauteur de les pavois de le Dream , à entendre les soupapes , soulevées par de violents chocs , qui laissaient fuir la vapeur par les tuyaux d' échappement , à sentir le steamer ballotté comme un bouchon de liège sur ces montagnes d' eau .","VIMP le NCo entre NUM NCmod et NUM ADJ NC , en ADV , que non seulement le NCs NP VIMP de le mal de NCmod , mais aussi que le NCSENT le VIMP à VCOG ce ADJ NCo ADJ , qui VIMP à le NC de le NCmod de le NP , à VCOG le NCo , PPAS par un ADJ NCSENT , qui laisser INF le NCo par le NCmod de NCmod , à sentir le NCo PPAS comme un NC de NCmod sur ce NCmod de NCmod ."
655,1882_Verne_L-Ecole-des-Robinsons_A.txt,– Non !,– non !
656,1882_Verne_L-Ecole-des-Robinsons_A.txt,il n' est pas possible que ça ne chavire pas !,il ne être pas ADJ que ça ne PRES pas !
657,1882_Verne_L-Ecole-des-Robinsons_A.txt,"répétait -il , en fixant sur son élève un regard inerte .","VIMP il , en PPRES sur DETPOSS NC un NCMAN ADJ ."
658,1882_Verne_L-Ecole-des-Robinsons_A.txt,"– De le calme , Tartelett !","– de le NCSENT , NP !"
659,1882_Verne_L-Ecole-des-Robinsons_A.txt,répondait Godfrey .,VDIC NP .
660,1882_Verne_L-Ecole-des-Robinsons_A.txt,"Un navire est fait pour flotter , que diable !","un NCs être faire pour INF , que ADJ !"
661,1882_Verne_L-Ecole-des-Robinsons_A.txt,Il y a de les raisons pour cela !– Je vous dis qu' il n' y en a pas !,il y avoir de le NC pour cela !– je vous VDIC que il ne y en avoir pas !
662,1882_Verne_L-Ecole-des-Robinsons_A.txt,"Et , dans cette pensée , le professeur avait revêtu sa ceinture de sauvetage .","et , dans ce NC , le NCs avoir PPAS DETPOSS NCo de NCmod ."
663,1882_Verne_L-Ecole-des-Robinsons_A.txt,"Il la portait , jour et nuit , étroitement sanglée sur sa poitrine .","il le VIMP , NCT et NCT , ADV PPAS sur DETPOSS NC ."
664,1882_Verne_L-Ecole-des-Robinsons_A.txt,On ne la lui aurait pas fait quitter à prix d' or .,on ne le lui avoir pas faire INF à NC de NCmod .
665,1882_Verne_L-Ecole-des-Robinsons_A.txt,"Toutes les fois que la mer lui laissait un instant de répit , il la regonflait par une forte expiration d' air .","tout le fois que le NCs lui laisser un NCo de NCmod , il le VSENT par un fort NC de NCMAN ."
666,1882_Verne_L-Ecole-des-Robinsons_A.txt,"En vérité , jamais il ne la trouvait assez pleine !","en NC , ADVTEMPS il ne le VIMP ADV ADJ !"
667,1882_Verne_L-Ecole-des-Robinsons_A.txt,Nous demandons l' indulgence pour les terreurs de Tartelett .,nous PRES le NCSENT pour le NCSENT de NP .
668,1882_Verne_L-Ecole-des-Robinsons_A.txt,"À qui n' a pas l' habitude de la mer , ses déchaînements sont de nature à causer un certain effroi , et , on le sait , ce passager malgré lui ne s' était pas même hasardé jusqu' à ce jour sur les eaux paisibles de la baie de San Francisco .","à qui ne avoir pas le NCo de le NCmod , DETPOSS NCs être de NC à INF un ADJ NCo , et , on le VCOG , ce NCs malgré lui ne se être pas même PPAS jusque à ce NCT sur le NC ADJ de le NCmod de NP NP ."
669,1882_Verne_L-Ecole-des-Robinsons_A.txt,"Donc , malaise à bord d' un navire par grande brise , épouvante à le choc de les lames , on peut lui passer cela .","donc , ADJ à NCmod de un NCmod par ADJ NCmod , NC à le NCSENT de le NCmod , on pouvoir lui INF cela ."
670,1882_Verne_L-Ecole-des-Robinsons_A.txt,"À le reste , le temps devenait de plus en plus mauvais et menaçait le Dream de quelque coup de vent prochain , que les sémaphores lui auraient annoncé , s' il eût été en vue de le littoral .","à le NC , le temps devenir de plus en plus ADJ et VDIC le NCo de quelque NCmod de NCmod ADJ , que le NCs lui avoir VDIC , si il avoir être en NC de le NCmod ."
671,1882_Verne_L-Ecole-des-Robinsons_A.txt,"Si , pendant le jour , le navire était effroyablement secoué , s' il ne marchait plus qu' à petite vapeur , afin de ne point faire d' avarie à sa machine , il arrivait néanmoins que , dans les fortes dénivellations de les couches liquides , l' hélice émergeait ou s' immergeait successivement .","si , PHASE le NCT , le NCspas être ADV PPAS , si il ne VIMP plus que à ADJ NC , ADV de ne ADV faire de NC à DETPOSS NCmod , il VIMP ADV que , dans le fort NC de le NCmod ADJ , le NCs VIMP ou se VIMP ADV ."
672,1882_Verne_L-Ecole-des-Robinsons_A.txt,"De là , battements formidables de ses branches dans les eaux plus profondes , ou affolements au-dessus de la ligne de flottaison , qui pouvaient compromettre la solidité de le système .","de ADVLIEU , NC ADJ de DETPOSS NCmod dans le NCmod plus ADJ , ou NCSENT ADVLIEU de le NC de NCmod , qui pouvoir INF le NCo de le NCmod ."
673,1882_Verne_L-Ecole-des-Robinsons_A.txt,"C' étaient alors comme de les détonations sourdes qui se produisaient sous l' arrière de le Dream , et les pistons s' emportaient avec une vitesse que le mécanicien ne maîtrisait pas sans peine.Toutefois , Godfrey fut amené à faire une observation , dont il ne trouva pas la cause tout d' abord : c' est que , pendant la nuit , les secousses de le steamer étaient infiniment moins rudes que pendant le jour .","ce être alors comme de le NCspas ADJ qui se VIMP sous le NC de le NP , et le NCs se VIMP avec un NC que le NCs ne VIMP pas sans NP , NP être PPAS à faire un NCo , dont il ne VPS pas le NCo tout de NC : ce être que , PHASE le NCT , le NCs de le INF être ADVINT moins ADJ que PHASE le NCT ."
674,1882_Verne_L-Ecole-des-Robinsons_A.txt,"Devait -il donc en conclure que le vent mollissait alors , qu' il se faisait quelque accalmie après le coucher de le soleil ?","devoir il donc en INF que le NCs VIMP alors , que il se faire quelque NCo PHASE le NC de le NCmod ?"
675,1882_Verne_L-Ecole-des-Robinsons_A.txt,"Cela même fut si marqué , que , dans la nuit de le 21 à le 22 juin , il voulut se rendre compte de ce qui se passait .","cela même être si PPAS , que , dans le NCT de le NUM à le NUM MOIS , il vouloir se INF NCo de ce qui se VIMP ."
676,1882_Verne_L-Ecole-des-Robinsons_A.txt,"Précisément , la journée avait été particulièrement mauvaise , le vent avait fraîchi , et il ne semblait pas que la nuit dût laisser tomber la mer , si capricieusement fouettée pendant de longues heures.Godfrey se releva donc vers minuit , il se vêtit chaudement et monta sur le pont.La bordée de quart veillait à l' avant .","ADVMAN , le NCT avoir être ADVINT ADJ , le NCs avoir PPAS , et il ne sembler pas que le NCT VSUBI laisser INF le NCo , si ADVMAN PPAS PHASE un ADJ NP se VPS donc vers NC , il se VPS ADVMAN et VPS sur le NP PPAS de NC VIMP à le PHASE ."
677,1882_Verne_L-Ecole-des-Robinsons_A.txt,Le capitaine Turcotte se tenait sur la passerelle.La violence de la brise n' avait certainement pas diminué .,le NCs NP se VIMP sur le NP NC de le NCmod ne avoir ADVINT pas PPAS .
678,1882_Verne_L-Ecole-des-Robinsons_A.txt,"Pourtant le choc de les lames , que devait couper l' étrave de le Dream , était très amoindri.Mais , en levant les yeux vers le haut de la cheminée , tout empanachée de fumée noire , Godfrey vit que cette fumée , à le lieu de fuir de l' avant à l' arrière , s' emportait de l' arrière à l' avant à le contraire , et suivait la même direction que le navire .« Le vent a donc changé ?","pourtant le NCSENT de le NCmod , que devoir INF le NCo de le NP , être très ADV , en PPRES le NCCOR vers le NC de le NCmod , tout PPAS de NC ADJ , NP PRES que ce NCs , à le NC de INF de le PHASE à le NCmod , se VIMP de le NC à le PHASE à le NC , et VIMP le même NCo que le NCs .« le NCs avoir donc PPAS ?"
679,1882_Verne_L-Ecole-des-Robinsons_A.txt,"» se dit-il.Et , très heureux de cette circonstance , il monta sur la passerelle ; puis , s' approchant de le capitaine :– Capitaine !",""" se PRES , très ADJ de ce NC , il VPS sur le NC ; puis , se PPRES de le NC :– NP !"
680,1882_Verne_L-Ecole-des-Robinsons_A.txt,"dit-il.Celui -ci , encapuchonné dans sa capote cirée , ne l' avait pas entendu venir , et , tout d' abord , ne put dissimuler un mouvement de contrariété en le voyant près de lui .","dit-il.Celui ci , PPAS dans DETPOSS NC PPAS , ne le avoir pas VCOG venir , et , tout de NC , ne pouvoir INF un NCo de NCSENT en le VCOG ADVLIEU de lui ."
681,1882_Verne_L-Ecole-des-Robinsons_A.txt,"– Vous , monsieur Godfrey , vous … sur la passerelle ?– Moi , capitaine , et je viens vous demander…– Quoi donc ?","– vous , monsieur NP , vous … sur le NC ?– soi , NC , et je venir vous NP quoi donc ?"
682,1882_Verne_L-Ecole-des-Robinsons_A.txt,répondit vivement le capitaine Turcotte .,VDIC ADVINT le NCo NP .
683,1882_Verne_L-Ecole-des-Robinsons_A.txt,"– Si le vent n' a pas changé ?– Non , monsieur Godfrey , non … et , malheureusement , je crains qu' il ne tourne en tempête !– Cependant nous sommes maintenant vent arrière !– Vent arrière … en effet … vent arrière !… répliqua le capitaine visiblement dépité par cette observation .","– si le NCs ne avoir pas PPAS ?– non , monsieur NP , non … et , malheureusement , je ADJ que il ne PRES en NC !– cependant nous être ADVT NC ADJ !– NC ADJ … en NC … NCs ADJ !… VPS le NCo ADVINT VSENT par ce NC ."
684,1882_Verne_L-Ecole-des-Robinsons_A.txt,"Mais c' est bien malgré moi !– Que voulez -vous dire ?– Je veux dire que , pour ne pas compromettre la sécurité de le bâtiment , j' ai dû virer cap pour cap et fuir devant le temps !– Voilà qui va nous causer de les retards extrêmement regrettables !","mais ce être bien malgré soi !– que vouloir lui VDIC ?– je vouloir VDIC que , pour ne pas INF le NCSENT de le NCmod , je avoir devoir INF NCo pour NCmod et INF ADVLIEU le temps !– voilà qui aller nous INF de le NC ADVINT ADJ !"
685,1882_Verne_L-Ecole-des-Robinsons_A.txt,dit Godfrey .,VDIC NP .
686,1882_Verne_L-Ecole-des-Robinsons_A.txt,"– Très regrettables , en effet , répondit le capitaine Turcotte ; mais , dès qu' il fera jour , si la mer tombe un peu , j' en profiterai pour reprendre ma route à l' ouest .","– très ADJ , en NC , VDIC le NCs NP ; mais , dès que il faire NCT , si le NCs PRES un peu , je en VCOND pour INF DETPOSS NCo à le NC ."
687,1882_Verne_L-Ecole-des-Robinsons_A.txt,"Je vous engage donc , monsieur Godfrey , à regagner votre cabine .","je vous PRES donc , monsieur NP , à INF DETPOSS NCo ."
688,1882_Verne_L-Ecole-des-Robinsons_A.txt,Croyez -moi !,VCOG soi !
689,1882_Verne_L-Ecole-des-Robinsons_A.txt,"Essayez de dormir , pendant que nous courons avec la mer !","IMP de INF , PHASE que nous VF avec le NC !"
690,1882_Verne_L-Ecole-des-Robinsons_A.txt,Vous serez moins secoué !,vous être moins PPAS !
691,1882_Verne_L-Ecole-des-Robinsons_A.txt,"Godfrey fit un signe affirmatif , il jeta un dernier coup d' œil anxieux sur les nuages bas qui chassaient avec une extrême vitesse ; puis , quittant la passerelle , il rentra dans sa cabine , où il ne tarda pas à reprendre son sommeil interrompu.Le lendemain matin , 22 juin , ainsi que l' avait dit le capitaine Turcotte , bien que le vent n' eût pas sensiblement molli , le Dream s' était remis en bonne direction.Cette navigation dans l' ouest pendant le jour , dans l' est pendant la nuit , dura quarante-huit heures encore ; mais le baromètre annonçait quelque tendance à remonter , ses oscillations devenaient moins fréquentes ; il était à présumer que ce mauvais temps allait prendre fin avec les vents qui commençaient à haler la partie de le nord .","NP faire un NCo ADJ , il VPS un ADJ NCo de NCmod ADJ sur le NCmod ADJ qui VIMP avec un ADJ NC ; puis , PPRES le NCo , il VPS dans DETPOSS NC , où il ne VPS pas à INF DETPOSS NCo interrompu.Le NC NCT , NUM MOIS , ainsi que le avoir VDIC le NCs NP , bien que le NCs ne avoir pas ADVINT PPAS , le NP se être PPAS en ADJ direction.Cette NC dans le NC PHASE le NCT , dans le NCmod PHASE le NCT , VPS NUM NCT encore ; mais le NCs VDIC quelque NCo à VSENT , DETPOSS NCs devenir moins ADJ ; il être à INF que ce ADJ temps aller INF NCo avec le NC qui VIMP à INF le NCo de le NCmod ."
692,1882_Verne_L-Ecole-des-Robinsons_A.txt,"C' est ce qui arriva , en effet.Aussi le 25 juin , vers huit heures de le matin , lorsque Godfrey monta sur le pont , une jolie prise de le nord-est avait balayé les nuages , les rayons de soleil se jouant à travers le gréement mettaient leurs touches de feu sur toutes les saillies de le bord.La mer , d' un vert profond , resplendissait alors sur un large secteur , directement frappé par la lumière radieuse .","ce être ce qui VPS , en NP le NUM MOIS , vers NUM NCT de le NCT , lorsque NP VPS sur le NC , un ADJ NCs de le NCmod avoir PPAS le NCo , le NCs de NCmod se PPRES à travers le NC VIMP DETPOSS NCo de NCmod sur tout le NC de le NP NCmod , de un ADJCOL ADJ , VIMP alors sur un ADJ NC , ADV frapper par le NC ADJ ."
693,1882_Verne_L-Ecole-des-Robinsons_A.txt,"Le vent ne passait plus que par folles volées , qui galonnaient d' une légère écume la crête de les lames , et les basses voiles furent larguées.À proprement parler , même , ce n' était plus en véritables lames que se soulevait la mer , mais seulement en longues ondulations , qui berçaient doucement le steamer.Ondulations ou lames , il est vrai , c' était tout un pour le professeur Tartelett , malade , aussi bien lorsque c' était « trop mou » , que lorsque c' était « trop dur !","le NCs ne VIMP plus que par folle NC , qui VIMP de un NC PRES le NCo de le NCmod , et le NC ADJ être PRES ADVMAN INF , même , ce ne être plus en véritable NC que se VIMP le NCs , mais seulement en ADJ NC , qui VIMP ADVMAN le NCo ou NC , il être vrai , ce être tout un pour le NCmod NP , NC , aussi bien lorsque ce être "" trop ADJ "" , que lorsque ce être "" trop ADJ !"
694,1882_Verne_L-Ecole-des-Robinsons_A.txt,"» Il se tenait donc là , à demi couché sur le pont , la bouche entrouverte , comme une carpe qui se pâme hors de l' eau.Le second , sur la dunette , sa longue - vue à les yeux , regardait dans la direction de le nord-est.Godfrey s' approcha de lui .",""" il se VIMP donc ADVLIEU , à ADJ NC sur le NC , le NCCOR PPAS , comme un NC qui se PRES ADV de le NP ADJ , sur le NC , DETPOSS ADJ - VCOG à le NCCOR , VCOG dans le NC de le NP se VPS de lui ."
695,1882_Verne_L-Ecole-des-Robinsons_A.txt,"– Eh bien , monsieur , lui dit -il gaiement , aujourd'hui est un peu meilleur qu' hier !– Oui , monsieur Godfrey , répondit le second , nous nous trouvons maintenant en eau calme .","– INTJ bien , monsieur , lui VDIC il ADV , ADVT être un peu meilleur que ADV !– oui , monsieur NP , VDIC le NCo , nous nous PRES ADVT en NC NCSENT ."
696,1882_Verne_L-Ecole-des-Robinsons_A.txt,– Et le Dream s' est remis en bonne route !– Pas encore !– Pas encore !,– et le NP se être PPAS en ADJ NC !– pas encore !– pas encore !
697,1882_Verne_L-Ecole-des-Robinsons_A.txt,"Et pourquoi ?– Parce qu' il a été évidemment rejeté dans le nord-est pendant cette dernière tourmente , et il faut que nous relevions exactement sa position .","et pourquoi ?– parce que il avoir être ADV PPAS dans le NC PHASE ce NC NCSENT , et il PRES que nous VIMP ADVINT DETPOSS NCo ."
698,1882_Verne_L-Ecole-des-Robinsons_A.txt,"Mais voilà un beau soleil , un horizon parfaitement net .","mais voilà un ADJ NCo , un NC ADVINT ADJ ."
699,1882_Verne_L-Ecole-des-Robinsons_A.txt,"À midi , en prenant hauteur , nous obtiendrons une bonne observation , et le capitaine nous donnera la route .","à NC , en PPRES NCo , nous VF un ADJ NCo , et le NCs nous VF le NCo ."
700,1882_Verne_L-Ecole-des-Robinsons_A.txt,– Où donc est le capitaine ?,– où donc être le NCs ?
701,1882_Verne_L-Ecole-des-Robinsons_A.txt,demanda Godfrey .,VPS NP .
702,1882_Verne_L-Ecole-des-Robinsons_A.txt,– Il a quitté le bord .,– il avoir PPAS le NCo .
703,1882_Verne_L-Ecole-des-Robinsons_A.txt,– Quitté le bord ?– Oui !,– PPAS le NCo ?– oui !
704,1882_Verne_L-Ecole-des-Robinsons_A.txt,"… Nos hommes de quart ont cru apercevoir , à la blancheur de la mer , quelques brisants dans l' est , de les brisants qui ne sont point portés sur les cartes de le bord .","… DETPOSS NCs de NCmod avoir PPAS INF , à le NC de le NCmod , quelque NC dans le NCmod , de le NC qui ne être ADV PPAS sur le NC de le NCmod ."
705,1882_Verne_L-Ecole-des-Robinsons_A.txt,"La chaloupe à vapeur a donc été armée , et , suivi de le maître d' équipage et de trois matelots , le capitaine Turcotte a été en reconnaissance .","le NCspas à NCmod avoir donc être PPAS , et , PPAS de le NC de NCmod et de NUM NC , le NCs NP avoir être en NC ."
706,1882_Verne_L-Ecole-des-Robinsons_A.txt,– Depuis longtemps ?– Depuis une heure et demie environ !– Ah !,– depuis longtemps ?– depuis un NCT et PRES environ !– INTJ !
707,1882_Verne_L-Ecole-des-Robinsons_A.txt,"dit Godfrey , je suis fâché de ne pas avoir été prévenu .","VDIC NP , je être VSENT de ne pas avoir être PPAS ."
708,1882_Verne_L-Ecole-des-Robinsons_A.txt,J' aurais eu grand plaisir à l' accompagner .,je avoir avoir ADJ NCSENT à le INF .
709,1882_Verne_L-Ecole-des-Robinsons_A.txt,"– Vous dormiez , monsieur Godfrey , répondit le second , et le capitaine n' a pas voulu vous réveiller .","– vous VSUBP , monsieur NP , VDIC le NCo , et le NCs ne avoir pas vouloir vous INF ."
710,1882_Verne_L-Ecole-des-Robinsons_A.txt,"– Je le regrette ; mais , dites -moi , dans quelle direction la chaloupe a -t -elle couru ?– Par là , répondit le second , droit par le bossoir de tribord … dans le nord-est .","– je le PRES ; mais , VDIC soi , dans quel NC le NCo avoir t il PPAS ?– par ADVLIEU , VDIC le NCo , NC par le NCmod de NCmod … dans le NC ."
711,1882_Verne_L-Ecole-des-Robinsons_A.txt,– Et avec une longue -vue on ne peut l' apercevoir ?– Non !,– et avec un ADJ NC on ne pouvoir le INF ?– non !
712,1882_Verne_L-Ecole-des-Robinsons_A.txt,elle est encore trop loin .,il être encore trop ADVLIEU .
713,1882_Verne_L-Ecole-des-Robinsons_A.txt,"– Mais elle ne peut tarder à revenir ?– Elle ne peut tarder , répondit le second , car le capitaine tient à faire son point lui-même , et il faut , pour cela , qu' il soit de retour à bord avant midi !","– mais il ne pouvoir INF à INF ?– il ne pouvoir INF , VDIC le NCo , car le NCs PRES à faire DETPOSS NCo soi-même , et il PRES , pour cela , que il être de NC à NCmod PHASE NCmod !"
714,1882_Verne_L-Ecole-des-Robinsons_A.txt,"Sur cette réponse , Godfrey alla s' asseoir à l' extrémité de le gaillard d' avant , après s' être fait apporter sa lunette marine .","sur ce NC , NP aller se INF à le NC de le NCmod de PHASE , PHASE se être faire INF DETPOSS NCo ADJ ."
715,1882_Verne_L-Ecole-des-Robinsons_A.txt,Il voulait guetter le retour de la chaloupe .,il vouloir INF le NCo de le NCmod .
716,1882_Verne_L-Ecole-des-Robinsons_A.txt,"Quant à cette reconnaissance que le capitaine Turcotte était allé faire , elle ne pouvait l' étonner .","quant à ce NC que le NCs NP être aller faire , il ne pouvoir le VSENT ."
717,1882_Verne_L-Ecole-des-Robinsons_A.txt,"Il était naturel , en effet , que le Dream ne se hasardât pas sur une partie de la mer , où de les brisants avaient été signalés.Deux heures se passèrent .","il être ADJ , en NC , que le NCs ne se VSUBI pas sur un NC de le NCmod , où de le NC avoir être NUM NCT se VPS ."
718,1882_Verne_L-Ecole-des-Robinsons_A.txt,"Ce fut seulement vers dix heures et demie qu' une légère fumée , déliée comme un trait , commença à se détacher au-dessus de l' horizon .","ce être seulement vers NUM NCT et PRES que un NCs PPAS , PPAS comme un NC , VASP à se INF ADVLIEU de le NC ."
719,1882_Verne_L-Ecole-des-Robinsons_A.txt,"C' était évidemment la chaloupe à vapeur qui , la reconnaissance opérée , ralliait le bord.Godfrey se plut à la suivre dans le champ de sa lunette .","ce être ADV le NCs à NCmod qui , le NCs ADJ , VIMP le NP se VPS à le NC dans le NC de DETPOSS NCmod ."
720,1882_Verne_L-Ecole-des-Robinsons_A.txt,"Il la vit s' accuser peu à peu par de les lignes plus franches , grandir à la surface de la mer , dessiner plus nettement sa fumée , à laquelle se mêlaient quelques volutes de vapeur sur le fond clair de l' horizon .","il le PRES se VDIC peu à peu par de le NC plus ADJ , INF à le NC de le NCmod , INF plus ADVINT DETPOSS NCo , à lequel se VIMP quelque NCs de NCmod sur le NCmod ADJ de le NCmod ."
721,1882_Verne_L-Ecole-des-Robinsons_A.txt,"C' était une embarcation excellente , de grande vitesse , et , comme elle marchait à toute pression , elle fut bientôt visible à l' œil nu : Vers onze heures , on apercevait à l' avant la « ouache » blanche que soulevait son étrave , à l' arrière le long sillage écumeux qui s' élargissait comme la queue d' une comète.À onze heures et quart , le capitaine Turcotte accostait et sautait sur le pont de le Dream .","ce être un NC ADJ , de ADJ NCmod , et , comme il VIMP à tout NC , il être bientôt ADJ à le NC ADJ : vers NUM NCT , on VIMP à le PHASE le "" NC "" ADJCOL que VIMP DETPOSS NCs , à le NC le ADJ NCo ADJ qui se VIMP comme le NC de un NP NUM NCT et NC , le NC NP VIMP et VIMP sur le NC de le NP ."
722,1882_Verne_L-Ecole-des-Robinsons_A.txt,"– Eh bien , capitaine , qu' y a -t -il de nouveau ?","– INTJ bien , NC , que y avoir t il de ADJ ?"
723,1882_Verne_L-Ecole-des-Robinsons_A.txt,"demanda Godfrey , qui vint lui serrer la main .","NP NP , qui PRES lui INF le NCCOR ."
724,1882_Verne_L-Ecole-des-Robinsons_A.txt,– Ah !,– INTJ !
725,1882_Verne_L-Ecole-des-Robinsons_A.txt,"bonjour , monsieur Godfrey ?– Et ces brisants ?","NC , monsieur NP ?– et ce NC ?"
726,1882_Verne_L-Ecole-des-Robinsons_A.txt,…– Pure apparence !,…– ADJ NCs !
727,1882_Verne_L-Ecole-des-Robinsons_A.txt,répondit le capitaine Turcotte .,VDIC le NCo NP .
728,1882_Verne_L-Ecole-des-Robinsons_A.txt,Nous n' avons rien vu de suspect .,nous ne avoir rien PPAS de NC .
729,1882_Verne_L-Ecole-des-Robinsons_A.txt,Nos hommes se seront trompés .,DETPOSS NCs se être PPAS .
730,1882_Verne_L-Ecole-des-Robinsons_A.txt,"Aussi cela m' étonnait bien , pour ma part !– En route alors ?","aussi cela se VSENT bien , pour DETPOSS NC !– en NC alors ?"
731,1882_Verne_L-Ecole-des-Robinsons_A.txt,dit Godfrey .,VDIC NP .
732,1882_Verne_L-Ecole-des-Robinsons_A.txt,"– Oui , nous allons nous remettre en route ; mais , auparavant , il faut que je fasse mon point .","– oui , nous aller nous INF en NC ; mais , ADV , il PRES que je faire DETPOSS NCo ."
733,1882_Verne_L-Ecole-des-Robinsons_A.txt,– Donnez-vous l' ordre d' embarquer la chaloupe ?,– NP le NCs de INF le NCo ?
734,1882_Verne_L-Ecole-des-Robinsons_A.txt,demanda le second .,VPS le NCo .
735,1882_Verne_L-Ecole-des-Robinsons_A.txt,"– Non , répondit le capitaine , elle pourra nous servir encore .","– non , VDIC le NCs , il pouvoir nous INF encore ."
736,1882_Verne_L-Ecole-des-Robinsons_A.txt,Mettez -la à la remorque !,mettre VPS à le NC !
737,1882_Verne_L-Ecole-des-Robinsons_A.txt,"Les ordres de le capitaine furent exécutés , et la chaloupe à vapeur , qui fut laissée en pression , vint se ranger à l' arrière de le Dream.Trois quarts d' heure après , le capitaine Turcotte , son sextant à la main , prenait la hauteur de le soleil , et , le point établi , il donna la route à suivre.Cela fait , après avoir jeté un dernier regard sur l' horizon , il appela son second , et il l' emmena dans sa cabine , où tous deux restèrent en assez longue conférence.La journée fut très belle .","le NCspas de le NCmod être PPAS , et le NC à NCmod , qui être laisser en NC , venir se INF à le NC de le NUM NCmod de NCT PHASE , le NCs NP , DETPOSS NC à le NCCOR , VIMP le NCo de le NCmod , et , le NC PPAS , il VPS le NCo à NP faire , PHASE avoir PPAS un ADJ NCMAN sur le NC , il VPS DETPOSS NCo , et il le VPS dans DETPOSS NC , où tout deux VPS en ADV ADJ conférence.La NCT être très ADJ ."
738,1882_Verne_L-Ecole-des-Robinsons_A.txt,"Le Dream put marcher rapidement , sans le secours de ses voiles qu' il fallut serrer .","le NCs pouvoir INF ADVMAN , sans le NC de DETPOSS NCmod que il VPS INF ."
739,1882_Verne_L-Ecole-des-Robinsons_A.txt,"Le vent était très faible , et , avec la vitesse imprimée par la machine , il n' aurait pas eu assez de force pour les enfler.Godfrey était tout joyeux .","le NCs être très ADJ , et , avec le NC PPAS par le NC , il ne avoir pas avoir ADV de NCSENT pour le NP être tout ADJ ."
740,1882_Verne_L-Ecole-des-Robinsons_A.txt,"Cette navigation par une belle mer , sous un beau soleil , est -il rien de plus réconfortant , rien qui donne plus d' essor à la pensée , plus de satisfaction à l' âme ?","ce NCs par un ADJ NCmod , sous un ADJ NCmod , être il rien de plus ADJ , rien qui PRES plus de NC à le NCmod , plus de NCSENT à le NCmod ?"
741,1882_Verne_L-Ecole-des-Robinsons_A.txt,"Et pourtant , c' est à peine si , dans ces circonstances favorables , le professeur Tartelett parvenait à se ragaillardir un peu .","et pourtant , ce être à NCSENT si , dans ce NC ADJ , le NCs NP VIMP à se VSENT un peu ."
742,1882_Verne_L-Ecole-des-Robinsons_A.txt,"Si l' état de la mer ne lui inspirait plus d' immédiates inquiétudes , son être physique ne parvenait guère à réagir .","si le NCs de le NCmod ne lui VCOND plus de NC NCSENT , DETPOSS être ADJ ne VIMP guère à INF ."
743,1882_Verne_L-Ecole-des-Robinsons_A.txt,"Il essaya de manger , mais sans goût ni appétit .","il VPS de INF , mais sans NC ni NC ."
744,1882_Verne_L-Ecole-des-Robinsons_A.txt,Godfrey voulut lui faire enlever cette ceinture de sauvetage qui lui serrait la poitrine ; il s' y refusa absolument .,NP vouloir lui faire INF ce NC de NCmod qui lui VCOND le NCo ; il se y VPS ADVINT .
745,1882_Verne_L-Ecole-des-Robinsons_A.txt,Est -ce que cet assemblage de fer et de bois qu' on appelle un bâtiment ne risquait pas de s' entrouvrir d' un instant à l' autre ?,être ce que ce NCs de NCmod et de NC que on PRES un NC ne VIMP pas de se INF de un NC à le autre ?
746,1882_Verne_L-Ecole-des-Robinsons_A.txt,Le soir vint .,le NCT venir .
747,1882_Verne_L-Ecole-des-Robinsons_A.txt,"D' épaisses vapeurs se maintenaient , sans descendre jusqu' à le niveau de la mer .","un ADJ NCs se VIMP , sans INF jusque à le NC de le NCmod ."
748,1882_Verne_L-Ecole-des-Robinsons_A.txt,"La nuit allait être beaucoup plus obscure que le beau temps diurne ne l' avait fait prévoir. En somme , il n' y avait aucun écueil à craindre dans ces parages , dont le capitaine Turcotte venait de relever exactement la position sur ses cartes ; mais de les abordages sont toujours possibles , et on doit les redouter pendant les nuits brumeuses.Aussi les fanaux de le bord furent -ils soigneusement mis en état , peu après le coucher de le soleil ; le feu blanc fut hissé en tête de le mât de misaine , et les feux de position , vert à droite , rouge à gauche , brillèrent dans les haubans .","le NCT aller être beaucoup plus ADJ que le ADJ temps ADJ ne le avoir faire NC en NC , il ne y avoir aucun NCo à VSENT dans ce NC , dont le NCs NP venir de INF ADVINT le NCo sur DETPOSS NCmod ; mais de le NCs être ADVTEMPS ADJ , et on devoir le VSENT PHASE le NCT NP le NCspas de le NCmod être il ADV mettre en NC , peu PHASE le NC de le NCmod ; le NCspas ADJCOL être PPAS en NCCOR de le NC de NCmod , et le NC de NCmod , ADJCOL à NCmod , ADJCOL à NCmod , VPS dans le NC ."
749,1882_Verne_L-Ecole-des-Robinsons_A.txt,"Si le Dream était abordé , de le moins ne serait -il pas dans son tort – ce qui n' est qu' une insuffisante consolation .","si le NP être PPAS , de le moins ne être il pas dans DETPOSS NC – ce qui ne être que un ADJ NCSENT ."
750,1882_Verne_L-Ecole-des-Robinsons_A.txt,"Couler , même lorsqu' on est en règle , c' est toujours couler .","INF , même lorsque on être en NC , ce être ADVTEMPS INF ."
751,1882_Verne_L-Ecole-des-Robinsons_A.txt,"Et si quelqu'un à bord devait faire cette réflexion , à coup sûr c' était le professeur Tartelett.Cependant le digne homme , toujours roulant , toujours tanguant , avait regagné sa cabine , Godfrey la sienne : l' un avec la certitude , l' autre avec l' espoir , seulement , de passer une bonne nuit , car le Dream se balançait à peine sur les longues lames.Le capitaine Turcotte , après avoir remis le quart à le second , rentra également sous la dunette , afin de prendre quelques heures de repos .","et si quelqu'un à NCmod devoir faire ce NCo , à NC ADJ ce être le NC NP le ADJ NC , ADVTEMPS ADJ , ADVTEMPS ADV , avoir PPAS DETPOSS NCo , NP le sienne : le un avec le NCmod , le autre avec le NCSENT , seulement , de INF un ADJ NCT , car le NP se VIMP à NCSENT sur le NC lames.Le NCmod NP , PHASE avoir PPAS le NCo à le NC , VPS également sous le NC , ADV de INF quelque NCT de NCmod ."
752,1882_Verne_L-Ecole-des-Robinsons_A.txt,Tout était en état .,tout être en NC .
753,1882_Verne_L-Ecole-des-Robinsons_A.txt,"Le steamer pouvait naviguer en parfaite sécurité , puisqu' il ne semblait pas que la brume dût s' épaissir.Au bout de vingt minutes , Godfrey dormait , et l' insomnie de Tartelett , qui s' était couché tout habillé , suivant son habitude , ne se trahissait plus que par de lointains soupirs.Tout à coup – il devait être une heure de le matin – , Godfrey fut réveillé par de les clameurs épouvantables .","le NCs pouvoir INF en ADJ NCSENT , puisque il ne VIMP pas que le NCs VSUBI se NP ADV de NUM NCT , NP VIMP , et le NC de NP , qui se être PPAS tout NCo , PPRES DETPOSS NCo , ne se VIMP plus que par un NC PPRES à NC – il devoir être un NCT de le NCT – , NP être PPAS par de le NC ADJ ."
754,1882_Verne_L-Ecole-des-Robinsons_A.txt,"Il sauta de son cadre , revêtit , en une seconde , son pantalon , sa vareuse et chaussa ses bottes de mer.Presque aussitôt , ces cris effrayants se faisaient entendre sur le pont :– Nous coulons !","il VPS de DETPOSS NC , VPS , en un NCT , DETPOSS NC , DETPOSS NC et VPS DETPOSS NCo de NP aussitôt , ce NC ADJ se faire VCOG sur le NC :– nous PRES !"
755,1882_Verne_L-Ecole-des-Robinsons_A.txt,nous coulons !,nous PRES !
756,1882_Verne_L-Ecole-des-Robinsons_A.txt,"En un instant , Godfrey fut hors de sa cabine et se jeta dans le carré .","en un NC , NP être ADV de DETPOSS NC et se VPS dans le NC ."
757,1882_Verne_L-Ecole-des-Robinsons_A.txt,"Là , il heurta une masse informe qu' il ne reconnut pas .","ADVLIEU , il VSENT un NCo ADJ que il ne VCOG pas ."
758,1882_Verne_L-Ecole-des-Robinsons_A.txt,Ce devait être le professeur Tartelett .,ce devoir être le NC NP .
759,1882_Verne_L-Ecole-des-Robinsons_A.txt,"Tout l' équipage était sur le pont , courant à le milieu de les ordres que donnaient le second et le capitaine .","tout le NCs être sur le NC , NC à le milieu de le NCmod que VIMP le NCs et le NC ."
760,1882_Verne_L-Ecole-des-Robinsons_A.txt,– Un abordage ?,– un NCs ?
761,1882_Verne_L-Ecole-des-Robinsons_A.txt,demanda Godfrey .,VPS NP .
762,1882_Verne_L-Ecole-des-Robinsons_A.txt,"– Je ne sais … je ne sais … par cette brume maudite … répondit le second , mais nous coulons !– Nous coulons ?… répondit Godfrey.Et , en effet , le Dream , qui avait sans doute donné contre un écueil , s' était enfoncé sensiblement .","– je ne VCOG … je ne VCOG … par ce NC ADJ … VDIC le NCo , mais nous PRES !– nous PRES ?… VDIC NP , en NC , le NP , qui avoir sans NCSENT PPAS contre un NC , se être PPAS ADVINT ."
763,1882_Verne_L-Ecole-des-Robinsons_A.txt,L' eau arrivait presque à la hauteur de le pont .,le NCs VIMP presque à le NC de le NCmod .
764,1882_Verne_L-Ecole-des-Robinsons_A.txt,Nul doute que les feux de la machine ne fussent déjà noyés dans les profondeurs de la chaufferie .,nul NCSENT que le NCs de le NCmod ne PRES déjà PPAS dans le NC de le NCmod .
765,1882_Verne_L-Ecole-des-Robinsons_A.txt,– À la mer !,– à le NC !
766,1882_Verne_L-Ecole-des-Robinsons_A.txt,à la mer !,à le NC !
767,1882_Verne_L-Ecole-des-Robinsons_A.txt,"monsieur Godfrey , s' écria le capitaine .. Il n' y a pas un instant à perdre !","monsieur NP , se VDIC le NCs .. il ne y avoir pas un NCo à INF !"
768,1882_Verne_L-Ecole-des-Robinsons_A.txt,Le navire sombre à vue d' œil !,le NC ADJ à NCmod de NCmod !
769,1882_Verne_L-Ecole-des-Robinsons_A.txt,Il vous entraînerait dans son tourbillon !,il vous VCOND dans DETPOSS NC !
770,1882_Verne_L-Ecole-des-Robinsons_A.txt,…– Et Tartelett ?– Je m' en charge !,…– et NP ?– je lui en NCmod !
771,1882_Verne_L-Ecole-des-Robinsons_A.txt,… Nous ne sommes qu' à une demi-encablure d' une côte !,… nous ne être que à un NC de un NCmod !
772,1882_Verne_L-Ecole-des-Robinsons_A.txt,…– Mais vous ?,…– mais vous ?
773,1882_Verne_L-Ecole-des-Robinsons_A.txt,"…– Mon devoir m' oblige à rester le dernier à bord , et je reste !","…– DETPOSS devoir le PRES à INF le NCo à NC , et je PRES !"
774,1882_Verne_L-Ecole-des-Robinsons_A.txt,dit le capitaine .,VDIC le NCo .
775,1882_Verne_L-Ecole-des-Robinsons_A.txt,Mais fuyez !… fuyez !,mais VSUBP !… IMP !
776,1882_Verne_L-Ecole-des-Robinsons_A.txt,"Godfrey hésitait encore à se jeter à la mer ; cependant l' eau atteignait déjà le niveau de les pavois de le Dream.Le capitaine Turcotte , sachant que Godfrey nageait comme un poisson , le saisit alors par les épaules et lui rendit le service de le précipiter par-dessus le bord.Il était temps !","NP VIMP encore à se INF à le NC ; cependant le NCs VIMP déjà le NCo de le NCmod de le NP NC NP , VCOG que NP VIMP comme un NC , le PRES alors par le NCCOR et lui VPS le NCo de le INF ADV le NP être temps !"
777,1882_Verne_L-Ecole-des-Robinsons_A.txt,"Sans les ténèbres , on eût vu , sans doute , un gouffre se creuser à la place qu' occupait le Dream.Mais Godfrey , en quelques brasses à le milieu de cette eau calme , avait pu s' éloigner rapidement de cet entonnoir , qui attire comme les remous d' un maëlstrom !","sans le NC , on avoir VCOG , sans NCSENT , un NCo se INF à le NC que VIMP le NP NP , en quelque NC à le milieu de ce NCmod NCSENT , avoir pouvoir se INF ADVMAN de ce NC , qui VSENT comme le NC de un NCmod !"
778,1882_Verne_L-Ecole-des-Robinsons_A.txt,Tout cela s' était fait en moins d' une minute .,tout cela se être faire en moins de un NCT .
779,1882_Verne_L-Ecole-des-Robinsons_A.txt,"Quelques instants après , à le milieu de cris de désespoir , les feux de le bord s' éteignaient l' un après l' autre.Il n' y avait plus de doute : le Dream venait de couler à pic !","quelque NC PHASE , à le milieu de NCmod de NCSENT , le NCs de le NCmod se VIMP le un PHASE le NP ne y avoir plus de NCSENT : le NP venir de INF à NC !"
780,1882_Verne_L-Ecole-des-Robinsons_A.txt,"Quant à Godfrey , il avait pu atteindre une haute et large roche , à l' abri de le ressac .","quant à NP , il avoir pouvoir INF un ADJ et ADJ NCo , à le NC de le NCmod ."
781,1882_Verne_L-Ecole-des-Robinsons_A.txt,"Là , appelant vainement dans l' ombre , n' entendant aucune voix répondre à la sienne , ne sachant s' il se trouvait sur un roc isolé ou à l' extrémité d' un banc de récifs , seul survivant peut-être de cette catastrophe , il attendit le jour.VIIITrois longues heures devaient encore se passer avant que le soleil ne reparût au-dessus de l' horizon .","ADVLIEU , PPRES ADV dans le NC , ne VCOG aucun NCMAN VDIC à le sienne , ne VCOG si il se VIMP sur un NC PPAS ou à le NC de un NCmod de NCmod , ADJ PPRES peut-être de ce NC , il VPS le NP ADJ NCT devoir encore se INF PHASE que le NCs ne VSUBI ADVLIEU de le NC ."
782,1882_Verne_L-Ecole-des-Robinsons_A.txt,Ce sont ces heures -là dont on peut dire qu' elles durent de les siècles .,ce être ce NCT ADVLIEU dont on pouvoir VDIC que il PRES de le NCT .
783,1882_Verne_L-Ecole-des-Robinsons_A.txt,"L' épreuve était rude pour un début ; mais , en somme , nous le répétons , Godfrey n' était pas parti pour une simple promenade .","le NCs être ADJ pour un NC ; mais , en NC , nous le PRES , NP ne être pas PPAS pour un ADJ NC ."
784,1882_Verne_L-Ecole-des-Robinsons_A.txt,"Il s' était bien dit , en prenant la mer , qu' il laissait derrière lui toute une existence de bonheur et de repos , qu' il ne la retrouverait pas en courant les aventures .","il se être bien VDIC , en PPRES le NCo , que il laisser ADVLIEU lui tout un NCo de NCSENT et de NC , que il ne le VCOND pas en PPRES le NCo ."
785,1882_Verne_L-Ecole-des-Robinsons_A.txt,Il s' agissait donc d' être à la hauteur de la situation.Temporairement il était à l' abri .,il se VIMP donc de être à le NC de le NCmod il être à le NC .
786,1882_Verne_L-Ecole-des-Robinsons_A.txt,"La mer , après tout , ne pouvait le reprendre sur cette roche , que mouillaient seuls les embruns de le ressac .","le NCs , PHASE tout , ne pouvoir le INF sur ce NC , que VIMP ADJ le NCs de le NCmod ."
787,1882_Verne_L-Ecole-des-Robinsons_A.txt,Devait -il craindre que le flux ne l' atteignît bientôt ?,devoir il VSENT que le NCs ne le PRES bientôt ?
788,1882_Verne_L-Ecole-des-Robinsons_A.txt,"Non , car en réfléchissant , il put établir que ce naufrage s' était fait à le plus haut de la marée de nouvelle lune.Mais cette roche était -elle isolée ?","non , car en PPRES , il pouvoir INF que ce NCs se être faire à le plus ADJ de le NCmod de NCmod lune.mais ce NCo être il PPAS ?"
789,1882_Verne_L-Ecole-des-Robinsons_A.txt,Dominait -elle une ligne de brisants épars en cette portion de mer ?,VIMP il un NCo de NCmod ADJ en ce NC de NCmod ?
790,1882_Verne_L-Ecole-des-Robinsons_A.txt,Quelle était cette côte que le capitaine Turcotte croyait avoir entrevue dans les ténèbres ?,quel être ce NC que le NCs NP VCOG avoir VCOG dans le NC ?
791,1882_Verne_L-Ecole-des-Robinsons_A.txt,À quel continent appartenait -elle ?,à quel NC VIMP il ?
792,1882_Verne_L-Ecole-des-Robinsons_A.txt,Il n' était que trop certain que le Dream avait été rejeté hors de sa route pendant la tourmente de les jours précédents .,il ne être que trop ADJ que le NP avoir être PPAS ADV de DETPOSS NC PHASE le NC de le NCT ADJ .
793,1882_Verne_L-Ecole-des-Robinsons_A.txt,La situation de le navire n' avait donc pu être exactement relevée .,le NCs de le NCmod ne avoir donc pouvoir être ADVINT PPAS .
794,1882_Verne_L-Ecole-des-Robinsons_A.txt,"Comment en douter , puisque le capitaine , deux heures auparavant , affirmait que ses cartes ne portaient aucune indication de brisants dans ces parages !","comment en INF , puisque le NCs , NUM NCT ADV , VDIC que DETPOSS NCs ne VIMP aucun NCo de NCmod dans ce NC !"
795,1882_Verne_L-Ecole-des-Robinsons_A.txt,"Il avait même fait mieux en allant reconnaître lui-même s' ils existaient , ces prétendus écueils , que ses vigies avaient cru voir dans l' est.Il n' était que trop vrai , pourtant , et la reconnaissance opérée par le capitaine Turcotte , s' il l' eût poussée plus loin , aurait certainement évité la catastrophe .","il avoir même faire mieux en aller VCOG soi-même se il VIMP , ce ADJ NC , que DETPOSS NCs avoir PPAS VCOG dans le NP ne être que trop vrai , pourtant , et le NC PPAS par le NC NP , si il le avoir PPAS plus ADVLIEU , avoir ADVINT PPAS le NCo ."
796,1882_Verne_L-Ecole-des-Robinsons_A.txt,Mais à quoi bon ces retours vers le passé !,mais à quoi ADJ ce NCmod vers le NCmod !
797,1882_Verne_L-Ecole-des-Robinsons_A.txt,"L' importante question devant le fait accompli – question de vie ou de mort – , était donc pour Godfrey de savoir s' il se trouvait à proximité d' une terre quelconque .","le ADJ NCs ADVLIEU le NCmod ADJ – NC de NCmod ou de NC – , être donc pour NP de VCOG si il se VIMP à NC de un NC ADJ ."
798,1882_Verne_L-Ecole-des-Robinsons_A.txt,"Dans quelle partie de le Pacifique , il serait temps plus tard de raisonner à ce sujet .","dans quel NC de le NP , il être temps plus tard de INF à ce NC ."
799,1882_Verne_L-Ecole-des-Robinsons_A.txt,"Avant tout , il faudrait songer , le jour venu , à quitter cette roche , qui , à sa partie supérieure , ne mesurait pas vingt pas de largeur et de longueur .","PHASE tout , il VCOND INF , le NCT venir , à INF ce NCo , qui , à DETPOSS NC ADJ , ne VIMP pas NUM pas de NCmod et de NC ."
800,1882_Verne_L-Ecole-des-Robinsons_A.txt,Mais on n' abandonne un endroit que pour aller sur un autre .,mais on ne PRES un NCo que pour aller sur un autre .
801,1882_Verne_L-Ecole-des-Robinsons_A.txt,"Et si cet autre n' existait pas , si le capitaine s' était trompé à le milieu de ces brumes , si autour de ce brisant s' étendait une mer sans limites , si , à l' extrême portée de vue , le ciel et l' eau se confondaient circulairement sur le même horizon !","et si ce autre ne VIMP pas , si le NCs se être PPAS à le milieu de ce NCmod , si ADV de ce NC se VIMP un NCo sans NCmod , si , à le ADJ NC de NCmod , le NCs et le NC se VIMP ADV sur le même NC !"
802,1882_Verne_L-Ecole-des-Robinsons_A.txt,Les pensées de le jeune naufragé se concentraient donc en ce point .,le NCs de le NCmod ADJ se VIMP donc en ce NC .
803,1882_Verne_L-Ecole-des-Robinsons_A.txt,"Toute sa puissance de vision , il l' employait à chercher , à le milieu de cette nuit noire , si quelque masse confuse , entassement de roches ou falaise , ne révélerait pas le voisinage d' une terre dans la partie est de le récif.Godfrey ne vit rien .","tout DETPOSS NC de NCmod , il le VIMP à INF , à le milieu de ce NCT ADJ , si quelque NCs ADJ , NC de NCmod ou NC , ne VCOND pas le NCo de un NCmod dans le NC PRES de le NP ne PRES rien ."
804,1882_Verne_L-Ecole-des-Robinsons_A.txt,"Pas une senteur terrestre n' arrivait à son nez , pas une sensation de lumière à ses yeux , pas un bruit à ses oreilles .","pas un NCs ADJ ne VIMP à DETPOSS NCCOR , pas un NCSENT de NCmod à DETPOSS NCCOR , pas un NC à DETPOSS NCCOR ."
805,1882_Verne_L-Ecole-des-Robinsons_A.txt,Aucun oiseau ne traversait cette ombre .,aucun NCs ne VIMP ce NCo .
806,1882_Verne_L-Ecole-des-Robinsons_A.txt,Il semblait qu' autour de lui ce ne fût qu' un vaste désert d' eau.Godfrey ne se dissimula pas qu' il y avait mille chances contre une pour qu' il fût perdu .,il sembler que ADV de lui ce ne être que un ADJ NCs de NP ne se VPS pas que il y avoir NUM NCo contre un NCmod que il être PPAS .
807,1882_Verne_L-Ecole-des-Robinsons_A.txt,"Il ne s' agissait plus , maintenant , de faire tranquillement le tour de le monde , mais de faire face à la mort .","il ne se VIMP plus , ADVT , de faire ADVMAN le NCo de le NCmod , mais de faire NC à le NC ."
808,1882_Verne_L-Ecole-des-Robinsons_A.txt,"Aussi , avec calme , avec courage , sa pensée s' éleva -t -elle vers cette Providence , qui peut tout encore pour la plus faible de ses créatures , alors que cette créature ne peut plus rien par elle-même.Pour ce qui dépendait de lui , Godfrey n' avait plus qu' à attendre le jour , à se résigner , si le salut était impossible , mais à tout tenter , à le contraire , s' il y avait quelque chance de se sauver.Calm é par la gravité même de ses réflexions , Godfrey s' était assis sur la roche .","aussi , avec NCSENT , avec NC , DETPOSS NCs se PRES t il vers ce NP , qui pouvoir tout encore pour le plus ADJ de DETPOSS NCmod , alors que ce NCs ne pouvoir plus rien par NP ce qui VIMP de lui , NP ne avoir plus que à INF le NCT , à se INF , si le NCs être ADJ , mais à tout INF , à le NC , si il y avoir quelque NCo de se NP PPAS par le NC même de DETPOSS NCmod , NP se être PPAS sur le NC ."
809,1882_Verne_L-Ecole-des-Robinsons_A.txt,"Il avait ôté une partie de ses vêtements imprégnés d' eau de mer , sa vareuse de laine , ses bottes alourdies , afin d' être prêt à se rejeter à la nage , s' il le fallait.Cependant , était -il possible que personne n' eût survécu à le naufrage ?","il avoir PPAS un NCo de DETPOSS NCmod PPAS de NC de NCmod , DETPOSS NC de NCmod , DETPOSS NC ADJ , ADV de être ADJ à se INF à le NC , si il le NP , être il ADJ que personne ne avoir PPAS à le NC ?"
810,1882_Verne_L-Ecole-des-Robinsons_A.txt,Quoi !,quoi !
811,1882_Verne_L-Ecole-des-Robinsons_A.txt,pas un de les hommes de le Dream n' aurait été porté à terre !,pas un de le NCmod de le NP ne avoir être PPAS à NC !
812,1882_Verne_L-Ecole-des-Robinsons_A.txt,Avaient -ils donc été tous entraînés dans cet irrésistible tourbillon que creuse un navire en sombrant ?,avoir il donc être tout PPAS dans ce ADJ NC que PRES un NCs en PPRES ?
813,1882_Verne_L-Ecole-des-Robinsons_A.txt,"Le dernier à lequel Godfrey eut parlé , c' était le capitaine Turcotte , résolu à ne pas quitter son bâtiment , tant qu' un de ses matelots y serait encore !","le NC à lequel NP avoir PPAS , ce être le NC NP , PPAS à ne pas INF DETPOSS NCo , tant que un de DETPOSS NCmod y être encore !"
814,1882_Verne_L-Ecole-des-Robinsons_A.txt,"C' était même le capitaine qui l' avait jeté à la mer , à le moment où le pont de le Dream allait disparaître.Mais les autres , et l' infortuné Tartelett , et le malheureux Chinois , surpris sans doute par l' engloutissement , l' un dans la dunette , l' autre dans les profondeurs de la cale , qu' étaient -ils devenus ?","ce être même le NC qui le avoir PPAS à le NC , à le NC où le NCs de le NP aller ADJ le autre , et le NC NP , et le ADJ NP , VSENT sans NCSENT par le NC , le un dans le NCmod , le autre dans le NCmod de le NCmod , que être il devenir ?"
815,1882_Verne_L-Ecole-des-Robinsons_A.txt,De tous ceux que portait le Dream il se serait donc sauvé seul ?,de tout celui que VIMP le NP il se être donc PPAS ADJ ?
816,1882_Verne_L-Ecole-des-Robinsons_A.txt,Et cependant la chaloupe était restée à la traîne de le steamer !,et cependant le NCspas être PPAS à le NC de le NCmod !
817,1882_Verne_L-Ecole-des-Robinsons_A.txt,"Quelques marins , passagers et matelots ne pouvaient -ils y avoir trouvé refuge , assez à temps pour fuir le lieu de le naufrage ?","quelque NCs , NC et NC ne pouvoir il y avoir PPAS NCo , ADV à temps pour INF le NCo de le NCmod ?"
818,1882_Verne_L-Ecole-des-Robinsons_A.txt,Oui !,oui !
819,1882_Verne_L-Ecole-des-Robinsons_A.txt,"mais n' était -il pas plutôt à craindre que la chaloupe n' eût été entraînée avec le navire et ne fût maintenant par le fond , sous quelques vingtaines de brasses d' eau ?","mais ne être il pas plutôt à VSENT que le NCspas ne avoir être PPAS avec le NC et ne être ADVT par le NC , sous quelque NCmod de NCmod de NCmod ?"
820,1882_Verne_L-Ecole-des-Robinsons_A.txt,"Godfrey se dit alors que , dans cette nuit obscure , s' il ne pouvait voir , il pouvait de le moins se faire entendre .","NP se VDIC alors que , dans ce NCT ADJ , si il ne pouvoir VCOG , il pouvoir de le moins se faire VCOG ."
821,1882_Verne_L-Ecole-des-Robinsons_A.txt,"Rien ne l' empêchait d' appeler , de héler à le milieu de ce profond silence .","rien ne le VIMP de INF , de INF à le milieu de ce ADJ NCmod ."
822,1882_Verne_L-Ecole-des-Robinsons_A.txt,"Peut-être la voix d' un de ses compagnons répondrait -elle à la sienne.Il appela donc à plusieurs reprises , jetant un cri prolongé , qui devait être entendu dans un assez large rayon.Pas un cri ne répondit à le sien.Il recommença plusieurs fois , en se tournant successive­ment à tous les points de l' horizon.Silence absolu .","peut-être le NCMAN de un de DETPOSS NCmod VDIC il à le NP VPS donc à plusieurs NC , PPRES un NCo ADJ , qui devoir être VCOG dans un ADV ADJ rayon.par un NCs ne VDIC à le NP VPS plusieurs fois , en se PPRES ADV à tout le NC de le NP ADJ ."
823,1882_Verne_L-Ecole-des-Robinsons_A.txt,– Seul !,– ADJ !
824,1882_Verne_L-Ecole-des-Robinsons_A.txt,seul !,ADJ !
825,1882_Verne_L-Ecole-des-Robinsons_A.txt,"murmura-t-il.Non seulement aucun appel n' avait répondu à le sien , mais aucun écho ne lui avait renvoyé le son de sa voix .","NP seulement aucun NCs ne avoir VDIC à le sien , mais aucun NCs ne lui avoir PPAS le NCo de DETPOSS NCMAN ."
826,1882_Verne_L-Ecole-des-Robinsons_A.txt,"Or , s' il eût été près d' une falaise , non loin d' un groupe de roches , tels qu' en présentent le plus souvent les cordons littoraux , il était certain que ses cris , répercutés par l' obstacle , seraient revenus à lui .","or , si il avoir être ADVLIEU de un NC , non ADVLIEU de un NC de NCmod , tel que en VSUBP le plus ADVTEMPS le NCo ADJ , il être ADJ que DETPOSS NCspas , PPAS par le NC , être PPAS à lui ."
827,1882_Verne_L-Ecole-des-Robinsons_A.txt,"Donc , ou vers l' est de le récif s' étendait une côte basse , impropre à produire un écho , ou , ce qui était plus probable , aucune terre ne s' étendait dans le voisinage .","donc , ou vers le NC de le NCmod se VIMP un NCo ADJ , INF à INF un NCo , ou , ce qui être plus ADJ , aucun NCs ne se VIMP dans le NC ."
828,1882_Verne_L-Ecole-des-Robinsons_A.txt,"Le semis de brisants , sur lequel le naufragé avait trouvé refuge , était isolé.Trois heures s' écoulèrent dans ces transes .","le NCs de NCmod , sur lequel le NCs avoir PPAS NCo , être NUM NCT se VPS dans ce NC ."
829,1882_Verne_L-Ecole-des-Robinsons_A.txt,"Godfrey , glacé , allant et venant sur le sommet de l' étroite roche , cherchait à réagir contre le froid .","NP , PPAS , aller et venir sur le NC de le NCmod ADJ , VIMP à INF contre le NC ."
830,1882_Verne_L-Ecole-des-Robinsons_A.txt,Enfin quelques lueurs blanchâtres teignirent les nuages de le zénith .,PHASE quelque NCs ADJCOL VPS le NCo de le NCmod .
831,1882_Verne_L-Ecole-des-Robinsons_A.txt,"C' était le reflet de les premières colorations de l' horizon.Godfrey , tourné de ce côté – le seul vers lequel pût être la terre – , cherchait à voir si quelque falaise ne se dessinerait pas dans l' ombre .","ce être le NC de le ADJ NCmod de le NP , PPAS de ce NC – le ADJ NCs lequel VSUBI être le NC – , VIMP à VCOG si quelque NCs ne se VCOND pas dans le NC ."
832,1882_Verne_L-Ecole-des-Robinsons_A.txt,"En la profilant de ses premiers rayons , le soleil levant devait en accuser plus vivement les contours.Mais rien n' apparaissait encore à travers cette aube indécise .","en le PPRES de DETPOSS ADJ NC , le NCs PPRES devoir en VDIC plus ADVINT le NP rien ne VIMP encore à travers ce NC ADJ ."
833,1882_Verne_L-Ecole-des-Robinsons_A.txt,"Une légère brume s' élevait de la mer , qui ne permettait pas même de reconnaître l' étendue de les brisants.Il n' y avait donc pas à se faire d' illusions .","un ADJ NCs se VIMP de le NC , qui ne permettre pas même de VCOG le NCo de le NP ne y avoir donc pas à se faire de NC ."
834,1882_Verne_L-Ecole-des-Robinsons_A.txt,"Si Godfrey avait été , en effet , jeté sur un roc isolé de le Pacifique , c' était la mort à bref délai , la mort par la faim , par la soif , ou , s' il le fallait , la mort à le fond de l' eau , comme dernier recours !","si NP avoir être , en NC , PPAS sur un NC PPAS de le NP , ce être le NC à ADJ NCmod , le NC par le NCmod , par le NC , ou , si il le VIMP , le NCo à le NCmod de le NCmod , comme ADJ NCmod !"
835,1882_Verne_L-Ecole-des-Robinsons_A.txt,"Cependant il regardait toujours , et il semblait que l' intensité de son regard devait s' accroître démesurément , tant toute sa volonté se concentrait en lui.Enfin la brume matinale commença à se fondre .","cependant il VCOG ADVTEMPS , et il sembler que le NCs de DETPOSS NCMAN devoir se INF ADV , tant tout DETPOSS NCs se VCOND en NP le NCs ADJ VASP à se INF ."
836,1882_Verne_L-Ecole-des-Robinsons_A.txt,"Godfrey vit successivement les roches qui formaient l' écueil se dessiner en relief sur la mer , comme un troupeau de monstres marins .","NP PRES ADV le NCo qui VIMP le NCo se INF en NC sur le NCmod , comme un NC de NCmod ADJ ."
837,1882_Verne_L-Ecole-des-Robinsons_A.txt,"C' était un long et irrégulier semis de pierres noirâtres , bizarrement découpées , de toute taille , de toutes formes , dont la projection était à peu près ouest et est .","ce être un ADJ et ADJ PPAS de NC ADJCOL , ADVMAN PPAS , de tout NC , de tout NC , dont le NCs être à peu ADVLIEU NC et être ."
838,1882_Verne_L-Ecole-des-Robinsons_A.txt,"L' énorme caillou , à le sommet de lequel se trouvait Godfrey , émergeait à la lisière occidentale de le banc , à moins de trente brasses de l' endroit où le Dream avait sombré .","le NCs ADJ , à le NC de lequel se VIMP NP , VIMP à le NC ADJ de le NCmod , à moins de NUM NC de le NCmod où le NCs avoir PPAS ."
839,1882_Verne_L-Ecole-des-Robinsons_A.txt,"La mer , en cet endroit , devait être très profonde , car de le steamer on ne voyait plus rien , pas même l' extrémité de ses mâts .","le NCs , en ce NCmod , devoir être très ADJ , car de le INF on ne VCOG plus rien , pas même le NC de DETPOSS NCmod ."
840,1882_Verne_L-Ecole-des-Robinsons_A.txt,"Peut-être , par l' effet d' un glissement sur un fond de roches sous-marines , avait -il été entraîné à le large de l' écueil.Un regard avait suffi à Godfrey pour constater cet état de choses .","peut-être , par le NC de un NCmod sur un NCmod de NCmod ADJ , avoir il être PPAS à le NC de le NP NCMAN avoir PPAS à NP pour INF ce NCo de chose ."
841,1882_Verne_L-Ecole-des-Robinsons_A.txt,Le salut ne pouvait être de ce côté .,le NCs ne pouvoir être de ce NC .
842,1882_Verne_L-Ecole-des-Robinsons_A.txt,"Toute son attention se porta donc vers l' autre pointe de les brisants que la brume , en se levant , débarrassait peu à peu .","tout DETPOSS NCs se VPS donc vers le autre NC de le NCmod que le NCs , en se PPRES , VIMP peu à peu ."
843,1882_Verne_L-Ecole-des-Robinsons_A.txt,"Il faut ajouter que la mer , basse en ce moment , permettait à les roches de découvrir plus complètement .","il PRES INF que le NCs , ADJ en ce NCmod , permettre à le NC de VCOG plus ADVINT ."
844,1882_Verne_L-Ecole-des-Robinsons_A.txt,On les voyait s' allonger en élargissant leur base humide .,on le VCOG se INF en PPRES lui NCo ADJ .
845,1882_Verne_L-Ecole-des-Robinsons_A.txt,"Ici , d' assez vastes intervalles liquides , là , de simples flaques d' eau , les séparaient .","ADVLIEU , de ADV ADJ NCs ADJ , ADVLIEU , un ADJ NC de NCmod , le VIMP ."
846,1882_Verne_L-Ecole-des-Robinsons_A.txt,"Si elles se raccordaient à quelque littoral , il ne serait pas difficile d' y accoster.Du reste , nulle apparence de côte .","si il se VIMP à quelque NC , il ne être pas ADJ de y NP PRES , ADJ NCs de NCmod ."
847,1882_Verne_L-Ecole-des-Robinsons_A.txt,"Rien qui indiquât encore la proximité d' une haute terre , même dans cette direction.La brume se dissipait toujours en agrandissant le champ de vision , à lequel s' attachait obstinément l' œil de Godfrey .","rien qui VSUBI encore le NCo de un ADJ NCmod , même dans ce NP NCs se VSENT ADVTEMPS en PPRES le NCo de NCmod , à lequel se VIMP ADV le NCo de NP ."
848,1882_Verne_L-Ecole-des-Robinsons_A.txt,Ses volutes roulèrent ainsi sur un espace d' un demi-mille .,DETPOSS NCs VPS ainsi sur un NC de un NCmod .
849,1882_Verne_L-Ecole-des-Robinsons_A.txt,Déjà quelques plaques sablonneuses apparaissaient entre les roches que tapissait un visqueux varech .,déjà quelque NCs ADJ VIMP entre le NC que VIMP un ADJ NCs .
850,1882_Verne_L-Ecole-des-Robinsons_A.txt,"Ce sable n' indiquait -il pas , tout à le moins , la présence d' une grève , et , si la grève existait , pouvait -on douter qu' elle ne fût rattachée à le rivage d' une terre plus importante ?","ce NCs ne VIMP il pas , tout à le moins , le NC de un NCmod , et , si le NCs VIMP , pouvoir on INF que il ne être PPAS à le NC de un NCmod plus ADJ ?"
851,1882_Verne_L-Ecole-des-Robinsons_A.txt,"Enfin , un long profil de dunes basses , contrebutées de grosses roches granitiques , se dessinant plus nettement , sembla fermer l' horizon dans l' est .","PHASE , un ADJ NC de NCmod ADJ , PPAS un ADJ NCo ADJ , se PPRES plus ADVINT , sembler INF le NC dans le NCmod ."
852,1882_Verne_L-Ecole-des-Robinsons_A.txt,"Le soleil avait bu toutes les vapeurs matinales , et son disque débordait alors en plein feu .","le NCs avoir PPAS tout le NCo ADJ , et DETPOSS NCs VIMP alors en ADJ NC ."
853,1882_Verne_L-Ecole-des-Robinsons_A.txt,– Terre !,– NCs !
854,1882_Verne_L-Ecole-des-Robinsons_A.txt,terre !,NCmod !
855,1882_Verne_L-Ecole-des-Robinsons_A.txt,"s' écria Godfrey.Et il tendit les mains vers ce plan solide , en s' agenouillant sur l' écueil dans un mouvement de reconnaissance envers Dieu .","se VDIC NP il VPS le NCCOR vers ce NC ADJ , en se PPRES sur le NC dans un NC de NCmod envers NP ."
856,1882_Verne_L-Ecole-des-Robinsons_A.txt,"C' était la terre , en effet .","ce être le NC , en NC ."
857,1882_Verne_L-Ecole-des-Robinsons_A.txt,"En cet endroit , les brisants ne formaient qu' une pointe avancée , quelque chose comme le cap méridional d' une baie , qui s' arrondissait sur un périmètre de deux milles à le plus .","en ce NC , le NCs ne VIMP que un NCo ADJ , quelque chose comme le NCmod ADJ de un NCmod , qui se VIMP sur un NC de NUM NCmod à le plus ."
858,1882_Verne_L-Ecole-des-Robinsons_A.txt,"Le fond de cette échancrure se montrait sous l' apparence d' une grève plate , que bordait une succession de petites dunes , capricieusement ondées de lignes d' herbes , mais peu élevées .","le NCs de ce NCmod se VIMP sous le NC de un NCmod ADJ , que VIMP un NCs de ADJ NCmod , ADVMAN PPAS de NC de NCmod , mais peu ADJ ."
859,1882_Verne_L-Ecole-des-Robinsons_A.txt,"De la place qu' occupait Godfrey , son regard put saisir l' ensemble de cette côte.Bornée à le nord et à le sud par deux promontoires inégaux , elle ne présentait pas un développement de plus de cinq à six milles .","de le NC que VIMP NP , DETPOSS NCMAN pouvoir INF le ensemble de ce NCmod à le NC et à le NC par NUM NC ADJ , il ne VIMP pas un NCo de plus de NUM à NUM NC ."
860,1882_Verne_L-Ecole-des-Robinsons_A.txt,"Il était possible , cependant , qu' elle appartînt à quelque grande terre .","il être ADJ , cependant , que il PRES à quelque ADJ NC ."
861,1882_Verne_L-Ecole-des-Robinsons_A.txt,"Quoi qu' il en fût , c' était à le moins le salut momentané .","quoi que il en être , ce être à le moins le NC ADJ ."
862,1882_Verne_L-Ecole-des-Robinsons_A.txt,"Godfrey , à cet égard , ne pouvait concevoir aucun doute , il n' avait pas été jeté sur quelque brisant solitaire , il devait croire que ce bout de sol inconnu ne lui refuserait pas de pourvoir à ses premiers besoins .","NP , à ce NCmod , ne pouvoir VCOG aucun NCSENT , il ne avoir pas être PPAS sur quelque NC ADJ , il devoir VCOG que ce NCs de NCmod ADJ ne lui VCOND pas de INF à DETPOSS ADJ NC ."
863,1882_Verne_L-Ecole-des-Robinsons_A.txt,« À terre !,""" à NC !"
864,1882_Verne_L-Ecole-des-Robinsons_A.txt,terre !,NCmod !
865,1882_Verne_L-Ecole-des-Robinsons_A.txt,"» se dit-il.Mais , avant de quitter l' écueil , il se retourna une dernière fois .",""" se VIMP , PHASE de INF le NCo , il se VPS un ADJ fois ."
866,1882_Verne_L-Ecole-des-Robinsons_A.txt,Ses yeux interrogèrent encore la mer jusqu' à l' horizon de le large .,DETPOSS NCCOR VDIC encore le NCo jusque à le NC de le NCmod .
867,1882_Verne_L-Ecole-des-Robinsons_A.txt,"Quelque épave apparaîtrait -elle à la surface de les flots , quelque débris de le Dream , quelque survivant peut-être ?","quelque NCs VIMP il à le NC de le NCmod , quelque NC de le NP , quelque NC peut-être ?"
868,1882_Verne_L-Ecole-des-Robinsons_A.txt,"Rien.La chaloupe elle-même n' était plus là , et devait avoir été entraînée dans le commun abîme .","Rien.La NCs elle-même ne être plus ADVLIEU , et devoir avoir être PPAS dans le ADJ NC ."
869,1882_Verne_L-Ecole-des-Robinsons_A.txt,"L' idée vint alors à Godfrey que , sur ces brisants , quelqu'un de ses compagnons avait pu trouver refuge , qui , comme lui , attendait le jour pour essayer de gagner la côte ?Personne , ni sur les rochers , ni sur la grève !","le NCs venir alors à NP que , sur ce NC , quelqu'un de DETPOSS NCmod avoir pouvoir INF NCo , qui , comme lui , VIMP le NCT pour INF de INF le NCo ADJ , ni sur le NC , ni sur le NC !"
870,1882_Verne_L-Ecole-des-Robinsons_A.txt,Le récif était aussi désert que l' Océan !,le NCs être aussi PPAS que le NP !
871,1882_Verne_L-Ecole-des-Robinsons_A.txt,"Mais enfin , à défaut de survivants , la mer n' avait -elle pas , à le moins , rejeté plusieurs cadavres ?","mais PHASE , à NC de NCmod , le NCs ne avoir il pas , à le moins , PPAS plusieurs NCo ?"
872,1882_Verne_L-Ecole-des-Robinsons_A.txt,"Godfrey n' allait -il pas retrouver entre les écueils , à la dernière limite de le ressac , le corps inanimé de quelques - uns de ses compagnons ?Non !","NP ne aller il pas INF entre le NC , à le ADJ NCmod de le NCmod , le NCCOR ADJ de quelque - un de DETPOSS NCmod NP !"
873,1882_Verne_L-Ecole-des-Robinsons_A.txt,"rien sur toute l' étendue de les brisants , que les dernières nappes de le jusant laissaient alors à découvert.Godfrey était seul !","rien sur tout le NCmod de le NCmod , que le NCs ADJ de le NCmod VIMP alors à NP être ADJ !"
874,1882_Verne_L-Ecole-des-Robinsons_A.txt,Il ne pouvait compter que sur lui pour lutter contre les dangers de toute sorte qui le menaçaient !,il ne pouvoir INF que sur lui pour INF contre le NC de tout sorte qui le VIMP !
875,1882_Verne_L-Ecole-des-Robinsons_A.txt,"Devant cette réalité , cependant , disons -le à sa louange , Godfrey ne voulut pas faiblir .","ADVLIEU ce NC , cependant , VDIC le à DETPOSS NCmod , NP ne PRES pas INF ."
876,1882_Verne_L-Ecole-des-Robinsons_A.txt,"Mais comme , avant tout , il lui convenait d' être fixé sur la nature de la terre , dont une courte distance le séparait , il quitta le sommet de l' écueil et commença à se rapprocher de le rivage.Lorsque l' intervalle qui séparait les roches était trop considérable pour être franchi d' un bond , il se jetait à l' eau , et , soit qu' il eût pied , soit qu' il fût obligé de se soutenir en nageant , il gagnait aisément le rocher le plus proche .","mais comme , PHASE tout , il lui VIMP de être PPAS sur le NC de le NCmod , dont un ADJ NCmod le NC , il VPS le NCo de le NCmod et VASP à se INF de le NP le NCo qui VIMP le NCs être trop ADJ pour être PPAS de un NC , il se VIMP à le NC , et , ADV que il avoir NCCOR , ADV que il être PPAS de se INF en PPRES , il VIMP ADV le NCo le plus ADJ ."
877,1882_Verne_L-Ecole-des-Robinsons_A.txt,"À le contraire , lorsqu' il n' avait devant lui que l' espace d' un yard ou deux , il sautait d' un roc à l' autre .","à le NC , lorsque il ne avoir ADVLIEU lui que le NCs de un NCmod ou NUM , il VIMP de un NC à le autre ."
878,1882_Verne_L-Ecole-des-Robinsons_A.txt,"La marche sur ces pierres visqueuses , tapissées de goémons glissants , n' était pas facile et fut longue .","le NCs sur ce NCmod ADJ , PPAS de NC ADJ , ne être pas ADJ et être ADJ ."
879,1882_Verne_L-Ecole-des-Robinsons_A.txt,"Il y avait près d' un quart de mille à faire dans ces conditions.Toutefois , Godfrey , adroit et agile , mit enfin le pied sur cette terre , où l' attendait peut-être , sinon la mort prompte , de le moins une vie misérable , pire que la mort .","il y avoir ADVLIEU de NUM NC de NUM à faire dans ce NC , NP , ADJ et ADJ , mettre PHASE le NCCOR sur ce NC , où le VIMP peut-être , sinon le NC ADJ , de le moins un NC ADJ , ADV que le NC ."
880,1882_Verne_L-Ecole-des-Robinsons_A.txt,"La faim , la soif , le froid , le dénuement , les périls de toute espèce , sans une arme pour se défendre , sans un fusil pour chasser le gibier , sans vêtements de rechange , voilà à quelles extrémités il allait être réduit !","le NC , le NC , le NC , le NC , le NC de tout espèce , sans un NC pour se INF , sans un NC pour INF le NCo , sans NC de NCmod , voilà à quel NC il aller être ADJ !"
881,1882_Verne_L-Ecole-des-Robinsons_A.txt,Ah !,NP !
882,1882_Verne_L-Ecole-des-Robinsons_A.txt,l' imprudent !,le NCmod !
883,1882_Verne_L-Ecole-des-Robinsons_A.txt,Il avait voulu savoir s' il était capable de se tirer d' affaire en de graves conjonctures !,il avoir vouloir VCOG si il être ADJ de se INF de NC en un ADJ NC !
884,1882_Verne_L-Ecole-des-Robinsons_A.txt,"Eh bien , il en ferait l' épreuve !","INTJ bien , il en faire le NCo !"
885,1882_Verne_L-Ecole-des-Robinsons_A.txt,Il avait envié le sort d' un Robinson !,il avoir PPAS le NCo de un NP !
886,1882_Verne_L-Ecole-des-Robinsons_A.txt,"Eh bien , il verrait si c' est un sort enviable !","INTJ bien , il VCOND si ce être un NC ADJ !"
887,1882_Verne_L-Ecole-des-Robinsons_A.txt,"Et alors la pensée de cette existence heureuse , de cette vie facile de San Francisco , à le milieu d' une riche et aimante famille , qu' il avait abandonnée pour se jeter dans les aventures , lui revint à l' esprit .","et alors le NCs de ce NCmod ADJ , de ce NC ADJ de NP NP , à le milieu de un ADJ et ADJ NCmod , que il avoir PPAS pour se INF dans le NC , lui VPS à le NC ."
888,1882_Verne_L-Ecole-des-Robinsons_A.txt,"Il se rappela son oncle Will , sa fiancée Phina , ses amis , qu' il ne reverrait plus , sans doute !","il se VPS DETPOSS NCo NP , DETPOSS NC NP , DETPOSS NC , que il ne VCOND plus , sans NCSENT !"
889,1882_Verne_L-Ecole-des-Robinsons_A.txt,"À l' évocation de ces souvenirs , son cœur se serra , et , en dépit , de sa résolution , une larme lui vint à les yeux.Et encore s' il n' eût pas été seul , si quelque autre survivant de le naufrage avait pu , comme lui , atteindre cette côte , et même , à défaut de le capitaine ou de le second , n' eût -ce été que le dernier de ses matelots , n' eût -ce été que le professeur Tartelett , quelque peu de fond qu' il fallût faire sur cet être frivole , combien les éventualités de l' avenir lui auraient paru moins redoutables !","à le NC de ce NCmod , DETPOSS NCs se VF , et , en NCSENT , de DETPOSS NCmod , un NCs lui venir à le NP encore si il ne avoir pas être ADJ , si quelque autre PPRES de le NC avoir pouvoir , comme lui , INF ce NCo , et même , à NC de le NCmod ou de le NC , ne avoir ce être que le NC de DETPOSS NCmod , ne avoir ce être que le NC NP , quelque peu de NC que il VSUBI faire sur ce être ADJ , combien le NCs de le NCmod lui avoir paraître moins ADJ !"
890,1882_Verne_L-Ecole-des-Robinsons_A.txt,"Aussi , à cet égard , il voulait encore espérer .","aussi , à ce NC , il vouloir encore VCOG ."
891,1882_Verne_L-Ecole-des-Robinsons_A.txt,"S' il n' avait trouvé aucune trace à la surface de les brisants , ne pouvait -il en rencontrer sur le sable de cette grève ?","si il ne avoir PPAS aucun NCo à le NC de le NCmod , ne pouvoir il en INF sur le NC de ce NCmod ?"
892,1882_Verne_L-Ecole-des-Robinsons_A.txt,"Quelque autre que lui n' avait -il pas déjà accosté ce littoral , cherchant un compagnon comme il en cherchait un lui-même ?","quelque autre que lui ne avoir il pas déjà PPAS ce NCo , PPRES un NCo comme il en VIMP un soi-même ?"
893,1882_Verne_L-Ecole-des-Robinsons_A.txt,Godfrey embrassa encore d' un long regard toute la partie de le nord et de le sud .,NP VPS encore de un ADJ NCMAN tout le NCo de le NCmod et de le NC .
894,1882_Verne_L-Ecole-des-Robinsons_A.txt,Il n' aperçut pas un seul être humain .,il ne VPS pas un ADJ être ADJ .
895,1882_Verne_L-Ecole-des-Robinsons_A.txt,Évidemment cette portion de la terre était inhabitée .,ADV ce NCs de le NCmod être ADJ .
896,1882_Verne_L-Ecole-des-Robinsons_A.txt,"De case , il n' y avait pas apparence , de fumée s' élevant dans l' air , pas trace.« Allons !","de NC , il ne y avoir pas NCo , de NC se PPRES dans le NCMAN , pas trace.« NP !"
897,1882_Verne_L-Ecole-des-Robinsons_A.txt,allons !,NCs !
898,1882_Verne_L-Ecole-des-Robinsons_A.txt,"» se dit Godfrey.Et le voilà remontant la grève , vers le nord , avant de s' aventurer à gravir ces dunes sablonneuses , qui lui permettraient de reconnaître le pays sur un plus large espace.Le silence était absolu .",""" se VDIC NP le voilà VSENT le NCo , vers le NC , PHASE de se INF à INF ce NCo ADJ , qui lui VCOND de VCOG le NCo sur un plus ADJ espace.Le NCs être ADJ ."
899,1882_Verne_L-Ecole-des-Robinsons_A.txt,Le sable n' avait reçu aucune empreinte .,le NCs ne avoir PPAS aucun NCo .
900,1882_Verne_L-Ecole-des-Robinsons_A.txt,"Quelques oiseaux de mer , mouettes ou goélands , s' ébattaient à la lisière de les rochers , seuls êtres vivants de cette solitude.Godfrey marcha ainsi pendant un quart d' heure .","quelque NCs de NCmod , NC ou NC , se VIMP à le NC de le NCmod , ADJ être ADJ de ce NP VPS ainsi PHASE un NC de NCT ."
901,1882_Verne_L-Ecole-des-Robinsons_A.txt,"Enfin , il allait s' élancer sur le talus de la plus élevée de ces dunes , semées de joncs et de broussailles , lorsqu' il s' arrêta brusquement.Un objet informe , extraordinairement gonflé , quelque chose comme le cadavre d' un monstre marin , jeté là sans doute par la dernière tempête , gisait à cinquante pas de lui à la lisière de le récif.Godfrey se hâta de courir dans cette direction .","PHASE , il aller se INF sur le NC de le plus ADJ de ce NCmod , PPAS de NC et de NC , lorsque il se VPS brusquement.Un NCo ADJ , ADV PPAS , quelque chose comme le NCmod de un NCmod ADJ , PPAS ADVLIEU sans NCSENT par le ADJ NC , VIMP à NUM pas de lui à le NCmod de le NP se VPS de INF dans ce NC ."
902,1882_Verne_L-Ecole-des-Robinsons_A.txt,"À mesure qu' il se rapprochait , son cœur se mit à battre plus rapidement .","à NC que il se VIMP , DETPOSS NCs se mettre à INF plus ADVMAN ."
903,1882_Verne_L-Ecole-des-Robinsons_A.txt,"En vérité , dans cet animal échoué il lui semblait reconnaître une forme humaine !","en NC , dans ce NC PPAS il lui sembler VCOG un NCo ADJ !"
904,1882_Verne_L-Ecole-des-Robinsons_A.txt,"Godfrey n' en était pas à dix pas qu' il s' arrêtait , comme s' il eût été cloué à le sol , et s' écriait :– Tartelett !","NP ne en être pas à NUM pas que il se VIMP , comme si il avoir être PPAS à le NC , et se VIMP :– NP !"
905,1882_Verne_L-Ecole-des-Robinsons_A.txt,"C' était le professeur de danse et de maintien.Godfrey se précipita vers son compagnon , à qui , peut-être , il restait encore quelque souffle !","ce être le NCs de NCmod et de NP se VPS vers DETPOSS NC , à qui , peut-être , il VIMP encore quelque NCo !"
906,1882_Verne_L-Ecole-des-Robinsons_A.txt,"Un instant après , il reconnaissait que c' était la ceinture de sauvetage qui produisait ce gonflement et donnait l' aspect d' un monstre marin à l' infortuné professeur .","un NC PHASE , il VCOG que ce être le NC de NCmod qui VIMP ce NCo et VIMP le NCo de un NCmod ADJ à le NCmod NC ."
907,1882_Verne_L-Ecole-des-Robinsons_A.txt,"Mais , bien que Tartelett fût sans mouvement , peut-être n' était -il pas mort !","mais , bien que NP être sans NC , peut-être ne être il pas PPAS !"
908,1882_Verne_L-Ecole-des-Robinsons_A.txt,"Peut-être cet appareil natatoire l' avait -il soutenu au-dessus de les eaux , pendant que les ondulations de le ressac le portaient à le rivage !","peut-être ce NCs ADJ le avoir il PPAS ADVLIEU de le NC , PHASE que le NCs de le NCmod le VIMP à le NC !"
909,1882_Verne_L-Ecole-des-Robinsons_A.txt,Godfrey se mit à l' œuvre .,NP se mettre à le NC .
910,1882_Verne_L-Ecole-des-Robinsons_A.txt,"Il s' agenouilla près de Tartelett , il le débarrassa de sa ceinture , il le frictionna d' une main vigoureuse , il surprit enfin un léger souffle sur ses lèvres entrouvertes !","il se VPS ADVLIEU de NP , il le VPS de DETPOSS NC , il le VPS de un NCCOR ADJ , il VPS PHASE un ADJ NCo sur DETPOSS NCCOR ADJ !"
911,1882_Verne_L-Ecole-des-Robinsons_A.txt,… Il lui mit la main sur le cœur !,… il lui mettre le NCCOR sur le NC !
912,1882_Verne_L-Ecole-des-Robinsons_A.txt,"… Le cœur battait encore.Godfrey l' appela.Tartelett remua la tête , puis il fit entendre un son rauque , suivi d' incohérentes paroles.Godfrey le secoua violemment.Tartelett ouvrit alors les yeux , passa sa main gauche sur son front , releva la main droite , et s' assura que sa précieuse pochette et son archet qu' il tenait étroitement , ne l' avaient point abandonné .","… le NCs VIMP NP le NP VPS le NCCOR , puis il faire VCOG un NCo ADJ , PPAS de NC NP le VPS NP VPS alors le NCCOR , VPS DETPOSS NCCOR ADJ sur DETPOSS NCCOR , VPS le NCCOR ADJ , et se VPS que DETPOSS ADJ NC et DETPOSS NC que il VIMP ADV , ne le avoir ADV PPAS ."
913,1882_Verne_L-Ecole-des-Robinsons_A.txt,– Tartelett !,– NP !
914,1882_Verne_L-Ecole-des-Robinsons_A.txt,mon cher Tartelett !,DETPOSS NC NP !
915,1882_Verne_L-Ecole-des-Robinsons_A.txt,"s' écria Godfrey , en lui soulevant légèrement la tête. Cette tête , avec son reste de cheveux ébouriffés , fit un petit signe affirmatif de haut en bas .","se VPS NP , en lui PPRES ADVINT le NCo ce NCCOR , avec DETPOSS NCmod de NCCOR ADJ , faire un ADJ NCo ADJ de NCmod en NC ."
916,1882_Verne_L-Ecole-des-Robinsons_A.txt,– C' est moi !,– ce être soi !
917,1882_Verne_L-Ecole-des-Robinsons_A.txt,moi !,soi !
918,1882_Verne_L-Ecole-des-Robinsons_A.txt,Godfrey !– Godfrey ?,NP !– NP ?
919,1882_Verne_L-Ecole-des-Robinsons_A.txt,"répondit le professeur.Puis , le voilà qui se retourne , qui se met sur ses genoux , qui regarde , qui sourit , qui se relève !","VDIC le NP , le voilà qui se PRES , qui se mettre sur DETPOSS NCCOR , qui VCOG , qui PRES , qui se PRES !"
920,1882_Verne_L-Ecole-des-Robinsons_A.txt,… Il a senti qu' il a enfin un point d' appui solide !,… il avoir sentir que il avoir PHASE un NC de NCmod ADJ !
921,1882_Verne_L-Ecole-des-Robinsons_A.txt,"Il a compris qu' il n' est plus sur le pont d' un navire , soumis à toutes les incertitudes de le roulis et de le tangage !","il avoir VCOG que il ne être plus sur le NC de un NCmod , PPAS à tout le NC de le NCmod et de le NC !"
922,1882_Verne_L-Ecole-des-Robinsons_A.txt,La mer a cessé de le porter !,le NCs avoir VASP de le INF !
923,1882_Verne_L-Ecole-des-Robinsons_A.txt,Il repose sur un sol ferme !,il PRES sur un NC ADJ !
924,1882_Verne_L-Ecole-des-Robinsons_A.txt,"Et alors le professeur Tartelett retrouve cet aplomb qu' il avait perdu depuis son départ , ses pieds se placent naturellement en dehors , dans la position réglementaire , sa main gauche saisit la pochette , sa main droite brandit l' archet ; puis , tandis que les cordes , vigoureusement attaquées , rendent un son humide , d' une sonorité mélancolique , ces mots s' échappent de ses lèvres souriantes :– En place , mademoiselle !","et alors le NCs NP PRES ce NCo que il avoir PPAS depuis DETPOSS NC , DETPOSS NCCOR se PRES ADVINT en ADV , dans le NC ADJ , DETPOSS NCCOR ADJ PRES le NCo , DETPOSS NCCOR ADJ PRES le NCo ; puis , PHASE que le NCs , ADVMAN PPAS , PRES un NCo ADJ , de un NC ADJ , ce NCs se PRES de DETPOSS NCCOR ADJ :– en NC , monsieur !"
925,1882_Verne_L-Ecole-des-Robinsons_A.txt,"Le brave homme pensait à Phina.IXCela fait , le professeur et l' élève se jetèrent dans les bras l' un de l' autre .","le ADJ NCs VCOG à NP faire , le NCs et le NC se PRES dans le NCCOR le un de le autre ."
926,1882_Verne_L-Ecole-des-Robinsons_A.txt,– Mon cher Godfrey !,– DETPOSS NC NP !
927,1882_Verne_L-Ecole-des-Robinsons_A.txt,s' écria Tartelett .,se VPS NP .
928,1882_Verne_L-Ecole-des-Robinsons_A.txt,– Mon bon Tartelett !,– DETPOSS ADJ NP !
929,1882_Verne_L-Ecole-des-Robinsons_A.txt,répondit Godfrey .,VDIC NP .
930,1882_Verne_L-Ecole-des-Robinsons_A.txt,"– Enfin , nous sommes donc arrivés à le port !","– PHASE , nous être donc PPAS à le NC !"
931,1882_Verne_L-Ecole-des-Robinsons_A.txt,s' écria le professeur de le ton d' un homme qui en a assez de la navigation et de ses accidents.Il appelait cela : être arrivé à le port !,se VDIC le NCs de le NCmod de un NCmod qui en avoir ADV de le NC et de DETPOSS NC VIMP cela : être PPAS à le NC !
932,1882_Verne_L-Ecole-des-Robinsons_A.txt,Godfrey ne voulut pas discuter à ce sujet .,NP ne vouloir pas INF à ce NC .
933,1882_Verne_L-Ecole-des-Robinsons_A.txt,"– Enlevez votre ceinture de sauvetage , dit -il .","– IMP DETPOSS NCo de NCmod , VDIC il ."
934,1882_Verne_L-Ecole-des-Robinsons_A.txt,Cette machine vous étouffe et gêne vos mouvements !– Pensez -vous donc que je puisse le faire sans inconvénients ?,ce NCs vous PRES et PRES DETPOSS NCo !– VCOG vous donc que je pouvoir le faire sans NC ?
935,1882_Verne_L-Ecole-des-Robinsons_A.txt,demanda Tartelett .,demanda NP .
936,1882_Verne_L-Ecole-des-Robinsons_A.txt,"– Sans inconvénient , répondit Godfrey .","– sans NC , VDIC NP ."
937,1882_Verne_L-Ecole-des-Robinsons_A.txt,"Maintenant , serrez votre pochette et allons à la découverte .","ADVT , IMP DETPOSS NCo et NC à le NC ."
938,1882_Verne_L-Ecole-des-Robinsons_A.txt,"– Allons , répliqua le professeur ; mais , s' il vous plaît , Godfrey , nous nous arrêterons à le premier bar .","– NP , VPS le NCo ; mais , si il vous PRES , NP , nous nous PRES à le ADJ NC ."
939,1882_Verne_L-Ecole-des-Robinsons_A.txt,"Je meurs de faim , et une douzaine de sandwiches , arrosée de quelques verres de porto , me remettraient tout à fait sur mes jambes !– Oui !","je NCs de NCmod , et un NC de NCmod , PPAS de quelque NC de NCmod , me VIMP tout à NC sur DETPOSS NCCOR !– oui !"
940,1882_Verne_L-Ecole-des-Robinsons_A.txt,"à le premier bar !… répondit Godfrey en hochant la tête , et même à le dernier … si le premier ne nous convient pas !– Puis , reprit Tartelett , nous demanderons à quelque passant où se trouve le bureau télégraphique , afin de lancer immédiatement une dépêche à votre oncle Kolderup .","à le ADJ NC !… VDIC NP en PPRES le NCCOR , et même à le NC … si le ADJ ne nous PRES pas !– puis , VPS NP , nous PRES à quelque passer où se PRES le NCs ADJ , ADV de INF ADVTEMPS un NCo à DETPOSS NC NP ."
941,1882_Verne_L-Ecole-des-Robinsons_A.txt,"J' imagine que cet excellent homme ne refusera pas de nous envoyer l' argent nécessaire pour regagner l' hôtel de Montgomery-Street , car je n' ai pas un cent sur moi !","je VCOG que ce ADJ NCs ne VF pas de nous INF le NCo ADJ pour INF le NCo de NP , car je ne avoir pas un NCo sur soi !"
942,1882_Verne_L-Ecole-des-Robinsons_A.txt,"– C' est convenu , à le premier bureau télégraphique , répondit Godfrey , ou , s' il n' y en a pas dans ce pays , à le premier bureau de le Post-Office .","– ce être PPAS , à le ADJ NC ADJ , VDIC NP , ou , si il ne y en avoir pas dans ce NC , à le ADJ NC de le NP ."
943,1882_Verne_L-Ecole-des-Robinsons_A.txt,"En route , Tartelett !","en NCmod , NP !"
944,1882_Verne_L-Ecole-des-Robinsons_A.txt,"Le professeur , se débarrassant de son appareil natatoire , le passa autour de lui comme un cor de chasse , et les voilà se dirigeant tous les deux vers la lisière de dunes qui bordaient le littoral.Ce qui intéressait plus particulièrement Godfrey , à qui la rencontre de Tartelett avait rendu quelque espoir , c' était de reconnaître s' ils avaient seuls survécu à le naufrage de le Dream.Un quart d' heure après avoir quitté le seuil de le récif , nos deux explorateurs gravissaient une dune haute de soixante à quatre-vingts pieds et arrivaient à sa crête .","le NCs , se PPRES de DETPOSS NC ADJ , le VPS ADV de lui comme un NC de NCmod , et le voilà se PPRES tout le NUM vers le NC de NCmod qui VIMP le NCo qui VSENT plus ADVINT NP , à qui le NCs de NP avoir PPAS quelque NCSENT , ce être de VCOG si il avoir ADJ PPAS à le NC de le NP NC de NCT PHASE avoir PPAS le NCo de le NCmod , DETPOSS NUM NCs VIMP un NCo ADJ de NUM à NCmod NCCOR et VIMP à DETPOSS NC ."
945,1882_Verne_L-Ecole-des-Robinsons_A.txt,"De là , ils dominaient le littoral sur une large étendue , et leurs regards interrogeaient cet horizon de l' est , que les tumescences de la côte avaient caché jusqu' alors.À une distance de deux ou trois milles dans cette direction , une seconde ligne de collines formait l' arrière-plan , et , au-delà , ne laissait rien voir de l' horizon.Vers le nord , il semblait bien que la côte s' effilait en pointe , mais , si elle se raccordait à quelque cap projeté en arrière , on ne pouvait alors l' affirmer .","de ADVLIEU , il VIMP le NCo sur un ADJ NCmod , et DETPOSS NCMAN VIMP ce NCo de le NCmod , que le NCs de le NCmod avoir PPAS jusque alors.À un NC de NUM ou NUM NCmod dans ce NCmod , un ADJ NC de NCmod VIMP le NCo , et , ADV , ne laisser rien VCOG de le NP le NCo , il sembler bien que le NCs se VIMP en NC , mais , si il se VIMP à quelque NC PPAS en NC , on ne pouvoir alors le VDIC ."
946,1882_Verne_L-Ecole-des-Robinsons_A.txt,"À le sud , une crique creusait assez profondément le littoral , et , de ce côté de le moins , il semblait que l' Océan se dessinât à perte de vue .","à le NC , un NCs VIMP ADV ADVINT le NCo , et , de ce NC de le moins , il sembler que le NP se VSUBI à NC de NCmod ."
947,1882_Verne_L-Ecole-des-Robinsons_A.txt,"D' où la conclusion que cette terre de le Pacifique devait être une presqu'île ; dans ce cas , l' isthme , qui la rattachait à un continent quelconque , il fallait le chercher vers le nord ou le nord-est.Quoi qu' il en soit , cette contrée , loin d' être aride , disparaissait sous une agréable couche de verdure , longues prairies où serpentaient quelques rios limpides , hautes et épaisses forêts , dont les arbres s' étageaient jusque sur l' arrière-plan de collines .","de où le NCs que ce NCmod de le NP devoir être un NC ; dans ce NC , le NCo , qui le VIMP à un NC ADJ , il VIMP le INF vers le NC ou le NC que il en être , ce NC , ADVLIEU de être ADJ , VIMP sous un ADJ NC de NCmod , ADJ NC où VIMP quelque NCs ADJ , ADJ et ADJ NC , dont le NCs se VIMP jusque sur le NC de NCmod ."
948,1882_Verne_L-Ecole-des-Robinsons_A.txt,"C' était d' un charmant aspect.Mais , de maisons formant bourgade , village ou hameau , pas une en vue !","ce être de un ADJ NC , de NCmod PPRES NCo , NC ou NC , pas un en NC !"
949,1882_Verne_L-Ecole-des-Robinsons_A.txt,"De bâtiments agglomérés et disposés pour l' exploitation d' un établissement agricole , d' une métairie , d' une ferme , pas l' apparence !","de NC PPAS et PPAS pour le NC de un NCmod ADJ , de un NC , de un NC , pas le NC !"
950,1882_Verne_L-Ecole-des-Robinsons_A.txt,"De fumée s' élevant dans l' air et trahissant quelque habitation enfouie sous les arbres , nulle échappée !","de NC se PPRES dans le NCMAN et PPRES quelque NCo PPAS sous le NC , NC PPAS !"
951,1882_Verne_L-Ecole-des-Robinsons_A.txt,"Ni un clocher dans le fouillis de les arbres , ni un moulin sur quelque éminence isolée .","Ni un NC dans le NCmod de le NCmod , ni un NC sur quelque NCmod PPAS ."
952,1882_Verne_L-Ecole-des-Robinsons_A.txt,"Pas même , à défaut de maisons , une cabane , une case , un ajoupa , un wigwam ?","pas même , à NC de NCmod , un NC , un NC , un NC , un NC ?"
953,1882_Verne_L-Ecole-des-Robinsons_A.txt,Non !,non !
954,1882_Verne_L-Ecole-des-Robinsons_A.txt,rien .,rien .
955,1882_Verne_L-Ecole-des-Robinsons_A.txt,"Si de les êtres humains habitaient ce sol inconnu , ce ne pouvait être que dessous , non dessus , à la façon de les troglodytes .","si de le être ADJ VIMP ce NCo ADJ , ce ne pouvoir être que ADV , non ADV , à le façon de le NCmod ."
956,1882_Verne_L-Ecole-des-Robinsons_A.txt,"Nulle route frayée , d' ailleurs , pas même un sentier , pas même une sente .","ADJ NC PPAS , de ADVLIEU , pas même un NC , pas même un NC ."
957,1882_Verne_L-Ecole-des-Robinsons_A.txt,"Il semblait que le pied de l' homme n' eût jamais foulé ni un caillou de cette grève , ni un brin d' herbe de ces prairies .","il sembler que le NCCOR de le NCmod ne avoir ADVTEMPS PPAS ni un NCo de ce NCmod , ni un NC de NCmod de ce NCmod ."
958,1882_Verne_L-Ecole-des-Robinsons_A.txt,"– Je n' aperçois pas la ville , fit observer Tartelett , qui se haussait , cependant , sur ses pointes .","– je ne PRES pas le NCo , faire INF NP , qui se VIMP , cependant , sur DETPOSS NC ."
959,1882_Verne_L-Ecole-des-Robinsons_A.txt,– Cela tient probablement à ce qu' il n' y en a pas dans cette partie de la province !,– cela PRES ADVINT à ce que il ne y en avoir pas dans ce NC de le NCmod !
960,1882_Verne_L-Ecole-des-Robinsons_A.txt,répondit Godfrey .,VDIC NP .
961,1882_Verne_L-Ecole-des-Robinsons_A.txt,– Mais un village ?,– mais un NC ?
962,1882_Verne_L-Ecole-des-Robinsons_A.txt,…– Pas davantage !– Où sommes -nous donc ?– Je n' en sais rien .,…– pas davantage !– où être nous donc ?– je ne en VCOG rien .
963,1882_Verne_L-Ecole-des-Robinsons_A.txt,– Comment !,– comment !
964,1882_Verne_L-Ecole-des-Robinsons_A.txt,vous n' en savez rien !,vous ne en VCOG rien !
965,1882_Verne_L-Ecole-des-Robinsons_A.txt,"… Mais , Godfrey , nous ne pouvons tarder à le savoir ?– Qui peut le dire !– Qu' allons -nous devenir alors ?","… mais , NP , nous ne pouvoir INF à le VCOG ?– qui pouvoir le VDIC !– que aller le devenir alors ?"
966,1882_Verne_L-Ecole-des-Robinsons_A.txt,"s' écria Tartelett , en arrondissant ses bras qu' il leva vers le ciel .","se VPS NP , en PPRES DETPOSS NCCOR que il PRES vers le NC ."
967,1882_Verne_L-Ecole-des-Robinsons_A.txt,– De les Robinsons peut-être !,– de le NP peut-être !
968,1882_Verne_L-Ecole-des-Robinsons_A.txt,"Sur cette réponse , le professeur fit un bond tel qu' aucun clown n' en avait peut-être fait avant lui .","sur ce NC , le NCs faire un NCo tel que aucun NCs ne en avoir peut-être faire PHASE lui ."
969,1882_Verne_L-Ecole-des-Robinsons_A.txt,De les Robinsons !,de le NP !
970,1882_Verne_L-Ecole-des-Robinsons_A.txt,eux !,eux !
971,1882_Verne_L-Ecole-des-Robinsons_A.txt,Un Robinson !,un NP !
972,1882_Verne_L-Ecole-des-Robinsons_A.txt,lui !,lui !
973,1882_Verne_L-Ecole-des-Robinsons_A.txt,"De les descendants de ce Selkirck , qui vécut pendant de longues années à l' île Juan-Fernandez !","de le NC de ce NP , qui VPS PHASE un ADJ NCT à le NCmod NP !"
974,1882_Verne_L-Ecole-des-Robinsons_A.txt,"De les imitateurs de ces héros imaginaires de Daniel de Foe et de Wyss , dont ils avaient si souvent lu les aventures !","de le NC de ce NCmod ADJ de NP de NP et de NP , dont il avoir si ADVTEMPS PPAS le NCo !"
975,1882_Verne_L-Ecole-des-Robinsons_A.txt,"De les abandonnés , éloignés de leurs parents , de leurs amis , séparés de leurs semblables par de les milliers de milles , destinés à disputer leur vie peut-être à de les fauves , peut-être à de les sauvages qui pouvaient aborder sur cette terre , de les misérables sans ressources , souffrant de la faim , souffrant de la soif , sans armes , sans outils , presque sans vêtements , livrés à eux-mêmes !","de le NC , PPAS de DETPOSS NC , de DETPOSS NC , PPAS de DETPOSS NC par de le NCmod de NCmod , PPAS à INF lui NCo peut-être à de le ADJCOL , peut-être à de le NC qui pouvoir INF sur ce NC , de le NC sans NCmod , VSENT de le NC , VSENT de le NC , sans NC , sans NC , presque sans NC , PPAS à soi-même !"
976,1882_Verne_L-Ecole-des-Robinsons_A.txt,Non !,non !
977,1882_Verne_L-Ecole-des-Robinsons_A.txt,"c' était impossible !– Ne me dites pas de ces choses -là , Godfrey , s' écria Tartelett .","ce être ADJ !– ne me VDIC pas de ce chose ADVLIEU , NP , se VPS NP ."
978,1882_Verne_L-Ecole-des-Robinsons_A.txt,Non !,non !
979,1882_Verne_L-Ecole-des-Robinsons_A.txt,ne faites pas de ces plaisanteries !,ne faire pas de ce NC !
980,1882_Verne_L-Ecole-des-Robinsons_A.txt,La supposition seule suffirait à me tuer !,le NCs ADJ VCOND à me INF !
981,1882_Verne_L-Ecole-des-Robinsons_A.txt,"Vous avez voulu rire , n' est -ce pas ?– Oui , mon brave Tartelett , répondit Godfrey , rassurez -vous ; mais d' abord , avisons à le plus pressé !","vous avoir vouloir ADV , ne être ce pas ?– oui , DETPOSS ADJ NP , VDIC NP , VSENT vous ; mais de NC , PRES à le plus ADJ !"
982,1882_Verne_L-Ecole-des-Robinsons_A.txt,"En effet , il s' agissait de trouver une caverne , une grotte , un trou quelconque , afin d' y passer la nuit ; puis , on chercherait à ramasser ce que l' on pourrait trouver de coquillages comestibles , afin de calmer tant bien que mal les exigences de l' estomac.Godfrey et Tartelett commencèrent donc à redescendre le talus de les dunes , de manière à se diriger vers le récif .","en NC , il se VIMP de INF un NCo , un NC , un NC ADJ , ADV de y INF le NCT ; puis , on VCOND à INF ce que l' on pouvoir INF de NC ADJ , ADV de VSENT tant bien que mal le NCs de le NP et NP VASP donc à INF le NCo de le NCmod , de NC à se INF vers le NC ."
983,1882_Verne_L-Ecole-des-Robinsons_A.txt,"Godfrey se montrait très ardent en ses recherches ; Tartelett , très hébété dans ses transes de naufragé .","NP se VIMP très ADJ en DETPOSS NC ; NP , très PPAS dans DETPOSS NC de NCmod ."
984,1882_Verne_L-Ecole-des-Robinsons_A.txt,"Le premier regardait devant lui , derrière lui , de tous côtés ; le second n' était pas même capable de voir à dix pas.Voici ce que se demandait Godfrey :– S' il n' y a pas d' habitants sur cette terre , s' y trouve -t -il à le moins de les animaux ?","le ADJ VCOG ADVLIEU lui , ADVLIEU lui , de tout NC ; le NCs ne être pas même ADJ de VCOG à NUM NC ce que se VIMP NP :– si il ne y avoir pas un NCo sur ce NC , se y PRES t il à le moins de le NC ?"
985,1882_Verne_L-Ecole-des-Robinsons_A.txt,"Il entendait dire , par là , de les animaux domestiques , c'est-à-dire de le gibier de poil et de plume , non de ces fauves , qui abondent dans les régions de la zone tropicale et dont il n' avait que faire.Ce serait ce que de les recherches ultérieures lui permettraient seules de constater.En tout cas , quelques bandes d' oiseaux animaient alors le littoral , de les butors , de les bernaches , de les courlis , de les sarcelles , qui voletaient , pépiaient , emplissaient l' air de leur vol et de leurs cris – une façon sans doute de protester contre l' envahissement de ce domaine.Godfrey put avec raison conclure de les oiseaux à les nids et de les nids à les œufs .","il VCOG VDIC , par ADVLIEU , de le NC ADJ , ADV de le NC de NCCOR et de NC , non de ce ADJCOL , qui PRES dans le NC de le NCmod ADJ et dont il ne avoir que NP être ce que de le NCs ADJ lui VCOND ADJ de NP tout NCs , quelque NCs de NCmod VIMP alors le NCo , de le NC , de le NC , de le NC , de le NC , qui VIMP , VIMP , VIMP le NCMAN de lui NCmod et de DETPOSS NC – un façon sans NCSENT de VDIC contre le NC de ce NCmod pouvoir avec NC ADJ de le NCmod à le NCmod et de le NC à le NCmod ."
986,1882_Verne_L-Ecole-des-Robinsons_A.txt,"Puisque ces volatiles se réunissaient par troupes nombreuses , c' est que les roches devaient leur fournir de les milliers de trous pour leur demeure habituelle .","puisque ce NCs se VIMP par NC ADJ , ce être que le NCs devoir lui NCo de le NCmod de NCmod pour lui NCmod ADJ ."
987,1882_Verne_L-Ecole-des-Robinsons_A.txt,"À le lointain , quelques hérons et de les volées de bécassines indiquaient le voisinage d' un marais.Les volatiles ne manquaient donc pas : la difficulté serait uniquement de s' en emparer sans une arme à feu pour les abattre .","à le NC , quelque NCs et de le NC de NCmod VIMP le NCo de un NCmod ADJ ne VIMP donc pas : le NCs être ADV de se en INF sans un NC à NCmod pour le INF ."
988,1882_Verne_L-Ecole-des-Robinsons_A.txt,"Or , en attendant , le mieux était de les utiliser à l' état d' œufs , et de se résoudre à les consommer sous cette forme élémentaire , mais nourrissante.Toutefois si le dîner était là , comment le ferait -on cuire ?","or , en PPRES , le mieux être de le INF à le NC de NCmod , et de se VCOG à le INF sous ce NC ADJ , mais ADV si le NCs être ADVLIEU , comment le faire on INF ?"
989,1882_Verne_L-Ecole-des-Robinsons_A.txt,Comment parviendrait -on à se procurer de le feu ?,comment VCOND on à se INF de le NC ?
990,1882_Verne_L-Ecole-des-Robinsons_A.txt,"Importante question , dont la solution fut remise à plus tard.Godfrey et Tartelett revinrent directement vers le récif , au-dessus de lequel tournoyaient de les bandes d' oiseaux de mer.Une agréable surprise les y attendait.En effet , parmi ceux de les volatiles indigènes qui couraient sur le sable de la grève , qui picoraient à le milieu de les varechs et sous les touffes de plantes aquatiques , est -ce qu' ils n' apercevaient pas une douzaine de poules et deux ou trois coqs de race américaine … Non !","ADJ NCs , dont le NCspas être PPAS à plus NP et NP VPS ADV vers le NC , ADVLIEU de lequel VIMP de le NC de NCmod de NP ADJ NCSENT le y NP NCmod , parmi celui de le NCmod ADJ qui VIMP sur le NC de le NCmod , qui VIMP à le milieu de le NCmod et sous le NC de NCmod ADJ , être ce que il ne VIMP pas un NCo de NCmod et NUM ou NUM NC de NCmod ADJ … non !"
991,1882_Verne_L-Ecole-des-Robinsons_A.txt,"ce n' était point une illusion , puisque , à leur approche , d' éclatants cocoricos retentirent dans l' air comme un appel de clairon ?","ce ne être PPAS un NCo , puisque , à lui NC , de ADJ NCs VPS dans le NCMAN comme un NC de NCmod ?"
992,1882_Verne_L-Ecole-des-Robinsons_A.txt,"Et plus loin , quels étaient donc ces quadrupèdes qui se glissaient entre les roches et cherchaient à atteindre les premières rampes de les dunes , où foisonnaient quelques verdoyants arbustes ?","et plus ADVLIEU , quel être donc ce NC qui se VIMP entre le NC et VIMP à INF le ADJ NCo de le NCmod , où VIMP quelque NCs ADJ ?"
993,1882_Verne_L-Ecole-des-Robinsons_A.txt,Godfrey ne put s' y méprendre non plus .,NP ne pouvoir se y PRES non plus .
994,1882_Verne_L-Ecole-des-Robinsons_A.txt,"Il y avait là une douzaine d' agoutis , cinq ou six moutons , autant de chèvres , qui broutaient tranquillement les premières herbes , à la lisière même de la prairie .","il y avoir ADVLIEU un NCo de NCmod , NUM ou NUM NC , autant de NC , qui VIMP ADVMAN le ADJ NCo , à le NC même de le NCmod ."
995,1882_Verne_L-Ecole-des-Robinsons_A.txt,– Ah !,– INTJ !
996,1882_Verne_L-Ecole-des-Robinsons_A.txt,"Tartelett , s' écria -t -il , voyez donc !","NP , se VDIC t il , IMP donc !"
997,1882_Verne_L-Ecole-des-Robinsons_A.txt,"Et le professeur regarda , mais sans rien voir , tant le sentiment de cette situation inattendue l' absorbait.Une réflexion vint à l' esprit de Godfrey et elle était juste : c' est que ces animaux , poules , agoutis , chèvres , moutons , devaient appartenir à le personnel animal de le Dream .","et le NCs VCOG , mais sans rien VCOG , tant le NCSENT de ce NCmod ADJ le ADJ NCs venir à le NC de NP et il être ADJ : ce être que ce NCs , NC , NC , NC , NC , devoir INF à le NC ADJ de le NP ."
998,1882_Verne_L-Ecole-des-Robinsons_A.txt,"En effet , à le moment où le bâtiment sombrait , les volatiles avaient facilement pu gagner le récif , puis la grève .","en NC , à le NC où le NC ADJ , le NCs avoir ADV pouvoir INF le NCo , puis le NC ."
999,1882_Verne_L-Ecole-des-Robinsons_A.txt,"Quant à les quadrupèdes , en nageant , ils s' étaient aisément transportés jusqu' à les premières roches de le littoral .","quant à le NC , en PPRES , il se être ADV PPAS jusque à le ADJ NC de le NCmod ."
1000,1882_Verne_L-Ecole-des-Robinsons_A.txt,"– Ainsi , observa Godfrey , ce qu' aucun de nos infortunés compagnons n' a fait , de simples animaux , guidés par leur instinct , ont pu le faire !","– ainsi , VPS NP , ce que aucun de DETPOSS ADJ NCmod ne avoir faire , un ADJ NCo , PPAS par lui NC , avoir pouvoir le faire !"
1001,1882_Verne_L-Ecole-des-Robinsons_A.txt,"Et de tous ceux que portait le Dream , il n' y a eu de salut que pour les bêtes !","et de tout celui que VIMP le NP , il ne y avoir avoir de NC que pour le NC !"
1002,1882_Verne_L-Ecole-des-Robinsons_A.txt,…– En nous comptant !,…– en nous PPRES !
1003,1882_Verne_L-Ecole-des-Robinsons_A.txt,"répondit naïvement Tartelett.En effet , en ce qui le concernait , c' était bien comme un simple animal , inconsciemment , sans que son énergie morale y eût été pour rien , que le professeur avait pu se sauver !","VDIC ADV NP NCmod , en ce qui le VSENT , ce être bien comme un ADJ NC , ADVMAN , sans que DETPOSS NCs ADJ y avoir être pour rien , que le NCs avoir pouvoir se INF !"
1004,1882_Verne_L-Ecole-des-Robinsons_A.txt,"Peu importait , d' ailleurs .","peu VIMP , de ADVLIEU ."
1005,1882_Verne_L-Ecole-des-Robinsons_A.txt,C' était une circonstance très heureuse pour les deux naufragés qu' un certain nombre de ces animaux eût atteint le rivage .,ce être un NCs très ADJ pour le NUM NCmod que un ADJ NCmod de ce NCmod avoir PPAS le NCo .
1006,1882_Verne_L-Ecole-des-Robinsons_A.txt,"On les rassemblerait , on les parquerait , et , avec la fécondité spéciale à leur espèce , si le séjour se prolongeait sur cette terre , il ne serait pas impossible d' avoir tout un troupeau de quadrupèdes et toute une basse-cour de volatiles .","on le VCOND , on le VCOND , et , avec le NC ADJ à lui espèce , si le NCs se VIMP sur ce NC , il ne être pas ADJ de avoir tout un NCo de NCmod et tout un NC de NCmod ."
1007,1882_Verne_L-Ecole-des-Robinsons_A.txt,"Mais , ce jour -là , Godfrey voulut s' en tenir à les ressources alimentaires que pouvait fournir la côte , aussi bien en œufs qu' en coquillages .","mais , ce NCT ADVLIEU , NP vouloir se en INF à le NC ADJ que pouvoir INF le NCo , aussi bien en NC que en NC ."
1008,1882_Verne_L-Ecole-des-Robinsons_A.txt,"Le professeur Tartelett et lui se mirent donc à fouiller les interstices de les pierres sous le tapis de varechs , non sans succès .","le NCs NP et lui se VPS donc à INF le NCo de le NCmod sous le NC de NCmod , non sans NC ."
1009,1882_Verne_L-Ecole-des-Robinsons_A.txt,"Ils eurent bientôt recueilli une notable quantité de moules et de vigneaux , que l' on pouvait à la rigueur manger crus .","il avoir bientôt PPAS un ADJ NCo de NCmod et de NC , que l' on pouvoir à le NC INF ADJ ."
1010,1882_Verne_L-Ecole-des-Robinsons_A.txt,Quelques douzaines d' œufs de bernache furent aussi trouvés dans les hautes roches qui fermaient la baie à sa partie nord .,quelque NCspas de NCmod de NCmod être aussi PPAS dans le ADJ NC qui VIMP le NCo à DETPOSS NCmod NCmod .
1011,1882_Verne_L-Ecole-des-Robinsons_A.txt,Il y aurait eu là de quoi rassasier de plus nombreux convives .,il y avoir avoir ADVLIEU de quoi VSENT de plus ADJ NC .
1012,1882_Verne_L-Ecole-des-Robinsons_A.txt,"La faim pressant , Godfrey et Tartelett ne songeaient guère à se montrer trop difficiles pour ce premier repas .","le NCs ADJ , NP et NP ne VIMP guère à se INF trop ADJ pour ce ADJ NC ."
1013,1882_Verne_L-Ecole-des-Robinsons_A.txt,– Et de le feu ?,– et de le NC ?
1014,1882_Verne_L-Ecole-des-Robinsons_A.txt,dit celui-ci .,VDIC celui-ci .
1015,1882_Verne_L-Ecole-des-Robinsons_A.txt,– Oui !,– oui !
1016,1882_Verne_L-Ecole-des-Robinsons_A.txt,… de le feu !… répondit celui-là .,… de le NC !… VDIC celui-là .
1017,1882_Verne_L-Ecole-des-Robinsons_A.txt,"C' était la plus grave de les questions , et elle amena les deux naufragés à faire l' inventaire de leurs poches .","ce être le plus ADJ de le NC , et il VPS le NUM NCo à faire le NCo de DETPOSS NCmod ."
1018,1882_Verne_L-Ecole-des-Robinsons_A.txt,Celles de le professeur étaient vides ou à peu près .,celui de le NCmod être ADJ ou à peu ADVLIEU .
1019,1882_Verne_L-Ecole-des-Robinsons_A.txt,"Elles ne contenaient que quelques cordes de rechange pour sa pochette , et un morceau de colophane pour son archet .","il ne VIMP que quelque NCo de NCmod pour DETPOSS NC , et un NC de NCmod pour DETPOSS NCmod ."
1020,1882_Verne_L-Ecole-des-Robinsons_A.txt,"Le moyen , je vous le demande , de se procurer de le feu avec cela !","le NC , je vous le PRES , de se INF de le NC avec cela !"
1021,1882_Verne_L-Ecole-des-Robinsons_A.txt,Godfrey n' était guère mieux pourvu .,NP ne être guère mieux PPAS .
1022,1882_Verne_L-Ecole-des-Robinsons_A.txt,"Cependant , ce fut avec une extrême satisfaction qu' il retrouva dans sa poche un excellent couteau , que sa gaine de cuir avait soustrait à le contact de la mer .","cependant , ce être avec un ADJ NCSENT que il VPS dans DETPOSS NC un ADJ NCo , que DETPOSS NCs de NCmod avoir VCOND à le NC de le NCmod ."
1023,1882_Verne_L-Ecole-des-Robinsons_A.txt,"Ce couteau , avec lame , vrille , serpe , scie , c' était un instrument précieux dans la circonstance .","ce NC , avec NCmod , NC , NC , NC , ce être un NC ADJ dans le NCmod ."
1024,1882_Verne_L-Ecole-des-Robinsons_A.txt,"Mais , sauf cet outil , Godfrey et son compagnon n' avaient que leurs deux mains .","mais , sauf ce NC , NP et DETPOSS NC ne avoir que DETPOSS NUM NCCOR ."
1025,1882_Verne_L-Ecole-des-Robinsons_A.txt,Encore est -il que les mains de le professeur ne s' étaient jamais exercées qu' à jouer de la pochette ou à faire de les grâces .,encore être il que le NCCOR de le NCmod ne se être ADVTEMPS PPAS que à INF de le NC ou à faire de le NC .
1026,1882_Verne_L-Ecole-des-Robinsons_A.txt,Godfrey pensa donc qu' il ne faudrait compter que sur les siennes .,NP VCOG donc que il ne VCOND INF que sur le sien .
1027,1882_Verne_L-Ecole-des-Robinsons_A.txt,"Toutefois , il songea à utiliser celles de Tartelett pour se procurer de le feu à le moyen de deux morceaux de bois rapidement frottés l' un contre l' autre .","ADV , il VPS à INF celui de NP pour se INF de le NC à le NCmod de NUM NCmod de NCmod ADVMAN PPAS le un contre le autre ."
1028,1882_Verne_L-Ecole-des-Robinsons_A.txt,"Quelques œufs , durcis sous la cendre , auraient été singulièrement appréciés à le second déjeuner de midi .","quelque NCspas , PPAS sous le NC , avoir être ADVINT VSENT à le ADJ NC de NCmod ."
1029,1882_Verne_L-Ecole-des-Robinsons_A.txt,"Donc , pendant que Godfrey s' occupait à dévaliser les nids , malgré les propriétaires qui essayaient de défendre leur progéniture en coquille , le professeur alla ramasser quelques morceaux de bois dont le sol était jonché à le pied de les dunes.Ce combustible fut rapporté à le bas d' un rocher abrité de le vent de mer .","donc , PHASE que NP se VIMP à INF le NCo , malgré le NC qui VIMP de INF lui NCo en NC , le NCs VPS INF quelque NCo de NCmod dont le NCs être PPAS à le NCCOR de le NP ADJ être PPAS à le NC de un NC PPAS de le NC de NCmod ."
1030,1882_Verne_L-Ecole-des-Robinsons_A.txt,"Tartelett choisit alors deux fragments bien secs , avec l' intention d' en dégager peu à peu le calorique à le moyen d' un frottement vigoureux et continu.Ce que font communément de simples sauvages polynésiens , pourquoi le professeur qui , dans son opinion , leur était de beaucoup supérieur , n' arriverait -il pas à le faire lui-même ?","NP PRES alors NUM NCo bien ADJ , avec le NC de en INF peu à peu le NCo à le NCmod de un NCmod ADJ et ADJ que faire ADVTEMPS de ADJ NC ADJ , pourquoi le NC qui , dans DETPOSS NC , lui être de beaucoup ADJ , ne VCOND il pas à le faire soi-même ?"
1031,1882_Verne_L-Ecole-des-Robinsons_A.txt,"Le voilà donc frottant , refrottant , à se disloquer les muscles de le bras et de l' avant-bras .","le voilà donc ADJ , PPRES , à se INF le NCo de le NCCOR et de le NCCOR ."
1032,1882_Verne_L-Ecole-des-Robinsons_A.txt,"Il y mettait une sorte de rage , le pauvre homme !","il y mettre un sorte de NCSENT , le ADJ NC !"
1033,1882_Verne_L-Ecole-des-Robinsons_A.txt,"Mais , soit que la qualité de le bois ne fût pas convenable , soit qu' il n' eût pas un degré suffisant de siccité , soit enfin que le professeur s' y prît mal et n' eût pas le tour de main nécessaire à une opération de ce genre , s' il parvint à échauffer tant soit peu les deux morceaux ligneux , il réussit bien davantage à dégager de sa personne une chaleur intense .","mais , ADV que le NCs de le NCmod ne être pas ADJ , ADV que il ne avoir pas un NCo ADJ de NCmod , ADV PHASE que le NCs se y PRES mal et ne avoir pas le NCo de NCCOR ADJ à un NC de ce NCmod , si il VPS à INF tant ADV peu le NUM NCo ADJ , il PRES bien davantage à INF de DETPOSS NC un NCo ADJ ."
1034,1882_Verne_L-Ecole-des-Robinsons_A.txt,"En somme , ce fut son front seul qui fuma sous les vapeurs de sa transpiration.Lorsque Godfrey revint avec sa récolte d' œufs , il trouva Tartelett en nage , dans un état que ses exercices chorégraphi­ques n' avaient , sans doute , jamais provoqué .","en NC , ce être DETPOSS NCCOR ADJ qui VPS sous le NC de DETPOSS NP NP VPS avec DETPOSS NC de NCmod , il VPS NP en NC , dans un NC que DETPOSS NCs ADJ ne avoir , sans NCSENT , ADVTEMPS PPAS ."
1035,1882_Verne_L-Ecole-des-Robinsons_A.txt,– Ça ne va pas ?,– ça ne aller pas ?
1036,1882_Verne_L-Ecole-des-Robinsons_A.txt,demanda -t -il .,VPS t il .
1037,1882_Verne_L-Ecole-des-Robinsons_A.txt,"– Non , Godfrey , ça ne va pas , répondit le professeur , et je commence à croire que ces inventions de sauvages ne sont que de les imaginations pour tromper le pauvre monde !– Non !","– non , NP , ça ne aller pas , VPS le NCo , et je VASP à VCOG que ce NCs de NCmod ne être que de le NC pour INF le ADJ NCo !– non !"
1038,1882_Verne_L-Ecole-des-Robinsons_A.txt,"reprit Godfrey ; mais , en cela comme en toutes choses , il faut savoir s' y prendre .","PPAS NP ; mais , en cela comme en tout chose , il PRES VCOG se y INF ."
1039,1882_Verne_L-Ecole-des-Robinsons_A.txt,"– Alors , ces œufs ?","– alors , ce NC ?"
1040,1882_Verne_L-Ecole-des-Robinsons_A.txt,"…– Il y aurait encore un autre moyen , répondit Godfrey .","…– il y avoir encore un autre NCo , VDIC NP ."
1041,1882_Verne_L-Ecole-des-Robinsons_A.txt,"En attachant un de ces œufs à le bout d' une ficelle , en le faisant tourner rapidement , puis en arrêtant brusquement le mouvement de rotation , peut-être ce mouvement se transformerait -il en chaleur , et alors…– Alors l' œuf serait cuit ?– Oui , si la rotation avait été considérable et l' arrêt brusque , … mais comment produire cet arrêt sans écraser l' œuf !","en PPRES un de ce NCmod à le NC de un NCmod , en le faire INF ADVMAN , puis en PPRES ADV le NCo de NCmod , peut-être ce NCs se VCOND il en NC , et NP alors le NCs être ADJ ?– oui , si le NCs avoir être ADJ et le NC ADJ , … mais comment INF ce NCo sans INF le NCo !"
1042,1882_Verne_L-Ecole-des-Robinsons_A.txt,"Aussi , ce qu' il y a de plus simple , mon cher Tartelett , le voici.Et Godfrey , prenant délicatement un de les œufs de bernache , en brisa la coquille à son extrémité , puis il le « goba » adroitement , sans plus de formalités.Tartelett ne put se décider à l' imiter , et dut se contenter de sa part de coquillages.Restait maintenant à chercher une grotte , une anfractuosité quelconque , afin d' y passer la nuit .","aussi , ce que il y avoir de plus ADJ , DETPOSS NC NP , le NP NP , PPRES ADVMAN un de le NCmod de NCmod , en NCmod le NC à DETPOSS NCmod , puis il le "" VCOG "" ADVMAN , sans plus de NP ne pouvoir se INF à le INF , et devoir se VSENT de DETPOSS NC de NP ADVT à INF un NCo , un NC ADJ , ADV de y INF le NCT ."
1043,1882_Verne_L-Ecole-des-Robinsons_A.txt,"– Il est sans exemple , fit observer le professeur , que de les Robinsons n' aient pas à le moins trouvé une caverne , dont ils faisaient plus tard leur habitation .","– il être sans NC , faire INF le NCo , que de le NP ne avoir pas à le moins PPAS un NCo , dont il faire plus tard lui NCo ."
1044,1882_Verne_L-Ecole-des-Robinsons_A.txt,"– Cherchons donc , répondit Godfrey.Si cela avait été jusqu' ici sans exemple , il faut bien avouer que , cette fois , la tradition fut rompue .","– IMP donc , VDIC NP cela avoir être jusque ADVLIEU sans NC , il PRES bien VDIC que , ce fois , le NCspas être PPAS ."
1045,1882_Verne_L-Ecole-des-Robinsons_A.txt,En vain tous deux fouillèrent -ils la lisière rocheuse sur la partie septentrionale de la baie .,en ADJ tout deux VPS il le NCo ADJ sur le NCmod ADJ de le NCmod .
1046,1882_Verne_L-Ecole-des-Robinsons_A.txt,"Pas de caverne , pas de grotte , pas un seul trou qui pût servir d' abri .","pas de NC , pas de NC , pas un ADJ NC qui VSUBI INF de NC ."
1047,1882_Verne_L-Ecole-des-Robinsons_A.txt,Il fallut y renoncer .,il VPS y INF .
1048,1882_Verne_L-Ecole-des-Robinsons_A.txt,"Aussi Godfrey résolut -il d' aller en reconnaissance jusqu' à les premiers arbres de l' arrière-plan , au-delà de cette lisière sablonneuse .","aussi NP PRES il de aller en NC jusque à le ADJ NC de le NCmod , ADV de ce NC ADJ ."
1049,1882_Verne_L-Ecole-des-Robinsons_A.txt,"Tartelett et lui remontèrent donc le talus de la première ligne de les dunes , et ils s' engagèrent à travers les verdoyantes prairies qu' ils avaient entrevues quelques heures auparavant .","NP et lui VSENT donc le NCo de le ADJ NCmod de le NCmod , et il se VPS à travers le ADJ NC que il avoir VCOG quelque NCT ADV ."
1050,1882_Verne_L-Ecole-des-Robinsons_A.txt,"Circonstance bizarre et heureuse à la fois , les autres survivants de le naufrage les suivaient volontairement .","NC ADJ et ADJ à le fois , le autre NCs de le NCmod le VIMP ADV ."
1051,1882_Verne_L-Ecole-des-Robinsons_A.txt,"Évidemment , coqs , poules , moutons , chèvres , agoutis , poussés par leur instinct , avaient tenu à les accompagner .","ADV , NCs , NC , NC , NC , NC , PPAS par lui NC , avoir PPAS à le INF ."
1052,1882_Verne_L-Ecole-des-Robinsons_A.txt,"Sans doute ils se sentaient trop seuls sur cette grève , qui ne leur offrait de ressources suffisantes ni en herbes ni en vermisseaux.Trois quarts d' heure plus tard , Godfrey et Tartelett – ils n' avaient guère causé pendant cette exploration – , arrivaient à la lisière de les arbres .","sans NCSENT il se VIMP trop ADJ sur ce NC , qui ne lui VIMP de NC ADJ ni en NC ni en NUM NCmod de NCT plus tard , NP et NP – il ne avoir guère PPAS PHASE ce NC – , VIMP à le NC de le NCmod ."
1053,1882_Verne_L-Ecole-des-Robinsons_A.txt,Nulle trace d' habitations ni d' habitants .,ADJ NC de NCmod ni de NC .
1054,1882_Verne_L-Ecole-des-Robinsons_A.txt,Solitude complète .,NC ADJ .
1055,1882_Verne_L-Ecole-des-Robinsons_A.txt,On pouvait même se demander si cette partie de la contrée avait jamais reçu l' empreinte d' un pied humain !,on pouvoir même se INF si ce NCs de le NCmod avoir ADVTEMPS PPAS le NCo de un NCCOR ADJ !
1056,1882_Verne_L-Ecole-des-Robinsons_A.txt,"En cet endroit , quelques beaux arbres poussaient par groupes isolés , et d' autres , plus pressés à un quart de mille en arrière , formaient une véritable forêt d' essences diverses.Godfrey chercha quelque vieux tronc , évidé par les ans , qui pût offrir un abri entre ses parois ; mais ses recherches furent vaines , bien qu' il les eût poursuivies jusqu' à la nuit tombante.La faim les aiguillonnait vivement alors , et tous deux durent se contenter de les coquillages , dont ils avaient préalablement fait une ample récolte sur la grève .","en ce NC , quelque ADJ NCs VIMP par NC PPAS , et un autre , plus PPAS à un NC de NCmod en NCmod , VIMP un véritable NCo de NCmod NP VPS quelque ADJ NCo , PPAS par le NCT , qui VSUBI INF un NCo entre DETPOSS NCmod ; mais DETPOSS NCs être ADJ , bien que il le avoir PPAS jusque à le NCT NP NP le VIMP ADVINT alors , et tout deux devoir se VSENT de le NC , dont il avoir ADVTEMPS faire un ADJ NCo sur le NC ."
1057,1882_Verne_L-Ecole-des-Robinsons_A.txt,"Puis , brisés de fatigue , ils se couchèrent à le pied d' un arbre et s' endormirent , comme on dit , à la grâce de Dieu.XLa nuit se passa sans aucun incident .","puis , PPAS de NCSENT , il se VPS à le NCCOR de un NCmod et se VPS , comme on VDIC , à le NC de Dieu.XLa NCT se VPS sans aucun NC ."
1058,1882_Verne_L-Ecole-des-Robinsons_A.txt,"Les deux naufragés , rompus par les émotions et la fatigue , avaient reposé aussi tranquillement que s' ils eussent été couchés dans la plus confortable chambre de l' hôtel de Montgomery-Street.Le lendemain , 27 juin , à les premiers rayons de le soleil levant , le chant de le coq les réveillait.Godfrey revint presque aussitôt à le sentiment de la situation , tandis que Tartelett dut longtemps se frotter les yeux et s' étirer les bras , avant d' être rentré dans la réalité .","le NUM NCs , PPAS par le NCSENT et le NCSENT , avoir PPAS aussi ADVMAN que si il VSUBP être PPAS dans le plus ADJ NC de le NCmod de Montgomery-Street.Le NCmod , NUM MOIS , à le ADJ NC de le NCmod PPRES , le NCs de le NCmod le NP VPS presque aussitôt à le NCSENT de le NCmod , PHASE que NP devoir longtemps se INF le NCCOR et se INF le NCCOR , PHASE de être PPAS dans le NC ."
1059,1882_Verne_L-Ecole-des-Robinsons_A.txt,– Est -ce que le déjeuner de ce matin ressemblera à le dîner d' hier ?,– être ce que le NCs de ce NCT VF à le NC de ADV ?
1060,1882_Verne_L-Ecole-des-Robinsons_A.txt,demanda -t -il tout d' abord .,VPS t il tout de NC .
1061,1882_Verne_L-Ecole-des-Robinsons_A.txt,"– Je le crains , répondit Godfrey , mais j' espère que nous dînerons mieux ce soir !","– je le NCs , VDIC NP , mais je VCOG que nous VF mieux ce NCT !"
1062,1882_Verne_L-Ecole-des-Robinsons_A.txt,Le professeur ne put retenir une moue significative .,le NCs ne pouvoir INF un NCo ADJ .
1063,1882_Verne_L-Ecole-des-Robinsons_A.txt,"Où étaient le thé et les sandwiches qui , jusqu' alors , lui étaient apportés à son réveil !","où être le NC et le NC qui , jusque alors , lui être PPAS à DETPOSS NC !"
1064,1882_Verne_L-Ecole-des-Robinsons_A.txt,"Comment , sans ce repas préparatoire , pourrait -il attendre l' heure d' un déjeuner … qui ne sonnerait jamais peut-être !","comment , sans ce NC ADJ , pouvoir il INF le NCT de un NCmod … qui ne VCOND ADVTEMPS peut-être !"
1065,1882_Verne_L-Ecole-des-Robinsons_A.txt,Mais il fallait prendre un parti .,mais il VIMP INF un NCo .
1066,1882_Verne_L-Ecole-des-Robinsons_A.txt,"Godfrey sentait bien maintenant la responsabilité qui pesait sur lui , sur lui seul , puisqu' il n' avait rien à attendre de son compagnon .","NP sentir bien ADVT le NCo qui VIMP sur lui , sur lui ADJ , puisque il ne avoir rien à INF de DETPOSS NC ."
1067,1882_Verne_L-Ecole-des-Robinsons_A.txt,"Dans cette boîte vide qui servait de crâne à le professeur , il ne pouvait naître aucune idée pratique : Godfrey devait penser , imaginer , décider pour deux.Il donna un premier souvenir à Phina , sa fiancée , dont il avait si étourdiment refusé de faire sa femme , un second à son oncle Will , qu' il avait si imprudemment quitté , et se retournant vers Tartelett :– Pour varier notre ordinaire , dit -il , voici encore quelques coquillages et une demi-douzaine d' œufs !– Et rien pour les faire cuire !– Rien !","dans ce NC ADJ qui VIMP de NC à le NC , il ne pouvoir INF aucun NCo ADJ : NP devoir VCOG , VCOG , INF pour NP VPS un ADJ NCo à NP , DETPOSS NC , dont il avoir si ADVMAN PPAS de faire DETPOSS NCo , un NC à DETPOSS NCmod NP , que il avoir si ADVMAN ADJ , et se PPRES vers NP :– pour INF DETPOSS NCo , VDIC il , voici encore quelque NCo et un NC de NCmod !– et rien pour le faire NCmod !– rien !"
1068,1882_Verne_L-Ecole-des-Robinsons_A.txt,dit Godfrey .,VDIC NP .
1069,1882_Verne_L-Ecole-des-Robinsons_A.txt,"Mais si ces aliments mêmes nous manquaient , que diriez -vous donc , Tartelett ?– Je dirais que rien n' est pas assez !","mais si ce NCs même nous VIMP , que PRES vous donc , NP ?– je VCOND que rien ne être pas ADV !"
1070,1882_Verne_L-Ecole-des-Robinsons_A.txt,"répondit le professeur d' un ton sec.Néanmoins , il fallut se contenter de ce repas plus que sommaire .","VDIC le NCo de un NCmod NP , il VPS se VSENT de ce NC plus que NC ."
1071,1882_Verne_L-Ecole-des-Robinsons_A.txt,C' est ce qui fut fait .,ce être ce qui être faire .
1072,1882_Verne_L-Ecole-des-Robinsons_A.txt,"L' idée , très naturelle , qui vint alors à Godfrey , ce fut de pousser plus avant la reconnaissance commencée la veille .","le NC , très ADJ , qui venir alors à NP , ce être de INF plus PHASE le NC VASP le NCo ."
1073,1882_Verne_L-Ecole-des-Robinsons_A.txt,"Avant tout , il importait de savoir , autant que possible , en quelle partie de l' océan Pacifique le Dream s' était perdu , afin de chercher à atteindre quelque endroit habité de ce littoral , où l' on pourrait , soit organiser un mode de rapatriement , soit attendre le passage d' un navire.Godfrey observa que s' il pouvait dépasser la seconde ligne de collines , dont le profil pittoresque se dessinait au-dessus de la forêt , peut-être serait -il fixé à cet égard .","PHASE tout , il VIMP de VCOG , autant que ADJ , en quel NC de le NCmod ADJ le NCs se être PPAS , ADV de INF à INF quelque NCo ADJ de ce NCmod , où l' on pouvoir , ADV INF un NCo de NCmod , ADV INF le NCo de un NP VPS que si il pouvoir INF le ADJ NCo de NCmod , dont le NCs pittoresque se VIMP ADVLIEU de le NC , peut-être être il PPAS à ce NC ."
1074,1882_Verne_L-Ecole-des-Robinsons_A.txt,"Or , il ne pensait pas qu' il lui fallût plus d' une heure ou deux pour y arriver : c' est à cette urgente exploration qu' il résolut de consacrer les premières heures de le jour.Il regarda autour de lui .","or , il ne VCOG pas que il lui VSUBI plus de une NCT ou NUM pour y INF : ce être à ce ADJ NC que il VPS de INF le ADJ NCT de le NP VCOG ADV de lui ."
1075,1882_Verne_L-Ecole-des-Robinsons_A.txt,Les coqs et les poules étaient en train de picorer dans les hautes herbes .,le NCs et le NC être en NC de INF dans le ADJ NC .
1076,1882_Verne_L-Ecole-des-Robinsons_A.txt,"Agoutis , chèvres , moutons , allaient et venaient sur la lisière de les arbres.Or , Godfrey ne se souciait pas de traîner à sa suite toute cette troupe de volatiles et de quadrupèdes .","NP , NC , NC , aller et venir sur le NC de le NP , NP ne se VIMP pas de INF à DETPOSS NC tout ce NCo de NCmod et de NC ."
1077,1882_Verne_L-Ecole-des-Robinsons_A.txt,"Mais , pour les retenir plus sûrement en cet endroit , il fallait laisser Tartelett à leur garde.Celui -ci consentit à rester seul et à se faire , pendant quelques heures , le berger de ce troupeau.Il ne fit qu' une observation :– Si vous alliez vous perdre , Godfrey ?– N' ayez aucune crainte à cet égard , répondit le jeune homme .","mais , pour le INF plus ADVINT en ce NC , il VIMP laisser NP à lui NP ci VPS à INF ADJ et à se faire , PHASE quelque NCT , le NCo de ce NCmod ne faire que un NCo :– si vous aller vous INF , NP ?– ne avoir aucun NCSENT à ce NC , VDIC le ADJ NCo ."
1078,1882_Verne_L-Ecole-des-Robinsons_A.txt,"Je n' ai que cette forêt à traverser , et comme vous n' en quitterez pas la lisière , je suis certain de vous y retrouver .","je ne avoir que ce NC à INF , et comme vous ne en VF pas le NCo , je être ADJ de vous y INF ."
1079,1882_Verne_L-Ecole-des-Robinsons_A.txt,"– N' oubliez pas la dépêche à votre oncle Will , et demandez -lui plusieurs centaines de dollars !– La dépêche … ou la lettre !","– ne VCOG pas le NCo à DETPOSS NC NP , et IMP lui plusieurs NCo de NCmod !– le NC … ou le NC !"
1080,1882_Verne_L-Ecole-des-Robinsons_A.txt,C' est convenu !,ce être PPAS !
1081,1882_Verne_L-Ecole-des-Robinsons_A.txt,"répondit Godfrey , qui , tant qu' il ne serait pas fixé sur la situation de cette terre , voulait laisser à Tartelett toutes ses illusions.Puis , après avoir serré la main de le professeur , il s' enfonça sous le couvert de ces arbres , dont l' épais feuillage laissait à peine filtrer quelques rayons solaires .","VDIC NP , qui , tant que il ne être pas PPAS sur le NC de ce NCmod , vouloir laisser à NP tout DETPOSS NP , PHASE avoir PPAS le NCCOR de le NCmod , il se VPS sous le NC de ce NCmod , dont le NCs ADJ VIMP à NCSENT INF quelque NCo ADJ ."
1082,1882_Verne_L-Ecole-des-Robinsons_A.txt,"C' était leur direction qui devait , cependant , guider notre jeune explorateur vers cette haute colline , dont le rideau dérobait encore à ses regards tout l' horizon de l' est.De sentier , il n' y en avait pas .","ce être lui NC qui devoir , cependant , INF DETPOSS ADJ NCo vers ce ADJ NC , dont le NCs VIMP encore à DETPOSS NCMAN tout le NCo de le NP ADJ , il ne y en avoir pas ."
1083,1882_Verne_L-Ecole-des-Robinsons_A.txt,"Le sol , cependant , n' était point vierge de toute empreinte .","le NC , cependant , ne être ADV ADJ de tout NC ."
1084,1882_Verne_L-Ecole-des-Robinsons_A.txt,"Godfrey remarqua , en de certains endroits , de les passées d' animaux .","NP VPS , en un certain NC , de le NCmod de NCmod ."
1085,1882_Verne_L-Ecole-des-Robinsons_A.txt,"À deux ou trois reprises , il crut même voir s' enfuir quelques rapides ruminants , élans , daims ou cerf wapitis , mais il ne reconnut aucune trace de bêtes féroces , telles que tigres ou jaguars , dont il n' avait pas lieu , d' ailleurs , de regretter l' absence.Le haut entresol de la forêt , c'est-à-dire toute cette portion de les arbres comprise entre la première fourche et l' extrémité de les branches , donnait asile à un grand nombre d' oiseaux : c' étaient de les pigeons sauvages par centaines , puis , sous les futaies , de les orfraies , de les coqs de bruyère , de les aracaris à le bec en patte de homard , et plus haut , planant au-dessus de les clairières , deux ou trois de ces gypaètes , dont l' œil ressemble à une cocarde .","à NUM ou NUM NC , il VPS même VCOG se INF quelque NCo ADJ , NC , NC ou NC ADJ , mais il ne VCOG aucun NCo de NCmod ADJ , tel que ADJ ou NC , dont il ne avoir pas NCo , de ADVLIEU , de INF le NCo ADJ NC de le NCmod , ADV tout ce NC de le NCmod ADJ entre le ADJ NCmod et le NC de le NCmod , VIMP NCo à un ADJ NC de NCmod : ce être de le NC ADJ par NCmod , puis , sous le NC , de le NC , de le NC de NCmod , de le NC à le NCmod en NCmod de NCmod , et plus ADJ , PPRES ADVLIEU de le NC , NUM ou NUM de ce NCmod , dont le NCs PRES à un NC ."
1086,1882_Verne_L-Ecole-des-Robinsons_A.txt,"Toutefois , aucun de ces volatiles n' était d' une espèce assez spéciale pour qu' on en pût déduire quelle était la latitude de ce continent.Il en était ainsi de les arbres de cette forêt .","ADV , aucun de ce NCmod ne être de un espèce ADV ADJ pour que on en VSUBI INF quel être le NC de ce NCmod en être ainsi de le NCo de ce NCmod ."
1087,1882_Verne_L-Ecole-des-Robinsons_A.txt,"Mêmes essences à peu près que celles de cette partie de les États-Unis qui comprend la Basse-Californie , la baie de Monterey et le Nouveau-Mexique .","même NC à peu ADVLIEU que celui de ce NCmod de le NP qui VCOG le NP , le NC de NP et le NP ."
1088,1882_Verne_L-Ecole-des-Robinsons_A.txt,"Là poussaient de les arbousiers , de les cornouillers à grandes fleurs , de les érables , de les bouleaux , de les chênes , quatre ou cinq variétés de magnolias et de pins maritimes , tels qu' il s' en rencontre dans la Caroline de le Sud ; puis , à le milieu de vastes clairières , de les oliviers , de les châtaigniers , et , en fait d' arbrisseaux , de les touffes de tamarins , de myrtes , de lentisques , ainsi qu' en produit le sud de la zone tempérée .","ADVLIEU VIMP de le NC , de le NC à ADJ NCmod , de le NC , de le NC , de le NC , NUM ou NUM NC de NCmod et de NC ADJ , tel que il se en PRES dans le NP de le NCmod ; puis , à le milieu de ADJ NCmod , de le NC , de le NC , et , en NC de NC , de le NC de NCmod , de NC , de NC , ainsi que en PRES le NCo de le NCmod ADJ ."
1089,1882_Verne_L-Ecole-des-Robinsons_A.txt,"En général , il y avait assez d' espace entre ces arbres pour que l' on pût passer , sans être obligé de recourir ni à le feu ni à la hache .","en NC , il y avoir ADV de NC entre ce NC pour que l' on VSUBI INF , sans être PPAS de INF ni à le NC ni à le NC ."
1090,1882_Verne_L-Ecole-des-Robinsons_A.txt,"La brise de mer circulait facilement à travers le haut branchage , et , çà et là , de grandes plaques de lumière miroitaient sur le sol.Godfrey allait donc ainsi , traversant en ligne oblique ces dessous de grands bois .","le NCs de NCmod VIMP ADV à travers le ADJ NC , et , ADV et ADVLIEU , un ADJ NCs de NCmod VIMP sur le NP aller donc ainsi , PPRES en NC PRES ce NCo de ADJ NCmod ."
1091,1882_Verne_L-Ecole-des-Robinsons_A.txt,"De prendre quelques précautions , cela ne lui venait même pas à l' idée .","de INF quelque NCo , cela ne lui venir même pas à le NC ."
1092,1882_Verne_L-Ecole-des-Robinsons_A.txt,Le désir d' atteindre les hauteurs qui bordaient la forêt dans l' est l' absorbait tout entier .,le NCSENT de INF le NCo qui VIMP le NCo dans le NC le VIMP tout ADJ .
1093,1882_Verne_L-Ecole-des-Robinsons_A.txt,"Il cherchait , à travers le feuillage , la direction de les rayons solaires , afin de marcher plus directement à son but .","il VIMP , à travers le NC , le NCo de le NCmod ADJ , ADV de INF plus ADV à DETPOSS NC ."
1094,1882_Verne_L-Ecole-des-Robinsons_A.txt,"Il ne voyait même pas ces oiseaux-guides – ainsi nommés parce qu' ils volent devant les pas de le voyageur – , s' arrêtant , retournant , repartant , comme s' ils voulaient lui indiquer sa route .","il ne VCOG même pas ce NCo – ainsi PPAS parce que il VSUBP ADVLIEU le pas de le NCmod – , se PPRES , PPRES , PPRES , comme si il vouloir lui INF DETPOSS NCo ."
1095,1882_Verne_L-Ecole-des-Robinsons_A.txt,Rien ne le pouvait distraire.Cette contention d' esprit se comprend .,rien ne le pouvoir distraire.Cette NCs de NCmod se VCOG .
1096,1882_Verne_L-Ecole-des-Robinsons_A.txt,"Avant une heure , son sort allait être résolu !","PHASE un NCT , DETPOSS NCs aller être PPAS !"
1097,1882_Verne_L-Ecole-des-Robinsons_A.txt,"Avant une heure , il saurait s' il était possible d' atteindre quelque portion habitée de ce continent !","PHASE un NCT , il VCOND si il être ADJ de INF quelque NCo PPAS de ce NCmod !"
1098,1882_Verne_L-Ecole-des-Robinsons_A.txt,"Déjà Godfrey , raisonnant d' après ce qu' il connaissait de la route suivie et de le chemin fait par le Dream , pendant une navigation de dix-sept jours , s' était dit qu' il n' y avait que le littoral japonais ou la côte chinoise sur lesquels le navire eût pu sombrer .","déjà NP , PPRES de PHASE ce que il VIMP de le NC PPAS et de le NC faire par le NP , PHASE un NC de NUM NCT , se être VDIC que il ne y avoir que le NCo ADJ ou le NC ADJ sur lequel le NCs avoir pouvoir INF ."
1099,1882_Verne_L-Ecole-des-Robinsons_A.txt,"D' ailleurs , la position de le soleil , toujours dans le sud par rapport à lui , démontrait clairement que le Dream n' avait pas franchi la limite de l' hémisphère méridional.Deux heures après son départ , Godfrey estimait à cinq milles environ le chemin parcouru , en tenant compte de quelques détours , à lesquels l' épaisseur de le bois l' avait parfois obligé .","de ADVLIEU , le NCs de le NCmod , ADVTEMPS dans le NCmod par NCmod à lui , VIMP ADVMAN que le NP ne avoir pas PPAS le NCo de le NCmod NUM NCT PHASE DETPOSS NC , NP VSENT à NUM NC environ le NCmod PPAS , en PPRES NCo de quelque NC , à lequel le NC de le NCmod le avoir ADVTEMPS PPAS ."
1100,1882_Verne_L-Ecole-des-Robinsons_A.txt,Le second plan de collines ne pouvait être loin .,le ADJ NCs de NCmod ne pouvoir être ADVLIEU .
1101,1882_Verne_L-Ecole-des-Robinsons_A.txt,"Déjà les arbres s' espaçaient , formant quelques groupes isolés , et les rayons de lumière pénétraient plus facilement à travers les hautes ramures .","déjà le NCs se VIMP , PPRES quelque NCo PPAS , et le NCs de NCmod VIMP plus ADV à travers le NC ADJ ."
1102,1882_Verne_L-Ecole-des-Robinsons_A.txt,"Le sol accusait aussi une certaine déclivité , qui ne tarda pas à se changer en rampe assez rude.Quoiqu ' il fût passablement fatigué , Godfrey eut assez de volonté pour ne pas ralentir sa marche .","le NCs VDIC aussi un ADJ NCo , qui ne VPS pas à se INF en NC ADV ADJ ' il être ADVINT VSENT , NP avoir ADV de NC pour ne pas INF DETPOSS NCo ."
1103,1882_Verne_L-Ecole-des-Robinsons_A.txt,"Courir , il l' eût fait , sans doute , n' eût été la raideur de les premières pentes.Bient ôt il se fut assez élevé pour dominer la masse générale de ce dôme verdoyant qui s' étendait derrière lui , et dont quelques têtes d' arbres émergeaient çà et là.Mais Godfrey ne songeait pas à regarder en arrière .","INF , il le avoir faire , sans NCSENT , ne avoir être le NCs de le ADJ NP PRES il se être ADV ADJ pour INF le NCo ADJ de ce NCmod ADJ qui se VIMP ADVLIEU lui , et dont quelque NCCOR de NCmod VIMP ADV et là.mais NP ne VIMP pas à VCOG en NC ."
1104,1882_Verne_L-Ecole-des-Robinsons_A.txt,Ses yeux ne quittaient plus cette ligne de faîte dénudée qui se profilait à quatre ou cinq cents pieds en avant et au-dessus de lui .,DETPOSS NCCOR ne VIMP plus ce NCo de NCmod PPAS qui se VIMP à NUM ou NUM ADJ NCCOR en PHASE et ADVLIEU de lui .
1105,1882_Verne_L-Ecole-des-Robinsons_A.txt,"C' était la barrière qui lui cachait toujours l' horizon oriental.Un petit cône , obliquement tronqué , dépassait cette ligne accidentée , et se raccordait par de les pentes douces à la crête sinueuse que dessinait l' ensemble de les collines .« Là !","ce être le NC qui lui VIMP ADVTEMPS le NCo ADJ ADJ NC , ADV PPAS , VIMP ce NCo PPAS , et se VIMP par de le NC ADJ à le NC ADJ que VIMP le ensemble de le NCmod .« NP !"
1106,1882_Verne_L-Ecole-des-Robinsons_A.txt,… Là !… se dit Godfrey .,… ADVLIEU !… se VDIC NP .
1107,1882_Verne_L-Ecole-des-Robinsons_A.txt,C' est ce point qu' il faut atteindre !,ce être ce NC que il PRES INF !
1108,1882_Verne_L-Ecole-des-Robinsons_A.txt,… C' est le sommet de ce cône !,… ce être le NC de ce NCmod !
1109,1882_Verne_L-Ecole-des-Robinsons_A.txt,"… Et de là , que verrai-je ?","… et de ADVLIEU , que verrai-il ?"
1110,1882_Verne_L-Ecole-des-Robinsons_A.txt,… Une ville ?,… un NC ?
1111,1882_Verne_L-Ecole-des-Robinsons_A.txt,… un village ?… le désert ?,… un NC ?… le NC ?
1112,1882_Verne_L-Ecole-des-Robinsons_A.txt,"… » Très surexcité , Godfrey montait toujours , serrant ses coudes à sa poitrine pour contenir les battements de son cœur .","… "" très VSENT , NP VIMP ADVTEMPS , PPRES DETPOSS NCCOR à DETPOSS NC pour INF le NCo de DETPOSS NCmod ."
1113,1882_Verne_L-Ecole-des-Robinsons_A.txt,"Sa respiration un peu haletante le fatiguait , mais il n' aurait pas eu la patience de s' arrêter pour reprendre haleine .","DETPOSS NC un peu ADJ le VSENT , mais il ne avoir pas avoir le NCSENT de se INF pour INF NCo ."
1114,1882_Verne_L-Ecole-des-Robinsons_A.txt,"Dût -il tomber , à demi pâmé , à le sommet de le cône , qui ne se dressait plus qu' à une centaine de pieds au-dessus de sa tête , il ne voulait pas perdre une minute à s' attarder.Enfin , quelques instants encore , et il serait à le but .","VSUBI il INF , à ADJ NC , à le NC de le NCmod , qui ne se VIMP plus que à un NC de NCCOR ADVLIEU de DETPOSS NCCOR , il ne vouloir pas INF un NCT à se ADV , quelque NCo encore , et il être à le NC ."
1115,1882_Verne_L-Ecole-des-Robinsons_A.txt,"La rampe lui semblait assez raide de ce côté , sous un angle de trente à trente-cinq degrés .","le NCs lui sembler ADV ADJ de ce NC , sous un NC de NUM à NUM NCmod ."
1116,1882_Verne_L-Ecole-des-Robinsons_A.txt,"Il s' aidait de les pieds et de les mains ; il se cramponnait à les touffes d' herbes grêles de le talus , à les quelques maigres arbrisseaux de lentisques ou de myrtes , qui s' étageaient jusqu' à la crête.Un dernier effort fut fait !","il se VIMP de le NCCOR et de le NCCOR ; il se VIMP à le NC de NCmod ADJ de le NCmod , à le quelque ADJ NCmod de NCmod ou de NC , qui se VIMP jusque à le NP ADJ NCspas être faire !"
1117,1882_Verne_L-Ecole-des-Robinsons_A.txt,"De la tête , enfin , il dépassa la plate-forme de le cône , tandis que , couché à plat ventre , ses yeux parcouraient avidement tout l' horizon de l' est … C' était la mer qui le formait et allait se confondre à une vingtaine de milles , au-delà , avec la ligne de le ciel !","de le NCCOR , PHASE , il VPS le NCo de le NCmod , PHASE que , PPAS à ADJ NCCOR , DETPOSS NCCOR VIMP ADVMAN tout le NCo de le NCmod … ce être le NC qui le VIMP et aller se INF à NUM NC de NCmod , ADV , avec le NC de le NCmod !"
1118,1882_Verne_L-Ecole-des-Robinsons_A.txt,"Il se retourna… La mer encore , à l' ouest , à le sud , à le nord !","il se NP le NC encore , à le NCmod , à le NCmod , à le NCmod !"
1119,1882_Verne_L-Ecole-des-Robinsons_A.txt,"… l' immense mer , l' entourant de toutes parts !– Une île !","… le ADJ NC , le PPRES de tout NC !– un NC !"
1120,1882_Verne_L-Ecole-des-Robinsons_A.txt,"En jetant ce mot , Godfrey éprouva un vif serrement de cœur .","en PPRES ce NCo , NP VSENT un ADJ NCo de NCmod ."
1121,1882_Verne_L-Ecole-des-Robinsons_A.txt,La pensée ne lui était pas venue qu' il pût être dans une île !,le NCs ne lui être pas venir que il VSUBI être dans un NC !
1122,1882_Verne_L-Ecole-des-Robinsons_A.txt,"Et cela était , cependant !","et cela être , cependant !"
1123,1882_Verne_L-Ecole-des-Robinsons_A.txt,"La chaîne terrestre qui aurait pu le rattacher à le continent , était brusquement rompue !","le NCspas ADJ qui avoir pouvoir le INF à le NC , être ADV PPAS !"
1124,1882_Verne_L-Ecole-des-Robinsons_A.txt,"Il ressentait cette impression d' un homme endormi dans une embarcation entraînée à la dérive , qui se réveille sans avoir ni aviron ni voile pour regagner la terre !","il VSENT ce NCo de un NCmod ADJ dans un NCmod PPAS à le NC , qui se PRES sans avoir ni NC ni NC pour INF le NCo !"
1125,1882_Verne_L-Ecole-des-Robinsons_A.txt,Mais Godfrey se remit vite .,mais NP se VPS ADV .
1126,1882_Verne_L-Ecole-des-Robinsons_A.txt,Son parti fut pris d' accepter la situation .,DETPOSS NCspas être PPAS de INF le NCo .
1127,1882_Verne_L-Ecole-des-Robinsons_A.txt,"Quant à les chances de salut , puisqu' elles ne pouvaient venir de le dehors , c' était à lui de les faire naître. Il s' agissait , d' abord , de reconnaître aussi exactement que possible la disposition de cette île , que son regard embrassait dans toute son étendue .","quant à le NC de NCmod , puisque il ne pouvoir venir de le NC , ce être à lui de le faire NC il se VIMP , de NC , de VCOG aussi ADVINT que ADJ le NC de ce NCmod , que DETPOSS NCMAN VIMP dans tout DETPOSS NC ."
1128,1882_Verne_L-Ecole-des-Robinsons_A.txt,"Il estima qu' elle devait mesurer environ soixante milles de circonférence , ayant à vue d' œil vingt milles de longueur de le sud à le nord , sur douze milles de largeur de l' est à l' ouest.Quant à sa partie centrale , elle se dérobait sous la verdoyante épaisse forêt , qui s' arrêtait à la ligne de faîte dominée par le cône , dont le talus venait mourir à le littoral.Tout le reste n' était que prairie avec de les massifs d' arbres , ou grève avec de les rochers , projetant leurs dernières assises sous la forme de caps et de promontoires capricieusement effilés .","il VSENT que il devoir INF environ NUM NCo de NCmod , avoir à NC de NCmod NUM NC de NCmod de le NCmod à le NCmod , sur NUM NCmod de NCmod de le NCmod à le NCmod à DETPOSS NCmod ADJ , il se VIMP sous le NC ADJ NC , qui se VIMP à le NC de NCmod PPAS par le NC , dont le NCs VIMP INF à le NP le NCo ne être que ADJ avec de le NC de NCmod , ou NC avec de le NCmod , PPRES DETPOSS ADJ NCo sous le NC de NCmod et de NC ADVMAN ADJ ."
1129,1882_Verne_L-Ecole-des-Robinsons_A.txt,"Quelques criques découpaient la côte , mais n' auraient pu donner refuge qu' à deux ou trois barques de pêche .","quelque NCs VIMP le NCo , mais ne avoir pouvoir INF NCo que à NUM ou NUM NC de NCmod ."
1130,1882_Verne_L-Ecole-des-Robinsons_A.txt,"Seule , la baie à le fond de laquelle le Dream avait fait naufrage mesurait une étendue de sept à huit milles .","NP , le NC à le NC de lequel le NP avoir faire NCo VIMP un NCo de NUM à NUM NCmod ."
1131,1882_Verne_L-Ecole-des-Robinsons_A.txt,"Semblable à une rade foraine , elle s' ouvrait sur les deux tiers de le compas ; un bâtiment n' y aurait pas trouvé d' abri sûr , à moins que le vent n' eût soufflé de l' est.Mais quelle était cette île ?","ADJ à un NC ADJ , il se VIMP sur le NUM NC de le NCmod ; un NCs ne y avoir pas PPAS un NC ADJ , à moins que le NCspas ne avoir VSENT de le NP ADJ être ce NC ?"
1132,1882_Verne_L-Ecole-des-Robinsons_A.txt,De quel groupe géographique relevait -elle ?,de quel NC ADJ VIMP il ?
1133,1882_Verne_L-Ecole-des-Robinsons_A.txt,"Appartenait -elle à un archipel , ou n' était -ce qu' un accident isolé dans cette portion de le Pacifique ?","VIMP il à un NC , ou ne être ce que un NCs PPAS dans ce NC de le NP ?"
1134,1882_Verne_L-Ecole-des-Robinsons_A.txt,"En tout cas , aucune autre île , grande ou petite , haute ou basse , n' apparaissait dans le rayon de vue.Godfrey s' était relevé et interrogeait l' horizon .","en tout NC , aucun autre NCs , ADJ ou ADJ , ADJ ou ADJ , ne VIMP dans le NC de NP se être PPAS et VDIC le NCo ."
1135,1882_Verne_L-Ecole-des-Robinsons_A.txt,Rien sur cette ligne circulaire où se confondaient la mer et le ciel .,rien sur ce NCmod ADJ où se VIMP le NCs et le NC .
1136,1882_Verne_L-Ecole-des-Robinsons_A.txt,"Si donc il existait à le vent ou sous le vent quelque île ou quelque côte d' un continent , ce ne pouvait être qu' à une distance considérable.Godfrey fit appel à tous ses souvenirs en géographie , afin de deviner quelle était cette île de le Pacifique .","si donc il VIMP à le NC ou sous le NC quelque NCo ou quelque NC de un NCmod , ce ne pouvoir être que à un NC NP faire NCo à tout DETPOSS NC en NC , ADV de VCOG quel être ce NCs de le NP ."
1137,1882_Verne_L-Ecole-des-Robinsons_A.txt,"Par raisonnement , il arriva à ceci : le Dream , pendant dix-sept jours , avait suivi , à peu de chose près , la direction de le sud-ouest .","par NC , il VPS à ceci : le NP , PHASE NUM NCT , avoir PPAS , à peu de chose ADVLIEU , le NCo de le NCmod ."
1138,1882_Verne_L-Ecole-des-Robinsons_A.txt,"Or , avec une vitesse de cent cinquante à cent quatre-vingts milles par vingt-quatre heures , il devait avoir parcouru près de cinquante degrés .","or , avec un NC de NCmod NUM à NUM NCmod ADJ par NUM NCT , il devoir avoir PPAS ADVLIEU de NUM NC ."
1139,1882_Verne_L-Ecole-des-Robinsons_A.txt,"D' autre part , il était établi qu' il n' avait pas dépassé la ligne équatoriale .","de autre NC , il être PPAS que il ne avoir pas PPAS le NCo ADJ ."
1140,1882_Verne_L-Ecole-des-Robinsons_A.txt,"Donc , il fallait chercher la situation de l' île ou de le groupe de lequel elle dépendait peut-être , dans la partie comprise entre les cent soixantième et cent soixante-dixième degrés nord.Sur cette portion de l' océan Pacifique , il sembla bien à Godfrey qu' une carte ne lui eût pas offert d' autre archipel que celui de les Sandwich ; mais , en dehors de cet archipel , n' y avait -il pas de les îles isolées , dont les noms , lui échappaient et qui formaient comme un grand semis jusqu' à le littoral de le Céleste Empire ?","donc , il VIMP INF le NCo de le NCmod ou de le NC de lequel il VIMP peut-être , dans le NC ADJ entre le NUM ADJ et NUM ADJ NC nord.sur ce NCmod de le NCmod ADJ , il sembler bien à NP que un NCs ne lui avoir pas PPAS un autre NCo que celui de le NP ; mais , en NC de ce NCmod , ne y avoir il pas un le NC ADJ , dont le NC , lui VIMP et qui VIMP comme un ADJ NC jusque à le NCmod de le NP NC ?"
1141,1882_Verne_L-Ecole-des-Robinsons_A.txt,"Peu importait , d' ailleurs .","peu VIMP , de ADVLIEU ."
1142,1882_Verne_L-Ecole-des-Robinsons_A.txt,"Il n' existait aucun moyen d' aller chercher en un autre point de l' Océan une terre plus hospitalière.« Eh bien , se dit Godfrey , puisque je ne connais pas le nom de cette île , qu' elle soit nommée île Phina , en souvenir de celle que je n' aurais pas dû abandonner pour aller courir le monde , et puisse ce nom nous porter bonheur !","il ne VIMP aucun NCo de aller INF en un autre NC de le NP un NCo plus hospitalière.« INTJ bien , se VDIC NP , puisque je ne PRES pas le NCo de ce NCmod , que il être PPAS NC NP , en NC de celui que je ne avoir pas devoir INF pour aller INF le NCo , et pouvoir ce NCo nous INF NCSENT !"
1143,1882_Verne_L-Ecole-des-Robinsons_A.txt,"» Godfrey s' occupa alors de reconnaître si l' île était habitée dans la partie qu' il n' avait pu visiter encore.Du sommet de le cône , il ne vit rien qui décelât de les traces d' indigènes , ni habitations dans la prairie , ni maisons à la lisière de les arbres , ni même une seule case de pêcheur sur la côte.Mais si l' île était déserte , cette mer qui l' entourait ne l' était pas moins , et aucun navire ne se montrait dans les limites d' une périphérie à laquelle la hauteur de le cône donnait un développement considérable.Godfrey , exploration faite , n' avait plus qu' à redescendre à le pied de la colline et à reprendre le chemin de la forêt , afin d' y rejoindre Tartelett .",""" NP se VPS alors de VCOG si le NCspas être PPAS dans le NC que il ne avoir pouvoir INF encore.Du NCo de le NCmod , il ne VCOG rien qui VSUBI de le NC de NCmod , ni NC dans le NCmod , ni NC à le NCmod de le NCmod , ni même un ADJ NC de NCmod sur le côte.mais si le NCs être ADJ , ce NCs qui le VCOND ne le être pas moins , et aucun NCs ne se VIMP dans le NC de un NCmod à lequel le NCs de le NCmod VIMP un NCo NP , NC faire , ne avoir plus que à INF à le NCCOR de le NCmod et à INF le NCo de le NCmod , ADV de y INF NP ."
1144,1882_Verne_L-Ecole-des-Robinsons_A.txt,"Mais , avant de quitter la place , son regard fut attiré par une sorte de futaie d' arbres de grande taille , qui se dressait à la limite de les prairies de le nord .","mais , PHASE de INF le NCo , DETPOSS NCMAN être VSENT par un sorte de NCmod de NCmod de ADJ NCmod , qui se VIMP à le NC de le NCmod de le NCmod ."
1145,1882_Verne_L-Ecole-des-Robinsons_A.txt,"C' était un groupe gigantesque : il dépassait de la tête tous ceux que Godfrey avait vus jusqu' alors.« Peut-être , se dit -il , y aura -t -il lieu de chercher à s' installer de ce côté , d' autant mieux que , si je ne me trompe , j' aperçois un ruisseau , qui doit prendre naissance à quelque source de la chaîne centrale et coule à travers la prairie .","ce être un NC ADJ : il VIMP de le NCCOR tout celui que NP avoir VCOG jusque alors.« peut-être , se VDIC il , y avoir t il NCo de INF à se INF de ce NC , de autant mieux que , si je ne me PRES , je PRES un NCo , qui devoir INF NCo à quelque NC de le NCmod ADJ et ADJ à travers le NC ."
1146,1882_Verne_L-Ecole-des-Robinsons_A.txt,"» Ce serait à examiner dès le lendemain.Vers le sud , l' aspect de l' île était un peu différent .",""" ce être à INF dès le NP le NCmod , le NC de le NCmod être un peu ADJ ."
1147,1882_Verne_L-Ecole-des-Robinsons_A.txt,"Forêts et prairies faisaient plus vite place à le tapis jaune de les grèves , et , par endroits , le littoral se redressait en roches pittoresques.Mais , quelle fut la surprise de Godfrey , lorsqu' il crut apercevoir une légère fumée , qui s' élevait dans l' air , au-delà de cette barrière rocheuse .","NCs et NC faire plus ADV NCo à le NC ADJCOL de le NCmod , et , par NC , le NCs se VIMP en NC NP , quel être le NCSENT de NP , lorsque il VPS INF un NCo PPAS , qui se VIMP dans le NCMAN , ADV de ce NC ADJ ."
1148,1882_Verne_L-Ecole-des-Robinsons_A.txt,– Y a -t -il donc là quelques -uns de nos compagnons !,– y avoir t il donc ADVLIEU quelque NCo de DETPOSS NCmod !
1149,1882_Verne_L-Ecole-des-Robinsons_A.txt,s' écria -t -il .,se VDIC t il .
1150,1882_Verne_L-Ecole-des-Robinsons_A.txt,Mais non !,mais non !
1151,1882_Verne_L-Ecole-des-Robinsons_A.txt,ce n' est pas possible !,ce ne être pas ADJ !
1152,1882_Verne_L-Ecole-des-Robinsons_A.txt,"Pourquoi se seraient -ils éloignés de la baie depuis hier , et jusqu' à plusieurs milles de le récif ?","pourquoi se être il PPAS de le NC depuis ADV , et jusque à plusieurs NC de le NCmod ?"
1153,1882_Verne_L-Ecole-des-Robinsons_A.txt,Serait -ce donc un village de pêcheurs ou le campement d' une tribu indigène ?,être ce donc un NCo de NCmod ou le NC de un NCmod ADJ ?
1154,1882_Verne_L-Ecole-des-Robinsons_A.txt,Godfrey observa avec la plus extrême attention .,NP PRES avec le plus ADJ NC .
1155,1882_Verne_L-Ecole-des-Robinsons_A.txt,"Était -ce bien une fumée , cette vapeur déliée que la brise rabattait doucement vers l' ouest ?","être ce bien un NC , ce NC PPAS que le NCs VIMP ADVMAN vers le NC ?"
1156,1882_Verne_L-Ecole-des-Robinsons_A.txt,On pouvait s' y tromper .,on pouvoir se y INF .
1157,1882_Verne_L-Ecole-des-Robinsons_A.txt,"En tout cas , elle ne tarda pas à s' évanouir : quelques minutes après , on n' en pouvait plus rien voir .","en tout NC , il ne VPS pas à se INF : quelque NCT PHASE , on ne en pouvoir plus rien VCOG ."
1158,1882_Verne_L-Ecole-des-Robinsons_A.txt,"C' était un espoir déçu.Godfrey regarda une dernière fois dans cette direction ; puis , n' apercevant plus rien , il se laissa glisser le long de le talus , redescendit les pentes de la colline et s' enfonça de nouveau sous les arbres.Une heure plus tard , il avait traversé toute la forêt et se retrouvait à sa lisière .","ce être un NCSENT NP VCOG un ADJ fois dans ce NC ; puis , ne PPRES plus rien , il se laisser INF le NC de le NCmod , VPS le NCo de le NCmod et se VPS de ADJ sous le NP PRES plus tard , il avoir PPAS tout le NCo et se VIMP à DETPOSS NC ."
1159,1882_Verne_L-Ecole-des-Robinsons_A.txt,"Là attendait Tartelett , à le milieu de son troupeau , à deux et quatre pattes .","ADVLIEU VIMP NP , à le milieu de DETPOSS NCmod , à NUM et NUM NC ."
1160,1882_Verne_L-Ecole-des-Robinsons_A.txt,"Et , à quelle occupation se livrait l' obstiné professeur ?","et , à quel NC se VIMP le ADJ NCs ?"
1161,1882_Verne_L-Ecole-des-Robinsons_A.txt,"À la même , toujours .","à le même , ADVTEMPS ."
1162,1882_Verne_L-Ecole-des-Robinsons_A.txt,"Un morceau de bois dans la main droite , un autre dans la main gauche , il s' exténuait encore à vouloir les enflammer .","un NC de NCmod dans le NCCOR ADJ , un autre dans le NCCOR ADJ , il se VIMP encore à vouloir le VSENT ."
1163,1882_Verne_L-Ecole-des-Robinsons_A.txt,"Il frottait , il frottait avec une constance digne d' un meilleur sort .","il VIMP , il VIMP avec un NC ADJ de un meilleur NCmod ."
1164,1882_Verne_L-Ecole-des-Robinsons_A.txt,"– Eh bien , demanda -t -il de le plus loin qu' il aperçut Godfrey , et le bureau télégraphique ?– Il n' était pas ouvert !","– INTJ bien , VPS t il de le plus ADVLIEU que il VPS NP , et le NC ADJ ?– il ne être pas ADJ !"
1165,1882_Verne_L-Ecole-des-Robinsons_A.txt,"répondit Godfrey , qui n' osait encore rien dire de la situation .","VDIC NP , qui ne VIMP encore rien VDIC de le NC ."
1166,1882_Verne_L-Ecole-des-Robinsons_A.txt,– Et la poste ?– Elle était fermée !,– et le NC ?– il être PPAS !
1167,1882_Verne_L-Ecole-des-Robinsons_A.txt,Mais déjeunons !,mais NC !
1168,1882_Verne_L-Ecole-des-Robinsons_A.txt,Je meurs de faim !,je NC de NCmod !
1169,1882_Verne_L-Ecole-des-Robinsons_A.txt,… Nous causerons ensuite.Et ce matin-là Godfrey et son compagnon durent encore se contenter de ce trop maigre repas d' œufs crus et de coquillages !– Régime très sain !,… nous VF ensuite.eh ce matin-là NP et DETPOSS NC PRES encore se VSENT de ce trop ADJ NC de NCmod ADJ et de NC !– NP très ADJ !
1170,1882_Verne_L-Ecole-des-Robinsons_A.txt,"répétait Godfrey à Tartelett , qui n' était guère de cet avis et ne mangeait que de le bout de les lèvres.XILa journée était déjà assez avancée .","VIMP NP à NP , qui ne être guère de ce NC et ne VIMP que de le NC de le NP PPAS être déjà ADV ADJ ."
1171,1882_Verne_L-Ecole-des-Robinsons_A.txt,Aussi Godfrey résolut -il de remettre à le lendemain le soin de procéder à une installation nouvelle .,aussi NP PRES il de INF à le NC le NCo de INF à un NC ADJ .
1172,1882_Verne_L-Ecole-des-Robinsons_A.txt,"Mais , à les questions pressantes que lui posa le professeur sur les résultats de son exploration , il finit par répondre que c' était une île – l' île Phina – , sur laquelle ils avaient été jetés tous les deux , et qu' il faudrait aviser à les moyens d' y vivre , avant de songer à les moyens de la quitter .","mais , à le NC ADJ que lui VPS le NCs sur le NCmod de DETPOSS NCmod , il VASP par VDIC que ce être un NC – le NC NP – , sur lequel il avoir être PPAS tout le NUM , et que il VCOND INF à le NC de y INF , PHASE de INF à le NC de le INF ."
1173,1882_Verne_L-Ecole-des-Robinsons_A.txt,– Une île !,– un NCs !
1174,1882_Verne_L-Ecole-des-Robinsons_A.txt,s' écria Tartelett .,se VDIC NP .
1175,1882_Verne_L-Ecole-des-Robinsons_A.txt,– Oui !,– oui !
1176,1882_Verne_L-Ecole-des-Robinsons_A.txt,… c' est une île !– Que la mer entoure ?– Naturellement .,… ce être un NC !– que le NCs PRES ?– ADVINT .
1177,1882_Verne_L-Ecole-des-Robinsons_A.txt,"– Mais quelle est -elle ?– Je vous l' ai dit , l' île Phina , et vous comprendrez pourquoi j' ai voulu lui donner ce nom !– Non !","– mais quel être il ?– je vous le avoir VDIC , le NC NP , et vous VCOG pourquoi je avoir vouloir lui INF ce NCo !– non !"
1178,1882_Verne_L-Ecole-des-Robinsons_A.txt,"… Je ne le comprends pas , répondit Tartelett , en faisant la grimace , et je ne vois pas la ressemblance !","… je ne le VCOG pas , VDIC NP , en faire le NCo , et je ne ADV pas le NC !"
1179,1882_Verne_L-Ecole-des-Robinsons_A.txt,"Miss Phina est entourée de terre , elle !","NP NP être PPAS de NC , il !"
1180,1882_Verne_L-Ecole-des-Robinsons_A.txt,"Sur cette réflexion mélancolique , on se disposa à passer la nuit le moins mal possible .","sur ce NC ADJ , on se VPS à INF le NCT le moins mal ADJ ."
1181,1882_Verne_L-Ecole-des-Robinsons_A.txt,"Godfrey retourna à le récif faire une nouvelle provision d' œufs et de mollusques , dont il fallut bien se contenter ; puis , la fatigue aidant , il ne tarda pas à s' endormir à le pied d' un arbre , pendant que Tartelett , dont la philosophie ne pouvait accepter un tel état de choses , se livrait à les plus amères réflexions .","NP VPS à le NC faire un ADJ NCo de NCmod et de NC , dont il VPS bien se VSENT ; puis , le NCSENT PPRES , il ne VPS pas à se INF à le NCCOR de un NCmod , PHASE que NP , dont le NCs ne pouvoir INF un tel NCo de chose , se VCOND à le plus ADJ NC ."
1182,1882_Verne_L-Ecole-des-Robinsons_A.txt,"Le lendemain , 28 juin , tous deux étaient sur pied avant que le coq n' eût interrompu leur sommeil.Et d' abord un déjeuner sommaire , – le même que la veille .","le NC , NUM MOIS , tout deux être sur NCCOR PHASE que le NCs ne avoir PPAS lui NCo de NC un NCmod ADJ , – le même que le NCmod ."
1183,1882_Verne_L-Ecole-des-Robinsons_A.txt,"Seulement , l' eau fraîche d' un petit ruisseau fut avantageu­sement remplacée par un peu de lait , qu' une de les chèvres se laissa traire.Ah !","seulement , le NCspas ADJ de un ADJ NCmod être ADV PPAS par un peu de NC , que un de le NCmod se VPS NP !"
1184,1882_Verne_L-Ecole-des-Robinsons_A.txt,digne Tartelett !,ADJ NP !
1185,1882_Verne_L-Ecole-des-Robinsons_A.txt,"où étaient ce « mint-julep » , ce « portwine sangrie » , ce « sherry-cobbler » , ce « sherry­coctktail » , dont il ne buvait guère , mais qu' il aurait pu se faire servir à toute heure dans les bars et les tavernes de San Francisco ?","où être ce "" NC "" , ce "" ADJ NC "" , ce "" NC "" , ce "" NC "" , dont il ne VIMP guère , mais que il avoir pouvoir se faire INF à tout NCT dans le NC et le NC de NP NP ?"
1186,1882_Verne_L-Ecole-des-Robinsons_A.txt,"Il en était à envier ces volatiles , ces agoutis , ces moutons , qui se désaltéraient , sans réclamer aucune adjonction de principes sucrés ou alcoolisés à l' eau claire !","il en être à INF ce NCo , ce NC , ce NC , qui se VIMP , sans INF aucun NCo de NCmod PPAS ou PPAS à le NC ADJ !"
1187,1882_Verne_L-Ecole-des-Robinsons_A.txt,"À ces bêtes , il ne fallait pas de feu pour cuire leurs aliments : racines , herbes , graines , suffisaient , et leur déjeuner était toujours servi à point sur la table verte .","à ce NC , il ne VIMP pas un NCo pour INF DETPOSS NCo : NC , NC , NC , VIMP , et lui NCs être ADVTEMPS PPAS à NC sur le NCmod ADJCOL ."
1188,1882_Verne_L-Ecole-des-Robinsons_A.txt,"– En route , dit Godfrey.Et les voilà tous deux partis , suivis de leur cortège d' animaux domestiques , qui , décidément , ne voulaient point les quitter.Le projet de Godfrey était d' aller explorer , à le nord de l' île , cette portion de la côte , sur laquelle s' élevait ce bouquet de grands arbres qu' il avait aperçu de le haut de le cône .","– en NC , VDIC NP le voilà tout NUM NC , PPAS de lui NC de NCmod ADJ , qui , ADV , ne vouloir ADV le quitter.Le NCo de NP être de aller INF , à le NC de le NCmod , ce NC de le NCmod , sur lequel se VIMP ce NCs de ADJ NCmod que il avoir PPAS de le NC de le NCmod ."
1189,1882_Verne_L-Ecole-des-Robinsons_A.txt,"Mais , pour s' y rendre , il résolut de suivre le littoral .","mais , pour se y INF , il VPS de INF le NCo ."
1190,1882_Verne_L-Ecole-des-Robinsons_A.txt,Peut-être le ressac y aurait -il apporté quelque épave de le naufrage ?,peut-être le NCs y avoir il PPAS quelque NCo de le NCmod ?
1191,1882_Verne_L-Ecole-des-Robinsons_A.txt,"Peut-être trouverait -il là , sur le sable de la grève , quelques -uns de ses compagnons de le Dream , gisant sans sépulture , et à lesquels il conviendrait de donner une inhumation chrétienne ?","peut-être VCOND il ADVLIEU , sur le NC de le NCmod , quelque NC de DETPOSS NCmod de le NP , PPRES sans NC , et à lequel il VCOND de INF un NCo ADJ ?"
1192,1882_Verne_L-Ecole-des-Robinsons_A.txt,"Quant à rencontrer vivant , après avoir été sauvé comme lui , un seul matelot de l' équipage , il ne l' espérait plus , trente-six heures après la catastrophe.La première ligne de les dunes fut donc franchie .","quant à INF ADJ , PHASE avoir être PPAS comme lui , un ADJ NCo de le NCmod , il ne le VCOG plus , NUM NCT PHASE le NP ADJ NC de le NCmod être donc PPAS ."
1193,1882_Verne_L-Ecole-des-Robinsons_A.txt,"Godfrey et son compagnon se retrouvèrent bientôt à la naissance de le récif , et ils le revirent tout aussi désert qu' ils l' avaient laissé .","NP et DETPOSS NC se VPS bientôt à le NC de le NCmod , et il le VPS tout aussi PPAS que il le avoir laisser ."
1194,1882_Verne_L-Ecole-des-Robinsons_A.txt,"Là , par précaution , ils renouvelèrent leur provision d' œufs et de coquillages , dans la prévision que ces maigres ressources pourraient leur manquer à le nord de l' île .","ADVLIEU , par NC , il VPS lui NCo de NCmod et de NC , dans le NC que ce ADJ NCs pouvoir lui INF à le NC de le NCmod ."
1195,1882_Verne_L-Ecole-des-Robinsons_A.txt,"Puis , suivant la frange de les varechs abandonnés par la dernière marée , ils remontèrent en interrogeant de le regard toute cette portion de la côte.Rien !","puis , PPRES le NCo de le NCmod PPAS par le ADJ NC , il VSENT en VDIC de le NCMAN tout ce NCo de le NP !"
1196,1882_Verne_L-Ecole-des-Robinsons_A.txt,toujours rien !,ADVTEMPS rien !
1197,1882_Verne_L-Ecole-des-Robinsons_A.txt,"Décidément , convenons que si la mauvaise fortune avait fait de les Robinsons de ces deux survivants de le Dream , elle s' était montrée plus rigoureuse à leur égard qu' envers leurs devanciers !","ADV , IMP que si le ADJ NCs avoir faire de le NP de ce NUM NCmod de le NP , il se être PPAS plus ADJ à lui NC que envers DETPOSS NC !"
1198,1882_Verne_L-Ecole-des-Robinsons_A.txt,"À ceux-ci , il restait toujours quelque chose de le bâtiment naufragé .","à celui-ci , il VIMP ADVTEMPS quelque chose de le NCmod ADJ ."
1199,1882_Verne_L-Ecole-des-Robinsons_A.txt,"Après en avoir retiré une foule d' objets de première nécessité , ils pouvaient en utiliser les débris .","PHASE en avoir PPAS un NCo de NCmod de ADJ NCmod , il pouvoir en INF le NCo ."
1200,1882_Verne_L-Ecole-des-Robinsons_A.txt,"C' étaient de les vivres pour quelque temps , de les vêtements , de les outils , de les armes , enfin de quoi pourvoir à les exigences les plus élémentaires de la vie .","ce être de le NC pour quelque temps , de le NC , de le NC , de le NC , PHASE de quoi INF à le NC le plus ADJ de le NCmod ."
1201,1882_Verne_L-Ecole-des-Robinsons_A.txt,"Mais ici , rien de tout cela !","mais ADVLIEU , rien de tout cela !"
1202,1882_Verne_L-Ecole-des-Robinsons_A.txt,"À le milieu de cette nuit noire , le navire avait disparu dans les profondeurs de la mer , sans laisser à le récif la moindre de ses épaves !","à le milieu de ce NCT ADJ , le NCs avoir PPAS dans le NC de le NCmod , sans laisser à le NC le NCo de DETPOSS NCmod !"
1203,1882_Verne_L-Ecole-des-Robinsons_A.txt,"Il n' avait pas été possible d' en rien sauver … pas même une allumette – et en réalité , c' était surtout cette allumette qui faisait défaut. Je le sais bien , de braves gens , confortablement installés dans leur chambre , devant une bonne cheminée , où flambent le charbon et le bois , vous disent volontiers :« Mais rien de plus facile que de se procurer de le feu !","il ne avoir pas être ADJ de en rien INF … pas même un NC – et en NC , ce être surtout ce NC qui faire NCo je le VCOG bien , un ADJ NCs , ADV PPAS dans lui NC , devoir un ADJ NC , où PRES le NCo et le NC , vous VDIC ADV :« mais rien de plus ADJ que de se INF de le NC !"
1204,1882_Verne_L-Ecole-des-Robinsons_A.txt,Il y a mille moyens pour cela !,il y avoir NUM NCo pour cela !
1205,1882_Verne_L-Ecole-des-Robinsons_A.txt,Deux cailloux !,NUM NC !
1206,1882_Verne_L-Ecole-des-Robinsons_A.txt,… Un peu de mousse sèche !,… un peu de NCmod ADJ !
1207,1882_Verne_L-Ecole-des-Robinsons_A.txt,"… Un peu de linge brûlé … et comment le brûler , ce linge ?","… un peu de NC PPAS … et comment le INF , ce NC ?"
1208,1882_Verne_L-Ecole-des-Robinsons_A.txt,"… Puis , la lame d' un couteau servant de briquet … ou deux morceaux de bois vivement frottés simplement , à la façon polynésienne !","… puis , le NC de un NCmod PPRES de NC … ou NUM NC de NCmod ADVINT PPAS ADVMAN , à le façon ADJ !"
1209,1882_Verne_L-Ecole-des-Robinsons_A.txt,"… » Eh bien , essayez !","… "" INTJ bien , IMP !"
1210,1882_Verne_L-Ecole-des-Robinsons_A.txt,"C' étaient là les réflexions que Godfrey se faisait tout en marchant , et ce qui , à bon droit , le préoccupait le plus .","ce être ADVLIEU le NC que NP se faire tout en PPRES , et ce qui , à ADJ NCmod , le VSENT le plus ."
1211,1882_Verne_L-Ecole-des-Robinsons_A.txt,"Peut-être , lui aussi , tisonnant devant sa grille chargée de coke , en lisant de les récits de voyages , avait -il pensé comme ces braves gens !","peut-être , lui aussi , PPRES ADVLIEU DETPOSS NC PPAS de NC , en PPRES de le NC de NCmod , avoir il VCOG comme ce ADJ NC !"
1212,1882_Verne_L-Ecole-des-Robinsons_A.txt,"Mais , à l' essai , il en était revenu , et il ne voyait pas sans une certaine inquiétude lui manquer le feu , cet indispensable élément , que rien ne peut remplacer.Il allait donc , perdu dans ses pensées , précédant Tartelett , dont tout le soin consistait à rallier par ses cris le troupeau de les moutons , de les agoutis , de les chèvres et de les volatiles.Soudain son regard fut attiré par les vives couleurs d' une grappe de petites pommes , qui pendaient à les branches de certains arbustes , disséminés par centaines à le pied de les dunes .","mais , à le NC , il en être PPAS , et il ne VCOG pas sans un ADJ NCSENT lui INF le NCo , ce ADJ NC , que rien ne pouvoir NP aller donc , PPAS dans DETPOSS NC , PPRES NP , dont tout le NCs VIMP à INF par DETPOSS NC le NCo de le NCmod , de le NC , de le NC et de le NP DETPOSS NCMAN être VSENT par le ADJ NC de un NCmod de ADJ NCmod , qui VIMP à le NC de certain NCmod , PPAS par NC à le NCCOR de le NCmod ."
1213,1882_Verne_L-Ecole-des-Robinsons_A.txt,"Il reconnut aussitôt quelques -uns de ces « manzanillas » , dont les Indiens se nourrissent volontiers dans certaines portions de la Californie .","il VCOG aussitôt quelque NCo de ce "" NCmod "" , dont le NP se PRES ADV dans certain NC de le NP ."
1214,1882_Verne_L-Ecole-des-Robinsons_A.txt,– Enfin !,– PHASE !
1215,1882_Verne_L-Ecole-des-Robinsons_A.txt,"s' écria -t -il , voilà de quoi varier un peu nos repas d' œufs et de coquillages !– Quoi !","se VDIC t il , voilà de quoi INF un peu DETPOSS NC de NCmod et de NC !– quoi !"
1216,1882_Verne_L-Ecole-des-Robinsons_A.txt,cela se mange ?,cela se PRES ?
1217,1882_Verne_L-Ecole-des-Robinsons_A.txt,"dit Tartelett , qui , suivant son habitude , commença par faire la grimace .","VDIC NP , qui , suivant DETPOSS NC , VASP par faire le NCo ."
1218,1882_Verne_L-Ecole-des-Robinsons_A.txt,– Voyez plutôt !,– IMP plutôt !
1219,1882_Verne_L-Ecole-des-Robinsons_A.txt,"répondit Godfrey.Et il se mit à cueillir quelques-unes de ces manzanillas , dans lesquelles il mordit avidement.Ce n' étaient que de les pommes sauvages , mais leur acidité même ne laissait pas d' être agréable .","VDIC NP il se mettre à INF quelqu'un de ce NCmod , dans lequel il VPS NP ne être que de le NC ADJ , mais lui NCs même ne laisser pas de être ADJ ."
1220,1882_Verne_L-Ecole-des-Robinsons_A.txt,"Le professeur ne tarda pas à imiter son compagnon , et ne se montra pas trop mécontent de la trouvaille .","le NCs ne VPS pas à INF DETPOSS NCo , et ne se VPS pas trop ADJ de le NC ."
1221,1882_Verne_L-Ecole-des-Robinsons_A.txt,"Godfrey pensa , avec raison , que l' on pourrait tirer de ces fruits une boisson fermentée , qui serait toujours préférable à l' eau claire.La marche fut reprise .","NP VCOG , avec NC , que l' on pouvoir INF de ce NC un NCo ADJ , qui être ADVTEMPS ADJ à le NC claire.La NC être PPAS ."
1222,1882_Verne_L-Ecole-des-Robinsons_A.txt,Bientôt l' extrémité de la dune sablonneuse vint mourir sur une prairie que traversait un petit rio à les eaux courantes .,bientôt le NCs de le NCmod ADJ venir INF sur un NC que VIMP un ADJ NP à le NC ADJ .
1223,1882_Verne_L-Ecole-des-Robinsons_A.txt,C' était celui que Godfrey avait aperçu de le sommet de le cône .,ce être celui que NP avoir PPAS de le NC de le NCmod .
1224,1882_Verne_L-Ecole-des-Robinsons_A.txt,"Quant à les grands arbres , ils se massaient un peu plus loin , et , après une course de neuf milles environ , les deux explorateurs , assez fatigués de cette promenade de quatre heures , y arrivèrent , quelques minutes après midi.Le site valait vraiment la peine d' être regardé , visité , choisi , et , sans doute , occupé .","quant à le ADJ NC , il se VIMP un peu plus ADVLIEU , et , PHASE un NC de NUM NCmod environ , le NUM NCmod , ADV VSENT de ce NC de NUM NCT , y VPS , quelque NCT PHASE midi.Le NCmod VIMP ADVINT le NCSENT de être VCOG , NC , PPAS , et , sans NCSENT , PPAS ."
1225,1882_Verne_L-Ecole-des-Robinsons_A.txt,"Là , en effet , sur la lisière d' une vaste prairie , coupée de buissons de manzanillas et autres arbustes , s' élevaient une vingtaine d' arbres gigantesques , qui auraient pu supporter la comparaison avec les mêmes essences de les forêts californiennes .","ADVLIEU , en NC , sur le NCs de un ADJ NCmod , PPAS de NC de NCmod et autre NC , se VIMP un NC de NCmod ADJ , qui avoir pouvoir INF le NCo avec le même NC de le NCmod ADJ ."
1226,1882_Verne_L-Ecole-des-Robinsons_A.txt,Ils étaient disposés en demi-cercle .,il être PPAS en NC .
1227,1882_Verne_L-Ecole-des-Robinsons_A.txt,"Le tapis de verdure qui s' étendait à leur pied , après avoir bordé le lit de le rio pendant quelques centaines de pas encore , faisait place à une longue grève , semée de roches , de galets , de goémons , dont le prolongement se dessinait en mer par une pointe effilée de l' île vers le nord.Ces arbres géants , ces « big-trees » – les gros arbres – , ainsi qu' on les appelle communément dans l' Ouest-Amérique , appartenaient à le genre de les séquoias , conifères de la famille de les sapins .","le NCs de NCmod qui se VIMP à lui NCCOR , PHASE avoir PPAS le NCo de le NP PHASE quelque NC de pas encore , faire NCo à un ADJ NC , PPAS de NC , de NC , de NC , dont le NCs se VIMP en NC par un NC PPAS de le NC vers le ADJ NC ADJ , ce "" NC "" – le ADJ NC – , ainsi que on le PRES ADVTEMPS dans le NP , VIMP à le NC de le NCmod , NC de le NCmod de le NCmod ."
1228,1882_Verne_L-Ecole-des-Robinsons_A.txt,"Si vous demandiez à de les Anglais sous quel nom plus spécial ils les désignent : « de les Wellingtonias » , répondraient -ils .","si vous VSUBP à de le NC sous quel NC plus ADJ il le PRES : "" de le NP "" , VIMP il ."
1229,1882_Verne_L-Ecole-des-Robinsons_A.txt,Si vous le demandiez à de les Américains : « de les Washingtonias » serait leur réponse .,"si vous le VSUBP à de le NC : "" de le NP "" être lui NC ."
1230,1882_Verne_L-Ecole-des-Robinsons_A.txt,"On voit tout de suite la différence.Mais , qu' ils rappellent le souvenir de le flegmatique vainqueur de Waterloo ou la mémoire de l' illustre fondateur de la république américaine , ce sont toujours les plus énormes produits connus de la flore californienne et névadienne .","on VCOG tout de NC le NP , que il PRES le NC de le ADJ NCmod de NP ou le NC de le ADJ NCmod de le NCmod ADJ , ce être ADVTEMPS le plus ADJ NC PPAS de le NCmod ADJ et ADJ ."
1231,1882_Verne_L-Ecole-des-Robinsons_A.txt,"En effet , dans certaines parties de ces États , il y a de les forêts entières de ces arbres , tels que les groupes de Mariposa et de Calavera , dont quelques -uns mesurent de soixante à quatre-vingts pieds de circonférence sur une hauteur de trois cents .","en NC , dans certain NC de ce NCmod , il y avoir de le NC ADJ de ce NCmod , tel que le NC de NP et de NP , dont quelque NCs PRES de NUM à NCmod NCCOR de NCmod sur un NCmod de NUM NCmod ."
1232,1882_Verne_L-Ecole-des-Robinsons_A.txt,"L' un d' eux , à l' entrée de la vallée de Yosemiti , n' a pas moins de cent pieds de tour ; de son vivant – car il est maintenant couché à terre – , ses dernières branches auraient atteint la hauteur de le Munster de Strasbourg , c'est-à-dire plus de quatre cents pieds .","le un de eux , à le NC de le NCmod de NP , ne avoir pas moins de NUM NCCOR de NCmod ; de DETPOSS NCmod – car il être ADVT PPAS à NC – , DETPOSS ADJ NCs avoir PPAS le NCo de le NP de NP , ADV plus de NUM NUM NCCOR ."
1233,1882_Verne_L-Ecole-des-Robinsons_A.txt,"On cite encore la « Mère de la forêt » , la « Beauté de la forêt » , la « Cabane de le pionnier » , les « deux Sentinelles » , le « Général Grant » , « Mademoiselle Emma » , « Mademoiselle Marie » , « Brigham Young et sa femme » , les « Trois Grâces » , l' « Ours » , etc. , qui sont de véritables phénomènes végétaux .","on PRES encore le "" NCo de le NCmod "" , le "" NP de le NCmod "" , le "" NP de le NCmod "" , le "" NUM NP "" , le "" NP NP "" , "" NP NP "" , "" NP NP "" , "" NP NP et DETPOSS NC "" , le "" NP NP "" , le "" NP "" , etc. , qui être un véritable NC ADJ ."
1234,1882_Verne_L-Ecole-des-Robinsons_A.txt,"Sur le tronc , scié à sa base , de l' un de ces arbres , on a construit un kiosque , dans lequel un quadrille de seize à vingt personnes peut manœuvrer à l' aise .","sur le NC , PPAS à DETPOSS NC , de le un de ce NCmod , on avoir PPAS un NCo , dans lequel un NCs de NUM à NUM NCmod pouvoir INF à le NC ."
1235,1882_Verne_L-Ecole-des-Robinsons_A.txt,"Mais , en réalité , le géant de ces géants , à le milieu d' une forêt qui est la propriété de l' État , à une quinzaine de milles de Murphy , c' est le « Père de la forêt » , vieux séquoia âgé de quatre mille ans ; il s' élève à quatre cent cinquante-deux pieds de le sol , plus haut que la croix de Saint-Pierre de Rome , plus haut que la grande pyramide de Gizeh , plus haut enfin que ce clocheton de fer qui se dresse maintenant sur une de les tours de la cathédrale de Rouen et doit être tenu pour le plus haut monument de le monde .","mais , en NCmod , le NC de ce NCmod , à le milieu de un NCmod qui être le NC de le NCmod , à NUM NCmod de NCmod de NP , ce être le "" NP de le NCmod "" , ADJ NC ADJ de NUM NUM NCT ; il se PRES à NUM NUM NUM NCCOR de le NCmod , plus ADJ que le NC de NP de NP , plus ADJ que le ADJ NC de NP , plus ADJ PHASE que ce NC de NCmod qui se PRES ADVT sur un de le NCmod de le NCmod de NP et devoir être PPAS pour le plus ADJ NC de le NCmod ."
1236,1882_Verne_L-Ecole-des-Robinsons_A.txt,"C' était un groupe d' une vingtaine de ces colosses que le caprice de la nature avait semés sur cette pointe de l' île , à l' époque peut-être où le roi Salomon construisait ce temple de Jérusalem , qui ne s' est jamais relevé de ses ruines .","ce être un NC de NUM NCmod de ce NCmod que le NCs de le NCmod avoir PPAS sur ce NC de le NCmod , à le NC peut-être où le NCs NP VIMP ce NCo de NP , qui ne se être ADVTEMPS PPAS de DETPOSS NC ."
1237,1882_Verne_L-Ecole-des-Robinsons_A.txt,"Les plus grands pouvaient avoir près de trois cents pieds , les plus petits deux cent cinquante .","le plus ADJ pouvoir avoir ADVLIEU de NUM NUM NCCOR , le plus ADJ NUM NUM NC ."
1238,1882_Verne_L-Ecole-des-Robinsons_A.txt,"Quelques-uns , intérieurement évidés par la vieillesse , montraient à leur base une arche gigantesque , sous laquelle eût passé toute une troupe à cheval.Godfrey fut frappé d' admiration en présence de ces phénomènes naturels , qui n' occupent généralement que les altitudes de cinq à six mille pieds au-dessus de le niveau de la mer .","quelqu'un , ADV PPAS par le NC , VIMP à lui NC un NCo ADJ , sous lequel avoir PPAS tout un NCo à NP être frapper de NCSENT en NC de ce NCmod ADJ , qui ne PRES ADVTEMPS que le NC de NUM à NUM NUM NCCOR ADVLIEU de le NC de le NCmod ."
1239,1882_Verne_L-Ecole-des-Robinsons_A.txt,Il trouva même que cette vue seule aurait valu le voyage .,il VPS même que ce NCs ADJ avoir PPAS le NCo .
1240,1882_Verne_L-Ecole-des-Robinsons_A.txt,"Rien de comparable , en effet , à ces colonnes d' un brun clair , qui se profilaient presque sans diminution sensible de leur diamètre , depuis la racine jusqu' à la première fourche .","rien de ADJ , en NC , à ce NC de un ADJCOL ADJ , qui se VIMP presque sans NC ADJ de lui NCmod , depuis le NC jusque à le ADJ NCmod ."
1241,1882_Verne_L-Ecole-des-Robinsons_A.txt,"Ces fûts cylindriques , à une hauteur de quatre-vingts à cent pieds au-dessus de le sol , se ramifiant en fortes branches , épaisses comme de les troncs d' arbres déjà énormes , portaient ainsi toute une forêt dans les airs .","ce NCs ADJ , à un NCmod de NCmod à NUM NCCOR ADVLIEU de le NC , se PPRES en fort NC , NC comme de le NC de NCmod déjà ADJ , VIMP ainsi tout un NCo dans le NCMAN ."
1242,1882_Verne_L-Ecole-des-Robinsons_A.txt,"L' un de ces « séquoias giganteas » – c' était un de les plus grands de le groupe – , attira plus particulièrement l' attention de Godfrey .","le un de ce "" NCmod ADJ "" – ce être un de le plus ADJ de le NCmod – , VSENT plus ADVINT le NCo de NP ."
1243,1882_Verne_L-Ecole-des-Robinsons_A.txt,"Creusé à sa base , il présentait une ouverture large de quatre à cinq pieds , haute de dix , qui permettait de pénétrer à l' intérieur .","PPAS à DETPOSS NC , il VIMP un NCo ADJ de NUM à NUM NCCOR , ADJ de NUM , qui permettre de INF à le NC ."
1244,1882_Verne_L-Ecole-des-Robinsons_A.txt,"Le cœur de le géant avait disparu , l' aubier s' était dissipé en une poussière tendre et blanchâtre ; mais si l' arbre ne reposait plus sur ses puissantes racines que par sa solide écorce , il pouvait encore vivre ainsi pendant de les siècles .","le NCs de le NCmod avoir PPAS , le NCs se être VSENT en un NC ADJ et ADJCOL ; mais si le NCs ne VIMP plus sur DETPOSS ADJ NC que par DETPOSS ADJ NC , il pouvoir encore INF ainsi PHASE de le NCT ."
1245,1882_Verne_L-Ecole-des-Robinsons_A.txt,"– À défaut de caverne ou de grotte , s' écria Godfrey , voilà une habitation toute trouvée , une maison de bois , une tour , comme il n' y en a pas dans les pays habités !","– à NC de NCmod ou de NC , se VPS NP , voilà un NCo tout PPAS , un NC de NCmod , un NC , comme il ne y en avoir pas dans le NC ADJ !"
1246,1882_Verne_L-Ecole-des-Robinsons_A.txt,"Là , nous pourrons être clos et couverts !","ADVLIEU , nous VF être PPAS et PPAS !"
1247,1882_Verne_L-Ecole-des-Robinsons_A.txt,"Venez , Tartelett , venez !","venir , NP , venir !"
1248,1882_Verne_L-Ecole-des-Robinsons_A.txt,"Et le jeune homme , entraînant son compagnon , s' introduisit à l' intérieur de le séquoia .","et le ADJ NCs , PPRES DETPOSS NCo , se VPS à le NC de le NCmod ."
1249,1882_Verne_L-Ecole-des-Robinsons_A.txt,"Le sol était couvert d' un lit de poussière végétale , et son diamètre n' était pas inférieur à vingt pieds anglais .","le NCs être ADJ de un NC de NCmod ADJ , et DETPOSS NCs ne être pas ADJ à NUM NCCOR ADJ ."
1250,1882_Verne_L-Ecole-des-Robinsons_A.txt,"Quant à la hauteur à laquelle s' arrondissait la voûte , l' obscurité empêchait de l' estimer .","quant à le NC à lequel se VIMP le NCs , le NCs VIMP de le VSENT ."
1251,1882_Verne_L-Ecole-des-Robinsons_A.txt,Mais nul rayon de lumière ne se glissait à travers les parois d' écorce de cette sorte de cave .,mais nul NCs de NCmod ne se VIMP à travers le NC de NCmod de ce sorte de NCmod .
1252,1882_Verne_L-Ecole-des-Robinsons_A.txt,"Donc , pas de fentes , pas de failles , par lesquelles la pluie ou le vent auraient pu pénétrer .","donc , pas de NCs , pas de NC , par lequel le NC ou le NC avoir pouvoir INF ."
1253,1882_Verne_L-Ecole-des-Robinsons_A.txt,Il était certain que nos deux Robinsons se trouveraient là dans de les conditions supportables pour braver impunément les intempéries de le ciel .,il être ADJ que DETPOSS NUM NP se VCOND ADVLIEU dans de le NC ADJ pour INF ADV le NCo de le NCmod .
1254,1882_Verne_L-Ecole-des-Robinsons_A.txt,"Une caverne n' eût été ni plus solide , ni plus sèche , ni plus close .","un NCs ne avoir être ni plus ADJ , ni plus ADJ , ni plus ADJ ."
1255,1882_Verne_L-Ecole-des-Robinsons_A.txt,"En vérité , il eût été difficile de trouver mieux !– Hein , Tartelett , que pensez -vous de cette demeure naturelle ?","en NC , il avoir être ADJ de INF mieux !– NP , NP , que VCOG vous de ce NC ADJ ?"
1256,1882_Verne_L-Ecole-des-Robinsons_A.txt,demanda Godfrey .,VPS NP .
1257,1882_Verne_L-Ecole-des-Robinsons_A.txt,"– Oui , mais la cheminée ?","– oui , mais le NC ?"
1258,1882_Verne_L-Ecole-des-Robinsons_A.txt,dit Tartelett .,VDIC NP .
1259,1882_Verne_L-Ecole-des-Robinsons_A.txt,"– Avant de réclamer la cheminée , répondit Godfrey , attendez à le moins que nous ayons pu nous procurer de le feu !","– PHASE de INF le NCo , VDIC NP , IMP à le moins que nous avoir pouvoir nous INF de le NC !"
1260,1882_Verne_L-Ecole-des-Robinsons_A.txt,C' était on ne peut plus logique.Godfrey alla reconnaître les environs de le groupe d' arbres .,ce être on ne pouvoir plus NP VPS VCOG le NCo de le NCmod de NCmod .
1261,1882_Verne_L-Ecole-des-Robinsons_A.txt,"Ainsi qu' il a été dit , la prairie s' étendait jusqu' à cet énorme massif de séquoias , qui en formait la lisière .","ainsi que il avoir être VDIC , le NCs se VIMP jusque à ce ADJ NC de NP , qui en VIMP le NCo ."
1262,1882_Verne_L-Ecole-des-Robinsons_A.txt,"Le petit rio , courant à travers son tapis verdoyant , entretenait à le milieu de ces terres , un peu fortes , une salutaire fraîcheur .","le ADJ NCs , NC à travers DETPOSS NCmod ADJ , VIMP à le milieu de ce NCmod , un peu fort , un ADJ NC ."
1263,1882_Verne_L-Ecole-des-Robinsons_A.txt,"De les arbustes de diverses sortes croissaient sur ses bords , myrtes , lentisques , entre autres , quantité de ces manzanillas , qui devaient assurer la récolte de les pommes sauvages.Plus loin , en remontant , quelques bouquets d' arbres , de les chênes , de les hêtres , de les sycomores , de les micocouliers , s' éparpillaient sur toute cette vaste zone herbeuse ; mais bien qu' ils fussent , eux aussi , de grande taille , on les eût pris pour de simples arbrisseaux , auprès de ces « Mammoths-trees » , dont le soleil levant devait prolonger les grandes ombres jusqu' à la mer .","de le NCs de divers sorte VIMP sur DETPOSS NC , NC , NC , entre autre , NC de ce NCmod , qui devoir INF le NCo de le NCmod sauvages.Plus ADVLIEU , en VSENT , quelque NCs de NCmod , de le NC , de le NC , de le NC , de le NC , se VIMP sur tout ce ADJ NC ADJ ; mais bien que il VSUBP , eux aussi , de ADJ NC , on le avoir PPAS pour un ADJ NC , ADV de ce "" NP "" , dont le NCs PPRES devoir INF le ADJ NCo jusque à le NC ."
1264,1882_Verne_L-Ecole-des-Robinsons_A.txt,"À travers ces prairies se dessinaient aussi de sinueuses lignes d' arbustes , de touffes végétales , de buissons verdoyants , que Godfrey se promit d' aller reconnaître le lendemain.Si le site lui avait plu , il ne semblait pas déplaire à les animaux domestiques .","à travers ce NC se VIMP aussi un ADJ NCs de NCmod , de NC ADJ , de NC ADJ , que NP se VPS de aller VCOG le NP le NC lui avoir PPAS , il ne sembler pas INF à le NC ADJ ."
1265,1882_Verne_L-Ecole-des-Robinsons_A.txt,"Agoutis , chèvres , moutons , avaient pris possession de ce domaine , qui leur offrait de les racines à ronger ou de l' herbe à brouter au-delà de leur suffisance .","NP , NC , NC , avoir PPAS NCo de ce NCmod , qui lui VIMP de le NC à VSENT ou de le NC à INF ADV de lui NC ."
1266,1882_Verne_L-Ecole-des-Robinsons_A.txt,"Quant à les poules , elles becquetaient avidement de les graines ou de les vers sur les bords de le ruisseau .","quant à le NC , il VIMP ADVMAN de le NC ou de le NC sur le NCmod de le NCmod ."
1267,1882_Verne_L-Ecole-des-Robinsons_A.txt,"La vie animale se manifestait déjà par de les allées et venues , de les gambades , de les vols , de les bêlements , de les grognements , de les gloussements , qui , sans doute , ne s' étaient jamais fait entendre en ces parages.Puis , Godfrey revint à le groupe de les séquoias , et examina plus attentivement l' arbre dans lequel il allait faire élection de domicile .","le NCs ADJ se VIMP déjà par un le NC et NC , de le NC , de le NC , de le NC , de le NC , de le NC , qui , sans NCSENT , ne se être ADVTEMPS faire VCOG en ce NP , NP VPS à le NC de le NCmod , et VPS plus ADV le NCo dans lequel il aller faire NCo de NCmod ."
1268,1882_Verne_L-Ecole-des-Robinsons_A.txt,"Il lui parut qu' il serait , sinon impossible , de le moins bien difficile de se hisser jusqu' à ses premières branches , à le moins par l' extérieur , puisque ce tronc ne présentait aucune saillie ; mais , à l' intérieur , peut-être l' ascension serait -elle plus aisée , si l' arbre se creusait jusqu' à la fourche entre le cœur et l' écorce. Il pouvait être utile , en cas de danger , de chercher un refuge dans cette épaisse ramure que supportait l' énorme tronc .","il lui paraître que il être , sinon ADJ , de le moins bien ADJ de se INF jusque à DETPOSS ADJ NC , à le moins par le NC , puisque ce NCs ne VIMP aucun NCo ; mais , à le NC , peut-être le NCs être il plus ADJ , si le NCs se VIMP jusque à le NC entre le NCmod et le NC il pouvoir être ADJ , en NC de NCmod , de INF un NCo dans ce NC ADJ que VIMP le NCs tronc ."
1269,1882_Verne_L-Ecole-des-Robinsons_A.txt,"Ce serait une question à examiner plus tard.Lorsque cette exploration fut terminée , le soleil était assez bas sur l' horizon , et il parut convenable de remettre à le lendemain les préparatifs d' une installation définitive.Mais , cette nuit , après un repas dont le dessert se composa de pommes sauvages , où pouvait -on mieux la passer que sur cette poussière végétale , qui couvrait le sol à l' intérieur de le séquoia ?","ce être un NC à INF plus tard.Lorsque ce NCspas être VASP , le NCs être ADV ADJ sur le NC , et il paraître ADJ de INF à le NC le NCo de un NCmod définitive.mais , ce NCT , PHASE un NC dont le NCs se VPS de NC ADJ , où pouvoir on mieux le INF que sur ce NC ADJ , qui VCOND le NCo à le NC de le NCmod ?"
1270,1882_Verne_L-Ecole-des-Robinsons_A.txt,"C' est ce qui fut fait sous la garde de la Providence , non sans que Godfrey , en souvenir de l' oncle William W. Kolderup , n' eût donné le nom de Will-Tree à cet arbre gigantesque , dont les similaires de les forêts de Californie et de les États voisins portent tous le nom de l' un de les grands citoyens de la république américaine.XIIPourquoi ne pas en convenir ?","ce être ce qui être faire sous le NC de le NP , non sans que NP , en NCmod de le NCmod NP NP NP , ne avoir PPAS le NCo de NP à ce NC ADJ , dont le NCs de le NCmod de NP et de le NC ADJ PRES tout le NCo de le un de le ADJ NCmod de le NCmod américaine.XIIPourquoi ne pas en INF ?"
1271,1882_Verne_L-Ecole-des-Robinsons_A.txt,"Godfrey était en train de devenir un nouvel homme dans cette situation nouvelle pour lui , si frivole , si léger , si peu réfléchi , alors qu' il n' avait qu' à se laisser vivre .","NP être en NC de devenir un ADJ NCo dans ce NC ADJ pour lui , si ADJ , si INF , si peu PPAS , alors que il ne avoir que à se laisser INF ."
1272,1882_Verne_L-Ecole-des-Robinsons_A.txt,"En effet , jamais le souci de le lendemain n' avait été pour inquiéter son repos .","en NC , ADVTEMPS le NCSENT de le NCmod ne avoir être pour VSENT DETPOSS NCo ."
1273,1882_Verne_L-Ecole-des-Robinsons_A.txt,"Dans le trop opulent hôtel de Montgomery-Street , où il dormait ses dix heures sans désemparer , le pli d' une feuille de rose n' avait pas encore troublé son sommeil.Mais il n' en allait plus être ainsi .","dans le trop ADJ NC de NP , où il VIMP DETPOSS NUM NCT sans désemparer , le NCo de un NCmod de ADJCOL ne avoir pas encore VSENT DETPOSS NCo il ne en aller plus être ainsi ."
1274,1882_Verne_L-Ecole-des-Robinsons_A.txt,"Sur cette île inconnue , il se voyait bel et bien séparé de le reste de le monde , livré à ses seules ressources , obligé de faire face à les nécessités de la vie , dans de les conditions où un homme , même beaucoup plus pratique , eût été fort empêché .","sur ce NC ADJ , il se VCOG ADV et bien PPAS de le NC de le NCmod , PPAS à DETPOSS ADJ NC , PPAS de faire NC à le NC de le NCmod , dans de le NCmod où un NCspas , même beaucoup plus ADJ , avoir être fort PPAS ."
1275,1882_Verne_L-Ecole-des-Robinsons_A.txt,"Sans doute , en ne voyant plus reparaître le Dream , on se mettrait à sa recherche .","sans NCSENT , en ne VCOG plus INF le NP , on se mettre à DETPOSS NC ."
1276,1882_Verne_L-Ecole-des-Robinsons_A.txt,Mais qu' étaient -ils tous deux ?,mais que être il tout NUM ?
1277,1882_Verne_L-Ecole-des-Robinsons_A.txt,"Moins mille fois qu' une épingle dans une botte de foin , qu' un grain de sable à le fond de la mer !","moins NUM fois que un NCmod dans un NCmod de NCmod , que un NC de NCmod à le NCmod de le NCmod !"
1278,1882_Verne_L-Ecole-des-Robinsons_A.txt,L' incalculable fortune de l' oncle Kolderup n' était pas une réponse à tout !,le ADJ NCs de le NCmod NP ne être pas un NC à tout !
1279,1882_Verne_L-Ecole-des-Robinsons_A.txt,"Aussi , bien qu' il eût trouvé un abri à peu près acceptable , Godfrey n' y dormit -il que d' un sommeil agité .","aussi , bien que il avoir PPAS un NCo à peu ADVLIEU ADJ , NP ne y VPS il que de un NC PPAS ."
1280,1882_Verne_L-Ecole-des-Robinsons_A.txt,Son cerveau travaillait comme il ne l' avait jamais fait .,DETPOSS NCCOR VIMP comme il ne le avoir ADVTEMPS faire .
1281,1882_Verne_L-Ecole-des-Robinsons_A.txt,"C' est qu' il s' y associait de les idées de toutes sortes : celles de le passé qu' il regrettait amèrement , celles de le présent dont il cherchait la réalisation , celles de l' avenir qui l' inquiétaient plus encore !","ce être que il se y VIMP de le NC de tout sorte : celui de le NCmod que il VIMP ADVMAN , celui de le NCmod dont il VIMP le NCo , celui de le NCmod qui le VIMP plus encore !"
1282,1882_Verne_L-Ecole-des-Robinsons_A.txt,"Mais , devant ces rudes épreuves , la raison et , par suite , le raisonnement qui tout naturellement en découle , se dégageaient peu à peu de les limbes où ils avaient en lui sommeillé jusqu' alors .","mais , ADVLIEU ce NC ADJ , le NC et , par NC , le NC qui tout ADVINT en NC , se VIMP peu à peu de le NC où il avoir en lui PPAS jusque alors ."
1283,1882_Verne_L-Ecole-des-Robinsons_A.txt,"Godfrey était résolu à lutter contre la mauvaise fortune , à tout tenter dans la mesure de le possible pour se tirer d' affaire .","NP être PPAS à INF contre le ADJ NC , à tout INF dans le NC de le NCmod pour se INF de NC ."
1284,1882_Verne_L-Ecole-des-Robinsons_A.txt,"S' il en réchappait , cette leçon ne serait certainement pas perdue à l' avenir.Dès l' aube , il fut debout avec l' intention de procéder à une installation plus complète .","si il en VIMP , ce NCs ne être ADVINT pas PPAS à le NC le NCmod , il être ADV avec le NC de INF à un NC plus ADJ ."
1285,1882_Verne_L-Ecole-des-Robinsons_A.txt,"La question de les vivres , surtout celle de le feu qui lui était connexe , primait toutes les autres , outils ou armes quelconques à fabriquer , vêtements de rechange qu' il faudrait se procurer , sous peine de n' être bientôt vêtus qu' à la mode polynésienne.Tartelett dormait encore .","le NCs de le NCmod , surtout celui de le NCmod qui lui être ADJ , VIMP tout le autre , NC ou NC ADJ à INF , NCo de NCmod que il VCOND se INF , sous NCSENT de ne être bientôt PPAS que à le NC NP VIMP encore ."
1286,1882_Verne_L-Ecole-des-Robinsons_A.txt,"On ne le voyait pas dans l' ombre , mais on l' entendait .","on ne le VCOG pas dans le NC , mais on le VCOG ."
1287,1882_Verne_L-Ecole-des-Robinsons_A.txt,"Ce pauvre homme , épargné dans le naufrage , resté aussi frivole à quarante-cinq ans , que son élève l' avait été jusqu' alors , ne pouvait lui être d' une grande ressource .","ce ADJ NC , PPAS dans le NC , PPAS aussi ADJ à NUM NCT , que DETPOSS NCs le avoir être jusque alors , ne pouvoir lui être de un ADJ NC ."
1288,1882_Verne_L-Ecole-des-Robinsons_A.txt,"Il serait même un surcroît de charge , puisqu' il faudrait pourvoir à ses besoins de toutes sortes ; mais enfin c' était un compagnon !","il être même un NC de NCmod , puisque il VCOND INF à DETPOSS NC de tout sorte ; mais PHASE ce être un NC !"
1289,1882_Verne_L-Ecole-des-Robinsons_A.txt,"Il valait mieux , en somme , que le plus intelligent de les chiens , bien qu' il dût , sans doute , être moins utile !","il VIMP mieux , en NC , que le plus ADJ de le NCmod , bien que il VSUBI , sans NCSENT , être moins ADJ !"
1290,1882_Verne_L-Ecole-des-Robinsons_A.txt,"C' était une créature pouvant parler , quoique à tort et à travers ; causer , bien que ce fût jamais que de choses peu sérieuses ; se plaindre , ce qui lui arriverait le plus souvent !","ce être un NC pouvoir INF , quoique à NCmod et à travers ; INF , bien que ce être ADVTEMPS que de chose peu ADJ ; se INF , ce qui lui VCOND le plus ADVTEMPS !"
1291,1882_Verne_L-Ecole-des-Robinsons_A.txt,"Quoi qu' il en soit , Godfrey entendrait une voix humaine résonner à son oreille .","quoi que il en être , NP VCOG un NCMAN ADJ INF à DETPOSS NCCOR ."
1292,1882_Verne_L-Ecole-des-Robinsons_A.txt,Cela vaudrait toujours mieux que le perroquet de Robinson Crusoé !,cela VCOND ADVTEMPS mieux que le NC de NP NP !
1293,1882_Verne_L-Ecole-des-Robinsons_A.txt,"Même avec un Tartelett , il ne serait pas seul , et rien ne l' eût autant abattu que la perspective d' une complète solitude.« Robinson avant Vendredi , Robinson après Vendredi , quelle différence !","même avec un NP , il ne être pas ADJ , et rien ne le avoir autant PPAS que le NCs de un NCmod solitude.« NP PHASE ADVT , NP PHASE ADVT , quel NC !"
1294,1882_Verne_L-Ecole-des-Robinsons_A.txt,"» pensait-il.Cependant ce matin-là , 29 juin , Godfrey ne fut pas fâché d' être seul , afin de mettre à exécution son projet d' explorer les environs de le groupe de les séquoias .",""" PPRES ce matin-là , NUM MOIS , NP ne être pas VSENT de être ADJ , ADV de mettre à NC DETPOSS NCo de INF le NCo de le NCmod de le NCmod ."
1295,1882_Verne_L-Ecole-des-Robinsons_A.txt,"Peut-être serait -il assez heureux pour découvrir quelque fruit , quelque racine comestible , qu' il rapporterait à l' extrême satisfaction de le professeur .","peut-être être il ADV ADJ pour VCOG quelque NCo , quelque NC ADJ , que il VCOND à le ADJ NCSENT de le NCmod ."
1296,1882_Verne_L-Ecole-des-Robinsons_A.txt,"Il laissa donc Tartelett à ses rêves et partit.Une légère brume enveloppait encore le littoral et la mer ; mais déjà ce brouillard commençait à se lever dans le nord et l' est sous l' influence de les rayons solaires , qui devaient le condenser peu à peu .","il laisser donc ADV à DETPOSS NC et NUM ADJ NCs VIMP encore le NCo et le NC ; mais déjà ce NCs VASP à se INF dans le NC et le NC sous le NC de le NCmod ADJ , qui devoir le INF peu à peu ."
1297,1882_Verne_L-Ecole-des-Robinsons_A.txt,"La journée promettait d' être fort belle.Godfrey , après s' être taillé un solide bâton , remonta pendant deux milles jusqu' à cette partie de le rivage qu' il ne connaissait pas , dont le retour formait la pointe allongée de l' île Phina .","le NCT VIMP de être fort NP , PHASE se être PPAS un NCo ADJ , VSENT PHASE NUM NC jusque à ce NC de le NCmod que il ne VIMP pas , dont le NCs VIMP le NCo PPAS de le NCmod NP ."
1298,1882_Verne_L-Ecole-des-Robinsons_A.txt,"Là , il fit un premier repas de coquillages , de moules , de clovisses et plus particulièrement de petites huîtres excellentes qui s' y trouvaient en grande abondance .","ADVLIEU , il faire un ADJ NCo de NCmod , de NC , de NC et plus ADVINT un ADJ NC ADJ qui se y VIMP en ADJ NC ."
1299,1882_Verne_L-Ecole-des-Robinsons_A.txt,"« À la rigueur , se dit -il , voilà de quoi ne pas mourir de faim !",""" à le NC , se VDIC il , voilà de quoi ne pas INF un NCo !"
1300,1882_Verne_L-Ecole-des-Robinsons_A.txt,"Il y a là de les milliers de douzaines d' huîtres , et de quoi étouffer les cris de l' estomac le plus impérieux !","il y avoir ADVLIEU de le NC de NCmod de NCmod , et de quoi INF le NCo de le NCCOR le plus ADJ !"
1301,1882_Verne_L-Ecole-des-Robinsons_A.txt,"Si Tartelett se plaint , c' est qu' il n' aime pas ces mollusques !","si NP se PRES , ce être que il ne VSENT pas ce NCo !"
1302,1882_Verne_L-Ecole-des-Robinsons_A.txt,"… Eh bien , il les aimera !","… INTJ bien , il le VSENT !"
1303,1882_Verne_L-Ecole-des-Robinsons_A.txt,"» Il est certain que , si l' huître ne peut remplacer le pain et la viande d' une façon absolue , elle n' en fournit pas moins un aliment très nutritif , à la condition d' être absorbée en grande quantité .",""" il être ADJ que , si le NCs ne pouvoir INF le NCo et le NC de un façon ADJ , il ne en PRES pas moins un NCo très ADJ , à le NC de être PPAS en ADJ NC ."
1304,1882_Verne_L-Ecole-des-Robinsons_A.txt,"Mais , comme ce mollusque est d' une digestion très facile , on peut sans danger en faire usage , pour ne pas dire en faire abus.Ce déjeuner terminé , Godfrey reprit son bâton et coupa obliquement vers le sud-est , de manière à remonter la rive droite de le ruisseau .","mais , comme ce NC être de un NCs très ADJ , on pouvoir sans INF en faire NCo , pour ne pas VDIC en faire NP INF VASP , NP VPS DETPOSS NCo et VPS ADV vers le NC , de NC à VSENT le NCo ADJ de le NCmod ."
1305,1882_Verne_L-Ecole-des-Robinsons_A.txt,"Ce chemin devait le conduire , à travers la prairie , jusqu' à les bouquets d' arbres aperçus la veille , au-delà de les longues lignes de buissons et d' arbustes qu' il voulait examiner de près.Godfrey s' avança donc dans cette direction pendant deux milles environ .","ce NCs devoir le INF , à travers le NC , jusque à le NCmod de NCmod PPAS le NC , ADV de le ADJ NC de NCmod et de NC que il vouloir INF de NP se VPS donc dans ce NC PHASE NUM NC environ ."
1306,1882_Verne_L-Ecole-des-Robinsons_A.txt,"Il suivait la berge de le rio , tapissée d' une herbe courte et serrée comme une étoffe de velours .","il VIMP le NCo de le NP , PPAS de un NC ADJ et PPAS comme un NC de NCmod ."
1307,1882_Verne_L-Ecole-des-Robinsons_A.txt,"De les bandes d' oiseaux aquatiques s' envolaient bruyamment devant cet être , nouveau pour eux , qui venait troubler leur domaine .","de le NCs de NCmod ADJ se VIMP ADVMAN devoir ce être , ADJ pour eux , qui venir VSENT lui NCo ."
1308,1882_Verne_L-Ecole-des-Robinsons_A.txt,"Là aussi , de les poissons de plusieurs espèces couraient à travers les eaux vives de le ruisseau , dont la largeur , en cette partie , pouvait être évaluée à quatre ou cinq yards.De ces poissons -là , il ne serait évidemment pas difficile de s' emparer ; encore fallait -il pouvoir les faire cuire : c' était toujours l' insoluble question.Fort heureusement , Godfrey , arrivé à les premières lignes de buissons , reconnut deux sortes de fruits ou racines , dont les uns avaient besoin de passer par l' épreuve de le feu avant d' être mangés , mais dont les autres étaient comestibles à l' état naturel .","ADVLIEU aussi , de le NCs de plusieurs espèce VIMP à travers le NC ADJ de le NCmod , dont le NC , en ce NCmod , pouvoir être PPAS à NUM ou NUM yards.De ce NC ADVLIEU , il ne être ADV pas ADJ de se INF ; encore VIMP il pouvoir le faire INF : ce être ADVTEMPS le NC NP heureusement , NP , PPAS à le ADJ NC de NCmod , VCOG NUM sorte de NCmod ou NC , dont le un avoir NCo de INF par le NC de le NCmod PHASE de être PPAS , mais dont le autre être ADJ à le NC ADJ ."
1309,1882_Verne_L-Ecole-des-Robinsons_A.txt,"De ces deux végétaux , les Indiens d' Amérique font un constant usage.Le premier était un de ces arbustes nommés « camas » , qui poussent même dans les terrains impropres à toute culture .","de ce NUM NC , le NP de NP faire un NCo ADJ ADJ être un de ce NCmod ADJ "" NC "" , qui PRES même dans le NC ADJ à tout NCmod ."
1310,1882_Verne_L-Ecole-des-Robinsons_A.txt,"Avec leurs racines , qui ressemblent à un oignon , on fait une sorte de farine très riche en gluten et très nourrissante , à moins qu' on ne préfère les manger comme de les pommes de terre .","avec DETPOSS NC , qui PRES à un NC , on faire un sorte de NCmod très ADJ en NC et très ADJ , à moins que on ne PRES le INF comme de le NC de NCmod ."
1311,1882_Verne_L-Ecole-des-Robinsons_A.txt,"Mais , dans les deux cas , il faut toujours les soumettre à une certaine cuisson ou torréfaction .","mais , dans le NUM NC , il PRES ADVTEMPS le INF à un ADJ NC ou NC ."
1312,1882_Verne_L-Ecole-des-Robinsons_A.txt,"L' autre arbuste produisait une espèce de bulbe de forme oblongue , qui porte le nom indigène de « yamph » , et s' il possède , peut-être , moins de principes nutritifs que le camas , il était bien préférable en cette circonstance , puisqu' on peut le manger cru.Godfrey , très satisfait de cette découverte , se rassasia , sans plus tarder , de quelques-unes de ces excellentes racines , et , n' oubliant pas le déjeuner de Tartelett , il en fit une grosse botte qu' il jeta sur son épaule , puis il reprit le chemin de Will-Tree.S' il fut bien reçu en arrivant avec sa récolte d' yamphs , il est inutile d' y insister .","le autre NCs VIMP un espèce de NCmod de NCmod ADJ , qui PRES le NCo ADJ de "" NCmod "" , et si il PRES , peut-être , moins de NC ADJ que le NCmod , il être bien ADJ en ce NC , puisque on pouvoir le INF NP , très ADJ de ce NCmod , se VSENT , sans plus INF , de NC de ce ADJ NCmod , et , ne VCOG pas le NCo de NP , il en faire un ADJ NCo que il VPS sur DETPOSS NCCOR , puis il VPS le NCo de NP il être bien PPAS en PPRES avec DETPOSS NC de NCmod , il être ADJ de y INF ."
1313,1882_Verne_L-Ecole-des-Robinsons_A.txt,"Le professeur se régala avidement , et il fallut que son élève l' engageât à se modérer .","le NCs se VSENT ADVMAN , et il VPS que DETPOSS NCs le VSUBI à se INF ."
1314,1882_Verne_L-Ecole-des-Robinsons_A.txt,– Eh !,– INTJ !
1315,1882_Verne_L-Ecole-des-Robinsons_A.txt,"répondit -il , nous en avons aujourd'hui de ces racines , qui sait si nous en aurons demain ?– Sans aucun doute , répliqua Godfrey , demain , après-demain , toujours !","VDIC il , nous en avoir ADVT de ce NC , qui VCOG si nous en PRES ADVT ?– sans aucun NCSENT , VPS NP , ADVT , ADVT , ADVTEMPS !"
1316,1882_Verne_L-Ecole-des-Robinsons_A.txt,"Il n' y a que la peine d' aller les cueillir !– Bien , Godfrey ; et ce camas ?","il ne y avoir que le NCSENT de aller le INF !– bien , NP ; et ce NC ?"
1317,1882_Verne_L-Ecole-des-Robinsons_A.txt,"– Ce camas , nous en ferons de la farine et de le pain , lorsque nous aurons de le feu !– De le feu !","– ce NCs , nous en faire de le NC et de le NC , lorsque nous avoir de le NC !– de le NC !"
1318,1882_Verne_L-Ecole-des-Robinsons_A.txt,s' écria le professeur en secouant la tête !,se VDIC le NCs en PPRES le NCCOR !
1319,1882_Verne_L-Ecole-des-Robinsons_A.txt,De le feu !,de le NC !
1320,1882_Verne_L-Ecole-des-Robinsons_A.txt,Et comment en faire ?,et comment en faire ?
1321,1882_Verne_L-Ecole-des-Robinsons_A.txt,"…– Je n' en sais rien encore , répondit Godfrey , mais , d' une façon ou d' une autre , nous y arriverons !– Le Ciel vous entende , mon cher Godfrey !","…– je ne en VCOG rien encore , VDIC NP , mais , de un façon ou de un autre , nous y VF !– le NP vous PRES , DETPOSS NC NP !"
1322,1882_Verne_L-Ecole-des-Robinsons_A.txt,Et quand je pense qu' il y a tant de gens qui n' ont qu' à frotter un petit morceau de bois sur la semelle de leur soulier pour en obtenir !,et quand je VCOG que il y avoir tant de NC qui ne avoir que à INF un ADJ NCo de NCmod sur le NC de lui NCmod pour en INF !
1323,1882_Verne_L-Ecole-des-Robinsons_A.txt,Cela m' enrage !,cela le VSUBP !
1324,1882_Verne_L-Ecole-des-Robinsons_A.txt,Non !,non !
1325,1882_Verne_L-Ecole-des-Robinsons_A.txt,jamais je n' aurais cru que la mauvaise fortune m' aurait réduit un jour à pareil dénuement !,ADVTEMPS je ne avoir PPAS que le ADJ NCs lui avoir PPAS un NCT à NCmod ADV !
1326,1882_Verne_L-Ecole-des-Robinsons_A.txt,"On ne ferait pas trois pas dans Montgomery-Street , sans rencontrer un gentleman , le cigare à la bouche , qui se ferait un plaisir de vous en donner , de ce feu , et ici…– Ici , nous ne sommes pas à San Francisco , Tartelett , ni dans Montgomery-Street , et je crois qu' il sera plus sage de ne pas compter sur l' obligeance de les passants !– Mais , aussi , pourquoi faut -il que la cuisson soit , nécessaire à le pain , à la viande ?","on ne faire pas NUM pas dans NP , sans INF un NCo , le NC à le NCCOR , qui se faire un NCSENT de vous en INF , de ce NC , et NP ADVLIEU , nous ne être pas à NP NP , NP , ni dans NP , et je VCOG que il être plus ADJ de ne pas INF sur le NCSENT de le NCmod !– mais , aussi , pourquoi PRES il que le NCs être , ADJ à le NC , à le NCmod ?"
1327,1882_Verne_L-Ecole-des-Robinsons_A.txt,Comment la nature ne nous a -t -elle pas faits pour vivre de l' air de le temps ?– Cela viendra peut-être !,comment le NCs ne nous avoir t il pas faire pour INF de le NCMAN de le temps ?– cela venir peut-être !
1328,1882_Verne_L-Ecole-des-Robinsons_A.txt,répondit Godfrey avec un sourire de bonne humeur .,VDIC NP avec un NCMAN de ADJ NCmod .
1329,1882_Verne_L-Ecole-des-Robinsons_A.txt,– Le pensez -vous ?,– le VCOG vous ?
1330,1882_Verne_L-Ecole-des-Robinsons_A.txt,"…– Je pense que de les savants s' en occupent , tout à le moins !– Est -il possible ?","…– je VCOG que de le NCs se en PRES , tout à le moins !– être il ADJ ?"
1331,1882_Verne_L-Ecole-des-Robinsons_A.txt,"Et sur quoi se fondent -ils pour chercher ce nouveau mode d' alimentation ?– Sur ce raisonnement , répondit Godfrey , c' est que la digestion et la respiration sont de les fonctions connexes , dont l' une pourrait peut-être se substituer à l' autre .","et sur quoi se PRES il pour INF ce ADJ NCo de NCmod ?– sur ce NC , VDIC NP , ce PRES que le NCs et le NC être de le NC ADJ , dont le un pouvoir peut-être se INF à le autre ."
1332,1882_Verne_L-Ecole-des-Robinsons_A.txt,"Donc , le jour où la chimie aura fait que les aliments nécessaires à la nourriture de l' homme puissent s' assimiler par la respiration , le problème sera résolu .","donc , le NCT où le NCs avoir faire que le NCs ADJ à le NCmod de le NCmod pouvoir se INF par le NC , le NCspas être PPAS ."
1333,1882_Verne_L-Ecole-des-Robinsons_A.txt,Il ne s' agit pour cela que de rendre l' air nutritif .,il ne se PRES pour cela que de INF le NCMAN ADJ .
1334,1882_Verne_L-Ecole-des-Robinsons_A.txt,"On respirera son dîner à le lieu de le manger , voilà tout !– Ah !","on VF DETPOSS NCo à le NC de le INF , voilà tout !– INTJ !"
1335,1882_Verne_L-Ecole-des-Robinsons_A.txt,qu' il est donc fâcheux que cette précieuse découverte n' ait pas encore été faite !,que il être donc ADJ que ce ADJ NCs ne avoir pas encore être faire !
1336,1882_Verne_L-Ecole-des-Robinsons_A.txt,s' écria le professeur .,se VDIC le NCs .
1337,1882_Verne_L-Ecole-des-Robinsons_A.txt,"Comme je respirerais volontiers une demi-douzaine de sandwiches et un quart de corn-beef , rien que pour me mettre en appétit !","comme je VCOND ADV un NCo de NCmod et un NC de NCmod , rien que pour me mettre en NC !"
1338,1882_Verne_L-Ecole-des-Robinsons_A.txt,"Et Tartelett , plongé en une demi-rêverie sensuelle , dans laquelle il entrevoyait de succulents dîners atmosphériques , ouvrait inconsciemment la bouche , respirait à pleins poumons , oubliant qu' il avait à peine de quoi se nourrir à la manière habituelle.Godfrey le tira de sa méditation , et le ramena dans le positif.Il s' agissait de procéder à une installation plus complète à l' intérieur de Will-Tree.Le premier soin fut de s' employer à le nettoyage de la future habitation .","et NP , PPAS en un NC ADJ , dans lequel il VIMP de ADJ NCo ADJ , VCOND ADVMAN le NCCOR , VCOND à ADJ NCCOR , VCOG que il avoir à NCSENT de quoi se INF à le NC NP le VPS de DETPOSS NC , et le VPS dans le NP se VIMP de INF à un NC plus ADJ à le NCmod de NP ADJ NC être de se INF à le NC de le ADJ NCmod ."
1339,1882_Verne_L-Ecole-des-Robinsons_A.txt,"Il fallut , d' abord , retirer plusieurs quintaux de cette poussière végétale , qui couvrait le sol et dans laquelle on enfonçait jusqu' à mi-jambe .","il VPS , de NC , INF plusieurs NCo de ce NCmod ADJ , qui VCOND le NCo et dans lequel on VIMP jusque à NC ."
1340,1882_Verne_L-Ecole-des-Robinsons_A.txt,"Deux heures de travail suffirent à peine à cette pénible besogne , mais enfin la chambre fut débarrassée de cette couche pulvérulente , qui s' élevait en nuée à le moindre mouvement.Le sol était ferme , résistant , comme s' il eût été parqueté de fortes lambourdes , avec ces larges racines de le séquoia qui se ramifiaient à sa surface .","NUM NCT de NCmod VPS à NCSENT à ce NC ADJ , mais PHASE le NCspas être PPAS de ce NC ADJ , qui se VIMP en NC à le ADJ NC NCmod être ADJ , PPRES , comme si il avoir être PPAS un fort NCo , avec ce ADJ NC de le NCmod qui se VIMP à DETPOSS NC ."
1341,1882_Verne_L-Ecole-des-Robinsons_A.txt,"C' était raboteux , mais solide .","ce être ADJ , mais NC ."
1342,1882_Verne_L-Ecole-des-Robinsons_A.txt,"Deux coins furent choisis pour l' emplacement de les couchettes , dont quelques bottes d' herbes , bien séchées à le soleil , allaient former toute la literie .","NUM NCspas être PPAS pour le NC de le NCmod , dont quelque NCs de NCmod , bien PPAS à le NC , aller INF tout le NCo ."
1343,1882_Verne_L-Ecole-des-Robinsons_A.txt,"Quant à les autres meubles , bancs , escabeaux ou tables , il ne serait pas impossible de fabriquer les plus indispensables , puisque Godfrey possédait un excellent couteau , muni d' une scie et d' une serpe .","quant à le autre NC , NC , NC ou NC , il ne être pas ADJ de INF le plus ADJ , puisque NP VIMP un ADJ NCo , NC de un NCmod et de un NC ."
1344,1882_Verne_L-Ecole-des-Robinsons_A.txt,"Il fallait être à même , en effet , par les mauvais temps , de rester à l' intérieur de l' arbre , pour y manger , pour y travailler .","il VIMP être à même , en NC , par le ADJ temps , de INF à le NC de le NCmod , pour y INF , pour y INF ."
1345,1882_Verne_L-Ecole-des-Robinsons_A.txt,"Le jour n' y manquait pas , puisqu' il pénétrait à flots par l' ouverture .","le NCT ne y VIMP pas , puisque il VCOND à NC par le NC ."
1346,1882_Verne_L-Ecole-des-Robinsons_A.txt,"Plus tard , s' il devenait nécessaire de fermer cette ouverture à le point de vue d' une sécurité plus complète , Godfrey essayerait de percer dans l' écorce de le séquoia une ou deux embrasures qui serviraient de fenêtres.Quant à reconnaître à quelle hauteur s' arrêtait l' évidement de le tronc , Godfrey ne le pouvait pas sans lumière .","plus tard , se il devenir ADJ de INF ce NCo à le NC de NCmod de un NCSENT plus ADJ , NP VCOND de INF dans le NC de le NCmod NUM ou NUM NC qui VIMP de NP à VCOG à quel NC se VIMP le NCs de le NCmod , NP ne le pouvoir pas sans NC ."
1347,1882_Verne_L-Ecole-des-Robinsons_A.txt,"Tout ce qu' il put constater , c' est qu' une perche , longue de dix à douze pieds , ne rencontrait que le vide , lorsqu' il la promenait au-dessus de sa tête.Mais cette question n' était pas de les plus urgentes .","tout ce que il pouvoir INF , ce être que un NCs , ADJ de NUM à NUM NCCOR , ne VIMP que le NCo , lorsque il le VIMP ADVLIEU de DETPOSS NP ce NCs ne être pas un le plus ADJ ."
1348,1882_Verne_L-Ecole-des-Robinsons_A.txt,On la résoudrait ultérieurement .,on le VCOG ADVTEMPS .
1349,1882_Verne_L-Ecole-des-Robinsons_A.txt,La journée s' écoula dans ces travaux qui ne furent pas terminés avant le coucher de le soleil .,le NCT se VPS dans ce NC qui ne être pas VASP PHASE le NC de le NCmod .
1350,1882_Verne_L-Ecole-des-Robinsons_A.txt,"Godfrey et Tartelett , assez fatigués , trouvèrent excellente leur literie uniquement faite de cette herbe sèche , dont ils avaient fait une ample provision ; mais ils durent la disputer à les volatiles , qui auraient volontiers fait élection de domicile à l' intérieur de Will-Tree .","NP et NP , ADV VSENT , VPS ADJ lui NCo ADV faire de ce NC ADJ , dont il avoir faire un ADJ NCo ; mais il PRES le INF à le NC , qui avoir ADV faire NCo de NCmod à le NC de NP ."
1351,1882_Verne_L-Ecole-des-Robinsons_A.txt,"Godfrey pensa donc qu' il serait convenable d' établir un poulailler dans quelque autre séquoia de le groupe , et il ne parvint à leur interdire l' entrée de la chambre commune qu' en l' obstruant de broussailles .","NP VCOG donc que il être ADJ de INF un NCo dans quelque autre NC de le NCmod , et il ne VPS à lui INF le NCo de le NCmod ADJ que en le PPRES de NC ."
1352,1882_Verne_L-Ecole-des-Robinsons_A.txt,"Très heureusement , ni les moutons , ni les agoutis , ni les chèvres n' éprouvèrent la même tentation .","très heureusement , ni le NC , ni le NC , ni le NCs ne VSENT le même NCSENT ."
1353,1882_Verne_L-Ecole-des-Robinsons_A.txt,Ces animaux restèrent tranquillement au-dehors et n' eurent point la velléité de franchir l' insuffisante barrière .,ce NCs VPS ADVMAN ADV et ne avoir ADV le NCo de INF le ADJ NCo .
1354,1882_Verne_L-Ecole-des-Robinsons_A.txt,"Les jours suivants furent employés à divers travaux d' installation , d' aménagement et de récolte : œufs et coquillages à ramasser , racines de yamph et pommes de manzanillas à recueillir , huîtres qu' on allait , chaque matin , arracher à le banc de le littoral , tout cela prenait de le temps , et les heures passaient vite.Les ustensiles de ménage se réduisaient encore à quelques larges coquilles de bivalves , qui servaient de verres ou d' assiettes .","le NCT ADJ être PPAS à divers NC de NCmod , de NC et de NC : NC et NC à INF , NC de NCmod et NC de NCmod à INF , NC que on aller , chaque NCT , INF à le NC de le NCmod , tout cela VIMP de le temps , et le NCT VIMP vite.Les NCo de NCmod se VIMP encore à quelque NC ADJ de NCmod , qui VIMP de NC ou de NC ."
1355,1882_Verne_L-Ecole-des-Robinsons_A.txt,"Il est vrai que , pour le genre d' alimentation à lequel les hôtes de Will-Tree étaient réduits , il n' en fallait pas davantage .","il être vrai que , pour le NC de NCmod à lequel le NCspas de NP être PPAS , il ne en VIMP pas davantage ."
1356,1882_Verne_L-Ecole-des-Robinsons_A.txt,"Il y avait aussi le lavage de le linge dans l' eau claire de le rio , qui occupait les loisirs de Tartelett .","il y avoir aussi le NCo de le NCmod dans le NC ADJ de le NP , qui VIMP le NCo de NP ."
1357,1882_Verne_L-Ecole-des-Robinsons_A.txt,"C' était à lui qu' incombait cette tâche : il ne s' agissait , d' ailleurs , que de les deux chemises , de les deux mouchoirs et de les deux paires de chaussettes , qui composaient toute la garde-robe de les naufragés.Aussi , pendant cette opération , Godfrey et Tartelett étaient -ils uniquement vêtus de leur pantalon et de leur vareuse ; mais avec le soleil ardent de cette latitude , tout cela séchait vite.Ils allèrent ainsi , sans avoir à souffrir ni de la pluie ni de le vent , jusqu' à le 3 juillet.Déjà l' installation était à peu près acceptable , étant donné les conditions de dénuement dans lesquelles Godfrey et Tartelett avaient été jetés sur cette île.Cependant il ne fallait pas négliger les chances de le salut , qui ne pouvaient venir que de le dehors .","ce être à lui que VIMP ce NCo : il ne se VIMP , de ADVLIEU , que de le NUM NCs , de le NUM NC et de le NUM NC de NCmod , qui VIMP tout le NCs de le NP , PHASE ce NC , NP et NP être il ADV PPAS de lui NC et de lui NC ; mais avec le NC PRES de ce NC , tout cela VIMP NP aller ainsi , sans avoir à VSENT ni de le NC ni de le NC , jusque à le NUM NP le NCo être à peu ADVLIEU ADJ , être PPAS le NC de NCmod dans lequel NP et NP avoir être PPAS sur ce NP il ne VIMP pas INF le NCo de le NCmod , qui ne pouvoir venir que de le NC ."
1358,1882_Verne_L-Ecole-des-Robinsons_A.txt,"Aussi , chaque jour , Godfrey venait -il observer la mer dans toute l' étendue de ce secteur , qui se développait de l' est à le nord-ouest , au-delà de le promontoire .","aussi , chaque NCT , NP venir il INF le NCo dans tout le NC de ce NCmod , qui se VIMP de le NC à le NCmod , ADV de le NC ."
1359,1882_Verne_L-Ecole-des-Robinsons_A.txt,Cette partie de le Pacifique était toujours déserte .,ce NCs de le NP être ADVTEMPS ADJ .
1360,1882_Verne_L-Ecole-des-Robinsons_A.txt,"Pas un bâtiment , pas une barque de pêche , pas une fumée se détachant de l' horizon et indiquant , à le large , le passage de quelque steamer .","pas un NC , pas un NC de NCmod , pas un NC se PPRES de le NC et ADJ , à le NC , le NC de quelque NCmod ."
1361,1882_Verne_L-Ecole-des-Robinsons_A.txt,Il semblait que l' île Phina fût située en dehors de les itinéraires de le commerce et de les transports de voyageurs .,il sembler que le NCs NP être PPAS en NC de le NCmod de le NCmod et de le NC de NCmod .
1362,1882_Verne_L-Ecole-des-Robinsons_A.txt,"Il s' agissait donc d' attendre , patiemment , de se fier à le Tout-Puissant , qui n' abandonne jamais les faibles.Entre -temps , lorsque les nécessités immédiates de l' existence lui laissaient quelques loisirs , Godfrey , poussé surtout par Tartelett , revenait à cette importante et irritante question de le feu.Il tenta tout d' abord de remplacer l' amadou , qui lui faisait si malheureusement défaut , par une autre matière analogue .","il se VIMP donc de INF , ADVMAN , de se INF à le NP , qui ne PRES ADVTEMPS le NP temps , lorsque le NCs ADJ de le NCmod lui VIMP quelque NCo , NP , PPAS surtout par NP , VIMP à ce ADJ et ADJ NC de le NP VPS tout de NC de INF le NCo , qui lui faire si malheureusement NC , par un autre NC NC ."
1363,1882_Verne_L-Ecole-des-Robinsons_A.txt,"Or , il était possible que quelques variétés de champignons qui poussaient dans le creux de les vieux arbres , après avoir été soumis à un séchage prolongé , pussent se transformer en une substance combustible.Plusieurs de ces champignons furent donc cueillis et exposés à l' action directe de le soleil jusqu' à ce qu' ils fussent réduits en poussière .","or , il être ADJ que quelque NC de NCmod qui VIMP dans le NC de le ADJ NCmod , PHASE avoir être PPAS à un NC PPAS , pur se INF en un NC NP de ce NCmod être donc PPAS et PPAS à le NC ADJ de le NCmod jusque à ce que il VSUBP PPAS en NC ."
1364,1882_Verne_L-Ecole-des-Robinsons_A.txt,"Puis , de le dos de son couteau , changé en briquet , Godfrey fit jaillir d' un silex quelques étincelles qui tombèrent sur cette substance … Ce fut inutile .","puis , de le NCCOR de DETPOSS NCmod , PPAS en NC , NP faire INF de un NC quelque NC qui VPS sur ce NC … ce être ADJ ."
1365,1882_Verne_L-Ecole-des-Robinsons_A.txt,"La matière spongieuse ne prit pas feu.Godfrey eut alors la pensée d' utiliser cette fine poussière végétale , séchée depuis tant de siècles , qu' il avait trouvée sur le sol intérieur de Will-Tree.Il ne réussit pas davantage.À bout de ressources , il tenta encore de déterminer , à le moyen de le briquet , l' ignition d' une sorte d' éponge , qui croissait sous les roches.Il ne fut pas plus heureux .","le NCs ADJ ne VPS pas NP avoir alors le NCo de INF ce ADJ NCo ADJ , PPAS depuis tant de NCT , que il avoir PPAS sur le NC ADJ de NP ne PRES pas ADV NCo de NCmod , il VPS encore de INF , à le NC de le NCmod , le NCo de un sorte de NCmod , qui VIMP sous le NP ne être pas plus ADJ ."
1366,1882_Verne_L-Ecole-des-Robinsons_A.txt,"La particule d' acier , allumée à le choc de le silex , tombait sur la substance , mais s' éteignait aussitôt.Godfrey et Tartelett furent véritablement désespérés .","le NCs de NCmod , PPAS à le NCSENT de le NCmod , VIMP sur le NC , mais se VIMP NP et NP être ADVINT VSENT ."
1367,1882_Verne_L-Ecole-des-Robinsons_A.txt,Se passer de feu était impossible .,se INF de NC être ADJ .
1368,1882_Verne_L-Ecole-des-Robinsons_A.txt,"De ces fruits , de ces racines , de ces mollusques , ils commençaient à se fatiguer , et leur estomac ne tarderait pas à se montrer absolument réfractaire à ce genre de nourriture .","de ce NC , de ce NCmod , de ce NC , il VIMP à se VSENT , et lui NCCOR ne VCOND pas à se INF ADVINT ADJ à ce NC de NCmod ."
1369,1882_Verne_L-Ecole-des-Robinsons_A.txt,"Ils regardaient – le professeur surtout – ces moutons , ces agoutis , ces poules , qui allaient et venaient autour de Will-Tree .","il VCOG – le NCo surtout – ce NC , ce NC , ce NC , qui aller et venir ADV de NP ."
1370,1882_Verne_L-Ecole-des-Robinsons_A.txt,De les fringales les prenaient à cette vue .,de le NCs le VIMP à ce NC .
1371,1882_Verne_L-Ecole-des-Robinsons_A.txt,Ils dévoraient de les yeux ces chairs vivantes !,il VIMP de le NCCOR ce NCCOR ADJ !
1372,1882_Verne_L-Ecole-des-Robinsons_A.txt,Non !,non !
1373,1882_Verne_L-Ecole-des-Robinsons_A.txt,cela ne pouvait durer ainsi !,cela ne pouvoir INF ainsi !
1374,1882_Verne_L-Ecole-des-Robinsons_A.txt,"Mais une circonstance inattendue – disons providentielle , si vous le voulez bien – allait leur venir en aide.Dans la nuit de le 3 à le 4 juillet , le temps , qui tendait à se modifier depuis quelques jours , tourna à l' orage , après une accablante chaleur , que la brise de mer avait été impuissante à tempérer.Godfrey et Tartelett , vers une heure de le matin , furent réveillés par les éclats de la foudre , à le milieu d' un véritable feu d' artifice d' éclairs .","mais un NCs ADJ – VDIC ADJ , si vous le vouloir bien – aller lui venir en NP le NCT de le NUM à le NUM MOIS , le temps , qui VIMP à se INF depuis quelque NCT , VPS à le NC , PHASE un ADJ NC , que le NCs de NCmod avoir être ADJ à NP et NP , vers un NCT de le NCT , être PPAS par le NC de le NCmod , à le milieu de un véritable NCmod de NCmod de NCmod ."
1375,1882_Verne_L-Ecole-des-Robinsons_A.txt,"Il ne pleuvait pas encore , mais cela ne pouvait tarder .","il ne VIMP pas encore , mais cela ne pouvoir INF ."
1376,1882_Verne_L-Ecole-des-Robinsons_A.txt,"Ce seraient alors de véritables cataractes qui se précipiteraient de la zone nuageuse par suite de la rapide condensation de les vapeurs.Godfrey se leva et sortit , afin d' observer l' état de le ciel .","ce être alors de véritable NCs qui se VIMP de le NC ADJ par NC de le ADJ NCmod de le NP se VPS et VPS , ADV de INF le NCo de le NCmod ."
1377,1882_Verne_L-Ecole-des-Robinsons_A.txt,"Tout n' était qu' embrassement au-dessus de le dôme de les grands arbres , dont le feuillage apparaissait sur le ciel en feu , comme les fines découpures d' une ombre chinoise .","tout ne être que ADV ADVLIEU de le NC de le ADJ NCmod , dont le NCs VIMP sur le NC en NCmod , comme le NC ADJ de un NCmod ADJ ."
1378,1882_Verne_L-Ecole-des-Robinsons_A.txt,"Tout à coup , à le milieu de l' éclat général , un éclair plus ardent sillonna l' espace .","tout à NC , à le milieu de le NCmod ADJ , un NCs plus ADJ VPS le NCo ."
1379,1882_Verne_L-Ecole-des-Robinsons_A.txt,"Le coup de tonnerre partit aussitôt , et Will-Tree fut sillonné de haut en bas par le fluide électrique .","le NCs de NCmod VPS aussitôt , et NP être PPAS de NC en NC par le NC ADJ ."
1380,1882_Verne_L-Ecole-des-Robinsons_A.txt,"Godfrey , à demi renversé par un contre-choc , s' était relevé à le milieu d' une pluie de feu , qui tombait autour de lui , La foudre avait enflammé les branches sèches de la ramure supérieure .","NP , à ADJ PPAS par un NC , se être PPAS à le milieu de un NCmod de NCmod , qui VIMP ADV de lui , le NCs avoir VSENT le NCo ADJ de le NCmod ADJ ."
1381,1882_Verne_L-Ecole-des-Robinsons_A.txt,C' étaient autant de charbons incandescents qui crépitaient sur le sol .,ce être autant de NC ADJ qui VIMP sur le NC .
1382,1882_Verne_L-Ecole-des-Robinsons_A.txt,"Godfrey , d' un cri , avait appelé son compagnon .","NP , de un NCmod , avoir PPAS DETPOSS NCo ."
1383,1882_Verne_L-Ecole-des-Robinsons_A.txt,– De le feu !,– de le NC !
1384,1882_Verne_L-Ecole-des-Robinsons_A.txt,de le feu !– De le feu !,de le NCmod !– de le NC !
1385,1882_Verne_L-Ecole-des-Robinsons_A.txt,avait répondu Tartelett .,avoir VDIC NP .
1386,1882_Verne_L-Ecole-des-Robinsons_A.txt,Béni soit le Ciel qui nous l' envoie !,NP être le NC qui nous le PRES !
1387,1882_Verne_L-Ecole-des-Robinsons_A.txt,"Tous deux s' étaient aussitôt jetés sur ces brandons , dont les uns flambaient encore , dont les autres se consumaient sans flammes , Ils en ramassèrent en même temps qu' une certaine quantité de ce bois mort qui ne manquait pas à le pied de le séquoia , dont le tronc n' avait été que touché par la foudre .","tout NUM se être aussitôt PPAS sur ce NC , dont le un VIMP encore , dont le autre se VIMP sans NC , il en VPS en même temps que un ADJ NCmod de ce NCmod ADJ qui ne VIMP pas à le NCCOR de le NP , dont le NCspas ne avoir être que PPAS par le NC ."
1388,1882_Verne_L-Ecole-des-Robinsons_A.txt,"Puis ils rentrèrent dans leur sombre demeure , à le moment où la pluie , se déversant à flots , éteignait l' incendie , qui menaçait de dévorer la ramure supérieure de Will-Tree.XIIIVoil à un orage qui était venu à propos !","puis il VPS dans lui ADJ NC , à le NC où le NCs , se PPRES à NC , VIMP le NCo , qui VDIC de VSENT le NCo ADJ de NP à un NC qui être venir à NC !"
1389,1882_Verne_L-Ecole-des-Robinsons_A.txt,"Godfrey et Tartelett n' avaient pas eu , comme Prométhée , à s' aventurer dans les espaces pour aller y dérober le feu céleste !","NP et NP ne avoir pas avoir , comme NP , à se INF dans le NC pour aller y INF le NCo ADJ !"
1390,1882_Verne_L-Ecole-des-Robinsons_A.txt,"C' était bien le Ciel , en effet , comme l' avait dit Tartelett , qui avait été assez obligeant pour le leur envoyer par la voie d' un éclair .","ce être bien le NP , en NC , comme le avoir VDIC NP , qui avoir être ADV PPRES pour le lui INF par le NC de un NCmod ."
1391,1882_Verne_L-Ecole-des-Robinsons_A.txt,À eux maintenant le soin de le conserver !– Non !,à eux ADVT le NC de le NCmod !– non !
1392,1882_Verne_L-Ecole-des-Robinsons_A.txt,nous ne le laisserons pas s' éteindre !,nous ne le laisser pas se INF !
1393,1882_Verne_L-Ecole-des-Robinsons_A.txt,s' était écrié Godfrey .,se être VDIC NP .
1394,1882_Verne_L-Ecole-des-Robinsons_A.txt,– D' autant plus que le bois ne manquera pas pour l' alimenter !,– de autant plus que le NCs ne VF pas pour le INF !
1395,1882_Verne_L-Ecole-des-Robinsons_A.txt,"avait répondu Tartelett , dont la satisfaction se traduisait par de petits cris de joie .","avoir VDIC NP , dont le NCSENT se VIMP par un ADJ NC de NCSENT ."
1396,1882_Verne_L-Ecole-des-Robinsons_A.txt,– Oui !,– oui !
1397,1882_Verne_L-Ecole-des-Robinsons_A.txt,mais qui l' entretiendra ?– Moi !,mais qui le VF ?– soi !
1398,1882_Verne_L-Ecole-des-Robinsons_A.txt,"Je veillerai jour et nuit , s' il faut , riposta Tartelett , en brandissant un tison enflammé .","je VF NCT et NCT , si il PRES , VPS NP , en PPRES un NCo VSENT ."
1399,1882_Verne_L-Ecole-des-Robinsons_A.txt,"Et c' est bien ce qu' il fit jusqu' à le lever de le soleil.Le bois mort , on l' a dit , abondait sous l' énorme couvert de les séquoias .","et ce être bien ce que il faire jusque à le NC de le NP NC ADJ , on le avoir VDIC , VIMP sous le NC ADJ de le NCmod ."
1400,1882_Verne_L-Ecole-des-Robinsons_A.txt,"Aussi , dès l' aube , Godfrey et le professeur , après en avoir entassé un stock considérable , ne l' épargnèrent pas à le foyer allumé par la foudre .","aussi , dès le NC , NP et le NC , PHASE en avoir PPAS un NCo ADJ , ne le VPS pas à le NC PPAS par le NC ."
1401,1882_Verne_L-Ecole-des-Robinsons_A.txt,"Dressé à le pied de l' un de les arbres , dans un étroit entre-deux de racines , ce foyer flambait avec un pétillement clair et joyeux .","PPAS à le NCCOR de le un de le NCmod , dans un ADJ NC de NCmod , ce NCs VIMP avec un NC ADJ et ADJ ."
1402,1882_Verne_L-Ecole-des-Robinsons_A.txt,"Tartelett , s' époumonant , dépensait toute son haleine à souffler dessus , bien que ce fût parfaitement inutile .","NP , se PPRES , VIMP tout DETPOSS NCo à VSENT ADV , bien que ce être ADVINT ADJ ."
1403,1882_Verne_L-Ecole-des-Robinsons_A.txt,"Dans cette attitude , il prenait les poses les plus caractéristiques , en suivant la fumée grisâtre , dont les volutes se perdaient dans le haut feuillage.Mais ce n' était pas pour l' admirer qu' on l' avait tant demandé , cet indispensable feu , ni pour se chauffer non plus .","dans ce NC , il VIMP le NCo le plus ADJ , en PPRES le NCo ADJ , dont le NCs se VIMP dans le NC feuillage.mais ce ne être pas pour le VSENT que on le avoir tant PPAS , ce ADJ NC , ni pour se INF non plus ."
1404,1882_Verne_L-Ecole-des-Robinsons_A.txt,On le destinait à un usage plus intéressant .,on le VIMP à un NC plus ADJ .
1405,1882_Verne_L-Ecole-des-Robinsons_A.txt,"Il s' agissait d' en finir avec ces maigres repas de coquillages crus et de racines de yamph , dont une eau bouillante ou une simple cuisson sous la cendre n' avaient jamais développé les éléments nutritifs .","il se VIMP de en VASP avec ce NC NCmod de NCmod ADJ et de NC de NCmod , dont un NC ADJ ou un ADJ NC sous le NCmod ne avoir ADVTEMPS PPAS le NCo ADJ ."
1406,1882_Verne_L-Ecole-des-Robinsons_A.txt,Ce fut à cette besogne que Godfrey et Tartelett s' employèrent pendant une partie de la matinée .,ce être à ce NCs que NP et NP se VPS PHASE un NC de le NCmod .
1407,1882_Verne_L-Ecole-des-Robinsons_A.txt,– Nous mangerons bien un ou deux poulets !,– nous VF bien un ou NUM NC !
1408,1882_Verne_L-Ecole-des-Robinsons_A.txt,"s' écria Tartelett , dont la mâchoire claquait d' avance .","se VPS NP , dont le NCCOR VIMP de NC ."
1409,1882_Verne_L-Ecole-des-Robinsons_A.txt,"On pourrait y joindre un jambon d' agouti , un gigot de mouton , un quartier de chèvre , quelques pièces de ce gibier qui court la prairie , sans compter deux ou trois poissons d' eau douce , accompagnés de quelques poissons de mer ?– Pas si vite , répondit Godfrey , que l' exposé de ce peu modeste menu avait mis en belle humeur .","on pouvoir y INF un NCo de NCmod , un NC de NCmod , un NC de NCmod , quelque NC de ce NCmod qui PRES le NCo , sans INF NUM ou NUM NCo de NCmod ADJ , PPAS de quelque NC de NCmod ?– pas si ADV , VDIC NP , que le NCs de ce peu ADJ NCmod avoir mettre en ADJ NC ."
1410,1882_Verne_L-Ecole-des-Robinsons_A.txt,Il ne faut pas risquer une indigestion pour se rattraper d' un jeûne !,il ne PRES pas INF un NCo pour se INF de un NC !
1411,1882_Verne_L-Ecole-des-Robinsons_A.txt,"Ménageons nos réserves , Tartelett !","IMP DETPOSS NCo , NP !"
1412,1882_Verne_L-Ecole-des-Robinsons_A.txt,"Va pour deux poulets – chacun le nôtre – , et si le pain nous manque , j' espère bien que nos racines de camas , convenablement préparées , le remplaceront sans trop de désavantage !","NP pour NUM NCmod – chacun le nôtre – , et si le NCs nous PRES , je VCOG bien que DETPOSS NCs de NCmod , ADV PPAS , le VF sans trop de NC !"
1413,1882_Verne_L-Ecole-des-Robinsons_A.txt,"Cela coûta la vie à deux innocents volatiles , qui , plumés , parés , apprêtés par le professeur , puis enfilés dans une baguette , rôtirent bientôt devant une flamme pétillante.Pendant ce temps , Godfrey s' occupait de mettre les racines de camas en état de figurer à le premier déjeuner sérieux qui allait être fait dans l' île Phina .","cela VPS le NCo à NUM NC ADJ , qui , PPAS , PPAS , PPAS par le NC , puis PPAS dans un NC , VPS bientôt ADVLIEU un NC PPRES ce temps , NP se VIMP de mettre le NCo de NCmod en NC de INF à le ADJ NC ADJ qui aller être faire dans le NC NP ."
1414,1882_Verne_L-Ecole-des-Robinsons_A.txt,"Afin de les rendre comestibles , il n' y avait qu' à suivre la méthode indienne , que de les Américains devaient connaître , pour l' avoir vu plus d' une fois employer dans les prairies de l' Ouest-Amérique.Voici comment Godfrey procéda :Une certaine quantité de pierres plates , ramassées sur la grève , furent mises dans le brasier , de manière à s' imprégner d' une chaleur intense .","ADV de le INF ADJ , il ne y avoir que à INF le NCo ADJ , que de le NCs devoir INF , pour le avoir VCOG plus de une fois INF dans le NC de le NP comment NP VPS NUM ADJ NCo de NCmod ADJ , PPAS sur le NC , être mettre dans le NC , de NC à se INF de un NC ADJ ."
1415,1882_Verne_L-Ecole-des-Robinsons_A.txt,"Peut-être Tartelett trouva -t -il qu' il était dommage d' employer un si bon feu « à cuire de les pierres » , mais comme cela ne gênait en aucune façon la préparation de ses poulets , il ne s' en plaignit pas autrement.Pendant que les pierres s' échauffaient ainsi , Godfrey choisit un endroit de le sol , dont il arracha l' herbe sur l' espace d' un yard carré environ ; puis , ses mains armées de larges coquilles , il enleva la terre jusqu' à une profondeur de dix pouces .","peut-être NP VPS t il que il être ADJ de INF un si ADJ ADJ "" à NC de le NCmod "" , mais comme cela ne VSENT en aucun façon le NCo de DETPOSS NCmod , il ne se en VPS pas ADV que le NCs se VIMP ainsi , NP PRES un NCo de le NCmod , dont il VPS le NCo sur le NCmod de un NCmod ADJ environ ; puis , DETPOSS NCCOR PPAS de ADJ NC , il VPS le NCo jusque à un NC de NUM NCCOR ."
1416,1882_Verne_L-Ecole-des-Robinsons_A.txt,"Cela fait , il disposa à le fond de ce trou un foyer de bois sec qu' il alluma , de manière à communiquer à la terre , tassée à le fond de le trou , une chaleur assez considérable.Lorsque tout ce bois eut été consumé , après enlèvement de les cendres , les racines de camas , préalablement nettoyées et grattées , furent étendues dans le trou ; une mince couche de gazon les recouvrit , et les pierres brûlantes , placées pardessus , servirent de base à un nouveau foyer , qui fut allumé à leur surface.En somme , c' était une sorte de four qui avait été préparé de la sorte , et , après un temps assez court – une demi-heure à le plus – , l' opération dut être considérée comme finie.En effet , sous la double couche de pierres et de gazon qui fut enlevée , on retrouva les racines de camas modifiées par cette violente torréfaction .","cela faire , il VPS à le NC de ce NCmod un NCo de NCmod ADJ que il VPS , de NC à INF à le NC , PPAS à le NC de le NCmod , un NC ADV considérable.Lorsque tout ce NCspas avoir être PPAS , PHASE NC de le NCmod , le NCspas de NCmod , ADVTEMPS ADJ et ADJ , être PPAS dans le NC ; un NCs ADJ de NCmod le VPS , et le NC ADJ , PPAS ADV , VPS de NC à un ADJ NC , qui être PPAS à lui NC NCmod , ce être un sorte de NCmod qui avoir être PPAS de le sorte , et , PHASE un temps ADV ADJ – un NCs à le plus – , le NCmod devoir être PPAS comme NP NCmod , sous le ADJ NCmod de NCmod et de NC qui être PPAS , on VPS le NCo de NCmod PPAS par ce ADJ NC ."
1417,1882_Verne_L-Ecole-des-Robinsons_A.txt,"En les écrasant , on eût pu obtenir une farine très propre à faire une sorte de pain ; mais , en les laissant à leur état naturel , c' était comme si l' on mangeait de les pommes de terre de qualité très nourrissante.Ce fut ainsi que ces racines furent servies , cette fois , et nous laissons à penser quel déjeuner firent les deux amis avec ces jeunes poulets qu' ils dévorèrent jusqu' à les os , et ces excellents camas qu' ils n' avaient pas besoin de ménager .","en le PPRES , on avoir pouvoir INF un NCo très ADJ à faire un sorte de NCmod ; mais , en le laisser à lui NC ADJ , ce être comme si l' on VIMP de le NC de NCmod de NCmod très ADJ être ainsi que ce NCspas être PPAS , ce fois , et nous laisser à VCOG quel NCo faire le NUM NCo avec ce ADJ NC que il VSENT jusque à le NC , et ce ADJ NC que il ne avoir pas NC de INF ."
1418,1882_Verne_L-Ecole-des-Robinsons_A.txt,"Le champ n' était pas loin , où ils poussaient en abondance .","le NCs ne être pas ADVLIEU , où il VIMP en NC ."
1419,1882_Verne_L-Ecole-des-Robinsons_A.txt,"Il n' y avait qu' à se baisser pour les récolter par centaines.Ce repas achevé , Godfrey s' occupa de préparer une certaine quantité de cette farine , qui se conserve presque indéfiniment et peut être transformée en pain pour les besoins de chaque jour.Cette journée se passa dans ces diverses occupations .","il ne y avoir que à se INF pour le INF par NP NC VASP , NP se VPS de INF un ADJ NCo de ce NCmod , qui se PRES presque ADV et pouvoir être PPAS en NC pour le NCmod de chaque NCmod PPAS se VPS dans ce ADJ NC ."
1420,1882_Verne_L-Ecole-des-Robinsons_A.txt,Le foyer fut toujours alimenté avec le plus grand soin .,le NCspas être ADVTEMPS PPAS avec le plus ADJ NC .
1421,1882_Verne_L-Ecole-des-Robinsons_A.txt,"On le chargea plus particulièrement de combustible pour la nuit – ce qui n' empêcha pas Tartelett de se relever à plusieurs reprises , afin d' en rapprocher les charbons et de provoquer une combustion plus active .","on le VPS plus ADVINT de NC pour le NCT – ce qui ne VPS pas NP de se INF à plusieurs NC , ADV de en INF le NCo et de INF un NCo plus ADJ ."
1422,1882_Verne_L-Ecole-des-Robinsons_A.txt,"Puis , il venait se recoucher ; mais , comme il rêvait que le feu s' éteignait , il se relevait aussitôt , et il recommença ainsi ce manège jusqu' à le point de le jour.La nuit s' écoula sans aucun incident .","puis , il venir se INF ; mais , comme il VIMP que le NCs se VIMP , il se VIMP aussitôt , et il VPS ainsi ce NCo jusque à le NC de le NP NCT se VPS sans aucun NC ."
1423,1882_Verne_L-Ecole-des-Robinsons_A.txt,"Les pétillements de le foyer , joints à le chant de le coq , réveillèrent Godfrey et son compagnon , qui avait fini par s' endormir.Tout d' abord , Godfrey fut surpris de sentir une sorte de courant d' air , qui venait d' en haut , à l' intérieur de Will-Tree .","le NCs de le NCmod , NC à le NCmod de le NCmod , VPS NP et DETPOSS NC , qui avoir VASP par se PPRES de NC , NP être PPAS de sentir un sorte de NCmod de NCMAN , qui venir de en NC , à le NC de NP ."
1424,1882_Verne_L-Ecole-des-Robinsons_A.txt,"Il fut donc conduit à penser que le séquoia était creux jusqu' à l' écartement de les basses branches , que là s' ouvrait un orifice qu' il conviendrait de boucher , si l' on voulait être clos et couvert.« Cependant , voilà qui est singulier !","il être donc PPAS à VCOG que le NCs être ADJ jusque à le NC de le ADJ NCmod , que ADVLIEU se VCOND un NCo que il VCOND de NC , si l' on vouloir être PPAS et couvert.« cependant , voilà qui être ADJ !"
1425,1882_Verne_L-Ecole-des-Robinsons_A.txt,se dit Godfrey .,se VDIC NP .
1426,1882_Verne_L-Ecole-des-Robinsons_A.txt,"Comment , pendant les nuits précédentes , n' ai -je pas senti ce courant d' air ?","comment , PHASE le NCT ADJ , ne avoir je pas sentir ce NCo de NCMAN ?"
1427,1882_Verne_L-Ecole-des-Robinsons_A.txt,Est -ce que ce serait le coup de foudre ?,être ce que ce être le NC de INF ?
1428,1882_Verne_L-Ecole-des-Robinsons_A.txt,"… » Et pour répondre à ces questions , l' idée lui vint d' examiner extérieurement le tronc de le séquoia.Examen fait , Godfrey eut bientôt compris ce qui s' était passé pendant l' orage.La trace de la foudre était visible sur l' arbre , qui avait été largement écorcé par le passage de le fluide , depuis la fourche jusqu' à les racines .","… "" et pour VDIC à ce NC , le NCs lui venir de INF ADV le NCo de le NP faire , NP avoir bientôt VCOG ce qui se être PPAS PHASE le NP NCmod de le NCmod être ADJ sur le NC , qui avoir être ADVINT PPAS par le NC de le NCmod , depuis le NC jusque à le NCmod ."
1429,1882_Verne_L-Ecole-des-Robinsons_A.txt,"Si l' étincelle électrique se fût introduite à l' intérieur de le séquoia à le lieu d' en suivre le contour extérieur , Godfrey et son compagnon auraient pu être foudroyés .","si le NCs ADJ se être PPAS à le NC de le NCmod à le NC de en INF le NCo ADJ , NP et DETPOSS NC avoir pouvoir être PPAS ."
1430,1882_Verne_L-Ecole-des-Robinsons_A.txt,"Sans s' en douter , ils avaient couru là un danger véritable .","sans se en INF , il avoir PPAS ADVLIEU un NCo véritable ."
1431,1882_Verne_L-Ecole-des-Robinsons_A.txt,"– On recommande , dit Godfrey , de ne point se réfugier sous les arbres pendant les orages !","– on PRES , VDIC NP , de ne ADV se INF sous le NC PHASE le NC !"
1432,1882_Verne_L-Ecole-des-Robinsons_A.txt,C' est très bien pour ceux qui peuvent faire autrement !,ce être très bien pour celui qui pouvoir faire ADVINT !
1433,1882_Verne_L-Ecole-des-Robinsons_A.txt,"Mais le moyen , pour nous , d' éviter ce danger , puisque nous demeurons dans un arbre !","mais le NC , pour nous , de INF ce NCo , puisque nous PRES dans un NC !"
1434,1882_Verne_L-Ecole-des-Robinsons_A.txt,"Enfin nous verrons !Puis , regardant le séquoia à le point où commençait la longue traînée de le fluide : « Il est évident , se dit -il , que là où la foudre l' a frappé , elle l' aura violemment disjoint à le sommet de le tronc .","PHASE nous VCOG ADV , VCOG le NCo à le NC où VASP le ADJ NCs de le NCmod : "" il être ADJ , se VDIC il , que ADVLIEU où le NCs le avoir frapper , il le avoir ADVMAN PPAS à le NC de le NCmod ."
1435,1882_Verne_L-Ecole-des-Robinsons_A.txt,"Mais alors puisque l' air pénètre à l' intérieur par cet orifice , c' est que l' arbre est creusé sur toute sa hauteur et ne vit plus que par son écorce ?","mais alors puisque le NCMAN PRES à le NC par ce NCmod , ce être que le NCspas être PPAS sur tout DETPOSS NC et ne PRES plus que par DETPOSS NC ?"
1436,1882_Verne_L-Ecole-des-Robinsons_A.txt,Voilà une disposition dont il convient de se rendre compte !,voilà un NCo dont il PRES de se INF NCo !
1437,1882_Verne_L-Ecole-des-Robinsons_A.txt,"» Et Godfrey se mit à chercher quelque branche résineuse , dont il pût faire une torche.Un bouquet de pins lui fournit la torche dont il avait besoin ; la résine exsudait de cette branche , qui , une fois enflammée , donna une très brillante lumière.Godfrey rentra alors dans la cavité qui lui servait de demeure .",""" et NP se mettre à INF quelque NCo ADJ , dont il VSUBI faire un NP NC de NCmod lui PRES le NCo dont il avoir NCo ; le NCs VIMP de ce NC , qui , un fois VSENT , VPS un très ADJ NP VPS alors dans le NC qui lui VIMP de NC ."
1438,1882_Verne_L-Ecole-des-Robinsons_A.txt,"À l' ombre succéda immédiatement la clarté , et il fut facile de reconnaître quelle était la disposition intérieure de Will-Tree.Une sorte de voûte , irrégulièrement découpée , plafonnait à une quinzaine de pieds au-dessus de le sol .","à le NC VPS ADVTEMPS le NCo , et il être ADJ de VCOG quel être le NC ADJ de NUM sorte de NCmod , ADVTEMPS PPAS , VIMP à une NC de NCCOR ADVLIEU de le NC ."
1439,1882_Verne_L-Ecole-des-Robinsons_A.txt,"En élevant sa torche , Godfrey aperçut très distinctement l' ouverture d' un étroit boyau , dont le développement se perdait dans l' ombre .","en PPRES DETPOSS NCo , NP VPS très ADV le NCo de un ADJ NCmod , dont le NCs se VIMP dans le NC ."
1440,1882_Verne_L-Ecole-des-Robinsons_A.txt,Évidemment l' arbre était évidé sur toute sa longueur ; mais peut-être restait -il de les portions de l' aubier encore intactes .,ADV le NCspas être PPAS sur tout DETPOSS NC ; mais peut-être VIMP il de le NC de le NCmod encore ADJ .
1441,1882_Verne_L-Ecole-des-Robinsons_A.txt,"Dans ce cas , en s' aidant de ces saillies , il serait , sinon facile de le moins possible , de s' élever jusqu' à la fourche.Godfrey , qui songeait à l' avenir , résolut de savoir sans plus tarder à quoi s' en tenir à cet égard. Il avait un double but : d' abord boucher hermétiquement cet orifice par lequel le vent ou la pluie pouvaient s' engouffrer – ce qui aurait rendu Will-Tree presque inhabitable ; puis , aussi , s' assurer si , devant un danger , attaque d' animaux ou d' indigè­nes , les branches supérieures de le séquoia n' offriraient pas un refuge convenable.On pouvait essayer , en tout cas .","dans ce NC , en se PPRES de ce NC , il être , ADV ADJ de le moins ADJ , de se INF jusque à le NP , qui VIMP à le NC , VPS de VCOG sans plus INF à quoi se en INF à ce NC il avoir un ADJ NC : de NC NC ADV ce NCmod par lequel le NCs ou le NC pouvoir se INF – ce qui avoir PPAS NP presque ADJ ; puis , aussi , se INF si , devoir un NC , NCs de NCmod ou de NC , le NC ADJ de le NCmod ne VIMP pas un NCo NP pouvoir INF , en tout NC ."
1442,1882_Verne_L-Ecole-des-Robinsons_A.txt,"S' il se rencontrait quelque insurmontable obstacle dans l' étroit boyau , eh bien , Godfrey en serait quitte pour redescendre.Apr ès avoir planté sa torche dans l' interstice de deux grosses racines à fleur de sol , le voilà donc qui commence à s' élever sur les premières saillies intérieures de l' écorce .","si il se VCOND quelque ADJ NCo dans le ADJ NC , INTJ bien , NP en être ADJ pour INF ès avoir PPAS DETPOSS NCo dans le NC de NUM ADJ NCmod à NC de NCmod , le voilà donc qui VASP à se INF sur le ADJ NC ADJ de le NCmod ."
1443,1882_Verne_L-Ecole-des-Robinsons_A.txt,"Il était leste , vigoureux , adroit , habitué à la gymnastique comme tous les jeunes Américains .","il être ADJ , ADJ , NC , PPAS à le NC comme tout le ADJ NCmod ."
1444,1882_Verne_L-Ecole-des-Robinsons_A.txt,Ce ne fut qu' un jeu pour lui .,ce ne être que un NC pour lui .
1445,1882_Verne_L-Ecole-des-Robinsons_A.txt,"Bientôt il eut atteint , dans ce tube inégal , une partie plus étroite par laquelle , en s' arc-boutant de le dos et de les genoux , il pouvait grimper à la façon d' un ramoneur .","bientôt il avoir PPAS , dans ce NC ADJ , un NCo plus ADJ par lequel , en se PPRES de le NCCOR et de le NCCOR , il pouvoir INF à le façon de un NCmod ."
1446,1882_Verne_L-Ecole-des-Robinsons_A.txt,"Toute sa crainte était qu' un défaut de largeur ne vînt l' arrêter dans son ascension.Cependant il continuait à monter , et , quand il rencontrait une saillie , il s' y reposait , afin de reprendre haleine.Trois minutes après avoir quitté le sol , si Godfrey n' était pas arrivé à soixante pieds de hauteur , il ne devait pas en être loin , et par conséquent , il n' avait plus qu' une vingtaine de pieds à franchir.En effet , il sentait déjà un air plus vif lui souffler à le visage , il le humait avidement , car il ne faisait pas précisément très frais à l' intérieur de le séquoia.Après s' être reposé pendant une minute , après avoir secoué la fine poussière arrachée à les parois , Godfrey continua à s' élever dans le boyau qui se rétrécissait peu à peu.Mais , en ce moment , son attention fut attirée par un certain bruit qui lui parut très justement suspect .","tout DETPOSS NCSENT être que un NCs de NCmod ne PRES le INF dans DETPOSS NC il VIMP à INF , et , quand il VIMP un NCo , il se y VIMP , ADV de INF NUM NCT PHASE avoir PPAS le NCo , si NP ne être pas PPAS à NUM NCCOR de NCmod , il ne devoir pas en être ADVLIEU , et par NC , il ne avoir plus que NUM NC de NCCOR à NP NCmod , il sentir déjà un NCMAN plus ADJ lui VSENT à le NCCOR , il le VIMP ADVMAN , car il ne faire pas ADVMAN très ADJ à le NC de le NP se être PPAS PHASE un NCT , PHASE avoir PPAS le NCo ADJ PPAS à le NC , NP VPS à se INF dans le NC qui se VIMP peu à NP , en ce NC , DETPOSS NCspas être VSENT par un ADJ NC qui lui paraître très ADVMAN ADJ ."
1447,1882_Verne_L-Ecole-des-Robinsons_A.txt,On eût dit qu' un grattement se produisait à l' intérieur de l' arbre .,on avoir VDIC que un NCs se VIMP à le NC de le NCmod .
1448,1882_Verne_L-Ecole-des-Robinsons_A.txt,"Presque aussitôt , une sorte de sifflement se fit entendre.Godfrey s' arrêta.« Qu' est cela ?","presque aussitôt , un sorte de NCmod se faire NP se arrêta.« que être cela ?"
1449,1882_Verne_L-Ecole-des-Robinsons_A.txt,se demanda -t -il .,se VPS t il .
1450,1882_Verne_L-Ecole-des-Robinsons_A.txt,Quelque animal qui se sera réfugié dans ce séquoia ?,quelque NC qui se être PPAS dans ce NC ?
1451,1882_Verne_L-Ecole-des-Robinsons_A.txt,Si c' était un serpent ?,si ce être un NC ?
1452,1882_Verne_L-Ecole-des-Robinsons_A.txt,… Non !,… non !
1453,1882_Verne_L-Ecole-des-Robinsons_A.txt,… Nous n' en avons point encore aperçu dans l' île !,… nous ne en avoir ADV encore PPAS dans le NC !
1454,1882_Verne_L-Ecole-des-Robinsons_A.txt,… Ce doit être plutôt quelque oiseau qui cherche à s' enfuir !,… ce devoir être plutôt quelque NC qui PRES à se INF !
1455,1882_Verne_L-Ecole-des-Robinsons_A.txt,"» Godfrey ne se trompait pas , et , comme il continuait à monter , une sorte de croassement plus accentué , suivi d' un vif battement d' ailes , lui indiqua qu' il ne s' agissait là que d' un volatile , niché dans l' arbre , et dont il troublait le repos , sans doute .",""" NP ne se VIMP pas , et , comme il VIMP à INF , un sorte de NCmod plus PPAS , PPAS de un ADJ NC de NCmod , lui VPS que il ne se VIMP ADVLIEU que de un NC , PPAS dans le NC , et dont il VIMP le NCo , sans NCSENT ."
1456,1882_Verne_L-Ecole-des-Robinsons_A.txt,Plusieurs « frrr !,"plusieurs "" NC !"
1457,1882_Verne_L-Ecole-des-Robinsons_A.txt,frrr !,NCmod !
1458,1882_Verne_L-Ecole-des-Robinsons_A.txt,"» qu' il poussa de toute la vigueur de ses poumons , eurent bientôt déterminé l' intrus à déguerpir .",""" que il VPS de tout le NCSENT de DETPOSS NCCOR , avoir bientôt PPAS le NCo à INF ."
1459,1882_Verne_L-Ecole-des-Robinsons_A.txt,"C' était , en effet , une espèce de choucas de grande taille , qui ne tarda pas à s' échapper par l' orifice et disparut précipitam­ment dans la haute cime de Will-Tree.Quelques instants après , la tête de Godfrey passait par le même orifice , et bientôt il se trouvait installé fort à son aise , sur la fourche de l' arbre , à la naissance de ces basses branches que quatre-vingts pieds de hauteur séparaient de le sol .","ce être , en NC , un espèce de NCmod de ADJ NCmod , qui ne VPS pas à se INF par le NC et VPS ADV dans le ADJ NC de NP PPRES PHASE , le NCCOR de NP VIMP par le même NC , et bientôt il se VIMP PPAS fort à DETPOSS NC , sur le NC de le NCmod , à le NC de ce ADJ NCmod que ADJ NCCOR de NCmod VIMP de le NC ."
1460,1882_Verne_L-Ecole-des-Robinsons_A.txt,"Là , ainsi qu' il a été dit , l' énorme tronc de le séquoia supportait toute une forêt .","ADVLIEU , ainsi que il avoir être VDIC , le ADJ NCs de le NCmod VIMP tout un NCo ."
1461,1882_Verne_L-Ecole-des-Robinsons_A.txt,"Le capricieux enchevêtrement de la ramure secondaire présentait l' aspect de ces futaies très serrées de bois , qu' aucune percée n' a rendues praticables.Cependant Godfrey parvint , non sans quelque peine , à se glisser d' une branche à l' autre , de manière à atteindre peu à peu le dernier étage de cette phénoménale végétation.Nombre d' oiseaux s' envolaient à son approche en poussant de les cris , et ils allaient se réfugier sur les arbres voisins de le groupe que Will-Tree dominait de toute sa tête.Godfrey continua de grimper ainsi tant qu' il le put , et ne s' arrêta qu' à le moment où les extrêmes branches supérieures commencèrent à fléchir sous son poids.Un large horizon d' eau entourait l' île Phina , qui se déroulait à ses pieds comme une carte en relief.Ses yeux parcoururent avidement cette portion de mer .","le ADJ NCs de le NCmod ADJ VIMP le NCo de ce NCmod très ADJ de NCmod , que aucun PPAS ne avoir PPAS NP NP VPS , non sans quelque NCSENT , à se INF de un NC à le autre , de NC à INF peu à peu le ADJ NCo de ce ADJ NCmod de NCmod se VIMP à DETPOSS NC en PPRES de le NC , et il aller se INF sur le NC ADJ de le NCmod que NP VIMP de tout DETPOSS NP VPS de INF ainsi tant que il le pouvoir , et ne se VPS que à le NC où le ADJ NCs ADJ VASP à VSENT sous DETPOSS NC ADJ NC de NCmod VIMP le NCo NP , qui se VIMP à DETPOSS NCCOR comme un NC en NP NCCOR PRES ADVMAN ce NCo de NCmod ."
1462,1882_Verne_L-Ecole-des-Robinsons_A.txt,Elle était toujours déserte .,il être ADVTEMPS ADJ .
1463,1882_Verne_L-Ecole-des-Robinsons_A.txt,"Il fallait bien en conclure , une fois de plus , que l' île se trouvait hors de les routes commerciales de le Pacifique.Godfrey étouffa un gros soupir ; puis , ses regards s' abaissèrent vers cet étroit domaine , sur lequel la destinée le condamnait à vivre , longtemps sans doute , toujours peut-être !","il VIMP bien en NC , un fois de plus , que le NCs se VIMP ADV de le NC ADJ de le NP VPS un ADJ NCo ; puis , DETPOSS NCMAN se VPS vers ce ADJ NC , sur lequel le NCs le VIMP à INF , longtemps sans NCSENT , ADVTEMPS peut-être !"
1464,1882_Verne_L-Ecole-des-Robinsons_A.txt,"Mais quelle fut sa surprise lorsqu' il revit , dans le nord cette fois , une fumée semblable à celle qu' il avait déjà cru apercevoir dans le sud .","mais quel être DETPOSS NCSENT lorsque il VPS , dans le NC ce fois , un NCo ADJ à celui que il avoir déjà PPAS INF dans le NC ."
1465,1882_Verne_L-Ecole-des-Robinsons_A.txt,"Il regarda donc avec la plus extrême attention.Une vapeur très déliée , d' un bleu plus foncé à sa pointe , montait droit dans l' air calme et pur .","il VCOG donc avec le plus ADJ NUM NC très PPAS , de un ADJCOL plus ADJ à DETPOSS NCmod , VIMP NCo dans le NCMAN NCSENT et ADJ ."
1466,1882_Verne_L-Ecole-des-Robinsons_A.txt,– Non !,– non !
1467,1882_Verne_L-Ecole-des-Robinsons_A.txt,je ne me trompe pas !,je ne me PRES pas !
1468,1882_Verne_L-Ecole-des-Robinsons_A.txt,s' écria Godfrey .,se VPS NP .
1469,1882_Verne_L-Ecole-des-Robinsons_A.txt,"Il y a là une fumée , et , par conséquent , un feu qui la produit !… et ce feu ne peut avoir été allumé que par … Par qui ?","il y avoir ADVLIEU un NCo , et , par NC , un NC qui le PRES !… et ce NCs ne pouvoir avoir être PPAS que par … par qui ?"
1470,1882_Verne_L-Ecole-des-Robinsons_A.txt,"…Godfrey prit alors avec une extrême précision le relèvement de l' endroit en question.La fumée s' élevait à le nord-est de l' île , à le milieu de les hautes roches qui bordaient le rivage .","NP VPS alors avec un ADJ NC le NCo de le NCmod en question.La NC se VIMP à le NC de le NCmod , à le milieu de le ADJ NCmod qui VIMP le NCo ."
1471,1882_Verne_L-Ecole-des-Robinsons_A.txt,Il n' y avait pas d' erreur possible .,il ne y avoir pas un NCo ADJ .
1472,1882_Verne_L-Ecole-des-Robinsons_A.txt,C' était à moins de cinq milles de Will-Tree .,ce être à moins de NUM NC de NP .
1473,1882_Verne_L-Ecole-des-Robinsons_A.txt,"En coupant droit sur le nord-est , à travers la prairie , puis , en suivant le littoral , on devait nécessairement arriver à les rochers qu' empanachait cette légère vapeur.Tout palpitant , Godfrey redescendit l' échafaudage de branches jusqu' à la fourche .","en NC ADJ sur le NCmod , à travers le NCmod , puis , en PPRES le NCo , on devoir ADVINT INF à le NC que VIMP ce ADJ NP PPRES , NP VPS le NCo de NCmod jusque à le NC ."
1474,1882_Verne_L-Ecole-des-Robinsons_A.txt,"Là , il s' arrêta un instant pour arracher un fouillis de mousse et , de feuilles ; puis , cela fait , il se glissa par l' orifice , qu' il boucha de le mieux qu' il put , et se laissa rapidement couler jusqu' à le sol.Un seul mot jeté à Tartelett pour lui dire de ne point s' inquiéter de son absence , et Godfrey s' élança dans la direction de le nord-est , de manière à gagner le littoral.Ce fut une course de deux heures , d' abord à travers la verdoyante prairie , à le milieu de bouquets d' arbres clairsemés ou de longues haies de genêts épineux , ensuite le long de la lisière de le littoral .","ADVLIEU , il se VPS un NCo pour INF un NCo de NCmod et , de NC ; puis , cela faire , il se VPS par le NC , que il VPS de le mieux que il pouvoir , et se laisser ADVMAN INF jusque à le NP ADJ NC PPAS à NP pour lui VDIC de ne ADV se VSENT de DETPOSS NC , et NP se VPS dans le NC de le NCmod , de NCmod à INF le NP être un NC de NUM NCT , de NC à travers le ADJ NCmod , à le milieu de NCmod de NCmod ADJ ou un ADJ NC de NCmod ADJ , PHASE le NCmod de le NCmod de le NCmod ."
1475,1882_Verne_L-Ecole-des-Robinsons_A.txt,"Enfin la dernière chaîne de roches fut atteinte.Mais cette fumée que Godfrey avait aperçue de le haut de l' arbre , en vain chercha -t -il à la revoir , lorsqu' il fut redescendu .","PHASE le ADJ NCspas de NCmod être VIMP ce NCo que NP avoir PPAS de le NC de le NCmod , en ADJ VPS t il à le VCOG , lorsque il être PPAS ."
1476,1882_Verne_L-Ecole-des-Robinsons_A.txt,"Toutefois , comme il avait relevé exactement la situation de l' endroit d' où elle s' échappait , il put y arriver sans erreur .","ADV , comme il avoir PPAS ADVINT le NCo de le NCmod de où il se VIMP , il pouvoir y INF sans NC ."
1477,1882_Verne_L-Ecole-des-Robinsons_A.txt,"Là , Godfrey commença ses recherches .","ADVLIEU , NP VASP DETPOSS NCo ."
1478,1882_Verne_L-Ecole-des-Robinsons_A.txt,Il explora avec soin toute cette partie de le littoral .,il VPS avec NC tout ce NCo de le NCmod .
1479,1882_Verne_L-Ecole-des-Robinsons_A.txt,Il appela…Personne ne répondit à son appel .,il PRES ne VDIC à DETPOSS NC .
1480,1882_Verne_L-Ecole-des-Robinsons_A.txt,Aucun être humain ne se montra sur cette grève .,aucun être ADJ ne se VPS sur ce NC .
1481,1882_Verne_L-Ecole-des-Robinsons_A.txt,"Pas un rocher ne lui offrit la trace ni d' un feu allumé récemment , ni d' un foyer maintenant éteint , qu' avaient pu alimenter les herbes marines et les algues sèches , déposées par le flot.« Il n' est cependant pas possible que je me sois trompé !","pas un NCs ne lui VPS le NCo ni de un NC PPAS ADV , ni de un NC ADVT PPAS , que avoir pouvoir INF le NCo ADJ et le NC ADJ , PPAS par le flot.« il ne être cependant pas ADJ que je me ADV PPAS !"
1482,1882_Verne_L-Ecole-des-Robinsons_A.txt,se répétait Godfrey .,se VIMP NP .
1483,1882_Verne_L-Ecole-des-Robinsons_A.txt,C' est bien une fumée que j' ai aperçue !,ce être bien un NC que je avoir PPAS !
1484,1882_Verne_L-Ecole-des-Robinsons_A.txt,… Et pourtant !,… et pourtant !
1485,1882_Verne_L-Ecole-des-Robinsons_A.txt,"… » Comme il n' était pas admissible que Godfrey eût été dupe d' une illusion , il en arriva à penser qu' il existait quelque source d' eau chaude , une sorte de geyser intermittent , dont il ne pouvait retrouver la place , qui avait dû projeter cette vapeur.En effet , rien ne prouvait qu' il y n' eût pas dans l' île plusieurs de ces puits naturels .","… "" comme il ne être pas ADJ que NP avoir être ADJ de un NC , il en VPS à VCOG que il VIMP quelque NCo de NCmod ADJ , un sorte de INF ADJ , dont il ne pouvoir INF le NCo , qui avoir devoir INF ce NP NCmod , rien ne VIMP que il y ne avoir pas dans le NC plusieurs de ce NCmod ADJ ."
1486,1882_Verne_L-Ecole-des-Robinsons_A.txt,"En ce cas , l' apparition d' une colonne de fumée se fût expliquée par ce simple phénomène géologique.Godfrey , quittant le littoral , revint donc vers Will-Tree , en observant un peu plus le pays à le retour qu' il ne l' avait fait à l' aller .","en ce NC , le NCs de un NCmod de NCmod se être VDIC par ce ADJ NC NP , PPRES le NCo , VPS donc vers NP , en PPRES un peu plus le NCo à le NC que il ne le avoir faire à le NC ."
1487,1882_Verne_L-Ecole-des-Robinsons_A.txt,"Quelques ruminants se montrèrent , entre autres de les wapitis , mais ils filaient avec une telle rapidité qu' il eût été impossible de les atteindre.Vers quatre heures , Godfrey était de retour .","quelque NCs se VPS , entre autre de le NCmod , mais il VIMP avec un tel NC que il avoir être ADJ de le NP NUM NCT , NP être de NC ."
1488,1882_Verne_L-Ecole-des-Robinsons_A.txt,"Cent pas avant d' arriver , il entendait l' aigre crin-crin de la pochette , et se retrouvait bientôt en face de le professeur Tartelett , qui , dans l' attitude d' une vestale , veillait religieusement sur le feu sacré confié à sa garde.XIVSouffrir ce qu' on ne peut empêcher est un principe de philosophie qui , s' il ne porte peut-être pas à l' accomplissement de les grandes choses , est , à coup sûr , éminemment pratique .","NUM pas PHASE de INF , il VCOG le NCo ADJ de le NCmod , et se VIMP bientôt en NC de le NC NP , qui , dans le NC de un NCmod , VIMP ADV sur le NC ADJ PPAS à DETPOSS NP ce que on ne pouvoir INF être un NCo de NCmod qui , si il ne PRES peut-être pas à le NC de le ADJ chose , être , à NC ADJ , ADVINT ADJ ."
1489,1882_Verne_L-Ecole-des-Robinsons_A.txt,Godfrey était donc bien résolu à lui subordonner désormais tous ses actes .,NP être donc bien PPAS à lui INF ADV tout DETPOSS NC .
1490,1882_Verne_L-Ecole-des-Robinsons_A.txt,"Puisqu' il fallait vivre dans cette île , le plus sage était d' y vivre le mieux possible , jusqu' à le moment où une occasion serait donnée de la quitter.On s' occupa , sans plus tarder , d' aménager quelque peu l' intérieur de Will-Tree .","puisque il VIMP INF dans ce NC , le plus ADJ être de y INF le mieux ADJ , jusque à le NC où un NCs être PPAS de le NP se VPS , sans plus INF , de INF quelque peu le NCo de NP ."
1491,1882_Verne_L-Ecole-des-Robinsons_A.txt,"La question de propreté , à défaut de confort , domina toutes les autres .","le NCs de NCmod , à NCmod de NCmod , VPS tout le autre ."
1492,1882_Verne_L-Ecole-des-Robinsons_A.txt,Les couchettes d' herbes furent souvent renouvelées .,le NCspas de NCmod être ADVTEMPS PPAS .
1493,1882_Verne_L-Ecole-des-Robinsons_A.txt,"Les ustensiles se réduisaient à de simples coquilles , il est vrai ; mais les assiettes ou les plats d' un office américain n' auraient pas offert plus de netteté .","le NCs se VIMP à un ADJ NC , il être vrai ; mais le NCs ou le NC de un NCmod ADJ ne avoir pas PPAS plus de NC ."
1494,1882_Verne_L-Ecole-des-Robinsons_A.txt,"Il faut le répéter à sa louange , le professeur Tartelett lavait admirable­ment la vaisselle .","il PRES le INF à DETPOSS NC , le NCs NP VIMP ADV le NCo ."
1495,1882_Verne_L-Ecole-des-Robinsons_A.txt,"Son couteau aidant , Godfrey , à le moyen d' un large morceau d' écorce aplanie et de quatre pieds fichés à le sol , parvint à établir une table à le milieu de la chambre .","DETPOSS NCs ADJ , NP , à le NCmod de un ADJ NCmod de NCmod PPAS et de NUM NCCOR PPAS à le NC , VPS à INF un NCo à le milieu de le NCmod ."
1496,1882_Verne_L-Ecole-des-Robinsons_A.txt,De les souches grossières servirent d' escabeaux .,de le NC ADJ VPS de NC .
1497,1882_Verne_L-Ecole-des-Robinsons_A.txt,"Les convives n' en furent plus réduits à manger sur leurs genoux , lorsque le temps ne permettait pas de dîner en plein air.Il y avait encore la question de vêtements , qui n' était pas sans préoccuper beaucoup .","le NCs ne en être plus PPAS à INF sur DETPOSS NCCOR , lorsque le temps ne permettre pas de INF en ADJ NC y avoir encore le NCo de NCmod , qui ne être pas sans VSENT beaucoup ."
1498,1882_Verne_L-Ecole-des-Robinsons_A.txt,On les ménageait donc le mieux possible .,on le VIMP donc le mieux ADJ .
1499,1882_Verne_L-Ecole-des-Robinsons_A.txt,"Par cette température et sous cette latitude , il n' y avait aucun inconvénient à être demi-nu .","par ce NC et sous ce NC , il ne y avoir aucun NCo à être PPAS ."
1500,1882_Verne_L-Ecole-des-Robinsons_A.txt,"Mais enfin , culotte , vareuse , chemise de laine finiraient par s' user .","mais PHASE , NCs , ADJ , NC de NCmod VASP par se INF ."
1501,1882_Verne_L-Ecole-des-Robinsons_A.txt,Comment pourrait -on les remplacer ?,comment pouvoir on le INF ?
1502,1882_Verne_L-Ecole-des-Robinsons_A.txt,"En viendrait -on à se vêtir de les peaux de ces moutons , de ces chèvres , qui , après avoir nourri le corps , serviraient encore à l' habiller ?","en venir on à se INF de le NCCOR de ce NCmod , de ce NCmod , qui , PHASE avoir PPAS le NCCOR , VIMP encore à le NC ?"
1503,1882_Verne_L-Ecole-des-Robinsons_A.txt,Il le faudrait sans doute .,il le VCOND sans NCSENT .
1504,1882_Verne_L-Ecole-des-Robinsons_A.txt,"En attendant , Godfrey fit laver fréquemment le peu de vêtements dont ils disposaient .","en PPRES , NP faire INF ADVTEMPS le peu de NCmod dont il VIMP ."
1505,1882_Verne_L-Ecole-des-Robinsons_A.txt,"Ce fut encore à Tartelett , transformé en lessiveuse , qu' incomba cette tâche .","ce être encore à NP , PPAS en NC , que VPS ce NCs ."
1506,1882_Verne_L-Ecole-des-Robinsons_A.txt,"Il s' en acquittait , d' ailleurs , à la satisfaction générale.Godfrey , lui , s' occupait plus spécialement de les travaux de ravitaillement et d' aménagement .","il se en VIMP , de ADVLIEU , à le NCSENT NP , lui , se VIMP plus ADVINT de le NC de NCmod et de NC ."
1507,1882_Verne_L-Ecole-des-Robinsons_A.txt,"Il était , en outre , le pourvoyeur de l' office .","il être , en ADV , le NC de le NCmod ."
1508,1882_Verne_L-Ecole-des-Robinsons_A.txt,"La récolte de les racines comestibles et de les fruits de manzanillas lui prenait , chaque jour , quelques heures ; de même , la pêche à le moyen de claies de joncs tressés , qu' il installait soit dans les eaux vives de le rio , soit dans les cavités de les roches de le littoral que le reflux laissait à sec .","le NCs de le NCmod ADJ et de le NC de NCmod lui VIMP , chaque NCT , quelque NCT ; de même , le NCo à le NCmod de NCmod de NCmod PPAS , que il VIMP ADV dans le NC ADJ de le NP , ADV dans le NC de le NCmod de le NCmod que le NCs laisser à NC ."
1509,1882_Verne_L-Ecole-des-Robinsons_A.txt,"Ces moyens étaient fort primitifs , sans doute , mais , de temps à autre , un beau crustacé ou quelque poisson succulent figurait sur la table de Will-Tree , sans parler de les mollusques , dont la récolte se faisait à la main et sans peine.Mais , nous l' avouerons – et on voudra bien admettre que de tous les ustensiles de cuisine , c' est le plus essentiel – , la marmite , la simple marmite de fonte ou de fer battu manquait .","ce NCs être fort ADJ , sans NCSENT , mais , de temps à autre , un ADJ NCs ou quelque NC ADJ VIMP sur le NC de NP , sans INF de le NC , dont le NCs se faire à le NCCOR et sans NP , nous le VF – et on VF bien INF que de tout le NC de NCmod , ce être le plus ADJ – , le NC , le ADJ NC de NCmod ou de NC battre VIMP ."
1510,1882_Verne_L-Ecole-des-Robinsons_A.txt,Son absence ne se faisait que trop sentir .,DETPOSS NCs ne se faire que trop sentir .
1511,1882_Verne_L-Ecole-des-Robinsons_A.txt,Godfrey ne savait qu' imaginer pour remplacer le vulgaire coquemar dont l' usage est universel .,NP ne VCOG que VCOG pour INF le ADJ NCo dont le NCs être ADJ .
1512,1882_Verne_L-Ecole-des-Robinsons_A.txt,"Pas de pot-au-feu , pas de viande ni de poisson bouillis , rien que de le rôti et de les grillades .","pas de NC , pas de NC ni de NC NCmod , rien que de le NCmod et de le NC ."
1513,1882_Verne_L-Ecole-des-Robinsons_A.txt,La soupe grasse n' apparaissait jamais à le début de les repas .,le NCs ADJ ne VIMP ADVTEMPS à le NC de le NCmod .
1514,1882_Verne_L-Ecole-des-Robinsons_A.txt,"Parfois , Tartelett s' en plaignait amèrement ; mais le moyen de satisfaire ce pauvre homme !","ADVTEMPS , NP se en VIMP ADVMAN ; mais le NC de VSENT ce ADJ NCo !"
1515,1882_Verne_L-Ecole-des-Robinsons_A.txt,"D' autres soins , d' ailleurs , avaient occupé Godfrey .","un autre NC , de ADVLIEU , avoir PPAS NP ."
1516,1882_Verne_L-Ecole-des-Robinsons_A.txt,"En visitant les différents arbres de le groupe , il avait trouvé un second séquoia , de grande taille , dont la partie inférieure , creusée par le temps , offrait aussi une assez large anfractuosité .","en PPRES le ADJ NCo de le NCmod , il avoir PPAS un ADJ NCo , de ADJ NCmod , dont le NCs ADJ , PPAS par le temps , VIMP aussi un ADV ADJ NCo ."
1517,1882_Verne_L-Ecole-des-Robinsons_A.txt,"Ce fut là qu' il établit un poulailler , dans lequel les volatiles eurent bientôt pris leur domicile .","ce être ADVLIEU que il PRES un NCo , dans lequel le NCs VPS bientôt PPAS lui NCo ."
1518,1882_Verne_L-Ecole-des-Robinsons_A.txt,"Le coq et les poules s' y habituèrent aisément , les œufs y éclosaient dans l' herbe sèche , les poussins commençaient à pulluler .","le NCs et le NC se y VPS ADV , le NCs y VIMP dans le NC ADJ , le NCs VIMP à INF ."
1519,1882_Verne_L-Ecole-des-Robinsons_A.txt,"On les renfermait chaque soir , afin de les mettre à l' abri de les oiseaux de proie , qui , de le haut de les branches , guettaient ces faciles victimes et auraient fini par détruire toutes les couvées.Quant à les agoutis , à les moutons , à les chèvres , jusqu' alors il avait paru inutile de leur chercher une bauge ou une étable .","on le VIMP chaque NCT , ADV de le mettre à le NC de le NCmod de NCmod , qui , de le NC de le NCmod , VIMP ce ADJ NCo et avoir VASP par INF tout le NP à le NC , à le NC , à le NC , jusque alors il avoir paraître ADJ de lui INF un NCo ou un NC ."
1520,1882_Verne_L-Ecole-des-Robinsons_A.txt,"Lorsque la mauvaise saison serait venue , on aviserait .","lorsque le ADJ NCspas être venir , on VCOND ."
1521,1882_Verne_L-Ecole-des-Robinsons_A.txt,"En attendant , ils prospéraient dans ce luxuriant pâturage de la prairie , ayant là en abondance une sorte de sainfoin et quantité de ces racines comestibles , dont les représentants de la race porcine faisaient le plus grand cas .","en PPRES , il VIMP dans ce ADJ NC de le NCmod , avoir ADVLIEU en NC un sorte de NCmod et NC de ce NCmod ADJ , dont le NCs de le NCmod ADJ faire le plus ADJ NCo ."
1522,1882_Verne_L-Ecole-des-Robinsons_A.txt,"Quelques chèvres avaient mis bas depuis l' arrivée dans l' île , mais on leur laissait presque tout leur lait , afin qu' elles pussent pourvoir à la nourriture de les petits.De tout cela , il résultait que Will-Tree et ses alentours étaient maintenant fort animés .","quelque NCs avoir mettre ADJ depuis le NC dans le NCmod , mais on lui VIMP presque tout lui NCo , ADV que il VSUBP INF à le NC de le NP tout cela , il VIMP que NP et DETPOSS NC être ADVT fort ADJ ."
1523,1882_Verne_L-Ecole-des-Robinsons_A.txt,"Les animaux domestiques , bien repus , venaient , à les heures chaudes de la journée , y chercher refuge contre les ardeurs de le soleil .","le NCs ADJ , bien ADJ , venir , à le NCT ADJ de le NCT , y INF NCo contre le NCmod de le NCmod ."
1524,1882_Verne_L-Ecole-des-Robinsons_A.txt,"Il n' y avait point à craindre qu' ils allassent s' égarer à le loin , ni rien à redouter , non plus , de la part de les fauves , puisqu' il ne semblait pas que l' île Phina renfermât un seul animal dangereux.Ainsi allaient les choses , avec le présent à peu près assuré , mais un avenir toujours inquiétant , lorsqu' un incident inattendu se produisit , qui devait notablement améliorer la situation .","il ne y avoir ADV à VSENT que il VSUBP se INF à le ADVLIEU , ni rien à VSENT , non plus , de le NC de le ADJCOL , puisque il ne sembler pas que le NCs NP VSUBI un ADJ NCo NP aller le chose , avec le NC à peu ADVLIEU PPAS , mais un NC ADVTEMPS ADJ , lorsque un NCs ADJ se VPS , qui devoir ADVINT INF le NCo ."
1525,1882_Verne_L-Ecole-des-Robinsons_A.txt,"C' était le 29 juillet.Godfrey errait , pendant la matinée , sur cette partie de la grève qui formait le littoral de la grande baie , à laquelle il avait donné le nom de Dream-Bay .","ce être le NUM NP VIMP , PHASE le NC , sur ce NC de le NCmod qui VIMP le NCo de le ADJ NCmod , à lequel il avoir PPAS le NCo de NP ."
1526,1882_Verne_L-Ecole-des-Robinsons_A.txt,"Il l' explorait , afin de reconnaître si elle était aussi riche en mollusques que le littoral de le nord .","il le VIMP , ADV de VCOG si il être aussi ADJ en NC que le NC de le NCmod ."
1527,1882_Verne_L-Ecole-des-Robinsons_A.txt,"Peut-être espérait -il encore que quelque épave s' y retrouverait , tant il lui semblait singulier que le ressac n' eût pas jeté un seul de les débris de le navire à la côte.Or , ce jour -là , il s' était avancé jusqu' à la pointe septentrionale , que terminait une plage sablonneuse , lorsque son attention fut attirée par une roche de forme bizarre , qui émergeait à la hauteur de le dernier relais d' algues et de varechs.Un certain pressentiment le porta à hâter sa marche .","peut-être VCOG il encore que quelque NCs se y VCOND , tant il lui sembler ADJ que le NCs ne avoir pas PPAS un ADJ de le NCmod de le NCmod à le NP , ce NCT ADVLIEU , il se être PPAS jusque à le NC ADJ , que VASP un NCs ADJ , lorsque DETPOSS NCspas être VSENT par un NC de NCmod ADJ , qui VIMP à le NC de le ADJ NCmod de NCmod et de NP ADJ ADV le VPS à INF DETPOSS NCo ."
1528,1882_Verne_L-Ecole-des-Robinsons_A.txt,"Quelle fut sa surprise , sa joie aussi , quand il reconnut que ce qu' il prenait pour une roche , était une malle à demi enterrée dans le sable.Était -ce un de les colis de le Dream ?","quel être DETPOSS NCSENT , DETPOSS NCSENT aussi , quand il VCOG que ce que il VIMP pour un NC , être un NC à ADJ PPAS dans le NP ce un de le NCmod de le NCmod ?"
1529,1882_Verne_L-Ecole-des-Robinsons_A.txt,Se trouvait -il à cette place depuis le naufrage ?,se VIMP il à ce NC depuis le NC ?
1530,1882_Verne_L-Ecole-des-Robinsons_A.txt,N' était -ce pas plutôt tout ce qui restait d' une autre catastrophe plus récente ?,ne être ce pas plutôt tout ce qui VIMP de un autre NC plus ADJ ?
1531,1882_Verne_L-Ecole-des-Robinsons_A.txt,Il eût été difficile de le dire .,il avoir être ADJ de le VDIC .
1532,1882_Verne_L-Ecole-des-Robinsons_A.txt,"En tout cas , d' où qu' elle vînt et quoi qu' elle pût contenir , cette malle devait être de bonne prise.Godfrey l' examina extérieurement .","en tout NC , de où que il PRES et quoi que il VSUBI INF , ce NCs devoir être de ADJ NP le VPS ADV ."
1533,1882_Verne_L-Ecole-des-Robinsons_A.txt,Il n' y vit aucune trace d' adresse .,il ne y PRES aucun NCo de NCmod .
1534,1882_Verne_L-Ecole-des-Robinsons_A.txt,"Pas un nom , pas même une de ces grosses initiales , découpées dans une mince plaque de métal , qui ornent les malles américaines .","pas un NC , pas même un de ce NCmod ADJ , PPAS dans un NC ADJ de NCmod , qui PRES le NCo ADJ ."
1535,1882_Verne_L-Ecole-des-Robinsons_A.txt,"Peut-être s' y trouverait -il quelque papier qui indiquerait sa provenance , la nationalité , le nom de son propriétaire ?","peut-être se y VCOND il quelque NCo qui VCOND DETPOSS NCo , le NC , le NC de DETPOSS NCmod ?"
1536,1882_Verne_L-Ecole-des-Robinsons_A.txt,"En tout cas , elle était hermétiquement fermée , et on pouvait espérer que son contenu n' avait point été gâté par son séjour dans l' eau de mer .","en tout NC , il être ADV PPAS , et on pouvoir VCOG que DETPOSS NCspas ne avoir ADV être PPAS par DETPOSS NC dans le NCmod de NCmod ."
1537,1882_Verne_L-Ecole-des-Robinsons_A.txt,"C' était , en effet , une malle très forte en bois , recouverte d' une peau épaisse , avec armatures de cuivre à tous ses angles et de larges courroies qui la sanglaient sur toutes ses faces.Quelle que fût son impatience à vouloir visiter le contenu de cette malle , Godfrey ne songea point à la briser , mais à l' ouvrir , après en avoir fait sauter la serrure .","ce être , en NC , un NC très fort en NCmod , PPAS de un NCCOR ADJ , avec NC de NCmod à tout DETPOSS NCmod et un ADJ NC qui le VIMP sur tout DETPOSS NP que être DETPOSS NCSENT à vouloir INF le NCo de ce NCmod , NP ne VPS ADV à le INF , mais à le INF , PHASE en avoir faire INF le NCo ."
1538,1882_Verne_L-Ecole-des-Robinsons_A.txt,"Quant à la transporter de le fond de Dream-Bay à Will-Tree , son poids ne le permettait pas , et il n' y fallait même pas penser.« Eh bien , se dit Godfrey , nous la viderons sur place , et nous ferons autant de voyages qu' il sera nécessaire pour transporter tout ce qu' elle renferme .","quant à le INF de le NC de NP à NP , DETPOSS NCs ne le permettre pas , et il ne y VIMP même pas penser.« INTJ bien , se VDIC NP , nous le PRES sur NC , et nous faire autant de NC que il être ADJ pour INF tout ce que il PRES ."
1539,1882_Verne_L-Ecole-des-Robinsons_A.txt,» On pouvait compter environ quatre milles de l' extrémité de le promontoire à le groupe de les séquoias .,""" on pouvoir INF environ NUM NCo de le NCmod de le NCmod à le NCmod de le NCmod ."
1540,1882_Verne_L-Ecole-des-Robinsons_A.txt,Cela demanderait donc un certain temps et occasionnerait une certaine fatigue .,cela VCOND donc un ADJ temps et VCOND un ADJ NCSENT .
1541,1882_Verne_L-Ecole-des-Robinsons_A.txt,"Or , le temps ne manquait pas .","or , le temps ne VIMP pas ."
1542,1882_Verne_L-Ecole-des-Robinsons_A.txt,"Quant à la fatigue , ce n' était pas là le cas d' y regarder.Que renfermait cette malle ?","quant à le NCSENT , ce ne être pas ADVLIEU le NCs de y NP VIMP ce NCo ?"
1543,1882_Verne_L-Ecole-des-Robinsons_A.txt,"… Avant de retourner à Will-Tree , Godfrey voulut à le moins tenter de l' ouvrir.Il commença donc par défaire les courroies , et , une fois débouclées , il enleva , en le ménageant bien , le capuchon de cuir qui recouvrait la serrure .","… PHASE de INF à NP , NP vouloir à le moins INF de le NP VASP donc par INF le NCo , et , un fois PPAS , il VPS , en le PPRES bien , le NCo de NCmod qui VIMP le NCo ."
1544,1882_Verne_L-Ecole-des-Robinsons_A.txt,Mais comment la forcer ?,mais comment le INF ?
1545,1882_Verne_L-Ecole-des-Robinsons_A.txt,Là était la besogne la plus difficile .,ADVLIEU être le NC le plus ADJ .
1546,1882_Verne_L-Ecole-des-Robinsons_A.txt,Godfrey n' avait aucun levier qui pût lui permettre de pratiquer une pesée .,NP ne avoir aucun NCo qui VSUBI lui permettre de INF un NCo .
1547,1882_Verne_L-Ecole-des-Robinsons_A.txt,"Risquer de briser son couteau dans cette opération , il s' en fût bien gardé .","INF de INF DETPOSS NCo dans ce NC , il se en être bien PPAS ."
1548,1882_Verne_L-Ecole-des-Robinsons_A.txt,"Il chercha donc un lourd galet , avec lequel il tenterait de faire sauter la gâche .","il VPS donc un ADJ NCo , avec lequel il VCOND de faire INF le NC ."
1549,1882_Verne_L-Ecole-des-Robinsons_A.txt,"La grève était semée de durs silex , de toutes formes , qui pouvaient servir de marteau.Godfrey en choisit un , gros comme le poing , et il porta un coup vigoureux sur la plaque de cuivre.À son extrême surprise , le pêne , engagé dans la gâche , se dégagea immédiatement .","le NCspas être PPAS de ADJ NC , de tout NC , qui pouvoir INF de NP en NC NUM , ADV comme le NCmod , et il VPS un NCo ADJ sur le NC de NP DETPOSS ADJ NCSENT , le NC , PPAS dans le NC , se VPS ADVTEMPS ."
1550,1882_Verne_L-Ecole-des-Robinsons_A.txt,"Ou la gâche s' était brisée à le choc , ou la serrure n' avait pas été fermée à clef.Le cœur de Godfrey lui battit fort , à le moment où il allait relever le couvercle de la malle !","ADV le NCs se être PPAS à le NCSENT , ou le NCspas ne avoir pas être PPAS à clef.Le NC de NP lui VPS fort , à le NC où il aller INF le NCo de le NCmod !"
1551,1882_Verne_L-Ecole-des-Robinsons_A.txt,"Enfin elle était ouverte , et , en vérité , s' il eût fallu la briser , Godfrey n' y fût pas parvenu sans peine .","PHASE il être PPAS , et , en NC , si il avoir PPAS le INF , NP ne y être pas PPAS sans NCSENT ."
1552,1882_Verne_L-Ecole-des-Robinsons_A.txt,C' était un véritable coffre-fort que cette malle .,ce être un véritable NC que ce NCmod .
1553,1882_Verne_L-Ecole-des-Robinsons_A.txt,"Les parois intérieures en étaient doublées d' une feuille de zinc , de telle sorte que l' eau de mer n' avait pu y pénétrer .","le NCs ADJ en être PPAS de un NC de NCmod , de tel sorte que le NCs de NCmod ne avoir pouvoir y INF ."
1554,1882_Verne_L-Ecole-des-Robinsons_A.txt,"Aussi les objets qu' elle contenait , si délicats qu' ils fussent , devaient -ils se trouver dans un parfait état de conservation.Et quels objets !","aussi le NC que il VIMP , si NCs que il PRES , devoir il se INF dans un ADJ NC de NP quel NCmod !"
1555,1882_Verne_L-Ecole-des-Robinsons_A.txt,"En les retirant , Godfrey ne pouvait retenir de les exclamations de joie !","en le PPRES , NP ne pouvoir INF de le NC de NCSENT !"
1556,1882_Verne_L-Ecole-des-Robinsons_A.txt,"Certainement cette malle avait dû appartenir à quelque voyageur très pratique , qui comptait s' aventurer en un pays où il serait réduit à ses seules ressources.En premier lieu , de le linge : chemises , serviettes , draps , couvertures ; puis , de les vêtements ; vareuses de laine , chaussettes de laine et de coton , solides pantalons de toile et de velours écru , gilets de tricot , vestes de grosse et solide étoffe ; puis , deux paires de fortes bottes , de les souliers de chasse , de les chapeaux de feutre.En deuxième lieu , quelques ustensiles de cuisine et de toilette : marmite – la fameuse marmite tant demandée !","ADVINT ce NCs avoir devoir INF à quelque NC très ADJ , qui VIMP se INF en un NC où il être PPAS à DETPOSS NC ADV ADJ NCo , de le NCmod : NC , NC , NC , NC ; puis , de le NC ; NC de NCmod , NC de NCmod et de NC , ADJ NC de NCmod et de NC PPAS , NC de NCmod , NC de ADJ et ADJ NCmod ; puis , NUM NC de fort NCmod , de le NC de NCmod , de le NC de NP ADJ NCmod , quelque NC de NCmod et de NC : NC – le ADJ NC tant PPAS !"
1557,1882_Verne_L-Ecole-des-Robinsons_A.txt,"– , bouilloire , cafetière , théi � � re , quelques cuillers , fourchettes et couteaux , un petit miroir , de les brosses à tout usage ; enfin , ce qui n' était pas à dédaigner , trois bidons contenant environ quinze pintes d' eau-de-vie et de tafia , et plusieurs livres de thé et de café. En troisième lieu , quelques outils : tarière , vrille , scie à main , assortiment de clous et de pointes , fers de bêche et de pelle , fer de pic , hache , herminette , etc.En quatrième lieu , de les armes : deux couteaux de chasse dans leur gaine de cuir , une carabine et deux fusils à piston , trois revolvers à six coups , une dizaine de livres de poudre , plusieurs milliers de capsules et une importante provision de plomb et de balles – toutes ces armes paraissant être de fabrication anglaise ; enfin une petite pharmacie de poche , une longue -vue , une boussole , un chronomètre .","– , NCmod , NC , NC � � INF , quelque NC , NC et NC , un ADJ NC , de le NC à tout NCmod ; PHASE , ce qui ne être pas à VSENT , NUM NCs PPRES environ NUM NCo de NCmod et de NC , et plusieurs NC de NCmod et de NC en ADJ NC , quelque NC : NC , NC , PPAS à NCCOR , NC de NCmod et de NC , NC de NCmod et de NC , NC de NCmod , NC , NC , ADV ADJ NC , de le NC : NUM NC de NCmod dans lui NCmod de NCmod , un NC et NUM NC à NCmod , NUM NC à NUM NCmod , un NC de NCmod de NCmod , plusieurs NC de NCmod et un ADJ NC de NCmod et de NC – tout ce NCs paraître être de NC ADJ ; PHASE un ADJ NCmod de NCmod , un ADJ NC , un NC , un NC ."
1558,1882_Verne_L-Ecole-des-Robinsons_A.txt,"Il s' y trouvait aussi quelques volumes en anglais , plusieurs mains de papier blanc , crayons , plumes et encre , un calendrier , une Bible , éditée à New York , et un Manuel de le parfait cuisinier.Vraiment , cela constituait un inventaire d' un prix inestimable dans la circonstance.Aussi Godfrey ne se tenait -il pas de joie .","il se y VIMP aussi quelque NCo en NCmod , plusieurs NCCOR de NCmod ADJCOL , NC , NC et NC , un NC , un NP , PPAS à NP NP , et un NP de le ADJ NCmod , cela VIMP un NC de un NCmod ADJ dans le NP NP ne se VIMP il pas un NCSENT ."
1559,1882_Verne_L-Ecole-des-Robinsons_A.txt,"Il eût tout exprès commandé ce trousseau , à l' usage de naufragés dans l' embarras , qu' il ne l' aurait pas eu plus complet.Cela valait bien un remerciement à la Providence , et la Providence eut son remerciement , parti d' un cœur reconnaissant.Godfrey s' était donné le plaisir d' étaler tout son trésor sur la grève .","il avoir tout ADV PPAS ce NCo , à le NC de NCmod dans le NCSENT , que il ne le avoir pas avoir plus complet.Cela VIMP bien un NCo à le NP , et le NP avoir DETPOSS NCo , PPAS de un NC NP se être PPAS le NCSENT de INF tout DETPOSS NCo sur le NCmod ."
1560,1882_Verne_L-Ecole-des-Robinsons_A.txt,"Chaque objet avait été visité , mais aucun papier ne se trouvait dans la malle qui pût en indiquer la provenance , ni sur quel navire elle avait été embarquée.Aux alentours , d' ailleurs , la mer n' avait apporté aucune autre épave d' un naufrage récent. Rien sur les roches , rien sur la grève .","chaque NCspas avoir être PPAS , mais aucun NCs ne se VIMP dans le NC qui VSUBI en INF le NCo , ni sur quel NC il avoir être ADJ NC , de ADVLIEU , le NCs ne avoir PPAS aucun autre NCo de un NCmod récent. rien sur le NCmod , rien sur le NCmod ."
1561,1882_Verne_L-Ecole-des-Robinsons_A.txt,"Il fallait que la malle eût été transportée en cet endroit par le flux , après avoir flotté plus ou moins longtemps .","il VIMP que le NCspas avoir être PPAS en ce NC par le NC , PHASE avoir PPAS plus ou moins longtemps ."
1562,1882_Verne_L-Ecole-des-Robinsons_A.txt,"En effet , son volume , par rapport à son poids , avait pu lui assurer une flottabilité suffisante.Les deux hôtes de l' île Phina se trouvaient donc avoir , et pour un certain temps , les besoins de la vie matérielle assurés dans une large mesure : outils , armes , instruments , ustensiles , vêtements , une heureuse bonne fortune venait de tout leur donner.Il va de soi que Godfrey ne pouvait songer à emporter tous ces objets à Will-Tree .","en NC , DETPOSS NCs , par NC à DETPOSS NCmod , avoir pouvoir lui INF un NCo suffisante.Les NUM NC de le NCmod NP se VIMP donc avoir , et pour un ADJ temps , le NC de le NCmod ADJ PPAS dans un ADJ NC : NC , NC , NC , NC , NC , un NC ADJ fortune venir de tout lui NC aller de soi que NP ne pouvoir INF à INF tout ce NCo à NP ."
1563,1882_Verne_L-Ecole-des-Robinsons_A.txt,"Leur transport nécessiterait plusieurs voyages ; mais il conviendrait de se hâter , par crainte de le mauvais temps.Godfrey remit donc la plupart de ces divers objets dans la malle .","DETPOSS NCs VCOND plusieurs NCo ; mais il VCOND de se INF , par NCSENT de le ADJ NP VPS donc le NC de ce ADJ NCmod dans le NC ."
1564,1882_Verne_L-Ecole-des-Robinsons_A.txt,"Un fusil , un revolver , une certaine quantité de poudre et de plomb , un couteau de chasse , la longue -vue , la marmite , voilà ce dont il se chargea uniquement.Puis , la malle fut soigneusement refermée , rebouclée , et , d' un pas rapide , Godfrey reprit le chemin de le littoral.Ah !","un NCs , un NC , un ADJ NC de NCmod et de NC , un NC de NCmod , le ADJ NC , le NC , voilà ce dont il se VPS ADV , le NCspas être ADV PPAS , PPAS , et , de un pas ADJ , NP VPS le NCo de le NP !"
1565,1882_Verne_L-Ecole-des-Robinsons_A.txt,comme il fut reçu une heure après par Tartelett !,comme il être PPAS un NCT PHASE par NP !
1566,1882_Verne_L-Ecole-des-Robinsons_A.txt,"et le contentement de le professeur , lorsque son élève lui eut fait l' énumération de leurs nouvelles richesses !","et le NCSENT de le NCmod , lorsque DETPOSS NCs lui avoir faire le NCo de DETPOSS ADJ NCmod !"
1567,1882_Verne_L-Ecole-des-Robinsons_A.txt,"La marmite , la marmite surtout , lui causa de les transports , qui se traduisirent par une série de jetés-battus , terminés par un triomphant pas de six-huit !","le NCs , le NC surtout , lui VPS de le NC , qui se VPS par un NC de NCmod , VASP par un PPRES pas de NUM !"
1568,1882_Verne_L-Ecole-des-Robinsons_A.txt,Il n' était encore que midi .,il ne être encore que NC .
1569,1882_Verne_L-Ecole-des-Robinsons_A.txt,"Aussi , Godfrey voulut -il , après le déjeuner , retourner immédiatement à Dream-Bay .","aussi , NP vouloir il , PHASE le NC , INF ADVTEMPS à NP ."
1570,1882_Verne_L-Ecole-des-Robinsons_A.txt,Il lui tardait que tout fût mis en sûreté dans Will-Tree.Tartelett ne fit aucune objection et se déclara prêt à partir .,il lui VIMP que tout être mettre en NC dans NP ne faire aucun NCo et se VPS ADJ à INF .
1571,1882_Verne_L-Ecole-des-Robinsons_A.txt,Il n' avait même plus à surveiller le foyer qui flambait .,il ne avoir même plus à INF le NCo qui VIMP .
1572,1882_Verne_L-Ecole-des-Robinsons_A.txt,"Avec de la poudre , on se procure partout de le feu .","ADV de le NC , on se PRES ADV de le NC ."
1573,1882_Verne_L-Ecole-des-Robinsons_A.txt,"Mais le professeur voulut que , pendant leur absence , le pot-au-feu pût mijoter doucement.En un instant , la marmite , remplie d' eau douce , reçut tout un quartier d' agouti avec une douzaine de racines d' yamph , qui devaient tenir lieu de légumes , additionnées d' une bonne pincée de ce sel qu' on trouvait dans le creux de les roches .","mais le NCs vouloir que , PHASE lui NC , le NCs VSUBI INF NP un NC , le NC , PPAS de NC ADJ , VPS tout un NCo de NCmod avec un NCmod de NCmod de NUM , qui devoir INF NCo de NCmod , PPAS de un ADJ NC de ce NCmod que on VIMP dans le NC de le NCmod ."
1574,1882_Verne_L-Ecole-des-Robinsons_A.txt,– Elle s' écumera bien toute seule !,– il se VF bien tout ADJ !
1575,1882_Verne_L-Ecole-des-Robinsons_A.txt,"s' écria Tartelett , qui paraissait très satisfait de son œuvre .","se VPS NP , qui paraître très ADJ de DETPOSS NC ."
1576,1882_Verne_L-Ecole-des-Robinsons_A.txt,"Et les voilà partis d' un pied léger pour Dream-Bay , en obliquant par le plus court.La malle était toujours à sa place .","et le voilà PPAS de un NCCOR ADJ pour NP , en PPRES par le plus court.La mal être ADVTEMPS à DETPOSS NC ."
1577,1882_Verne_L-Ecole-des-Robinsons_A.txt,Godfrey l' ouvrit avec précaution .,NP le VPS avec NC .
1578,1882_Verne_L-Ecole-des-Robinsons_A.txt,"À le milieu de les exclamations admiratives de Tartelett , il fut procédé à le triage de les divers objets.Dans ce premier voyage , Godfrey et son compagnon , transformés en mules de charge , purent rapporter à Will-Tree les armes , les munitions et une partie de les vêtements .","à le milieu de le NCmod ADJ de NP , il être PPAS à le NC de le NCmod objets.Dans ce ADJ NC , NP et DETPOSS NC , PPAS en NC de NCmod , pouvoir INF à NP le NCo , le NC et un NC de le NCmod ."
1579,1882_Verne_L-Ecole-des-Robinsons_A.txt,Tous deux se reposèrent alors de leur fatigue devant la table où fumait ce bouillon d' agouti qu' ils déclarèrent excellent .,tout NUM se VPS alors de lui NCSENT ADVLIEU le NCmod où VIMP ce NCs de NCmod que il VPS ADJ .
1580,1882_Verne_L-Ecole-des-Robinsons_A.txt,"Quant à la viande , à le dire de le professeur , il eût été difficile d' imaginer quelque chose de plus exquis !","quant à le NC , à le VDIC de le NC , il avoir être ADJ de VCOG quelque chose de plus ADJ !"
1581,1882_Verne_L-Ecole-des-Robinsons_A.txt,Ô merveilleux effet de les privations !,INTJ ADJ NC de le NC !
1582,1882_Verne_L-Ecole-des-Robinsons_A.txt,"Le lendemain , 30 , Godfrey et Tartelett partaient dès l' aube , et trois autres voyages achevaient de vider et de transporter le contenu de la malle .","le NCs , NUM , NP et NP VIMP dès le NC , et NUM autre NCs VIMP de INF et de INF le NCo de le NCmod ."
1583,1882_Verne_L-Ecole-des-Robinsons_A.txt,"Avant le soir , outils , armes , instruments , ustensiles , tout était apporté , rangé , emmagasiné à Will-Tree.Enfin le 1er août , la malle elle-même , traînée non sans peine le long de la grève , trouvait place dans l' habitation , où elle se transformait en coffre à linge.Tartelett , avec la mobilité de son esprit , voyait maintenant l' avenir tout en rose .","PHASE le NCT , NCs , NC , NC , NC , tout être PPAS , PPAS , PPAS à NP le NUM MOIS , le NCo elle-même , PPAS non sans NCSENT le NCmod de le NCmod , VIMP NCo dans le NC , où il se VIMP en NC à NP , avec le NC de DETPOSS NCmod , VCOG ADVT le NCo tout en ADJCOL ."
1584,1882_Verne_L-Ecole-des-Robinsons_A.txt,"On ne s' étonnera donc pas que , ce jour -là , sa pochette à la main , il fût venu trouver son élève et lui eût très sérieusement dit , comme s' ils avaient été dans le salon de l' hôtel Kolderup :– Eh bien , mon cher Godfrey , ne serait -il pas temps de reprendre nos leçons de danse ?","on ne se VSENT donc pas que , ce NCT ADVLIEU , DETPOSS NC à le NCCOR , il être venir INF DETPOSS NCo et lui avoir très ADVMAN VDIC , comme si il avoir être dans le NC de le NCmod NP :– INTJ bien , DETPOSS NCs NP , ne être il pas temps de INF DETPOSS NCo de NCmod ?"
1585,1882_Verne_L-Ecole-des-Robinsons_A.txt,XVL' avenir se montrait donc sous un jour moins sombre .,XVle NCs se VIMP donc sous un NCT moins ADJ .
1586,1882_Verne_L-Ecole-des-Robinsons_A.txt,"Mais , si Tartelett , tout à le présent , ne voyait dans la possession de ces instruments , de ces outils , de ces armes , qu' un moyen de rendre cette vie d' isolement un peu plus agréable , Godfrey , lui , songeait déjà à la possibilité de quitter l' île Phina .","mais , si NP , tout à le NCmod , ne VCOG dans le NC de ce NCmod , de ce NC , de ce NC , que un NCs de INF ce NCo de ADV un peu plus ADJ , NP , lui , VIMP déjà à le NC de INF le NCo NP ."
1587,1882_Verne_L-Ecole-des-Robinsons_A.txt,"Ne pourrait -il , maintenant , construire une embarcation suffisamment solide , qui leur permettrait d' atteindre , soit une terre voisine , soit quelque navire passant en vue de l' île ?","ne pouvoir il , ADVT , INF un NCo ADVINT ADJ , qui lui permettre de INF , ADV un NCo ADJ , ADV quelque NC PPRES en NC de le NCmod ?"
1588,1882_Verne_L-Ecole-des-Robinsons_A.txt,"En attendant , ce furent les idées de Tartelett dont la réalisation occupa plus spécialement les semaines qui suivirent.Bient ôt , en effet , la garde-robe de Will-Tree fut installée , mais il fut décidé qu' on n' en userait qu' avec toute la discrétion qu' imposait l' incertitude de l' avenir .","en PPRES , ce être le NC de NP dont le NCs VPS plus ADVINT le NCo qui PRES ADV , en NC , le NCspas de NP être PPAS , mais il être PPAS que on ne en VCOND que avec tout le NC que VIMP le NCs de le NCmod ."
1589,1882_Verne_L-Ecole-des-Robinsons_A.txt,"Ne se servir de ces vêtements que dans la mesure de le nécessaire , telle fut la règle à laquelle le professeur dut se soumettre .","ne se INF de ce NC que dans le NC de le NCmod , tel être le NC à lequel le NCs devoir se INF ."
1590,1882_Verne_L-Ecole-des-Robinsons_A.txt,– À quoi bon ?,– à quoi ADJ ?
1591,1882_Verne_L-Ecole-des-Robinsons_A.txt,"disait -il en maugréant , c' est trop de parcimonie , mon cher Godfrey !","VDIC il en PPRES , ce être trop de NC , DETPOSS NC NP !"
1592,1882_Verne_L-Ecole-des-Robinsons_A.txt,Que diable !,que ADJ !
1593,1882_Verne_L-Ecole-des-Robinsons_A.txt,"nous ne sommes pas de les sauvages pour aller à demi nus !– Je vous demande pardon , Tartelett , répondait Godfrey , nous sommes de les sauvages , pas autre chose !– Comme il vous plaira , mais vous verrez que nous aurons quitté l' île avant d' avoir usé ces habits !– Je n' en sais rien , Tartelett , et mieux vaut en avoir de reste que d' en manquer !– Enfin le dimanche à le moins , le dimanche , sera -t -il permis de faire un peu de toilette ?– Eh bien , oui !","nous ne être pas de le NC pour aller à ADJ NC !– je vous PRES NCo , NP , VDIC NP , nous être de le NC , pas autre chose !– comme il vous VF , mais vous VF que nous avoir PPAS le NCo PHASE de avoir PPAS ce NCo !– je ne en VCOG rien , NP , et mieux PRES en avoir ne PRES que de en INF !– PHASE le ADVT à le moins , le ADVT , être t il permettre de faire un peu de NCmod ?– INTJ bien , oui !"
1594,1882_Verne_L-Ecole-des-Robinsons_A.txt,"le dimanche , et même les jours de fête , répondit Godfrey , qui ne voulut pas trop contrarier son frivole compagnon ; mais , comme c' est précisément lundi aujourd'hui , nous avons toute une semaine avant de nous faire beaux !","le ADVT , et même le NCT de NCmod , VDIC NP , qui ne vouloir pas trop VSENT DETPOSS ADJ NCo ; mais , comme ce être ADVMAN PPAS ADVT , nous avoir tout un NC PHASE de nous faire ADJ !"
1595,1882_Verne_L-Ecole-des-Robinsons_A.txt,"Il va sans dire que , depuis le moment où il était arrivé sur l' île , Godfrey n' avait pas manqué de marquer chacun de les jours écoulés .","il aller sans VDIC que , depuis le NC où il être PPAS sur le NC , NP ne avoir pas PPAS de INF chacun de le NCT PPAS ."
1596,1882_Verne_L-Ecole-des-Robinsons_A.txt,"Aussi , à l' aide de le calendrier trouvé dans la malle , avait -il pu constater que ce jour -là était réellement un lundi.Cependant , chacun s' était partagé la besogne quotidienne , suivant ses aptitudes .","aussi , à le NC de le NCmod PPAS dans le NC , avoir il pouvoir INF que ce NCT ADVLIEU être ADVINT un NC , chacun se être PPAS le NCo ADJ , suivant DETPOSS NC ."
1597,1882_Verne_L-Ecole-des-Robinsons_A.txt,"Il n' était plus nécessaire de veiller jour et nuit , sur un feu qu' on avait maintenant les moyens de rallumer .","il ne être plus ADJ de INF NCT et NCT , sur un NC que on avoir ADVT le NCo de INF ."
1598,1882_Verne_L-Ecole-des-Robinsons_A.txt,"Tartelett put donc abandonner , non sans regret , cette tâche , qui lui convenait si bien .","NP pouvoir donc INF , non sans NCSENT , ce NC , qui lui VIMP si bien ."
1599,1882_Verne_L-Ecole-des-Robinsons_A.txt,"Il fut désormais chargé de l' approvision­nement de les racines de yamph et de camas – de celles-ci surtout , qui faisaient le pain quotidien de le ménage .","il être ADV PPAS de le NC de le NCmod de NCmod et de NC – de celui-ci surtout , qui faire le NCo ADJ de le NCmod ."
1600,1882_Verne_L-Ecole-des-Robinsons_A.txt,"Aussi , le professeur allait -il chaque jour à la récolte jusqu' à ces lignes d' arbustes , dont la prairie était bordée en arrière de Will-Tree .","aussi , le NCs aller il chaque NCT à le NC jusque à ce NCmod de NCmod , dont le NCspas être PPAS en NC de NP ."
1601,1882_Verne_L-Ecole-des-Robinsons_A.txt,"C' étaient un ou deux milles à faire , mais il s' y habitua .","ce être un ou NUM NC à faire , mais il se y VPS ."
1602,1882_Verne_L-Ecole-des-Robinsons_A.txt,"Puis il s' occupait , entre-temps , de recueillir les huîtres ou autres mollusques , dont on consommait une grande quantité.Godfrey , lui , s' était réservé le soin de les animaux domestiques et de les hôtes de le poulailler .","puis il se VIMP , ADV , de INF le NCo ou autre NC , dont on VIMP un ADJ NP , lui , se être PPAS le NCo de le NCmod ADJ et de le NC de le NCmod ."
1603,1882_Verne_L-Ecole-des-Robinsons_A.txt,"Le métier de boucher n' était pas pour lui plaire , mais enfin il surmontait sa répugnance .","le NCspas de NCmod ne être pas pour lui INF , mais PHASE il VIMP DETPOSS NCSENT ."
1604,1882_Verne_L-Ecole-des-Robinsons_A.txt,"Aussi , grâce à lui , le pot-au-feu apparaissait -il fréquemment sur la table , suivi de quelque morceau de viande rôtie , ce qui formait un ordinaire assez varié .","aussi , ADV à lui , le NCs VIMP il ADVTEMPS sur le NC , PPAS de quelque NC de NCmod ADJ , ce qui VIMP un NCo ADV ADJ ."
1605,1882_Verne_L-Ecole-des-Robinsons_A.txt,"Quant à le gibier , il abondait dans les bois de l' île Phina , et Godfrey se proposait de commencer ses chasses , dès que d' autres soins plus pressants lui en laisseraient le loisir .","quant à le NC , il VIMP dans le NC de le NCmod NP , et NP se VDIC de VASP DETPOSS NCo , dès que un autre NCs plus ADJ lui en laisser le NCo ."
1606,1882_Verne_L-Ecole-des-Robinsons_A.txt,"Il comptait bien utiliser les fusils , la poudre et le plomb de son arsenal ; mais , auparavant , il avait voulu que l' aménagement fût terminé.Ses outils lui permirent d' établir quelques bancs à l' intérieur et à l' extérieur de Will-Tree .","il VIMP bien INF le NCo , le NC et le NC de DETPOSS NCmod ; mais , ADV , il avoir vouloir que le NCs être NP outil lui permettre de INF quelque NCo à le NC et à le NC de NP ."
1607,1882_Verne_L-Ecole-des-Robinsons_A.txt,"Les escabeaux furent dégrossis à la hache , la table , moins rugueuse , devint plus digne de les plats , assiettes et couverts , dont l' ornait le professeur Tartelett .","le NCspas être PPAS à le NC , le NC , moins ADJ , devenir plus ADJ de le NC , NC et NC , dont le VIMP le NCs NP ."
1608,1882_Verne_L-Ecole-des-Robinsons_A.txt,"Les couchettes furent arrangées dans de les cadres de bois , et leur literie d' herbe sèche prit un aspect plus engageant .","le NCspas être PPAS dans de le NC de NCmod , et lui NC de NCmod ADJ VPS un NCo plus ADJ ."
1609,1882_Verne_L-Ecole-des-Robinsons_A.txt,"Si les sommiers et les matelas manquaient encore , les couvertures , de le moins , ne leur faisaient pas défaut .","si le NCs et le NC VIMP encore , le NCo , de le moins , ne lui faire pas NCo ."
1610,1882_Verne_L-Ecole-des-Robinsons_A.txt,"Les divers ustensiles de cuisine ne traînèrent plus à même le sol , mais ils trouvèrent place sur de les planches fixées à les parois intérieures .","le ADJ NCs de NCmod ne VPS plus à même le NCo , mais il VPS NCo sur un le NC PPAS à le NC ADJ ."
1611,1882_Verne_L-Ecole-des-Robinsons_A.txt,"Effets , linge , vêtements furent soigneusement serrés à le fond de placards évidés dans l' écorce même de le séquoia , à l' abri de la poussière .","NC , NC , NCspas être ADV PPAS à le NC de NCmod PPAS dans le NC même de le NCmod , à le NC de le NCmod ."
1612,1882_Verne_L-Ecole-des-Robinsons_A.txt,"À de fortes chevilles on suspendit les armes , les instruments , qui décorèrent les parois sous forme de panoplies.Godfrey voulut aussi fermer sa demeure , afin qu' à défaut d' autres êtres vivants , les animaux domestiques ne vinssent pas , pendant la nuit , troubler leur sommeil .","à un fort NCCOR on PRES le NCo , le NC , qui VPS le NCo sous NCmod de NP vouloir aussi INF DETPOSS NCo , ADV que à NC de autre être ADJ , le NCs ADJ ne PRES pas , PHASE le NCT , VSENT lui NCo ."
1613,1882_Verne_L-Ecole-des-Robinsons_A.txt,"Comme il ne pouvait pas tailler de les planches avec l' unique scie à main , l' égoïne , qu' il possédait , il se servit encore de larges et épais morceaux d' écorce , qu' il détachait facilement .","comme il ne pouvoir pas INF de le NC avec le ADJ NCmod à NCCOR , le NC , que il VIMP , il se VPS encore de ADJ et ADJ NC de NCmod , que il VIMP ADV ."
1614,1882_Verne_L-Ecole-des-Robinsons_A.txt,Il fabriqua ainsi une porte assez solide pour commander l' ouverture de Will-Tree .,il VPS ainsi un NCo ADV ADJ pour INF le NCo de NP .
1615,1882_Verne_L-Ecole-des-Robinsons_A.txt,"En même temps , il perça deux petites fenêtres , opposées l' une à l' autre , de manière à laisser pénétrer le jour et l' air à l' intérieur de la chambre .","en même temps , il VPS NUM ADJ NCo , PPAS le un à le autre , de NC à laisser INF le NCT et le NCMAN à le NC de le NCmod ."
1616,1882_Verne_L-Ecole-des-Robinsons_A.txt,"De les volets permettaient de les fermer pendant la nuit ; mais , à le moins , de le matin à le soir , il ne fut plus nécessaire de recourir à la clarté de les torches résineuses qui enfumaient l' habitation.Ce que Godfrey imaginerait plus tard pour s' éclairer pendant les longues soirées d' hiver , il ne le savait trop .","de le NC permettre de le INF PHASE le NCT ; mais , à le moins , de le NCT à le NCT , il ne être plus ADJ de INF à le NC de le NCmod ADJ qui VIMP le NP que NP VCOG plus tard pour se INF PHASE le NC PPAS de NC , il ne le VCOG trop ."
1617,1882_Verne_L-Ecole-des-Robinsons_A.txt,"Parviendrait -il à fabriquer quelques chandelles avec la graisse de mouton , ou se contenterait -il de bougies de résine plus soigneusement préparées ?","VCOND il à INF quelque NCo avec le NC de NCmod , ou se VSENT il de NC de NCmod plus ADV ADJ ?"
1618,1882_Verne_L-Ecole-des-Robinsons_A.txt,"Ce serait à voir.Une autre préoccupation , c' était d' arriver à construire une cheminée à l' intérieur de Will-Tree .","ce être à NP autre NCSENT , ce être de INF à INF un NCo à le NC de NP ."
1619,1882_Verne_L-Ecole-des-Robinsons_A.txt,"Tant que durait la belle saison , le foyer , établi à le dehors dans le creux d' un séquoia , suffisait à tous les besoins de la cuisine ; mais , lorsque le mauvais temps serait venu , quand la pluie tomberait à torrents , alors qu' il faudrait combattre le froid dont on devait craindre l' extrême rigueur pendant une certaine période , force serait d' aviser à le moyen de faire de le feu à l' intérieur de l' habitation , et de donner à la fumée une issue suffisante .","tant que VIMP le ADJ NCo , le NCs , PPAS à le NC dans le NC de un NCmod , VIMP à tout le NC de le NCmod ; mais , lorsque le ADJ temps être venir , quand le NCs VCOND à NC , alors que il VCOND INF le NCo dont on devoir VSENT le ADJ NCo PHASE un ADJ NC , NCSENT être de INF à le NC de faire de le NC à le NCmod de le NCmod , et de INF à le NC un NCo ADJ ."
1620,1882_Verne_L-Ecole-des-Robinsons_A.txt,"Cette importante question devrait être résolue en son temps.Un travail très utile fut celui que Godfrey entreprit , afin de mettre en communication les deux rives de le rio , sur la lisière de le groupe de séquoias .","ce ADJ NCs devoir être PPAS en DETPOSS ADJ NC très ADJ être celui que NP VPS , ADV de mettre en NC le NUM NCo de le NP , sur le NCmod de le NCmod de NCmod ."
1621,1882_Verne_L-Ecole-des-Robinsons_A.txt,"Il parvint , non sans peine , à enfoncer de les pieux dans les eaux vives , et il disposa quelques baliveaux qui servirent de pont .","il VPS , non sans NCSENT , à INF de le NC dans le NC ADJ , et il VPS quelque NCo qui VPS de NC ."
1622,1882_Verne_L-Ecole-des-Robinsons_A.txt,"On pouvait aller ainsi à le littoral de le nord sans passer par un gué , qui obligeait à faire un détour de deux milles en aval.Mais si Godfrey prenait toutes les précautions afin que l' existence fût à peu près possible sur cette île perdue de le Pacifique – à le cas où son compagnon et lui seraient destinés à y vivre longtemps , à y vivre toujours peut-être !","on pouvoir aller ainsi à le NC de le NCmod sans INF par un NC , qui VIMP à faire un NCo de NUM NCmod en NP si NP VIMP tout le NCo ADV que le NCspas être à peu ADVLIEU ADJ sur ce NC PPAS de le NP – à le NCmod où DETPOSS NCs et lui être PPAS à y INF longtemps , à y INF ADVTEMPS peut-être !"
1623,1882_Verne_L-Ecole-des-Robinsons_A.txt,"– il ne voulut rien négliger , cependant , de ce qui pouvait accroître les chances de salut. L' île Phina n' était pas sur la route de les navires : cela n' était que trop évident .","– il ne vouloir rien INF , cependant , de ce qui pouvoir INF le NCo de NCmod le NCs NP ne être pas sur le NC de le NCmod : cela ne être que trop ADJ ."
1624,1882_Verne_L-Ecole-des-Robinsons_A.txt,"Elle n' offrait aucun port de relâche , aucune ressource pour un ravitaillement .","il ne VIMP aucun NCo de NCmod , aucun NC pour un NCmod ."
1625,1882_Verne_L-Ecole-des-Robinsons_A.txt,Rien ne pouvait engager les bâtiments à venir en prendre connaissance .,rien ne pouvoir INF le NCo à venir en INF NCo .
1626,1882_Verne_L-Ecole-des-Robinsons_A.txt,"Toutefois , il n' était pas impossible qu' un navire de guerre ou de commerce ne passât en vue .","ADV , il ne être pas ADJ que un NCs de NCmod ou de NC ne VSUBI en NC ."
1627,1882_Verne_L-Ecole-des-Robinsons_A.txt,"Il convenait donc de chercher le moyen d' attirer son attention et de lui montrer que l' île était habitée.Dans ce but , Godfrey crut devoir installer un mât de pavillon à l' extrémité de le cap qui se projetait vers le nord , et il sacrifia la moitié d' un de les draps trouvés dans la malle .","il VIMP donc de INF le NCo de VSENT DETPOSS NCo et de lui INF que le NCs être habitée.Dans ce NC , NP VPS devoir INF un NCo de NCmod à le NC de le NCmod qui se VIMP vers le NC , et il VPS le NCo de un de le NCmod PPAS dans le NC ."
1628,1882_Verne_L-Ecole-des-Robinsons_A.txt,"En outre , comme il craignait que la couleur blanche ne fût visible que dans un rayon très restreint , il essaya de teindre son pavillon avec les baies d' une sorte d' arbousier qui croissait à le pied de les dunes .","en ADV , comme il VSENT que le NCs ADJCOL ne être ADJ que dans un NC très ADJ , il VPS de INF DETPOSS NCo avec le NC de un sorte de NCmod qui VIMP à le NCCOR de le NCmod ."
1629,1882_Verne_L-Ecole-des-Robinsons_A.txt,"Il obtint de la sorte un rouge vif , qu' il ne put rendre indélébile , faute de mordant , mais il devait en être quitte pour reteindre sa toile , lorsque le vent ou la pluie en auraient effacé la couleur.Ces divers travaux l' occupèrent jusqu' à le 15 août .","il VPS de le sorte un ADJCOL ADJ , que il ne pouvoir INF ADJ , ADV de NC , mais il devoir en être ADJ pour INF DETPOSS NCo , lorsque le NCs ou le NC en avoir PPAS le NCo divers NCs le VPS jusque à le NUM MOIS ."
1630,1882_Verne_L-Ecole-des-Robinsons_A.txt,"Depuis plusieurs semaines , le ciel avait été presque constamment beau , à part deux ou trois orages d' une extrême violence , qui avaient déversé une grande quantité d' eau , dont le sol s' était avidement imprégné.Vers cette époque , Godfrey commença son métier de chasseur .","depuis plusieurs NC , le NCs avoir être presque ADVTEMPS ADJ , à NCmod NUM ou NUM NC de un ADJ NCmod , qui avoir PPAS un ADJ NCo de NCmod , dont le NCs se être ADVMAN imprégné.vers ce NC , NP VASP DETPOSS NCo de NCmod ."
1631,1882_Verne_L-Ecole-des-Robinsons_A.txt,"Mais , s' il était assez habile à manier un fusil , il ne pouvait compter sur Tartelett , qui en était encore à tirer son premier coup de feu.Godfrey consacra donc plusieurs jours par semaine à la chasse à le gibier de poil ou de plume , qui , sans être très abondant , devait suffire à les besoins de Will-Tree .","mais , si il être ADV ADJ à INF un NCo , il ne pouvoir INF sur NP , qui en être encore à INF DETPOSS ADJ NCo de NP VPS donc plusieurs NCT par NC à le NC à le NCmod de NCCOR ou de NC , qui , sans être très ADJ , devoir ADV à le NC de NP ."
1632,1882_Verne_L-Ecole-des-Robinsons_A.txt,"Quelques perdrix , quelques bartavelles , une certaine quantité de bécassines , vinrent heureusement varier le menu habituel .","quelque NCs , quelque NC , un ADJ NC de NCmod , venir heureusement INF le NCo ADJ ."
1633,1882_Verne_L-Ecole-des-Robinsons_A.txt,"Deux ou trois antilopes tombèrent aussi sous le plomb de le jeune chasseur , et , pour n' avoir point coopéré à leur capture , le professeur ne les accueillit pas moins avec une vive satisfaction , lorsqu' elles se présentèrent sous la forme de cuissots et de côtelettes.Mais , en même temps qu' il chassait , Godfrey n' oubliait pas de prendre un aperçu plus complet de l' île .","NUM ou NUM NCs VPS aussi sous le NC de le ADJ NCmod , et , pour ne avoir ADV PPAS à lui NC , le NCs ne le PRES pas moins avec un ADJ NCSENT , lorsque il se VPS sous le NC de NCmod et de NP , en même temps que il VIMP , NP ne VCOG pas de INF un NCo plus ADJ de le NCmod ."
1634,1882_Verne_L-Ecole-des-Robinsons_A.txt,"Il pénétrait à le fond de ces épaisses forêts , qui en occupaient la partie centrale .","il VCOND à le NC de ce ADJ NCmod , qui en VIMP le NCo ADJ ."
1635,1882_Verne_L-Ecole-des-Robinsons_A.txt,"Il remontait le rio jusqu' à sa source , dont les eaux de le versant ouest de la colline alimentaient le cours .","il VSENT le NP jusque à DETPOSS NC , dont le NCs de le NCmod NCmod de le NCmod VIMP le NCo ."
1636,1882_Verne_L-Ecole-des-Robinsons_A.txt,"Il s' élevait de nouveau à le sommet de le cône et redescendait par les talus opposés vers le littoral de l' est , qu' il n' avait pas encore visité .","il se VIMP de ADJ à le NC de le NCmod et VIMP par le NC ADJ vers le NCmod de le NCmod , que il ne avoir pas encore PPAS ."
1637,1882_Verne_L-Ecole-des-Robinsons_A.txt,"« De toutes ces explorations , se répétait souvent Godfrey , il faut conclure ceci : c' est que l' île Phina ne renferme pas d' animal nuisible , ni fauve , ni serpent , ni saurien !",""" de tout ce NC , se VIMP ADVTEMPS NP , il PRES INF ceci : ce être que le NCs NP ne PRES pas un NC ADJ , ni ADJCOL , ni NC , ni ADJ !"
1638,1882_Verne_L-Ecole-des-Robinsons_A.txt,Je n' en ai pas aperçu un seul !,je ne en avoir pas PPAS un ADJ !
1639,1882_Verne_L-Ecole-des-Robinsons_A.txt,"Certainement , s' il y en avait , mes coups de feu leur auraient donné l' éveil !","ADVINT , si il y en avoir , DETPOSS NCs de NCmod lui avoir PPAS le NCo !"
1640,1882_Verne_L-Ecole-des-Robinsons_A.txt,C' est une heureuse circonstance !,ce être un ADJ NC !
1641,1882_Verne_L-Ecole-des-Robinsons_A.txt,"S' il avait fallu mettre Will-Tree à l' abri de leurs attaques , je ne sais trop comment nous y serions parvenus !","si il avoir PPAS mettre NP à le NC de DETPOSS NCmod , je ne VCOG trop comment nous y VIMP PPAS !"
1642,1882_Verne_L-Ecole-des-Robinsons_A.txt,"» Puis , passant à une autre déduction toute naturelle : « Il faut en conclure aussi , se disait -il , que l' île n' est point habitée .",""" puis , PPRES à un autre NC tout ADJ : "" il PRES en INF aussi , se VDIC il , que le NCspas ne être ADV PPAS ."
1643,1882_Verne_L-Ecole-des-Robinsons_A.txt,"Depuis longtemps déjà , indigènes ou naufragés seraient accourus à le bruit de les détonations !","depuis longtemps déjà , ADJ ou ADJ être PPAS à le NC de le NCmod !"
1644,1882_Verne_L-Ecole-des-Robinsons_A.txt,"Il n' y a donc que cette inexplicable fumée , que , deux fois , j' ai cru apercevoir !","il ne y avoir donc que ce ADJ NC , que , NUM fois , je avoir PPAS INF !"
1645,1882_Verne_L-Ecole-des-Robinsons_A.txt,… » Le fait est que Godfrey n' avait jamais trouvé trace d' un feu quelconque .,"… "" le NCs être que NP ne avoir ADVTEMPS PPAS NCo de un NCmod ADJ ."
1646,1882_Verne_L-Ecole-des-Robinsons_A.txt,"Quant à ces sources chaudes à lesquelles il croyait pouvoir attribuer l' origine de les vapeurs entrevues , l' île Phina , nullement volcanique , ne paraissait pas en contenir .","quant à ce NC ADJ à lequel il VCOG pouvoir INF le NCo de le NCmod ADJ , le NC NP , nullement ADJ , ne paraître pas en INF ."
1647,1882_Verne_L-Ecole-des-Robinsons_A.txt,Il fallait donc qu' il eût été deux fois le jouet de la même illusion .,il VIMP donc que il avoir être NUM fois le NCmod de le même NCmod .
1648,1882_Verne_L-Ecole-des-Robinsons_A.txt,D' ailleurs cette apparition de fumée ou de vapeurs ne s' était plus reproduite .,de ADVLIEU ce NCspas de PPAS ou de NC ne se être plus PPAS .
1649,1882_Verne_L-Ecole-des-Robinsons_A.txt,"Lorsque Godfrey fit , une seconde fois , l' ascension de le cône central , aussi bien que lorsqu' il remonta dans la haute ramure de Will-Tree , il ne vit rien qui fût de nature à attirer son attention .","lorsque NP faire , un ADJ fois , le NC de le NCmod ADJ , aussi bien que lorsque il VSENT dans le ADJ NC de NP , il ne VCOG rien qui être de NC à VSENT DETPOSS NCo ."
1650,1882_Verne_L-Ecole-des-Robinsons_A.txt,"Il finit donc par oublier cette circonstance.Plusieurs semaines se passèrent dans ces divers travaux d' aménagement , dans ces excursions de chasse .","il VASP donc par VCOG ce NP ADJ se VPS dans ce ADJ NC de NCmod , dans ce NC de NCmod ."
1651,1882_Verne_L-Ecole-des-Robinsons_A.txt,"Chaque jour apportait une amélioration à la vie commune.Tous les dimanches , ainsi qu' il avait été convenu , Tartelett revêtait ses plus beaux habits .","chaque NCT VIMP un NCs à le NCmod ADJ le ADVT , ainsi que il avoir être PPAS , NP VIMP DETPOSS plus ADJ NCo ."
1652,1882_Verne_L-Ecole-des-Robinsons_A.txt,"Ce jour -là , il ne songeait qu' à se promener sous les grands arbres , en jouant de sa pochette .","ce NCT ADVLIEU , il ne VIMP que à se INF sous le ADJ NC , en PPRES de DETPOSS NC ."
1653,1882_Verne_L-Ecole-des-Robinsons_A.txt,"Il faisait de les pas de glissades , se donnant de les leçons à lui-même , puisque son élève avait positivement refusé de continuer son cours .","il faire de le pas de NCmod , se PPRES de le NC à soi-même , puisque DETPOSS NCs avoir ADVINT PPAS de INF DETPOSS NCo ."
1654,1882_Verne_L-Ecole-des-Robinsons_A.txt,– À quoi bon ?,– à quoi ADJ ?
1655,1882_Verne_L-Ecole-des-Robinsons_A.txt,répondait Godfrey à les instances de le professeur .,VDIC NP à le NC de le NCmod .
1656,1882_Verne_L-Ecole-des-Robinsons_A.txt,"Imaginez -vous , pouvez -vous imaginer un Robinson prenant de les leçons de danse et de maintien ?– Et pourquoi pas ?","PRES vous , pouvoir lui VCOG un NCo PPRES de le NC de NCmod et de NC ?– et pourquoi pas ?"
1657,1882_Verne_L-Ecole-des-Robinsons_A.txt,"reprenait sérieusement Tartelett , pourquoi un Robinson serait -il dispensé de bonne tenue ?","VIMP ADVMAN NP , pourquoi un NP être il PPAS de ADJ NC ?"
1658,1882_Verne_L-Ecole-des-Robinsons_A.txt,"Ce n' est pas pour les autres , c' est pour soi-même qu' il convient d' avoir de belles manières !À cela Godfrey n' avait rien à répondre .","ce ne être pas pour le autre , ce être pour ADV que il PRES de avoir un ADJ NCo NP cela NP ne avoir rien à VDIC ."
1659,1882_Verne_L-Ecole-des-Robinsons_A.txt,"Pourtant , il ne se rendit pas , et le professeur en fut réduit à « professer à blanc » .","pourtant , il ne se VPS pas , et le NCs en être PPAS à "" INF à ADJCOL "" ."
1660,1882_Verne_L-Ecole-des-Robinsons_A.txt,"Le 13 septembre fut marqué par une de les plus grandes , une de les plus tristes déceptions que puissent éprouver les infortunés qu' un naufrage a jetés sur une île déserte.Si Godfrey n' avait jamais revu en un point quelconque de l' île les fumées inexplicables et introuvables , ce jour -là , vers trois heures de le soir , son attention fut attirée par une longue vapeur , sur l' origine de laquelle il n' y avait pas à se tromper.Il était allé se promener jusqu' à l' extrémité de Flag-Point – nom qu' il avait donné à le cap sur lequel s' élevait le mât de pavillon .","le NUM MOIS être PPAS par un de le plus ADJ , un de le plus ADJ NCSENT que pouvoir VSENT le NCs que un NCs avoir PPAS sur un NC NP NP ne avoir ADVTEMPS VCOG en un NC ADJ de le NCmod le NCspas ADJ et ADJ , ce NCT ADVLIEU , vers NUM NCT de le NCT , DETPOSS NCmod être VSENT par un ADJ NC , sur le NC de lequel il ne y avoir pas à se NP être aller se INF jusque à le NC de NP – NC que il avoir PPAS à le NC sur lequel se VIMP le NCs de NCmod ."
1661,1882_Verne_L-Ecole-des-Robinsons_A.txt,"Or , voilà qu' en regardant à travers sa lunette , il aperçut au-dessus de l' horizon une fumée que le vent d' ouest rabattait dans la direction de l' île .","or , voilà que en VCOG à travers DETPOSS NC , il VPS ADVLIEU de le NC un NCo que le NCs de NCmod VIMP dans le NC de le NCmod ."
1662,1882_Verne_L-Ecole-des-Robinsons_A.txt,Le cœur de Godfrey battit avec violence :– Un navire !,le NCs de NP VPS avec NC :– un NCs !
1663,1882_Verne_L-Ecole-des-Robinsons_A.txt,"s' écria -t-il.Mais ce navire , ce steamer , allait -il passer en vue de l' île Phina ?","se VDIC ADV ce NCo , ce INF , aller il INF en NC de le NCmod NP ?"
1664,1882_Verne_L-Ecole-des-Robinsons_A.txt,"Et , s' il passait , s' en approcherait -il assez pour que de les signaux pussent être vus ou entendus de son bord ?","et , si il VIMP , se en VCOND il ADV pour que de le NCs PRES être VCOG ou VCOG de DETPOSS NC ?"
1665,1882_Verne_L-Ecole-des-Robinsons_A.txt,"Ou bien cette fumée , à peine entrevue , allait -elle disparaître avec le bâtiment dans le nord-ouest ou dans le sud-ouest de l' horizon ?","ADV bien ce NCs , à NCSENT VCOG , aller il INF avec le NC dans le NC ou dans le NC de le NCmod ?"
1666,1882_Verne_L-Ecole-des-Robinsons_A.txt,"Pendant deux heures , Godfrey fut en proie à de les alternatives d' émotions plus faciles à indiquer qu' à décrire .","PHASE NUM NCT , NP être en NC à un le NCmod de NCSENT plus ADJ à INF que à INF ."
1667,1882_Verne_L-Ecole-des-Robinsons_A.txt,"En effet , la fumée grandissait peu à peu .","en NC , le NCs VIMP peu à peu ."
1668,1882_Verne_L-Ecole-des-Robinsons_A.txt,"Elle s' épaississait , lorsque le steamer forçait ses feux , puis elle diminuait à le point de disparaître , lorsque la pelletée de charbon était consumée .","il se VIMP , lorsque le INF VIMP DETPOSS NCo , puis il VIMP à le NC de INF , lorsque le NCspas de NCmod être PPAS ."
1669,1882_Verne_L-Ecole-des-Robinsons_A.txt,Toutefois le navire se rapprochait visiblement .,ADV le NCs se VIMP ADVINT .
1670,1882_Verne_L-Ecole-des-Robinsons_A.txt,"Vers quatre heures de le soir , sa coque se montrait à l' affleurement de le ciel et de l' eau .","vers NUM NCT de le NCT , DETPOSS NCs se VIMP à le NC de le NCmod et de le NC ."
1671,1882_Verne_L-Ecole-des-Robinsons_A.txt,C' était un grand vapeur qui faisait route à le nord-est – Godfrey le reconnut aisément .,ce être un ADJ NC qui faire NCo à le NC – NP le VCOG ADV .
1672,1882_Verne_L-Ecole-des-Robinsons_A.txt,"Cette direction , s' il s' y maintenait , devait inévitablement le rapprocher de l' île Phina.Godfrey avait tout d' abord songé à courir à Will-Tree , afin de prévenir Tartelett .","ce NCs , si il se y VIMP , devoir ADV le INF de le NC NP avoir tout de NC ADJ à INF à NP , ADV de INF NP ."
1673,1882_Verne_L-Ecole-des-Robinsons_A.txt,Mais à quoi bon ?,mais à quoi ADJ ?
1674,1882_Verne_L-Ecole-des-Robinsons_A.txt,La vue d' un seul homme faisant de les signaux valait autant que la vue de deux .,le NCs de un ADJ NCmod faire de le NC VIMP autant que le NC de NUM .
1675,1882_Verne_L-Ecole-des-Robinsons_A.txt,"Il resta donc , sa lunette à les yeux , ne voulant pas perdre un seul de les mouvements de le navire.Le steamer se rapprochait toujours de la côte , bien qu' il n' eût pas mis le cap directement sur l' île .","il VPS donc , DETPOSS NCo à le NCCOR , ne vouloir pas INF un ADJ de le NCmod de le NP INF se VIMP ADVTEMPS de le NC , bien que il ne avoir pas mettre le NCo ADV sur le NC ."
1676,1882_Verne_L-Ecole-des-Robinsons_A.txt,"Vers cinq heures , la ligne d' horizon s' élevait déjà plus haut que sa coque , ses trois mâts de goélette étaient visibles .","vers NUM NCT , le NCs de NCmod se VIMP déjà plus ADJ que DETPOSS NC , DETPOSS NUM NCs de NCmod être ADJ ."
1677,1882_Verne_L-Ecole-des-Robinsons_A.txt,Godfrey put même reconnaître les couleurs qui battaient à sa corne .,NP pouvoir même VCOG le NCo qui VIMP à DETPOSS NC .
1678,1882_Verne_L-Ecole-des-Robinsons_A.txt,"C' étaient les couleurs américaines.« Mais , se dit -il , si j' aperçois ce pavillon , il n' est pas possible que , de le bord , on n' aperçoive pas le mien !","ce être le NC américaines.« mais , se VDIC il , si je PRES ce NCo , il ne être pas ADJ que , de le NC , on ne PRES pas le NCo !"
1679,1882_Verne_L-Ecole-des-Robinsons_A.txt,Le vent le déploie de manière qu' il puisse être facilement vu avec une lunette !,le NC le NC de NCmod que il pouvoir être ADV VCOG avec un NC !
1680,1882_Verne_L-Ecole-des-Robinsons_A.txt,"Si je faisais de les signaux en l' élevant et l' abaissant à plusieurs reprises , afin de mieux indiquer que de terre on veut entrer en communication avec le navire ?","si je faire de le NC en le NC et le PPRES à plusieurs NC , ADV de mieux INF que de NC on vouloir INF en NC avec le NC ?"
1681,1882_Verne_L-Ecole-des-Robinsons_A.txt,Oui !,oui !
1682,1882_Verne_L-Ecole-des-Robinsons_A.txt,il n' y a pas un instant à perdre !,il ne y avoir pas un NCo à INF !
1683,1882_Verne_L-Ecole-des-Robinsons_A.txt,» L' idée était bonne .,""" le NCs être ADJ ."
1684,1882_Verne_L-Ecole-des-Robinsons_A.txt,"Godfrey , courant à l' extrémité de Flag-Point , commença à manœuvrer son pavillon , comme on fait dans un salut ; puis , il le laissa à mi-mât , c'est-à-dire en berne – ce qui , suivant les usages maritimes , signifie que l' on demande secours et assistance.Le steamer se rapprocha encore , à moins de trois milles de le littoral , mais son pavillon , toujours immobile à la corne d' artimon , ne répondit pas à celui de Flag-Point !","NP , NC à le NCmod de NP , VASP à INF DETPOSS NCo , comme on faire dans un NC ; puis , il le laisser à NC , ADV en NC – ce qui , PPRES le NCs ADJ , PRES que l' on PRES NCo et PRES INF se VPS encore , à moins de NUM NC de le NCmod , mais DETPOSS NCs , ADVTEMPS ADJ à le NC de NCmod , ne VDIC pas à celui de NP !"
1685,1882_Verne_L-Ecole-des-Robinsons_A.txt,Godfrey sentit son cœur se serrer .,NP sentir DETPOSS NCo se INF .
1686,1882_Verne_L-Ecole-des-Robinsons_A.txt,Certainement il n' avait pas été vu !,ADVINT il ne avoir pas être VCOG !
1687,1882_Verne_L-Ecole-des-Robinsons_A.txt,"… Il était six heures et demie , et le crépuscule allait se faire !","… il être NUM NCT et NC , et le NCs aller se faire !"
1688,1882_Verne_L-Ecole-des-Robinsons_A.txt,Cependant le steamer ne fut bientôt plus qu' à deux milles de la pointe de le cap vers lequel il courait rapidement .,cependant le NCs ne être bientôt plus que à NUM NC de le NCmod de le NCmod vers lequel il VIMP ADVMAN .
1689,1882_Verne_L-Ecole-des-Robinsons_A.txt,"À ce moment , le soleil disparaissait au-dessous de l' horizon .","à ce NC , le NCs VIMP ADVLIEU de le NC ."
1690,1882_Verne_L-Ecole-des-Robinsons_A.txt,"Avec les premières ombres de la nuit , il faudrait renoncer à tout espoir d' être aperçu.Godfrey recommença , sans plus de succès , à hisser et à amener successivement son pavillon … On ne lui répondit pas.Il tira alors plusieurs coups de fusil , bien que la distance fût grande encore et que le vent ne portât pas dans cette direction !","avec le ADJ NC de le NCT , il VCOND INF à tout NCSENT de être NP VPS , sans plus de NC , à INF et à INF ADV DETPOSS NCo … on ne lui VDIC NP VPS alors plusieurs NCo de NCmod , bien que le NCs être ADJ encore et que le NCs ne VSUBI pas dans ce NC !"
1691,1882_Verne_L-Ecole-des-Robinsons_A.txt,"… Aucune détonation ne lui arriva de le bord.La nuit , cependant , se faisait peu à peu ; bientôt la coque de le steamer ne fut plus visible .","… aucun NCs ne lui VPS de le NP NCT , cependant , se faire peu à peu ; bientôt le NCs de le NCmod ne être plus ADJ ."
1692,1882_Verne_L-Ecole-des-Robinsons_A.txt,"Il n' était pas douteux qu' avant une heure il aurait dépassé l' île Phina.Godfrey , ne sachant que faire , eut alors l' idée d' enflammer un bouquet d' arbres résineux , qui croissait en arrière de Flag-Point .","il ne être pas ADJ que PHASE un NCT il avoir PPAS le NCo NP , ne VCOG que faire , avoir alors le NCo de VSENT un NCo de NCmod ADJ , qui VIMP en NC de NP ."
1693,1882_Verne_L-Ecole-des-Robinsons_A.txt,"Il alluma un tas de feuilles sèches à le moyen d' une amorce , puis il mit le feu à le groupe de pins , qui brûla bientôt comme une énorme torche.Mais les feux de bord ne répondirent point à ce feu de terre , et Godfrey revint tristement à Will-Tree , se sentant plus abandonné , peut-être , qu' il ne l' avait été jusque -là !","il VPS un NCo de NCmod ADJ à le NC de un NCmod , puis il mettre le NCo à le NC de NCmod , qui VPS bientôt comme un NC torche.mais le NCs de NCmod ne VPS ADV à ce NC de NCmod , et NP VPS ADV à NP , se sentir plus PPAS , peut-être , que il ne le avoir être jusque ADVLIEU !"
1694,1882_Verne_L-Ecole-des-Robinsons_A.txt,XVICe coup frappa Godfrey .,ADJ NC ADJ NP .
1695,1882_Verne_L-Ecole-des-Robinsons_A.txt,"Cette chance inespérée , qui venait de lui échapper , se représenterait -elle jamais ?","ce NCs ADJ , qui venir de lui INF , se VCOND il ADVTEMPS ?"
1696,1882_Verne_L-Ecole-des-Robinsons_A.txt,Pouvait -il l' espérer ?,pouvoir il le VCOG ?
1697,1882_Verne_L-Ecole-des-Robinsons_A.txt,Non !,non !
1698,1882_Verne_L-Ecole-des-Robinsons_A.txt,"L' indifférence de ce navire à passer en vue de l' île Phina , sans même chercher à la reconnaître , il était évident qu' elle serait partagée par tous autres bâtiments , qui s' aventureraient sur cette portion déserte de le Pacifique .","le VSENT de ce NCmod à INF en NC de le NCmod NP , sans même INF à le VCOG , il être ADJ que il être PPAS par tout autre NC , qui se VIMP sur ce NC ADJ de le NP ."
1699,1882_Verne_L-Ecole-des-Robinsons_A.txt,"Pourquoi ceux -là y relâcheraient -ils plutôt que celui-ci , puisque cette île n' avait aucun port de refuge.Godfrey passa une triste nuit .","pourquoi celui ADVLIEU y VIMP il plutôt que celui-ci , puisque ce NCs ne avoir aucun NCo de NP VPS un ADJ NCT ."
1700,1882_Verne_L-Ecole-des-Robinsons_A.txt,"À chaque instant , réveillé en sursaut , comme s' il eût entendu quelque coup de canon à le large , il se demandait alors si le steamer n' avait pas enfin aperçu ce grand feu qui flambait encore sur le littoral , s' il ne cherchait pas à signaler sa présence par une détonation ?","à chaque NC , PPAS en NC , comme si il avoir VCOG quelque NCo de NCmod à le NC , il se VIMP alors si le INF ne avoir pas PHASE PPAS ce ADJ NCo qui VIMP encore sur le NC , si il ne VIMP pas à INF DETPOSS NCo par un NC ?"
1701,1882_Verne_L-Ecole-des-Robinsons_A.txt,Godfrey écoutait … Tout cela n' était qu' une illusion de son cerveau surexcité .,NP VCOG … tout cela ne être que un NC de DETPOSS NCCOR PPAS .
1702,1882_Verne_L-Ecole-des-Robinsons_A.txt,"Quand le jour eut reparu , il en vint à se dire que cette apparition d' un navire n' avait été qu' un rêve , qui avait commencé la veille , à trois heures de le soir !","quand le NCT avoir PPAS , il en venir à se VDIC que ce NCs de un NCmod ne avoir être que un NC , qui avoir VASP le NCo , à NUM NCT de le NCT !"
1703,1882_Verne_L-Ecole-des-Robinsons_A.txt,"Mais , non !","mais , non !"
1704,1882_Verne_L-Ecole-des-Robinsons_A.txt,"il n' était que trop certain qu' un bâtiment s' était montré en vue de l' île Phina , à moins de deux milles peut-être , et non moins certain qu' il n' y avait pas relâché !","il ne être que trop ADJ que un NCs se être PPAS en NC de le NCmod NP , à moins de NUM NC peut-être , et non moins ADJ que il ne y avoir pas PPAS !"
1705,1882_Verne_L-Ecole-des-Robinsons_A.txt,"De cette déception , Godfrey ne dit pas un mot à Tartelett .","de ce NCSENT , NP ne VDIC pas un NCo à NP ."
1706,1882_Verne_L-Ecole-des-Robinsons_A.txt,À quoi bon lui en parler ?,à quoi ADJ lui en INF ?
1707,1882_Verne_L-Ecole-des-Robinsons_A.txt,"D' ailleurs , cet esprit frivole ne voyait jamais au-delà de vingt-quatre heures .","de ADVLIEU , ce NCs ADJ ne VCOG ADVTEMPS ADV de NUM NCT ."
1708,1882_Verne_L-Ecole-des-Robinsons_A.txt,Il ne songeait même plus à les chances qui pouvaient se présenter de quitter l' île .,il ne VIMP même plus à le NC qui pouvoir se INF de INF le NCo .
1709,1882_Verne_L-Ecole-des-Robinsons_A.txt,Il n' imaginait pas que l' avenir pût lui réserver de graves éventualités .,il ne VCOG pas que le NCs VSUBI lui INF un ADJ NCo .
1710,1882_Verne_L-Ecole-des-Robinsons_A.txt,San Francisco commençait à s' effacer de son souvenir .,NP NP VASP à se INF de DETPOSS NC .
1711,1882_Verne_L-Ecole-des-Robinsons_A.txt,"Il n' avait pas de fiancée qui l' attendait , pas d' oncle Will à revoir .","il ne avoir pas un NCo qui le VIMP , pas de NC NP à VCOG ."
1712,1882_Verne_L-Ecole-des-Robinsons_A.txt,"Si , sur ce bout de terre , il avait pu ouvrir un cours de danse , ses vœux auraient été comblés – n' eût -il eu qu' un seul élève !","si , sur ce NC de NCmod , il avoir pouvoir INF un NCo de NCmod , DETPOSS NCspas avoir être VSENT – ne avoir il avoir que un ADJ NCo !"
1713,1882_Verne_L-Ecole-des-Robinsons_A.txt,"Eh bien , si le professeur ne songeait pas à quelque danger immédiat , qui fût de nature à compromettre sa sécurité dans cette île , dépourvue de fauves et d' indigènes , il avait tort .","INTJ bien , si le NCs ne VIMP pas à quelque NC ADJ , qui être de NC à INF DETPOSS NCSENT dans ce NC , PPAS de ADJCOL et de NC , il avoir PPAS ."
1714,1882_Verne_L-Ecole-des-Robinsons_A.txt,"Ce jour même , son optimisme allait être mis à une rude épreuve.Vers quatre heures de le soir , Tartelett était allé , suivant son habitude , récolter de les huîtres et de les moules à la partie de le rivage en arrière de Flag-Point , lorsque Godfrey le vit revenir tout courant à Will-Tree .","ce NCT même , DETPOSS NCs aller être mettre à un NC épreuve.vers NUM NCT de le NCT , NP être aller , PPRES DETPOSS NCo , INF de le NC et de le NC à le NCmod de le NCmod en NCmod de NP , lorsque NP le PRES INF tout NCo à NP ."
1715,1882_Verne_L-Ecole-des-Robinsons_A.txt,Ses rares cheveux se hérissaient à les tempes .,DETPOSS ADJ NCCOR se VIMP à le NCCOR .
1716,1882_Verne_L-Ecole-des-Robinsons_A.txt,"Il avait bien l' air d' un homme qui fuit , sans oser même retourner la tête .","il avoir bien le NCMAN de un NCmod qui PRES , sans INF même INF le NCCOR ."
1717,1882_Verne_L-Ecole-des-Robinsons_A.txt,– Qu' y a -t -il donc ?,– que y avoir t il donc ?
1718,1882_Verne_L-Ecole-des-Robinsons_A.txt,"s' écria Godfrey , non sans inquiétude , en se portant au-devant de son compagnon .","se NP NP , non sans NCSENT , en se PPRES ADVLIEU de DETPOSS NC ."
1719,1882_Verne_L-Ecole-des-Robinsons_A.txt,"– Là … là !… répondit Tartelett , qui montra de le doigt cette portion de la mer , dont on apercevait un étroit segment , à le nord , entre les grands arbres de Will-Tree .","– ADVLIEU … ADVLIEU !… VDIC NP , qui VPS de le NCCOR ce NCo de le NCmod , dont on VIMP un ADJ NCo , à le NCmod , entre le ADJ NCmod de NP ."
1720,1882_Verne_L-Ecole-des-Robinsons_A.txt,– Mais qu' est -ce donc ?,– mais que être ce donc ?
1721,1882_Verne_L-Ecole-des-Robinsons_A.txt,"demanda Godfrey , dont le premier mouvement fut de courir à la lisière de les séquoias .","demander NP , dont le ADJ NCs être de INF à le NC de le NCmod ."
1722,1882_Verne_L-Ecole-des-Robinsons_A.txt,– Un canot !– Un canot ?– Oui !… de les sauvages !,– un NC !– un NC ?– oui !… de le NC !
1723,1882_Verne_L-Ecole-des-Robinsons_A.txt,… toute une flottille de sauvages !,… tout un NC de NCmod !
1724,1882_Verne_L-Ecole-des-Robinsons_A.txt,"… De les cannibales , peut-être !","… de le NC , peut-être !"
1725,1882_Verne_L-Ecole-des-Robinsons_A.txt,"…Godfrey avait regardé dans la direction indiquée … Ce n' était point une flottille , ainsi que le disait l' éperdu Tartelett , mais il ne se trompait que sur la quantité .","NP avoir VCOG dans le NC PPAS … ce ne être PPAS un NCo , ainsi que le VDIC le NCs NP , mais il ne se VIMP que sur le NC ."
1726,1882_Verne_L-Ecole-des-Robinsons_A.txt,"En effet , une petite embarcation , qui glissait sur la mer , très calme en ce moment , se dirigeait à un demi-mille de la côte , de manière à doubler Flag-Point .","en NC , un ADJ NCs , qui VIMP sur le NC , très NCSENT en ce NCmod , se VIMP à un NC de le NCmod , de NC à INF NP ."
1727,1882_Verne_L-Ecole-des-Robinsons_A.txt,– Et pourquoi seraient -ce de les cannibales ?,– et pourquoi être ce de le NCmod ?
1728,1882_Verne_L-Ecole-des-Robinsons_A.txt,dit Godfrey en se retournant vers le professeur .,VDIC NP en se PPRES vers le NC .
1729,1882_Verne_L-Ecole-des-Robinsons_A.txt,"– Parce que , dans les îles à Robinsons , répondit Tartelett , ce sont toujours de les cannibales qui arrivent tôt ou tard !– N' est -ce point là plutôt le canot d' un navire de commerce ?– D' un navire ?","– parce que , dans le NC à NP , VDIC NP , ce être ADVTEMPS de le NC qui PRES tôt ou tard !– ne être ce PPAS ADVLIEU plutôt le NCo de un NCmod de NCmod ?– de un NC ?"
1730,1882_Verne_L-Ecole-des-Robinsons_A.txt,"…– Oui … d' un steamer , qui a passé hier , dans l' après-midi , en vue de notre île ?– Et vous ne m' avez rien dit !","…– oui … de un NC , qui avoir PPAS ADV , dans le NCT , en NC de DETPOSS NCmod ?– et vous ne le avoir rien VDIC !"
1731,1882_Verne_L-Ecole-des-Robinsons_A.txt,"s' écria Tartelett , en levant désespérément les bras à le ciel .","se VPS NP , en PPRES ADVMAN le NCCOR à le NC ."
1732,1882_Verne_L-Ecole-des-Robinsons_A.txt,"– À quoi bon , répondit Godfrey , puisque je croyais que ce bâtiment avait définitivement disparu !","– à quoi ADJ , VDIC NP , puisque je VIMP que ce NCs avoir ADV PPAS !"
1733,1882_Verne_L-Ecole-des-Robinsons_A.txt,Mais ce canot peut lui appartenir !,mais ce NCs pouvoir lui INF !
1734,1882_Verne_L-Ecole-des-Robinsons_A.txt,Nous allons bien voir !,nous aller bien VCOG !
1735,1882_Verne_L-Ecole-des-Robinsons_A.txt,"…Godfrey , retournant rapidement à Will-Tree , y prit sa lunette et revint se poster à la lisière de les arbres.De là , il put observer avec une extrême attention cette embarcation , d' où l' on devait nécessairement apercevoir le pavillon de Flag-Point , déployé sous une légère brise.La lunette tomba de les yeux de Godfrey .","NP , PPRES ADVMAN à NP , y VPS DETPOSS NCo et VPS se INF à le NC de le NP ADVLIEU , il pouvoir INF avec un ADJ NC ce NCmod , de où l' on devoir ADVINT INF le NCo de NP , PPAS sous un NC VPS lunettre NCo de le NCCOR de NP ."
1736,1882_Verne_L-Ecole-des-Robinsons_A.txt,– De les sauvages !,– de le NC !
1737,1882_Verne_L-Ecole-des-Robinsons_A.txt,… Oui !,… oui !
1738,1882_Verne_L-Ecole-des-Robinsons_A.txt,… Ce sont bien de les sauvages !,… ce être bien de le NCs !
1739,1882_Verne_L-Ecole-des-Robinsons_A.txt,"s' écria -t -il.Tartelett sentit ses jambes flageoler , et un tremblement d' épouvante passa par tout son être .","se VDIC t NP sentir DETPOSS NCCOR INF , et un NCs de NCmod VPS par tout DETPOSS être ."
1740,1882_Verne_L-Ecole-des-Robinsons_A.txt,"C' était , en effet , une embarcation de sauvages que Godfrey venait d' apercevoir , et qui s' avançait vers l' île .","ce être , en NC , un NC de ADJ que NP venir de INF , et qui se VIMP vers le NC ."
1741,1882_Verne_L-Ecole-des-Robinsons_A.txt,"Construite comme une pirogue de les îles polynésiennes , elle portait une assez grande voile en bambous tressés ; un balancier , débordant sur bâbord , la maintenait en équilibre contre la bande qu' elle donnait sous le vent.Godfrey distingua parfaitement la forme de l' embarcation : c' était un prao – ce qui semblait indiquer que l' île Phina ne pouvait être très éloignée de les parages de la Malaisie .","PPAS comme un NC de le NCmod ADJ , il VIMP un ADV ADJ NCo en NC PPAS ; un NCs , PPRES sur NC , le VIMP en NCSENT contre le NCmod que il VIMP sous le NP VCOG ADVINT le NCo de le NCmod : ce être un NC – ce qui sembler INF que le NCs NP ne pouvoir être très ADJ de le NC de le NP ."
1742,1882_Verne_L-Ecole-des-Robinsons_A.txt,"Mais ce n' étaient point de les Malais qui montaient cette pirogue : c' étaient de les Noirs , à demi nus , dont on pouvait compter une douzaine.Le danger était donc grand d' être vus .","mais ce ne être NC de le NP qui VIMP ce NCo : ce être de le NC , à NCmod ADJ , dont on pouvoir INF un NCo NCmod être donc ADJ de être VCOG ."
1743,1882_Verne_L-Ecole-des-Robinsons_A.txt,"Godfrey dut regretter , alors , d' avoir hissé ce pavillon que n' avait point aperçu le navire et que voyaient certainement les naturels de le prao .","NP devoir INF , alors , de avoir PPAS ce NCo que ne avoir ADV PPAS le NCo et que VCOG ADVINT le NCs de le NCmod ."
1744,1882_Verne_L-Ecole-des-Robinsons_A.txt,"Quant à l' abattre maintenant , il était trop tard.Circonstance très regrettable , en effet .","quant à le NC ADVT , il être trop NP très ADJ , en NC ."
1745,1882_Verne_L-Ecole-des-Robinsons_A.txt,"S' il était évident que ces sauvages avaient eu pour but , en quittant quelque île voisine , d' atteindre celle-ci , peut-être la croyaient -ils inhabitée , comme elle l' était réellement , avant le naufrage de le Dream .","si il être ADJ que ce NCs avoir avoir pour NC , en PPRES quelque NCo ADJ , de INF celui-ci , peut-être le VIMP il PPAS , comme il le être ADVINT , PHASE le NC de le NP ."
1746,1882_Verne_L-Ecole-des-Robinsons_A.txt,"Mais le pavillon était là , qui indiquait la présence d' êtres humains sur cette côte !","mais le NCs être ADVLIEU , qui VIMP le NCo de être ADJ sur ce NCmod !"
1747,1882_Verne_L-Ecole-des-Robinsons_A.txt,"Comment , alors , leur échapper s' ils débarquaient ?","comment , alors , lui NCs si il VIMP ?"
1748,1882_Verne_L-Ecole-des-Robinsons_A.txt,Godfrey ne savait quel parti prendre .,NP ne VCOG quel NCo INF .
1749,1882_Verne_L-Ecole-des-Robinsons_A.txt,"En tout cas , observer si les naturels mettraient ou non le pied dans l' île , c' était là le plus pressé .","en tout NC , INF si le NCs mettre ou non le NCCOR dans le NC , ce être ADVLIEU le plus ADJ ."
1750,1882_Verne_L-Ecole-des-Robinsons_A.txt,"Il aviserait ensuite.La lunette à les yeux , il suivit donc le prao ; il le vit contourner la pointe de le promontoire , puis la doubler , puis redescendre le long de le littoral , et , finalement , accoster l' embouchure même de le rio , qui , deux milles en amont , passait à Will-Tree.Si donc ces naturels s' imaginaient de remonter le cours de le ruisseau , ils arriveraient , en peu de temps , à le groupe de séquoias , sans qu' il fût possible de les en empêcher.Godfrey et Tartelett revinrent rapidement à leur habitation .","il VCOND ensuite.La NCo à le NCCOR , il VPS donc le NCo ; il le PRES INF le NCo de le NCmod , puis le INF , puis INF le NC de le NCmod , et , ADV , INF le NCo même de le NP , qui , NUM NC en NCmod , VIMP à NP donc ce NCo se VIMP de VSENT le NCo de le NCmod , il VIMP , en peu de temps , à le NC de NCmod , sans que il être ADJ de le en NP et NP VPS ADVMAN à lui NC ."
1751,1882_Verne_L-Ecole-des-Robinsons_A.txt,"Il s' agissait , avant tout , de prendre quelques mesures , qui pourraient la mettre à l' abri d' une surprise et donner le temps de préparer sa défense .","il se VIMP , PHASE tout , de INF quelque NCo , qui pouvoir le mettre à le NC de un NCSENT et INF le temps de INF DETPOSS NCo ."
1752,1882_Verne_L-Ecole-des-Robinsons_A.txt,C' est à quoi songeait uniquement Godfrey .,ce être à quoi VIMP ADV NP .
1753,1882_Verne_L-Ecole-des-Robinsons_A.txt,"Quant à le professeur , ses idées suivaient un tout autre cours.« Ah çà !","quant à le NC , DETPOSS NCs VIMP un tout autre cours.« INTJ ADV !"
1754,1882_Verne_L-Ecole-des-Robinsons_A.txt,"se disait -il , c' est donc une fatalité !","se VDIC il , ce être donc un NC !"
1755,1882_Verne_L-Ecole-des-Robinsons_A.txt,C' est donc écrit !,ce être donc PPAS !
1756,1882_Verne_L-Ecole-des-Robinsons_A.txt,On ne peut donc y échapper !,on ne pouvoir donc y INF !
1757,1882_Verne_L-Ecole-des-Robinsons_A.txt,"On ne peut donc devenir un Robinson sans qu' une pirogue accoste votre île , sans que de les cannibales y apparaissent un jour ou l' autre !","on ne pouvoir donc devenir un NP sans que un NCs PRES DETPOSS NCo , sans que de le NCs y PRES un NCT ou le autre !"
1758,1882_Verne_L-Ecole-des-Robinsons_A.txt,"Nous ne sommes ici que depuis trois mois , et les voilà déjà !","nous ne être ADVLIEU que depuis NUM NCT , et le voilà déjà !"
1759,1882_Verne_L-Ecole-des-Robinsons_A.txt,Ah !,INTJ !
1760,1882_Verne_L-Ecole-des-Robinsons_A.txt,"décidément , ni M. de Foe , ni M. Wyss n' ont exagéré les choses !","NC , ni monsieur de NP , ni monsieur NP ne avoir PPAS le chose !"
1761,1882_Verne_L-Ecole-des-Robinsons_A.txt,"Faites -vous donc Robinson , après cela !","faire le donc NP , PHASE cela !"
1762,1882_Verne_L-Ecole-des-Robinsons_A.txt,"» Digne Tartelett , on ne se fait pas Robinson , on le devient , et tu ne savais pas si bien dire en comparant ta situation à celle de les héros de les deux romanciers anglais et suisse.Voici quelles précautions furent immédiatement prises par Godfrey dès son retour à Will-Tree .",""" NP NP , on ne se faire pas NP , on le devenir , et je ne VCOG pas si bien VDIC en PPRES ter NCspas à celui de le NCmod de le NUM NCmod ADJ et ADV quel NC être ADVTEMPS PPAS par NP dès DETPOSS NC à NP ."
1763,1882_Verne_L-Ecole-des-Robinsons_A.txt,"Le foyer allumé dans le creux de le séquoia fut éteint , et on en dispersa les cendres , afin de ne laisser aucune trace ; coqs , poules et poulets étaient déjà dans le poulailler pour y passer la nuit , et on dut se contenter d' en obstruer l' entrée avec de les broussailles , de manière à le dissimuler le plus possible ; les autres bêtes , agoutis , moutons et chèvres , furent chassés dans la prairie , mais il était fâcheux qu' eux aussi ne pussent être renfermés dans une étable ; tous les instruments et outils étant rentrés dans la demeure , rien ne fut laissé au-dehors de ce qui aurait pu indiquer la présence ou le passage d' êtres humains .","le NCspas PPAS dans le NC de le NCmod être PPAS , et on en VPS le NCo , ADV de ne laisser aucun NCo ; NCs , NC et NC être déjà dans le NC pour y INF le NCT , et on devoir se VSENT de en INF le NCo avec de le NC , de NC à le INF le plus ADJ ; le autre NCspas , NC , NC et NC , être PPAS dans le NC , mais il être ADJ que eux aussi ne PRES être PPAS dans un NC ; tout le NCspas et NC être PPAS dans le NC , rien ne être laisser ADV de ce qui avoir pouvoir INF le NCo ou le NC de être ADJ ."
1764,1882_Verne_L-Ecole-des-Robinsons_A.txt,"Puis , la porte fut hermétiquement fermée , après que Godfrey et Tartelett eurent pris place dans Will-Tree .","puis , le NCspas être ADV PPAS , PHASE que NP et NP avoir PPAS NCo dans NP ."
1765,1882_Verne_L-Ecole-des-Robinsons_A.txt,"Cette porte , faite d' écorce de séquoia , se confondait avec l' écorce de le tronc , et pourrait peut-être échapper à les yeux de les naturels , qui n' y regarderaient pas de très près .","ce NCs , faire de NC de NCmod , se VIMP avec le NC de le NCmod , et pouvoir peut-être INF à le NCCOR de le NCmod , qui ne y VCOG pas un très ADVLIEU ."
1766,1882_Verne_L-Ecole-des-Robinsons_A.txt,"Il en fut de même de les deux fenêtres , sur lesquelles les auvents avaient été rabattus .","il en être de même de le NUM NC , sur lequel le NCspas avoir être PPAS ."
1767,1882_Verne_L-Ecole-des-Robinsons_A.txt,"Puis , tout fut éteint à l' intérieur de l' habitation , qui demeura dans une obscurité complète.Que cette nuit fut longue !","puis , tout être PPAS à le NC de le NCmod , qui VPS dans un NC PPAS ce NCT être ADJ !"
1768,1882_Verne_L-Ecole-des-Robinsons_A.txt,Godfrey et Tartelett écoutaient les moindres bruits de le dehors .,NP et NP VIMP le ADJ NCo de le NCmod .
1769,1882_Verne_L-Ecole-des-Robinsons_A.txt,"Le craquement d' une branche sèche , un souffle de le vent les faisaient tressaillir .","le NC de un NCmod ADJ , un NC de le NCmod le faire INF ."
1770,1882_Verne_L-Ecole-des-Robinsons_A.txt,Ils croyaient entendre marcher sous les arbres .,il VIMP VCOG INF sous le NC .
1771,1882_Verne_L-Ecole-des-Robinsons_A.txt,Il leur semblait que l' on rôdait autour de Will-Tree .,il lui sembler que l' on VIMP ADV de NP .
1772,1882_Verne_L-Ecole-des-Robinsons_A.txt,"Alors Godfrey , se hissant à l' une de les fenêtres , soulevait un peu l' auvent et regardait anxieusement dans l' ombre.Rien encore.Cependant Godfrey entendit bientôt de les pas sur le sol .","alors NP , se PPRES à le un de le NCmod , VIMP un peu le NCo et VCOG ADVMAN dans le NP NP NP VCOG bientôt de le pas sur le NCmod ."
1773,1882_Verne_L-Ecole-des-Robinsons_A.txt,"Son oreille ne pouvait l' avoir trompé , cette fois .","DETPOSS NCCOR ne pouvoir le avoir PPAS , ce fois ."
1774,1882_Verne_L-Ecole-des-Robinsons_A.txt,"Il regarda encore , mais il n' aperçut qu' une de les chèvres qui venait chercher abri sous les arbres.Du reste , si quelques -uns de les naturels parvenaient à découvrir l' habitation cachée dans l' énorme séquoia , le parti de Godfrey était pris : il entraînerait Tartelett avec lui par le boyau intérieur , il se réfugierait jusque sur les hautes branches , où il serait mieux en mesure de résister .","il VCOG encore , mais il ne VPS que un de le NCmod qui venir INF NCo sous le NP PRES , si quelque NC de le NCmod VIMP à VCOG le NCo PPAS dans le NC ADJ , le NCs de NP être PPAS : il VCOND NP avec lui par le NC ADJ , il se VCOND jusque sur le ADJ NC , où il être mieux en NC de INF ."
1775,1882_Verne_L-Ecole-des-Robinsons_A.txt,"Avec de les fusils et de les revolvers à sa disposition , avec de les munitions en abondance , peut-être aurait -il quelque chance de l' emporter sur une douzaine de sauvages , dépourvus d' armes à feu .","avec de le NC et de le NC à DETPOSS NCmod , avec de le NCmod en NCmod , peut-être avoir il quelque NCo de le INF sur un NC de NCmod , PPAS de NC à NCmod ."
1776,1882_Verne_L-Ecole-des-Robinsons_A.txt,"Si ceux-ci , à le cas où ils seraient munis d' arcs et de flèches , attaquaient d' en bas , il n' était pas probable qu' ils eussent l' avantage contre de les fusils bien dirigés d' en haut .","si celui-ci , à le NC où il être PPAS de NC et de NC , VIMP de en ADJ , il ne être pas ADJ que il VSUBP le NCo NC de le NCmod bien PPAS de en NC ."
1777,1882_Verne_L-Ecole-des-Robinsons_A.txt,"Si , à le contraire , ils forçaient la porte de l' habitation et cherchaient à gagner la haute ramure par l' intérieur , il leur serait malaisé d' y parvenir , puisqu' ils devraient passer par un étroit orifice , que les assiégés pouvaient aisément défendre.Au surplus , Godfrey ne parla point de cette éventualité à Tartelett .","si , à le NC , il VIMP le NCo de le NCmod et VIMP à INF le ADJ NCo par le NC , il lui être PPAS de y INF , puisque il devoir INF par un ADJ NC , que le NCs pouvoir ADV PPAS ADV , NP ne VPS ADV de ce NC à NP ."
1778,1882_Verne_L-Ecole-des-Robinsons_A.txt,Le pauvre homme était déjà assez épouvanté de l' arrivée de le prao .,le ADJ NCspas être déjà ADV VSENT de le NC de le NCmod .
1779,1882_Verne_L-Ecole-des-Robinsons_A.txt,"La pensée qu' il serait peut-être obligé de se réfugier dans la partie supérieure de l' arbre , comme dans un nid d' aigle , n' eût pas été pour lui rendre un peu de calme .","le NCs que il être peut-être PPAS de se INF dans le NC ADJ de le NCmod , comme dans un NC de NCmod , ne avoir pas être pour lui INF un peu de NCSENT ."
1780,1882_Verne_L-Ecole-des-Robinsons_A.txt,"Si cela devenait nécessaire , à le dernier instant , Godfrey l' entraînerait , sans même lui laisser le temps de la réflexion .","si cela devenir ADJ , à le ADJ NC , NP le VCOND , sans même lui laisser le temps de le NCmod ."
1781,1882_Verne_L-Ecole-des-Robinsons_A.txt,La nuit s' écoula dans de les alternatives de crainte et d' espoir .,le NCT se VPS dans de le NC de NCSENT et de NCSENT .
1782,1882_Verne_L-Ecole-des-Robinsons_A.txt,Aucune attaque directe ne se produisit .,aucun NCs ADJ ne se VPS .
1783,1882_Verne_L-Ecole-des-Robinsons_A.txt,Les sauvages ne s' étaient pas encore portés jusqu' à le groupe de les séquoias .,le NCs ne se être pas encore PPAS jusque à le NC de le NCmod .
1784,1882_Verne_L-Ecole-des-Robinsons_A.txt,Peut-être attendaient -ils le jour pour s' aventurer à travers l' île .,peut-être VIMP il le NCT pour se INF à travers le NC .
1785,1882_Verne_L-Ecole-des-Robinsons_A.txt,"– C' est probablement ce qu' ils feront , disait Godfrey , puisque notre pavillon leur indique qu' elle est habitée !","– ce être ADVINT ce que il faire , VDIC NP , puisque DETPOSS NCs lui PRES que il être PPAS !"
1786,1882_Verne_L-Ecole-des-Robinsons_A.txt,Mais ils ne sont qu' une douzaine et ont quelques précautions à prendre !,mais il ne être que un NC et avoir quelque NCo à INF !
1787,1882_Verne_L-Ecole-des-Robinsons_A.txt,Comment supposeraient -ils qu' ils n' auront affaire qu' à deux naufragés ?,comment VCOG il que il ne avoir NCo que à NUM NC ?
1788,1882_Verne_L-Ecole-des-Robinsons_A.txt,Non !,non !
1789,1882_Verne_L-Ecole-des-Robinsons_A.txt,"ils ne se hasarderont qu' en plein jour … à moins qu' ils ne s' installent …– À moins qu' ils ne se rembarquent , dès que le jour sera venu , répondit Tartelett .","il ne se VF que en ADJ NCT … à moins que il ne se PRES …– à moins que il ne se PRES , dès que le NCT être venir , VDIC NP ."
1790,1882_Verne_L-Ecole-des-Robinsons_A.txt,– Se rembarquer ?,– se INF ?
1791,1882_Verne_L-Ecole-des-Robinsons_A.txt,"Mais alors que seraient -ils venus faire à l' île Phina pour une nuit ?– Je ne sais pas !… répondit le professeur , qui , dans son effroi , ne pouvait expliquer l' arrivée de ces naturels que par le besoin de se repaître de chair humaine .","mais alors que être il venir faire à le NC NP pour un NCT ?– je ne VCOG pas !… VDIC le NCo , qui , dans DETPOSS NC , ne pouvoir VDIC le NCo de ce NCmod que par le NC de se INF de NCCOR ADJ ."
1792,1882_Verne_L-Ecole-des-Robinsons_A.txt,"– Quoi qu' il en soit , reprit Godfrey , demain matin , si ces sauvages ne sont pas venus à Will-Tree , nous irons en reconnaissance .","– quoi que il en être , VPS NP , ADVT NCT , si ce NCs ne être pas venir à NP , nous PRES en NC ."
1793,1882_Verne_L-Ecole-des-Robinsons_A.txt,– Nous ?,– nous ?
1794,1882_Verne_L-Ecole-des-Robinsons_A.txt,…– Oui !,…– oui !
1795,1882_Verne_L-Ecole-des-Robinsons_A.txt,nous !,nous !
1796,1882_Verne_L-Ecole-des-Robinsons_A.txt,… Rien ne serait plus imprudent que de se séparer !,… rien ne être plus ADJ que de se INF !
1797,1882_Verne_L-Ecole-des-Robinsons_A.txt,"Qui sait s' il ne faudra pas nous réfugier dans les bois de le centre , nous y cacher pendant quelques jours … jusqu' à le départ de le prao !","qui VCOG si il ne VF pas nous INF dans le NC de le NCmod , nous y INF PHASE quelque NCT … jusque à le NC de le NCmod !"
1798,1882_Verne_L-Ecole-des-Robinsons_A.txt,Non !,non !
1799,1882_Verne_L-Ecole-des-Robinsons_A.txt,"nous resterons ensemble , Tartelett !– Chut !… dit le professeur d' une voix tremblante .","nous VF ensemble , NP !– NP !… VDIC le NC de un NCMAN ADJ ."
1800,1882_Verne_L-Ecole-des-Robinsons_A.txt,Il me semble que j' entends au-dehors…Godfrey se hissa de nouveau à la fenêtre et redescendit presque aussitôt .,il me sembler que je VCOG NP se VPS de ADJ à le NC et VPS presque aussitôt .
1801,1882_Verne_L-Ecole-des-Robinsons_A.txt,– Non !,– non !
1802,1882_Verne_L-Ecole-des-Robinsons_A.txt,dit -il .,VDIC il .
1803,1882_Verne_L-Ecole-des-Robinsons_A.txt,Rien encore de suspect !,rien encore de NCmod !
1804,1882_Verne_L-Ecole-des-Robinsons_A.txt,Ce sont nos bêtes qui rentrent sous le bois .,ce être DETPOSS NC qui VPS sous le NC .
1805,1882_Verne_L-Ecole-des-Robinsons_A.txt,"– Chassées , peut-être !","– PPAS , peut-être !"
1806,1882_Verne_L-Ecole-des-Robinsons_A.txt,s' écria Tartelett .,se VDIC NP .
1807,1882_Verne_L-Ecole-des-Robinsons_A.txt,"– Elles paraissent fort tranquilles , à le contraire , répondit Godfrey .","– il paraître fort ADJ , à le NC , VDIC NP ."
1808,1882_Verne_L-Ecole-des-Robinsons_A.txt,Je croirais plutôt qu' elles viennent seulement chercher un abri contre la rosée de le matin .,je VCOND plutôt que il venir seulement INF un NCo contre le NCmod de le NCT .
1809,1882_Verne_L-Ecole-des-Robinsons_A.txt,– Ah !,– INTJ !
1810,1882_Verne_L-Ecole-des-Robinsons_A.txt,"murmura Tartelett d' un ton si piteux que Godfrey eût ri volontiers sans la gravité de les circonstances , voilà de les choses qui ne nous arriveraient pas à l' hôtel Kolderup , dans Montgomery-Street !– Le jour ne tardera pas à se lever , dit alors Godfrey .","VPS NP de un NCmod si ADJ que NP avoir PPAS ADV sans le NC de le NCmod , voilà de le chose qui ne nous PRES pas à le NC NP , dans NP !– le NCT ne VF pas à se INF , VDIC alors NP ."
1811,1882_Verne_L-Ecole-des-Robinsons_A.txt,"Avant une heure , si les indigènes n' ont pas paru , nous quitterons Will-Tree , et nous irons en reconnaissance dans le nord de l' île .","PHASE un NCT , si le NCs ne avoir pas paraître , nous VF NP , et nous PRES en NC dans le NC de le NCmod ."
1812,1882_Verne_L-Ecole-des-Robinsons_A.txt,"Vous êtes bien capable de tenir un fusil , Tartelett ?– Tenir !… oui !","vous être bien ADJ de INF un NCo , NP ?– tenir !… oui !"
1813,1882_Verne_L-Ecole-des-Robinsons_A.txt,…– Et de tirer dans une direction déterminée ?– Je ne sais pas !,…– et de INF dans un NC ADJ ?– je ne VCOG pas !
1814,1882_Verne_L-Ecole-des-Robinsons_A.txt,"… Je n' ai jamais essayé , et vous pouvez être sûr , Godfrey , que ma balle n' ira pas…– Qui sait si ta détonation seule ne suffira pas à effrayer ces sauvages !","… je ne avoir ADVTEMPS PPAS , et vous pouvoir être ADJ , NP , que DETPOSS NCs ne VF NP qui VCOG si ta NCs ADJ ne VF pas à VSENT ce NCo !"
1815,1882_Verne_L-Ecole-des-Robinsons_A.txt,"Une heure après , il faisait assez jour pour que le regard pût s' étendre au-delà de le groupe de séquoias.Godfrey releva alors successivement , mais avec précaution , les auvents de les deux fenêtres .","un NCT PHASE , il faire ADV NCT pour que le NCMAN VSUBI se INF ADV de le NC de NP VPS alors ADV , mais avec NC , le NCo de le NUM NCmod ."
1816,1882_Verne_L-Ecole-des-Robinsons_A.txt,"À travers celle qui s' ouvrait vers le sud , il ne vit rien que d' ordinaire .","à travers celui qui se VIMP vers le NC , il ne PRES rien que de NC ."
1817,1882_Verne_L-Ecole-des-Robinsons_A.txt,Les animaux domestiques erraient paisiblement sous les arbres et ne paraissaient nullement effrayés .,le NCs ADJ VIMP ADVMAN sous le NC et ne VIMP nullement VSENT .
1818,1882_Verne_L-Ecole-des-Robinsons_A.txt,"Examen fait , Godfrey referma soigneuse­ment cette fenêtre .","NP faire , NP VPS ADV ce NCo ."
1819,1882_Verne_L-Ecole-des-Robinsons_A.txt,"À travers la baie dirigée vers le nord , la vue pouvait se porter jusqu' à le littoral .","à travers le NC PPAS vers le NC , le NCs pouvoir se INF jusque à le NC ."
1820,1882_Verne_L-Ecole-des-Robinsons_A.txt,"On apercevait même , à deux milles environ , l' extrémité de Flag-Point ; mais l' embouchure de le rio , à l' endroit où les sauvages avaient débarqué la veille , n' était pas visible.Godfrey regarda d' abord , sans se servir de sa lunette , afin d' observer les environs de Will-Tree de ce côté de l' île Phina.Tout était parfaitement tranquille .","on VIMP même , à NUM NC environ , le NCo de NP ; mais le NCs de le NP , à le NCmod où le NCs avoir PPAS le NCo , ne être pas NP VCOG de NC , sans se INF de DETPOSS NC , ADV de INF le NCo de NP de ce NCmod de le NCmod NP être ADVINT ADJ ."
1821,1882_Verne_L-Ecole-des-Robinsons_A.txt,"Godfrey , prenant alors sa lunette , parcourut le périple de le littoral jusqu' à la pointe de le promontoire de Flag-Point .","NP , PPRES alors DETPOSS NCo , VPS le NCo de le NCmod jusque à le NC de le NCmod de NP ."
1822,1882_Verne_L-Ecole-des-Robinsons_A.txt,"Peut-être , et comme l' avait dit Tartelett , bien que cela eût été inexplicable , les naturels se seraient -ils rembarqués , après une nuit passée à terre , sans même avoir cherché à reconnaître si l' île était habitée.XVIIMais alors une exclamation échappa à Godfrey , qui fit bondir le professeur .","peut-être , et comme le avoir VDIC NP , bien que cela avoir être ADJ , le NCs se être il PPAS , PHASE un NCT PPAS à NC , sans même avoir PPAS à VCOG si le NCs être habitée.xviimais alors un NC VPS à NP , qui faire INF le NC ."
1823,1882_Verne_L-Ecole-des-Robinsons_A.txt,"On n' en pouvait plus douter , les sauvages devaient savoir que l' île était occupée par de les êtres humains , puisque le pavillon , hissé jusqu' alors à l' extrémité de le cap , emporté par eux , ne flottait plus en berne à le mât de Flag-Point !","on ne en pouvoir plus INF , le NCs devoir VCOG que le NCspas être PPAS par un le être ADJ , puisque le NCs , PPAS jusque alors à le NC de le NCmod , PPAS par eux , ne VIMP plus en NC à le NC de NP !"
1824,1882_Verne_L-Ecole-des-Robinsons_A.txt,"Le moment était donc venu de mettre à exécution le parti projeté : aller en reconnaissance , afin de voir si les naturels étaient encore dans l' île et ce qu' ils y faisaient .","le NCs être donc venir de mettre à NC le NCo PPAS : aller en NC , ADV de VCOG si le NCs être encore dans le NC et ce que il y faire ."
1825,1882_Verne_L-Ecole-des-Robinsons_A.txt,"– Partons , dit -il à son compagnon .","– NCs , VDIC il à DETPOSS NC ."
1826,1882_Verne_L-Ecole-des-Robinsons_A.txt,– Partir !,– INF !
1827,1882_Verne_L-Ecole-des-Robinsons_A.txt,mais … répondit Tartelett .,mais … VDIC NP .
1828,1882_Verne_L-Ecole-des-Robinsons_A.txt,"– Aimez -vous mieux rester ici ?– Avec vous , Godfrey … oui !– Non … seul !– Seul !… jamais !","– VSENT vous mieux INF ADVLIEU ?– avec vous , NP … oui !– non … ADJ !– ADJ !… ADVTEMPS !"
1829,1882_Verne_L-Ecole-des-Robinsons_A.txt,"…– Venez donc Tartelett , comprenant bien que rien ne ferait revenir Godfrey sur sa décision , se décida à l' accompagner .","…– venir donc NP , VCOG bien que rien ne faire INF NP sur DETPOSS NCmod , se VPS à le INF ."
1830,1882_Verne_L-Ecole-des-Robinsons_A.txt,"Demeurer seul à Will-Tree , il n' en aurait pas eu le courage.Avant de sortir , Godfrey s' assura que ses armes étaient en état .","INF ADJ à NP , il ne en avoir pas avoir le NCo de INF , NP se VF que DETPOSS NCs être en NC ."
1831,1882_Verne_L-Ecole-des-Robinsons_A.txt,"Les deux fusils furent chargés à balle , et l' un d' eux passa dans la main de le professeur , qui parut aussi embarrassé de cet engin que l' eût été un naturel de les Pomotou .","le NUM NCspas être PPAS à NC , et le un de eux VPS dans le NCCOR de le NCmod , qui paraître aussi VSENT de ce NC que le avoir être un NC de le NP ."
1832,1882_Verne_L-Ecole-des-Robinsons_A.txt,"En outre , il dut suspendre un de les couteaux de chasse à sa ceinture , à laquelle était déjà attachée la cartouchière .","en ADV , il devoir INF un de le NCmod de NCmod à DETPOSS NC , à lequel être déjà PPAS le NC ."
1833,1882_Verne_L-Ecole-des-Robinsons_A.txt,"La pensée lui était bien venue d' emporter aussi sa pochette – s' imaginant peut-être que de les sauvages seraient sensibles à le charme de ce crincrin , dont tout le talent d' un virtuose n' eût pas racheté l' aigreur.Godfrey eut quelque peine à lui faire abandonner cette idée , aussi ridicule que peu pratique.Il devait être alors six heures de le matin .","le NCs lui être bien venir de INF aussi DETPOSS NCo – se VCOG peut-être que de le NC être ADJ à le NC de ce NCmod , dont tout le NCs de un NCmod ne avoir pas PPAS le NP avoir quelque NCSENT à lui faire INF ce NCo , aussi ADJ que peu NP devoir être alors NUM NCT de le NCT ."
1834,1882_Verne_L-Ecole-des-Robinsons_A.txt,"La cime de les séquoias s' égayait de les premiers rayons de le soleil.Godfrey entrouvrit la porte , il fit un pas au-dehors , il observa le groupe d' arbres.Solitude complète. Les animaux étaient retournés dans la prairie .","le NCs de le NCmod se VSENT de le ADJ NC de le NP VPS le NCo , il faire un pas ADV , il VPS le NCo de NP ADV le NCspas être PPAS dans le NC ."
1835,1882_Verne_L-Ecole-des-Robinsons_A.txt,"On les voyait brouter tranquillement , à un quart de mille .","on le VCOG INF ADVMAN , à un NC de NCmod ."
1836,1882_Verne_L-Ecole-des-Robinsons_A.txt,Rien chez eux ne dénotait la moindre inquiétude.Godfrey fit signe à Tartelett de le rejoindre .,rien chez eux ne VIMP le ADJ NP faire NCo à NP de le INF .
1837,1882_Verne_L-Ecole-des-Robinsons_A.txt,"Le professeur , tout à fait gauche sous son harnais de combat , le suivit , non sans montrer quelque hésitation.Alors Godfrey referma la porte , après s' être assuré qu' elle se confondait absolument avec l' écorce de le séquoia .","le NCs , tout à NC ADJ sous DETPOSS NC de NCmod , le VPS , non sans INF quelque NP NP VPS le NCo , PHASE se être PPAS que il se VIMP ADVINT avec le NC de le NCmod ."
1838,1882_Verne_L-Ecole-des-Robinsons_A.txt,"Puis , ayant jeté à le pied de l' arbre un paquet de broussailles , qui furent maintenues par quelques grosses pierres , il se dirigea vers le rio , dont il comptait descendre les rives , s' il le fallait , jusqu' à son embouchure.Tartelett le suivait , non sans faire précéder chacun de ses pas d' un regard inquiet , porté circulairement jusqu' à la limite de l' horizon ; mais la crainte de rester seul fit qu' il ne se laissa point devancer.Arriv é à la lisière de le groupe d' arbres , Godfrey s' arrêta .","puis , avoir PPAS à le NCCOR de le NCmod un NCo de NCmod , qui être PPAS par quelque ADJ NC , il se VPS vers le NP , dont il VIMP INF le NCo , si il le VIMP , jusque à DETPOSS NC le VIMP , non sans faire INF chacun de DETPOSS pas de un NCMAN ADJ , PPAS ADV jusque à le NC de le NCmod ; mais le NCSENT de INF ADJ faire que il ne se laisser ADV NP PPAS à le NC de le NCmod de NCmod , NP se VPS ."
1839,1882_Verne_L-Ecole-des-Robinsons_A.txt,"Tirant alors sa lorgnette de son étui , il parcourut avec une extrême attention toute la partie de le littoral qui se développait depuis le promontoire de Flag-Point jusqu' à l' angle nord-est de l' île.Pas un être vivant ne s' y montrait ; pas une fumée de campement ne s' élevait dans l' air .","PPRES alors DETPOSS NCo de DETPOSS NCmod , il VPS avec un ADJ NC tout le NCo de le NCmod qui se VIMP depuis le NC de NP jusque à le NC NCmod de le NP un être PPRES ne se y VIMP ; pas un NCs de NCmod ne se VIMP dans le NCMAN ."
1840,1882_Verne_L-Ecole-des-Robinsons_A.txt,"L' extrémité de le cap était également déserte , mais on y retrouverait , sans doute , de nombreuses empreintes de pas fraîchement faites .","le NCs de le NCmod être également ADJ , mais on y VCOND , sans NCSENT , un ADJ NCo de pas ADV faire ."
1841,1882_Verne_L-Ecole-des-Robinsons_A.txt,"Quant à le mât , Godfrey ne s' était pas trompé .","quant à le NC , NP ne se être pas PPAS ."
1842,1882_Verne_L-Ecole-des-Robinsons_A.txt,"Si la hampe se dressait toujours sur la dernière roche de le cap , elle était veuve de son pavillon .","si le NCs se VIMP ADVTEMPS sur le ADJ NC de le NCmod , il être ADJ de DETPOSS NC ."
1843,1882_Verne_L-Ecole-des-Robinsons_A.txt,"Évidemment les naturels , après être venus jusqu' à cet endroit , s' étaient emparés de l' étoffe rouge , qui devait exciter leur convoitise ; puis , ils avaient dû regagner leur embarcation à l' embouchure de le rio.Godfrey se retourna alors de manière à embrasser de le regard tout le littoral de l' ouest.Ce n' était qu' un vaste désert depuis Flag-Point jusqu' au-delà de le périmètre de Dream-Bay.Du reste , nulle embarcation n' apparaissait à la surface de la mer .","ADV le NCs , PHASE être venir jusque à ce NC , se être PPAS de le NC ADJCOL , qui devoir VSENT lui NCSENT ; puis , il avoir devoir INF lui NCo à le NC de le NP se VPS alors de NC à INF de le NCMAN tout le NCo de le NP ne être que un ADJ NCs depuis NP jusque ADV de le NC de NP PRES , ADJ NCs ne VIMP à le NC de le NCmod ."
1844,1882_Verne_L-Ecole-des-Robinsons_A.txt,"Si les naturels avaient repris leur prao , il fallait en conclure que , maintenant , il rasait le rivage , à l' abri de les roches , et d' assez près pour qu' il ne fût pas possible de l' apercevoir.Cependant Godfrey ne pouvait pas , ne voulait pas rester dans l' incertitude .","si le NCs avoir PPAS lui NCo , il VIMP en INF que , ADVT , il VIMP le NCo , à le NC de le NCmod , et de ADV ADVLIEU pour que il ne être pas ADJ de le NP NP ne pouvoir pas , ne vouloir pas INF dans le NC ."
1845,1882_Verne_L-Ecole-des-Robinsons_A.txt,"Il lui importait de savoir si , oui ou non , le prao avait définitivement quitté l' île.Or , dans le but de s' en assurer , il était nécessaire de gagner l' endroit où les naturels avaient débarqué la veille , c'est-à-dire l' embouchure même de le rio , qui formait une étroite crique .","il lui VIMP de VCOG si , oui ou non , le NCs avoir ADV PPAS le NP , dans le NC de se en INF , il être ADJ de INF le NCo où le NCs avoir PPAS le NCo , ADV le NC même de le NP , qui VIMP un ADJ NCo ."
1846,1882_Verne_L-Ecole-des-Robinsons_A.txt,"C' est ce qui fut immédiatement tenté. Les bords de le petit cours d' eau , ombragés de quelques bouquets d' arbres , étaient encadrés d' arbustes sur un espace de deux milles environ .","ce être ce qui être ADVTEMPS ADV le NCspas de le ADJ NCmod de NCmod , PPAS de quelque NC de NCmod , être PPAS de NC sur un NCmod de NUM NCmod environ ."
1847,1882_Verne_L-Ecole-des-Robinsons_A.txt,"Au-delà , pendant cinq à six cents yards jusqu' à la mer , le rio coulait à rives découvertes .","ADV , PHASE NUM à NUM NCmod ADJ jusque à le NCmod , le NP VIMP à NC ADJ ."
1848,1882_Verne_L-Ecole-des-Robinsons_A.txt,"Cette disposition allait donc permettre de s' approcher , sans risquer d' être aperçus , près de le lieu de débarquement .","ce NCs aller donc permettre de se INF , sans INF de être PPAS , ADVLIEU de le NC de NCmod ."
1849,1882_Verne_L-Ecole-des-Robinsons_A.txt,"Il se pouvait , cependant , que les sauvages se fussent déjà hasardés à remonter le cours de le ruisseau .","il se pouvoir , cependant , que le NCs se VSUBP déjà PPAS à VSENT le NCo de le NCmod ."
1850,1882_Verne_L-Ecole-des-Robinsons_A.txt,"Aussi , afin de parer à cette éventualité , il y aurait lieu de n' avancer qu' avec une extrême prudence.Cependant Godfrey pensait , non sans raison , qu' à cette heure matinale les naturels , fatigués par une longue traversée , ne devaient pas avoir quitté le lieu de mouillage .","aussi , ADV de INF à ce NC , il y avoir NCo de ne INF que avec un ADJ NP NP VCOG , non sans NCo , que à ce NCT ADJ le NCs , VSENT par un ADJ NC , ne devoir pas avoir PPAS le NCo de NCmod ."
1851,1882_Verne_L-Ecole-des-Robinsons_A.txt,"Peut-être même y dormaient -ils encore , soit dans leur pirogue , soit à terre .","peut-être même y VIMP il encore , ADV dans lui NCo , ADV à NC ."
1852,1882_Verne_L-Ecole-des-Robinsons_A.txt,"En ce cas , on verrait s' il ne conviendrait pas de les surprendre.Le projet fut donc mis à exécution sans retard .","en ce NC , on VCOND si il ne VCOND pas de le NP NCo être donc mettre à NC sans NC ."
1853,1882_Verne_L-Ecole-des-Robinsons_A.txt,Il importait de ne pas se laisser devancer .,il VIMP de ne pas se laisser INF .
1854,1882_Verne_L-Ecole-des-Robinsons_A.txt,"En pareilles circonstances , le plus souvent l' avantage appartient à les premiers coups .","en pareille NC , le plus ADVTEMPS le NCs PRES à le ADJ NC ."
1855,1882_Verne_L-Ecole-des-Robinsons_A.txt,"Les fusils armés , on en vérifia les amorces , les revolvers furent également visités ; puis , Godfrey et Tartelett commencèrent à descendre , en se défilant , la rive gauche de le rio.Tout était calme à les alentours .","le NC PPAS , on en VPS le NCo , le NCspas être également PPAS ; puis , NP et NP VASP à INF , en se PPRES , le NCs ADJ de le NP être NCSENT à le NC ."
1856,1882_Verne_L-Ecole-des-Robinsons_A.txt,"De les volées d' oiseaux s' ébattaient d' une rive à l' autre , se poursuivant à travers les hautes branches , sans montrer aucune inquiétude.Godfrey marchait le premier , mais on peut croire que son compagnon devait se fatiguer à lui emboîter le pas .","de le NCs de NCmod se VIMP de un NC à le autre , se PPRES à travers le ADJ NC , sans INF aucun NP VIMP le ADJ , mais on pouvoir VCOG que DETPOSS NCs devoir se VSENT à lui INF le pas ."
1857,1882_Verne_L-Ecole-des-Robinsons_A.txt,"En allant d' un arbre à l' autre , tous deux gagnaient ainsi vers le littoral , sans trop risquer d' être aperçus .","en aller de un NC à le autre , tout deux VIMP ainsi vers le NC , sans trop INF de être PPAS ."
1858,1882_Verne_L-Ecole-des-Robinsons_A.txt,"Ici , les buissons d' arbustes les dérobaient à la rive opposée ; là , leur tête même disparaissait à le milieu de les grandes herbes , dont l' agitation aurait plutôt annoncé le passage d' un homme que celui d' un animal .","ADVLIEU , le NCs de NCmod le VIMP à le NC ADJ ; ADVLIEU , lui NCCOR même VIMP à le milieu de le ADJ NCmod , dont le NCs avoir plutôt VDIC le NCo de un NCmod que celui de un NCmod ."
1859,1882_Verne_L-Ecole-des-Robinsons_A.txt,"Mais , quoi qu' il en soit , la flèche d' un arc ou la pierre d' une fronde pouvait toujours arriver à l' improviste .","mais , quoi que il en être , le NC de un NCmod ou le NC de un NCmod pouvoir ADVTEMPS INF à le NC ."
1860,1882_Verne_L-Ecole-des-Robinsons_A.txt,"Il convenait de se défier.Cependant , malgré les recommandations qui lui étaient faites , Tartelett , butant mal à propos contre certaines souches à fleur de terre , fit deux ou trois chutes , qui auraient pu compromettre la situation .","il VIMP de se PPRES , malgré le NC qui lui être PPAS , NP , PPRES mal à NC contre certain NCmod à NCmod de NCmod , faire NUM ou NUM NCo , qui avoir pouvoir INF le NCo ."
1861,1882_Verne_L-Ecole-des-Robinsons_A.txt,Godfrey en arriva à regretter de s' être fait suivre d' un tel maladroit .,NP en VPS à INF de se être faire INF de un tel NC .
1862,1882_Verne_L-Ecole-des-Robinsons_A.txt,"En vérité , le pauvre homme ne devait pas lui être d' un grand secours .","en NC , le ADJ NCs ne devoir pas lui être de un ADJ NC ."
1863,1882_Verne_L-Ecole-des-Robinsons_A.txt,"Mieux eût valu , sans doute , le laisser à Will-Tree , ou , s' il n' avait pas voulu y consentir , le cacher dans quelque taillis de la forêt ; mais il était trop tard.Une heure après avoir quitté le groupe de les séquoias , Godfrey et son compagnon avaient franchi un mille – un mille seulement – , car la marche n' était pas facile sous ces hautes herbes et entre ces haies d' arbustes .","mieux avoir PPAS , sans NCSENT , le laisser à NP , ou , si il ne avoir pas vouloir y INF , le INF dans quelque NC de le NCmod ; mais il être trop ADJ NCT PHASE avoir PPAS le NCo de le NCmod , NP et DETPOSS NCs avoir PPAS un NCo – un NUM seulement – , car le NCs ne être pas ADJ sous ce NC ADJ et entre ce NC de NCmod ."
1864,1882_Verne_L-Ecole-des-Robinsons_A.txt,"Ni l' un ni l' autre n' avaient encore rien vu de suspect.En cet endroit , les arbres manquaient sur un espace d' une centaine de yards à le moins , le rio coulait entre ses rives dénudées , le pays se montrait plus découvert.Godfrey s' arrêta .","Ni le un ni le autre ne avoir encore rien PPAS de NP ce NC , le NCs VIMP sur un NC de un NCmod de NCmod à le moins , le NP VIMP entre DETPOSS NC PPAS , le NCo se VIMP plus NP se VPS ."
1865,1882_Verne_L-Ecole-des-Robinsons_A.txt,"Il observa soigneusement toute la prairie sur la droite et sur la gauche de le ruisseau.Rien encore de nature à inquiéter , rien qui indiquât l' approche de les sauvages .","il VPS ADV tout le NCo sur le NCmod et sur le NC de le NP encore de NCmod à VSENT , rien qui VSUBI le NCo de le NCmod ."
1866,1882_Verne_L-Ecole-des-Robinsons_A.txt,"Il est vrai que ceux-ci , ne pouvant douter que l' île ne fût habitée , ne se seraient point avancés sans précautions ; ils auraient mis autant de prudence à s' aventurer , en remontant le cours de la petite rivière , que Godfrey en mettait à le descendre .","il être vrai que celui-ci , ne pouvoir INF que le NCspas ne être PPAS , ne se être ADV PPAS sans NC ; il avoir mettre autant de NC à se INF , en VSENT le NCo de le ADJ NCmod , que NP en mettre à le INF ."
1867,1882_Verne_L-Ecole-des-Robinsons_A.txt,"Il fallait donc supposer que , s' ils rôdaient à les environs , ce n' était pas sans profiter , eux aussi , de l' abri de ces arbres ou de ces hauts buissons de lentisques et de myrtes , très convenablement disposés pour une embuscade.Effet bizarre , mais assez naturel , en somme .","il VIMP donc VCOG que , se il VIMP à le NC , ce ne être pas sans INF , eux aussi , de le NC de ce NCmod ou de ce ADJ NC de NCmod et de NC , très ADV PPAS pour un NP ADJ , mais ADV ADJ , en NC ."
1868,1882_Verne_L-Ecole-des-Robinsons_A.txt,"À mesure qu' il avançait , Tartelett , ne voyant aucun ennemi , perdait peu à peu de ses inquiétudes et commençait à parler avec mépris de ces « cannibales pour rire » .","à NC que il VIMP , NP , ne VCOG aucun NCo , VIMP peu à peu de DETPOSS NCSENT et VASP à INF avec NC de ce "" NCmod pour INF "" ."
1869,1882_Verne_L-Ecole-des-Robinsons_A.txt,"Godfrey , à le contraire , paraissait être plus anxieux .","NP , à le NC , paraître être plus ADJ ."
1870,1882_Verne_L-Ecole-des-Robinsons_A.txt,"Ce fut en redoublant de précautions , qu' après avoir traversé l' espace dénudé , il reprit la rive gauche sous le couvert de les arbres.Une heure de marche le conduisit alors à l' endroit où les rives n' étaient plus bordées que d' arbustes rabougris , où l' herbe , moins épaisse , commençait à se ressentir de le voisinage de la mer.Dans ces conditions , il était difficile de se cacher , à moins de ne plus s' avancer qu' en rampant sur le sol .","ce être en PPRES de NC , que PHASE avoir PPAS le NCo PPAS , il VPS le NCo ADJ sous le NC de le NUM NCT de NCmod le VPS alors à le NC où le NCs ne être plus PPAS que de NC ADJ , où le NCs , moins ADJ , VASP à se VSENT de le NC de le NP ce NCo , il être ADJ de se INF , à moins de ne plus se INF que en PPRES sur le NC ."
1871,1882_Verne_L-Ecole-des-Robinsons_A.txt,"C' est ce que fit Godfrey , c' est aussi ce qu' il recommanda à Tartelett de faire .","ce être ce que faire NP , ce être aussi ce que il VPS à NP de faire ."
1872,1882_Verne_L-Ecole-des-Robinsons_A.txt,– Il n' y a plus de sauvages !,– il ne y avoir plus de NC !
1873,1882_Verne_L-Ecole-des-Robinsons_A.txt,Il n' y a plus d' anthropophages !,il ne y avoir plus de NC !
1874,1882_Verne_L-Ecole-des-Robinsons_A.txt,Ils sont partis !,il être PPAS !
1875,1882_Verne_L-Ecole-des-Robinsons_A.txt,dit le professeur .,VDIC le NCo .
1876,1882_Verne_L-Ecole-des-Robinsons_A.txt,– Il y en a !,– il y en avoir !
1877,1882_Verne_L-Ecole-des-Robinsons_A.txt,répondit vivement Godfrey à voix basse .,VDIC ADVINT NP à NCMAN ADJ .
1878,1882_Verne_L-Ecole-des-Robinsons_A.txt,Ils doivent être là !,il devoir être ADVLIEU !
1879,1882_Verne_L-Ecole-des-Robinsons_A.txt,"… À plat ventre , Tartelett , à plat ventre !","… à ADJ NCCOR , NP , à ADJ NCCOR !"
1880,1882_Verne_L-Ecole-des-Robinsons_A.txt,"Soyez prêt à faire feu , mais ne tirez pas sans mon ordre !","être NCo à faire NCo , mais ne IMP pas sans DETPOSS NC !"
1881,1882_Verne_L-Ecole-des-Robinsons_A.txt,"Godfrey avait prononcé ces paroles avec un tel accent d' autorité , que le professeur , sentant ses jambes se dérober sous lui , n' eut aucun effort à faire pour se trouver dans la position demandée .","NP avoir PPAS ce NCo avec un tel NC de NCmod , que le NCs , sentir DETPOSS NCCOR se INF sous lui , ne avoir aucun NCo à faire pour se INF dans le NC PPAS ."
1882,1882_Verne_L-Ecole-des-Robinsons_A.txt,Et il fit bien !,et il faire bien !
1883,1882_Verne_L-Ecole-des-Robinsons_A.txt,"En effet , ce n' était pas sans raison que Godfrey venait de parler comme il l' avait fait.De la place que tous les deux occupaient alors , on ne pouvait voir ni le littoral , ni l' endroit où le rio se jetait dans la mer .","en NC , ce ne être pas sans NC que NP venir de INF comme il le avoir fait.De le NC que tout le deux VIMP alors , on ne pouvoir VCOG ni le NC , ni le NC où le NCs se VIMP dans le NC ."
1884,1882_Verne_L-Ecole-des-Robinsons_A.txt,"Cela tenait à ce qu' un coude de les berges arrêtait brusquement le regard à une distance de cent pas ; mais , au-dessus de ce court horizon , fermé par les tumescences de les rives , une épaisse fumée s' élevait droit dans l' air.Godfrey , allongé sous l' herbe , le doigt sur la gâchette de son fusil , observait le littoral.« Cette fumée , se dit -il , ne serait -elle pas de la nature de celles que j' ai déjà entrevues par deux fois ?","cela VIMP à ce que un NCCOR de le NCmod VIMP ADV le NCMAN à un NC de NUM pas ; mais , ADVLIEU de ce ADJ NC , PPAS par le NC de le NCmod , un NC PPAS se VIMP NCo dans le NP , PPAS sous le NC , le NCCOR sur le NCmod de DETPOSS NCmod , VIMP le littoral.« ce NCs , se VDIC il , ne être il pas de le NCo de celui que je avoir déjà VCOG par NUM fois ?"
1885,1882_Verne_L-Ecole-des-Robinsons_A.txt,"Faut -il en conclure que de les naturels ont déjà débarqué à le nord et à le sud de l' île , que ces fumées provenaient de feux allumés par eux ?","PRES il en PRES que de le NCs avoir déjà PPAS à le NC et à le NC de le NCmod , que ce NCs VIMP de NC PPAS par eux ?"
1886,1882_Verne_L-Ecole-des-Robinsons_A.txt,Mais non !,mais non !
1887,1882_Verne_L-Ecole-des-Robinsons_A.txt,"ce n' est pas possible , puisque je n' ai jamais trouvé ni cendres , ni traces de foyer , ni charbons éteints !","ce ne être pas ADJ , puisque je ne avoir ADVTEMPS PPAS ni NCo , ni NC de NCmod , ni NC ADJ !"
1888,1882_Verne_L-Ecole-des-Robinsons_A.txt,Ah !,INTJ !
1889,1882_Verne_L-Ecole-des-Robinsons_A.txt,"cette fois , je saurai bien à quoi m' en tenir !","ce fois , je VCOG bien à quoi lui en INF !"
1890,1882_Verne_L-Ecole-des-Robinsons_A.txt,"» Et , par un habile mouvement de reptation que Tartelett imita de son mieux , il parvint , sans dépasser les herbes de la tête , à se porter jusqu' à le coude de le rio.De là , son regard pouvait observer aisément toute la partie de le rivage , à travers laquelle se déversait la petite rivière.Un cri faillit lui échapper !",""" et , par un ADJ NC de NCmod que NP VPS de DETPOSS mieux , il VPS , sans INF le NCo de le NCCOR , à se INF jusque à le NCCOR de le NP ADVLIEU , DETPOSS NCMAN pouvoir INF ADV tout le NCo de le NCmod , à travers lequel se VIMP le ADJ NCs ADJ VPS lui INF !"
1891,1882_Verne_L-Ecole-des-Robinsons_A.txt,"… Sa main s' aplatit sur l' épaule de le professeur , pour lui interdire tout mouvement !","… DETPOSS NCCOR se PRES sur le NCCOR de le NCmod , pour lui INF tout NCo !"
1892,1882_Verne_L-Ecole-des-Robinsons_A.txt,… Inutile d' aller plus loin !,… ADJ de aller plus ADVLIEU !
1893,1882_Verne_L-Ecole-des-Robinsons_A.txt,… Godfrey voyait enfin ce qu' il était venu voir !,… NP VCOG PHASE ce que il être venir VCOG !
1894,1882_Verne_L-Ecole-des-Robinsons_A.txt,"Un grand feu de bois , allumé sur la grève , à le milieu de les basses roches , secouait vers le ciel son panache de fumée .","un ADJ NCs de NCmod , PPAS sur le NC , à le milieu de le ADJ NCmod , VIMP vers le NC DETPOSS NCo de NCmod ."
1895,1882_Verne_L-Ecole-des-Robinsons_A.txt,"Autour de ce feu , l' attisant avec de nouvelles brassées de bois dont ils avaient fait un monceau , allaient et venaient les naturels , qui avaient débarqué la veille .","ADV de ce NC , le PPRES avec un ADJ NC de NCmod dont il avoir faire un NCo , aller et venir le NCo , qui avoir PPAS le NCo ."
1896,1882_Verne_L-Ecole-des-Robinsons_A.txt,"Leur canot était amarré à une grosse pierre , et , soulevé par la marée montante , il se balançait sur les petites lames de le ressac.Godfrey pouvait distinguer tout ce qui se passait sur la plage , sans employer sa lunette .","DETPOSS NCs être PPAS à un ADJ NC , et , PPAS par le NC ADJ , il se VIMP sur le ADJ NC de le NP pouvoir VCOG tout ce qui se VIMP sur le NC , sans INF DETPOSS NCo ."
1897,1882_Verne_L-Ecole-des-Robinsons_A.txt,"Il n' était pas à plus de deux cents pas de le feu , dont il entendait même les crépitements .","il ne être pas à plus de NUM NC pas de le NCmod , dont il VCOG même le NCo ."
1898,1882_Verne_L-Ecole-des-Robinsons_A.txt,"Il comprit aussitôt qu' il n' avait point à craindre d' être surpris par-derrière , que tous les Noirs , qu' il avait comptés dans le prao , étaient réunis en cet endroit.Dix sur douze , en effet , s' occupaient , les uns à entretenir le foyer , les autres à enfoncer de les pieux en terre , avec l' évidente intention d' installer une broche à la mode polynésienne .","il VCOG aussitôt que il ne avoir ADV à VSENT de être PPAS ADV , que tout le NC , que il avoir PPAS dans le NC , être PPAS en ce NC sur NUM , en NC , se VIMP , le un à INF le NCo , le autre à INF de le NC en NCmod , avec le ADJ NC de INF un NCo à le NC ADJ ."
1899,1882_Verne_L-Ecole-des-Robinsons_A.txt,"Un onzième , qui paraissait être le chef , se promenait sur la grève , et portait souvent les yeux vers l' intérieur de l' île , comme s' il eût craint quelque attaque.Godfrey reconnut sur les épaules de ce naturel l' étoffe rouge de son pavillon , devenu un oripeau de toilette.Quant à le douzième sauvage , il était étendu sur le sol , étroitement attaché à un piquet.Godfrey ne comprit que trop à quel sort ce malheureux était destiné .","un ADJ , qui paraître être le NC , se VIMP sur le NC , et VIMP ADVTEMPS le NCCOR vers le NC de le NCmod , comme si il avoir VSENT quelque NCo VCOG sur le NCCOR de ce NCmod le NCo ADJCOL de DETPOSS NCmod , devenir un NCo de NP à le NCmod ADJ , il être PPAS sur le NC , ADV PPAS à un NC ne VCOG que trop à quel NC ce NCs être PPAS ."
1900,1882_Verne_L-Ecole-des-Robinsons_A.txt,"Cette broche , c' était pour l' embrocher !","ce NC , ce être pour le INF !"
1901,1882_Verne_L-Ecole-des-Robinsons_A.txt,"Ce feu , c' était pour le faire rôtir !","ce NC , ce être pour le faire INF !"
1902,1882_Verne_L-Ecole-des-Robinsons_A.txt,"… Tartelett ne s' était donc pas trompé la veille , lorsque , par pressentiment , il traitait ces gens de cannibales !","… NP ne se être donc pas PPAS le NCo , lorsque , par ADV , il VIMP ce NCo de NCmod !"
1903,1882_Verne_L-Ecole-des-Robinsons_A.txt,"Il faut convenir aussi qu' il ne s' était pas trompé davantage , en disant que les aventures de les Robinsons , vrais ou imaginaires , étaient toutes calquées les unes sur les autres !","il PRES INF aussi que il ne se être pas PPAS davantage , en VDIC que le NCs de le NP , vrai ou ADJ , être tout PPAS le NCo sur le autre !"
1904,1882_Verne_L-Ecole-des-Robinsons_A.txt,"Bien certainement , Godfrey et lui se trouvaient alors dans la même situation que le héros de Daniel de Foe , lorsque les sauvages débarquèrent sur son île .","bien ADVINT , NP et lui se VIMP alors dans le même NC que le NCmod de NP de NP , lorsque le NCs VPS sur DETPOSS NC ."
1905,1882_Verne_L-Ecole-des-Robinsons_A.txt,"Tous deux allaient , sans doute , assister à la même scène de cannibalisme.Eh bien , Godfrey était décidé à se conduire comme ce héros !","tout deux aller , sans NCSENT , INF à le même NC de NP bien , NP être PPAS à se INF comme ce NC !"
1906,1882_Verne_L-Ecole-des-Robinsons_A.txt,Non !,non !
1907,1882_Verne_L-Ecole-des-Robinsons_A.txt,il ne laisserait pas massacrer le prisonnier qu' attendaient ces estomacs d' anthropophages !,il ne laisser pas INF le NCo que VIMP ce NCCOR de NCmod !
1908,1882_Verne_L-Ecole-des-Robinsons_A.txt,Il était bien armé .,il être bien PPAS .
1909,1882_Verne_L-Ecole-des-Robinsons_A.txt,"Ses deux fusils – quatre coups – , ses deux revolvers – douze coups – pouvaient avoir facilement raison de onze coquins , que la détonation d' une arme à feu suffirait peut-être à faire détaler .","DETPOSS NUM NCs – NUM NC – , DETPOSS NUM NC – NUM NC – pouvoir avoir ADV NCo de NUM NCmod , que le NCs de un NCmod à NCmod VCOND peut-être à faire INF ."
1910,1882_Verne_L-Ecole-des-Robinsons_A.txt,"Cette détermination prise , il attendit avec un parfait sang-froid le moment d' intervenir par un éclat de foudre.Il ne devait pas longtemps attendre.En effet , vingt minutes à peine s' étaient écoulées , lorsque le chef se rapprocha de le foyer .","ce NC PPAS , il VPS avec un ADJ NC le NCo de INF par un NC de NP ne devoir pas longtemps ADJ NCo , NUM NCT à NCSENT se être PPAS , lorsque le NCs se VF de le NC ."
1911,1882_Verne_L-Ecole-des-Robinsons_A.txt,"Puis , d' un geste , il montra le prisonnier à les naturels qui attendaient ses ordres.Godfrey se leva .","puis , de un NC , il VPS le NCo à le NCmod qui VIMP son NP se PRES ."
1912,1882_Verne_L-Ecole-des-Robinsons_A.txt,"Tartelett , sans savoir pourquoi , par exemple , en fit autant .","NP , sans VCOG pourquoi , par NC , en faire autant ."
1913,1882_Verne_L-Ecole-des-Robinsons_A.txt,"Il ne comprenait même pas où en voulait venir son compagnon , qui ne lui avait rien dit de ses projets.Godfrey s' imaginait , évidemment , que les sauvages , à son aspect , feraient un mouvement quelconque , soit pour fuir vers leur embarcation , soit pour s' élancer vers lui…Il n' en fut rien .","il ne VCOG même pas où en vouloir venir DETPOSS NCo , qui ne lui avoir rien VDIC de son NP se VCOG , ADV , que le NCs , à DETPOSS NCmod , faire un NCo ADJ , ADV pour INF vers lui NC , ADV pour se INF vers NP ne en être rien ."
1914,1882_Verne_L-Ecole-des-Robinsons_A.txt,"Il ne semblait même pas qu' il eût été aperçu ; mais , à ce moment , le chef fit un geste plus significatif … Trois de ses compagnons , se dirigeant vers le prisonnier , vinrent le délier et le forcèrent à marcher de le côté de le feu .","il ne sembler même pas que il avoir être PPAS ; mais , à ce NC , le NCs faire un NCo plus ADJ … NUM de DETPOSS NCmod , se PPRES vers le NC , venir le NCo et le VPS à INF de le NC de le NCmod ."
1915,1882_Verne_L-Ecole-des-Robinsons_A.txt,"C' était un homme jeune encore , qui , sentant sa dernière heure venue , voulut résister .","ce être un NC ADJ encore , qui , sentir DETPOSS ADJ NCT venir , vouloir INF ."
1916,1882_Verne_L-Ecole-des-Robinsons_A.txt,"Décidé , s' il le pouvait , à vendre chèrement sa vie , il commença par repousser les naturels qui le tenaient ; mais il fut bientôt terrassé , et le chef , saisissant une sorte de hache de pierre , s' élança pour lui fracasser la tête.Godfrey poussa un cri qui fut suivi d' une détonation .","PPAS , si il le pouvoir , à INF ADV DETPOSS NCo , il VASP par INF le NCo qui le VIMP ; mais il être bientôt PPAS , et le NCs , PPRES un sorte de NCmod de NCmod , se VPS pour lui INF le NP VPS un NCo qui être PPAS de un NC ."
1917,1882_Verne_L-Ecole-des-Robinsons_A.txt,"Une balle avait sifflé dans l' air , et il fallait qu' elle eût mortellement frappé le chef , car celui-ci tomba sur le sol.Au bruit de la détonation , les sauvages , surpris comme s' ils n' avaient jamais entendu un coup de feu , s' arrêtèrent .","un NCs avoir PPAS dans le NCMAN , et il VIMP que il avoir ADVINT frapper le NCo , car celui-ci VPS sur le NP NC de le NCmod , le NC , VSENT comme si il ne avoir ADVTEMPS VCOG un NCo de NCmod , se VPS ."
1918,1882_Verne_L-Ecole-des-Robinsons_A.txt,"À la vue de Godfrey , ceux qui tenaient le prisonnier le lâchèrent un instant.Aussit ôt , ce pauvre diable de se relever , de courir vers l' endroit où il apercevait ce libérateur inattendu.En ce moment retentit une seconde détonation .","à le NC de NP , celui qui VIMP le NCo le VPS un NCo ADJ , ce NC ADJ de se INF , de INF vers le NC où il VIMP ce NCo ADJ ce NCs VPS un ADJ NCo ."
1919,1882_Verne_L-Ecole-des-Robinsons_A.txt,"C' était Tartelett , qui , sans viser – il fermait si bien les yeux , l' excellent homme !","ce être NP , qui , sans INF – il VIMP si bien le NCCOR , le ADJ NC !"
1920,1882_Verne_L-Ecole-des-Robinsons_A.txt,"– venait de tirer , et la crosse de son fusil lui appliquait sur la joue droite la plus belle gifle qu' eût jamais reçue un professeur de danse et de maintien.Mais – ce que c' est que le hasard !","– venir de INF , et le NC de DETPOSS NCmod lui VIMP sur le NCCOR ADJ le plus ADJ NCo que avoir ADVTEMPS PPAS un NC de NCmod et de NP – ce que ce être que le NC !"
1921,1882_Verne_L-Ecole-des-Robinsons_A.txt,– un second sauvage tomba près de le chef.Ce fut une déroute alors .,– un NCs ADJ VPS ADVLIEU de le NP être un NC alors .
1922,1882_Verne_L-Ecole-des-Robinsons_A.txt,"Peut-être les survivants pensèrent -ils qu' ils avaient affaire à une nombreuse troupe d' indigènes , à lesquels ils ne pourraient résister ?","peut-être le NCs VCOG il que il avoir NC à un ADJ NCmod de NCmod , à lequel il ne pouvoir INF ?"
1923,1882_Verne_L-Ecole-des-Robinsons_A.txt,"Peut-être furent -ils tout simplement épouvantés à la vue de ces deux Blancs , qui semblaient disposer d' une foudre de poche !","peut-être être il tout ADVMAN VSENT à le NC de ce NUM ADJCOL , qui VIMP INF de un NC de NCmod !"
1924,1882_Verne_L-Ecole-des-Robinsons_A.txt,"Et les voilà , ramassant les deux blessés , les emportant , se précipitant dans leur prao , faisant force de pagaies pour sortir de la petite crique , déployant leur voile , prenant le vent de le large , filant vers le promontoire de Flag-Point , qu' ils ne tardèrent pas à doubler.Godfrey n' eut pas la pensée de les poursuivre .","et le voilà , PPRES le NUM NCo , le PPRES , se PPRES dans lui NC , faire NCSENT de NCmod pour INF de le ADJ NC , PPRES lui NCo , PPRES le NCo de le NCmod , PPRES vers le NC de NP , que il ne VPS pas à NP ne avoir pas le NCo de le INF ."
1925,1882_Verne_L-Ecole-des-Robinsons_A.txt,À quoi bon en tuer davantage ?,à quoi ADJ en INF davantage ?
1926,1882_Verne_L-Ecole-des-Robinsons_A.txt,"Il avait sauvé leur victime , il les avait mis en fuite , c' était là l' important .","il avoir PPAS lui NCo , il le avoir mettre en NC , ce être ADVLIEU le ADJ ."
1927,1882_Verne_L-Ecole-des-Robinsons_A.txt,"Tout cela s' était fait dans de telles conditions que , certainement , ces cannibales n' oseraient jamais revenir à l' île Phina .","tout cela se être faire dans un tel NC que , ADVINT , ce NCs ne VIMP ADVTEMPS INF à le NC NP ."
1928,1882_Verne_L-Ecole-des-Robinsons_A.txt,Tout était donc pour le mieux .,tout être donc pour le mieux .
1929,1882_Verne_L-Ecole-des-Robinsons_A.txt,"Il n' y avait plus qu' à jouir d' une victoire , dont Tartelett n' hésitait pas à s' attribuer la grande part.Pendant ce temps , le prisonnier avait rejoint son sauveur .","il ne y avoir plus que à INF de un NC , dont NP ne VIMP pas à se INF le ADJ PPRES ce temps , le NCs avoir PPAS DETPOSS NCo ."
1930,1882_Verne_L-Ecole-des-Robinsons_A.txt,"Un instant , il s' était arrêté , avec la crainte que lui inspiraient ces êtres supérieurs ; mais , presque aussitôt , il avait repris sa course .","un NC , il se être PPAS , avec le NCSENT que lui VIMP ce être ADJ ; mais , presque aussitôt , il avoir PPAS DETPOSS NCo ."
1931,1882_Verne_L-Ecole-des-Robinsons_A.txt,"Dès qu' il fut arrivé devant les deux Blancs , il se courba jusqu' à le sol ; puis , prenant le pied de Godfrey , il le plaça sur sa tête en signe de servitude .","dès que il être PPAS ADVLIEU le NUM ADJCOL , il se VPS jusque à le NC ; puis , PPRES le NCCOR de NP , il le VPS sur DETPOSS NCCOR en NC de NCmod ."
1932,1882_Verne_L-Ecole-des-Robinsons_A.txt,"C' était à croire que ce naturel de la Polynésie , lui aussi , avait lu Robinson Crusoé !","ce être à VCOG que ce NCs de le NP , lui aussi , avoir PPAS NP NP !"
1933,1882_Verne_L-Ecole-des-Robinsons_A.txt,"XVIIIGodfrey releva aussitôt le pauvre diable , qui restait prosterné devant lui .","NP VPS aussitôt le NCo ADJ , qui VIMP PPAS ADVLIEU lui ."
1934,1882_Verne_L-Ecole-des-Robinsons_A.txt,Il le regarda bien en face .,il le VCOG bien en NC .
1935,1882_Verne_L-Ecole-des-Robinsons_A.txt,"C' était un homme âgé de trente-cinq ans à le plus , uniquement vêtu d' un lambeau d' étoffe qui lui ceignait les reins .","ce être un NC ADJ de NUM NCT à le plus , ADV PPAS de un NC de NCmod qui lui VIMP le NCCOR ."
1936,1882_Verne_L-Ecole-des-Robinsons_A.txt,"À ses traits , comme à la conformation de sa tête , on pouvait reconnaître en lui le type de le Noir africain .","à DETPOSS NC , comme à le NC de DETPOSS NCCOR , on pouvoir VCOG en lui le NCo de le NP ADJ ."
1937,1882_Verne_L-Ecole-des-Robinsons_A.txt,"Le confondre avec les misérables abâtardis de les îles polynésiennes , qui , par la dépression de le crâne , la longueur de les bras , se rapprochent si étrangement de le singe , cela n' eût pas été possible.Maintenant , comment il se faisait qu' un Nègre de le Soudan ou de l' Abyssinie fût tombé entre les mains de les naturels d' un archipel de le Pacifique , on n' aurait pu le savoir que si ce noir eût parlé l' anglais ou l' une de les deux ou trois langues européennes que Godfrey pouvait entendre .","le NC avec le ADJ NCmod de le NCmod ADJ , qui , par le NC de le NCmod , le NCs de le NCCOR , se PRES si ADVMAN de le NC , cela ne avoir pas être ADJ , comment il se faire que un NP de le NP ou de le NP être PPAS entre le NCCOR de le NCmod de un NCmod de le NP , on ne avoir pouvoir le VCOG que si ce NCs avoir PPAS le NCo ou le un de le NUM ou NUM NCCOR ADJ que NP pouvoir VCOG ."
1938,1882_Verne_L-Ecole-des-Robinsons_A.txt,"Mais il fut bientôt constant que ce malheureux n' employait qu' un idiome absolument incompréhensible – probablement le langage de ces indigènes , chez lesquels , sans doute , il était arrivé fort jeune.En effet , Godfrey l' avait immédiatement interrogé en anglais : il n' en avait obtenu aucune réponse .","mais il être bientôt ADJ que ce NCs ne VIMP que un ADJ ADVINT ADJ – ADVINT le NC de ce NCmod , chez lequel , sans NCSENT , il être PPAS fort ADJ NCs , NP le avoir ADVTEMPS VDIC en NC : il ne en avoir PPAS aucun NCo ."
1939,1882_Verne_L-Ecole-des-Robinsons_A.txt,"Il lui fit alors comprendre par signes , non sans peine , qu' il voulait savoir son nom.Apr ès quelques essais infructueux , ce Nègre , qui , en somme , avait une très intelligente et même très honnête figure , répondit à la demande qui lui était faite par ce seul mot :– Carèfinotu .","il lui faire alors VCOG par NC , non sans NCSENT , que il vouloir VCOG DETPOSS NCs ès quelque NCmod ADJ , ce NP , qui , en NC , avoir un très ADJ et même très ADJ NCCOR , VDIC à le NC qui lui être faire par ce ADJ NC :– NP ."
1940,1882_Verne_L-Ecole-des-Robinsons_A.txt,– Carèfinotu !,– NP !
1941,1882_Verne_L-Ecole-des-Robinsons_A.txt,s' écria Tartelett .,se VDIC NP .
1942,1882_Verne_L-Ecole-des-Robinsons_A.txt,Voyez -vous ce nom ?,IMP lui ce NCo ?
1943,1882_Verne_L-Ecole-des-Robinsons_A.txt,"… Je propose , moi , de l' appeler « Mercredi » , puisque c' est aujourd'hui mercredi , ainsi que cela se fait toujours dans les îles à Robinsons !","… je VDIC , soi , de le INF "" ADVT "" , puisque ce être ADVT ADVT , ainsi que cela se faire ADVTEMPS dans le NC à NP !"
1944,1882_Verne_L-Ecole-des-Robinsons_A.txt,"Est -ce qu' il est permis de se nommer Carèfinotu ?– Si c' est son nom , à cet homme , répondit Godfrey , pourquoi ne le garderait -il pas ?","être ce que il être permettre de se INF NP ?– si ce être DETPOSS NC , à ce NC , VDIC NP , pourquoi ne le VCOND il pas ?"
1945,1882_Verne_L-Ecole-des-Robinsons_A.txt,"Et , en ce moment , il sentit une main s' appuyer sur sa poitrine , tandis que toute la physionomie de le Noir semblait lui demander comment il s' appelait lui-même .","et , en ce NC , il sentir un NCCOR se INF sur DETPOSS NC , PHASE que tout le NCs de le NP sembler lui INF comment il se VIMP soi-même ."
1946,1882_Verne_L-Ecole-des-Robinsons_A.txt,– Godfrey !,– NP !
1947,1882_Verne_L-Ecole-des-Robinsons_A.txt,répondit -il .,VDIC il .
1948,1882_Verne_L-Ecole-des-Robinsons_A.txt,"Le Noir essaya de répéter ce nom ; mais bien que Godfrey le lui eût répété plusieurs fois , il ne parvint pas à le prononcer d' une façon intelligible .","le NP VPS de INF ce NCo ; mais bien que NP le lui avoir PPAS plusieurs fois , il ne VPS pas à le INF de un façon ADJ ."
1949,1882_Verne_L-Ecole-des-Robinsons_A.txt,"Alors il se tourna vers le professeur , comme pour savoir le sien .","alors il se VPS vers le NC , comme pour VCOG le NCo ."
1950,1882_Verne_L-Ecole-des-Robinsons_A.txt,"– Tartelett , répondit celui-ci d' un ton aimable .","– NP , VDIC celui-ci de un NCmod ADJ ."
1951,1882_Verne_L-Ecole-des-Robinsons_A.txt,– Tartelett !,– NP !
1952,1882_Verne_L-Ecole-des-Robinsons_A.txt,"répéta Carèfinotu. Et il fallait que cet assemblage de syllabes fût convenable­ment accommodé pour la disposition de les cordes vocales de son gosier , car il le prononça très distinctement .","VPS NP et il VIMP que ce NCspas de NCmod être ADV PPAS pour le NC de le NCmod ADJ de DETPOSS NCmod , car il le VPS très ADV ."
1953,1882_Verne_L-Ecole-des-Robinsons_A.txt,Le professeur en parut extrêmement flatté .,le NC en paraître ADVINT VSENT .
1954,1882_Verne_L-Ecole-des-Robinsons_A.txt,"En vérité , il y avait de quoi l' être !","en NC , il y avoir de quoi le être !"
1955,1882_Verne_L-Ecole-des-Robinsons_A.txt,"C' est alors que Godfrey , voulant mettre à profit l' intelligence de ce Noir , essaya de lui faire comprendre qu' il désirait savoir quel était le nom de l' île .","ce être alors que NP , vouloir mettre à NC le NCo de ce NP , VPS de lui faire VCOG que il VSENT VCOG quel être le NC de le NCmod ."
1956,1882_Verne_L-Ecole-des-Robinsons_A.txt,"Il lui montra donc de la main l' ensemble de les bois , de les prairies , de les collines , puis le littoral qui les encadrait , puis l' horizon de mer , et il l' interrogea de le regard.Car èfinotu , ne comprenant pas immédiatement ce dont il s' agissait , imita le geste de Godfrey , il tourna sur lui-même en parcourant de les yeux tout l' espace .","il lui VPS donc de le NCCOR le ensemble de le NCmod , de le NC , de le NC , puis le NC qui le VIMP , puis le NC de NCmod , et il le VPS de le NP èfinoil , ne VCOG pas ADVTEMPS ce dont il se VIMP , VPS le NCo de NP , il VPS sur soi-même en PPRES de le NCCOR tout le NC ."
1957,1882_Verne_L-Ecole-des-Robinsons_A.txt,"– Arneka , dit -il enfin .","– NP , VDIC il PHASE ."
1958,1882_Verne_L-Ecole-des-Robinsons_A.txt,– Arneka ?,– NP ?
1959,1882_Verne_L-Ecole-des-Robinsons_A.txt,reprit Godfrey en frappant le sol de le pied pour mieux accentuer sa demande .,VPS NP en frapper le NCo de le NCCOR pour mieux INF DETPOSS NCo .
1960,1882_Verne_L-Ecole-des-Robinsons_A.txt,– Arneka !,– NP !
1961,1882_Verne_L-Ecole-des-Robinsons_A.txt,"répéta le Noir.Cela n' apprenait rien à Godfrey , ni sur le nom géographique que devait porter l' île , ni sur sa situation dans le Pacifique .","VPS le NP ne VCOG rien à NP , ni sur le NC ADJ que devoir INF le NCo , ni sur DETPOSS NC dans le NP ."
1962,1882_Verne_L-Ecole-des-Robinsons_A.txt,"Ses souvenirs ne lui rappelaient aucunement ce nom : c' était probablement une dénomination indigène , peut-être inconnue de les cartographes .","DETPOSS NCs ne lui VIMP aucunement ce NCo : ce être ADVINT un NC ADJ , peut-être ADJ de le NC ."
1963,1882_Verne_L-Ecole-des-Robinsons_A.txt,"Cependant , Carèfinotu ne cessait de regarder les deux Blancs , non sans quelque stupeur , allant de l' un à l' autre , comme s' il eût voulu bien établir dans son esprit les différences qui les caractérisaient .","cependant , NP ne VASP de VCOG le NUM ADJCOL , non sans quelque NCSENT , aller de le un à le autre , comme si il avoir vouloir bien INF dans DETPOSS NC le NCo qui le VIMP ."
1964,1882_Verne_L-Ecole-des-Robinsons_A.txt,"Sa bouche souriait en découvrant de magnifiques dents blanches , que Tartelett n' examinait pas sans une certaine réserve .","DETPOSS NCCOR VIMP en VCOG un ADJ NCCOR ADJCOL , que NP ne VIMP pas sans un ADJ NC ."
1965,1882_Verne_L-Ecole-des-Robinsons_A.txt,"– Si ces dents -là , dit -il , n' ont jamais mordu à la chair humaine , je veux que ma pochette éclate dans ma main !– En tout cas , Tartelett , répondit Godfrey , notre nouveau compagnon n' a plus l' air d' un pauvre diable que l' on va faire cuire et manger !","– si ce NCCOR ADVLIEU , VDIC il , ne avoir ADVTEMPS PPAS à le NCCOR ADJ , je vouloir que DETPOSS NCs PRES dans DETPOSS NCCOR !– en tout NC , NP , VDIC NP , DETPOSS ADJ NCs ne avoir plus le NCMAN de un NCmod ADJ que l' on aller faire INF et INF !"
1966,1882_Verne_L-Ecole-des-Robinsons_A.txt,C' est le principal !,ce être le NC !
1967,1882_Verne_L-Ecole-des-Robinsons_A.txt,"Ce qui attirait plus particulièrement l' attention de Carèfinotu , c' étaient les armes que portaient Godfrey et Tartelett – aussi bien le fusil qu' ils tenaient à la main que le revolver passé à leur ceinture.Godfrey s' aperçut aisément de ce sentiment de curiosité , Il était évident que le sauvage n' avait jamais vu d' arme à feu .","ce qui VIMP plus ADVINT le NCo de NP , ce être le NC que VIMP NP et NP – aussi bien le NC que il VIMP à le NCCOR que le NCs PPAS à lui NP se VPS ADV de ce NCSENT de NCSENT , il être ADJ que le NCs ne avoir ADVTEMPS VCOG un NCo à NCmod ."
1968,1882_Verne_L-Ecole-des-Robinsons_A.txt,"Se disait -il que c' était un de ces tubes de fer qui avait lancé la foudre , amené sa propre délivrance ?","se VDIC il que ce être un de ce NC de NCmod qui avoir PPAS le NCo , PPAS DETPOSS ADJ NCo ?"
1969,1882_Verne_L-Ecole-des-Robinsons_A.txt,"On pouvait en douter.Godfrey voulut alors lui donner , non sans raison , une haute idée de la puissance de les Blancs .","on pouvoir en NP vouloir alors lui INF , non sans NC , un ADJ NCo de le NCmod de le NP ."
1970,1882_Verne_L-Ecole-des-Robinsons_A.txt,"Il arma son fusil , puis , montrant à Carèfinotu une bartavelle qui voletait dans la prairie à une cinquantaine de pas , il épaula vivement , et fit feu : l' oiseau tomba.Au bruit de la détonation , le Noir avait fait un saut prodigieux , que Tartelett ne put s' empêcher d' admirer à le point de vue chorégraphique .","il VPS DETPOSS NCo , puis , PPRES à NP un NCo qui VIMP dans le NC à un NCmod de pas , il VPS ADVINT , et faire NCo : le NC NP NC de le NCmod , le NP avoir faire un NCo ADJ , que NP ne pouvoir se INF de VSENT à le NC de NCmod ADJ ."
1971,1882_Verne_L-Ecole-des-Robinsons_A.txt,"Surmontant alors sa frayeur , voyant le volatile qui , l' aile cassée , se traînait dans les herbes , il prit son élan , et , aussi rapide qu' un chien de chasse , il courut vers l' oiseau , puis , avec force gambades , moitié joyeux , moitié stupéfait , il le rapporta à son maître.Tartelett eut alors la pensée de montrer à Carèfinotu que le Grand-Esprit l' avait gratifié , lui aussi , de la puissance fou­droyante .","PPRES alors DETPOSS NCSENT , VCOG le NCo qui , le NC ADJ , se VIMP dans le NC , il VPS DETPOSS NCo , et , aussi ADJ que un NC de NCmod , il VPS vers le NC , puis , avec NCSENT ADJ , PPAS NC , PPAS ADJ , il le VPS à DETPOSS NC avoir alors le NCo de INF à NP que le NP le avoir PPAS , lui aussi , de le NC ADJ ."
1972,1882_Verne_L-Ecole-des-Robinsons_A.txt,"Aussi , apercevant un martin-pêcheur , tranquillement perché sur un vieux tronc , près de le rio , il le coucha en joue .","aussi , PPRES un NCo , ADVMAN PPAS sur un ADJ NC , ADVLIEU de le NP , il le VPS en NCCOR ."
1973,1882_Verne_L-Ecole-des-Robinsons_A.txt,– Non !,– non !
1974,1882_Verne_L-Ecole-des-Robinsons_A.txt,fit aussitôt Godfrey .,faire aussitôt NP .
1975,1882_Verne_L-Ecole-des-Robinsons_A.txt,"Ne tirez pas , Tartelett !– Et pourquoi ?– Songez donc !","ne IMP pas , NP !– et pourquoi ?– NP donc !"
1976,1882_Verne_L-Ecole-des-Robinsons_A.txt,"si , par malchance , vous alliez manquer cet oiseau , nous serions diminués dans l' esprit de ce Noir !– Et pourquoi le manquerais -je ?","si , par NC , vous aller INF ce NCo , nous NCmod PPAS dans le NC de ce NP !– et pourquoi le NCs je ?"
1977,1882_Verne_L-Ecole-des-Robinsons_A.txt,"répondit Tartelett , non sans une petite pointe d' aigreur .","VDIC NP , non sans un ADJ NC de NCSENT ."
1978,1882_Verne_L-Ecole-des-Robinsons_A.txt,"Est -ce que pendant la bataille , à plus de cent pas , pour la première fois que je maniais un fusil , je n' ai pas touché en pleine poitrine l' un de ces anthropophages ?– Vous l' avez touché , évidemment , dit Godfrey , puisqu' il est tombé , mais , croyez-moi , Tartelett , dans l' intérêt commun , ne tentez pas deux fois la fortune !","être ce que PHASE le NC , à plus de NUM pas , pour le ADJ fois que je VIMP un NCo , je ne avoir pas PPAS en ADJ NC le un de ce NCmod ?– vous le avoir PPAS , ADV , VDIC NP , puisque il être PPAS , mais , NCs , NP , dans le NCSENT ADJ , ne IMP pas NUM fois le NCo !"
1979,1882_Verne_L-Ecole-des-Robinsons_A.txt,"Le professeur , un peu dépité , se laissa convaincre , cependant ; il remit son fusil sur son épaule – crânement – , et tous deux , suivis de Carèfinotu , revinrent à Will-Tree .","le NCs , un peu NC , se laisser INF , cependant ; il VPS DETPOSS NCo sur DETPOSS NCCOR – ADVMAN – , et tout NUM , PPAS de NP , VPS à NP ."
1980,1882_Verne_L-Ecole-des-Robinsons_A.txt,"Là , ce fut une véritable surprise pour le nouvel hôte de l' île Phina , que cet aménagement si heureusement disposé dans la partie inférieure de le séquoia .","ADVLIEU , ce être un véritable NCSENT pour le ADJ NCmod de le NCmod NP , que ce NC si heureusement PPAS dans le NC ADJ de le NCmod ."
1981,1882_Verne_L-Ecole-des-Robinsons_A.txt,"On dut tout d' abord lui indiquer , en les employant devant lui , à quel usage servaient ces outils , ces instruments , ces ustensiles .","on devoir tout de NC lui INF , en le PPRES ADVLIEU lui , à quel NC VIMP ce NCo , ce NC , ce NC ."
1982,1882_Verne_L-Ecole-des-Robinsons_A.txt,"Il fallait que Carèfinotu appartînt ou eût vécu chez de les sauvages placés à le dernier rang de l' échelle humaine , car le fer même semblait lui être inconnu .","il VIMP que NP PRES ou avoir PPAS chez de le NC PPAS à le ADJ NC de le NCmod ADJ , car le NCs même sembler lui être PPAS ."
1983,1882_Verne_L-Ecole-des-Robinsons_A.txt,"Il ne comprenait pas que la marmite ne prît pas feu , quand on la mettait sur de les charbons ardents ; il voulait la retirer , à le grand déplaisir de Tartelett , chargé de surveiller les différentes phases de le bouillon .","il ne VCOG pas que le NCs ne PRES pas ADJ , quand on le mettre sur de le NC ADJ ; il vouloir le INF , à le ADJ NCSENT de NP , PPAS de INF le ADJ NCo de le NCmod ."
1984,1882_Verne_L-Ecole-des-Robinsons_A.txt,"Devant un miroir qui lui fut présenté , il éprouva aussi une stupéfaction complète : il le tournait , il le retournait pour voir si sa propre personne ne se trouvait pas derrière .","ADVLIEU un NC qui lui être PPAS , il VSENT aussi un NCSENT ADJ : il le VIMP , il le VIMP pour VCOG si DETPOSS ADJ NCs ne se VIMP pas ADVLIEU ."
1985,1882_Verne_L-Ecole-des-Robinsons_A.txt,"– Mais , c' est à peine un singe , ce moricaud !","– mais , ce être à NCSENT un NC , ce NC !"
1986,1882_Verne_L-Ecole-des-Robinsons_A.txt,"s' écria le professeur , en faisant une moue dédaigneuse .","se VDIC le NCs , en faire un NCo ADJ ."
1987,1882_Verne_L-Ecole-des-Robinsons_A.txt,"– Non , Tartelett , répondit Godfrey , c' est plus qu' un singe , puisqu' il regarde derrière le miroir – ce qui prouve de sa part un raisonnement dont n' est capable aucun animal !– Enfin , je le veux bien , admettons que ce ne soit pas un singe , dit Tartelett , en secouant la tête d' un air peu convaincu ; mais nous verrons bien si un pareil être peut nous être bon à quelque chose !– J' en suis sûr !","– non , NP , VDIC NP , ce être plus que un NC , puisque il VCOG ADVLIEU le NC – ce qui PRES de DETPOSS NC un NC dont ne être ADJ aucun NC !– PHASE , je le vouloir bien , IMP que ce ne être pas un NC , VDIC NP , en PPRES le NCCOR de un NCMAN peu PPAS ; mais nous VCOG bien si un NCs être pouvoir nous être ADJ à quelque chose !– je en être ADJ !"
1988,1882_Verne_L-Ecole-des-Robinsons_A.txt,"répondit Godfrey.En tout cas , Carèfinotu ne se montra pas difficile devant les mets qui lui furent présentés .","VDIC NP tout NC , NP ne se VPS pas ADJ ADVLIEU le NC qui lui être PPAS ."
1989,1882_Verne_L-Ecole-des-Robinsons_A.txt,"Il les flaira d' abord , il y goûta de le bout de les dents , et , en fin de compte , le déjeuner dont il prit sa part , la soupe d' agouti , la bartavelle tuée par Godfrey , une épaule de mouton , accompagnée de camas et de yamph , suffirent à peine à calmer la faim qui le dévorait .","il le VF de NC , il y VPS de le NC de le NCCOR , et , en NCmod de NCmod , le NCmod dont il VPS DETPOSS NCo , le NC de NCmod , le NC PPAS par NP , un NCCOR de NCmod , PPAS de NC et de NC , VPS à NCSENT à VSENT le NCo qui le VSENT ."
1990,1882_Verne_L-Ecole-des-Robinsons_A.txt,– Je vois que ce pauvre diable a bon appétit !,– je ADV que ce NCs ADJ avoir ADJ ADJ !
1991,1882_Verne_L-Ecole-des-Robinsons_A.txt,dit Godfrey .,VDIC NP .
1992,1882_Verne_L-Ecole-des-Robinsons_A.txt,"– Oui , répondit Tartelett , et on fera bien de surveiller ses instincts de cannibale , à ce gaillard -là !– Allons donc , Tartelett !","– oui , VDIC NP , et on faire bien de INF DETPOSS NCo de NCmod , à ce NC ADVLIEU !– aller donc , NP !"
1993,1882_Verne_L-Ecole-des-Robinsons_A.txt,"Nous saurons lui faire passer le goût de la chair humaine , s' il l' a jamais eu !– Je n' en jurerais pas , répondit le professeur .","nous VF lui faire INF le NCo de le NCCOR ADJ , si il le avoir ADVTEMPS avoir !– je ne en VCOND pas , VDIC le NCo ."
1994,1882_Verne_L-Ecole-des-Robinsons_A.txt,Il paraît que lorsqu' on y a goûté !,il paraître que lorsque on y avoir PPAS !
1995,1882_Verne_L-Ecole-des-Robinsons_A.txt,"…Pendant que tous deux causaient ainsi , Carèfinotu les écoutait avec une extrême attention .","ADV que tout deux VIMP ainsi , NP le VCOG avec un ADJ NC ."
1996,1882_Verne_L-Ecole-des-Robinsons_A.txt,Ses yeux brillaient d' intelligence .,DETPOSS NCCOR VIMP de NC .
1997,1882_Verne_L-Ecole-des-Robinsons_A.txt,On voyait qu' il aurait voulu comprendre ce qui se disait en sa présence .,on VCOG que il avoir vouloir VCOG ce qui se VDIC en DETPOSS NC .
1998,1882_Verne_L-Ecole-des-Robinsons_A.txt,"Il parlait alors , lui aussi , avec une extrême volubilité , mais ce n' était qu' une suite d' onomatopées dénuées de sens , d' interjections criardes , où dominaient les a et les ou , comme dans la plupart de les idiomes polynésiens.Enfin , quel qu' il fût , ce Noir , si providentiellement sauvé , c' était un nouveau compagnon ; disons -le , ce devait être un dévoué serviteur , un véritable esclave , que le hasard le plus inattendu venait d' envoyer à les hôtes de Will-Tree .","il VIMP alors , lui aussi , avec un ADJ NC , mais ce ne être que un NC de NCmod PPAS de NC , de NCmod ADJ , où VIMP le avoir et le ou , comme dans le NC de le NCmod NP , quel que il être , ce NP , si ADV PPAS , ce être un ADJ NC ; VDIC le , ce devoir être un ADJ NC , un véritable NC , que le NCs le plus ADJ venir de INF à le NC de NP ."
1999,1882_Verne_L-Ecole-des-Robinsons_A.txt,"Il était vigoureux , adroit , actif ; par la suite , aucune besogne ne le rebuta .","il être ADJ , NC , ADJ ; par le NC , aucun NCs ne le VSENT ."
2000,1882_Verne_L-Ecole-des-Robinsons_A.txt,Il montrait une réelle aptitude à imiter ce qu' il voyait faire .,il VIMP un ADJ NCo à INF ce que il VCOG faire .
2001,1882_Verne_L-Ecole-des-Robinsons_A.txt,Ce fut de cette manière que Godfrey procéda à son éducation .,ce être de ce NC que NP VPS à DETPOSS NC .
2002,1882_Verne_L-Ecole-des-Robinsons_A.txt,"Le soin de les animaux domestiques , la récolte de les racines et de les fruits , le dépeçage de les moutons ou agoutis , qui devaient servir à la nourriture de le jour , la fabrication d' une sorte de cidre que l' on tirait de les pommes sauvages de le manzanilla , il s' acquittait soigneusement de tout , après l' avoir vu faire.Quoi qu' en pût penser Tartelett , Godfrey n' éprouva jamais aucune défiance de ce sauvage , et il ne semblait pas qu' il dût jamais avoir lieu de s' en repentir .","le NC de le NCmod ADJ , le NC de le NCmod et de le NC , le NC de le NCmod ou NC , qui devoir INF à le NC de le NCT , le NC de un sorte de NCmod que l' on VCOND de le NC ADJ de le NCmod , il se VIMP ADV de tout , PHASE le avoir VCOG NP que en NC VCOG NP , NP ne VSENT ADVTEMPS aucun NCo de ce NCmod , et il ne sembler pas que il VSUBI ADVTEMPS avoir NCo de se en INF ."
2003,1882_Verne_L-Ecole-des-Robinsons_A.txt,"S' il s' inquiétait , c' était de le retour possible de les cannibales , qui connaissaient maintenant la situation de l' île Phina. Dès le premier jour , une couchette avait été réservée à Carèfinotu dans la chambre de Will-Tree ; mais le plus souvent , à moins que la pluie ne tombât , il préférait dormir au-dehors , dans quelque creux d' arbre , comme s' il eût voulu être mieux posté pour la garde de l' habitation.Pendant les quinze jours qui suivirent son arrivée sur l' île , Carèfinotu accompagna plusieurs fois Godfrey à la chasse .","si il se VSENT , ce être de le NC ADJ de le NCmod , qui VIMP ADVT le NCo de le NCmod NP dès le ADJ NCT , un NCspas avoir être PPAS à NP dans le NC de NP ; mais le plus ADVTEMPS , à moins que le NCs ne VSUBI , il VCOND INF ADV , dans quelque NC de NCmod , comme si il avoir vouloir être mieux PPAS pour le NC de le NCmod le NUM NCT qui VPS DETPOSS NCo sur le NCmod , NP VPS plusieurs fois NP à le NC ."
2004,1882_Verne_L-Ecole-des-Robinsons_A.txt,"Sa surprise était toujours extrême à voir tomber les pièces de gibier , ainsi frappées à distance ; mais alors il faisait office de chien avec un entrain , un élan , qu' aucun obstacle , haie , buisson , ruisseau , ne pouvait arrêter .","DETPOSS NCSENT être ADVTEMPS ADJ à VCOG INF le NCo de NCmod , ainsi frapper à NC ; mais alors il faire NCo de NCmod avec un NC , un NC , que aucun NCs , NC , NC , NC , ne pouvoir INF ."
2005,1882_Verne_L-Ecole-des-Robinsons_A.txt,"Peu à peu , Godfrey s' attacha donc très sérieusement à ce Noir .","peu à peu , NP se VPS donc très ADVMAN à ce NP ."
2006,1882_Verne_L-Ecole-des-Robinsons_A.txt,Il n' y avait qu' un progrès à lequel Carèfinotu se montrait absolument réfractaire : c' était l' emploi de la langue anglaise .,il ne y avoir que un NCo à lequel NP se VIMP ADVINT INF : ce être le NC de le NCCOR ADJ .
2007,1882_Verne_L-Ecole-des-Robinsons_A.txt,"Quelque effort qu' il y mît , il ne parvenait pas à prononcer les mots les plus usuels que Godfrey , et surtout le professeur Tartelett , s' entêtant à cette tâche , essayaient de lui apprendre.Ainsi se passait le temps .","quelque NC que il y PRES , il ne VIMP pas à INF le NCo le plus ADJ que NP , et surtout le NC NP , se PPRES à ce NC , VIMP de lui apprendre.Ainsi se VIMP le temps ."
2008,1882_Verne_L-Ecole-des-Robinsons_A.txt,"Mais si le présent était assez supportable , grâce à un heureux concours de circonstances , si aucun danger immédiat ne menaçait , Godfrey ne devait -il pas se demander comment il pourrait jamais quitter cette île , par quel moyen il parviendrait enfin à se rapatrier !","mais si le NCs être ADV ADJ , ADV à un ADJ NC de NCmod , si aucun NCs ADJ ne VDIC , NP ne devoir il pas se INF comment il pouvoir ADVTEMPS INF ce NCo , par quel NC il VCOND PHASE à se INF !"
2009,1882_Verne_L-Ecole-des-Robinsons_A.txt,"Pas de jour où il ne pensât à son oncle Will , à sa fiancée !","pas de NCT où il ne VCOG à DETPOSS NC NP , à DETPOSS NC !"
2010,1882_Verne_L-Ecole-des-Robinsons_A.txt,"Ce n' était pas sans une secrète appréhension qu' il voyait s' approcher la saison mauvaise , qui mettrait entre ses amis , sa famille et lui , une barrière plus infranchissable encore !","ce ne être pas sans un ADJ NCSENT que il VCOG se INF le NCo ADJ , qui mettre entre DETPOSS NC , DETPOSS NC et lui , un NC plus ADJ encore !"
2011,1882_Verne_L-Ecole-des-Robinsons_A.txt,"Le 27 septembre , une circonstance se produisit .","le NUM MOIS , un NCs se VPS ."
2012,1882_Verne_L-Ecole-des-Robinsons_A.txt,"Si elle amena un surcroît de besogne pour Godfrey et ses deux compagnons , elle leur assura , de le moins , une abondante réserve de nourriture.Godfrey et Carèfinotu étaient occupés à la récolte de les mollusques à la pointe extrême de Dream-Bay , lorsqu' ils aperçurent sous le vent une innombrable quantité de petits îlots mobiles , que la marée montante poussait doucement vers le littoral .","si il VPS un NCo de NCmod pour NP et DETPOSS NUM NC , il lui VF , de le moins , un ADJ NCspas de NP et NP être PPAS à le NC de le NCmod à le NCmod ADJ de NP , lorsque il VPS sous le NC un ADJ NCo de ADJ NCmod ADJ , que le NCs ADJ VIMP ADVMAN vers le NC ."
2013,1882_Verne_L-Ecole-des-Robinsons_A.txt,"C' était comme une sorte d' archipel flottant , à la surface de lequel se promenaient ou voletaient quelques -uns de ces oiseaux de mer à vaste envergure , que l' on désigne parfois sous le nom d' éperviers marins.Qu ' étaient donc ces masses , qui voguaient de conserve , s' élevant ou s' abaissant à l' ondulation de les lames ?","ce être comme un sorte de NCmod ADJ , à le NC de lequel se VIMP ou VIMP quelque NCo de ce NCmod de NCmod à ADJ NCmod , que l' on PRES ADVTEMPS sous le NC de NCmod NP ' être donc ce NC , qui VIMP de NC , se PPRES ou se PPRES à le NC de le NCmod ?"
2014,1882_Verne_L-Ecole-des-Robinsons_A.txt,"Godfrey ne savait que penser , lorsque Carèfinotu se jeta à plat ventre ; puis , ramassant sa tête dans ses épaules , repliant sous lui ses bras et ses jambes , il se mit à imiter les mouvements d' un animal qui rampe lentement sur le sol.Godfrey le regardait , sans rien comprendre à cette bizarre gymnastique .","NP ne VCOG que VCOG , lorsque NP se VPS à ADJ NCCOR ; puis , PPRES DETPOSS NCCOR dans DETPOSS NCCOR , PPRES sous lui DETPOSS NCCOR et DETPOSS NCCOR , il se mettre à INF le NCo de un NCmod qui PRES ADV sur le NP le VCOG , sans rien VCOG à ce NC ADJ ."
2015,1882_Verne_L-Ecole-des-Robinsons_A.txt,"Puis , tout à coup :– De les tortues !","puis , tout à NC :– de le NCmod !"
2016,1882_Verne_L-Ecole-des-Robinsons_A.txt,s' écria -t -il.Carèfinotu ne s' était point trompé .,se VDIC t -il.Carèfinotu ne se être ADV PPAS .
2017,1882_Verne_L-Ecole-des-Robinsons_A.txt,"Il y avait là , sur un espace d' un mille carré , de les myriades de tortues qui nageaient à fleur d' eau .","il y avoir ADVLIEU , sur un NC de un NUM NCmod , de le NC de NCmod qui VIMP à NC de NCmod ."
2018,1882_Verne_L-Ecole-des-Robinsons_A.txt,"Cent brasses avant d' atteindre le littoral , la plupart disparurent en plongeant , et les éperviers , à lesquels le point d' appui vint à manquer , s' élevèrent dans l' air en décrivant de larges spirales .","NUM NC PHASE de INF le NCo , le NC VPS en PPRES , et le NC , à lequel le NC de NCmod venir à INF , se VPS dans le NCMAN en PPRES de NC ADJ ."
2019,1882_Verne_L-Ecole-des-Robinsons_A.txt,"Mais , très heureusement , une centaine de ces amphibies ne tardèrent pas à s' échouer à le rivage.Godfrey et le Noir eurent vite fait de courir sur la grève au-devant de ce gibier marin , dont chaque pièce mesurait à le moins trois à quatre pieds de diamètre .","mais , très heureusement , un NCs de ce NCmod ne VPS pas à se INF à le NP et le NP VPS ADV NC de INF sur le NC ADVLIEU de ce NC ADJ , dont chaque NCs VCOND à le moins NUM à NUM NCCOR de NCmod ."
2020,1882_Verne_L-Ecole-des-Robinsons_A.txt,"Or , le seul moyen d' empêcher ces tortues de regagner la mer , c' était de les retourner sur le dos ; ce fut donc à cette rude besogne que Godfrey et Carèfinotu s' occupèrent , non sans grande fatigue.Les jours suivants furent consacrés à recueillir tout ce butin .","or , le ADJ NC de INF ce NCo de INF le NCo , ce être de le INF sur le NCCOR ; ce être donc à ce NCs PRES que NP et NP se PRES , non sans ADJ fatigue.Les NCT ADJ être PPAS à INF tout ce NCo ."
2021,1882_Verne_L-Ecole-des-Robinsons_A.txt,"La chair de tortue , qui est excellente fraîche ou conservée , pouvait être gardée sous ces deux formes .","le NCCOR de NCmod , qui être ADJ NC ou NC , pouvoir être PPAS sous ce NUM NC ."
2022,1882_Verne_L-Ecole-des-Robinsons_A.txt,"En prévision de l' hiver , Godfrey en fit saler la plus grande partie , de manière à pouvoir s' en servir pour les besoins de chaque jour .","en NC de le NCmod , NP en faire INF le plus ADJ NCo , de NC à pouvoir se en INF pour le NC de chaque NCT ."
2023,1882_Verne_L-Ecole-des-Robinsons_A.txt,"Mais , pendant quelque temps , il y eut sur la table certains bouillons de tortue , dont Tartelett ne fut pas seul à se régaler.À part cet incident , la monotonie de l' existence ne fut plus troublée en rien .","mais , PHASE quelque temps , il y avoir sur le NC certain NCo de NCmod , dont NP ne être pas ADJ à se régaler.e NC ce NC , le NCspas de le NCmod ne être plus VSENT en rien ."
2024,1882_Verne_L-Ecole-des-Robinsons_A.txt,"Chaque jour , les mêmes heures étaient consacrées à les mêmes travaux .","chaque NCT , le même NCT être PPAS à le même NC ."
2025,1882_Verne_L-Ecole-des-Robinsons_A.txt,"Cette vie ne serait -elle pas plus triste encore , lorsque la saison d' hiver obligerait Godfrey et ses compagnons à se renfermer dans Will-Tree ?","ce NCs ne être il pas plus ADJ encore , lorsque le NCs de NCmod VCOND NP et DETPOSS NC à se INF dans NP ?"
2026,1882_Verne_L-Ecole-des-Robinsons_A.txt,Godfrey n' y songeait pas sans une certaine anxiété .,NP ne y VIMP pas sans un ADJ NCSENT .
2027,1882_Verne_L-Ecole-des-Robinsons_A.txt,Mais qu' y faire ?,mais que y faire ?
2028,1882_Verne_L-Ecole-des-Robinsons_A.txt,"En attendant , il continuait à explorer l' île Phina , il employait à chasser tout le temps que ne réclamait pas une plus pressante besogne .","en PPRES , il VIMP à INF le NCo NP , il VIMP à INF tout le temps que ne VIMP pas un plus ADJ NCo ."
2029,1882_Verne_L-Ecole-des-Robinsons_A.txt,"Le plus souvent , Carèfinotu l' accompagnait , tandis que Tartelett restait à le logis .","le plus ADVTEMPS , NP le VIMP , PHASE que NP VIMP à le NC ."
2030,1882_Verne_L-Ecole-des-Robinsons_A.txt,"Décidément , il n' était pas chasseur , bien que son premier coup de fusil eût été un coup de maître !","ADV , il ne être pas NC , bien que DETPOSS ADJ NCs de NCmod avoir être un NCmod de NCmod !"
2031,1882_Verne_L-Ecole-des-Robinsons_A.txt,"Or , ce fut pendant une de ces excursions qu' il se produisit un incident inattendu , de nature à compromettre gravement dans l' avenir la sécurité de les hôtes de Will-Tree.Godfrey et le Noir étaient allés chasser dans la grande forêt centrale , à le pied de la colline qui formait l' arête principale de l' île Phina .","or , ce être PHASE un de ce NCmod que il se VPS un NCs ADJ , de NCmod à INF ADVMAN dans le NC le NCSENT de le NCmod de NP et le NP être aller INF dans le ADJ NC ADJ , à le NCCOR de le NCmod qui VIMP le NCo ADJ de le NCmod NP ."
2032,1882_Verne_L-Ecole-des-Robinsons_A.txt,"Depuis le matin , ils n' avaient vu passer que deux ou trois antilopes à travers les hautes futaies , mais à une trop grande distance pour qu' il eût été possible de les tirer avec quelque chance de les abattre.Or , comme Godfrey , qui n' était point en quête de menu gibier , ne cherchait pas à détruire pour détruire , il se résignait à revenir bredouille .","depuis le NCT , il ne avoir VCOG INF que NUM ou NUM NCs à travers le ADJ NCmod , mais à un trop ADJ NC pour que il avoir être ADJ de le INF avec quelque NC de le NP , comme NP , qui ne être PPAS en NC de NCmod ADJ , ne VIMP pas à INF pour INF , il se VIMP à INF NCo ."
2033,1882_Verne_L-Ecole-des-Robinsons_A.txt,"S' il le regrettait , ce n' était pas tant pour la chair d' antilope que pour la peau de ces ruminants , dont il comptait faire un bon emploi.Il était déjà trois heures après-midi .","si il le VIMP , ce ne être pas tant pour le NCCOR de NCmod que pour le NCCOR de ce NCmod , dont il VIMP faire un ADJ NCo être déjà NUM NCT NCT ."
2034,1882_Verne_L-Ecole-des-Robinsons_A.txt,"Avant comme après le déjeuner , que son compagnon et lui avaient fait sous bois , il n' avait pas été plus heureux .","PHASE comme PHASE le NC , que DETPOSS NC et lui avoir faire sous NC , il ne avoir pas être plus ADJ ."
2035,1882_Verne_L-Ecole-des-Robinsons_A.txt,"Tous deux s' apprêtaient donc à regagner Will-Tree pour l' heure de le dîner , lorsque , à le moment de franchir la lisière de la forêt , Carèfinotu fit un bond ; puis , se précipitant sur Godfrey , il le saisit par les épaules et l' entraîna avec une vigueur telle , que celui-ci ne put résister.Vingt pas plus loin , Godfrey s' arrêtait , il reprenait haleine , et , se tournant vers Carèfinotu , il l' interrogeait de le regard.Le Noir , très effrayé , la main tendue , montrait un animal immobile , à moins de cinquante pas .","tout NUM se VIMP donc à INF NP pour le NCT de le NCmod , lorsque , à le NC de INF le NCo de le NCmod , NP faire un NCo ; puis , se PPRES sur NP , il le PRES par le NCCOR et le NC avec un NCSENT tel , que celui-ci ne pouvoir NP pas plus ADVLIEU , NP se VIMP , il VIMP ADJ , et , se PPRES vers NP , il le VDIC de le NP NP , très VSENT , le NCCOR ADJ , VIMP un NCo ADJ , à moins de NUM pas ."
2036,1882_Verne_L-Ecole-des-Robinsons_A.txt,"C' était un ours gris , dont les pattes embrassaient le tronc d' un arbre , et qui remuait de haut en bas sa grosse tête , comme s' il eût été sur le point de se jeter sur les deux chasseurs.Aussit ôt , sans même prendre le temps de la réflexion , Godfrey arma son fusil et fit feu , avant que Carèfinotu n' eût pu l' en empêcher .","ce être un NC ADJCOL , dont le NCs VIMP le NCo de un NCmod , et qui VIMP de NC en ADJ DETPOSS ADJ NCCOR , comme si il avoir être sur le NC de se INF sur le NUM NP PRES , sans même INF le temps de le NCmod , NP VPS DETPOSS NCo et faire NCo , PHASE que NP ne avoir pouvoir le en INF ."
2037,1882_Verne_L-Ecole-des-Robinsons_A.txt,L' énorme plantigrade fut -il atteint par la balle ?,le ADJ NCspas être il PPAS par le NC ?
2038,1882_Verne_L-Ecole-des-Robinsons_A.txt,c' est probable .,ce être ADJ .
2039,1882_Verne_L-Ecole-des-Robinsons_A.txt,Était -il tué ?,être il PPAS ?
2040,1882_Verne_L-Ecole-des-Robinsons_A.txt,"on ne pouvait l' assurer ; mais ses pattes se détendirent , et il roula à le pied de l' arbre.Il n' y avait pas à s' attarder .","on ne pouvoir le INF ; mais DETPOSS NCs se VPS , et il VPS à le NCCOR de le NP ne y avoir pas à se INF ."
2041,1882_Verne_L-Ecole-des-Robinsons_A.txt,Une lutte directe avec un aussi formidable animal aurait pu avoir les plus funestes résultats .,un NCs ADJ avec un aussi ADJ ADJ avoir pouvoir avoir le plus ADJ NCo .
2042,1882_Verne_L-Ecole-des-Robinsons_A.txt,"On sait que , dans les forêts de la Californie , l' attaque de les ours gris fait courir , même à les chasseurs de profession , les plus terribles dangers.Aussi , le Noir saisit -il Godfrey par le bras , afin de l' entraîner rapidement vers Will-Tree .","on VCOG que , dans le NC de le NP , le NC de le NCmod ADJCOL faire INF , même à le NC de NCmod , le plus ADJ NP , le NP PRES il NP par le NCCOR , ADV de le INF ADVMAN vers NP ."
2043,1882_Verne_L-Ecole-des-Robinsons_A.txt,"Godfrey , comprenant qu' il ne saurait être trop prudent , se laissa faire.XIXLa présence d' un fauve redoutable dans l' île Phina , c' était là , on en conviendra , de quoi préoccuper à le plus haut point ceux que la mauvaise fortune y avait jetés.Godfrey – peut-être eut -il tort – ne crut pas devoir cacher à Tartelett ce qui venait de se passer .","NP , VCOG que il ne VCOND être trop ADJ , se laisser faire.XIXLa NCs de un ADJCOL ADJ dans le NCmod NP , ce être ADVLIEU , on en VF , de quoi VSENT à le plus ADJ NC celui que le ADJ NCs y avoir NP – peut-être avoir il PPAS – ne VPS pas devoir INF à NP ce qui venir de se INF ."
2044,1882_Verne_L-Ecole-des-Robinsons_A.txt,– Un ours !,– un NC !
2045,1882_Verne_L-Ecole-des-Robinsons_A.txt,"s' écria le professeur en regardant autour de lui d' un œil effaré , comme si les environs de Will-Tree eussent été assaillis par une bande de ces fauves .","se VDIC le NCo en VCOG ADV de lui de un NC VSENT , comme si le NCs de NP eussent être PPAS par un NC de ce ADJCOL ."
2046,1882_Verne_L-Ecole-des-Robinsons_A.txt,Pourquoi un ours ?,pourquoi un NC ?
2047,1882_Verne_L-Ecole-des-Robinsons_A.txt,Jusqu' ici il n' y avait pas eu d' ours dans notre île !,jusque ADVLIEU il ne y avoir pas avoir un NCo dans DETPOSS NC !
2048,1882_Verne_L-Ecole-des-Robinsons_A.txt,"S' il y en a un , il peut s' en trouver plusieurs , et même un grand nombre d' autres bêtes féroces : de les jaguars , de les panthères , de les tigres , de les hyènes , de les lions !","si il y en avoir un , il pouvoir se en INF plusieurs , et même un ADJ NC de autre NCmod ADJ : de le NCmod , de le NC , de le NC , de le NC , de le NC !"
2049,1882_Verne_L-Ecole-des-Robinsons_A.txt,Tartelett voyait déjà l' île Phina livrée à toute une ménagerie en rupture de cage.Godfrey lui répondit qu' il ne fallait rien exagérer .,NP VCOG déjà le NCo NP PPAS à tout un NC en NCmod de NP lui VDIC que il ne VIMP rien INF .
2050,1882_Verne_L-Ecole-des-Robinsons_A.txt,"Il avait vu un ours , c' était certain .","il avoir VCOG un NCo , ce être ADJ ."
2051,1882_Verne_L-Ecole-des-Robinsons_A.txt,"Pourquoi jamais un de ces fauves ne s' était -il montré jusqu' alors , quand il parcourait les forêts de l' île , cela , il ne pouvait se l' expliquer , et c' était véritablement inexplicable .","pourquoi ADVTEMPS un de ce ADJCOL ne se être il PPAS jusque alors , quand il VCOND le NCo de le NCmod , cela , il ne pouvoir se le VDIC , et ce être ADVINT ADJ ."
2052,1882_Verne_L-Ecole-des-Robinsons_A.txt,"Mais , de là à conclure que de les animaux féroces , de toute espèce , pullulaient maintenant dans les bois et les prairies , il y avait loin .","mais , de ADVLIEU à INF que de le NC ADJ , de tout espèce , VIMP ADVT dans le NC et le NC , il y avoir ADVLIEU ."
2053,1882_Verne_L-Ecole-des-Robinsons_A.txt,Néanmoins il conviendrait d' être prudent et de ne plus sortir que bien armé.Infortuné Tartelett !,ADV il VCOND de être ADJ et de ne plus INF que bien PPAS NP !
2054,1882_Verne_L-Ecole-des-Robinsons_A.txt,"Depuis ce jour commença pour lui une existence d' inquiétudes , d' émotions , de transes , d' épouvantes irraisonnées , qui lui donna à le plus haut degré la nostalgie de le pays natal .","depuis ce NCT VASP pour lui un NCs de NCSENT , de NCSENT , de NC , de NCmod ADJ , qui lui VPS à le plus ADJ NC le NCo de le NCmod ADJ ."
2055,1882_Verne_L-Ecole-des-Robinsons_A.txt,"– Non , répétait -il , non !","– non , VIMP il , non !"
2056,1882_Verne_L-Ecole-des-Robinsons_A.txt,"S' il y a de les bêtes … j' en ai assez , et je demande à m' en aller !","si il y avoir de le NC … je en avoir ADV , et je PRES à lui en aller !"
2057,1882_Verne_L-Ecole-des-Robinsons_A.txt,"Il fallait le pouvoir.Godfrey et ses compagnons eurent donc , désormais , à se tenir sur leurs gardes .","il VIMP le NP et DETPOSS NC avoir donc , ADV , à se INF sur DETPOSS NC ."
2058,1882_Verne_L-Ecole-des-Robinsons_A.txt,"Une attaque pouvait se produire non seulement de le côté de le littoral et de la prairie , mais aussi jusque dans le groupe de les séquoias .","un NCs pouvoir se INF non seulement de le NC de le NCmod et de le NC , mais aussi jusque dans le NC de le NCmod ."
2059,1882_Verne_L-Ecole-des-Robinsons_A.txt,C' est pourquoi de sérieuses mesures furent prises pour mettre l' habitation à l' abri d' une agression subite .,ce être pourquoi de ADJ NCspas être PPAS pour mettre le NCo à le NC de un NCSENT ADJ .
2060,1882_Verne_L-Ecole-des-Robinsons_A.txt,"La porte fut solidement renforcée , de manière à pouvoir résister à la griffe d' un fauve .","le NCspas être ADV PPAS , de NC à pouvoir INF à le NC de un ADJCOL ."
2061,1882_Verne_L-Ecole-des-Robinsons_A.txt,"Quant à les animaux domestiques , Godfrey aurait bien voulu leur construire une étable , où on aurait pu les renfermer , à le moins la nuit , mais ce n' était pas chose facile .","quant à le NC ADJ , NP avoir bien vouloir lui INF un NCo , où on avoir pouvoir le INF , à le moins le NCT , mais ce ne être pas chose ADJ ."
2062,1882_Verne_L-Ecole-des-Robinsons_A.txt,"On se borna donc à les maintenir , autant que possible , à les abords de Will-Tree dans une sorte d' enclos de branchages , d' où ils ne pouvaient sortir .","on se VPS donc à le INF , autant que ADJ , à le NC de NP dans un sorte de NCmod de NCmod , de où il ne pouvoir INF ."
2063,1882_Verne_L-Ecole-des-Robinsons_A.txt,"Mais cet enclos n' était ni assez solide , ni assez élevé pour empêcher un ours ou une hyène de le renverser ou de le franchir.Toutefois , comme Carèfinotu , malgré les insistances qu' on lui fit , continuait à veiller à le dehors pendant la nuit , Godfrey espérait toujours être à même de prévenir une attaque directe.Certes , Carèfinotu s' exposait en se constituant ainsi le gardien de Will-Tree ; mais il avait certainement compris qu' il rendait service à ses libérateurs , et il persista , quoi que Godfrey pût lui dire , à veiller , comme à l' ordinaire , pour le salut commun.Une semaine se passa sans qu' aucun de ces redoutables visiteurs n' eût paru à les environs .","mais ce NCs ne être ni ADV ADJ , ni ADV ADJ pour INF un NCo ou un NC de le INF ou de le NP , comme NP , malgré le NC que on lui faire , VIMP à INF à le NC PHASE le NCT , NP VCOG ADVTEMPS être à même de INF un NCo ADV , NP se VIMP en se PPRES ainsi le NCo de NP ; mais il avoir ADVINT VCOG que il VIMP NCo à DETPOSS NC , et il VPS , quoi que NP VSUBI lui VDIC , à INF , comme à le NC , pour le NC NP NUM se VPS sans que aucun de ce ADJ NCmod ne avoir paraître à le NC ."
2064,1882_Verne_L-Ecole-des-Robinsons_A.txt,"Godfrey , d' ailleurs , ne s' éloignait plus de l' habitation , à moins qu' il n' y eût nécessité .","NP , de ADVLIEU , ne se VIMP plus de le NC , à moins que il ne y avoir PPAS ."
2065,1882_Verne_L-Ecole-des-Robinsons_A.txt,"Tandis que les moutons , les chèvres et autres paissaient dans la prairie voisine , on ne les perdait pas de vue .","PHASE que le NCs , le NC et autre VIMP dans le NC ADJ , on ne le VIMP pas de NC ."
2066,1882_Verne_L-Ecole-des-Robinsons_A.txt,"Le plus souvent , Carèfinotu faisait l' office de berger .","le plus ADVTEMPS , NP faire le NCo de INF ."
2067,1882_Verne_L-Ecole-des-Robinsons_A.txt,"Il ne prenait point de fusil , car il ne semblait pas qu' il eût compris le maniement de les armes à feu , mais un de les couteaux de chasse était passé à sa ceinture , une hache pendait à sa main droite .","il ne VIMP ADV de NC , car il ne sembler pas que il avoir VCOG le NCo de le NCmod à NCmod , mais un de le NCmod de NCmod être PPAS à DETPOSS NC , un NC VIMP à DETPOSS NCCOR ADJ ."
2068,1882_Verne_L-Ecole-des-Robinsons_A.txt,"Ainsi armé , le vigoureux Noir n' eût pas hésité à se jeter au-devant d' un tigre ou de tout autre animal de la pire espèce.Cependant , comme ni l' ours ni aucun de ses congénères n' avaient reparu depuis la dernière rencontre , Godfrey commença à se rassurer .","ainsi PPAS , le NC NP ne avoir pas PPAS à se INF ADVLIEU de un NC ou de tout autre NC de le NCmod NP , comme ni le NCmod ni aucun de DETPOSS NCmod ne avoir PPAS depuis le ADJ NC , NP VASP à se VSENT ."
2069,1882_Verne_L-Ecole-des-Robinsons_A.txt,"Il reprit peu à peu ses explorations et ses chasses , mais sans les pousser aussi loin dans l' intérieur de l' île .","il VPS peu à peu DETPOSS NCo et DETPOSS NC , mais sans le INF aussi ADVLIEU dans le NC de le NCmod ."
2070,1882_Verne_L-Ecole-des-Robinsons_A.txt,"Pendant ce temps , lorsque le Noir l' accompagnait , Tartelett , bien renfermé dans Will-Tree , ne se serait pas hasardé au-dehors , quand même il se fût agi d' aller donner une leçon de danse !","PHASE ce temps , lorsque le NP le VIMP , NP , bien PPAS dans NP , ne se être pas PPAS ADV , quand même il se être PPAS de aller INF un NCo de NCmod !"
2071,1882_Verne_L-Ecole-des-Robinsons_A.txt,"D' autres fois aussi , Godfrey partait seul , et le professeur avait alors un compagnon , à l' instruction de lequel il se consacrait obstinément.Oui !","un autre fois aussi , NP VIMP ADJ , et le NCs avoir alors un NCo , à le NCmod de lequel il se VIMP NP !"
2072,1882_Verne_L-Ecole-des-Robinsons_A.txt,"Tartelett avait d' abord eu la pensée d' enseigner à Carèfinotu les mots les plus usuels de la langue anglaise ; mais il dut y renoncer , tant le Noir semblait avoir l' appareil phonétique mal conformé pour ce genre de prononciation.« Alors , s' était dit Tartelett , puisque je ne puis être son professeur , je serai son élève !","NP avoir de NC avoir le NCo de INF à NP le NCo le plus ADJ de le NCCOR ADJ ; mais il devoir y INF , tant le NP sembler avoir le NCo ADJ mal PPAS pour ce NC de prononciation.« alors , se être VDIC NP , puisque je ne puis être DETPOSS NC , je VF DETPOSS NCo !"
2073,1882_Verne_L-Ecole-des-Robinsons_A.txt,"» Et c' était lui qui s' était mis en tête d' apprendre l' idiome que parlait Carèfinotu.Godfrey eut beau lui dire que cela ne leur serait pas d' une grande utilité , Tartelett n' en voulut pas démordre .",""" et ce être lui qui se être mettre en NCCOR de VCOG le NCo que VIMP NP avoir ADJ lui VDIC que cela ne lui être pas de un ADJ NC , NP ne en vouloir pas INF ."
2074,1882_Verne_L-Ecole-des-Robinsons_A.txt,"Il s' ingénia donc à faire comprendre à Carèfinotu de lui nommer en sa langue les objets qu' il lui désignait de la main.En vérité , il faut croire que l' élève Tartelett avait de grandes dispositions , car , à le bout de quinze jours , il savait bien quinze mots !","il se VPS donc à faire VCOG à NP de lui INF en DETPOSS NCCOR le NC que il lui VIMP de le NP NCmod , il PRES VCOG que le NCs NP avoir un ADJ NCo , car , à le NC de NUM NCT , il VCOG bien NUM NCo !"
2075,1882_Verne_L-Ecole-des-Robinsons_A.txt,"Il savait que Carèfinotu disait « birsi » pour désigner le feu , « aradou » pour désigner le ciel , « mervira » pour désigner la mer , « doura » pour désigner un arbre , etc. Il en était aussi fier que s' il eût obtenu un premier prix de polynésien à le grand concours .","il VCOG que NP VDIC "" birsi "" pour INF le NCo , "" aradou "" pour INF le NCo , "" NC "" pour INF le NCo , "" VF "" pour INF un NCo , etc. il en être aussi ADJ que si il avoir PPAS un ADJ NCo de NCmod à le ADJ NCmod ."
2076,1882_Verne_L-Ecole-des-Robinsons_A.txt,"C' est alors que , dans une pensée de gratitude , il voulut reconnaître ce que son professeur avait fait pour lui – non plus en essayant de lui faire écorcher quelques mots d' anglais , mais en lui inculquant les belles manières et les vrais principes de la chorégraphie européenne.Là-dessus , Godfrey ne put s' empêcher de rire de bon cœur !","ce être alors que , dans un NC de NCSENT , il vouloir VCOG ce que DETPOSS NCs avoir faire pour lui – non plus en PPRES de lui faire INF quelque NCo de NCmod , mais en lui PPRES le ADJ NCo et le vrai NC de le NCmod NP , NP ne pouvoir se INF de INF de ADJ NC !"
2077,1882_Verne_L-Ecole-des-Robinsons_A.txt,"Après tout , cela faisait passer le temps , et le dimanche , lorsqu' il n' y avait plus rien à faire , il assistait volontiers à le cours de le célèbre professeur Tartelett , de San Francisco.En vérité , il fallait voir cela !","PHASE tout , cela faire INF le temps , et le ADVT , lorsque il ne y avoir plus rien à faire , il VIMP ADV à le NC de le ADJ NCmod NP , de NP NP ADJ , il VIMP VCOG cela !"
2078,1882_Verne_L-Ecole-des-Robinsons_A.txt,Le malheureux Carèfinotu suait sang et eau à se plier à les exercices élémentaires de la danse !,le ADJ NP VIMP NCCOR et NC à se INF à le NC ADJ de le NCmod !
2079,1882_Verne_L-Ecole-des-Robinsons_A.txt,"Il était docile , plein de bonne volonté , cependant ; mais , comme tous ses pareils , est -ce qu' il n' avait pas les épaules rentrées , le ventre proéminent , les genoux en dedans , les pieds aussi ?","il être ADJ , ADJ de ADJ NC , cependant ; mais , comme tout DETPOSS NC , être ce que il ne avoir pas le NCCOR PPAS , le NCCOR PRES , le NCCOR en NCmod , le NCCOR aussi ?"
2080,1882_Verne_L-Ecole-des-Robinsons_A.txt,Allez donc faire un Vestris ou un Saint-Léon d' un sauvage bâti de la sorte !,aller donc faire un NP ou un NP de un ADJ NCmod de le sorte !
2081,1882_Verne_L-Ecole-des-Robinsons_A.txt,"Quoi qu' il en soit , le professeur y mit de la rage .","quoi que il en être , le NCs y mettre de le NCSENT ."
2082,1882_Verne_L-Ecole-des-Robinsons_A.txt,"D' ailleurs , Carèfinotu , bien que torturé , y mettait de le zèle .","de ADVLIEU , NP , bien que PPAS , y mettre de le NC ."
2083,1882_Verne_L-Ecole-des-Robinsons_A.txt,"Ce qu' il dut souffrir , rien que pour placer ses pieds à la première position , ne saurait s' imaginer !","ce que il devoir VSENT , ADV que pour INF DETPOSS NCCOR à le ADJ NC , ne VCOND se VCOG !"
2084,1882_Verne_L-Ecole-des-Robinsons_A.txt,"Et quand il dut passer à la seconde , puis à la troisième , ce fut bien autre chose encore !– Mais regarde -moi donc , entêté !","et quand il devoir INF à le NCT , puis à le NC , ce être bien autre chose encore !– mais VCOG soi donc , PPAS !"
2085,1882_Verne_L-Ecole-des-Robinsons_A.txt,"criait Tartelett , qui joignait l' exemple à la leçon .","VDIC NP , qui VIMP le NCo à le NCmod ."
2086,1882_Verne_L-Ecole-des-Robinsons_A.txt,"En dehors , les pieds !","en ADV , le NCCOR !"
2087,1882_Verne_L-Ecole-des-Robinsons_A.txt,Plus en dehors encore !,plus en ADV encore !
2088,1882_Verne_L-Ecole-des-Robinsons_A.txt,La pointe de celui-ci à le talon de celui-là !,le NC de celui-ci à le NCCOR de celui-là !
2089,1882_Verne_L-Ecole-des-Robinsons_A.txt,"Ouvre tes genoux , coquin !","IMP DETPOSS NCCOR , NC !"
2090,1882_Verne_L-Ecole-des-Robinsons_A.txt,"Efface tes épaules , bélître !","ADV ADJ NCCOR , NC !"
2091,1882_Verne_L-Ecole-des-Robinsons_A.txt,La tête droite !,le NCCOR ADJ !
2092,1882_Verne_L-Ecole-des-Robinsons_A.txt,… Les bras arrondis !,… le NCCOR ADJ !
2093,1882_Verne_L-Ecole-des-Robinsons_A.txt,…– Mais vous lui demandez l' impossible !,…– mais vous lui PRES le NCo !
2094,1882_Verne_L-Ecole-des-Robinsons_A.txt,disait Godfrey .,VDIC NP .
2095,1882_Verne_L-Ecole-des-Robinsons_A.txt,– Rien n' est impossible à l' homme intelligent !,– rien ne être ADJ à le NC ADJ !
2096,1882_Verne_L-Ecole-des-Robinsons_A.txt,répondait invariablement Tartelett .,VDIC ADVTEMPS NP .
2097,1882_Verne_L-Ecole-des-Robinsons_A.txt,"– Mais sa conformation ne s' y prête pas …– Eh bien , elle s' y prêtera , sa conformation !","– mais DETPOSS NCs ne se y PRES pas …– INTJ bien , il se y VF , DETPOSS NC !"
2098,1882_Verne_L-Ecole-des-Robinsons_A.txt,"Il faudra bien qu' elle s' y prête , et , plus tard , ce sauvage me devra , de le moins , de savoir se présenter convenablement dans un salon !– Mais , jamais , Tartelett , jamais il n' aura l' occasion de se présenter dans un salon !– Eh !","il VF bien que il se y ADJ , et , plus tard , ce NCs me devoir , de le moins , de VCOG se INF ADV dans un NC !– mais , ADVTEMPS , NP , ADVTEMPS il ne avoir le NCo de se INF dans un NC !– INTJ !"
2099,1882_Verne_L-Ecole-des-Robinsons_A.txt,"qu' en savez -vous , Godfrey ?","que en VCOG vous , NP ?"
2100,1882_Verne_L-Ecole-des-Robinsons_A.txt,ripostait le professeur en se redressant sur ses pointes .,VIMP le NCo en se PPRES sur DETPOSS NC .
2101,1882_Verne_L-Ecole-des-Robinsons_A.txt,L' avenir n' est -il pas à les nouvelles couches ?,le NCs ne être il pas à le ADJ NC ?
2102,1882_Verne_L-Ecole-des-Robinsons_A.txt,C' était le mot de la fin de toutes les discussions de Tartelett .,ce être le NC de le NCmod de tout le NCmod de NP .
2103,1882_Verne_L-Ecole-des-Robinsons_A.txt,"Et alors , le professeur prenant sa pochette , son archet en tirait de petits airs aigres , qui faisaient la joie de Carèfinotu .","et alors , le NC PPRES DETPOSS NCo , DETPOSS NC en NCmod de ADJ NCMAN ADJ , qui faire le NCSENT de NP ."
2104,1882_Verne_L-Ecole-des-Robinsons_A.txt,Il n' y avait plus à l' exciter !,il ne y avoir plus à le VSENT !
2105,1882_Verne_L-Ecole-des-Robinsons_A.txt,"– Sans se soucier de les règles chorégra­phiques , quels sauts , quelles contorsions , quelles gambades !","– sans se INF de le NC ADJ , quel NC , quel NC , quel NC !"
2106,1882_Verne_L-Ecole-des-Robinsons_A.txt,"Et Tartelett , rêveur , voyant cet enfant de la Polynésie se démener de la sorte , se demandait si ces pas , peut-être un peu trop caractérisés , n' étaient point naturels à l' être humain , bien qu' ils fussent en dehors de tous les principes de l' art !","et NP , NC , VCOG ce NCo de le NP se INF de le sorte , se VIMP si ce pas , peut-être un peu trop PPAS , ne être ADV ADJ à le être ADJ , bien que il VSUBP en NC de tout le NCmod de le NCmod !"
2107,1882_Verne_L-Ecole-des-Robinsons_A.txt,"Mais nous laisserons le professeur de danse et de maintien à ses philosophiques méditations , pour revenir à de les questions à la fois plus pratiques et plus opportunes.Pendant ses dernières excursions dans la forêt ou la plaine , soit qu' il fût seul , soit qu' il fût accompagné de Carèfinotu , Godfrey n' avait aperçu aucun autre fauve .","mais nous laisser le NCo de NCmod et de NC à DETPOSS ADJ NCmod , pour INF à un le NC à le fois plus ADJ et plus PPRES DETPOSS ADJ NCo dans le NCmod ou le NC , ADV que il être ADJ , ADV que il être PPAS de NP , NP ne avoir PPAS aucun autre ADJCOL ."
2108,1882_Verne_L-Ecole-des-Robinsons_A.txt,Il n' avait pas même retrouvé trace de ces animaux .,il ne avoir pas même PPAS NCo de ce NCmod .
2109,1882_Verne_L-Ecole-des-Robinsons_A.txt,"Le rio , à lequel ils seraient venus se désaltérer , ne portait aucune empreinte sur ses berges .","le NP , à lequel il être venir se INF , ne VIMP aucun NCo sur DETPOSS NC ."
2110,1882_Verne_L-Ecole-des-Robinsons_A.txt,"Pas de hurlements , non plus , pendant la nuit , ni de rugissements suspects .","pas de NC , non plus , PHASE le NCT , ni un NC ADJ ."
2111,1882_Verne_L-Ecole-des-Robinsons_A.txt,"En outre , les animaux domestiques continuaient à ne donner aucun signe d' inquiétude.« Cela est singulier , se disait quelquefois Godfrey , et cependant je ne me suis pas trompé !","en ADV , le NCs ADJ VIMP à ne INF aucun NCo de inquiétude.« cela être ADJ , se VDIC ADVTEMPS NP , et cependant je ne me être pas PPAS !"
2112,1882_Verne_L-Ecole-des-Robinsons_A.txt,"Carèfinotu , pas davantage !","Carèfinotu , pas davantage !"
2113,1882_Verne_L-Ecole-des-Robinsons_A.txt,C' est bien un ours qu' il m' a montré !,ce être bien un NC que il lui avoir PPAS !
2114,1882_Verne_L-Ecole-des-Robinsons_A.txt,C' est bien sur un ours que j' ai tiré !,ce être bien sur un NC que je avoir PPAS !
2115,1882_Verne_L-Ecole-des-Robinsons_A.txt,"En admettant que je l' aie tué , cet ours était -il donc le dernier représentant de la famille de les plantigrades qui fût sur l' île ?","en PPRES que je le avoir PPAS , ce NCs être il donc le ADJ NC de le NCmod de le NCmod qui être sur le NC ?"
2116,1882_Verne_L-Ecole-des-Robinsons_A.txt,» C' était absolument inexplicable !,""" ce être ADVINT ADJ !"
2117,1882_Verne_L-Ecole-des-Robinsons_A.txt,"D' ailleurs , si Godfrey avait tué cet ours , il aurait dû retrouver son corps à la place où il l' avait frappé .","de ADVLIEU , si NP avoir PPAS ce NCo , il avoir devoir INF DETPOSS NCCOR à le NC où il le avoir frapper ."
2118,1882_Verne_L-Ecole-des-Robinsons_A.txt,"Or , c' est vainement qu' il l' y avait cherché !","or , ce être ADV que il le y avoir PPAS !"
2119,1882_Verne_L-Ecole-des-Robinsons_A.txt,"Devait -il donc croire que l' animal , mortellement blessé , eût été mourir à le loin dans quelque tanière ?","devoir il donc VCOG que le NCspas , ADVINT VSENT , avoir être INF à le ADVLIEU dans quelque NC ?"
2120,1882_Verne_L-Ecole-des-Robinsons_A.txt,"C' était possible , après tout ; mais alors , à cette place , à le pied de cet arbre , il y aurait eu de les traces de sang , et il n' y en avait pas.« Quoi qu' il en soit , pensait Godfrey , peu importe , et tenons -nous toujours sur nos gardes !","ce être ADJ , PHASE tout ; mais alors , à ce NC , à le NCCOR de ce NCmod , il y avoir avoir de le NC de NCCOR , et il ne y en avoir pas.« quoi que il en être , VCOG NP , peu PRES , et PRES nous ADVTEMPS sur DETPOSS NCmod !"
2121,1882_Verne_L-Ecole-des-Robinsons_A.txt,"» Avec les premiers jours de novembre , on peut dire que la mauvaise saison avait commencé sous cette latitude inconnue .",""" avec le ADJ NCT de NCmod , on pouvoir VDIC que le ADJ NCs avoir VASP sous ce NC ADJ ."
2122,1882_Verne_L-Ecole-des-Robinsons_A.txt,De les pluies déjà froides tombaient pendant quelques heures .,de le NC déjà ADJ VIMP PHASE quelque NCT .
2123,1882_Verne_L-Ecole-des-Robinsons_A.txt,"Plus tard , très probablement , il surviendrait de ces averses interminables , qui ne cessent pendant de les semaines entières et caractérisent la période pluvieuse de l' hiver à la hauteur de ce parallèle.Godfrey dut alors s' occuper de l' installation d' un foyer à l' intérieur même de Will-Tree – foyer indispensable , qui servirait aussi bien à chauffer l' habitation pendant l' hiver qu' à faire la cuisine à l' abri de les ondées et de les coups de vent.Le foyer , on pouvait toujours l' établir dans un coin de la chambre , entre de grosses pierres , les unes posées à plat et les autres de chant .","plus tard , très ADVINT , il VCOND de ce NC ADJ , qui ne VASP PHASE de le NCmod ADJ et PRES le NCo ADJ de le NCmod à le NC de ce NP devoir alors se INF de le NC de un NCmod à le NCmod même de NP – NC ADJ , qui VCOND aussi bien à INF le NCo PHASE le NC que à faire le NCo à le NC de le NCmod et de le NC de vent.Le NCmod , on pouvoir ADVTEMPS le INF dans un NC de le NCmod , entre un ADJ NC , le NCo PPAS à NC et le autre de NCmod ."
2124,1882_Verne_L-Ecole-des-Robinsons_A.txt,"La question était d' en pouvoir diriger la fumée au-dehors , car , la laisser s' échapper par le long boyau qui s' enfonçait à l' intérieur de le séquoia jusqu' à le haut de le tronc , ce n' était pas praticable.Godfrey eut alors la pensée d' employer pour faire un tuyau quelques -uns de ces longs et gros bambous qui croissaient en certains endroits de les berges de le rio.Il faut dire qu' il fut très bien secondé en cette occasion par Carèfinotu .","le NCs être de en pouvoir INF le NCo ADV , car , le laisser se INF par le ADJ NC qui se VIMP à le NC de le NCmod jusque à le NC de le NCmod , ce ne être pas NP avoir alors le NCo de INF pour faire un NCo quelque NC de ce ADJ et ADJ NCmod qui VIMP en certain NC de le NCmod de le NCmod PRES VDIC que il être très bien PPAS en ce NC par NP ."
2125,1882_Verne_L-Ecole-des-Robinsons_A.txt,"Le Noir comprit , non sans quelques efforts , ce que voulait Godfrey .","le NP VCOG , non sans quelque NC , ce que vouloir NP ."
2126,1882_Verne_L-Ecole-des-Robinsons_A.txt,"Ce fut lui qui l' accompagna , lorsqu' il alla , à deux milles de Will-Tree , choisir de les bambous parmi les plus gros ; ce fut lui aussi qui l' aida à monter son foyer .","ce être lui qui le VPS , lorsque il aller , à NUM NC de NP , INF de le NC parmi le plus ADJ ; ce être lui aussi qui le VPS à INF DETPOSS NCo ."
2127,1882_Verne_L-Ecole-des-Robinsons_A.txt,"Les pierres furent disposées sur le sol , à le fond , en face de la porte ; les bambous , vidés de leur moelle , taraudés à leurs nœuds , formèrent , en s' ajustant l' un dans l' autre , un tuyau de suffisante longueur , qui aboutissait à une ouverture percée dans l' écorce de le séquoia .","le NCspas être PPAS sur le NC , à le NC , en NC de le NC ; le NCs , PPAS de lui NC , VSENT à DETPOSS NC , VPS , en se PPRES le un dans le autre , un NCo de ADJ NCmod , qui VIMP à un NC PPAS dans le NC de le NCmod ."
2128,1882_Verne_L-Ecole-des-Robinsons_A.txt,"Cela pouvait donc suffire , pourvu qu' on veillât bien à ce que le feu ne prît pas à les bambous.Godfrey eut bientôt la satisfaction de voir flamber un bon feu , sans empester de fumée l' intérieur de Will-Tree.Il avait eu raison de procéder à cette installation , encore plus raison de se hâter de la faire.En effet , de le 3 à le 10 novembre , la pluie ne cessa de tomber torrentiellement .","cela pouvoir donc ADV , pourvu que on VSUBI bien à ce que le NCs ne PRES pas à le NP VPS bientôt le NCSENT de VCOG INF un ADJ NCo , sans INF de NC le NCo de NP avoir avoir NCo de INF à ce NC , encore plus NC de se INF de le NP NCmod , de le NUM à le NUM NCmod , le NCs ne VASP de INF ADV ."
2129,1882_Verne_L-Ecole-des-Robinsons_A.txt,Il eût été impossible de maintenir le feu allumé en plein air .,il avoir être ADJ de INF le NCo PPAS en ADJ NCMAN .
2130,1882_Verne_L-Ecole-des-Robinsons_A.txt,"Pendant ces tristes jours , il fallut demeurer dans l' habitation .","PHASE ce NC NCT , il VPS INF dans le NC ."
2131,1882_Verne_L-Ecole-des-Robinsons_A.txt,"On ne dut en sortir que pour les besoins urgents de le troupeau et de le poulailler.Il arriva , dans ces conditions , que la réserve de camas vint à manquer .","on ne devoir en INF que pour le NCs ADJ de le NCmod et de le NC VPS , dans ce NC , que le NCs de NCmod venir à INF ."
2132,1882_Verne_L-Ecole-des-Robinsons_A.txt,"C' était , par le fait , la substance qui tenait lieu de pain , et dont la privation se fit bientôt sentir.Godfrey annonça donc à Tartelett un jour , le 10 novembre , que , dès que le temps paraîtrait se remettre , Carèfinotu et lui iraient à la récolte de les camas .","ce être , par le NC , le NCs qui VIMP NCo de NCmod , et dont le NCs se faire bientôt NP VDIC donc à NP un NCT , le NUM NCmod , que , dès que le temps paraître se INF , NP et lui VIMP à le NC de le NCmod ."
2133,1882_Verne_L-Ecole-des-Robinsons_A.txt,"Tartelett , qui n' était jamais pressé de courir à deux milles de là , à travers une prairie détrempée , se chargea de garder la maison pendant l' absence de Godfrey.Or , dans la soirée , le ciel commença à se débarrasser de les gros nuages que le vent d' ouest y avait accumulés depuis le commencement de le mois , la pluie cessa peu à peu , le soleil jeta quelques lueurs crépusculaires .","NP , qui ne être ADVTEMPS PPAS de INF à NUM NC de ADVLIEU , à travers un NCmod PPAS , se VPS de INF le NCo PHASE le NC de NP , dans le NCT , le NCs VASP à se INF de le ADJ NC que le NCs de NCmod y avoir PPAS depuis le NC de le NCT , le NCs VASP peu à peu , le NCs VPS quelque NCo ADJ ."
2134,1882_Verne_L-Ecole-des-Robinsons_A.txt,"On put espérer que la journée de le lendemain offrirait quelques embellies , dont il serait urgent de profiter .","on pouvoir VCOG que le NCT de le NCmod VCOND quelque NCo , dont il être ADJ de INF ."
2135,1882_Verne_L-Ecole-des-Robinsons_A.txt,"– Demain , dit Godfrey , je partirai dès le matin , et Carèfinotu m' accompagnera .","– ADVT , VDIC NP , je VF dès le NCT , et NP le VF ."
2136,1882_Verne_L-Ecole-des-Robinsons_A.txt,– C' est convenu !,– ce être PPAS !
2137,1882_Verne_L-Ecole-des-Robinsons_A.txt,"répondit Tartelett.Le soir venu , le souper achevé , comme le ciel , dégagé de vapeurs , laissait briller quelques étoiles , le Noir voulut reprendre au-dehors son poste habituel , qu' il avait dû abandonner pendant les pluvieuses nuits précédentes .","VDIC Tartelett.Le NCT venir , le NCo PPAS , comme le NCmod , PPAS de NC , laisser INF quelque NCo , le NP vouloir INF ADV DETPOSS NCo ADJ , que il avoir devoir INF PHASE le ADJ NCT ADJ ."
2138,1882_Verne_L-Ecole-des-Robinsons_A.txt,"Godfrey essaya bien de lui faire comprendre qu' il valait mieux rester dans l' habitation , que rien ne nécessitait un surcroît de surveillance , puisque aucun autre fauve n' avait été signalé ; mais Carèfinotu s' entêta dans son idée .","NP VPS bien de lui faire VCOG que il VIMP mieux INF dans le NC , que rien ne VIMP un NCo de NCmod , puisque aucun autre ADJCOL ne avoir être PPAS ; mais NP se VPS dans DETPOSS NC ."
2139,1882_Verne_L-Ecole-des-Robinsons_A.txt,"Il fallut le laisser faire.Le lendemain , ainsi que l' avait pressenti Godfrey , la pluie n' avait pas tombé depuis la veille .","il VPS le laisser faire.Le NC , ainsi que le avoir VCOG NP , le NCo ne avoir pas PPAS depuis le NC ."
2140,1882_Verne_L-Ecole-des-Robinsons_A.txt,"Aussi , quand il sortit de Will-Tree , vers sept heures , les premiers rayons de le soleil doraient -ils légèrement l' épaisse voûte de les séquoias.Carèfinotu était à son poste , où il avait passé la nuit .","aussi , quand il VPS de NP , vers NUM NCT , le ADJ NCs de le NCmod VIMP il ADVINT le NCo ADJ de le NP être à DETPOSS NC , où il avoir PPAS le NCT ."
2141,1882_Verne_L-Ecole-des-Robinsons_A.txt,Il attendait .,il VIMP .
2142,1882_Verne_L-Ecole-des-Robinsons_A.txt,"Aussitôt , tous deux , bien armés et munis de grands sacs , prirent congé de Tartelett , puis se dirigèrent vers le rio , dont ils comptaient remonter la rive gauche jusqu' à les buissons de camas.Une heure après , ils étaient arrivés , sans avoir fait aucune mauvaise rencontre.Les racines furent rapidement déterrées , et en assez grande quantité pour remplir les deux sacs .","aussitôt , tout NUM , bien PPAS et PPAS de ADJ NC , VPS NCo de NP , puis se VPS vers le NP , dont il VIMP VSENT le NCo ADJ jusque à le NC de NP PRES PHASE , il être PPAS , sans avoir faire aucun ADJ NCo ADJ être ADVMAN PPAS , et en ADV ADJ NC pour INF le NUM NCo ."
2143,1882_Verne_L-Ecole-des-Robinsons_A.txt,"Cela demanda trois heures , de sorte qu' il était environ onze heures de le matin , lorsque Godfrey et son compagnon reprirent la route de Will-Tree.Marchant l' un près de l' autre , se contentant de regarder , puisqu' ils ne pouvaient causer , ils étaient arrivés à un coude de la petite rivière , au-dessus de laquelle se penchaient de grands arbres , disposés comme un berceau naturel d' une rive à l' autre , lorsque , soudain , Godfrey s' arrêta. Cette fois , c' était lui qui montrait à Carèfinotu un animal immobile , en arrêt à le pied d' un arbre , et dont les deux yeux projetaient alors un éclat singulier .","cela VPS NUM NCT , de sorte que il être environ NUM NCT de le NCT , lorsque NP et DETPOSS NC VPS le NCo de NP le NUM ADVLIEU de le autre , se VSENT de VCOG , puisque il ne pouvoir INF , il être PPAS à un NCCOR de le ADJ NCmod , ADVLIEU de lequel se VIMP de ADJ NC , PPAS comme un NC ADJ de un NCmod à le autre , lorsque , soudain , NP se arrêta. ce fois , ce être lui qui VIMP à NP un NCo ADJ , en NC à le NCCOR de un NCmod , et dont le NUM NCCOR VIMP alors un NCo ADJ ."
2144,1882_Verne_L-Ecole-des-Robinsons_A.txt,– Un tigre !,– un NC !
2145,1882_Verne_L-Ecole-des-Robinsons_A.txt,s' écria -t -il .,se VDIC t il .
2146,1882_Verne_L-Ecole-des-Robinsons_A.txt,Il ne se trompait pas .,il ne se VIMP pas .
2147,1882_Verne_L-Ecole-des-Robinsons_A.txt,"C' était bien un tigre de grande taille , arc-bouté sur ses pattes de derrière , écorchant de ses griffes le tronc de l' arbre , enfin prêt à s' élancer .","ce être bien un NC de ADJ NCmod , PPAS sur DETPOSS NC de ADVLIEU , PPRES de DETPOSS NC le NC de le NCmod , PHASE ADJ à se INF ."
2148,1882_Verne_L-Ecole-des-Robinsons_A.txt,"En un clin d' œil , Godfrey avait laissé tomber son sac de racines .","en un NC de NCmod , NP avoir laisser INF DETPOSS NCo de NCmod ."
2149,1882_Verne_L-Ecole-des-Robinsons_A.txt,"Le fusil chargé passait dans sa main droite , il l' armait , il épaulait , il ajustait , il faisait feu .","le NCs PPAS VIMP dans DETPOSS NCCOR ADJ , il le VIMP , il VIMP , il VIMP , il faire NCo ."
2150,1882_Verne_L-Ecole-des-Robinsons_A.txt,– Hurrah !,– INTJ !
2151,1882_Verne_L-Ecole-des-Robinsons_A.txt,hurrah !,INTJ !
2152,1882_Verne_L-Ecole-des-Robinsons_A.txt,"s' écria -t -il. Cette fois , il n' y avait pas à en douter : le tigre , frappé par la balle , avait fait un bond en arrière .","se VDIC t ADV ce fois , il ne y avoir pas à en INF : le NCs , frapper par le NC , avoir faire un NCo en NC ."
2153,1882_Verne_L-Ecole-des-Robinsons_A.txt,"Mais peut-être n' était -il pas mortellement blessé , peut-être allait -il revenir en avant , rendu plus furieux encore par sa blessure !","mais peut-être ne être il pas ADVINT VSENT , peut-être aller il INF en PHASE , PPAS plus ADJ encore par DETPOSS NCSENT !"
2154,1882_Verne_L-Ecole-des-Robinsons_A.txt,"…Godfrey avait son fusil braqué , et de son second coup menaçait toujours l' animal.Mais avant que Godfrey n' eût pu le retenir , Carèfinotu s' était précipité vers l' endroit où avait disparu le tigre , son couteau de chasse à la main.Godfrey lui cria de s' arrêter , de revenir !","NP avoir DETPOSS NCs ADJ , et de DETPOSS ADJ NC VDIC ADVTEMPS le NP PHASE que NP ne avoir pouvoir le INF , NP se être PPAS vers le NC où avoir PPAS le NCs , DETPOSS NC de NCmod à le NP lui VDIC de se INF , de INF !"
2155,1882_Verne_L-Ecole-des-Robinsons_A.txt,… Ce fut en vain .,… ce être en ADJ .
2156,1882_Verne_L-Ecole-des-Robinsons_A.txt,"Le Noir , décidé , même à le péril de sa vie , à achever l' animal , qui n' était peut-être que blessé , ne l' entendit pas ou ne voulut pas l' entendre.Godfrey se jeta donc sur ses traces … Lorsqu' il arriva sur la berge , il vit Carèfinotu à les prises avec le tigre , le tenant à la gorge , se débattant dans une lutte effrayante , et , enfin , le frappant à le cœur d' une main vigoureuse.Le tigre roula alors jusque dans le rio , dont les eaux , grossies par les pluies précédentes , l' emportèrent avec la vitesse d' un torrent .","le NP , PPAS , même à le NCo de DETPOSS NCmod , à VASP le NCo , qui ne être peut-être que VSENT , ne le VCOG pas ou ne vouloir pas le NP se VPS donc sur DETPOSS NC … lorsque il VPS sur le NC , il VCOG NP à le NC avec le NC , le PPRES à le NCCOR , se PPRES dans un NC ADJ , et , PHASE , le frapper à le NC de un NCCOR vigoureuse.Le NCs VPS alors jusque dans le NP , dont le NC , PPAS par le NC ADJ , le VPS avec le NC de un NCmod ."
2157,1882_Verne_L-Ecole-des-Robinsons_A.txt,"Le cadavre de l' animal , qui n' avait flotté qu' un instant à sa surface , fut rapidement entraîné vers la mer.Un ours !","le NC de le NCmod , qui ne avoir PPAS que un NCspas à DETPOSS NCmod , être ADVMAN PPAS vers le NUM NC !"
2158,1882_Verne_L-Ecole-des-Robinsons_A.txt,un tigre !,un NC !
2159,1882_Verne_L-Ecole-des-Robinsons_A.txt,Il n' était plus possible de douter que l' île ne recelât de redoutables fauves !,il ne être plus ADJ de INF que le NCs ne VSUBI un ADJ ADJCOL !
2160,1882_Verne_L-Ecole-des-Robinsons_A.txt,"Cependant Godfrey , après avoir rejoint Carèfinotu , s' était assuré que le Noir n' avait reçu dans sa lutte que quelques éraflures sans gravité .","cependant NP , PHASE avoir PPAS NP , se être PPAS que le NP ne avoir PPAS dans DETPOSS NC que quelque NCmod sans NCmod ."
2161,1882_Verne_L-Ecole-des-Robinsons_A.txt,"Puis , très anxieux de les éventualités que leur réservait l' avenir , il reprit le chemin de Will-Tree.XXLorsque Tartelett apprit qu' il y avait dans l' île non seulement de les ours , mais de les tigres , ses lamentations recommencèrent de plus belle .","puis , très ADJ de le NCmod que lui VIMP le NCs , il VPS le NCo de NP NP VCOG que il y avoir dans le NC non seulement de le NC , mais de le NC , DETPOSS NCs VPS de plus ADJ ."
2162,1882_Verne_L-Ecole-des-Robinsons_A.txt,Maintenant il n' oserait plus sortir !,ADVT il ne VCOND plus INF !
2163,1882_Verne_L-Ecole-des-Robinsons_A.txt,Ces fauves finiraient par connaître le chemin de Will-Tree !,ce ADJCOL VASP par INF le NCo de NP !
2164,1882_Verne_L-Ecole-des-Robinsons_A.txt,On ne serait plus en sûreté nulle part !,on ne être plus en NC ADJ NCmod !
2165,1882_Verne_L-Ecole-des-Robinsons_A.txt,"Aussi , ce que le professeur , dans son effroi , demandait pour le protéger , c' était de les fortifications , pour le moins , oui !","aussi , ce que le NCs , dans DETPOSS NCmod , VIMP pour le INF , ce être de le NC , pour le moins , oui !"
2166,1882_Verne_L-Ecole-des-Robinsons_A.txt,"de les murailles en pierre , avec escarpes et contrescarpes , courtines et bastions , de les remparts , enfin , qui feraient un abri sûr de le groupe de les séquoias .","de le NC en NCmod , avec NCmod et NC , NC et NC , de le NC , PHASE , qui faire un NCo ADJ de le NCmod de le NCmod ."
2167,1882_Verne_L-Ecole-des-Robinsons_A.txt,"Faute de quoi , il voulait , ou tout à le moins il voudrait bien s' en aller .","ADV de quoi , il vouloir , ou tout à le moins il vouloir bien se en aller ."
2168,1882_Verne_L-Ecole-des-Robinsons_A.txt,"– Moi aussi , répondit simplement Godfrey.En effet , les conditions dans lesquelles les hôtes de l' île Phina avaient vécu jusqu' alors n' étaient plus les mêmes .","– soi aussi , VDIC ADVMAN NP NCmod , le NCo dans lequel le NCs de le NCmod NP avoir PPAS jusque alors ne être plus le même ."
2169,1882_Verne_L-Ecole-des-Robinsons_A.txt,"Lutter contre le dénuement , lutter pour les besoins de la vie , ils y avaient réussi , grâce à d' heureuses circonstances .","INF contre le NC , INF pour le NC de le NCmod , il y avoir PPAS , ADV à un ADJ NC ."
2170,1882_Verne_L-Ecole-des-Robinsons_A.txt,"Contre la mauvaise saison , contre l' hiver et ses menaces , ils sauraient aussi se garder ; mais avoir à se défendre de les animaux féroces , dont l' attaque était à chaque instant possible , c' était autre chose , et , en réalité , les moyens leur faisaient défaut. La situation , ainsi compliquée , devenait donc très grave , en attendant qu' elle devînt intenable.« Mais , se répétait sans cesse Godfrey , comment se fait -il que pendant quatre mois , nous n' ayons pas vu un seul fauve dans l' île , et pourquoi , depuis quinze jours , avons -nous eu à lutter contre un ours et un tigre ?","contre le ADJ NC , contre le NCmod et DETPOSS NC , il VIMP aussi se INF ; mais avoir à se INF de le NC ADJ , dont le NCs être à chaque NC ADJ , ce être autre chose , et , en NC , le NCs lui faire NCo le NCs , ainsi PPAS , devenir donc très ADJ , en PPRES que il PRES intenable.« mais , se VIMP sans NC NP , comment se faire il que PHASE NUM NCT , nous ne avoir pas VCOG un ADJ ADJCOL dans le NC , et pourquoi , depuis NUM NCT , avoir nous avoir à INF contre un NC et un NC ?"
2171,1882_Verne_L-Ecole-des-Robinsons_A.txt,… Qu' est -ce que cela veut dire ?,… que être ce que cela vouloir VDIC ?
2172,1882_Verne_L-Ecole-des-Robinsons_A.txt,"» Le fait pouvait être inexplicable , mais il n' était que trop réel , nous devons le reconnaître.Godfrey , dont le sang-froid et le courage grandissaient devant les épreuves , ne se laissa pourtant pas abattre .",""" le NCs pouvoir être ADJ , mais il ne être que trop ADJ , nous devoir le NP , dont le NC et le NC VIMP ADVLIEU le NC , ne se laisser pourtant pas INF ."
2173,1882_Verne_L-Ecole-des-Robinsons_A.txt,"Puisque de dangereux animaux menaçaient maintenant la petite colonie , il importait de se mettre en garde contre leurs attaques , cela sans tarder.Mais quelles mesures prendre ?","ADV de ADJ NCs VIMP ADVT le ADJ NCo , il VIMP de se mettre en NC contre DETPOSS NC , cela sans NP quel NCo INF ?"
2174,1882_Verne_L-Ecole-des-Robinsons_A.txt,"Il fut d' abord décidé que les excursions dans les bois ou à le littoral seraient plus rares , qu' on ne s' en irait que bien armé au-dehors , et seulement lorsque cela serait absolument nécessaire pour les besoins de la vie matérielle .","il être de NC PPAS que le NCs dans le NCmod ou à le NC être plus ADJ , que on ne se en aller que bien PPAS ADV , et seulement lorsque cela être ADVINT ADJ pour le NC de le NCmod ADJ ."
2175,1882_Verne_L-Ecole-des-Robinsons_A.txt,"– Nous avons été assez heureux dans ces deux rencontres , disait souvent Godfrey , mais une autre fois , nous ne nous en tirerions peut-être pas à si bon compte !","– nous avoir être ADV ADJ dans ce NUM NC , VDIC ADVTEMPS NP , mais un autre fois , nous ne nous en VIMP peut-être pas à si ADJ NC !"
2176,1882_Verne_L-Ecole-des-Robinsons_A.txt,"Donc , il ne faut pas s' exposer sans nécessité absolue !Toutefois , il ne suffisait pas de ménager les excursions , il fallait absolument protéger Will-Tree , aussi bien l' habitation que ses annexes , le poulailler , le parc à les animaux , etc. , où les fauves ne seraient pas embarrassés de causer d' irréparables désastres.Godfrey songea donc , sinon à fortifier Will-Tree suivant les fameux plans de Tartelett , de le moins à relier entre eux les quatre ou cinq grands séquoias qui l' entouraient .","donc , il ne PRES pas se INF sans NC ADJ NP , il ne VIMP pas de INF le NCo , il VIMP ADVINT INF NP , aussi bien le NC que DETPOSS NCs , le INF , le NC à le NCmod , etc. , où le ADJCOL ne être pas VSENT de INF de NC NP VPS donc , sinon à INF NP suivant le ADJ NC de NP , de le moins à INF entre eux le NUM ou NUM ADJ NCo qui le VIMP ."
2177,1882_Verne_L-Ecole-des-Robinsons_A.txt,"S' il parvenait à établir une solide et haute palissade d' un tronc à l' autre , on pourrait y être relativement en sûreté , ou tout à le moins à l' abri d' un coup de surprise.Cela était praticable – Godfrey s' en rendit compte après avoir bien examiné les lieux – , mais c' était véritablement un gros travail .","si il VIMP à INF un NCo et ADJ NC de un NCmod à le autre , on pouvoir y être ADVINT en NC , ou tout à le moins à le NCs de un NCmod de NP être ADJ – NP se en VPS NCo PHASE avoir bien PPAS le NCo – , mais ce être ADVINT un ADJ NC ."
2178,1882_Verne_L-Ecole-des-Robinsons_A.txt,"En le réduisant autant que possible , il s' agissait encore d' élever cette palissade sur un périmètre de trois cents pieds à le moins .","en le NC autant que ADJ , il se VIMP encore de INF ce NCo sur un NC de NUM NCmod NCCOR à le moins ."
2179,1882_Verne_L-Ecole-des-Robinsons_A.txt,"Que l' on juge , d' après cela , la quantité d' arbres qu' il faudrait choisir , abattre , charrier , dresser , afin que la clôture fût complète.Godfrey ne recula pas devant cette besogne .","que l' on PRES , de PHASE cela , le NCo de NCmod que il VCOND INF , INF , INF , INF , ADV que le NCs être NP ne VPS pas ADVLIEU ce NC ."
2180,1882_Verne_L-Ecole-des-Robinsons_A.txt,"Il fit part de ses projets à Tartelett , qui les approuva , en promettant un concours actif ; mais , circonstance plus importante , il parvint à faire comprendre son plan à Carèfinotu , toujours prêt à lui venir en aide.On se mit sans retard à l' ouvrage.Il y avait près d' un coude de le rio , à moins d' un mille en amont de Will-Tree , un petit bois de pins maritimes de moyenne grosseur , dont les troncs , à défaut de madriers ou de planches , sans avoir besoin d' être préalablement équarris , pourraient , par leur juxtaposition , former une solide enceinte palissadée .","il faire NCo de DETPOSS NCmod à NP , qui le VDIC , en PPRES un NCo ADJ ; mais , NC plus ADJ , il VPS à faire VCOG DETPOSS NCo à NP , ADVTEMPS ADJ à lui venir en NP se mettre sans NC à le NP y avoir ADVLIEU de NUM NCCOR de le NP , à moins de un NUM en NCmod de NP , un ADJ NCo de NCmod ADJ de ADJ NCmod , dont le NC , à NC de NCmod ou de NC , sans avoir NCo de être ADVTEMPS PPAS , pouvoir , par lui NC , INF un NCo ADJ PPAS ."
2181,1882_Verne_L-Ecole-des-Robinsons_A.txt,"C' est à ce bois que Godfrey et ses deux compagnons se rendirent le lendemain , 12 novembre , dès l' aube .","ce être à ce NCs que NP et DETPOSS NUM NC se VPS le NC , NUM NCmod , dès le NC ."
2182,1882_Verne_L-Ecole-des-Robinsons_A.txt,"Bien armés , ils ne s' avançaient qu' avec une extrême prudence .","bien PPAS , il ne se VIMP que avec un ADJ NC ."
2183,1882_Verne_L-Ecole-des-Robinsons_A.txt,"– Ça ne me va pas beaucoup , ces expéditions -là !","– ça ne me aller pas beaucoup , ce NCo ADVLIEU !"
2184,1882_Verne_L-Ecole-des-Robinsons_A.txt,"murmurait Tartelett , que ces nouvelles épreuves aigrissaient de plus en plus .","VDIC NP , que ce ADJ NCs VIMP de plus en plus ."
2185,1882_Verne_L-Ecole-des-Robinsons_A.txt,Je voudrais bien m' en aller !,je vouloir bien lui en aller !
2186,1882_Verne_L-Ecole-des-Robinsons_A.txt,Mais Godfrey ne prenait plus la peine de lui répondre .,mais NP ne VIMP plus le NCSENT de lui VDIC .
2187,1882_Verne_L-Ecole-des-Robinsons_A.txt,"En cette occasion , on ne consultait point ses goûts , on ne faisait pas même appel à son intelligence .","en ce NC , on ne VIMP ADV DETPOSS NCo , on ne faire pas même NCo à DETPOSS NC ."
2188,1882_Verne_L-Ecole-des-Robinsons_A.txt,C' était l' aide de ses bras que réclamait l' intérêt commun .,ce être le NC de DETPOSS NCCOR que VIMP le NCSENT ADJ .
2189,1882_Verne_L-Ecole-des-Robinsons_A.txt,"Il fallait bien qu' il se résignât à ce métier de bête de somme.Aucune mauvaise rencontre , d' ailleurs , ne signala ce parcours d' un mille , qui séparait Will-Tree de le petit bois .","il VIMP bien que il se VSUBI à ce NC de NCmod de somme.Aucune ADJ NCmod , de ADVLIEU , ne VPS ce NCo de un NUM , qui VIMP NP de le ADJ NCmod ."
2190,1882_Verne_L-Ecole-des-Robinsons_A.txt,"En vain les taillis avaient -ils été fouillés avec soin , la prairie observée d' un horizon à l' autre .","en ADJ le NCspas avoir il être PPAS avec NC , le NC PPAS de un NC à le autre ."
2191,1882_Verne_L-Ecole-des-Robinsons_A.txt,Les animaux domestiques qu' on avait dû y laisser paître ne donnaient aucun signe de frayeur .,le NCs ADJ que on avoir devoir y laisser INF ne VIMP aucun NCs de NCSENT .
2192,1882_Verne_L-Ecole-des-Robinsons_A.txt,"Les oiseaux s' y livraient à leurs ébats , sans plus de préoccupation que d' habitude.Les travaux commencèrent aussitôt .","le NCs se y VIMP à DETPOSS NC , sans plus de NCSENT que de habitude.Les NCs VASP aussitôt ."
2193,1882_Verne_L-Ecole-des-Robinsons_A.txt,Godfrey voulait avec raison n' entreprendre le charriage qu' après que tous les arbres dont il avait besoin seraient abattus .,NP vouloir avec NC ne INF le NCo que PHASE que tout le NCspas dont il avoir NCo être PPAS .
2194,1882_Verne_L-Ecole-des-Robinsons_A.txt,"On pourrait les travailler avec plus de sécurité , lorsqu' ils seraient sur place.Car èfinotu rendit de très grands services pendant cette dure besogne .","on pouvoir le INF avec plus de NCSENT , lorsque il être sur NP èfinoil VPS un très ADJ NCo PHASE ce ADJ NC ."
2195,1882_Verne_L-Ecole-des-Robinsons_A.txt,Il était devenu très habile à le maniement de la hache et de la scie .,il être devenir très ADJ à le NC de le NCmod et de le NC .
2196,1882_Verne_L-Ecole-des-Robinsons_A.txt,"Sa vigueur lui permettait même de continuer son travail , lorsque Godfrey était obligé de s' arrêter pour prendre quelques instants de repos , et que Tartelett , les mains brisées , les membres moulus , n' aurait même plus eu la force de soulever sa pochette.Cependant , à l' infortuné professeur de danse et de maintien , transformé en bûcheron , Godfrey avait réservé la part la moins fatigante de la tâche , c'est-à-dire l' élagage de les petites branches .","DETPOSS NCSENT lui permettre même de INF DETPOSS NCo , lorsque NP être PPAS de se INF pour INF quelque NCo de NCmod , et que NP , le NCCOR PPAS , le NC ADJ , ne avoir même plus avoir le NCSENT de INF DETPOSS NP , à le ADJ NC de NCmod et de NC , PPAS en NC , NP avoir PPAS le NCo le moins ADJ de le NCmod , ADV le NC de le ADJ NCmod ."
2197,1882_Verne_L-Ecole-des-Robinsons_A.txt,"Malgré cela , lors même que Tartelett n' eût été payé qu' un demi-dollar par jour , il aurait volé les quatre cinquièmes de son salaire !","malgré cela , lors même que NP ne avoir être PPAS que un NC par NCT , il avoir PPAS le NUM NCo de DETPOSS NC !"
2198,1882_Verne_L-Ecole-des-Robinsons_A.txt,"Pendant six jours , de le 12 à le 17 novembre , ces travaux ne discontinuèrent pas .","PHASE NUM NCT , de le NUM à le NUM NCmod , ce NCs ne VPS pas ."
2199,1882_Verne_L-Ecole-des-Robinsons_A.txt,"On venait le matin dès l' aube , on emportait de quoi déjeuner , on ne rentrait à Will-Tree que pour le repas de le soir .","on venir le NCT dès le NC , on VIMP de quoi INF , on ne VCOND à NP que pour le NC de le NCT ."
2200,1882_Verne_L-Ecole-des-Robinsons_A.txt,Le ciel n' était pas très beau .,le NCs ne être pas très ADJ .
2201,1882_Verne_L-Ecole-des-Robinsons_A.txt,De gros nuages s' y accumulaient parfois .,un ADJ NCs se y VIMP ADVTEMPS .
2202,1882_Verne_L-Ecole-des-Robinsons_A.txt,"C' était un temps à grains , avec de les alternatives de pluie et de soleil .","ce être un temps à NCmod , avec de le NCmod de NCmod et de NC ."
2203,1882_Verne_L-Ecole-des-Robinsons_A.txt,"Aussi , pendant les averses , les bûcherons se garaient -ils de leur mieux sous les arbres , puis ils reprenaient leur besogne un instant interrompue.Le 18 , tous les arbres , étêtés , ébranchés , gisaient sur le sol , prêts à être charriés à Will-Tree.Pendant ce temps , aucun fauve n' était apparu dans les environs de le rio .","aussi , PHASE le NC , le NCs se VIMP il de lui mieux sous le NCmod , puis il VIMP lui NCo un NCs NP NUM , tout le NC , NC , NC , VIMP sur le NC , NC à être PPAS à NP ce temps , aucun ADJCOL ne être PPAS dans le NC de le NP ."
2204,1882_Verne_L-Ecole-des-Robinsons_A.txt,"C' était à se demander s' il en restait encore dans l' île ; si l� � ours et le tigre , mortellement frappés , n' étaient pas – chose bien invraisemblable !","ce être à se INF si il en VIMP encore dans le NC ; si NP � NC et le NC , ADVINT ADJ , ne être pas – chose bien ADJ !"
2205,1882_Verne_L-Ecole-des-Robinsons_A.txt,"– les derniers de leur espèce.Quoi qu' il en fût , Godfrey ne voulut point abandonner son projet d' élever une solide palissade , afin d' être également à l' abri d' un coup de main de les sauvages et d' un coup de patte de les ours ou de les tigres .","– le NC de lui NCmod que il en être , NP ne vouloir ADV INF DETPOSS NCo de INF un ADJ NCo , ADV de être également à le NC de un NCmod de NCCOR de le NCmod et de un NC de NCmod de le NCmod ou de le NC ."
2206,1882_Verne_L-Ecole-des-Robinsons_A.txt,"D' ailleurs , le plus fort était fait , puisqu' il n' y avait plus qu' à convoyer ces bois jusqu' à l' emplacement où ils seraient mis en œuvre .","de ADVLIEU , le plus fort être faire , puisque il ne y avoir plus que à INF ce NCo jusque à le NC où il être mettre en NC ."
2207,1882_Verne_L-Ecole-des-Robinsons_A.txt,"Nous disons « le plus fort était fait » , bien qu' il semblât que ce charriage dût être extrêmement pénible .","nous VDIC "" le plus fort être faire "" , bien que il sembler que ce NCs VSUBI être ADVINT ADJ ."
2208,1882_Verne_L-Ecole-des-Robinsons_A.txt,"S' il n' en fut rien , c' est que Godfrey avait eu une idée très pratique , qui devait singulièrement alléger la tâche : c' était d' employer le courant de le rio , que la crue , occasionnée par les dernières pluies , rendait assez rapide , à transporter tous ces bois .","si il ne en être rien , ce être que NP avoir avoir un NCo très ADJ , qui devoir ADVINT INF le NCo : ce être de INF le NCo de le NP , que le NCs , PPAS par le ADJ NC , VIMP ADV ADJ , à INF tout ce NCo ."
2209,1882_Verne_L-Ecole-des-Robinsons_A.txt,"On formerait de petits trains , et ils s' en iraient tranquillement jusqu' à la hauteur de le groupe de les séquoias que le ruisseau traversait obliquement .","on VCOND de ADJ NCo , et il se en VIMP ADVMAN jusque à le NC de le NCmod de le NCmod que le NCs VIMP ADV ."
2210,1882_Verne_L-Ecole-des-Robinsons_A.txt,"Là , le barrage formé par le petit pont .","ADVLIEU , le NC PPAS par le ADJ NC ."
2211,1882_Verne_L-Ecole-des-Robinsons_A.txt,les arrêterait tout naturellement .,le VCOND tout ADVINT .
2212,1882_Verne_L-Ecole-des-Robinsons_A.txt,"De cet endroit à Will-Tree , il resterait à peine vingt-cinq pas à franchir.Si quelqu'un se montra particulièrement satisfait de le procédé , qui allait lui permettre de relever sa qualité d' homme si malencontreusement compromise , ce fut bien le professeur Tartelett. Dès le 18 , les premiers trains flottés furent établis .","de ce NC à NP , il VCOND à NCSENT NUM pas à NP quelqu'un se VPS ADVINT ADJ de le NC , qui aller lui permettre de INF DETPOSS NCo de NCmod si ADV PPAS , ce être bien le NC NP dès le NUM , le ADJ NCspas PPAS être PPAS ."
2213,1882_Verne_L-Ecole-des-Robinsons_A.txt,Ils dérivèrent sans accident jusqu' à le barrage .,il VPS sans NC jusque à le NC .
2214,1882_Verne_L-Ecole-des-Robinsons_A.txt,"En moins de trois jours , le 20 à le soir , tout cet abattis était rendu à destination.Le lendemain , les premiers troncs , enfoncés de deux pieds dans le sol , commençaient à se dresser , de manière à relier entre eux les principaux séquoias qui entouraient Will-Tree .","en moins de NUM NCT , le NUM à le NCT , tout ce NCs être PPAS à destination.Le NC , le ADJ NCs , PPAS de NUM NCCOR dans le NC , VIMP à se INF , de NC à INF entre eux le ADJ NCo qui VIMP NP ."
2215,1882_Verne_L-Ecole-des-Robinsons_A.txt,"Une armature de forts et flexibles branchages , les prenant par leur tête , appointie à la hache , assurait la solidité de l' ensemble.Godfrey voyait avec une extrême satisfaction s' avancer ce travail , et il lui tardait qu' il fût fini .","un NCs de fort et ADJ NC , le PPRES par lui NCCOR , PPAS à le NC , VIMP le NCo de le NP VCOG avec un ADJ NCSENT se INF ce NCo , et il lui VIMP que il être VASP ."
2216,1882_Verne_L-Ecole-des-Robinsons_A.txt,"– La palissade une fois achevée , disait -il à Tartelett , nous serons véritablement chez nous .","– le NCs un fois PPAS , VDIC il à NP , nous VF ADVINT chez nous ."
2217,1882_Verne_L-Ecole-des-Robinsons_A.txt,"– Nous ne serons véritablement chez nous , répondit le professeur d' un ton sec , que lorsque nous serons à Montgomery-Street , dans nos chambres de l' hôtel Kolderup !","– nous ne VF ADVINT chez nous , VDIC le NCs de un NCmod ADJ , que lorsque nous PRES à NP , dans DETPOSS NC de le NCmod NP !"
2218,1882_Verne_L-Ecole-des-Robinsons_A.txt,Il n' y avait pas à discuter cette opinion .,il ne y avoir pas à INF ce NCo .
2219,1882_Verne_L-Ecole-des-Robinsons_A.txt,"Le 26 novembre , la palissade était à les trois quarts montée .","le NUM NCmod , le NCs être à le NUM NC PPAS ."
2220,1882_Verne_L-Ecole-des-Robinsons_A.txt,"Elle comprenait , parmi les séquoias rattachés l' un à l' autre , celui dans le tronc de lequel avait été établi le poulailler , et l' intention de Godfrey était d' y construire une étable .","il VCOG , parmi le NCo PPAS le un à le autre , celui dans le NC de lequel avoir être PPAS le NCo , et le NCspas de NP être de y INF un NCo ."
2221,1882_Verne_L-Ecole-des-Robinsons_A.txt,"Encore trois ou quatre jours , l' enceinte serait achevée .","encore NUM ou NUM NCT , le NCspas être VASP ."
2222,1882_Verne_L-Ecole-des-Robinsons_A.txt,"Il ne s' agirait donc plus que d' y adapter une porte solide , qui assurerait définitivement la clôture de Will-Tree.Mais le lendemain , 27 novembre , ce travail fut interrompu par suite d' une circonstance qu' il convient de rapporter avec quelques détails , car elle rentrait dans l' ordre de les choses inexplicables , particulières à l' île Phina.Vers huit heures de le matin , Carèfinotu s' était hissé par le boyau intérieur jusqu' à la fourche de le séquoia , afin de fermer plus hermétiquement l' orifice par lequel le froid pouvait pénétrer avec la pluie , lorsqu' il fit entendre un cri singulier.Godfrey , qui travaillait à la palissade , relevant la tête , aperçut le Noir , dont les gestes expressifs signifiaient de venir le rejoindre sans retard.Godfrey , pensant que Carèfinotu ne pouvait vouloir le déranger s' il n' y avait pas à cela quelque sérieux motif , prit sa lunette , s' éleva dans le boyau intérieur , passa par l' orifice , et se trouva bientôt à califourchon sur une de les maîtresses branches.Car èfinotu , dirigeant alors son bras vers l' angle arrondi que l' île Phina faisait à le Nord-Est , montra une vapeur qui s' élevait dans l' air , comme un long panache .","il ne se VCOND donc plus que de y INF un NCo ADJ , qui VCOND ADV le NCo de NP le NC , NUM NCmod , ce NCspas être PPAS par NC de un NCmod que il PRES de INF avec quelque NC , car il VIMP dans le NC de le chose ADJ , ADJ à le NC Phina.vers NUM NCT de le NCT , NP se être PPAS par le NC ADJ jusque à le NC de le NCmod , ADV de INF plus ADV le NCo par lequel le NCs pouvoir INF avec le NC , lorsque il faire VCOG un NCo NP , qui VIMP à le NC , PPRES le NCCOR , VPS le NP , dont le NCs ADJ VIMP de venir le INF sans NP , VCOG que NP ne pouvoir vouloir le VSENT si il ne y avoir pas à cela quelque ADJ NCo , VPS DETPOSS NCo , se VPS dans le NC ADJ , VPS par le NC , et se VPS bientôt à NC sur un de le NCmod branches.car NC , PPRES alors DETPOSS NCCOR vers le NCmod arrondi que le NCs NP faire à le NP , VPS un NCo qui se VIMP dans le NCMAN , comme un ADJ NCmod ."
2223,1882_Verne_L-Ecole-des-Robinsons_A.txt,– Encore !,– encore !
2224,1882_Verne_L-Ecole-des-Robinsons_A.txt,"s' écria Godfrey.Et , braquant sa lunette vers le point indiqué , il dut constater que , cette fois , il n' y avait pas d' erreur possible , que c' était bien une fumée , qu' elle devait s' échapper d' un foyer important , puisqu' on l' apercevait très distinctement à une distance de près de cinq milles.Godfrey se tourna vers le Noir.Celui -ci exprimait sa surprise par ses regards , par ses exclamations , par toute son attitude enfin .","se VPS NP , PPRES DETPOSS NCo vers le NC PPAS , il devoir INF que , ce fois , il ne y avoir pas un NCo ADJ , que ce être bien un NC , que il devoir se INF de un NC ADJ , puisque on le VIMP très ADV à un NC de ADVLIEU de NUM NP se VPS vers le NP ci VIMP DETPOSS NCSENT par DETPOSS NCMAN , par DETPOSS NCmod , par tout DETPOSS NC PHASE ."
2225,1882_Verne_L-Ecole-des-Robinsons_A.txt,"Certainement , il n' était pas moins stupéfait que Godfrey de cette apparition .","ADVINT , il ne être pas moins PPAS que NP de ce NCmod ."
2226,1882_Verne_L-Ecole-des-Robinsons_A.txt,"D' ailleurs , à le large , il n' y avait pas un navire , pas une embarcation indigène ou autre , rien qui indiquât qu' un débarquement eût été récemment fait sur le littoral .","de ADVLIEU , à le NC , il ne y avoir pas un NCo , pas un NC ADJ ou autre , rien qui VSUBI que un NCspas avoir être ADV faire sur le NC ."
2227,1882_Verne_L-Ecole-des-Robinsons_A.txt,– Ah !,– INTJ !
2228,1882_Verne_L-Ecole-des-Robinsons_A.txt,"cette fois , je saurai découvrir le feu qui produit cette fumée !","ce fois , je VCOG VCOG le NCo qui PRES ce NCo !"
2229,1882_Verne_L-Ecole-des-Robinsons_A.txt,"s' écria Godfrey.Et montrant l' angle nord-est de l' île , puis la partie inférieure de le séquoia , il fit à Carèfinotu le geste d' un homme qui voulait se rendre en cet endroit , sans perdre un instant.Car èfinotu le comprit .","se VPS NP PPRES le NCo NCmod de le NCmod , puis le NC ADJ de le NCmod , il faire à NP le NCo de un NCmod qui vouloir se INF en ce NC , sans INF un NCo PPAS le NCo ."
2230,1882_Verne_L-Ecole-des-Robinsons_A.txt,"Il fit même mieux que le comprendre , il l' approuva de la tête.« Oui , se dit Godfrey , s' il y a là un être humain , il faut savoir qui il est , d' où il est venu !","il faire même mieux que le VCOG , il le VPS de le tête.« oui , se VDIC NP , si il y avoir ADVLIEU un être ADJ , il PRES VCOG qui il être , de où il être venir !"
2231,1882_Verne_L-Ecole-des-Robinsons_A.txt,Il faut savoir pourquoi il se cache !,il PRES VCOG pourquoi il se PRES !
2232,1882_Verne_L-Ecole-des-Robinsons_A.txt,Il y va de notre sécurité à tous !,il y aller de DETPOSS NCSENT à tout !
2233,1882_Verne_L-Ecole-des-Robinsons_A.txt,"» Un moment après , Carèfinotu et lui étaient descendus à le pied de Will-Tree .",""" un NC PHASE , NP et lui être PPAS à le NCCOR de NP ."
2234,1882_Verne_L-Ecole-des-Robinsons_A.txt,"Puis , Godfrey , mettant Tartelett à le courant de ce qu' il avait vu , de ce qu' il allait faire , lui proposait de les accompagner tous les deux jusqu' à le nord de le littoral.Une dizaine de milles à franchir dans la journée , ce n' était pas pour tenter un homme qui regardait ses jambes comme la partie la plus précieuse de son individu , uniquement destinée à de nobles exercices .","puis , NP , mettre NP à le NC de ce que il avoir VCOG , de ce que il aller faire , lui VDIC de le INF tout le NUM jusque à le NCmod de le NUM NCmod de NCmod à INF dans le NCT , ce ne être pas pour INF un NCo qui VCOG DETPOSS NCCOR comme le NCmod le plus ADJ de DETPOSS NCmod , ADV PPAS à un ADJ NC ."
2235,1882_Verne_L-Ecole-des-Robinsons_A.txt,Il répondit donc qu' il préférait rester à Will-Tree .,il VDIC donc que il VCOND INF à NP .
2236,1882_Verne_L-Ecole-des-Robinsons_A.txt,"– Soit , nous irons seuls , répondit Godfrey , mais ne nous attendez pas avant ce soir !","– NP , nous VF ADJ , VDIC NP , mais ne nous IMP pas PHASE ce NCT !"
2237,1882_Verne_L-Ecole-des-Robinsons_A.txt,"Cela dit , Carèfinotu et lui , emportant quelques provisions , afin de pouvoir déjeuner en route , partirent , après avoir pris congé de le professeur , dont l' opinion personnelle était qu' ils ne trouveraient rien et allaient se fatiguer en pure perte.Godfrey emportait son fusil et son revolver ; le Noir , la hache et le couteau de chasse qui était devenu son arme favorite .","cela VDIC , NP et lui , PPRES quelque NCo , ADV de pouvoir INF en NC , VPS , PHASE avoir PPAS PPAS de le NC , dont le NCs ADJ être que il ne VCOND rien et aller se VSENT en NC NP VIMP DETPOSS NCo et DETPOSS NC ; le NP , le NC et le NC de NCmod qui être devenir DETPOSS NCo ADJ ."
2238,1882_Verne_L-Ecole-des-Robinsons_A.txt,"Ils traversèrent le pont de planches , se retrouvèrent sur la rive droite de le rio , puis , à travers la prairie , ils se dirigèrent vers le point de le littoral où l' on voyait la fumée s' élever entre les roches .","il VPS le NCo de NCmod , se VPS sur le NC ADJ de le NP , puis , à travers le NC , il se VPS vers le NC de le NCmod où l' on VCOG le NCo se INF entre le NC ."
2239,1882_Verne_L-Ecole-des-Robinsons_A.txt,"C' était plus à l' Est que l' endroit où Godfrey s' était inutilement rendu , lors de sa seconde exploration.Tous deux allaient rapidement , non sans observer si la route était sûre , si les buissons et les taillis ne cachaient pas quelque animal dont l' attaque eût été redoutable.Ils ne firent aucune mauvaise rencontre .","ce être plus à le NC que le NCs où NP se être ADV PPAS , lors de DETPOSS ADJ NP NUM aller ADVMAN , non sans INF si le NCs être ADJ , si le NCs et le NC ne VIMP pas quelque NCo dont le NCs avoir être redoutable.il ne faire aucun ADJ NCo ."
2240,1882_Verne_L-Ecole-des-Robinsons_A.txt,"À midi , après avoir mangé , sans s' être arrêtés même un instant , tous deux arrivaient à le premier plan de les roches qui bordaient la côte .","à NC , PHASE avoir PPAS , sans se être PPAS même un NCo , tout deux VIMP à le ADJ NC de le NCmod qui VIMP le NCo ."
2241,1882_Verne_L-Ecole-des-Robinsons_A.txt,"La fumée , toujours visible , se dressait encore à moins d' un quart de mille .","le NCs , ADVTEMPS ADJ , se VIMP encore à moins de NUM NC de NCmod ."
2242,1882_Verne_L-Ecole-des-Robinsons_A.txt,"Il n' y avait plus qu' à suivre une direction rectiligne pour arriver à le but.Ils hâtèrent donc leur marche , mais en prenant quelques précautions , afin de surprendre et de n' être point surpris.Deux minutes après , cette fumée se dissipait , comme si le foyer en eût été subitement éteint.Mais Godfrey avait relevé avec précision l' endroit au-dessus de lequel elle avait apparu .","il ne y avoir plus que à INF un NCo ADJ pour INF à le NP VPS donc lui NCo , mais en PPRES quelque NCo , ADV de VSENT et de ne être ADV NUM NCT PHASE , ce NCs se VSENT , comme si le NCs en avoir être ADV éteint.Mais NP avoir PPAS avec NC le NCo ADVLIEU de lequel il avoir PPAS ."
2243,1882_Verne_L-Ecole-des-Robinsons_A.txt,"C' était à la pointe d' un rocher de forme bizarre , une sorte de pyramide tronquée , facilement reconnaissable .","ce être à le NC de un NCmod de NCmod ADJ , un sorte de NCmod PPAS , ADV ADJ ."
2244,1882_Verne_L-Ecole-des-Robinsons_A.txt,"Le montrant à son compagnon , il y marcha droit.Le quart de mille fut rapidement franchi ; puis , l' arrière-plan escaladé , Godfrey et Carèfinotu se trouvèrent sur la grève , à moins de cinquante pas de le rocher.Ils y coururent … Personne !","le NC à DETPOSS NCmod , il y VPS droit.Le NCo de NUM être ADVMAN PPAS ; puis , le NCs PPAS , NP et NP se VPS sur le NC , à moins de NUM pas de le NP y VPS … personne !"
2245,1882_Verne_L-Ecole-des-Robinsons_A.txt,"… Mais , cette fois , un feu à peine éteint , de les charbons à demi calcinés , prouvaient clairement qu' un foyer avait été allumé à cette place .","… mais , ce fois , un NCs à NCSENT PPAS , de le NC à ADJ NCmod , VIMP ADVMAN que un NCspas avoir être PPAS à ce NC ."
2246,1882_Verne_L-Ecole-des-Robinsons_A.txt,– Il y avait quelqu'un ici !,– il y avoir quelqu'un ADVLIEU !
2247,1882_Verne_L-Ecole-des-Robinsons_A.txt,"s' écria Godfrey , quelqu'un , il n' y a qu' un instant !","se VPS NP , quelqu'un , il ne y avoir que un NCo !"
2248,1882_Verne_L-Ecole-des-Robinsons_A.txt,Il faut savoir !,il PRES VCOG !
2249,1882_Verne_L-Ecole-des-Robinsons_A.txt,…Il appela … Pas de réponse !,NP VPS … pas de NC !
2250,1882_Verne_L-Ecole-des-Robinsons_A.txt,… Carèfinotu poussa un cri retentissant … Personne ne parut !,… Carèfinotu VPS un NCo PPRES … personne ne paraître !
2251,1882_Verne_L-Ecole-des-Robinsons_A.txt,"Les voilà donc explorant tous les deux les roches voisines , cherchant une caverne , une grotte , qui aurait pu servir d' abri à un naufragé , à un indigène , à un sauvage … Ce fut en vain qu' ils fouillèrent les moindres anfractuosités de le littoral .","le voilà donc PPRES tout le NUM le NCo ADJ , PPRES un NCo , un NC , qui avoir pouvoir INF de NC à un NCmod , à un NC , à un NC … ce être en ADJ que il VPS le ADJ NCo de le NCmod ."
2252,1882_Verne_L-Ecole-des-Robinsons_A.txt,"Rien n' existait d' un campement ancien ou nouveau , pas même de traces de le passage d' un homme quel qu' il fût .","rien ne VIMP de un NC ADJ ou ADJ , pas même de NCmod de le NCmod de un NCmod quel que il être ."
2253,1882_Verne_L-Ecole-des-Robinsons_A.txt,"– Et cependant , répétait Godfrey , ce n' était point la fumée d' une source chaude , cette fois !","– et cependant , VIMP NP , ce ne être ADV le NC de un NCmod ADJ , ce fois !"
2254,1882_Verne_L-Ecole-des-Robinsons_A.txt,"C' était bien celle d' un feu de bois et d' herbes , et ce feu n' a pu s' allumer seul !","ce être bien celui de un NCmod de NCmod et de NC , et ce NCs ne avoir pouvoir se INF ADJ !"
2255,1882_Verne_L-Ecole-des-Robinsons_A.txt,Recherches vaines .,NC ADJ .
2256,1882_Verne_L-Ecole-des-Robinsons_A.txt,"Aussi , vers deux heures , Godfrey et Carèfinotu , aussi inquiets que déconcertés de n' avoir pu rien découvrir , reprenaient -ils le chemin de Will-Tree.On ne s' étonnera pas que Godfrey s' en allât tout pensif .","aussi , vers NUM NCT , NP et NP , aussi ADJ que PPAS de ne avoir pouvoir rien VCOG , VIMP il le NCs de NP ne se VSENT pas que NP se en VSUBI tout ADJ ."
2257,1882_Verne_L-Ecole-des-Robinsons_A.txt,Il lui semblait que son île était maintenant sous l' empire de quelque puissance occulte .,il lui sembler que DETPOSS NCs être ADVT sous le NC de quelque NCmod ADJ .
2258,1882_Verne_L-Ecole-des-Robinsons_A.txt,"La réapparition de cette fumée , la présence de les fauves , cela ne dénotait -il pas quelque complication extraordinaire ?","le NC de ce NCmod , le NC de le ADJCOL , cela ne VIMP il pas quelque NCo ADJ ?"
2259,1882_Verne_L-Ecole-des-Robinsons_A.txt,"Et ne dut -il pas être confirmé dans cette idée quand , une heure après être rentré dans la prairie , il entendit un bruit singulier , une sorte de cliquetis sec ?","et ne devoir il pas être VDIC dans ce NC quand , un NCT PHASE être PPAS dans le NC , il VCOG un NCo ADJ , un sorte de NCmod ADJ ?"
2260,1882_Verne_L-Ecole-des-Robinsons_A.txt,"… Carèfinotu le repoussa à le moment où un serpent , roulé sous les herbes , allait s' élancer sur lui !– De les serpents , maintenant , de les serpents dans l' île , après les ours et les tigres !","… NP le VPS à le NC où un NCs , PPAS sous le NC , aller se INF sur lui !– de le NC , ADVT , de le NC dans le NCmod , PHASE le NCmod et le NC !"
2261,1882_Verne_L-Ecole-des-Robinsons_A.txt,s' écria -t-il.Oui !,se VPS NP !
2262,1882_Verne_L-Ecole-des-Robinsons_A.txt,"c' était un de ces reptiles , bien reconnaissable à le bruit qu' il fit en s' enfuyant , un serpent à sonnettes , de la plus venimeuse espèce , un géant de la famille de les crotales !","ce être un de ce NCmod , bien ADJ à le NC que il faire en se PPRES , un NCo à NCmod , de le plus ADJ espèce , un NC de le NCmod de le NCmod !"
2263,1882_Verne_L-Ecole-des-Robinsons_A.txt,"Carèfinotu s' était jeté entre Godfrey et le reptile , qui ne tarda pas à disparaître sous un épais taillis.Mais le Noir , l' y poursuivant , lui abattit la tête d' un coup de hache .","Carèfinotu se être PPAS entre NP et le NC , qui ne VPS pas à INF sous un NC taillis.mais le NP , le y PPRES , lui VPS le NCCOR de un NCmod de NCmod ."
2264,1882_Verne_L-Ecole-des-Robinsons_A.txt,"Lorsque Godfrey le rejoignit , les deux tronçons de le reptile tressautaient sur le sol ensanglanté.Puis , d' autres serpents , non moins dangereux , se montrèrent encore , en grand nombre , sur toute cette partie de la prairie que le ruisseau séparait de Will-Tree.Était -ce donc une invasion de reptiles qui se produisait tout à coup ?","lorsque NP le VPS , le NUM NCs de le NCmod VIMP sur le NC NP , un autre NC , non moins ADJ , se PRES encore , en ADJ NC , sur tout ce NC de le NCmod que le NCs VCOND de NP ce donc un NC de NCmod qui se VIMP tout à NC ?"
2265,1882_Verne_L-Ecole-des-Robinsons_A.txt,"L' île Phina allait -elle devenir la rivale de cette ancienne Tenos , que ses redoutables ophidiens rendirent célèbre dans l' antiquité , et qui donna son nom à la vipère ?– Marchons !","le NCs NP aller il devenir le NCo de ce ADJ NP , que DETPOSS ADJ NCs VPS ADJ dans le NC , et qui VPS DETPOSS NCo à le NC ?– NP !"
2266,1882_Verne_L-Ecole-des-Robinsons_A.txt,marchons !,NC !
2267,1882_Verne_L-Ecole-des-Robinsons_A.txt,"s' écria Godfrey , en faisant signe à Carèfinotu de presser le pas.Il était inquiet .","se VPS NP , en faire NCo à NP de INF le NCo être ADJ ."
2268,1882_Verne_L-Ecole-des-Robinsons_A.txt,"De tristes pressentiments l' agitaient , sans qu' il pût parvenir à les maîtriser.Sous leur influence , pressentant quelque malheur prochain , il avait hâte d' être de retour à Will-Tree.Et ce fut bien autre chose lorsqu' il approcha de la planche jetée sur le rio.Des cris d' effroi retentissaient sous le groupe de les séquoias .","de NCs NCSENT le VIMP , sans que il VSUBI INF à le NP lui NCo , PPRES quelque NCo ADJ , il avoir NCo de être de NC à NP ce être bien autre chose lorsque il VPS de le NC PPAS sur le NP PPAS de NCmod VIMP sous le NC de le NCmod ."
2269,1882_Verne_L-Ecole-des-Robinsons_A.txt,"On appelait à le secours , avec un accent de terreur à lequel il n' y avait pas à se méprendre !– C' est Tartelett !","on VIMP à le NC , avec un NC de NCSENT à lequel il ne y avoir pas à se INF !– ce être NP !"
2270,1882_Verne_L-Ecole-des-Robinsons_A.txt,s' écria Godfrey .,se VDIC NP .
2271,1882_Verne_L-Ecole-des-Robinsons_A.txt,Le malheureux a été attaqué !,le NCspas avoir être PPAS !
2272,1882_Verne_L-Ecole-des-Robinsons_A.txt,… Vite !,… NP !
2273,1882_Verne_L-Ecole-des-Robinsons_A.txt,vite !,ADV !
2274,1882_Verne_L-Ecole-des-Robinsons_A.txt,"… Le pont franchi , vingt pas plus loin , Tartelett fut aperçu , détalant de toute la vitesse de ses jambes.Un énorme crocodile , sorti de le rio , le poursuivait , la mâchoire ouverte .","… le NCspas ADJ , NUM pas plus ADVLIEU , NP être PPAS , PPRES de tout le NC de DETPOSS NP ADJ ADJ , PPAS de le NP , le VIMP , le NCCOR PPAS ."
2275,1882_Verne_L-Ecole-des-Robinsons_A.txt,"Le pauvre homme , éperdu , fou d' épouvante , à le lieu de se jeter à droite , à gauche , fuyait en ligne droite , risquant ainsi d' être atteint !","le ADJ NCs , NC , NC de NCmod , à le NC de se INF à NC , à NC , VIMP en NC ADJ , PPRES ainsi de être PPAS !"
2276,1882_Verne_L-Ecole-des-Robinsons_A.txt,"… Soudain il buta , il tomba … Il était perdu.Godfrey s' arrêta .","… soudain il VPS , il VPS … il être NP se VPS ."
2277,1882_Verne_L-Ecole-des-Robinsons_A.txt,"En présence de cet imminent danger , son sang-froid ne l' abandonna pas un instant .","en NC de ce ADJ NCmod , DETPOSS NCs ne le VPS pas un NCo ."
2278,1882_Verne_L-Ecole-des-Robinsons_A.txt,"Il épaula son fusil , il visa le crocodile au-dessous de l' œil.La balle , bien dirigée , foudroya le monstre , qui fit un bond de côté et retomba sans mouvement sur le sol.Car èfinotu , s' élançant alors vers Tartelett , le releva … Tartelett en avait été quitte pour la peur !","il VPS DETPOSS NCo , il VPS le NCo ADVLIEU de le NP ADJ , bien PPAS , VPS le NCo , qui faire un NCo de NCmod et VPS sans NC sur le NP èfinoil , se PPRES alors vers NP , le NC … NP en avoir être ADJ pour le NCSENT !"
2279,1882_Verne_L-Ecole-des-Robinsons_A.txt,Mais quelle peur !,mais quel NCSENT !
2280,1882_Verne_L-Ecole-des-Robinsons_A.txt,"Il était six heures de le soir.Un instant après , Godfrey et ses deux compagnons étaient rentrés à Will-Tree.Quelles amères réflexions ils durent faire pendant ce repas de le soir !","il être NUM NCT de le NP ADJ PHASE , NP et DETPOSS NUM NC être PPAS à NP ADJ NCo il PRES faire PHASE ce NC de le NCT !"
2281,1882_Verne_L-Ecole-des-Robinsons_A.txt,"Quelles longues heures d' insomnie se préparaient pour ces hôtes de l' île Phina , contre lesquels s' acharnait maintenant la mauvaise fortune !","quel ADJ NCT de NCmod se VIMP pour ce NC de le NCmod NP , contre lequel se VIMP ADVT le ADJ NCo !"
2282,1882_Verne_L-Ecole-des-Robinsons_A.txt,"Quant à le professeur , dans ses angoisses , il ne trouvait à répéter que ces mots qui résumaient toute sa pensée :– Je voudrais bien m' en aller !XXILa saison d' hiver , si dure sous ces latitudes , était enfin venue .","quant à le NC , dans DETPOSS NCSENT , il ne VIMP à INF que ce NC qui VIMP tout DETPOSS NCo :– je vouloir bien lui en aller !XXILa NCo de NCmod , si ADJ sous ce NC , être PHASE venir ."
2283,1882_Verne_L-Ecole-des-Robinsons_A.txt,"Les premiers froids se faisaient déjà sentir , et il fallait compter avec l' extrême rigueur de la température .","le ADJ NCs se faire déjà sentir , et il VIMP INF avec le ADJ NC de le NCmod ."
2284,1882_Verne_L-Ecole-des-Robinsons_A.txt,Godfrey dut donc s' applaudir d' avoir établi un foyer à intérieur .,NP devoir donc se INF de avoir PPAS un NCo à NCmod .
2285,1882_Verne_L-Ecole-des-Robinsons_A.txt,"Il va sans dire que le travail de palissade avait été achevé et qu' une solide porte assurait maintenant la fermeture de l' enceinte.Durant les six semaines qui suivirent , c'est-à-dire jusqu' à la mi-décembre , il y eut de bien mauvais jours , pendant lesquels il n' était pas possible de s' aventurer au-dehors .","il aller sans VDIC que le NCspas de NCmod avoir être VASP et que un NCs ADJ VIMP ADVT le NCo de le PPRES le NUM NCs qui VPS , ADV jusque à le NC , il y avoir de bien ADJ NCT , PHASE lequel il ne être pas ADJ de se INF ADV ."
2286,1882_Verne_L-Ecole-des-Robinsons_A.txt,"Ce furent , pour premier assaut , de les bourrasques terribles .","ce être , pour ADJ NC , de le NCmod ADJ ."
2287,1882_Verne_L-Ecole-des-Robinsons_A.txt,"Elles ébranlèrent le groupe de les séquoias jusque dans leurs racines , elles jonchèrent le sol de branches cassées , dont il fut fait une ample réserve pour les besoins de le foyer.Les hôtes de Will-Tree se vêtirent alors aussi chaudement qu' ils le purent ; les étoffes de laine , trouvées dans la malle , furent utilisées pendant les quelques excursions nécessaires à le ravitaillement ; mais le temps devint si exécrable que l' on dut se consigner.Toute chasse fut interdite , et la neige tomba bientôt avec une telle violence , que Godfrey aurait pu se croire dans les parages inhospitaliers de l' Océan polaire.On sait , en effet , que l' Amérique septentrionale , balayée par les vents de le Nord , sans qu' aucun obstacle puisse les arrêter , est un de les pays les plus froids de le globe .","il VPS le NCo de le NCmod jusque dans DETPOSS NC , il VPS le NCo de NCmod ADJ , dont il être faire un ADJ NCo pour le NCmod de le NP NC de NP se VPS alors aussi ADVMAN que il le pouvoir ; le NCspas de NCmod , PPAS dans le NC , être PPAS PHASE le quelque NC ADJ à le NC ; mais le temps devenir si ADJ que l' on devoir se consigner.Toudre NCspas être PPAS , et le NCs VPS bientôt avec un tel NC , que NP avoir pouvoir se VCOG dans le NC ADJ de le NP NP VCOG , en NC , que le NP ADJ , PPAS par le NC de le NCmod , sans que aucun NCs pouvoir le INF , être un de le NCmod le plus ADJ de le NCmod ."
2288,1882_Verne_L-Ecole-des-Robinsons_A.txt,L' hiver s' y prolonge jusqu' au-delà de le mois d' avril .,le NCs se y PRES jusque ADV de le NCT de MOIS .
2289,1882_Verne_L-Ecole-des-Robinsons_A.txt,Il faut de les précautions exception­nelles pour lutter contre lui .,il PRES de le NC ADJ pour INF contre lui .
2290,1882_Verne_L-Ecole-des-Robinsons_A.txt,"Cela donnait à penser que l' île Phina était située beaucoup plus haut en latitude que Godfrey ne l' avait supposé. De là , nécessité d' aménager l' intérieur de Will-Tree le plus confortablement possible ; mais on eut cruellement à souffrir de le froid et de la pluie .","cela VIMP à VCOG que le NCs NP être PPAS beaucoup plus ADJ en NC que NP ne le avoir supposé. de ADVLIEU , PPAS de INF le NCo de NP le plus ADV ADJ ; mais on avoir ADVMAN à VSENT de le NC et de le NC ."
2291,1882_Verne_L-Ecole-des-Robinsons_A.txt,"Les réserves de l' office étaient malheureu­sement insuffisantes , la chair de tortue conservée s' épuisait peu à peu ; plusieurs fois , il fallut sacrifier quelques têtes de le troupeau de moutons , d' agoutis ou de chèvres , dont le nombre ne s' était que peu accru depuis leur arrivée sur l' île.Avec ces nouvelles épreuves , que de tristes pensées hantèrent l' esprit de Godfrey !","le NCs de le NCmod être ADV ADJ , le NCCOR de NCmod PPAS se VIMP peu à peu ; plusieurs fois , il VPS INF quelque NCCOR de le NCmod de NCmod , de NC ou de NC , dont le NCs ne se être que peu PPAS depuis lui NC sur le NP ce ADJ NCo , que de NCs VCOG VSENT le NCo de NP !"
2292,1882_Verne_L-Ecole-des-Robinsons_A.txt,"Il arriva aussi que , pendant une quinzaine de jours , il fût gravement abattu par une fièvre intense .","il VPS aussi que , PHASE NUM NC de NCT , il être ADVMAN PPAS par un VSENT ADJ ."
2293,1882_Verne_L-Ecole-des-Robinsons_A.txt,"Sans la petite pharmacie qui lui procura les drogues nécessaires à son traitement , peut-être n' eût -il pu se rétablir .","sans le ADJ NC qui lui VPS le NCo ADJ à DETPOSS NC , peut-être ne avoir il pouvoir se INF ."
2294,1882_Verne_L-Ecole-des-Robinsons_A.txt,"Tartelett était peu apte , d' ailleurs , à lui donner les soins convenables pendant cette maladie .","NP être peu ADJ , de ADVLIEU , à lui INF le NCo ADJ PHASE ce NCmod ."
2295,1882_Verne_L-Ecole-des-Robinsons_A.txt,"Ce fut à Carèfinotu , particulièrement , qu' il dut de revenir à la santé.Mais quels souvenirs et aussi quels regrets !","ce être à NP , ADVINT , que il devoir de INF à le NP quel NCo et aussi quel NCSENT !"
2296,1882_Verne_L-Ecole-des-Robinsons_A.txt,C' est qu' il ne pouvait accuser que lui d' une situation dont il ne voyait même plus la fin !,ce être que il ne pouvoir VDIC que lui de un NCmod dont il ne VCOG même plus le NCo !
2297,1882_Verne_L-Ecole-des-Robinsons_A.txt,"Que de fois , dans son délire , il appela Phina , qu' il ne comptait plus jamais revoir , son oncle Will , dont il se voyait séparé pour toujours !","que de fois , dans DETPOSS NC , il VPS NP , que il ne VIMP plus ADVTEMPS VCOG , DETPOSS NC NP , dont il se VCOG PPAS pour ADVTEMPS !"
2298,1882_Verne_L-Ecole-des-Robinsons_A.txt,Ah !,INTJ !
2299,1882_Verne_L-Ecole-des-Robinsons_A.txt,"il fallait en rabattre de cette existence de les Robinsons , dont son imagination d' enfant s' était fait un idéal !","il VIMP en NC de ce NCmod de le NP , dont DETPOSS NCs de NCmod se être faire un NCo !"
2300,1882_Verne_L-Ecole-des-Robinsons_A.txt,"Maintenant , il se voyait à les prises avec la réalité !","ADVT , il se VCOG à le NC avec le NC !"
2301,1882_Verne_L-Ecole-des-Robinsons_A.txt,Il ne pouvait même plus espérer de jamais rentrer à le foyer domestique !,il ne pouvoir même plus VCOG de ADVTEMPS INF à le NC ADJ !
2302,1882_Verne_L-Ecole-des-Robinsons_A.txt,"Ainsi se passa tout ce triste mois de décembre , à la fin de lequel Godfrey commença seulement à recouvrer quelques forces.Quant à Tartelett , par grâce spéciale , sans doute , il s' était toujours bien porté .","ainsi se VPS tout ce ADJ NCT de MOIS , à le NC de lequel NP VASP seulement à INF quelque NP à NP , par NC ADJ , sans NCSENT , il se être ADVTEMPS bien PPAS ."
2303,1882_Verne_L-Ecole-des-Robinsons_A.txt,"Mais que de lamentations incessantes , que de jérémiades sans fin !","mais que de NC ADJ , que de NC sans NCmod !"
2304,1882_Verne_L-Ecole-des-Robinsons_A.txt,"Telle que la grotte de Calypso , après le départ d' Ulysse , Will-Tree « ne résonnait plus de son chant » – celui de sa pochette , bien entendu , dont le froid racornissait les cordes !","tel que le NC de NP , PHASE le NC de NP , NP "" ne VIMP plus de DETPOSS NC "" – celui de DETPOSS NCmod , bien VCOG , dont le NCs VIMP le NCo !"
2305,1882_Verne_L-Ecole-des-Robinsons_A.txt,"Il faut dire , aussi , que l' une de les plus graves préoccupations de Godfrey , c' était , en même temps que l' apparition de les animaux dangereux , la crainte de voir les sauvages revenir en grand nombre à l' île Phina , dont la situation leur était connue .","il PRES VDIC , aussi , que le un de le plus ADJ NCSENT de NP , ce être , en même temps que le NC de le NCmod ADJ , le NCSENT de VCOG le NCo INF en ADJ NC à le NC NP , dont le NCspas lui être PPAS ."
2306,1882_Verne_L-Ecole-des-Robinsons_A.txt,"Contre une telle agression , l' enceinte palissadée n' aurait été qu' une insuffisante barrière. Tout bien examiné , le refuge offert par les hautes branches de le séquoia parut encore ce qu' il y avait de plus sûr , et on s' occupa d' en rendre l' accès moins difficile .","contre un tel NCSENT , le NCs PPAS ne avoir être que un ADJ NC tout bien PPAS , le NCs PPAS par le ADJ NC de le NCmod paraître encore ce que il y avoir de plus ADJ , et on se VPS de en INF le NCo moins ADJ ."
2307,1882_Verne_L-Ecole-des-Robinsons_A.txt,"Il serait toujours aisé de défendre l' étroit orifice par lequel il fallait déboucher pour arriver à le sommet de le tronc.Ce fut avec l' aide de Carèfinotu que Godfrey parvint à établir de les saillies régulièrement espacées d' une paroi à l' autre , comme les marches d' une échelle , et qui , reliées par une longue corde végétale , permettaient de monter plus rapidement à l' intérieur .","il être ADVTEMPS PPAS de INF le ADJ NCo par lequel il VIMP INF pour INF à le NC de le NP être avec le NC de NP que NP VPS à INF de le NC ADVTEMPS PPAS de un NC à le autre , comme le NCmod de un NCmod , et qui , PPAS par un ADJ NC ADJ , permettre de INF plus ADVMAN à le NC ."
2308,1882_Verne_L-Ecole-des-Robinsons_A.txt,"– Eh bien , dit en souriant Godfrey , lorsque ce travail fut fini , cela nous fait une maison de ville en bas , et une maison de campagne en haut !– J' aimerais mieux une cave , pourvu qu' elle fût dans Montgomery-Street !","– INTJ bien , VDIC en PPRES NP , lorsque ce NCs être VASP , cela nous faire un NCo de NCmod en NC , et un NC de NCmod en NCmod !– je VSENT mieux un NCo , pourvu que il être dans NP !"
2309,1882_Verne_L-Ecole-des-Robinsons_A.txt,"répondit Tartelett.No ël arriva , ce « Christmas » tant fêté dans tous les États-Unis d' Amérique !","VDIC Tartelett.No NCo VPS , ce "" NP "" tant PPAS dans tout le NP de NP !"
2310,1882_Verne_L-Ecole-des-Robinsons_A.txt,"Puis , ce fut ce premier jour de l' an , plein de les souvenirs d' enfance , qui , pluvieux , neigeux , froid , sombre , commença la nouvelle année sous les plus fâcheux auspices !","puis , ce être ce ADJ NCT de le NCT , ADJ de le NC de NCmod , qui , ADV , ADJ , ADJ , ADJ , VASP le ADJ NCT sous le plus ADJ NC !"
2311,1882_Verne_L-Ecole-des-Robinsons_A.txt,Il y avait alors six mois que les naufragés de le Dream étaient sans communication avec le reste de le monde.Le début de cette année ne fut pas très heureux .,il y avoir alors NUM NCT que le NCs de le NP être sans NC avec le NC de le NP NC de ce NCT ne être pas très ADJ .
2312,1882_Verne_L-Ecole-des-Robinsons_A.txt,Il devait donner à penser que Godfrey et ses compagnons seraient soumis à de les épreuves encore plus cruelles.La neige ne cessa de tomber jusqu' à le 18 janvier .,il devoir INF à VCOG que NP et DETPOSS NC être PPAS à de le NC encore plus cruelles.La NCs ne VASP de INF jusque à le NUM NCmod .
2313,1882_Verne_L-Ecole-des-Robinsons_A.txt,"Il avait fallu laisser le troupeau aller pâturer à le dehors , afin de pourvoir comme il le pourrait à sa nourriture.À la fin de le jour , une nuit très humide , très froide , enveloppait l' île tout entière , et le sombre dessous de les séquoias était plongé dans une profonde obscurité.Godfrey , Carèfinotu , étendus sur leur couchette à l' intérieur de Will-Tree , essayaient en vain de dormir .","il avoir PPAS laisser le NCo aller INF à le NC , ADV de INF comme il le pouvoir à DETPOSS NP le NC de le NCT , un NCT très ADJ , très ADJ , VIMP le NCo tout ADJ , et le ADJ NC de le NCmod être PPAS dans un ADJ NP , NP , PPAS sur lui NC à le NCmod de NP , VIMP en ADJ de INF ."
2314,1882_Verne_L-Ecole-des-Robinsons_A.txt,"Godfrey , à la lumière indécise d' une résine , feuilletait quelques pages de la Bible.Vers dix heures , un bruit lointain , qui se rapprochait peu à peu , se fit entendre dans la partie nord de l' île .","NP , à le NC ADJ de un NCmod , VIMP quelque NCo de le NP NUM NCT , un NC ADJ , qui se VIMP peu à peu , se faire VCOG dans le NC ADJ de le NCmod ."
2315,1882_Verne_L-Ecole-des-Robinsons_A.txt,Il n' y avait pas à s' y tromper .,il ne y avoir pas à se y INF .
2316,1882_Verne_L-Ecole-des-Robinsons_A.txt,"C' étaient de les fauves qui rôdaient à les environs , et , circonstance plus effrayante , les hurlements de le tigre et de la hyène , les rugissements de la panthère et de le lion , se confondaient , cette fois , dans un formidable concert.Godfrey , Tartelett et le Noir s' étaient soudain relevés , en proie à une indicible angoisse .","ce être de le ADJCOL qui VIMP à le NC , et , NC plus ADJ , le NC de le NCmod et de le NC , le NC de le NCmod et de le NC , se VIMP , ce fois , dans un ADJ NP , NP et le NP se être soudain PPAS , en NC à un ADJ NCSENT ."
2317,1882_Verne_L-Ecole-des-Robinsons_A.txt,"Si , devant cette inexplicable invasion d' animaux féroces , Carèfinotu partageait l' épouvante de ses compagnons , il faut constater , en outre , que sa stupéfaction égalait à le moins son effroi.Pendant deux mortelles heures , tous trois furent tenus en alerte .","si , ADVLIEU ce ADJ NC de NCmod ADJ , NP VIMP le NCo de DETPOSS NCmod , il PRES INF , en ADV , que DETPOSS NCSENT VIMP à le moins son NP NUM ADJ NCT , tout trois être PPAS en NC ."
2318,1882_Verne_L-Ecole-des-Robinsons_A.txt,"Les hurlements éclataient , par instants , à peu de distance ; puis ils cessaient tout à coup , comme si la bande de les fauves , ne connaissant pas le pays qu' elle parcourait , s' en fût allée à le hasard .","le NCs VIMP , par NC , à peu de NC ; puis il VASP tout à NC , comme si le NCs de le ADJCOL , ne PPRES pas le NCo que il VCOND , se en être aller à le NC ."
2319,1882_Verne_L-Ecole-des-Robinsons_A.txt,"Peut-être , alors , Will-Tree échapperait -il à une agression !","peut-être , alors , NP PRES il à un NCSENT !"
2320,1882_Verne_L-Ecole-des-Robinsons_A.txt,"« N' importe , pensait Godfrey , si nous ne parvenons pas à détruire ces animaux jusqu' à le dernier , il n' y aura plus aucune sécurité pour nous dans l' île !",""" ne PRES , VCOG NP , si nous ne PRES pas à INF ce NCo jusque à le ADJ , il ne y avoir plus aucun NCSENT pour nous dans le NC !"
2321,1882_Verne_L-Ecole-des-Robinsons_A.txt,"» Peu après minuit , les rugissements reprirent avec plus de force , à une distance moindre .",""" peu PHASE NC , le NCs VPS avec plus de NCSENT , à un NCmod ADJ ."
2322,1882_Verne_L-Ecole-des-Robinsons_A.txt,Impossible de douter que la troupe hurlante ne se rapprochât de Will-Tree.Oui !,ADJ de INF que le NCs ADJ ne se VSUBI de NP !
2323,1882_Verne_L-Ecole-des-Robinsons_A.txt,ce n' était que trop certain !,ce ne être que trop ADJ !
2324,1882_Verne_L-Ecole-des-Robinsons_A.txt,"Et , cependant , ces animaux féroces , d' où venaient -ils ?","et , cependant , ce NC ADJ , de où venir il ?"
2325,1882_Verne_L-Ecole-des-Robinsons_A.txt,Ils ne pouvaient avoir récemment débarqué sur l' île Phina !,il ne pouvoir avoir ADV PPAS sur le NC NP !
2326,1882_Verne_L-Ecole-des-Robinsons_A.txt,Il fallait donc qu' ils y fussent antérieurement à l' arrivée de Godfrey !,il VIMP donc que il y PRES ADVTEMPS à le NC de NP !
2327,1882_Verne_L-Ecole-des-Robinsons_A.txt,"Mais , alors , comment toute cette bande avait -elle pu si bien se cacher , que , pendant ses excursions et ses chasses , aussi bien à travers les bois de le centre que dans les parties les plus reculées de le sud de l' île , Godfrey n' en eût jamais trouvé aucune trace !","mais , alors , comment tout ce NCs avoir il pouvoir si bien se INF , que , PHASE DETPOSS NC et DETPOSS NC , aussi bien à travers le NC de le NCmod que dans le NC le plus PPAS de le NC de le NCmod , NP ne en avoir ADVTEMPS PPAS aucun NCo !"
2328,1882_Verne_L-Ecole-des-Robinsons_A.txt,"Où était donc la mystérieuse tanière qui venait de vomir ces lions , ces hyènes , ces panthères , ces tigres ?","où être donc le ADJ NC qui venir de INF ce NCo , ce NC , ce NC , ce NC ?"
2329,1882_Verne_L-Ecole-des-Robinsons_A.txt,"Entre toutes les choses inexpliquées jusqu' ici , celle-ci n' était -elle pas , vraiment , la plus inexplicable ?","entre tout le chose PPAS jusque ADVLIEU , celui-ci ne être il pas , ADVINT , le plus ADJ ?"
2330,1882_Verne_L-Ecole-des-Robinsons_A.txt,Carèfinotu ne pouvait en croire ce qu' il entendait .,Carèfinoil ne pouvoir en VCOG ce que il VCOG .
2331,1882_Verne_L-Ecole-des-Robinsons_A.txt,"On l' a dit , c' était même chez lui de la stupéfaction poussée à la dernière limite .","on le avoir VDIC , ce être même chez lui de le NCSENT PPAS à le ADJ NC ."
2332,1882_Verne_L-Ecole-des-Robinsons_A.txt,"À la flamme de le foyer qui éclairait l' intérieur de Will-Tree , on aurait pu observer sur son masque noir la plus étrange de les grimaces.Tartelett , lui , gémissait , se lamentait , grognait , dans son coin .","à le NC de le NCmod qui VIMP le NCo de NP , on avoir pouvoir INF sur DETPOSS NC ADJ le plus ADJ de le NP , lui , VIMP , se VIMP , VDIC , dans DETPOSS NC ."
2333,1882_Verne_L-Ecole-des-Robinsons_A.txt,"Il voulait interroger Godfrey sur tout cela ; mais celui-ci n' était ni en mesure , ni en humeur de lui répondre .","il vouloir VDIC NP sur tout cela ; mais celui-ci ne être ni en NC , ni en NC de lui VDIC ."
2334,1882_Verne_L-Ecole-des-Robinsons_A.txt,"Il avait le pressentiment d' un très grand danger , il cherchait les moyens de s' y soustraire.Une ou deux fois , Carèfinotu et lui s' avancèrent jusqu' à le milieu de l' enceinte .","il avoir le NCSENT de un très ADJ NCmod , il VIMP le NCo de se y NP ou NUM fois , NP et lui se VPS jusque à le milieu de le NCmod ."
2335,1882_Verne_L-Ecole-des-Robinsons_A.txt,"Ils voulaient s' assurer si la porte de l' enceinte était solidement assujettie en dedans.Tout à coup , une avalanche d' animaux déboula avec grand bruit de le côté de Will-Tree.Ce n' était encore que le troupeau de les chèvres , de les moutons , de les agoutis .","il vouloir se INF si le NCspas de le NCmod être ADV PPAS en PPRES à NC , un NCs de NCmod VPS avec ADJ NC de le NCmod de NP ne être encore que le NCo de le NCmod , de le NC , de le NC ."
2336,1882_Verne_L-Ecole-des-Robinsons_A.txt,"Pris d' épouvante , en entendant les hurlements de les fauves , en sentant leur approche , ces bêtes affolées avaient fui le pâturage et venaient s' abriter derrière la palissade .","PPAS de NC , en VCOG le NCo de le ADJCOL , en sentir lui NCo , ce NCs VSENT avoir PPAS le NCo et venir se INF ADVLIEU le NC ."
2337,1882_Verne_L-Ecole-des-Robinsons_A.txt,– Il faut leur ouvrir !,– il PRES lui INF !
2338,1882_Verne_L-Ecole-des-Robinsons_A.txt,s' écria Godfrey.Car èfinotu remuait la tête de haut en bas .,se VDIC Godfrey.Car èfinoil VIMP le NCCOR de NCmod en NC .
2339,1882_Verne_L-Ecole-des-Robinsons_A.txt,Il n' avait pas besoin de parler la même langue que Godfrey pour le comprendre !,il ne avoir pas NCo de INF le même NCCOR que NP pour le VCOG !
2340,1882_Verne_L-Ecole-des-Robinsons_A.txt,"La porte fut ouverte , et tout le troupeau épouvanté se précipita dans l' enceinte.Mais à cet instant , à travers l' entrée libre , apparut une sorte de flamboiement d' yeux , à le milieu de cette obscurité que le couvert de les séquoias rendait plus épaisse encore.Il n' était plus temps de refermer l' enceinte !Se jeter sur Godfrey , l' entraîner malgré lui , le pousser dans l' habitation , dont il retira brusquement la porte , cela fut fait par Carèfinotu dans la durée d' un éclair. De nouveaux rugissements indiquèrent que trois ou quatre fauves venaient de franchir la palissade.Alors , à ces rugissements horribles se mêla tout un concert de bêlements et de grognements d' épouvante .","le NCspas être PPAS , et tout le NC PPAS se VPS dans le NC à ce NC , à travers le NC ADJ , VPS un sorte de NCmod de NCCOR , à le milieu de ce NCmod que le NCs de le NCmod VIMP plus ADJ NP ne être plus temps de INF le NCo NP INF sur NP , le INF malgré lui , le INF dans le NC , dont il VPS ADV le NCo , cela être faire par NP dans le NC de un NCmod un ADJ NCs VPS que NUM ou NUM ADJCOL venir de INF le NP , à ce NC ADJ se VPS tout un NCo de NCmod et de NC de NCmod ."
2341,1882_Verne_L-Ecole-des-Robinsons_A.txt,"Le troupeau domestique , pris là comme dans un piège , était livré , et à la griffe de les assaillants.Godfrey et Carèfinotu , qui s' étaient hissés jusqu' à les deux petites fenêtres percées dans l' écorce de le séquoia , essayaient de voir ce qui se passait à le milieu de l' ombre.Évidemment , les fauves – tigres ou lions , panthères ou hyènes , on ne pouvait le savoir encore – s' étaient jetés sur le troupeau et commençaient leur carnage.À ce moment , Tartelett , dans un accès d' effroi aveugle , de terreur irraisonnée , saisissant l' un de les fusils , voulut tirer par l' embrasure d' une de les fenêtres , à tout hasard !","le NCspas ADJ , PPAS ADVLIEU comme dans un NC , être PPAS , et à le NC de le NP et NP , qui se être PPAS jusque à le NUM ADJ NC PPAS dans le NC de le NCmod , VIMP de VCOG ce qui se VIMP à le milieu de le NCmod , le ADJCOL – NC ou NC , NC ou NC , on ne pouvoir le VCOG encore – se être PPAS sur le NC et VIMP lui carnage.À ce NCmod , NP , dans un NC de NCmod ADJ , de NCSENT ADJ , PPRES le un de le NCmod , vouloir INF par le NC de un de le NCmod , à tout NCmod !"
2342,1882_Verne_L-Ecole-des-Robinsons_A.txt,Godfrey l' arrêta .,NP le VPS .
2343,1882_Verne_L-Ecole-des-Robinsons_A.txt,– Non !,– non !
2344,1882_Verne_L-Ecole-des-Robinsons_A.txt,dit -il .,VDIC il .
2345,1882_Verne_L-Ecole-des-Robinsons_A.txt,À le milieu de cette obscurité il y a trop de chances pour que ce soient de les coups perdus .,à le milieu de ce NCmod il y avoir trop de NC pour que ce être de le NCmod ADJ .
2346,1882_Verne_L-Ecole-des-Robinsons_A.txt,Il ne faut pas gaspiller inutilement nos munitions !,il ne PRES pas INF ADV DETPOSS NCo !
2347,1882_Verne_L-Ecole-des-Robinsons_A.txt,Attendons le jour !,IMP le NCT !
2348,1882_Verne_L-Ecole-des-Robinsons_A.txt,Il avait raison .,il avoir NCo .
2349,1882_Verne_L-Ecole-des-Robinsons_A.txt,"Les balles auraient aussi bien atteint les animaux domestiques que les animaux sauvages – plus sûrement même , puisque ceux -là étaient en plus grand nombre .","le NCs avoir aussi bien PPAS le NCo ADJ que le NCmod ADJ – plus ADVINT même , puisque celui ADVLIEU être en plus ADJ NC ."
2350,1882_Verne_L-Ecole-des-Robinsons_A.txt,"Les sauver , c' était maintenant impossible .","le INF , ce être ADVT ADJ ."
2351,1882_Verne_L-Ecole-des-Robinsons_A.txt,"Eux sacrifiés , peut-être les fauves , repus , auraient -ils quitté l' enceinte avant le lever de le soleil .","lui PPAS , peut-être le ADJCOL , NC , avoir il PPAS le NCo PHASE le NC de le NCmod ."
2352,1882_Verne_L-Ecole-des-Robinsons_A.txt,"On verrait alors comment il conviendrait d' agir pour se garder contre une agression nouvelle.Mieux valait aussi , pendant cette nuit si noire ; et tant qu' on le pouvait , ne pas révéler à ces animaux la présence d' êtres humains qu' ils pourraient bien préférer à de les bêtes .","on VCOND alors comment il VCOND de INF pour se INF contre un NCSENT ADJ VIMP aussi , PHASE ce NCT si ADJ ; et tant que on le pouvoir , ne pas INF à ce NC le NCo de être ADJ que il pouvoir bien INF à un le NC ."
2353,1882_Verne_L-Ecole-des-Robinsons_A.txt,"Peut-être éviterait -on ainsi une attaque directe contre Will-Tree.Comme Tartelett était incapable de comprendre ni un raisonnement de ce genre , ni aucun autre , Godfrey se contenta de lui retirer son arme .","peut-être VCOND on ainsi un NCs ADJ contre NP NP être ADJ de VCOG ni un NCo de ce NCmod , ni aucun autre , NP se VSENT de lui INF DETPOSS NCo ."
2354,1882_Verne_L-Ecole-des-Robinsons_A.txt,"Le professeur vint alors se jeter sur sa couchette , en maudissant les voyages , les voyageurs , les maniaques , qui ne peuvent pas demeurer tranquillement à le foyer domestique !","le NC venir alors se INF sur DETPOSS NC , en PPRES le NCo , le NC , le NC , qui ne pouvoir pas INF ADVMAN à le NC ADJ !"
2355,1882_Verne_L-Ecole-des-Robinsons_A.txt,Ses deux compagnons s' étaient remis en observation à les fenêtres .,DETPOSS NUM NCs se être PPAS en NC à le NC .
2356,1882_Verne_L-Ecole-des-Robinsons_A.txt,"De là , ils assistaient , sans pouvoir intervenir , à cet horrible massacre qui s' opérait dans l' ombre .","de ADVLIEU , il VIMP , sans pouvoir INF , à ce ADJ NC qui se VIMP dans le NC ."
2357,1882_Verne_L-Ecole-des-Robinsons_A.txt,"Les cris de les moutons et de les chèvres diminuaient peu à peu , soit que l' égorgement de ces animaux fût consommé , soit que la plupart se fussent échappés au-dehors , où les attendait une mort non moins sûre .","le NCs de le NCmod et de le NC VIMP peu à peu , ADV que le NCspas de ce NCmod être PPAS , ADV que le NC se PRES PPAS ADV , où le VIMP un NCo non moins ADJ ."
2358,1882_Verne_L-Ecole-des-Robinsons_A.txt,Ce serait là une perte irréparable pour la petite colonie ; mais Godfrey n' en était plus à se préoccuper de l' avenir .,ce être ADVLIEU un NC ADJ pour le ADJ NCmod ; mais NP ne en être plus à se VSENT de le NC .
2359,1882_Verne_L-Ecole-des-Robinsons_A.txt,Le présent était assez inquiétant pour absorber toutes ses pensées .,le NCspas être ADV PPRES pour INF tout DETPOSS NCo .
2360,1882_Verne_L-Ecole-des-Robinsons_A.txt,"Il n' y avait rien à faire , rien à tenter pour empêcher cette œuvre de destruction.Il devait être onze heures de le soir , lorsque les cris de rage cessèrent un instant.Godfrey et Carèfinotu regardaient toujours : il leur semblait voir encore passer de grandes ombres dans l' enceinte , tandis qu' un nouveau bruit de pas arrivait à leur oreille.Évidemment , certains fauves attardés , attirés par ces odeurs de sang qui imprégnaient l' air , flairaient de les émanations particulières autour de Will-Tree .","il ne y avoir rien à faire , rien à INF pour INF ce NCo de NP devoir être NUM NCT de le NCT , lorsque le NCs de NCSENT VASP un NP et NP VCOG ADVTEMPS : il lui sembler VCOG encore INF un ADJ NCo dans le NC , PHASE que un ADJ NCs de pas VIMP à lui NC , certain ADJCOL ADJ , VSENT par ce NC de NCCOR qui VIMP le NCMAN , VIMP de le NC ADJ ADV de NP ."
2361,1882_Verne_L-Ecole-des-Robinsons_A.txt,"Ils allaient et venaient , ils tournaient autour de l' arbre en faisant entendre un sourd rauquement de colère .","il aller et venir , il VIMP ADV de le NC en faire VCOG un NCo ADV de NCSENT ."
2362,1882_Verne_L-Ecole-des-Robinsons_A.txt,"Quelques-unes de ces ombres bondissaient sur le sol , comme d' énormes chats .","quelqu'un de ce NCmod VIMP sur le NC , comme un ADJ NC ."
2363,1882_Verne_L-Ecole-des-Robinsons_A.txt,Le troupeau égorgé n' avait pas suffi à contenter leur rage.Ni Godfrey ni ses compagnons ne bougeaient .,le NCs ADJ ne avoir pas ADV à VSENT lui NP NP ni DETPOSS NCs ne VIMP .
2364,1882_Verne_L-Ecole-des-Robinsons_A.txt,"En gardant une immobilité complète , peut-être pourraient -ils éviter une agression directe.Un coup malencontreux révéla soudain leur présence et les exposa à de plus grands dangers.Tartelett , en proie à une véritable hallucination , s' était levé .","en PPRES un NCo ADJ , peut-être pouvoir il INF un NCSENT directe.Un NCmod ADJ VPS soudain lui NCo et le VPS à un plus ADJ NP , en NC à un véritable NCmod , se être PPAS ."
2365,1882_Verne_L-Ecole-des-Robinsons_A.txt,"Il avait saisi un revolver , et , cette fois , avant que Godfrey et Carèfinotu eussent pu l' en empêcher , ne sachant plus ce qu' il faisait , croyant peut-être apercevoir un tigre se dresser devant lui , il avait tiré !","il avoir PPAS un NCo , et , ce fois , PHASE que NP et NP VSUBP pouvoir le en INF , ne VCOG plus ce que il faire , VCOG peut-être INF un NCo se INF ADVLIEU lui , il avoir PPAS !"
2366,1882_Verne_L-Ecole-des-Robinsons_A.txt,… La balle venait de traverser la porte de Will-Tree .,… le NCs venir de INF le NCo de NP .
2367,1882_Verne_L-Ecole-des-Robinsons_A.txt,– Malheureux !,– ADJ !
2368,1882_Verne_L-Ecole-des-Robinsons_A.txt,"s' écria Godfrey , en se jetant sur Tartelett , à qui le Noir arrachait son arme.Il était trop tard .","se VPS NP , en se PPRES sur NP , à qui le NP VIMP DETPOSS NCo être trop tard ."
2369,1882_Verne_L-Ecole-des-Robinsons_A.txt,"L' éveil donné , de les rugissements plus violents éclatèrent à le dehors .","le NCs PPAS , de le NCs plus ADJ VPS à le NC ."
2370,1882_Verne_L-Ecole-des-Robinsons_A.txt,On entendit de formidables griffes racler l' écorce de le séquoia .,on VCOG de NC ADJ INF le NCo de le NCmod .
2371,1882_Verne_L-Ecole-des-Robinsons_A.txt,"De terribles secousses ébranlèrent la porte , qui était trop faible pour résister à cet assaut .. – Défendons -nous !","un ADJ NCs VPS le NCo , qui être trop ADJ pour INF à ce NC .. – NP le !"
2372,1882_Verne_L-Ecole-des-Robinsons_A.txt,"s' écria Godfrey.Et son fusil à la main , sa cartouchière à la ceinture , il reprit son poste à l' une de les fenêtres.À sa grande surprise , Carèfinotu avait fait comme lui !","se VPS NP DETPOSS NCo à le NCCOR , DETPOSS NC à le NCmod , il VPS DETPOSS NCo à le un de le NP DETPOSS ADJ NCSENT , NP avoir faire comme lui !"
2373,1882_Verne_L-Ecole-des-Robinsons_A.txt,Oui !,oui !
2374,1882_Verne_L-Ecole-des-Robinsons_A.txt,"le Noir , saisissant le second fusil – une arme qu' il n' avait jamais maniée cependant – , emplissait ses poches de cartouches et venait de prendre place à la seconde fenêtre.Alors les coups de feu commencèrent à retentir à travers ces embrasures .","le NP , PPRES le ADJ NCo – un NC que il ne avoir ADVTEMPS PPAS cependant – , VIMP DETPOSS NCo de NCmod et venir de INF NCo à le NCT fenêtre.Alors le NCmod de NCmod VASP à INF à travers ce NC ."
2375,1882_Verne_L-Ecole-des-Robinsons_A.txt,"À l' éclair de la poudre , Godfrey d' un côté , Carèfinotu de l' autre , pouvaient voir à quels ennemis ils avaient affaire .","à le NC de le NCmod , NP de un NCmod , NP de le autre , pouvoir VCOG à quel NC il avoir NCo ."
2376,1882_Verne_L-Ecole-des-Robinsons_A.txt,"Là , dans l' enceinte , hurlant de rage , rugissant sous les détonations , roulant sous les balles qui en frappèrent quelques -uns , bondissaient de les lions , de les tigres , de les hyènes , de les panthères – pour le moins une vingtaine de ces féroces animaux !","ADVLIEU , dans le NC , VDIC de NCSENT , PPRES sous le NC , PPRES sous le NC qui en frapper quelque NCo , VIMP de le NC , de le NC , de le NC , de le NC – pour le moins NUM NC de ce NCmod ADJ !"
2377,1882_Verne_L-Ecole-des-Robinsons_A.txt,"À leurs rugissements , qui retentissaient à le loin , d' autres fauves allaient sans doute répondre en accourant .","à DETPOSS NC , qui VIMP à le ADVLIEU , un autre ADJCOL aller sans NCSENT VDIC en NC ."
2378,1882_Verne_L-Ecole-des-Robinsons_A.txt,"Déjà même on pouvait entendre de les hurlements plus éloignés , qui se rapprochaient à les alentours de Will-Tree .","déjà même on pouvoir VCOG de le NC plus ADJ , qui se VIMP à le NC de NP ."
2379,1882_Verne_L-Ecole-des-Robinsons_A.txt,C' était à croire que toute une ménagerie de fauves s' était soudainement vidée dans l' île !,ce être à VCOG que tout un NCs de ADJCOL se être ADV PPAS dans le NC !
2380,1882_Verne_L-Ecole-des-Robinsons_A.txt,"Cependant , sans se préoccuper de Tartelett , qui ne pouvait leur être bon à rien , Godfrey et Carèfinotu , gardant tout leur sang-froid , cherchaient à ne tirer qu' à coup sûr .","cependant , sans se VSENT de NP , qui ne pouvoir lui être ADJ à rien , NP et NP , PPRES tout lui NCo , VIMP à ne INF que à NC ADJ ."
2381,1882_Verne_L-Ecole-des-Robinsons_A.txt,"Ne voulant pas perdre une cartouche , ils attendaient que quelque ombre passât .","ne vouloir pas INF un NCo , il VIMP que quelque NC ADV ."
2382,1882_Verne_L-Ecole-des-Robinsons_A.txt,"Alors le coup partait et portait , car aussitôt un hurlement de douleur prouvait que l' animal avait été atteint.Au bout d' un quart d' heure , il y eut comme un répit .","alors le NCs VIMP et VIMP , car aussitôt un NCs de NCSENT VIMP que le NCspas avoir être PPAS NC de un NCmod de NCT , il y avoir comme un NC ."
2383,1882_Verne_L-Ecole-des-Robinsons_A.txt,"Les fauves se lassaient -ils donc d' une attaque qui avait coûté la vie à plusieurs d' entre eux , ou bien attendaient -ils le jour pour recommencer leur agression dans de les conditions plus favorables ?","le ADJCOL se VIMP il donc de un NCmod qui avoir PPAS le NCo à plusieurs de entre eux , ou bien VIMP il le NCT pour INF lui NCSENT dans un le NC plus ADJ ?"
2384,1882_Verne_L-Ecole-des-Robinsons_A.txt,"Quoi qu' il en fût , ni Godfrey ni Carèfinotu n' avaient voulu quitter leur poste .","quoi que il en être , ni NP ni NP ne avoir vouloir INF lui NCo ."
2385,1882_Verne_L-Ecole-des-Robinsons_A.txt,Le Noir ne s' était pas servi de son fusil avec moins d' habileté que Godfrey .,le NP ne se être pas PPAS de DETPOSS NC avec moins de NC que NP .
2386,1882_Verne_L-Ecole-des-Robinsons_A.txt,"Si ce n' avait été là qu' un instinct d' imitation , il faut convenir qu' il était surprenant.Vers deux heures de le matin , il y eut une nouvelle alerte – celle -là plus chaude que les autres .","si ce ne avoir être ADVLIEU que un NC de NCmod , il PRES INF que il être surprenant.vers NUM NCT de le NCT , il y avoir un ADJ NCo – celui ADVLIEU plus ADJ que le autre ."
2387,1882_Verne_L-Ecole-des-Robinsons_A.txt,"Le danger était imminent , la position à l' intérieur de Will-Tree allait devenir intenable.En effet , de les rugissements nouveaux éclatèrent à le pied de le séquoia .","le NCs être ADJ , le NCs à le NCmod de NP aller devenir ADJ NC , de le NCmod ADJ VPS à le NCCOR de le NCmod ."
2388,1882_Verne_L-Ecole-des-Robinsons_A.txt,"Ni Godfrey , ni Carèfinotu , à cause de la disposition de les fenêtres , percées latéralement , ne pouvaient entrevoir les assaillants , ni , par conséquent , tirer avec chance de les frapper.Maintenant , c' était la porte que ces bêtes attaquaient , et il n' était que trop certain qu' elle sauterait sous leur poussée ou céderait à leurs griffes.Godfrey et le Noir étaient redescendus sur le sol .","Ni NP , ni NP , à NC de le NCmod de le NCmod , PPAS ADV , ne pouvoir VCOG le NCo , ni , par NC , INF avec NC de le NP , ce être le NC que ce NCs VIMP , et il ne être que trop ADJ que il VCOND sous lui NC ou VCOND à DETPOSS NP et le NP être PPAS sur le NC ."
2389,1882_Verne_L-Ecole-des-Robinsons_A.txt,"La porte s' ébranlait déjà sous les coups de le dehors … On sentait une haleine chaude passer à travers les fentes de l' écorce.Godfrey et Carèfinotu essayèrent de consolider cette porte en l' étayant avec les pieux qui servaient à maintenir leurs couchettes , mais cela ne pouvait suffire.Il était évident qu' elle serait enfoncée avant peu , car les fauves s' y acharnaient avec rage – surtout depuis que les coups de fusil ne pouvaient plus les atteindre.Godfrey était donc réduit à l' impuissance .","le NCs se VIMP déjà sous le NC de le NCmod … on sentir un NCo ADJ INF à travers le NC de le NP et NP PRES de INF ce NCo en le PPRES avec le NC qui VIMP à INF DETPOSS NCo , mais cela ne pouvoir NP être ADJ que il être PPAS PHASE peu , car le ADJCOL se y VIMP avec NCSENT – surtout depuis que le NCs de NCmod ne pouvoir plus le NP être donc PPAS à le NC ."
2390,1882_Verne_L-Ecole-des-Robinsons_A.txt,"Si ses compagnons et lui étaient encore à l' intérieur de Will-Tree à le moment où les assaillants s' y précipiteraient , leurs armes seraient insuffisantes à les défendre.Godfrey avait croisé les bras .","si DETPOSS NC et lui être encore à le NC de NP à le NCmod où le NCs se y VIMP , DETPOSS NCs être ADJ à le NP avoir PPAS le NCCOR ."
2391,1882_Verne_L-Ecole-des-Robinsons_A.txt,Il voyait les ais de la porte se disjoindre peu à peu !,il VCOG le NCo de le NCmod se INF peu à peu !
2392,1882_Verne_L-Ecole-des-Robinsons_A.txt,… Il ne pouvait rien .,… il ne pouvoir rien .
2393,1882_Verne_L-Ecole-des-Robinsons_A.txt,"Dans un moment de défaillance , il passa la main sur son front , comme désespéré .","dans un NC de NCmod , il VPS le NCCOR sur DETPOSS NCCOR , comme VSENT ."
2394,1882_Verne_L-Ecole-des-Robinsons_A.txt,"Mais , reprenant presque aussitôt possession de lui-même :– En haut , dit -il , en haut !","mais , PPRES presque aussitôt NCo de soi-même :– en NC , VDIC il , en NC !"
2395,1882_Verne_L-Ecole-des-Robinsons_A.txt,… tous !,… tout !
2396,1882_Verne_L-Ecole-des-Robinsons_A.txt,"Et il montrait l' étroit boyau qui aboutissait à la fourche par l' intérieur de Will-Tree.Car èfinotu et lui , emportant les fusils , les revolvers , s' approvisionnèrent de cartouches.Il s' agissait , maintenant , d' obliger Tartelett à les suivre jusque dans ces hauteurs , où il n' avait jamais voulu s' aventurer.Tartelett n' était plus là .","et il VIMP le ADJ NCo qui VIMP à le NC par le NC de NP èfinoil et lui , PPRES le NCo , le NC , se PRES de NP se VIMP , ADVT , de INF NP à le INF jusque dans ce NC , où il ne avoir ADVTEMPS PPAS se NP ne être plus ADVLIEU ."
2397,1882_Verne_L-Ecole-des-Robinsons_A.txt,"Il avait pris les devants , pendant que ses compagnons faisaient le coup de feu .","il avoir PPAS le ADVLIEU , PHASE que DETPOSS NCs faire le NCo de NCmod ."
2398,1882_Verne_L-Ecole-des-Robinsons_A.txt,– En haut !,– en NC !
2399,1882_Verne_L-Ecole-des-Robinsons_A.txt,répéta Godfrey .,VPS NP .
2400,1882_Verne_L-Ecole-des-Robinsons_A.txt,"C' était une dernière retraite , où l' on serait certainement à l' abri de les fauves .","ce être un ADJ NC , où l' on être ADVINT à le NC de le ADJCOL ."
2401,1882_Verne_L-Ecole-des-Robinsons_A.txt,"En tout cas , si l' un d' eux , tigre ou panthère , tentait de s' élever jusque dans la ramure de le séquoia , il serait aisé de défendre l' orifice par lequel il lui faudrait passer.Godfrey et Carèfinotu n' étaient pas à une hauteur de trente pieds , que de les hurlements éclatèrent à l' intérieur de Will-Tree.Quelques instants de plus , ils auraient été surpris .","en tout NC , si le un de eux , NC ou NC , VIMP de se INF jusque dans le NC de le NCmod , il être PPAS de INF le NCo par lequel il lui VCOND NP et NP ne être pas à un NC de NUM NCCOR , que de le NC VPS à le NC de NP ADJ de plus , il avoir être VSENT ."
2402,1882_Verne_L-Ecole-des-Robinsons_A.txt,La porte venait de sauter en dedans.Tous deux se hâtèrent de monter et atteignirent enfin l' orifice supérieur de le tronc.Un cri d' épouvante les accueillit .,le NCs venir de INF en NP NUM se VPS de INF et VPS PHASE le NCo ADJ de le NP PPAS de NC le PRES .
2403,1882_Verne_L-Ecole-des-Robinsons_A.txt,"C' était Tartelett , qui avait cru voir apparaître une panthère ou un tigre !","ce être NP , qui avoir PPAS VCOG INF un NCo ou un NC !"
2404,1882_Verne_L-Ecole-des-Robinsons_A.txt,"L' infortuné professeur était cramponné à une branche , avec l' effroyable peur de tomber.Car èfinotu alla à lui , le força à s' accoter dans une fourche secondaire , où il l' attacha solidement avec sa ceinture.Puis , tandis que Godfrey allait se poster à un endroit d' où il commandait l' orifice , Carèfinotu chercha une autre place , de manière à pouvoir croiser son feu avec le sien.Et on attendit.Dans ces conditions , il y avait vraiment de les chances pour que les assiégés fussent à l' abri de toute atteinte.Cependant Godfrey cherchait à voir ce qui se passait au-dessous de lui , mais la nuit était encore trop profonde .","le ADJ NCs être PPAS à un NC , avec le ADJ NCSENT de NP èfinoil aller à lui , le VPS à se INF dans un NC ADJ , où il le VPS ADV avec DETPOSS NP , PHASE que NP aller se INF à un NC de où il VIMP le NCs , NP VPS un autre NCo , de NC à pouvoir INF DETPOSS NCo avec le NP on attendit.Dans ce NCmod , il y avoir ADVINT de le NC pour que le NCs PRES à le NC de tout NP NP VIMP à VCOG ce qui se VIMP ADVLIEU de lui , mais le NCT être encore trop ADJ ."
2405,1882_Verne_L-Ecole-des-Robinsons_A.txt,"Alors il cherchait à entendre , et les rugissements , qui montaient sans cesse , indiquaient bien que les assaillants ne songeaient point à abandonner la place.Tout à coup , vers quatre heures de le matin , une grande lueur se fit à le bas de l' arbre .","alors il VIMP à VCOG , et le NC , qui VIMP sans NC , VIMP bien que le NCs ne VIMP ADV à INF le NP à NC , vers NUM NCT de le NCT , un ADJ NCo se faire à le NC de le NCmod ."
2406,1882_Verne_L-Ecole-des-Robinsons_A.txt,Bientôt elle filtra à travers les fenêtres et la porte .,bientôt il VPS à travers le NC et le NC .
2407,1882_Verne_L-Ecole-des-Robinsons_A.txt,"En même temps , une âcre fumée , s' épanchant par l' orifice supérieur , se perdit dans les hautes branches .","en même temps , un NCs PPAS , se PPRES par le NC ADJ , se VPS dans le ADJ NC ."
2408,1882_Verne_L-Ecole-des-Robinsons_A.txt,– Qu' est -ce donc encore ?,– que être ce donc encore ?
2409,1882_Verne_L-Ecole-des-Robinsons_A.txt,s' écria Godfrey.Ce n' était que trop explicable .,se VDIC NP ne être que trop ADJ .
2410,1882_Verne_L-Ecole-des-Robinsons_A.txt,"Les fauves , en ravageant tout à l' intérieur de Will-Tree , avaient dispersé les charbons de le foyer .","le ADJCOL , en PPRES tout à le NC de NP , avoir PPAS le NCo de le NCmod ."
2411,1882_Verne_L-Ecole-des-Robinsons_A.txt,Le feu s' était aussitôt communiqué à les objets que renfermait la chambre .,le NCs se être aussitôt PPAS à le NC que VIMP le NCs .
2412,1882_Verne_L-Ecole-des-Robinsons_A.txt,La flamme avait atteint l' écorce que sa sécheresse rendait très combustible .,le NCs avoir PPAS le NCo que DETPOSS NCs VIMP très ADJ .
2413,1882_Verne_L-Ecole-des-Robinsons_A.txt,"Le gigantesque séquoia brûlait par sa base.La situation devenait donc encore plus terrible qu' elle ne l' avait été jusque-là. En ce moment , à la lueur de l' incendie , qui éclairait violemment les dessous de le groupe de les arbres , on pouvait apercevoir les fauves bondir à le pied de Will-Tree.Presque à le même instant , une effroyable explosion se produisit .","le ADJ NCs VIMP par DETPOSS NP NC devenir donc encore plus ADJ que il ne le avoir être ADV en ce NC , à le NCmod de le NCmod , qui VIMP ADVMAN le NCo de le NCmod de le NCmod , on pouvoir INF le ADJCOL INF à le NCCOR de NP à le même NC , un ADJ NCs se VPS ."
2414,1882_Verne_L-Ecole-des-Robinsons_A.txt,"Le séquoia , effroyablement secoué , trembla depuis ses racines jusqu' à les extrêmes branches de sa cime .","le NCs , ADV PPAS , VPS depuis DETPOSS NC jusque à le ADJ NCmod de DETPOSS NCmod ."
2415,1882_Verne_L-Ecole-des-Robinsons_A.txt,"C' était la réserve de poudre qui venait de sauter à l' intérieur de Will-Tree , et l' air , violemment chassé , fit irruption par l' orifice , comme les gaz expulsés d' une bouche à feu.Godfrey et Carèfinotu faillirent être arrachés de leur poste .","ce être le NCs de NCmod qui venir de INF à le NC de NP , et le NCMAN , ADVMAN PPAS , faire NCo par le NC , comme le NCmod PPAS de un NCCOR à NP et NP VPS être PPAS de lui NC ."
2416,1882_Verne_L-Ecole-des-Robinsons_A.txt,"Très certainement , si Tartelett n' eût pas été attaché solidement , il aurait été précipité sur le sol.Les fauves , épouvantés par l' explosion , plus ou moins blessés , venaient de prendre la fuite.Mais , en même temps , l' incendie , alimenté par cette subite combustion de la poudre , prit une extension plus considérable .","très ADVINT , si NP ne avoir pas être PPAS ADV , il avoir être PPAS sur le NP ADJCOL , VSENT par le NC , plus ou moins VSENT , venir de INF le NP , en même temps , le NCs , PPAS par ce ADJ NC de le NCmod , VPS un NCo plus ADJ ."
2417,1882_Verne_L-Ecole-des-Robinsons_A.txt,Il s' avivait en montant au-dedans de l' énorme tronc comme dans une cheminée d' appel .,il se VIMP en PPRES NCo de le NCmod ADV comme dans un NC de NCmod .
2418,1882_Verne_L-Ecole-des-Robinsons_A.txt,"De ces larges flammes , qui léchaient les parois intérieures , les plus hautes se propagèrent bientôt jusqu' à la fourche , à le milieu de les crépitements de le bois mort , semblables à de les coups de revolver .","de ce NC ADJ , qui VIMP le NCo ADJ , le plus ADJ se VPS bientôt jusque à le NC , à le milieu de le NCmod de le NCmod ADJ , ADJ à de le NC de INF ."
2419,1882_Verne_L-Ecole-des-Robinsons_A.txt,"Une immense lueur éclairait , non seulement le groupe de les arbres géants , mais aussi tout le littoral depuis Flag-Point jusqu' à le cap sud de Dream-Bay.Bient ôt l' incendie eut gagné les premières branches de le séquoia , menaçant d' atteindre l' endroit où s' étaient réfugiés Godfrey et ses deux compagnons .","un ADJ NCs ADJ , non seulement le NC de le NCmod ADJ , mais aussi tout le NC depuis NP jusque à le NCmod NCmod de NP PRES le NCo avoir PPAS le ADJ NCo de le NCmod , VDIC de INF le NCo où se être PPAS NP et DETPOSS NUM NC ."
2420,1882_Verne_L-Ecole-des-Robinsons_A.txt,Allaient -ils .,aller il .
2421,1882_Verne_L-Ecole-des-Robinsons_A.txt,"donc être dévorés par ce feu qu' ils ne pouvaient combattre , ou n' auraient -ils plus que la ressource de se précipiter de le haut de cet arbre pour échapper à les flammes ?Dans tous les cas , c' était la mort !","donc être VSENT par ce NC que il ne pouvoir INF , ou ne avoir il plus que le NC de se INF de le NC de ce NCmod pour INF à le NC ?Dans tout le NCmod , ce être le NC !"
2422,1882_Verne_L-Ecole-des-Robinsons_A.txt,Godfrey cherchait encore s' il y avait quelque moyen de s' y soustraire .,NP VIMP encore si il y avoir quelque NCo de se y INF .
2423,1882_Verne_L-Ecole-des-Robinsons_A.txt,Il n' en voyait pas !,il ne en VCOG pas !
2424,1882_Verne_L-Ecole-des-Robinsons_A.txt,"Déjà les basses branches étaient en feu , et une épaisse fumée troublait les premières lueurs de le jour , qui commençait à se lever dans l' Est.En cet instant , un horrible fracas de déchirement se produisit .","déjà le ADJ NCs être en NCs , et un NCs PPAS VIMP le ADJ NCo de le NCT , qui VASP à se INF dans le NP ce NC , un ADJ NC de NCSENT se VPS ."
2425,1882_Verne_L-Ecole-des-Robinsons_A.txt,"Le séquoia , maintenant brûlé jusque dans ses racines , craquait violemment , il s' inclinait , il s' abattait…Mais , en s' abattant , le tronc rencontra ceux de les arbres qui l' avoisinaient ; leurs puissantes branches s' entremêlèrent à les siennes , et il resta ainsi , obliquement couché , ne faisant pas un angle de plus de quarante-cinq degrés avec le sol.Au moment où le séquoia s' abattait , Godfrey et ses compagnons se crurent perdus !…– Dix-neuf janvier !","le NCs , ADVT PPAS jusque dans DETPOSS NC , VIMP ADVMAN , il se VIMP , il se abattait…mais , en se PPRES , le NCs VPS celui de le NCmod qui le VIMP ; DETPOSS ADJ NCs se PRES à le sien , et il VPS ainsi , ADV PPAS , ne faire pas un NCo de plus de NUM NC avec le NP NCmod où le NCs se VIMP , NP et DETPOSS NCs se PRES PPAS !…– dix-neuf NC !"
2426,1882_Verne_L-Ecole-des-Robinsons_A.txt,"s' écria alors une voix , que Godfrey , stupéfait , reconnut cependant !","se VDIC alors un NCMAN , que NP , NC , VCOG cependant !"
2427,1882_Verne_L-Ecole-des-Robinsons_A.txt,"… C' était Carèfinotu !… oui , Carèfinotu , qui venait de prononcer ces mots , et dans cette langue anglaise qu' il semblait jusqu' ici n' avoir pu ni parler ni comprendre !– Tu dis ?… s' écria Godfrey , qui s' était laissé glisser jusqu' à lui à travers le branchage .","… ce être NP !… oui , NP , qui venir de INF ce NCo , et dans ce NCCOR ADJ que il sembler jusque ADVLIEU ne avoir pouvoir ni INF ni VCOG !– je VDIC ?… se VPS NP , qui se être laisser INF jusque à lui à travers le NC ."
2428,1882_Verne_L-Ecole-des-Robinsons_A.txt,"– Je dis , répondit Carèfinotu , que c' est aujourd'hui que votre oncle Will doit arriver , et que , s' il ne vient pas , nous sommes fichus !XXIIÀ ce moment , et avant que Godfrey eût pu répondre , de les coups de fusil éclataient à peu de distance de Will-Tree.En même temps , une de ces pluies d' orage , qui sont de véritables cataractes , venait à propos verser ses torrentielles averses à le moment où , dévorant les premières branches , les flammes menaçaient de se communiquer à les arbres sur lesquels s' appuyait Will-Tree.Que devait penser Godfrey de cette série d' inexplicables incidents : Carèfinotu parlant l' anglais comme un Anglais de Londres , l' appelant par son nom , annonçant la prochaine arrivée de l' oncle Will , puis ces détonations d' armes à feu qui venaient d' éclater soudain ?","– je VDIC , VDIC NP , que ce être ADVT que DETPOSS NCs NP devoir INF , et que , si il ne venir pas , nous être PPAS !XXIIÀ ce NC , et PHASE que NP avoir pouvoir VDIC , de le NCs de NCmod VIMP à peu de NC de NP même temps , un de ce NCmod de NCmod , qui être un véritable NC , venir à NC INF DETPOSS NCo ADJ à le NC où , VSENT le ADJ NCs , le NCs PRES de se INF à le NC sur lequel se VIMP NP devoir VCOG NP de ce NCmod de ADJ NCmod : Carèfinotu PPRES le NCo comme un NC de NP , le PPRES par DETPOSS NC , VDIC le ADJ NCo de le NCmod NP , puis ce NC de NCmod à NCmod qui venir de INF soudain ?"
2429,1882_Verne_L-Ecole-des-Robinsons_A.txt,"Il se demanda s' il devenait fou , mais il n' eut que le temps de se poser ces questions insolubles.En cet instant – c' était cinq minutes à peine après les premiers coups de fusil – , une troupe de marins apparaissait en se glissant sous le couvert de les arbres.Godfrey et Carèfinotu se laissaient aussitôt glisser le long de le tronc , dont les parois intérieures brûlaient encore.Mais , à le moment où Godfrey touchait le sol , il s' entendit interpeller , et par deux voix que , même dans son trouble , il lui eût été impossible de ne pas reconnaître .","il se VPS si il devenir ADJ , mais il ne avoir que le temps de se INF ce NCo NP ce NC – ce être NUM NCT à NCSENT PHASE le ADJ NCmod de NCmod – , un NCs de NCmod VIMP en se PPRES sous le NC de le NP et NP se VIMP aussitôt INF le NCo de le NCmod , dont le NCs ADJ VIMP encore.mais , à le NC où NP VIMP le NCo , il se VCOG INF , et par NUM NCMAN que , même dans DETPOSS NCSENT , il lui avoir être ADJ de ne pas VCOG ."
2430,1882_Verne_L-Ecole-des-Robinsons_A.txt,"– Neveu Godfrey , j' ai l' honneur de te saluer !– Godfrey !","– NP NP , je avoir le NCSENT de me INF !– NP !"
2431,1882_Verne_L-Ecole-des-Robinsons_A.txt,cher Godfrey !– Oncle Will !,ADJ NP !– NP NP !
2432,1882_Verne_L-Ecole-des-Robinsons_A.txt,… Phina !,… NP !
2433,1882_Verne_L-Ecole-des-Robinsons_A.txt,"… Vous !… s' écria Godfrey confondu.Trois secondes après , il était dans les bras de l' un , et il serrait l' autre dans les siens.En même temps , deux matelots , sur l' ordre de le capitaine Turcotte , qui commandait la petite troupe , grimpaient le long de le séquoia pour délivrer Tartelett , et le « cueillaient » avec tous les égards dus à sa personne.Et alors , les demandes , les réponses , les explications de s' échanger coup sur coup .","… vous !… se VDIC NP NP PRES PHASE , il être dans le NCCOR de le un , et il VCOND le autre dans le NP même temps , NUM NC , sur le NC de le NCmod NP , qui VIMP le ADJ NCo , VIMP le NCo de le NCmod pour INF NP , et le "" VIMP "" avec tout le NC devoir à DETPOSS NP alors , le NC , le NC , le NC de se INF NCo sur NCmod ."
2434,1882_Verne_L-Ecole-des-Robinsons_A.txt,"– Oncle Will , vous ?– Oui !","– NP NP , vous ?– oui !"
2435,1882_Verne_L-Ecole-des-Robinsons_A.txt,nous !– Et comment avez -vous pu découvrir l' île Phina ?– L' île Phina !,nous !– et comment avoir vous pouvoir VCOG le NCo NP ?– le NCs NP !
2436,1882_Verne_L-Ecole-des-Robinsons_A.txt,répondit William W. Kolderup .,VDIC NP NP NP .
2437,1882_Verne_L-Ecole-des-Robinsons_A.txt,Tu veux dire l' île Spencer !,je vouloir VDIC le NCo NP !
2438,1882_Verne_L-Ecole-des-Robinsons_A.txt,Eh !,INTJ !
2439,1882_Verne_L-Ecole-des-Robinsons_A.txt,"ce n' était pas difficile , il y a six mois que je l' ai achetée !– L' île Spencer !","ce ne être pas ADJ , il y avoir NUM NCT que je le avoir PPAS !– le NC NP !"
2440,1882_Verne_L-Ecole-des-Robinsons_A.txt,"…– À laquelle tu avais donc donné mon nom , cher Godfrey ?","…– à lequel je avoir donc PPAS DETPOSS NCo , ADJ NP ?"
2441,1882_Verne_L-Ecole-des-Robinsons_A.txt,dit la jeune fille .,VDIC le ADJ NC .
2442,1882_Verne_L-Ecole-des-Robinsons_A.txt,"– Ce nouveau nom me va , et nous le lui conserverons , répondit l' oncle , mais jusqu' ici et pour les géographes , c' est encore l' île Spencer , qui n' est qu' à trois jours de San Francisco , et sur laquelle j' ai cru utile de t' envoyer faire ton apprentissage de Robinson !– Oh !","– ce ADJ NCs me aller , et nous le lui VF , VDIC le NCo , mais jusque ADVLIEU et pour le NC , ce être encore le NC NP , qui ne être que à NUM NCT de NP NP , et sur lequel je avoir PPAS ADJ de lui INF faire DETPOSS NCo de NP !– INTJ !"
2443,1882_Verne_L-Ecole-des-Robinsons_A.txt,mon oncle !,DETPOSS NC !
2444,1882_Verne_L-Ecole-des-Robinsons_A.txt,oncle Will !,NC NP !
2445,1882_Verne_L-Ecole-des-Robinsons_A.txt,que dites -vous là ?,que VDIC lui ADVLIEU ?
2446,1882_Verne_L-Ecole-des-Robinsons_A.txt,s' écria Godfrey .,se VPS NP .
2447,1882_Verne_L-Ecole-des-Robinsons_A.txt,Hélas !,NP !
2448,1882_Verne_L-Ecole-des-Robinsons_A.txt,"si vous dites vrai , je ne puis pas vous répondre que je ne l' avais point mérité !","si vous VDIC vrai , je ne puis pas vous VDIC que je ne le avoir ADV PPAS !"
2449,1882_Verne_L-Ecole-des-Robinsons_A.txt,"Mais alors , oncle Will , ce naufrage de le Dream ?","mais alors , NC NP , ce NC de le NCmod ?"
2450,1882_Verne_L-Ecole-des-Robinsons_A.txt,…– Faux !,…– ADJ !
2451,1882_Verne_L-Ecole-des-Robinsons_A.txt,"répliqua William W. Kolderup , qui ne s' était jamais vu de si belle humeur .","VPS NP NP NP , qui ne se être ADVTEMPS VCOG un si ADJ NCo ."
2452,1882_Verne_L-Ecole-des-Robinsons_A.txt,"Le Dream s' est tranquillement enfoncé suivant les instructions que j' avais données à Turcotte , en remplissant d' eau ses « water-ballast » .","le NP se être ADVMAN PPAS suivant le NC que je avoir PPAS à NP , en PPRES de NC DETPOSS "" NCo "" ."
2453,1882_Verne_L-Ecole-des-Robinsons_A.txt,"Tu t' es dit qu' il sombrait pour tout de bon ; mais lorsque le capitaine a vu que Tartelett et toi , vous alliez tranquillement à la côte , il a fait machine en arrière !","je lui être VDIC que il VCOND pour tout de ADJ ; mais lorsque le NCs avoir VCOG que NP et soi , vous aller ADVMAN à le NC , il avoir faire NCo en NC !"
2454,1882_Verne_L-Ecole-des-Robinsons_A.txt,"Trois jours plus tard , il rentrait à San Francisco , et c' est lui qui nous a ramenés aujourd'hui à l' île Spencer à la date convenue !– Ainsi personne de l' équipage n' a péri dans le naufrage ?","NUM NCT plus tard , il VIMP à NP NP , et ce être lui qui nous avoir PPAS ADVT à le NC NP à le NC ADJ !– ainsi NCs de le NCmod ne avoir PPAS dans le NC ?"
2455,1882_Verne_L-Ecole-des-Robinsons_A.txt,demanda Godfrey .,VPS NP .
2456,1882_Verne_L-Ecole-des-Robinsons_A.txt,"– Personne … si ce n' est ce malheureux Chinois , qui s' était caché à bord et qu' on n' a pas retrouvé !– Mais cette pirogue ?","– personne … si ce ne être ce ADJ NP , qui se être PPAS à NC et que on ne avoir pas PPAS !– mais ce NC ?"
2457,1882_Verne_L-Ecole-des-Robinsons_A.txt,"…– Fausse , la pirogue que j' avais fait fabriquer !– Mais ces sauvages ?","…– NP , le NC que je avoir faire INF !– mais ce NC ?"
2458,1882_Verne_L-Ecole-des-Robinsons_A.txt,"…– Faux , les sauvages , que tes coups de fusil n' ont heureusement pas atteints ?– Mais Carèfinotu ?","…– ADJ , le NC , que DETPOSS NCs de NCmod ne avoir heureusement pas PPAS ?– mais NP ?"
2459,1882_Verne_L-Ecole-des-Robinsons_A.txt,"…– Faux , Carèfinotu , ou plutôt c' est mon fidèle Jup Brass , qui a merveilleusement joué son rôle de Vendredi , à ce que je vois !– Oui !","…– NP , NP , ou plutôt ce être DETPOSS ADJ NP NP , qui avoir ADVINT PPAS DETPOSS NCo de ADVT , à ce que je ADV !– oui !"
2460,1882_Verne_L-Ecole-des-Robinsons_A.txt,"répondit Godfrey , et il m' a sauvé deux fois la vie dans une rencontre avec un ours et un tigre…– Faux , l' ours !","VDIC NP , et il lui avoir PPAS NUM fois le NCo dans un NC avec un NCmod et un NP NP , le NC !"
2461,1882_Verne_L-Ecole-des-Robinsons_A.txt,"Faux , le tigre !","NP , le NC !"
2462,1882_Verne_L-Ecole-des-Robinsons_A.txt,s' écria William W. Kolderup en riant de plus belle .,se VDIC NP NP NP en PPRES de plus ADJ .
2463,1882_Verne_L-Ecole-des-Robinsons_A.txt,"Empaillés tous les deux , et débarqués , sans que tu l' aies vu , avec Jup Brass et ses compagnons !– Mais ils remuaient la tête et les pattes !","PPAS tout le NUM , et PPAS , sans que je le PPAS VCOG , avec NP NP et DETPOSS NC !– mais il VIMP le NCCOR et le NC !"
2464,1882_Verne_L-Ecole-des-Robinsons_A.txt,"…– À le moyen d' un ressort que Jup Brass allait remonter pendant la nuit , quelques heures avant les rencontres qu' il te préparait !– Quoi !","…– à le NC de un NCmod que NP NP aller VSENT PHASE le NCT , quelque NCT PHASE le NCmod que il me VIMP !– quoi !"
2465,1882_Verne_L-Ecole-des-Robinsons_A.txt,"tout cela ?… répétait Godfrey , un peu honteux de s' être laissé prendre à ces supercheries .","tout cela ?… VIMP NP , un peu ADJ de se être laisser INF à ce NC ."
2466,1882_Verne_L-Ecole-des-Robinsons_A.txt,– Oui !,– oui !
2467,1882_Verne_L-Ecole-des-Robinsons_A.txt,"ça allait trop bien dans ton île , mon neveu , et il fallait te donner de les émotions !– Alors , répondit Godfrey , qui prit le parti de rire , si vous vouliez nous éprouver de la sorte , oncle Will , pourquoi avoir envoyé une malle qui contenait tous les objets dont nous avions tant besoin ?– Une malle ?","ça aller trop bien dans DETPOSS NC , DETPOSS NC , et il VIMP me INF de le NCSENT !– alors , VDIC NP , qui VPS le NCo de INF , si vous PRES nous VSENT de le sorte , NC NP , pourquoi avoir PPAS un NCo qui VIMP tout le NCo dont nous avoir tant NC ?– un NCs ?"
2468,1882_Verne_L-Ecole-des-Robinsons_A.txt,répondit William W. Kolderup .,VDIC NP NP NP .
2469,1882_Verne_L-Ecole-des-Robinsons_A.txt,Quelle malle ?,quel NC ?
2470,1882_Verne_L-Ecole-des-Robinsons_A.txt,Je ne t' ai jamais envoyé de malle !,je ne lui avoir ADVTEMPS PPAS de NC !
2471,1882_Verne_L-Ecole-des-Robinsons_A.txt,"Est -ce que , par hasard ?","être ce que , par NC ?"
2472,1882_Verne_L-Ecole-des-Robinsons_A.txt,"… » Et , ce disant , l' oncle se retourna vers Phina , qui baissait les yeux en détournant la tête .","… "" et , ce VDIC , le NCs se VPS vers NP , qui VIMP le NCCOR en PPRES le NCCOR ."
2473,1882_Verne_L-Ecole-des-Robinsons_A.txt,– Ah !,– INTJ !
2474,1882_Verne_L-Ecole-des-Robinsons_A.txt,vraiment !,ADVINT !
2475,1882_Verne_L-Ecole-des-Robinsons_A.txt,"… Une malle , mais alors il a fallu que Phina ait eu pour complice … Et l' oncle Will se tourna vers le capitaine Turcotte , qui partit d' un gros rire .","… un NC , mais alors il avoir PPAS que NP avoir avoir pour NC … et le NCs NP se VPS vers le NC NP , qui VPS de un ADJ NCMAN ."
2476,1882_Verne_L-Ecole-des-Robinsons_A.txt,"– Que vouliez -vous , monsieur Kolderup , répondit -il , je peux bien quelquefois vous résister à vous … mais à Miss Phina … c' est trop difficile !… et , il y a quatre mois , pendant que vous m' aviez envoyé surveiller l' île , j' ai mis mon canot à la mer avec la susdite malle…– Chère Phina , ma chère Phina !","– que PRES vous , monsieur NP , VDIC il , je pouvoir bien ADVTEMPS vous INF à vous … mais à NP NP … ce être trop ADJ !… et , il y avoir NUM NCT , PHASE que vous lui PRES PPAS INF le NCo , je avoir mettre DETPOSS NCo à le NC avec le NC NP NP NP , DETPOSS NC NP !"
2477,1882_Verne_L-Ecole-des-Robinsons_A.txt,dit Godfrey en tendant la main à la jeune fille .,VDIC NP en PPRES le NCCOR à le ADJ NC .
2478,1882_Verne_L-Ecole-des-Robinsons_A.txt,"– Turcotte , vous m' aviez pourtant promis le secret !","– NP , vous lui PRES pourtant PPAS le NCo !"
2479,1882_Verne_L-Ecole-des-Robinsons_A.txt,"répondit Phina en rougissant.Et l' oncle William W. Kolderup , secouant sa grosse tête , voulut en vain cacher qu' il était très ému.Mais si Godfrey n' avait pu retenir un sourire de bonne humeur , en entendant les explications que lui donnait l' oncle Will , le professeur Tartelett ne riait pas , lui !","VDIC NP en NP le NCs NP NP NP , PPRES DETPOSS ADJ NCCOR , vouloir en ADJ NC que il être très ADV si NP ne avoir pouvoir INF un NCMAN de ADJ NCmod , en VCOG le NCo que lui VIMP le NCs NP , le NCs NP ne VIMP pas , lui !"
2480,1882_Verne_L-Ecole-des-Robinsons_A.txt,"Il était très mortifié de ce qu' il apprenait , lui !","il être très VSENT de ce que il VCOG , lui !"
2481,1882_Verne_L-Ecole-des-Robinsons_A.txt,"Avoir été l' objet d' une pareille mystification , lui , professeur de danse et de maintien !","avoir être le NC de un ADJ NCmod , lui , NC de NCmod et de NC !"
2482,1882_Verne_L-Ecole-des-Robinsons_A.txt,"Aussi , s' avançant avec beaucoup de dignité :– Monsieur William Kolderup , dit -il , ne soutiendra pas , je pense , que l' énorme crocodile dont j' ai failli être la malheureuse victime était en carton et à ressort ?– Un crocodile ?","aussi , se PPRES avec beaucoup de NC :– monsieur NP NP , VDIC il , ne VF pas , je VCOG , que le NCs ADJ dont je avoir PPAS être le ADJ NCo être en NC et à NC ?– un NCs ?"
2483,1882_Verne_L-Ecole-des-Robinsons_A.txt,répondit l' oncle .,VDIC le NCo .
2484,1882_Verne_L-Ecole-des-Robinsons_A.txt,"– Oui , monsieur Kolderup , répondit alors Carèfinotu , à lequel il convient de restituer son vrai nom de Jup Brass , oui , un véritable crocodile , qui s' est jeté sur M. Tartelett , et cependant , je n' en avais point apporté dans ma collection !","– oui , monsieur NP , VDIC alors NP , à lequel il PRES de INF DETPOSS vrai NCo de NP NP , oui , un véritable NC , qui se être PPAS sur monsieur NP , et cependant , je ne en avoir ADV PPAS dans DETPOSS NC !"
2485,1882_Verne_L-Ecole-des-Robinsons_A.txt,"Godfrey raconta alors ce qui s' était passé depuis quelque temps , l' apparition subite de les fauves en grand nombre , de vrais lions , de vrais tigres , de vraies panthères , puis l' envahissement de vrais serpents , dont , pendant quatre mois , on n' avait pas aperçu un seul échantillon dans l' île !","NP VPS alors ce qui se être PPAS depuis quelque temps , le NCo ADJ de le ADJCOL en ADJ NCmod , un vrai NC , de vrai NC , de ADJ NC , puis le NC de vrai NCmod , dont , PHASE NUM NCT , on ne avoir pas PPAS un ADJ NCo dans le NCmod !"
2486,1882_Verne_L-Ecole-des-Robinsons_A.txt,"William W. Kolderup , déconcerté à son tour , ne comprit rien à tout cela .","NP NP NP , VSENT à DETPOSS NC , ne VCOG rien à tout cela ."
2487,1882_Verne_L-Ecole-des-Robinsons_A.txt,"L' île Spencer – cela était connu depuis longtemps – n' était hantée par aucun fauve , et ne devait pas renfermer un seul animal nuisible , à les termes mêmes de l' acte de vente.Il ne comprit pas davantage ce que Godfrey lui raconta de toutes les tentatives qu' il avait faites , à propos d' une fumée qui s' était montrée plusieurs fois en divers points de l' île .","le NCspas NP – cela être PPAS depuis longtemps – ne être VSENT par aucun ADJCOL , et ne devoir pas INF un ADJ NCo ADJ , à le NC même de le NCmod de NP ne VPS pas davantage ce que NP lui VPS de tout le NC que il avoir faire , à NC de un NC qui se être PPAS plusieurs fois en divers NC de le NCmod ."
2488,1882_Verne_L-Ecole-des-Robinsons_A.txt,"Aussi se montra -t -il très intrigué devant de les révélations qui lui donnaient à penser que tout ne s' était pas passé d' après ses instructions , selon le programme que seul il avait été en droit de faire.Quant à Tartelett , ce n' était pas un homme à lequel on pût en conter .","aussi se VPS t il très VSENT ADVLIEU de le NCmod qui lui VIMP à VCOG que tout ne se être pas PPAS de PHASE DETPOSS NC , selon le NC que ADJ il avoir être en NC de NP à NP , ce ne être pas un NC à lequel on VSUBI en INF ."
2489,1882_Verne_L-Ecole-des-Robinsons_A.txt,"À part lui , il ne voulut rien admettre , ni de le faux naufrage , ni de les faux sauvages , ni de les faux animaux , et , surtout , il ne voulut pas renoncer à la gloire qu' il avait acquise , en abattant de son premier coup de fusil le chef d' une tribu polynésienne – un de les serviteurs de l' hôtel Kolderup , qui , d' ailleurs , se portait aussi bien que lui !","à NC lui , il ne vouloir rien INF , ni de le ADJ NC , ni de le ADJ NC , ni de le ADJ NC , et , surtout , il ne vouloir pas INF à le NC que il avoir PPAS , en PPRES de DETPOSS ADJ NC de NCmod le NCo de un NCmod ADJ – un de le NCmod de le NCmod NP , qui , de ADVLIEU , se VIMP aussi bien que lui !"
2490,1882_Verne_L-Ecole-des-Robinsons_A.txt,"Tout était dit , tout était expliqué , sauf la grave question de les véritables fauves et de la fumée inconnue .","tout être VDIC , tout être VDIC , sauf le ADJ NC de le véritable ADJ et de le NC ADJ ."
2491,1882_Verne_L-Ecole-des-Robinsons_A.txt,Cela faillit même rendre l' oncle Will très rêveur .,cela VPS même INF le NCo NP très ADJ .
2492,1882_Verne_L-Ecole-des-Robinsons_A.txt,"Mais , en homme pratique , il ajourna , par un effort de volonté , la solution de ces problèmes , et s' adressant à son neveu :– Godfrey , dit -il , tu as toujours tant aimé les îles , que je suis sûr de t' être agréable et de combler tes vœux en t' annonçant que celle-ci est à toi , à toi seul !","mais , en NC ADJ , il VPS , par un NC de NCmod , le NCo de ce NCmod , et se PPRES à DETPOSS NC :– NP , VDIC il , je avoir ADVTEMPS tant VSENT le NCo , que je être ADJ de lui être ADJ et de VSENT DETPOSS NCo en lui VDIC que celui-ci être à soi , à soi ADJ !"
2493,1882_Verne_L-Ecole-des-Robinsons_A.txt,Je t' en fais cadeau !,je lui en faire NC !
2494,1882_Verne_L-Ecole-des-Robinsons_A.txt,"Tu peux t' en donner , de ton île , tant que tu voudras !","je pouvoir lui en INF , de DETPOSS NC , tant que je ADJ !"
2495,1882_Verne_L-Ecole-des-Robinsons_A.txt,Je ne songe pas à te la faire quitter de force et n' entends point t' en détacher !,je ne PRES pas à me le faire INF de NCSENT et ne VCOG ADV lui en INF !
2496,1882_Verne_L-Ecole-des-Robinsons_A.txt,"Sois donc un Robinson toute ta vie , si le cœur t' en dit…– Moi !","ADV donc un NP tout VPS NCo , si le NCs ADV en NP soi !"
2497,1882_Verne_L-Ecole-des-Robinsons_A.txt,"répondit Godfrey , moi !","VDIC NP , soi !"
2498,1882_Verne_L-Ecole-des-Robinsons_A.txt,toute ma vie !,tout DETPOSS NC !
2499,1882_Verne_L-Ecole-des-Robinsons_A.txt,"Phina , s' avançant à son tour :– Godfrey , demanda -t -elle , veux -tu en effet rester sur ton île ?– Plutôt mourir !","NP , se PPRES à DETPOSS NC :– NP , VPS t il , vouloir il en NC INF sur DETPOSS NC ?– plutôt INF !"
2500,1882_Verne_L-Ecole-des-Robinsons_A.txt,"s' écria -t -il , en se redressant dans un élan dont la franchise n' était pas douteuse.Mais se ravisant aussitôt :– Eh bien , oui , reprit -il en s' emparant de la main de la jeune fille , oui , j' y veux rester , mais à trois conditions : la première , c' est que tu y resteras avec moi , chère Phina ; la deuxième , c' est que l' oncle Will s' engagera à y demeurer avec nous , et la troisième , c' est que l' aumônier de le Dream viendra nous y marier aujourd'hui même !– Il n' y a pas d' aumônier sur le Dream , Godfrey !","se VDIC t il , en se PPRES dans un NC dont le NCs ne être pas douteuse.mais se PPRES aussitôt :– INTJ bien , oui , VPS il en se PPRES de le NCCOR de le ADJ NCmod , oui , je y vouloir INF , mais à NUM NC : le ADJ , ce être que je y ADJ avec soi , PRES NP ; le NC , ce être que le NCs NP se VF à y INF avec nous , et le ADJ , ce être que le NCs de le NCmod venir nous y INF ADVT même !– il ne y avoir pas un NCo sur le NP , NP !"
2501,1882_Verne_L-Ecole-des-Robinsons_A.txt,"répondit l' oncle Will , tu le sais bien , mais je pense qu' il y en a encore à San Francisco , et que là nous trouverons plus d' un digne pasteur qui consente à nous rendre ce petit service !","VDIC le NCo NP , je le PRES bien , mais je VCOG que il y en avoir encore à NP NP , et que ADVLIEU nous VF plus de un ADJ NC qui PRES à nous INF ce ADJ NCo !"
2502,1882_Verne_L-Ecole-des-Robinsons_A.txt,"Je crois donc répondre à ta pensée en te disant que , dès demain , nous reprendrons la mer !","je VCOG donc VDIC à NC VCOG en me VDIC que , dès ADVT , nous VF le NCo !"
2503,1882_Verne_L-Ecole-des-Robinsons_A.txt,Alors Phina et l' oncle Will voulurent que Godfrey leur fit les honneurs de son île .,alors NP et le NC NP PRES que NP lui faire le NCSENT de DETPOSS NCmod .
2504,1882_Verne_L-Ecole-des-Robinsons_A.txt,"Le voilà donc les promenant sous le groupe de les séquoias , le long de le rio , jusqu' à le petit pont.Hélas !","le voilà donc le PPRES sous le NC de le NCmod , le NC de le NP , jusque à le ADJ NP !"
2505,1882_Verne_L-Ecole-des-Robinsons_A.txt,"de la demeure de Will-Tree , il ne restait plus rien !","de le NC de NP , il ne VIMP plus rien !"
2506,1882_Verne_L-Ecole-des-Robinsons_A.txt,L' incendie avait tout dévoré de cette habitation aménagée à la base de l' arbre !,le NCs avoir tout VSENT de ce NC PPAS à le NC de le NCmod !
2507,1882_Verne_L-Ecole-des-Robinsons_A.txt,"Sans l' arrivée de William W. Kolderup , à les approches de l' hiver , leur petit matériel détruit , de véritables bêtes féroces courant l' île , nos Robinsons eussent été bien à plaindre !– Oncle Will , dit alors Godfrey , si j' avais donné à cette île le nom de Phina , laissez -moi ajouter que l' arbre dans lequel nous demeurions s' appelait Will-Tree !– Eh bien , répondit l' oncle , nous en emporterons de la graine pour en semer dans mon jardin de Frisco !","sans le NC de NP NP NP , à le NC de le NCmod , lui ADJ NC PPAS , un véritable NCs ADJ PPRES le NCo , DETPOSS NP PRES être bien à INF !– NP NP , VDIC alors NP , si je avoir PPAS à ce NC le NCo de NP , laisser soi INF que le NCs dans lequel nous VIMP se VIMP NP !– INTJ bien , VDIC le NCo , nous en PRES de le NC pour en INF dans DETPOSS NC de NP !"
2508,1882_Verne_L-Ecole-des-Robinsons_A.txt,"» Pendant cette promenade , on aperçut à le loin quelques fauves , mais ils n' osèrent pas s' attaquer à la troupe nombreuse et bien armée de les matelots de le Dream .",""" PHASE ce NC , on VPS à le ADVLIEU quelque ADJCOL , mais il ne VPS pas se INF à le NC ADJ et bien ADJ de le NC de le NP ."
2509,1882_Verne_L-Ecole-des-Robinsons_A.txt,"Toutefois , leur présence n' en était pas moins un fait absolument incompréhensible.Puis , on revint à bord , non sans que Tartelett eût demandé la permission d' emporter « son crocodile » comme pièce à l' appui – permission qui lui fut accordée .","ADV , lui NCs ne en être pas moins un NC ADVINT NP , on VPS à NC , non sans que NP avoir PPAS le NCo de INF "" DETPOSS NCo "" comme NCmod à le NCmod – NC qui lui être PPAS ."
2510,1882_Verne_L-Ecole-des-Robinsons_A.txt,"Le soir , tout le monde étant réuni dans le carré de le Dream , on fêtait par un joyeux repas la fin de les épreuves de Godfrey Morgan et ses fiançailles avec Phina Hollaney.Le lendemain , 20 janvier , le Dream appareillait sous le commandement de le capitaine Turcotte .","le NCT , tout le NC être PPAS dans le NC de le NP , on VIMP par un ADJ NC le NC de le NCmod de NP NP et DETPOSS NC avec NP NP NP , NUM NCmod , le NP VIMP sous le NC de le NCmod NP ."
2511,1882_Verne_L-Ecole-des-Robinsons_A.txt,"À huit heures de le matin , Godfrey , non sans quelque émotion , voyait à l' horizon de l' Ouest s' effacer , comme une ombre , cette île sur laquelle il venait de faire cinq mois d' une école dont il ne devait jamais oublier les leçons .","à NUM NCT de le NCT , NP , non sans quelque NCSENT , VCOG à le NC de le NCmod se INF , comme un NC , ce NC sur lequel il venir de faire NUM NCT de un NCmod dont il ne devoir ADVTEMPS VCOG le NCo ."
2512,1882_Verne_L-Ecole-des-Robinsons_A.txt,"La traversée se fit rapidement , par une mer magnifique , avec un vent favorable qui permit d' établir les goélettes de le Dream .","le NCs se faire ADVMAN , par un NC ADJ , avec un NC ADJ qui permettre de INF le NCo de le NP ."
2513,1882_Verne_L-Ecole-des-Robinsons_A.txt,Ah !,INTJ !
2514,1882_Verne_L-Ecole-des-Robinsons_A.txt,"il allait droit à son but , cette fois !","il aller ADV à DETPOSS NC , ce fois !"
2515,1882_Verne_L-Ecole-des-Robinsons_A.txt,Il ne cherchait plus à tromper personne !,il ne VIMP plus à INF NCo !
2516,1882_Verne_L-Ecole-des-Robinsons_A.txt,"Il ne faisait pas de les détours sans nombre , comme à le premier voyage !","il ne faire pas de le NC sans NCmod , comme à le ADJ NC !"
2517,1882_Verne_L-Ecole-des-Robinsons_A.txt,Il ne reperdait pas pendant la nuit ce qu' il avait gagné pendant le jour !,il ne VIMP pas PHASE le NCT ce que il avoir PPAS PHASE le NCT !
2518,1882_Verne_L-Ecole-des-Robinsons_A.txt,"Aussi , le 23 janvier , à midi , après être entré par la Porte d' or , dans la vaste baie de San Francisco , venait -il tranquillement se ranger à le warf de Marchant-Street.Et que vit -on alors ?","aussi , le NUM NCmod , à NC , PHASE être PPAS par le NC de NCmod , dans le ADJ NC de NP NP , venir il ADVMAN se INF à le NC de NP que PRES on alors ?"
2519,1882_Verne_L-Ecole-des-Robinsons_A.txt,"On vit sortir de le fond de la cale un homme qui , après avoir atteint le Dream à la nage , pendant la nuit de son mouillage à l' île Phina , avait réussi à s' y cacher une seconde fois !","on PRES INF de le NC de le NCmod un NCo qui , PHASE avoir PPAS le NCo à le NC , PHASE le NCT de DETPOSS NCmod à le NCmod NP , avoir PPAS à se y INF un ADJ fois !"
2520,1882_Verne_L-Ecole-des-Robinsons_A.txt,Et quel était cet homme ?,et quel être ce NC ?
2521,1882_Verne_L-Ecole-des-Robinsons_A.txt,"C' était le Chinois Seng-Vou , qui venait de faire le voyage de le retour comme il avait fait celui de l' aller !","ce être le NP NP , qui venir de faire le NCo de le NCmod comme il avoir faire celui de le NCmod !"
2522,1882_Verne_L-Ecole-des-Robinsons_A.txt,Seng-Vou s' avança vers William W. Kolderup .,NP se VPS vers NP NP NP .
2523,1882_Verne_L-Ecole-des-Robinsons_A.txt,"– Que monsieur Kolderup me pardonne , dit -il très poliment .","– que monsieur NP me PRES , VDIC il très ADVMAN ."
2524,1882_Verne_L-Ecole-des-Robinsons_A.txt,"Lorsque j' avais pris passage à bord de le Dream , je croyais qu' il allait directement à Shangaï , où je voulais me rapatrier ; mais , de le moment qu' il revient à San Francisco , je débarque !","lorsque je avoir PPAS NCo à NC de le NC , je VIMP que il aller ADV à NP , où je VIMP me INF ; mais , de le NC que il PRES à NP NP , je PRES !"
2525,1882_Verne_L-Ecole-des-Robinsons_A.txt,"Tous , stupéfaits devant cette apparition , ne savaient que répondre à l' intrus qui les regardait en souriant .","tout , NCs ADVLIEU ce NCmod , ne VCOG que VDIC à le NC qui le VCOG en PPRES ."
2526,1882_Verne_L-Ecole-des-Robinsons_A.txt,"– Mais , dit enfin William W. Kolderup , tu n' es pas resté depuis six mois à fond de cale , je suppose ?– Non !","– mais , VDIC PHASE NP NP NP , je ne être pas PPAS depuis NUM NCT à NCmod de NCmod , je VCOG ?– non !"
2527,1882_Verne_L-Ecole-des-Robinsons_A.txt,répondit Seng-Vou. – Où étais -tu donc caché ?– Dans l' île !– Toi ?,VDIC NP – où être -tre donc PPAS ?– dans le NC !– soi ?
2528,1882_Verne_L-Ecole-des-Robinsons_A.txt,s' écria Godfrey .,se VDIC NP .
2529,1882_Verne_L-Ecole-des-Robinsons_A.txt,– Moi !– Alors ces fumées ?,– soi !– alors ce NC ?
2530,1882_Verne_L-Ecole-des-Robinsons_A.txt,"…– Il fallait bien faire de le feu !– Et tu ne cherchais pas à te rapprocher de nous , à partager la vie commune ?– Un Chinois aime à vivre seul , répondit tranquillement Seng-Vou .","…– il VIMP bien faire de le NC !– et je ne VIMP pas à me INF de nous , à INF le NCo ADJ ?– un NP VSENT à INF ADJ , VDIC ADVMAN NP ."
2531,1882_Verne_L-Ecole-des-Robinsons_A.txt,Il se suffit à lui-même et n' a besoin de personne !,il se PRES à soi-même et ne avoir NCo de NCmod !
2532,1882_Verne_L-Ecole-des-Robinsons_A.txt,"Et là-dessus , l' original , saluant William W. Kolderup , débarqua et disparut .","et ADV , le NCs , PPRES NP NP NP , VPS et VPS ."
2533,1882_Verne_L-Ecole-des-Robinsons_A.txt,– Voilà de quel bois sont faits les vrais Robinsons !,– voilà de quel NC être faire le vrai NP !
2534,1882_Verne_L-Ecole-des-Robinsons_A.txt,s' écria l' oncle Will .,se VDIC le NCs NP .
2535,1882_Verne_L-Ecole-des-Robinsons_A.txt,"Regarde celui-là , et vois si tu lui ressembles !","NP celui-là , et ADV si je lui ADJ !"
2536,1882_Verne_L-Ecole-des-Robinsons_A.txt,"C' est égal , la race anglo-saxonne aura de le mal à absorber de les gens de cet acabit !– Bon !","ce être ADJ , le NCs ADJ avoir de le mal à INF de le NC de ce NCmod !– NP !"
2537,1882_Verne_L-Ecole-des-Robinsons_A.txt,"dit alors Godfrey , les fumées sont expliquées par la présence de Seng-Vou , mais les fauves ?","VDIC alors NP , le NCspas être VDIC par le NC de NP , mais le ADJCOL ?"
2538,1882_Verne_L-Ecole-des-Robinsons_A.txt,…– Et mon crocodile !,…– et DETPOSS NCs !
2539,1882_Verne_L-Ecole-des-Robinsons_A.txt,ajouta Tartelett .,VPS NP .
2540,1882_Verne_L-Ecole-des-Robinsons_A.txt,J' entends que l' on m' explique mon crocodile !,je VCOG que l' on lui VDIC DETPOSS NCo !
2541,1882_Verne_L-Ecole-des-Robinsons_A.txt,"L' oncle William W. Kolderup , très embarrassé , se sentant à son tour et pour sa part mystifié sur ce point , passa sa main sur son front comme pour en chasser un nuage .","le NC NP NP NP , très PPAS , se sentir à DETPOSS NC et pour DETPOSS NC PPAS sur ce NC , VPS DETPOSS NCCOR sur DETPOSS NCCOR comme pour en INF un NCo ."
2542,1882_Verne_L-Ecole-des-Robinsons_A.txt,"– Nous saurons cela plus tard , dit -il .","– nous VF cela plus tard , VDIC il ."
2543,1882_Verne_L-Ecole-des-Robinsons_A.txt,Tout finit par se découvrir à qui sait chercher !,tout VASP par se VCOG à qui VCOG INF !
2544,1882_Verne_L-Ecole-des-Robinsons_A.txt,"Quelques jours après , on célébrait en grande pompe le mariage de le neveu et de la pupille de William W. Kolderup .","quelque NCT PHASE , on VIMP en ADJ NC le NCo de le NCmod et de le NC de NP NP NP ."
2545,1882_Verne_L-Ecole-des-Robinsons_A.txt,"Si les deux jeunes fiancés furent choyés et fêtés par tous les amis de le richissime négociant , nous le laissons à penser.Dans cette cérémonie , Tartelett fut parfait de tenue , de distinction , de « comme il faut » , et l' élève fit également honneur à le célèbre professeur de danse et de maintien.Cependant , Tartelett avait une idée .","si le NUM ADJ NCspas être PPAS et PPAS par tout le NC de le NCmod ADJ , nous le laisser à NP ce NC , NP être ADJ de NC , de NC , de "" comme il PRES "" , et le NCs faire également NCSENT à le ADJ NC de NCmod et de NP , NP avoir un NCo ."
2546,1882_Verne_L-Ecole-des-Robinsons_A.txt,"Ne pouvant faire monter son crocodile en épingle – il le regrettait – , il résolut de le faire tout simplement empailler .","ne pouvoir faire INF DETPOSS NCo en NCmod – il le VIMP – , il VPS de le faire tout ADVMAN INF ."
2547,1882_Verne_L-Ecole-des-Robinsons_A.txt,"De cette façon , l' animal , bien préparé , les mâchoires entrouvertes , les pattes étendues , suspendu à le plafond , ferait le plus bel ornement de sa chambre.Le crocodile fut donc envoyé chez un célèbre empailleur , qui le rapporta à l' hôtel quelques jours après .","de ce façon , le NCs , bien PPAS , le NCCOR ADJ , le NC ADJ , PPAS à le NC , faire le plus ADJ NCo de DETPOSS NCmod ADJ être donc PPAS chez un ADJ NC , qui le VPS à le NC quelque NCT PHASE ."
2548,1882_Verne_L-Ecole-des-Robinsons_A.txt,"Tous , alors , de venir admirer le « monstre » , à lequel Tartelett avait failli servir de pâture !– Vous savez , monsieur Kolderup , d' où venait cet animal ?","tout , alors , de venir VSENT le "" NCo "" , à lequel NP avoir PPAS INF de NC !– vous VCOG , monsieur NP , de où venir ce NCs ?"
2549,1882_Verne_L-Ecole-des-Robinsons_A.txt,dit le célèbre empailleur en présentant sa note .,VDIC le ADJ NC en PPRES DETPOSS NCo .
2550,1882_Verne_L-Ecole-des-Robinsons_A.txt,– Non !,– non !
2551,1882_Verne_L-Ecole-des-Robinsons_A.txt,répondit l' oncle Will .,VDIC le NC NP .
2552,1882_Verne_L-Ecole-des-Robinsons_A.txt,– Cependant il avait une étiquette collée sous sa carapace .,– cependant il avoir un NCo PPAS sous DETPOSS NC .
2553,1882_Verne_L-Ecole-des-Robinsons_A.txt,– Une étiquette !,– un NCs !
2554,1882_Verne_L-Ecole-des-Robinsons_A.txt,s' écria Godfrey .,se VDIC NP .
2555,1882_Verne_L-Ecole-des-Robinsons_A.txt,"– La voici , répondit le célèbre empailleur.Et il montra un morceau de cuir , sur lequel ces mots étaient écrits en encre indélébile : Envoi de Hagenbeck , de Hambourg , à J.-R. Taskinar , de Stockton , U.S.A. Lorsque William W. Kolderup eut lu ces mots , un formidable éclat de rire lui échappa. Il avait tout compris .","– le NCs , VDIC le ADJ NP il VPS un NCo de NCmod , sur lequel ce NCspas être PPAS en NC ADJ : NP de NP , de NP , à NP NP , de NP , NP NP NP NP NP avoir PPAS ce NCo , un ADJ NC de INF lui échappa. il avoir tout VCOG ."
2556,1882_Verne_L-Ecole-des-Robinsons_A.txt,"C' était son adversaire J.-R. Taskinar , son compétiteur évincé , qui , pour se venger , après avoir acheté toute une cargaison de fauves , reptiles et autres animaux malfaisants , à le fournisseur bien connu de les ménageries de les Deux-Mondes , l' avait nuitamment débarquée en plusieurs voyages sur l' île Spencer .","ce être DETPOSS NC NP NP , DETPOSS NC PPAS , qui , pour se INF , PHASE avoir PPAS tout un NCo de ADJCOL , NC et autre NC ADJ , à le NCmod bien PPAS de le NC de le NP , le avoir ADV PPAS en plusieurs NC sur le NCmod NP ."
2557,1882_Verne_L-Ecole-des-Robinsons_A.txt,"Cela lui avait coûté cher , sans doute , mais il avait réussi à infester la propriété de son rival , comme le firent les Anglais pour la Martinique , si l' on en doit croire la légende , avant de la rendre à la France !","cela lui avoir PPAS ADJ , sans NCSENT , mais il avoir PPAS à INF le NCo de DETPOSS NCmod , comme le faire le NP pour le NP , si l' on en devoir VCOG le NCo , PHASE de le INF à le NP !"
2558,1882_Verne_L-Ecole-des-Robinsons_A.txt,"Il n' y avait plus rien d' inexpliqué , désormais , dans les faits mémorables de l' île Phina .","il ne y avoir plus rien de ADJ , ADV , dans le NC ADJ de le NCmod NP ."
2559,1882_Verne_L-Ecole-des-Robinsons_A.txt,– Bien joué !,– bien PPAS !
2560,1882_Verne_L-Ecole-des-Robinsons_A.txt,s' écria William W. Kolderup .,se VDIC NP NP NP .
2561,1882_Verne_L-Ecole-des-Robinsons_A.txt,"Je n' aurais pas mieux fait que ce vieux coquin de Taskinar !– Mais , avec ces terribles hôtes , dit Phina , maintenant , l' île Spencer … – L' île Phina… répondit Godfrey .","je ne avoir pas mieux PPAS que ce ADJ NC de NP !– mais , avec ce ADJ NC , VDIC NP , ADVT , le NC NP … – le NCs NP VDIC NP ."
2562,1882_Verne_L-Ecole-des-Robinsons_A.txt,"– L' île Phina , reprit en souriant la jeune femme , est absolument inhabitable !– Bah !","– le NCs NP , VPS en PPRES le ADJ NCo , être ADVINT ADJ !– NP !"
2563,1882_Verne_L-Ecole-des-Robinsons_A.txt,"répondit l' oncle Will , on attendra pour l' habiter que le dernier lion y ait dévoré le dernier tigre !– Et alors , chère Phina , demanda Godfrey , tu ne craindras pas d' y venir passer une saison avec moi ?","VDIC le NCo NP , on VF pour le INF que le ADJ NCs y avoir VSENT le ADJ NCo !– et alors , NCs NP , VPS NP , je ne ADJ pas de y venir INF un NCo avec soi ?"
2564,1882_Verne_L-Ecole-des-Robinsons_A.txt,"– Avec toi , mon cher mari , je ne craindrais rien , nulle part !","– avec soi , DETPOSS ADJ NC , je ne VCOND rien , ADJ NC !"
2565,1882_Verne_L-Ecole-des-Robinsons_A.txt,"répondit Phina , et puisque en sommes tu n' as pas fait ton voyage autour de le monde…– Nous le ferons ensemble !","VDIC NP , et puisque en être je ne avoir pas faire DETPOSS NCo ADV de le NP nous le faire ensemble !"
2566,1882_Verne_L-Ecole-des-Robinsons_A.txt,"s' écria Godfrey , et si la mauvaise chance doit jamais faire de moi un vrai Robinson …– Tu auras de le moins près de toi la plus dévouée de les Robinsonnes !","se VPS NP , et si le ADJ NCs devoir ADVTEMPS faire de soi un vrai NP …– je NC de le moins ADVLIEU de soi le plus ADJ de le NP !"
