id,titre,phrase,motifs_phrase
1,1886_Valles_L'Insurge_A.txt,"À les morts de 1871 À TOUS CEUX qui , victimes de l' injustice sociale , prirent les armes contre un monde mal fait et formèrent , sous le drapeau de la Commune , la grande fédération de les douleurs , Je dédie ce livre .","à le NC de NUM à NP NP qui , NC de le NCmod ADJ , VPS le NCo contre un NCmod mal faire et VPS , sous le NC de le NP , le ADJ NCo de le NCSENT , je PRES ce NCo ."
2,1886_Valles_L'Insurge_A.txt,Jules VALLÈS .,NP NP .
3,1886_Valles_L'Insurge_A.txt,"1 C' est peut-être vrai que je suis un lâche , ainsi que l' ont dit sous l' Odéon les bonnets rouges et les talons noirs .","NUM ce être peut-être vrai que je être un NC , ainsi que le avoir VDIC sous le NP le NCo ADJCOL et le NCCOR ADJ ."
4,1886_Valles_L'Insurge_A.txt,"Voilà de les semaines que je suis pion , et je ne ressens ni un chagrin ni une douleur ; je ne suis pas irrité et je n' ai point honte .","voilà de le NC que je être NC , et je ne VSENT ni un NCSENT ni un NCSENT ; je ne être pas VSENT et je ne avoir ADV NCSENT ."
5,1886_Valles_L'Insurge_A.txt,"J' avais insulté les fayots de collège ; il paraît que les haricots sont meilleurs dans ce pays -ci , car j' en avale de les platées et je lèche et relèche l' assiette .","je avoir PPAS le NCo de NCmod ; il paraître que le NCs être meilleur dans ce NC ci , car je en NCmod de le NCmod et je PRES et PRES le NCo ."
6,1886_Valles_L'Insurge_A.txt,"En plein silence de réfectoire , l' autre jour , j' ai crié , comme jadis , chez Richefeu : « Garçon , encore une portion !","en ADJ NC de NCmod , le autre NCT , je avoir VDIC , comme NC , chez NP : "" NP , encore un NC !"
7,1886_Valles_L'Insurge_A.txt,"» Tout le monde s' est retourné , et l' on a ri .",""" tout le NCmod se être PPAS , et l' on avoir PPAS ."
8,1886_Valles_L'Insurge_A.txt,"J' ai ri aussi – je suis en train de gagner l' insouciance de les galériens , le cynisme de les prisonniers , de me faire à mon bagne , de noyer mon cœur dans une chopine d' abondance – je vais aimer mon auge !","je avoir PPAS aussi – je être en NC de INF le NCSENT de le NCmod , le NC de le NC , de me faire à DETPOSS NC , de INF DETPOSS NCo dans un NC de NCmod – je aller VSENT DETPOSS NCo !"
9,1886_Valles_L'Insurge_A.txt,J' ai eu faim si longtemps !,je avoir avoir NCo si longtemps !
10,1886_Valles_L'Insurge_A.txt,"J' ai si souvent serré mes côtes , pour étouffer cette faim qui grognait et mordait mes entrailles , j' ai tant de fois brossé mon ventre sans faire reluire l' espoir d' un dîner , que je trouve une volupté d' ours couché dans une treille à pommader de sauce chaude mes boyaux secs .","je avoir ADV ADVTEMPS PPAS DETPOSS NCo , pour INF ce NCo qui VDIC et VIMP DETPOSS NC , je avoir tant de fois PPAS DETPOSS NCCOR sans faire INF le NCSENT de un NCmod , que je PRES un NCo de NCmod PPAS dans un NC à INF de NC ADJ DETPOSS NC ADJ ."
11,1886_Valles_L'Insurge_A.txt,C' est presque la joie d' une blessure guérie à chatouiller .,ce être presque le NCSENT de un NCSENT PRES à VSENT .
12,1886_Valles_L'Insurge_A.txt,Toujours est -il que je n' ai plus le teint verdâtre et l' œil creux ; il traîne souvent de l' œuf dans ma barbe .,ADVTEMPS être il que je ne avoir plus le NCo ADJCOL et le NC ADJ ; il PRES ADVTEMPS de le NC dans DETPOSS NCCOR .
13,1886_Valles_L'Insurge_A.txt,"Je ne la peignais pas autrefois , cette barbe ; mes doigts la fourrageaient et la maltraitaient , lorsque je songeais à mon impuissance et à ma misère .","je ne le VIMP pas ADVT , ce NCCOR ; DETPOSS NCCOR le VIMP et le VIMP , lorsque je VIMP à DETPOSS NC et à DETPOSS NC ."
14,1886_Valles_L'Insurge_A.txt,"À présent , je la lisse et l' égalise … j' en fais autant pour ma tignasse , et l' autre dimanche , devant le miroir , en laissant tomber mes derniers voiles , je me suis surpris , avec une pointe d' orgueil , une pointe de bedon .","à NC , je le NC et le NC … je en faire autant pour DETPOSS NC , et le autre ADVT , ADVLIEU le NCmod , en laisser INF DETPOSS ADJ NCo , je me être VSENT , avec un NC de NCSENT , un NC de NCmod ."
15,1886_Valles_L'Insurge_A.txt,"Mon père était plus courageux , et je me rappelle avoir vu luire de la haine dans ses yeux , quand il était maître d' étude , lui qui ne jouait pas à le révolutionnaire cependant , qui n' avait pas vécu dans les temps d' émeute , qui n' avait jamais crié à les armes , qui n' avait pas été à l' école de l' insurrection et de le duel !","DETPOSS NCs être plus ADJ , et je me PRES avoir VCOG ADV de le VSENT dans DETPOSS NCCOR , quand il être NC de NCmod , lui qui ne VIMP pas à le NC cependant , qui ne avoir pas PPAS dans le temps de NCmod , qui ne avoir ADVTEMPS VDIC à le NC , qui ne avoir pas être à le NC de le NCmod et de le NC !"
16,1886_Valles_L'Insurge_A.txt,"J' en suis là – et j' ai trouvé dans ce lycée la tranquillité de l' asile , le pain de le refuge , la ration de l' hôpital .","je en être ADVLIEU – et je avoir PPAS dans ce NC le NCSENT de le NCmod , le NC de le NC , le NC de le NCmod ."
17,1886_Valles_L'Insurge_A.txt,"Un de les vieux de Farreyrolles , qui avait vu Waterloo , nous contait , à la veillée , que le soir de la bataille , avant qu' elle fût finie , passant devant un cabaret , à deux pas de la Haie sainte , il s' était abattu contre une table de bois , avait jeté son fusil et refusé d' aller plus loin .","un de le NCmod de NP , qui avoir VCOG NP , nous VIMP , à le NC , que le NCT de le NCmod , PHASE que il être ADJ , PPRES ADVLIEU un NC , à NUM pas de le NP ADJ , il se être PPAS contre un NC de NCmod , avoir PPAS DETPOSS NCo et PPAS de aller plus ADVLIEU ."
18,1886_Valles_L'Insurge_A.txt,Le colonel l' avait traité de lâche .,le NCs le avoir PPAS de NC .
19,1886_Valles_L'Insurge_A.txt,« Lâche si vous voulez !,""" NP si vous vouloir !"
20,1886_Valles_L'Insurge_A.txt,"Il n' y a plus de Bon Dieu , plus d' Empereur … J' ai soif et j' ai faim !","il ne y avoir plus de NP NP , plus de NP … je avoir NCo et je avoir NC !"
21,1886_Valles_L'Insurge_A.txt,"» Et il avait cherché sa vie dans le buffet de l' auberge , à le milieu de les cadavres ; et jamais , disait -il , il n' avait fait repas meilleur , trouvant la viande savoureuse et le vin frais .",""" et il avoir PPAS DETPOSS NCo dans le NC de le NCmod , à le milieu de le NCmod ; et ADVTEMPS , VDIC il , il ne avoir faire NCo meilleur , PPRES le NCo ADJ et le NC ADJ ."
22,1886_Valles_L'Insurge_A.txt,"Puis il s' était étendu , faisant un traversin de son sac , et avait ronflé à le ronflement de le canon .","puis il se être PPAS , faire un NCo de DETPOSS NCmod , et avoir PPAS à le ADV de le NC ."
23,1886_Valles_L'Insurge_A.txt,"Mon esprit à moi s' endort loin de le combat et loin de le bruit , le souvenir de le passé ne vibre plus dans mon cœur que comme peut vibrer , à l' oreille d' un fugitif , le roulement de tambour qui s' éloigne et qui meurt .","DETPOSS NCs à soi se PRES ADVLIEU de le NC et ADVLIEU de le NC , le NC de le NCmod ne ADJ plus dans DETPOSS NC que comme pouvoir INF , à le NCCOR de un NCmod , le NC de NC qui se PRES et qui PRES ."
24,1886_Valles_L'Insurge_A.txt,"Gibier de garni , obligé , pendant de les années , d' accepter n' importe quel trou pour alcôve , et de ne rentrer dans ces trous -là qu' à de les heures toujours noires , de peur de l' insomnie ou de la logeuse ; échappé de campagne , à qui il fallait plus d' air qu' à les autres , et qui n' a pu renifler que de les miasmes , dans de les hôtels à plombs; affamé qui n' a jamais mangé son comptant , alors qu' il avait une fringale et de les dents de loup – c' est ce gaillard -là qui , un beau matin , se trouve sûr de le pain et de le lit , sûr de la nappe sans ordures , de le sommeil sans punaises , et de le lever sans créanciers .","NCs de NCmod , PPAS , PHASE de le NCT , de INF ne PRES quel NCo pour NC , et de ne INF dans ce NC ADV que à de le NCT ADVTEMPS ADJ , de NCSENT de le NCmod ou de le NC ; NC de NCmod , à qui il VIMP plus de NCMAN que à le autre , et qui ne avoir pouvoir INF que de le NC , dans de le NCmod à plombs; PPAS qui ne avoir ADVTEMPS PPAS DETPOSS NC , alors que il avoir un NCo et de le NCCOR de NCmod – ce être ce NC ADVLIEU qui , un ADJ NCT , se PRES ADJ de le NC et de le NC , ADJ de le NC sans NCmod , de le NC sans NCmod , et de le NC sans NCmod ."
25,1886_Valles_L'Insurge_A.txt,"Et Vingtras le farouche n' a plus la rage à le cœur , mais le nez dans son assiette , une serviette avec un rond , et un beau couvert de melchior .","et NP le NCs ne avoir plus le NCSENT à le NC , mais le NCCOR dans DETPOSS NCmod , un NC avec un NCmod , et un ADJ NC de NCmod ."
26,1886_Valles_L'Insurge_A.txt,"Même il vous dit le Benedicite tout comme un autre , avec un air de componction bien suffisante , et qui ne déplaît pas à les autorités .","même il vous VDIC le NP tout comme un autre , avec un NCMAN de NCmod bien ADJ , et qui ne PRES pas à le NC ."
27,1886_Valles_L'Insurge_A.txt,"Le repas fini , il remercie Dieu ( toujours en latin , glisse la main à le dos de son gilet pour défaire la boucle , lâche un bouton par-devant , et recroise là-dessus sa redingote – ramassée dans l' armoire de le mort et arrangée pour sa taille , à la papa .","le NC ADJ , il VDIC NP ( ADVTEMPS en NC , PRES le NCCOR à le NCCOR de DETPOSS NCmod pour INF le NCo , PRES un NCo ADJ , et PRES ADV DETPOSS NCo – PPAS dans le NC de le NCmod et PPAS pour DETPOSS NC , à le NC ."
28,1886_Valles_L'Insurge_A.txt,"Puis , les tripes emplies , la lèvre grasse , il prend , avec la division qu' il dirige , le chemin de la cour de les grands , qui domine le pays , ainsi qu' une terrasse de château féodal .","puis , le NC NC , le NCCOR ADJ , il PRES , avec le NC que il PRES , le NC de le NCmod de le NC , qui PRES le NCo , ainsi que un NC de NCmod ADJ ."
29,1886_Valles_L'Insurge_A.txt,"Sur cette hauteur -là , à de certaines heures , le ciel me fait l' effet d' une robe de soie tendre , et la brise me chatouille le cou comme un frôlement d' ailes .","sur ce NC ADVLIEU , à un certain NCT , le NCs me faire le NCo de un NCmod de NCmod INF , et le NCs me VSENT le NCCOR comme un NC de NCmod ."
30,1886_Valles_L'Insurge_A.txt,"Je n' ai jamais eu , devant moi , tant de douceur et de sérénité .","je ne avoir ADVTEMPS avoir , ADVLIEU soi , tant de NC et de NCSENT ."
31,1886_Valles_L'Insurge_A.txt,Le soir .,le NCT .
32,1886_Valles_L'Insurge_A.txt,"La petite chambre qui est à le bout de le dortoir , et où les maîtres d' étude peuvent , à leurs moments de liberté , aller travailler ou rêver , cette chambre -là donne sur une campagne pleine d' arbres et coupée de rivières .","le ADJ NC qui être à le NC de le INF , et où le NCs de NCmod pouvoir , à DETPOSS NC de NCmod , aller INF ou INF , ce NC ADVLIEU ADJ sur un NCmod ADJ de NC et PPAS de NC ."
33,1886_Valles_L'Insurge_A.txt,"Dans l' haleine de le vent arrive un parfum de mer qui me sale les lèvres , me rafraîchit les yeux et m' apaise le cœur .","dans le NC de le NCmod PRES un NCs de NCmod qui me PRES le NCCOR , me PRES le NCCOR et le PRES le NC ."
34,1886_Valles_L'Insurge_A.txt,"À peine il palpite , ce cœur -là , à l' appel de ma pensée , comme le rideau contre la fenêtre sous un souffle plus fort .","à NCSENT il PRES , ce NCo ADVLIEU , à le NC de DETPOSS NCmod , comme le PPAS contre le NC sous un NCmod plus fort ."
35,1886_Valles_L'Insurge_A.txt,"J' oublie le métier que je fais , j' oublie les moutards que je garde … j' oublie aussi la peine et la révolte .","je VCOG le NCo que je faire , je VCOG le NCo que je PRES … je VCOG aussi le NCSENT et le NCSENT ."
36,1886_Valles_L'Insurge_A.txt,"Je ne tourne pas la tête de le côté où mugit Paris , je ne cherche pas , à l' horizon , la place fumeuse où doit être le champ de bataille – j' ai découvert dans le fond , tout là-bas , une oseraie et un verger en fleurs , sur lesquels je fixe mon regard humide et que je sens plus doux .","je ne PRES pas le NCCOR de le NCmod où VDIC NP , je ne PRES pas , à le NC , le NC ADJ où devoir être le NC de NCmod – je avoir VCOG dans le NC , tout ADVLIEU , un NC et un NC en NCmod , sur lequel je PRES DETPOSS NCMAN ADJ et que je sentir plus ADJ ."
37,1886_Valles_L'Insurge_A.txt,"Oui , ceux de l' Odéon avaient raison : Sacré lâche !","oui , celui de le NP avoir NCo : sacrer NCmod !"
38,1886_Valles_L'Insurge_A.txt,"Quand je sors de le collège , je me trouve dans de les rues tranquilles et endormies , et je n' ai que cent pas à faire pour arriver à un ruisseau que je longe en ne pensant à rien , en suivant d' un œil assoupi un branchage ou un paquet d' herbes que le courant , emporte , et qui a de les aventures en route .","quand je ADV de le NC , je me PRES dans un le NC ADJ et ADJ , et je ne avoir que PRES pas à faire pour INF à un NC que je VSUBP en ne VCOG à rien , en PPRES de un NC PPAS un NCo ou un NC de NCmod que le NCmod , PRES , et qui avoir de le NC en NCmod ."
39,1886_Valles_L'Insurge_A.txt,"À le bout de le chemin est une guinguette , avec un chapelet de pommes enfilées pour enseigne ; moyennant quelques sous , je bois de le cidre qui a une belle couleur d' or et me pique un brin le nez .","à le NC de le NCmod être un NC , avec un NCmod de NCmod PPAS pour NC ; moyennant quelque NCmod , je NC de le NCmod qui avoir un ADJ NCo de NCmod et me ADJ un NC le NCCOR ."
40,1886_Valles_L'Insurge_A.txt,Ah! oui !,Ah! oui !
41,1886_Valles_L'Insurge_A.txt,Sacré lâche !,sacrer NC !
42,1886_Valles_L'Insurge_A.txt,"Mais aussi , je n' ai pas eu de chance … Par un hasard bourgeois , ce lycée est plein d' air et de lumière ; c' est un ancien couvent , à grands jardins et à grandes fenêtres ; il tombe dans les réfectoires de les disques de soleil ; il entre dans les dortoirs , quand les croisées sont ouvertes , de les échos de feuillage et de les tressaillements de nature déjà rouillée par l' automne , avec de les tons chauds de bronze et de cuivre .","mais aussi , je ne avoir pas avoir un NCo … par un NC ADJ , ce NCs être ADJ de NCMAN et de NC ; ce être un ADJ NC , à ADJ NC et à ADJ NC ; il PRES dans le NC de le NC de NCmod ; il PRES dans le NC , quand le PPAS être PPAS , de le NC de NCmod et de le NC de NCmod déjà PPAS par le NC , avec un le ADJ NC de NCmod et de NC ."
43,1886_Valles_L'Insurge_A.txt,"Je n' ai pas déplu à ces collégiens , habitués à être surveillés par de les novices à peine sortis de les bancs , ou par de vieux pions à brisques , plus bêtes que de les sergents de chambrée .","je ne avoir pas PPAS à ce NC , PPAS à être PPAS par de le NC à NCSENT PPAS de le NC , ou par un ADJ NC à NCmod , plus NC que de le NC de PPAS ."
44,1886_Valles_L'Insurge_A.txt,"Ils m' ont accueilli un peu comme un officier d' irréguliers en détresse , que la mort de son père – un régulier à chevrons – a rappelé par hasard; puis , j' ai mon auréole de Parisien .","il lui avoir PPAS un peu comme un NCo de NCmod en NCSENT , que le NC de DETPOSS NCs – un NC à NCmod – avoir PPAS par hasard; puis , je avoir DETPOSS NCo de NP ."
45,1886_Valles_L'Insurge_A.txt,C' est assez pour que je ne sois pas haï par ce monde de jeunes prisonniers .,ce être ADV pour que je ne ADJ pas VSENT par ce NC de ADJ NCmod .
46,1886_Valles_L'Insurge_A.txt,"Mes collègues aussi m' ont trouvé bon garçon , quoique trop sobre , eux qui enferment leurs heures de liberté dans un petit café humide et sombre , et s' y abrutissent à boire de la bière , à siroter de les glorias , et à caleçonner de les pipes .","DETPOSS NCs aussi lui avoir PPAS ADJ NCo , quoique trop ADJ , eux qui PRES DETPOSS NCT de NCmod dans un ADJ NCmod ADJ et ADJ , et se y PRES à NC de le NC , à INF de le NC , et à INF de le NC ."
47,1886_Valles_L'Insurge_A.txt,Je ne bois pas et ne fume point .,je ne NC pas et ne PRES ADV .
48,1886_Valles_L'Insurge_A.txt,"Le temps que j' ai à moi , je le passe auprès de le poêle , dans mon étude vide , un livre à la main , ou bien dans la classe de philosophie , un cahier sur les genoux .","le temps que je avoir à soi , je le PRES ADV de le NC , dans DETPOSS NC ADJ , un NC à le NCCOR , ou bien dans le NC de NCmod , un NC sur le NCCOR ."
49,1886_Valles_L'Insurge_A.txt,"Le professeur est le gendre de le recteur lui-même , et cela le flatte de voir ce Parisien à l' air crâne , à la barbe noire , assis comme un écolier sur un banc , et écoutant parler de les propriétés de l' âme .","le NCs être le NC de le NCmod soi-même , et cela le VSENT de VCOG ce NP à le NCMAN PRES , à le NCCOR ADJ , PPAS comme un NC sur un NCmod , et VCOG INF de le NC de le NCmod ."
50,1886_Valles_L'Insurge_A.txt,"Elles m' ont joué un tour pour le baccalauréat , il ne faut pas qu' elles me fichent encore dedans pour la licence .","il le avoir PPAS un NCo pour le NC , il ne PRES pas que il me PRES encore dedans pour le NC ."
51,1886_Valles_L'Insurge_A.txt,"J' ai besoin de savoir combien l' on en compte dans le Calvados : six , sept , huit … ou moins , ou plus !","je avoir NCo de VCOG combien l' on en PRES dans le NP : NUM , NUM , NUM … ou moins , ou plus !"
52,1886_Valles_L'Insurge_A.txt,"Et je suis les leçons avec assiduité , pour être bien à le courant de la philosophie de le département .","et je être le NC avec NCmod , pour être bien à le NC de le NCmod de le NC ."
53,1886_Valles_L'Insurge_A.txt,15 octobre .,NUM MOIS .
54,1886_Valles_L'Insurge_A.txt,C' est aujourd'hui l' ouverture de la Faculté de les lettres ; le discours de rentrée sera prononcé par le professeur d' histoire .,ce être ADVT le NC de le NCmod de le NCmod ; le NCs de NCmod être PPAS par le NC de NCmod .
55,1886_Valles_L'Insurge_A.txt,"Mais je l' ai déjà vu , ce professeur -là !","mais je le avoir déjà VCOG , ce NCo ADVLIEU !"
56,1886_Valles_L'Insurge_A.txt,"C' est lui qui vint à le lycée Bonaparte , en qualité de normalien de troisième année , nous faire la rhétorique , à le temps où j' étais rhétoricien .","ce être lui qui venir à le NC NP , en NC de NCmod de ADJ NCT , nous faire le NCo , à le temps où je être ADJ ."
57,1886_Valles_L'Insurge_A.txt,"C' était en 1849 – il avait , ma foi , la phrase hardie et révolutionnaire .","ce être en NUM – il avoir , DETPOSS NC , le NC ADJ et ADJ ."
58,1886_Valles_L'Insurge_A.txt,"Je me rappelle , même , qu' il allait à le café avec Anatoly , dont il connaissait le frère aîné , et qu' il releva la tête en m' entendant , à une table voisine où l' on se disputait , insulter la lévite de Béranger .","je me PRES , même , que il aller à le NC avec NP , dont il VIMP le NCo ADJ , et que il VPS le NCCOR en lui VCOG , à un NC ADJ où l' on se VIMP , INF le ADV de NP ."
59,1886_Valles_L'Insurge_A.txt,"Il m' avait remarqué , sans retenir mon nom ; mais il se souvenait de l' incident , et quand , à le sortir de le cours , je l' ai abordé , il m' a tout de suite reconnu .","il lui avoir PPAS , sans INF DETPOSS NCo ; mais il se VIMP de le NC , et quand , à le NC de le NCmod , je le avoir PPAS , il lui avoir tout de ADV PPAS ."
60,1886_Valles_L'Insurge_A.txt,« Et que faites-vous ?,""" et que faites-vous ?"
61,1886_Valles_L'Insurge_A.txt,"J' avais entendu dire que vous aviez été déporté , ou tué en duel .» Je lui confie à quel point je me sens envahi , résigné à mon sort , heureux de la discipline , content de vivre , la main sur le tire-bouchon à cidre ou sur la cuiller à fayots , les yeux sur un flot de rivière .","je avoir VCOG VDIC que vous PRES être PPAS , ou PPAS en ADJ .» je lui PRES à quel NC je me sentir PPAS , PPAS à DETPOSS NC , ADJ de le NCs , PRES de INF , le NCCOR sur le NCmod à NCmod ou sur le INF à NC , le NCCOR sur un NCmod de NCmod ."
62,1886_Valles_L'Insurge_A.txt,"« Diable , diable !",""" ADJ , ADJ !"
63,1886_Valles_L'Insurge_A.txt,"a -t -il dit , comme un médecin qui entend de mauvaises nouvelles .","avoir t il VDIC , comme un NC qui VCOG un ADJ NCo ."
64,1886_Valles_L'Insurge_A.txt,"Venez donc me voir , nous causerons .","venir donc me VCOG , nous VF ."
65,1886_Valles_L'Insurge_A.txt,"Cela me fait plaisir de m' échapper quelquefois de ce milieu de niais et de scélérats !» Il montrait , de le geste , les autorités , et tout le groupe de ses collègues .","cela me faire NCSENT de lui INF ADVTEMPS de ce milieu de NC et de NC !» il VIMP , de le NC , le NC , et tout le NC de DETPOSS NCmod ."
66,1886_Valles_L'Insurge_A.txt,"C' est lui , l' universitaire bien en cour , qui parle ainsi !","ce être lui , le NC bien en NCmod , qui PRES ainsi !"
67,1886_Valles_L'Insurge_A.txt,Ah !,NP !
68,1886_Valles_L'Insurge_A.txt,pourquoi l' ai-je rencontré !,pourquoi le NCmod PPAS !
69,1886_Valles_L'Insurge_A.txt,"je vivais calme , je me reposais délicieusement ; il m' a remis le feu à le ventre , et quand , le dimanche , je dégrafe une boucle à le dessert , et me défends contre l' émotion , il me secoue : «Vous n' allez pas devenir bourgeois , à le moins , et engraisser !","je PRES NCSENT , je me PRES ADVINT ; il le avoir PPAS le NCo à le NCCOR , et quand , le ADVT , je PRES un NCo à le NC , et me NC contre le NCSENT , il me PRES : «le ne aller pas devenir ADJ , à le moins , et INF !"
70,1886_Valles_L'Insurge_A.txt,"Je préfère encore que vous m' insultiez pour ma croix de juin .» Je l' ai insulté , en effet , à propos de sa décoration , le premier jour où je suis allé chez lui , puis je me suis dirigé vers la porte .","je PRES encore que vous le PRES pour DETPOSS NC de MOIS .» je le avoir PPAS , en NC , à NC de DETPOSS NCmod , le ADJ NCT où je être aller chez lui , puis je me être PPAS vers le NC ."
71,1886_Valles_L'Insurge_A.txt,Il m' a retenu .,il lui avoir PPAS .
72,1886_Valles_L'Insurge_A.txt,"« J' avais vingt ans … j' étais avec tout le troupeau de la Normale … Ne sachant pas ce que signifiait l' insurrection , je me suis mis de le côté de Cavaignac , que je croyais républicain , et je suis entré le premier à le Panthéon , où s' étaient barricadés les blousiers .",""" je avoir NUM NCT … je être avec tout le NC de le NP … ne VCOG pas ce que VIMP le NCo , je me être mettre de le NC de NP , que je VIMP ADJ , et je être PPAS le ADJ à le NP , où se être PPAS le ADJ ."
73,1886_Valles_L'Insurge_A.txt,On m' a envoyé porter la nouvelle à la Chambre et ils m' ont noué leur ruban à la boutonnière .,on le avoir PPAS INF le NCo à le NC et il lui avoir PPAS lui NCo à le NC .
74,1886_Valles_L'Insurge_A.txt,"Mais , je vous le jure , loin de faire assassiner un homme , j' ai sauvé la vie de plusieurs combattants à le péril de la mienne .","mais , je vous le NC , ADVLIEU de faire INF un NC , je avoir PPAS le NCo de plusieurs NC à le NCmod de le NCmod ."
75,1886_Valles_L'Insurge_A.txt,"Restez , allez !","IMP , aller !"
76,1886_Valles_L'Insurge_A.txt,"Vous voyez bien que l' on peut changer , puisque vous avouez que vous n' êtes plus le même …» Il m' a tendu la main , je l' ai prise , et nous avons été amis .","vous VCOG bien que l' on pouvoir INF , puisque vous VDIC que vous ne être plus le même …» il lui avoir PPAS le NCCOR , je le avoir PPAS , et nous avoir être PPAS ."
77,1886_Valles_L'Insurge_A.txt,"Je suis devenu aussi le favori de son confrère à cheveux blancs , le père Machar , qui s' est enterré en province , après avoir eu son heure de gloire à Paris .","je être devenir aussi le NCo de DETPOSS NCmod à NCCOR ADJ , le NC NP , qui se être PPAS en NC , PHASE avoir avoir DETPOSS NCT de NCmod à NP ."
78,1886_Valles_L'Insurge_A.txt,"« Lequel de vous s' appelle Vingtras ?» , a -t -il demandé à les maîtres d' étude , rassemblés pour la seconde conférence de l' année .",""" lequel de vous se PRES NP ?» , avoir t il PPAS à le NC de NCmod , PPAS pour le ADJ NC de le NCT ."
79,1886_Valles_L'Insurge_A.txt,Je me détache de le groupe .,je me PRES de le NC .
80,1886_Valles_L'Insurge_A.txt,« D' où venez-vous ?,""" de où venez-le ?"
81,1886_Valles_L'Insurge_A.txt,où avez vous fait vos classes ?,où avoir vous faire DETPOSS NCo ?
82,1886_Valles_L'Insurge_A.txt,… Là-bas ?,… ADVLIEU ?
83,1886_Valles_L'Insurge_A.txt,"Vous les y avez terminées à le moins , je l' aurais parié !","vous le y avoir VASP à le moins , je le avoir PPAS !"
84,1886_Valles_L'Insurge_A.txt,"» Et il m' a fait lire tout haut ma dissertation , mon devoir .",""" et il lui avoir faire INF tout ADV DETPOSS NCo , DETPOSS devoir ."
85,1886_Valles_L'Insurge_A.txt,"« Vous êtes un écrivain , monsieur !» Il m' a jeté ça à la tête , sans crier gare , et , en sortant , m' a emmené jusqu' à sa porte .",""" vous être un NC , monsieur !» il lui avoir PPAS ça à le NCCOR , sans VDIC ADJ , et , en PPRES , lui avoir PPAS jusque à DETPOSS NC ."
86,1886_Valles_L'Insurge_A.txt,Je lui ai conté mon histoire .,je lui avoir PPAS DETPOSS NCo .
87,1886_Valles_L'Insurge_A.txt,« Eh !,""" INTJ !"
88,1886_Valles_L'Insurge_A.txt,Eh !,INTJ !
89,1886_Valles_L'Insurge_A.txt,"a -t -il dit en hochant la tête , s' il n' y avait que le camarade Lancin et moi , vous seriez reçu licencié en août ; mais resterez -vous seulement jusque-là ?","avoir t il VDIC en PPRES le NCCOR , si il ne y avoir que le NCo NP et soi , vous être PPAS PPAS en MOIS ; mais PRES le seulement ADV ?"
90,1886_Valles_L'Insurge_A.txt,Le proviseur vous gardera -t -il ?,le NC vous VF t il ?
91,1886_Valles_L'Insurge_A.txt,"Vous avez l' air d' un homme , il lui faut de les chiens couchants … – Je me fais petit , je suis décidé à être lâche !","vous avoir le NCMAN de un NCmod , il lui PRES de le NC ADJ … – je me faire ADJ , je être PPAS à être ADJ !"
92,1886_Valles_L'Insurge_A.txt,"– Peut-être , mais on voit que vous ne l' êtes pas , et les pleutres devinent votre mépris .» Il a dit vrai , le vieux maître !","– peut-être , mais on VCOG que vous ne le être pas , et le NCs VCOG DETPOSS PPAS .» il avoir VDIC vrai , le ADJ NC !"
93,1886_Valles_L'Insurge_A.txt,"Il ne m' a servi à rien de paraître endormi , et de prendre de le ventre , et de réciter le Benedicite !","il ne le avoir PPAS à rien de paraître ADJ , et de INF de le NCCOR , et de INF le NP !"
94,1886_Valles_L'Insurge_A.txt,"Les cagots de la Faculté , le proviseur et l' aumônier de le collège ont décidé que je sauterais .","le NCs de le NCmod , le NC et le NC de le NCmod avoir PPAS que je VCOND ."
95,1886_Valles_L'Insurge_A.txt,"Mon poil de sanglier , mon œil clair , mon coup de talon , si mou que soit mon pas , insultent leur menton glabre , leur regard louche , leur traînement de semelles sur les dalles .","DETPOSS NCCOR de NCmod , DETPOSS NC ADJ , DETPOSS NC de NCCOR , si ADJ que être DETPOSS pas , PRES lui NCCOR ADJ , lui NCMAN ADJ , lui NC de NCmod sur le NC ."
96,1886_Valles_L'Insurge_A.txt,"Ne pouvant me reprocher d' être inexact ou ivrogne , ils ont eu une idée de génie , les jésuites !","ne pouvoir me INF de être ADJ ou ADJ , il avoir avoir un NCo de NCmod , le NC !"
97,1886_Valles_L'Insurge_A.txt,"Ils ont fait organiser , en dessous , une conspiration contre moi .","il avoir faire INF , en ADV , un NCo contre soi ."
98,1886_Valles_L'Insurge_A.txt,Minuit .,NP .
99,1886_Valles_L'Insurge_A.txt,"Le dortoir , où je piochais à la chandelle , est devenu le terrain d' embuscade de les complotiers .","le NCs , où je VIMP à le NC , être devenir le NCo de NCmod de le NC ."
100,1886_Valles_L'Insurge_A.txt,Il prête à l' émeute par sa construction monacale .,il PRES à le NC par DETPOSS NC ADJ .
101,1886_Valles_L'Insurge_A.txt,"Chaque frère avait jadis une cellule à ciel ouvert , chaque élève a maintenant la sienne , si bien que l' on ne voit personne de l' intérieur de les boxes ; le maître d' étude entend les bruits , mais ne peut distinguer les gestes .","chaque NCs avoir ADV un NCo à NC ADJ , chaque NCs avoir ADVT le sien , si bien que l' on ne VCOG NCo de le NC de le NCmod ; le NCs de NCmod VCOG le NCo , mais ne pouvoir VCOG le ADJ ."
102,1886_Valles_L'Insurge_A.txt,"Un beau soir , il y a eu insurrection entre ces murs de bois : tapage contre les cloisons , sifflets , grognements , cris , et si drôles que , ma foi , j' ai voulu m' en mêler .","un ADJ NCT , il y avoir avoir NCo entre ce NCmod de NCmod : NC contre le NC , NC , NC , NC , et si ADJ que , DETPOSS NC , je avoir vouloir lui en INF ."
103,1886_Valles_L'Insurge_A.txt,"Et j' ai , moi aussi , cogné , sifflé , grogné et crié avec de les notes aiguës de soprano : « À bas le pion !","et je avoir , soi aussi , PPAS , PPAS , VDIC et VDIC avec de le NC ADJ de NCmod : "" à ADJ le NC !"
104,1886_Valles_L'Insurge_A.txt,» C' est ma première heure vivante depuis mon entrée ici .,""" ce être DETPOSS ADJ NCT ADJ depuis DETPOSS NCmod ADVLIEU ."
105,1886_Valles_L'Insurge_A.txt,"Je suis là , en chemise , à le milieu de la cellule , cognant le chandelier contre le pot de chambre , faisant le coq et le cochon , glapissant toujours : À bas le pion !","je être ADVLIEU , en NC , à le milieu de le NCmod , PPRES le NCo contre le NCmod de NC , faire le NCo et le NC , PPRES ADVTEMPS : À ADJ le NC !"
106,1886_Valles_L'Insurge_A.txt,On pousse la porte … C' est le proviseur lui-même .,on PRES le NCo … ce être le NC soi-même .
107,1886_Valles_L'Insurge_A.txt,"Il a l' air stupéfait de me voir bannière à le vent , les pieds nus sur le carreau , mon vase de nuit d' une main , mon bougeoir de l' autre , et il balbutie d' un air égaré : « Vous n' en … n' en … n' entendez donc pas ?","il avoir le NCMAN ADJ de me VCOG NCo à le NC , le NCCOR PPAS sur le NC , DETPOSS NCo de NCT de un NCCOR , DETPOSS NC de le autre , et il VDIC de un NCMAN ADJ : "" vous ne en … ne en … ne VCOG donc pas ?"
108,1886_Valles_L'Insurge_A.txt,–? ?,–? ?
109,1886_Valles_L'Insurge_A.txt,– Cette révolte !,– ce NCSENT !
110,1886_Valles_L'Insurge_A.txt,… ces cris !,… ce NCmod !
111,1886_Valles_L'Insurge_A.txt,… – De les cris ?,… – de le NCmod ?
112,1886_Valles_L'Insurge_A.txt,… une révolte ?,… un NCSENT ?
113,1886_Valles_L'Insurge_A.txt,… » Je me suis frotté les yeux et j' ai pris la mine ahurie et confuse … Oh !,"… "" je me être PPAS le NCCOR et je avoir PPAS le NCo ADJ et ADJ … INTJ !"
114,1886_Valles_L'Insurge_A.txt,"il a bien vu de quoi il retournait , et il est parti , blanc comme la faïence de le pot .","il avoir bien VCOG de quoi il VIMP , et il être PPAS , ADJCOL comme le NC de le NCmod ."
115,1886_Valles_L'Insurge_A.txt,Il n' y aura plus d' émeute à le dortoir: il n' y a pas de danger !,il ne y avoir plus de NC à le dortoir: il ne y avoir pas de NCo !
116,1886_Valles_L'Insurge_A.txt,"Je me recouche , désolé que le boucan soit fini .","je me PRES , VSENT que le NCspas être VASP ."
117,1886_Valles_L'Insurge_A.txt,Mais je vois bien que je suis fichu .,mais je ADV bien que je être PPAS .
118,1886_Valles_L'Insurge_A.txt,"Je vais me payer de les fantaisies , avant qu' on me chasse .","je aller me INF de le NC , PHASE que on me NC ."
119,1886_Valles_L'Insurge_A.txt,L' occasion vient de se présenter .,le NCs venir de se INF .
120,1886_Valles_L'Insurge_A.txt,Le professeur de rhétorique est tombé malade .,le NCspas de NCmod être PPAS ADJ .
121,1886_Valles_L'Insurge_A.txt,"Il est de règle que ce soit le maître d' étude qui remplace le titulaire , quand celui-ci est , par extraordinaire , empêché ou absent .","il être de NC que ce être le NC de NC qui PRES le NCo , quand celui-ci être , par NC , PPAS ou ADJ ."
122,1886_Valles_L'Insurge_A.txt,"C' est donc moi qui ferai la classe ce soir , qui monterai à cette chaire .","ce être donc soi qui faire le NCo ce NCT , qui VF à ce NC ."
123,1886_Valles_L'Insurge_A.txt,M' y voici .,le y voici .
124,1886_Valles_L'Insurge_A.txt,"Les élèves attendent , avec l' émotion que cause tout incident nouveau .","le NCs PRES , avec le NCSENT que PRES tout NCs ADJ ."
125,1886_Valles_L'Insurge_A.txt,"Comment vais -je m' en tirer , moi le beau parleur , le favori de la Faculté , le Parisien ?","comment ADJ je le en INF , soi le ADJ NCo , le NC de le NCmod , le NP ?"
126,1886_Valles_L'Insurge_A.txt,Je commence .,je VASP .
127,1886_Valles_L'Insurge_A.txt,"« Messieurs , « Le hasard veut que je supplée votre honorable professeur , M.Jacquau .",""" NP , "" le NCs vouloir que je PPAS DETPOSS ADJ NCo , NP ."
128,1886_Valles_L'Insurge_A.txt,Mais je me permets de ne point partager son opinion sur le système d' enseignement à suivre .,mais je me NC de ne ADV INF DETPOSS NCo sur le NCmod de NCmod à INF .
129,1886_Valles_L'Insurge_A.txt,"« Mon avis , à moi , est qu' il ne faut rien apprendre , rien , de ce que l' Université vous recommande .",""" DETPOSS NCs , à soi , être que il ne PRES rien VCOG , rien , de ce que le NC vous PRES ."
130,1886_Valles_L'Insurge_A.txt,( Rumeurs à le centre .,( NP à le NCmod .
131,1886_Valles_L'Insurge_A.txt,") Je pense être plus utile à votre avenir en vous conseillant de jouer à les dominos , à les dames , à l' écarté – les plus jeunes seront autorisés à planter de le papier dans le derrière de les mouches .",") je VCOG être plus ADJ à DETPOSS NC en vous PPRES de INF à le NC , à le NC , à le NC – le plus ADJ être PPAS à INF de le NC dans le ADVLIEU de le NCmod ."
132,1886_Valles_L'Insurge_A.txt,( Mouvements en sens divers .,( NP en NCmod ADJ .
133,1886_Valles_L'Insurge_A.txt,") « Par exemple , messieurs , de le silence !",") "" par NC , NC , de le NCmod !"
134,1886_Valles_L'Insurge_A.txt,"il n' est pas nécessaire de réfléchir pour apprendre de le Démosthène et de le Virgile , mais quand il faut faire le quatre-vingt-dix ou le cinq cents , ou échec à le roi , ou empaler de les mouches sans les faire souffrir , le calme est indispensable à la pensée , et le recueillement est bien dû à l' insecte innocent que va , messieurs , sonder votre curiosité , si j' ose m' exprimer ainsi .","il ne être pas ADJ de INF pour VCOG de le NP et de le NP , mais quand il PRES faire le NCo ou le NUM NC , ou NC à le NCmod , ou INF de le NC sans le faire VSENT , le NCSENT être ADJ à le NC , et le NCs être bien devoir à le NC ADJ que aller , messieurs , INF DETPOSS NCSENT , si je PRES se INF ainsi ."
135,1886_Valles_L'Insurge_A.txt,( Sensation prolongée .,( NCSENT PPAS .
136,1886_Valles_L'Insurge_A.txt,) «Je voudrais enfin que le temps que nous allons passer ensemble ne fût pas de le temps perdu .» Tableau !,) «il vouloir PHASE que le temps que nous aller INF ensemble ne être pas de le temps PPAS .» NP !
137,1886_Valles_L'Insurge_A.txt,"Le soir même , j' ai reçu mon congé .","le NCT même , je avoir PPAS DETPOSS NCo ."
138,1886_Valles_L'Insurge_A.txt,"2 Me voilà de nouveau sur le pavé de Paris , n' ayant que quarante francs en poche , et brouillé avec toutes les universités de France et de Navarre .","2 me voilà de ADJ sur le NC de NP , ne avoir que NUM NCo en NCmod , et PPAS avec tout le NC de NP et de NP ."
139,1886_Valles_L'Insurge_A.txt,De quel côté me tourner ?,de quel NC me INF ?
140,1886_Valles_L'Insurge_A.txt,Je ne suis plus le même homme : huit mois de province m' ont transformé .,je ne être plus le même NC : NUM NCT de NCmod lui avoir PPAS .
141,1886_Valles_L'Insurge_A.txt,"J' avais vécu , pendant dix ans , tel que l' ivrogne qui a peur de l' affaissement , à le lendemain de l' ivresse , et qui reprend de le poil de la bête , saute sur le vin blanc dès son lever , et garde toujours une bouteille à portée de sa main qui tremble .","je avoir PPAS , PHASE NUM NCT , tel que le NC qui avoir NCSENT de le NCmod , à le NC de le NCSENT , et qui PRES de le NCCOR de le NCmod , PPAS sur le NC ADJCOL dès DETPOSS INF , et PRES ADVTEMPS un NCo à NCmod de DETPOSS NCCOR qui PRES ."
142,1886_Valles_L'Insurge_A.txt,Je me soûlais avec ma salive .,je me VIMP avec DETPOSS NC .
143,1886_Valles_L'Insurge_A.txt,Et j' en étais le plus souvent pour mes frais de courage !,et je en être le plus ADVTEMPS pour DETPOSS NC de NCmod !
144,1886_Valles_L'Insurge_A.txt,"Ceux -là mêmes à qui je faisais l' aumône d' une gaieté qui cachait ma peine ou distrayait la leur , ceux -là , plutôt que de comprendre et de remercier , me traitaient d' Auvergnat et de cruel .","celui ADVLIEU ADJ à qui je faire le NCo de un NCSENT qui VIMP DETPOSS NCSENT ou VIMP le lui , celui ADVLIEU , plutôt que de VCOG et de VDIC , me VIMP de NP et de NC ."
145,1886_Valles_L'Insurge_A.txt,"Pouilleux d' esprit , lâches de cœur , qui ne voyaient pas que je jetais de l' ironie sur les douleurs comme on mettrait un faux nez sur un cancer , et que l' émotion me rongeait les entrailles , tandis que j' étourdissais notre misère commune à coups de blague , ainsi que l' on crève un carreau à coups de poing pour avoir de l' air dans un étouffoir !","ADJ de NC , NC de NCmod , qui ne VCOG pas que je VIMP de le NC sur le NCSENT comme on mettre un ADJ NCCOR sur un NCmod , et que le NCSENT me VSENT le NCo , PHASE que je VIMP DETPOSS NCo ADJ à NC de NCmod , ainsi que l' on PRES un NCo à NCmod de NCmod pour avoir de le NCMAN dans un NC !"
146,1886_Valles_L'Insurge_A.txt,C' était bien la peine de se ranger !,ce être bien le NCSENT de se INF !
147,1886_Valles_L'Insurge_A.txt,"Qu' ai -je fait , depuis que je suis revenu de cette province ?","que avoir je faire , depuis que je être PPAS de ce NC ?"
148,1886_Valles_L'Insurge_A.txt,… Je ne le sais plus .,… je ne le VCOG plus .
149,1886_Valles_L'Insurge_A.txt,"J' ai vécu à la façon d' une bête , comme là-bas , mais sans la joie de le pâturage et de la litière .","je avoir PPAS à le façon de un NCmod , comme ADVLIEU , mais sans le NCSENT de le NCmod et de le NC ."
150,1886_Valles_L'Insurge_A.txt,"Vais -je descendre jusqu' à le cimetière en ne faisant que me défendre contre la vie , sans sortir de l' ombre , sans avoir à le moins une bataille à le soleil ?","VCOG je INF jusque à le NC en ne faire que me INF contre le NC , sans INF de le NC , sans avoir à le moins un NCo à le NC ?"
151,1886_Valles_L'Insurge_A.txt,Tant pis !,tant ADJ !
152,1886_Valles_L'Insurge_A.txt,Ils crieront à la trahison s' ils veulent !,il VDIC à le NC se il vouloir !
153,1886_Valles_L'Insurge_A.txt,"Je vais chercher à vendre huit heures de mon temps par journée , afin d' avoir , avec la sécurité de le pain , la sérénité de l' esprit .","je aller INF à INF NUM NCT de DETPOSS temps par NCT , ADV de avoir , avec le NCSENT de le NCmod , le NCSENT de le NCmod ."
154,1886_Valles_L'Insurge_A.txt,"Après tout , Arnould , qui est un honnête homme , est bien entré à la Ville ; Lisette , que j' ai rencontrée l' autre matin , me l' a dit .","PHASE tout , NP , qui être un ADJ NC , être bien PPAS à le NC ; NC , que je avoir PPAS le autre NCT , me le avoir VDIC ."
155,1886_Valles_L'Insurge_A.txt,Voici qu' il faut faire apostiller ma demande … Encore un serment à fouler à les pieds !,voici que il PRES faire INF DETPOSS NC … encore un NC à INF à le NCCOR !
156,1886_Valles_L'Insurge_A.txt,N' importe !,ne PRES !
157,1886_Valles_L'Insurge_A.txt,J' ai été parjure en étant pion – parjure je serai encore en allant mendier la signature de gens qui ont tenté de nous assassiner à le Deux-Décembre .,je avoir être INF en être NC – INF je VF encore en aller INF le NCo de NC qui avoir PPAS de nous INF à le NC .
158,1886_Valles_L'Insurge_A.txt,Misérable !,ADJ !
159,1886_Valles_L'Insurge_A.txt,"à le lieu de gagner de le terrain , j' en ai perdu et je viens de me trouver de les cheveux blancs !","à le NC de INF de le NC , je en avoir PPAS et je venir de me INF de le NCCOR ADJCOL !"
160,1886_Valles_L'Insurge_A.txt,C' est fait !,ce être faire !
161,1886_Valles_L'Insurge_A.txt,"– Un général de la Garde , un libraire de les Tuileries , un ancien proviseur de mon père , ont donné , chacun , deux lignes de recommandation .","– un NC de le NCmod , un NC de le NP , un ADJ NC de DETPOSS NCs , avoir PPAS , chacun , NUM NCo de NCmod ."
162,1886_Valles_L'Insurge_A.txt,Elles ont suffi .,il avoir PPAS .
163,1886_Valles_L'Insurge_A.txt,"Je viens d' être nommé auxiliaire , à cent francs par mois , dans une mairie qui est à le diable et qui a l' air d' une bicoque .","je venir de être PPAS ADJ , à NUM NC par NCT , dans un NC qui être à le NC et qui avoir le NCMAN de un NCmod ."
164,1886_Valles_L'Insurge_A.txt,"J' y file , monte les escaliers et demande le chef de bureau .","je y PRES , PRES le NCo et PRES le NCo de NCmod ."
165,1886_Valles_L'Insurge_A.txt,Un monsieur à lunettes et un peu bossu me reçoit .,un monsieur à NCmod et un peu ADJ me PRES .
166,1886_Valles_L'Insurge_A.txt,« C' est bien .,""" ce être bien ."
167,1886_Valles_L'Insurge_A.txt,"Vous serez à les naissances .» Il me mène à le bureau de les déclarations et me confie à un employé qui me toise , me fait signe de m' asseoir et me demande si j' écris bien ( !! ) .","vous être à le NC .» il me PRES à le NC de le NCmod et me PRES à un NC qui me PRES , me faire NC de le INF et me PRES si je PRES bien ( !! ) ."
168,1886_Valles_L'Insurge_A.txt,« Pas trop .,""" pas trop ."
169,1886_Valles_L'Insurge_A.txt,"– Faites voir .» Je plonge une plume dans l' encrier , je la plonge trop fort , et en la retirant , j' éclabousse , d' une tache énorme , la page d' un grand registre que l' homme a devant lui .","– faire VCOG .» je PRES un NCo dans le NC , je le NC trop fort , et en le PPRES , je PRES , de un NC ADJ , le NCo de un ADJ NCmod que le NCs avoir ADVLIEU lui ."
170,1886_Valles_L'Insurge_A.txt,Il donne les signes de le plus violent désespoir .,il PRES le NCo de le plus ADJ NCSENT .
171,1886_Valles_L'Insurge_A.txt,« C' est juste sur le nom !,""" ce être ADV sur le NC !"
172,1886_Valles_L'Insurge_A.txt,"… Il faut un renvoi! » Il se jette à la fenêtre , se penche au-dehors , fait de les gestes , pousse de les cris .","… il PRES un renvoi! "" il se PRES à le NC , se PRES ADV , NC de le NCmod , NC de le NCmod ."
173,1886_Valles_L'Insurge_A.txt,Appelle -t -il à le secours ?,PRES t il à le NC ?
174,1886_Valles_L'Insurge_A.txt,Sent -il venir l' apoplexie ?,sentir il venir le NCo ?
175,1886_Valles_L'Insurge_A.txt,Veut -il me faire arrêter ?,PRES il me faire INF ?
176,1886_Valles_L'Insurge_A.txt,Qui lui répond ?,qui lui VDIC ?
177,1886_Valles_L'Insurge_A.txt,"Est -ce le médecin , le commissaire ?","être ce le NCo , le NC ?"
178,1886_Valles_L'Insurge_A.txt,Non .,non .
179,1886_Valles_L'Insurge_A.txt,"C' est un charbonnier , un marchand de vin et une sage-femme qui , cinq secondes plus tard , se précipitent dans le bureau et demandent , avec effroi , « ce qu' il y a ?» «Il a que monsieur , que voilà , a débuté par envoyer une saloperie sur mon livre , et qu' il faut maintenant que vous signiez tous , en marge , pour que l' enfant ait un état civil .» Il se tourne vers moi avec fureur .","ce être un NC , un NC de NCmod et un NC qui , NUM NCT plus tard , se PRES dans le NC et PRES , avec NC , "" ce que il y avoir ?» NP avoir que monsieur , que voilà , avoir VASP par INF un NCo sur DETPOSS NC , et que il PRES ADVT que vous PRES tout , en NC , pour que le NCs avoir un NCo ADJ .» il se PRES vers soi avec NC ."
180,1886_Valles_L'Insurge_A.txt,«Vous entendez ?,«le VCOG ?
181,1886_Valles_L'Insurge_A.txt,un é -tat ci-vil !,un ADJ NC ADJ !
182,1886_Valles_L'Insurge_A.txt,Savez-vous à le moins ce que c' est ?,Savez-le à le moins ce que ce être ?
183,1886_Valles_L'Insurge_A.txt,"– Oui , j' ai fait mon droit .","– oui , je avoir faire DETPOSS NCo ."
184,1886_Valles_L'Insurge_A.txt,– J' aurais dû m' en douter !,– je avoir devoir lui en INF !
185,1886_Valles_L'Insurge_A.txt,» Et il ricane .,""" et il PRES ."
186,1886_Valles_L'Insurge_A.txt,"« Ils en sont tous là … Les bacheliers , c' est la mort à les registres !» Encore de les miaulements et un bruit de gros souliers , encore une sage-femme , un charbonnier et un marchand de vin .",""" il en être tout ADVLIEU … le NC , ce être le NC à le NCmod !» encore de le NC et un NC de ADJ NCmod , encore un NC , un NC et un NC de NCmod ."
187,1886_Valles_L'Insurge_A.txt,Mon collègue me lance en plein danger .,DETPOSS NCs me PRES en ADJ NC .
188,1886_Valles_L'Insurge_A.txt,« Interrogez vous-même la déclarante .» De quelle façon vais -je m' y prendre ?,""" IMP ADV le NCo .» de quel façon aller je lui y INF ?"
189,1886_Valles_L'Insurge_A.txt,que dois -je dire ?,que devoir je VDIC ?
190,1886_Valles_L'Insurge_A.txt,"« Madame , vous venez pour un enfant? … » Il hausse les épaules , fait mine de jeter le manche après la cognée .",""" madame , vous venir pour un enfant? … "" il PRES le NCCOR , faire NCs de INF le NCo PHASE le NC ."
191,1886_Valles_L'Insurge_A.txt,« Et pour quoi diable voulez -vous qu' elle vienne ?,""" et pour quoi ADJ vouloir vous que il venir ?"
192,1886_Valles_L'Insurge_A.txt,"… Enfin , vous serez peut-être capable de constater !","… PHASE , vous être peut-être ADJ de INF !"
193,1886_Valles_L'Insurge_A.txt,Assurez -vous de le sexe .,IMP vous de le NCmod .
194,1886_Valles_L'Insurge_A.txt,– M' assurer de le sexe !,– le INF de le NC !
195,1886_Valles_L'Insurge_A.txt,… et comment ?» Il rajuste ses lunettes et me fixe avec stupeur ; il semble se demander si je ne suis pas arriéré comme éducation et exagéré comme pudeur à le point d' ignorer ce qui distingue les garçons de les filles .,… et comment ?» il PRES DETPOSS NCo et me PRES avec NCSENT ; il sembler se INF si je ne être pas PPAS comme NC et PPAS comme NC à le NCmod de VCOG ce qui VCOG le NC de le NCmod .
196,1886_Valles_L'Insurge_A.txt,J' indique par signes que je le sais bien .,je indiquer par NC que je le VCOG bien .
197,1886_Valles_L'Insurge_A.txt,"Il pousse un soupir d' aise , et s' adressant à l' accoucheuse : « Déshabillez l' enfant .","il PRES un NCo de NCmod , et se PPRES à le NC : "" IMP le NCo ."
198,1886_Valles_L'Insurge_A.txt,"Vous , monsieur , regardez .","vous , monsieur , VCOG ."
199,1886_Valles_L'Insurge_A.txt,"Mais de là-bas vous ne voyez rien , approchez donc !","mais de ADVLIEU vous ne VCOG rien , IMP donc !"
200,1886_Valles_L'Insurge_A.txt,– C' est un garçon .,– ce être un NC .
201,1886_Valles_L'Insurge_A.txt,"– Je vous crois !» fait le père en se rengorgeant , avec un coup d' œil à le charbonnier .","– je vous PRES !» faire le NCo en se PPRES , avec un NC de NCmod à le NCmod ."
202,1886_Valles_L'Insurge_A.txt,"Me voilà nourrice , ou peu s' en faut .","me voilà NCo , ou peu se en PRES ."
203,1886_Valles_L'Insurge_A.txt,"Je suis bien obligé , par politesse , d' aider un brin à ouvrir les langes , à retirer les épingles , à désemmailloter le moutard , et à lui faire une petite chatouille sous le menton , quand il crie trop fort .","je être bien PPAS , par NC , de INF un NCo à INF le NCo , à INF le NC , à INF le NCo , et à lui faire un ADJ NCo sous le NCCOR , quand il VDIC trop fort ."
204,1886_Valles_L'Insurge_A.txt,"Heureusement , la pension Entêtard m' a donné une manière et mon coup de main devient célèbre , dans l' arrondissement , autant que jadis mon tour de chemise .","heureusement , le NCs NP lui avoir PPAS un NCo et DETPOSS NC de NCCOR devenir ADJ , dans le NC , autant que NC DETPOSS NC de NCmod ."
205,1886_Valles_L'Insurge_A.txt,À moi le pompon !,à soi le NCmod !
206,1886_Valles_L'Insurge_A.txt,"Ils ne sont guère forts , mes collègues , mais ce ne sont point de méchantes gens .","il ne être guère fort , DETPOSS NC , mais ce ne être ADV de ADJ NC ."
207,1886_Valles_L'Insurge_A.txt,"Il n' y a pas en eux ce levain de fiel et de chagrin qui fermente chez les universitaires constamment jaloux , peureux , espionnés .","il ne y avoir pas en eux ce NCo de NCmod et de NCSENT qui PRES chez le NC ADVTEMPS ADJ , ADJ , PPAS ."
208,1886_Valles_L'Insurge_A.txt,"Ils ne me font point sentir trop cruellement mon infériorité ; mon copain n' a pas rechigné , ni ronchonné , plus de deux jours .","il ne me faire ADV sentir trop ADVMAN DETPOSS NCo ; DETPOSS NCs ne avoir pas PPAS , ni PPAS , plus de NUM NCT ."
209,1886_Valles_L'Insurge_A.txt,"« Sommes toute , que vous a -t -on enseigné à le collège , Le latin ?",""" être tout , que vous avoir t on PPAS à le NC , le NC ?"
210,1886_Valles_L'Insurge_A.txt,Mais c' est bon pour servir la messe !,mais ce être ADJ pour INF le NCo !
211,1886_Valles_L'Insurge_A.txt,"Apprenez donc plutôt à faire de les jambages , de les pleins et de les déliés .» Et il me donne de les conseils pour la queue de les lettres longues et pour la panse de les lettres rondes .","VCOG donc plutôt à faire de le NC , de le NC et de le NC .» et il me PRES de le NC pour le NC de le NCmod ADJ et pour le NC de le NC ADJ ."
212,1886_Valles_L'Insurge_A.txt,"Nous restons même après la fermeture de les bureaux , pour soigner mon anglaise , sur laquelle je sue sang et eau .","nous PRES même PHASE le NC de le NCmod , pour INF DETPOSS ADJ , sur lequel je PRES NCCOR et NC ."
213,1886_Valles_L'Insurge_A.txt,"Un jour , à travers la croisée , un ancien camarade m' a vu , un de la bande de les républicains .","un NCT , à travers le NC , un ADJ NC lui avoir VCOG , un de le NCmod de le républicain ."
214,1886_Valles_L'Insurge_A.txt,"« Tu faisais de les émeutes autrefois ; tu fais de les majuscules maintenant !» Eh bien , oui !",""" je faire de le NC ADVT ; je faire de le NC ADVT !» INTJ bien , oui !"
215,1886_Valles_L'Insurge_A.txt,"mais , mes majuscules faites , je suis libre , libre jusqu' à le lendemain .","mais , DETPOSS NC ADJ , je être ADJ , ADJ jusque à le NC ."
216,1886_Valles_L'Insurge_A.txt,"J' ai ma soirée à moi , – le rêve de toute ma vie !","je avoir DETPOSS NCT à soi , – le NC de tout DETPOSS NCmod !"
217,1886_Valles_L'Insurge_A.txt,"– et je n' ai qu' à me lever aussi tôt que les ouvriers pour avoir encore deux heures de frais travail , avant de venir vérifier le sexe de les mioches .","– et je ne avoir que à me INF aussi tôt que le NC pour avoir encore NUM NCT de ADJ NCmod , PHASE de venir INF le NC de le NCmod ."
218,1886_Valles_L'Insurge_A.txt,"Je les démaillote , mais je me suis démailloté aussi , et je pourrai montrer que je suis un homme à qui voudra regarder .","je le PRES , mais je me être PPAS aussi , et je pouvoir INF que je être un NC à qui VF VCOG ."
219,1886_Valles_L'Insurge_A.txt,Enterrement Murger .,ADV NP .
220,1886_Valles_L'Insurge_A.txt,J' ai demandé congé pour suivre le convoi d' un illustre .,je avoir PPAS PPAS pour INF le NCo de un NCmod .
221,1886_Valles_L'Insurge_A.txt,Je veux voir les célébrités qui accourront en foule ; je veux entendre aussi ce que l' on dira sur sa tombe .,je vouloir VCOG le NCo qui VF en NC ; je vouloir VCOG aussi ce que l' on VDIC sur DETPOSS NC .
222,1886_Valles_L'Insurge_A.txt,"On a pleurardé , voilà tout .","on avoir PPAS , voilà tout ."
223,1886_Valles_L'Insurge_A.txt,"On a parlé d' une maîtresse et d' un toutou que le défunt aimait bien , on a jeté de les roses sur sa mémoire , de les fleurs dans le trou , de l' eau bénite sur le cercueil ; – il croyait en Dieu ou était forcé de paraître y croire .","on avoir PPAS de un NC et de un NC que le NCs VSENT bien , on avoir PPAS de le ADJCOL sur DETPOSS NC , de le NC dans le NCmod , de le NC ADJ sur le NCmod ; – il VCOG en NP ou être PPAS de paraître y VCOG ."
224,1886_Valles_L'Insurge_A.txt,De les pioupious aussi suivaient le cortège avec leurs fusils : le peloton de les décorés .,de le NC aussi VIMP le NCo avec DETPOSS NCmod : le NC de le NCmod .
225,1886_Valles_L'Insurge_A.txt,"Il avait la croix ; c' était comme une médaille d' aveugle , une contremarque de charité .","il avoir le NCo ; ce être comme un NC de NCmod , un NC de NCmod ."
226,1886_Valles_L'Insurge_A.txt,"On ne laisse pas crever de faim les légionnaires ; resté misérable , il avait dû nouer sa gloire , comme une queue de cheval , avec le ruban rouge .","on ne laisser pas INF un NCo le NC ; PPAS ADJ , il avoir devoir INF DETPOSS NC , comme un NCmod de NCmod , avec le NCmod ADJCOL ."
227,1886_Valles_L'Insurge_A.txt,"Je suis revenu songeur , et soudain j' ai senti dans mes entrailles un tressaillement de colère .","je être PPAS NCo , et soudain je avoir sentir dans DETPOSS NC un NCo de NCSENT ."
228,1886_Valles_L'Insurge_A.txt,"Il m' a fallu huit jours encore pour comprendre ce qui remuait en moi – un matin , je l' ai su .","il lui avoir PPAS NUM NCT encore pour VCOG ce qui VIMP en soi – un NCT , je le avoir VCOG ."
229,1886_Valles_L'Insurge_A.txt,"C' était mon livre , le fils de ma souffrance , qui avait donné signe de vie devant le cercueil de le bohème enseveli en grande pompe et glorifié à le cimetière , après une vie sans bonheur et une agonie sans sérénité .","ce être DETPOSS NC , le NC de DETPOSS NCSENT , qui avoir PPAS NCo de NCmod ADVLIEU le NC de le NCmod PPAS en ADJ NC et PPAS à le NC , PHASE un NC sans NCSENT et un NC sans NCSENT ."
230,1886_Valles_L'Insurge_A.txt,À l' œuvre donc !,à le NC donc !
231,1886_Valles_L'Insurge_A.txt,"et vous allez voir ce que j' ai dans le ventre , quand la famine n' y rôde pas , comme une main d' avorteuse qui , de ses ongles noirs , cherche à crever les ovaires !","et vous aller VCOG ce que je avoir dans le NCCOR , quand le NCs ne y PRES pas , comme un NCCOR de NCmod qui , de DETPOSS NC ADJ , PRES à INF le NCo !"
232,1886_Valles_L'Insurge_A.txt,"Moi qui suis sauvé , je vais faire l' histoire de ceux qui ne le sont pas , de les gueux qui n' ont pas trouvé leur écuelle .","moi qui être PPAS , je aller faire le NCo de celui qui ne le être pas , de le NC qui ne avoir pas PPAS lui NCo ."
233,1886_Valles_L'Insurge_A.txt,"C' est bien le diable si , avec ce bouquin-là , je ne sème pas la révolte sans qu' il y paraisse , sans que l' on se doute que sous les guenilles que je pendrai , comme à la Morgue , il y a une arme à empoigner , pour ceux qui ont gardé de la rage ou que n' a pas dégradés la misère .","ce être bien le NC si , avec ce bouquin-là , je ne ADJ pas le NCSENT sans que il y NC , sans que l' on se PRES que sous le NC que je VF , comme à le NP , il y avoir un NCo à INF , pour celui qui avoir PPAS de le NCSENT ou que ne avoir pas PPAS le NC ."
234,1886_Valles_L'Insurge_A.txt,"Ils ont imaginé une bohème de lâches , – je vais leur en montrer une de désespérés et de menaçants !","il avoir VCOG un NCo de NCmod , – je aller lui en INF un de PPAS et de ADJ !"
235,1886_Valles_L'Insurge_A.txt,"3 Il fait lugubre dans ma chambre , une chambre de trente francs qui a vue sur un boyau de cour où , au-dessus d' un tas de débris , est juché un pigeonnier dont les roucoulements me désespèrent .","NUM il faire NCo dans DETPOSS NC , un NC de NUM NCmod qui avoir NCo sur un NC de NC où , ADVLIEU de un NC de NCmod , être PPAS un NCo dont le NCspas me VPS ."
236,1886_Valles_L'Insurge_A.txt,"Je n' entends guère que cette musique irritante , et les sanglots d' une femme qui occupe , près de moi , un cabinet sombre qu' elle n' arrive pas à payer , et qui se lamente – institutrice à cheveux gris dont on ne veut plus et qui cherche de les leçons à dix sous .","je ne VCOG guère que ce NC ADJ , et le NC de un NCmod qui PRES , ADVLIEU de soi , un NC ADJ que il ne PRES pas à INF , et qui se PRES – NC à NCCOR ADJCOL dont on ne vouloir plus et qui PRES de le NC à NUM NC ."
237,1886_Valles_L'Insurge_A.txt,La malheureuse !,le NC !
238,1886_Valles_L'Insurge_A.txt,"Je l' ai rencontrée l' autre soir qui , pour ce prix -là , offrait à de les garçons de salle de le Val-de-Grâce ses caresses de vieille et entrouvrait sa robe pour laisser prendre ses seins .","je le avoir PPAS le autre NCT qui , pour ce NC ADVLIEU , VIMP à de le NC de NCmod de le NP DETPOSS NCmod de NCmod et VIMP DETPOSS NCo pour laisser INF DETPOSS NCo ."
239,1886_Valles_L'Insurge_A.txt,J' aurais voulu partir : il me semble qu' il passe à travers la cloison une odeur qui empoisonne ma pensée !,je avoir vouloir INF : il me sembler que il PRES à travers le NC un NCo qui PRES DETPOSS NCo !
240,1886_Valles_L'Insurge_A.txt,"Il a bien fallu rester , cependant , et ne point donner congé , car j' aurais dû débourser pour rien une quinzaine .","il avoir bien PPAS INF , cependant , et ne ADV INF NCo , car je avoir devoir INF pour ADV NUM NC ."
241,1886_Valles_L'Insurge_A.txt,"Or , j' ai réglé ma vie – le livre de comptes est là , près de le livre de souvenirs – mon budget est inexorable .","or , je avoir PPAS DETPOSS NCo – le NCs de NCmod être ADVLIEU , ADVLIEU de le NC de NC – DETPOSS NCs être ADJ ."
242,1886_Valles_L'Insurge_A.txt,"Je n' ai qu' à courber la tête sur le papier et à me bourrer les oreilles de coton , pour rester sourd à les hoquets de douleur de la voisine et à les ronrons de tendresse de les tourterelles .","je ne avoir que à INF le NCCOR sur le NCmod et à me INF le NCCOR de NCmod , pour INF NCo à le NC de NCSENT de le NCmod et à le NC de NCSENT de le NCmod ."
243,1886_Valles_L'Insurge_A.txt,"L' une d' elles va souvent , sur la fenêtre de le cabinet , chercher un peu de pain qu' y émiettent les mains de la pauvresse , de les mains qui sentent encore la sueur d' amour de les infirmiers .","le NCs de il aller ADVTEMPS , sur le NC de le NCmod , INF un peu de NCmod que y PRES le NCCOR de le NCmod , de le NCCOR qui sentir encore le NCo de NCSENT de le NC ."
244,1886_Valles_L'Insurge_A.txt,"À le collège , la colombe était l' oiseau de les voluptés et se rengorgeait sur l' épaule de les déesses et de les poètes .","à le NC , le NCs être le NC de le NCmod et se VIMP sur le NCCOR de le NC et de le NC ."
245,1886_Valles_L'Insurge_A.txt,"Ici , elle fait la belle et s' aiguise le bec contre les vitres d' une pierreuse .","ADVLIEU , il faire le ADJ et se PRES le NCo contre le NCmod de un NC ."
246,1886_Valles_L'Insurge_A.txt,Gemuere palumboe .,ADJ NC .
247,1886_Valles_L'Insurge_A.txt,"Je me lève à six heures , j' enveloppe mes pieds dans un restant de paletot , parce que le carreau est froid , et je travaille jusqu' à le moment où il faut se diriger vers la mairie .","je me PRES à NUM NCT , je PRES DETPOSS NCCOR dans un NC de NCmod , parce que le NCs être ADJ , et je PRES jusque à le NC où il PRES se INF vers le NC ."
248,1886_Valles_L'Insurge_A.txt,"Je reviens à la besogne de cinq à huit heures seulement , pas plus tard .","je PRES à le NC de NUM à NUM NCT seulement , pas plus tard ."
249,1886_Valles_L'Insurge_A.txt,"Le soir me fait peur , dans ce taudis de la rue Saint-Jacques , tout près de l' ancien Carrefour de la guillotine , tout contre l' Hôpital militaire , tout proche de l' Hôtel de les Sourds-Muets .","le NCT me faire NCSENT , dans ce NCmod de le NCmod NP , tout ADVLIEU de le ADJ NC de le NC , tout contre le NP ADJ , tout ADJ de le NC de le NP ."
250,1886_Valles_L'Insurge_A.txt,"Les alentours manquent de gaieté , vraiment !","le NCs PRES de NCSENT , ADVINT !"
251,1886_Valles_L'Insurge_A.txt,"« Mais en te mettant à la croisée , tu peux voir le panthéon , où tu iras dormir un jour si tu deviens un grand homme » , m' a dit , en ricanant , Arnould , qui est venu me voir .",""" mais en me mettre à le NC , je pouvoir VCOG le NCo , où je ADJ INF un NCT si je devenir un ADJ NCo "" , lui avoir VDIC , en PPRES , NP , qui être venir me VCOG ."
252,1886_Valles_L'Insurge_A.txt,"Je ne crois pas à le Panthéon , je ne rêve pas le titre de grand homme , je ne tiens pas à être immortel après ma mort – je tiendrais seulement à vivre de mon vivant !","je ne VCOG pas à le NP , je ne PRES pas le NCo de ADJ NCmod , je ne PRES pas à être ADJ PHASE DETPOSS NC – je VCOND seulement à INF de DETPOSS NC !"
253,1886_Valles_L'Insurge_A.txt,"Je commence à y arriver , mais il fait encore bien sale et bien triste sur le chemin .","je VASP à y INF , mais il faire encore bien ADJ et bien ADJ sur le NC ."
254,1886_Valles_L'Insurge_A.txt,"La femelle d' à côté s' est enhardie ; elle se soûle , maintenant , et amène de les hommes qui boivent avec elle .","le NCspas de à NC se être PPAS ; il se PRES , ADVT , et PRES de le NC qui NC avec il ."
255,1886_Valles_L'Insurge_A.txt,"Un jour , un de ces pochards a refusé de cracher à le bassinet et a voulu la battre ; elle a appelé à le secours .","un NCT , un de ce NCmod avoir PPAS de INF à le NC et avoir vouloir le NCo ; il avoir PPAS à le NC ."
256,1886_Valles_L'Insurge_A.txt,"C' est moi qui ai tordu le poignet de l' ivrogne – il avait ramassé un couteau sur une assiette à fromage , et allait frapper le ventre de la femme .","ce être soi qui avoir PPAS le NCCOR de le ivrogne – il avoir PPAS un NCo sur un NC à NCmod , et aller frapper le NCCOR de le NCmod ."
257,1886_Valles_L'Insurge_A.txt,"Je l' ai poussé jusqu' à la porte de l' allée , que j' ai refermée sur lui , et contre laquelle il a cogné plus d' un quart d' heure , en criant : « Viens-y donc , le mangeur de blanc! » De le coup , on a chassé l' institutrice , a dit la logeuse avec une nuance de regret .","je le avoir PPAS jusque à le NC de le NCmod , que je avoir PPAS sur lui , et contre lequel il avoir PPAS plus de NUM NC de NCT , en VDIC : "" NP donc , le NC de blanc! "" de le NC , on avoir PPAS le NCo , avoir VDIC le NCo avec un NC de NCSENT ."
258,1886_Valles_L'Insurge_A.txt,"Et il n' y a plus que les ramiers qui s' aiment et font leurs crottes devant ma fenêtre , ne trouvant plus de pain sur l' autre .","et il ne y avoir plus que le NCs qui se VSENT et faire DETPOSS NCo ADVLIEU DETPOSS NC , ne PPRES plus de NC sur le autre ."
259,1886_Valles_L'Insurge_A.txt,"Mon travail n' avance guère , pourtant .","DETPOSS NCs ne VSUBP guère , pourtant ."
260,1886_Valles_L'Insurge_A.txt,"C' est qu' aussi il gèle dans cette chambre , et qu' il est long à faire flamber , mon tas de houille !","ce être que aussi il PRES dans ce NC , et que il être ADJ à faire INF , DETPOSS NC de NCmod !"
261,1886_Valles_L'Insurge_A.txt,"Je grelotte , en brûlant de les allumettes , et si j' ai le courage de m' asseoir devant ma table , sans feu dans la cheminée , peu à peu le frisson vient et la pensée s' en va .","je ADJ , en PPRES de le NC , et si je avoir le NCo de lui INF ADVLIEU DETPOSS NC , sans NC dans le NCmod , peu à peu le NCSENT venir et le NCs se en aller ."
262,1886_Valles_L'Insurge_A.txt,J' ai longtemps réfléchi .,je avoir longtemps PPAS .
263,1886_Valles_L'Insurge_A.txt,"Je suis allé à Sainte-Geneviève chercher , dans les livres , de les procédés d' allumage qui puissent me sauver de les longues stations en chemise , devant le foyer plein de fumée et non de flammes , avec la fraîcheur de le matin sur mes jambes nues .","je être aller à NP INF , dans le NC , de le PPAS de NC qui pouvoir me INF de le ADJ NC en NCmod , ADVLIEU le NC ADJ de NCmod et non de NC , avec le NC de le NCT sur DETPOSS NCCOR ADJ ."
264,1886_Valles_L'Insurge_A.txt,"Mais j' ai échoué , et le vent est à le nord .","mais je avoir PPAS , et le NCs être à le NC ."
265,1886_Valles_L'Insurge_A.txt,"Je ne fais rien depuis huit jours – que prendre de les notes à le crayon , en sortant à peine mes bras de le lit .","je ne faire rien depuis NUM NCT – que INF de le NC à le NCmod , en PPRES à NCSENT DETPOSS NCCOR de le NCmod ."
266,1886_Valles_L'Insurge_A.txt,J' ai essayé d' aller écrire à la bibliothèque .,je avoir PPAS de aller INF à le NC .
267,1886_Valles_L'Insurge_A.txt,"Mais , si j' ai trop froid ici , là-bas j' ai trop chaud .","mais , si je avoir trop ADJ ADVLIEU , ADVLIEU je avoir trop ADJ ."
268,1886_Valles_L'Insurge_A.txt,"Mes idées s' amollissent et se décolorent , comme la viande rouge à le fond de la marmite , dans cette atmosphère d' une moiteur pesante , et je roupille sur mon papier blanc .","DETPOSS NCs se PRES et se PRES , comme le NC ADJCOL à le NCmod de le NC , dans ce NCmod de un NCmod ADJ , et je PRES sur DETPOSS NC ADJCOL ."
269,1886_Valles_L'Insurge_A.txt,Un invalide vient me réveiller insolemment .,un NCs venir me INF ADVMAN .
270,1886_Valles_L'Insurge_A.txt,N' arriverai -je donc pas à attaquer mon livre avant le printemps ?,ne VCOND je donc pas à INF DETPOSS NCo PHASE le NC ?
271,1886_Valles_L'Insurge_A.txt,"Eh bien , si !","INTJ bien , si !"
272,1886_Valles_L'Insurge_A.txt,Je ferais plutôt faillite !,je faire plutôt NCo !
273,1886_Valles_L'Insurge_A.txt,"Je sors de la maison Dulamon et C ie , à laquelle j' ai été présenté par un ancien collègue de mon père , qui vend de le latin à les enfants .","je ADV de le NC NP et C PRES , à lequel je avoir être PPAS par un ADJ NC de DETPOSS NCmod , qui PRES de le NC à le NC ."
274,1886_Valles_L'Insurge_A.txt,"Nous avons fait marché pour une robe de chambre avec capuchon , cordelière et traîne , en drap de couvent .","nous avoir faire NCo pour un NC de NCmod avec NCmod , NC et NC , en NC de NCmod ."
275,1886_Valles_L'Insurge_A.txt,"On doit me la livrer dans une semaine , contre moitié – prix convenu , l' autre moitié payable à la fin de le mois prochain .","on devoir me le INF dans un NC , contre NCmod – NC PPAS , le autre NC ADJ à le NCmod de le NCT ADJ ."
276,1886_Valles_L'Insurge_A.txt,En tout: soixante francs .,en tout: NUM NC .
277,1886_Valles_L'Insurge_A.txt,Je flâne jusqu' à le jour de la réception .,je PRES jusque à le NCT de le NCmod .
278,1886_Valles_L'Insurge_A.txt,La voici !,le NC !
279,1886_Valles_L'Insurge_A.txt,"« Prenez vos trente francs !» L' homme les a empochés , et a filé .",""" IMP DETPOSS NUM NCo !» le NCs le avoir PPAS , et avoir PPAS ."
280,1886_Valles_L'Insurge_A.txt,"Moi , je me carre dans mon froc de laine .","soi , je me INF dans DETPOSS NC de NCmod ."
281,1886_Valles_L'Insurge_A.txt,"Ah! bourgeois qui l' avez taillé , mercier qui l' avez vendu , vous ne savez pas ce que vous venez de faire !","Ah! NC qui le avoir PPAS , NC qui le avoir PPAS , vous ne VCOG pas ce que vous venir de faire !"
282,1886_Valles_L'Insurge_A.txt,Vous venez de donner une guérite à la sentinelle d' une armée qui vous en fera voir de dures !,vous venir de INF un NCo à le NC de un NCmod qui vous en faire VCOG de NC !
283,1886_Valles_L'Insurge_A.txt,"Si cette houppelande n' avait point été bâtie , je lâchais pied , peut-être , en face de l' âtre noir , je fuyais ma cellule glacée , je jetais le manche après la cognée – je n' écrivais pas mon livre !","si ce NCspas ne avoir ADV être PPAS , je VIMP NCCOR , peut-être , en NC de le NC ADJ , je VIMP DETPOSS NCo ADJ , je VIMP le NCo PHASE le NC – je ne VIMP pas DETPOSS NCo !"
284,1886_Valles_L'Insurge_A.txt,Le moment de l' échéance approche !,le NCs de le NCmod PRES !
285,1886_Valles_L'Insurge_A.txt,"Nous sommes à le 22 , c' est pour le 30 !","nous être à le NUM , ce être pour le NUM !"
286,1886_Valles_L'Insurge_A.txt,"J' ai profité de ce que c' était dimanche et de ce que je n' allais pas à le bureau , pour mettre la dernière main à mon ouvrage , et achever de recopier .","je avoir PPAS de ce que ce être ADVT et de ce que je ne aller pas à le NC , pour mettre le ADJ NCCOR à DETPOSS NC , et VASP de INF ."
287,1886_Valles_L'Insurge_A.txt,"Vite , relisons-nous !","ADV , relisons-le !"
288,1886_Valles_L'Insurge_A.txt,"… De les ciseaux , de les épingles !","… de le NC , de le NCmod !"
289,1886_Valles_L'Insurge_A.txt,"Il faut retrancher ceci , ajouter cela !","il PRES INF ceci , INF cela !"
290,1886_Valles_L'Insurge_A.txt,J' ai jeté de l' encre de tous les côtés .,je avoir PPAS de le NC de tout le NCmod .
291,1886_Valles_L'Insurge_A.txt,"De les passages entiers sont comme de les bandeaux de taffetas noir sur l' œil , ou comme de les bleus sur le nombril !","de le NCs ADJ être comme de le NC de ADV ADJ sur le NC , ou comme de le ADJCOL sur le NCCOR !"
292,1886_Valles_L'Insurge_A.txt,"Je me suis coupé avec les ciseaux , piqué avec les épingles ; de les gouttelettes de sang ont giclé sur les pages – on dirait les mémoires d' un chiffonnier assassin !","je me être PPAS avec le NCs , PPAS avec le NC ; de le NCmod de NCCOR avoir PPAS sur le NC – on VDIC le NCo de un NCmod ADJ !"
293,1886_Valles_L'Insurge_A.txt,C' est que le mercier n' attendra pas !,ce être que le NCs ne VF pas !
294,1886_Valles_L'Insurge_A.txt,"Il ira me relancer à la mairie , montrera mon billet , criera , et je serai destitué .","il VF me INF à le NC , VF DETPOSS NCs , VDIC , et je VCOND PPAS ."
295,1886_Valles_L'Insurge_A.txt,"Car je suis fonctionnaire , maintenant , et je dois faire honneur à ma signature , sous peine de compromettre le gouvernement , qui ne me donne pas quinze cents francs par an pour que je vive en bohème .","car je être ADJ , ADVT , et je devoir faire NCSENT à DETPOSS NC , sous NCSENT de INF le NCo , qui ne me PRES pas NUM NC ADJ par NCT pour que je VSUBP en NC ."
296,1886_Valles_L'Insurge_A.txt,Il est trois heures .,il être NUM NCT .
297,1886_Valles_L'Insurge_A.txt,J' entends carillonner les vêpres .,je VCOG INF le NCo .
298,1886_Valles_L'Insurge_A.txt,Pas un bruit dans la maison – que la toux d' un poitrinaire qui finit de cracher son dernier poumon .,pas un NC dans le NCmod – que le NC de un NCmod qui VASP de INF DETPOSS ADJ NCCOR .
299,1886_Valles_L'Insurge_A.txt,Oh !,INTJ !
300,1886_Valles_L'Insurge_A.txt,"que c' est affreux d' être obscur , pauvre , isolé !","que ce être ADJ de être ADJ , ADJ , PPAS !"
301,1886_Valles_L'Insurge_A.txt,"Le quart , la demie !","le NC , le NC !"
302,1886_Valles_L'Insurge_A.txt,J' étais resté la main sur mes yeux pour les empêcher de pleurer .,je être PPAS le NCCOR sur DETPOSS NCCOR pour le INF de INF .
303,1886_Valles_L'Insurge_A.txt,Mais il ne s' agit pas de rêvasser .,mais il ne se PRES pas de INF .
304,1886_Valles_L'Insurge_A.txt,Et ma dette !,et DETPOSS NC !
305,1886_Valles_L'Insurge_A.txt,"Il s' agit de me rendre chez le rédacteur en chef de le Figaro , de pénétrer dans son foyer .","il se PRES de me INF chez le NC en NCmod de le NP , de INF dans DETPOSS NC ."
306,1886_Valles_L'Insurge_A.txt,"On ne le trouve pas à le journal , à la sortie de le bureau , pendant la semaine ; et , d' ailleurs , on n' écoute guère les inconnus , dans ces endroits -là .","on ne le PRES pas à le NC , à le NCmod de le NCmod , PHASE le NCmod ; et , de ADVLIEU , on ne VCOG guère le NCo , dans ce NCmod ADVLIEU ."
307,1886_Valles_L'Insurge_A.txt,Me recevra -t -il ?,me VF t il ?
308,1886_Valles_L'Insurge_A.txt,n' est -ce point son jour de repos ?,ne être ce PPAS DETPOSS NCT de NCmod ?
309,1886_Valles_L'Insurge_A.txt,"On dit qu' il aime ses enfants , et qu' il veut les embrasser tranquillement , sans être importuné pendant ses vingt-quatre heures de vacances .","on VDIC que il VSENT DETPOSS NCo , et que il vouloir le INF ADVMAN , sans être VSENT PHASE DETPOSS NUM NCT de NCmod ."
310,1886_Valles_L'Insurge_A.txt,Ah! tant pis !,Ah! tant ADJ !
311,1886_Valles_L'Insurge_A.txt,Comme mes jambes flageolent en montant l' escalier !,comme DETPOSS NCCOR PRES en PPRES le NCo !
312,1886_Valles_L'Insurge_A.txt,Je sonne .,je PRES .
313,1886_Valles_L'Insurge_A.txt,« M.deVillemessant ?,""" ADJ ?"
314,1886_Valles_L'Insurge_A.txt,– Il n' y est pas .,– il ne y être pas .
315,1886_Valles_L'Insurge_A.txt,Monsieur est parti depuis une semaine pour la campagne et ne reviendra que dans quinze jours .» Absent !,monsieur être PPAS depuis un NC pour le NC et ne VF que dans NUM NCT .» ADJ !
316,1886_Valles_L'Insurge_A.txt,… Mais alors je suis perdu !,… mais alors je être PPAS !
317,1886_Valles_L'Insurge_A.txt,La bonne a dû lire mon désespoir sur ma figure .,le NCs avoir devoir INF DETPOSS NCSENT sur DETPOSS NCCOR .
318,1886_Valles_L'Insurge_A.txt,"Elle voit , d' ailleurs , le bout de mon manuscrit roulé , crispé , qui a l' air de se tordre de douleur à le fond de ma poche .","il VCOG , de ADVLIEU , le NC de DETPOSS NCmod ADJ , VSENT , qui avoir le NCMAN de se INF de NCSENT à le NCmod de DETPOSS NCmod ."
319,1886_Valles_L'Insurge_A.txt,"Elle ne ferme pas la porte , et se décide enfin à me dire qu' à défaut de Villemessant son gendre est à la maison , que si je veux donner mon nom elle le fera passer , et , que même , elle remettra ce que j' apporte .","il ne PRES pas le NCo , et se PRES PHASE à me VDIC que à NC de NP DETPOSS NCs être à le NC , que si je vouloir INF DETPOSS NCo il le faire INF , et , que même , il VPS ce que je VSUBP ."
320,1886_Valles_L'Insurge_A.txt,"En disant cela , elle désigne de le coin de l' œil l' article , qui ressemble à un hérisson , avec ses épingles de raccord .","en VDIC cela , il PRES de le NC de le NCmod le NCo , qui PRES à un NC , avec DETPOSS NC de NCmod ."
321,1886_Valles_L'Insurge_A.txt,"Je le sors , et le lui fais prendre par le ventre , pour qu' elle ne se pique pas .","je le NC , et le lui faire INF par le NCCOR , pour que il ne se PRES pas ."
322,1886_Valles_L'Insurge_A.txt,"Elle rit , d' un air compatissant , et part – en le tenant à bras tendu .","il PRES , de un NCMAN ADJ , et NC – en le NCmod à NCCOR PPAS ."
323,1886_Valles_L'Insurge_A.txt,"On me laisse seul pendant un quart d' heure , à le moins .","on me laisser ADJ PHASE un NC de NCT , à le moins ."
324,1886_Valles_L'Insurge_A.txt,"Enfin la porte s' ouvre : « Mais ça mord , votre copie , cher monsieur !","PHASE le NCs se PRES : "" mais ça NCs , DETPOSS NC , ADJ monsieur !"
325,1886_Valles_L'Insurge_A.txt,"» dit un gros homme chauve , en secouant ses doigts en saucisses .",""" VDIC un ADJ NCs PRES , en PPRES DETPOSS PPAS en NC ."
326,1886_Valles_L'Insurge_A.txt,Je m' excuse en balbutiant: « N' importe !,"je se PRES en balbutiant: "" ne PRES !"
327,1886_Valles_L'Insurge_A.txt,"J' ai vu le titre , j' ai lu dix lignes , ça mordra sur le public aussi !","je avoir VCOG le NCo , je avoir PPAS NUM NCo , ça VF sur le NC aussi !"
328,1886_Valles_L'Insurge_A.txt,"Nous publierons cela , jeune homme !","nous VF cela , ADJ NC !"
329,1886_Valles_L'Insurge_A.txt,"Par exemple , il faudra attendre quelque temps ; c' est long en diable !» Attendre ?","par NC , il VF INF quelque temps ; ce être ADJ en NCmod !» NP ?"
330,1886_Valles_L'Insurge_A.txt,"Ma foi , je lui explique que je ne peux pas attendre .","DETPOSS NC , je lui VDIC que je ne pouvoir pas INF ."
331,1886_Valles_L'Insurge_A.txt,"« J' ai une perte de jeux à régler demain , et c' est pourquoi j' ai osé venir tout droit ici .",""" je avoir un NCo de NCmod à INF ADVT , et ce être pourquoi je avoir PPAS venir tout NCo ADVLIEU ."
332,1886_Valles_L'Insurge_A.txt,"– Tiens , tiens !","– ADJ , tenir !"
333,1886_Valles_L'Insurge_A.txt,vous pelotez donc la dame de pique ?,vous PRES donc le NCo de NCmod ?
334,1886_Valles_L'Insurge_A.txt,"Est -ce que vous tirez à cinq? » Je ne sais pas ce que c' est de tirer à cinq; mais il faut bien répondre quelque chose , et d' une voix caverneuse je dis : «Oui , Monsieur , je tire à cinq. – Cristi !","être ce que vous PRES à cinq? "" je ne VCOG pas ce que ce être de INF à cinq; mais il PRES bien VDIC quelque chose , et de un NCMAN ADJ je VDIC : INTJ , monsieur , je PRES à NC – NP !"
335,1886_Valles_L'Insurge_A.txt,vous avez de l' estomac!» Beaucoup trop !,vous avoir de le estomac!» beaucoup trop !
336,1886_Valles_L'Insurge_A.txt,je m' en suis aperçu souvent; les jours de jeûne surtout .,je se en être PPAS souvent; le NCT de NCmod surtout .
337,1886_Valles_L'Insurge_A.txt,"« Tenez , Voilà un mot pour le caissier .",""" NP , voilà un NCo pour le NCmod ."
338,1886_Valles_L'Insurge_A.txt,"Présentez-le-lui demain , on vous donnera cent francs .","ADV ADVT , on vous VF NUM ADJ ."
339,1886_Valles_L'Insurge_A.txt,"C' est le grand prix , mais votre article a de le chien! à le revoir !» De le chien ?","ce être le ADJ NC , mais DETPOSS NCs avoir de le chien! à le VCOG !» de le NC ?"
340,1886_Valles_L'Insurge_A.txt,… Peut-être bien !,… peut-être bien !
341,1886_Valles_L'Insurge_A.txt,"Je n' ai pas regardé , comme on l' enseigne à la Sorbonne , si ce que j' écrivais ressemblait à de le Pascal ou à de le Marmontel , à de le Juvénal ou à de le Paul-Louis Courier , à Saint-Simon ou à Sainte-Beuve , je n' ai eu ni le respect de les tropes , ni la peur de les néologismes , je n' ai point observé l' ordre nestorien pour accumuler les preuves .","je ne avoir pas VCOG , comme on le PRES à le NP , si ce que je VIMP VIMP à de le NP ou à de le NP , à de le NP ou à de le NP NP , à NP ou à NP , je ne avoir avoir ni le NCo de le NCmod , ni le NCSENT de le NCmod , je ne avoir ADV PPAS le NCo ADJ pour INF le NCo ."
342,1886_Valles_L'Insurge_A.txt,"J' ai pris de les morceaux de ma vie , et je les ai cousus à les morceaux de la vie de les autres , riant quand l' envie m' en venait , grinçant de les dents quand de les souvenirs d' humiliation me grattaient la chair sur les os – comme la viande sur un manche de côtelette , tandis que le sang pisse sous le couteau .","je avoir PPAS de le NC de DETPOSS NCmod , et je le avoir ADV à le NC de le NCmod de le autre , PPRES quand le NCs lui en venir , PPRES de le NCCOR quand de le NC de NCSENT me VIMP le NCCOR sur le NC – comme le NCmod sur un NCmod de NCmod , PHASE que le NCCOR ADJ sous le NCmod ."
343,1886_Valles_L'Insurge_A.txt,"Mais je viens de sauver l' honneur à tout un bataillon de jeunes gens qui avaient lu les Scènes de Bohème et qui croyaient à cette existence insouciante et rose , pauvres dupes à qui j' ai crié la vérité !","mais je venir de INF le NCSENT à tout un NC de ADJ NCmod qui avoir PPAS le NP de NP et qui VIMP à ce NC ADJ et ADJCOL , ADJ NC à qui je avoir VDIC le NCo !"
344,1886_Valles_L'Insurge_A.txt,"S' ils en tâtent encore , de cette vie -là , c' est qu' ils ne seront bons qu' à faire de le fumier d' estaminet ou de le gibier de Mazas !","si il en PRES encore , de ce NC ADVLIEU , ce être que il ne être ADJ que à faire de le NC de NCmod ou de le NC de NP !"
345,1886_Valles_L'Insurge_A.txt,"À l' issue de leurs trente ans , ils seront happés à le collet par le suicide ou la folie , par le gardien d' hospice ou le gardien de prison , ils mourront avant l' heure ou seront déshonorés à leur moment .","à le NC de DETPOSS NUM NCT , il être PPAS à le NC par le NC ou le NC , par le NC de NCmod ou le NC de NC , il VF PHASE le NCT ou être PPAS à lui NC ."
346,1886_Valles_L'Insurge_A.txt,"Je ne les plaindrai pas , moi qui ai déchiré les bandages de mes blessures pour leur montrer quel trou font , dans un cœur d' homme , dix ans de jeunesse perdue !","je ne le VF pas , soi qui avoir PPAS le NCo de DETPOSS NCSENT pour lui INF quel NCo faire , dans un NC de NCmod , NUM NCT de NCmod PPAS !"
347,1886_Valles_L'Insurge_A.txt,4 La mode est à les conférences : Beauvallet doit lire Hernani à le Casino-Cadet .,NUM le NCs être à le NC : NP devoir INF NP à le NP .
348,1886_Valles_L'Insurge_A.txt,Séance solennelle !,NC ADJ !
349,1886_Valles_L'Insurge_A.txt,great attraction !,NC NCSENT !
350,1886_Valles_L'Insurge_A.txt,"C' est une protestation contre l' Empire , en l' honneur de le poète de les Châtiments .","ce être un NC contre le NCmod , en le NCSENT de le NCmod de le NP ."
351,1886_Valles_L'Insurge_A.txt,"Mais il faudra , comme à le Cirque , un artiste d' ordre inférieur , clown ou singe , de ceux qui , après le grand exercice , occupent la piste , tandis que l' on reprend les chapeaux et que l' on fait appeler les voitures .","mais il VF , comme à le NC , un NC de NCmod ADJ , NC ou NC , de celui qui , PHASE le ADJ NC , PRES le NCo , PHASE que l' on PRES le NCo et que l' on faire INF le NC ."
352,1886_Valles_L'Insurge_A.txt,On m' a offert d' être le singe : j' ai accepté .,on le avoir PPAS de être le NC : je avoir PPAS .
353,1886_Valles_L'Insurge_A.txt,Dans quel cerceau sauterai-je ?,dans quel NC ADJ ?
354,1886_Valles_L'Insurge_A.txt,J' offre et je prends pour titre : Balzac et son œuvre .,je PRES et je PRES pour NC : NP et DETPOSS NC .
355,1886_Valles_L'Insurge_A.txt,"Les histoires de Rastignac , de Séchard et de Rubempré m' ont agrippé le cerveau .","le NCs de NP , de NP et de NP lui avoir PPAS le NCCOR ."
356,1886_Valles_L'Insurge_A.txt,"La Comédie humaine est souvent le drame de la vie pénible – le pain ou l' habit arraché à crédit ou payé à terme , avec les fièvres de la faim et les frissons de le papier-douleur .","le NP ADJ être ADVTEMPS le NC de le NCmod ADJ – le NC ou le NC PPAS à PPAS ou PPAS à NC , avec le VSENT de le NCmod et le NCSENT de le NCmod ."
357,1886_Valles_L'Insurge_A.txt,"Il est impossible que je ne trouve pas quelque chose de poignant à dire , en parlant de ces héros qui sont mes frères d' ambition et d' angoisse !","il être ADJ que je ne PRES pas quelque chose de PPRES à VDIC , en PPRES de ce NC qui être DETPOSS NC de NCSENT et de NCSENT !"
358,1886_Valles_L'Insurge_A.txt,Le jour de la représentation est venu – le Maître et le singe ont leurs noms accolés sur le programme .,le NCT de le NCmod être venir – le NP et le NC avoir DETPOSS NCo PPAS sur le NC .
359,1886_Valles_L'Insurge_A.txt,Il y aura de le monde .,il y avoir de le NC .
360,1886_Valles_L'Insurge_A.txt,"Les vieilles barbes de 48 seront là pour se retrousser contre Bonaparte , chaque fois qu' un hémistiche prêtera à une allusion républicaine .","le NCs NCCOR de NUM être ADVLIEU pour se INF contre NP , chaque fois que un NCs VF à un NC ADJ ."
361,1886_Valles_L'Insurge_A.txt,"Il y aura aussi toute la jeune opposition : de les journalistes , de les avocats , de les bas-bleus qui , de leur jarretière , étrangleraient l' empereur s' il tombait sous leurs griffes roses , et qui ont mis leur chapeau de les dimanches en bataille .","il y avoir aussi tout le ADJ NC : de le NCmod , de le NC , de le NC qui , de lui NCs , VIMP le NCo si il VIMP sous DETPOSS NC ADJCOL , et qui avoir mettre lui NCo de le ADVT en NC ."
362,1886_Valles_L'Insurge_A.txt,"Mais , de loin , je vois qu' on se pousse devant la porte de le Grand-Orient , autour d' un homme qui colle sur l' affiche une bande fraîche .","mais , de ADVLIEU , je ADJ que on se PRES ADVLIEU le NC de le NP , ADV de un NC qui PRES sur le NC un NCo ADJ ."
363,1886_Valles_L'Insurge_A.txt,Que se passe -t -il ?,que se PRES t il ?
364,1886_Valles_L'Insurge_A.txt,"On a interdit la lecture de le drame d' Hugo , et les organisateurs annoncent que l' on remplacera Hernani par Le Cid .","on avoir PPAS le NCo de le NCmod de NP , et le NCs VDIC que l' on VF NP par Le NP ."
365,1886_Valles_L'Insurge_A.txt,"Beaucoup s' en vont , après avoir dédaigneusement épelé mes quatre syllabes … qui ne leur disent rien .","beaucoup se en aller , PHASE avoir ADVMAN PPAS DETPOSS NUM NCo … qui ne lui VDIC rien ."
366,1886_Valles_L'Insurge_A.txt,« Jacques Vingtras ?,""" NP NP ?"
367,1886_Valles_L'Insurge_A.txt,"– Connais pas .» Personne ne connaît , sauf quelques gens de presse , ceux de notre café qui , venus exprès , restent pour voir comment je m' en tirerai , et dans l' espoir que je ferai four ou scandale .","– VIMP pas .» personne ne PRES , sauf quelque NC de NCmod , celui de DETPOSS NCmod qui , venir ADV , PRES pour VCOG comment je se en VF , et dans le NCSENT que je faire NC ou NC ."
368,1886_Valles_L'Insurge_A.txt,Je laisse débiter les alexandrins et m' en vais attendre à la brasserie la plus voisine .,je laisser INF le NCo et se en aller INF à le NC le plus ADJ .
369,1886_Valles_L'Insurge_A.txt,« À ton tour !,""" à DETPOSS NC !"
370,1886_Valles_L'Insurge_A.txt,Ça va être à toi .» Je n' ai que le temps de grimper les escaliers .,ça aller être à soi .» je ne avoir que le temps de INF le NCo .
371,1886_Valles_L'Insurge_A.txt,« À vous !,""" à vous !"
372,1886_Valles_L'Insurge_A.txt,à vous !» Je traverse la salle ; me voici arrivé sur l' estrade .,à vous !» je PRES le NCo ; me voici PPAS sur le NC .
373,1886_Valles_L'Insurge_A.txt,"Je prends de le temps , pose mon chapeau sur une chaise , jette mon paletot sur un piano qui est derrière moi , tire mes gants lentement , tourne la cuiller dans le verre d' eau sucrée avec la gravité d' un sorcier qui lit dans le marc de café .","je PRES de le temps , PRES DETPOSS NCo sur un NCmod , PRES DETPOSS NCo sur un NC qui être ADVLIEU soi , PRES DETPOSS NCo ADV , PRES le NCo dans le NC de NCmod ADJ avec le NC de un NCmod qui PRES dans le NC de NCmod ."
374,1886_Valles_L'Insurge_A.txt,"Et je commence , pas plus embarrassé que si je pérorais à la crémerie : « Mesdames , messieurs …» ……………………………… J' ai aperçu , dans l' auditoire , de les visages amis , je les regarde , je m' adresse à eux , et les mots sortent tout seuls , portés par ma voix forte jusqu' à le fond de la salle .","et je VASP , pas plus VSENT que si je VCOND à le NC : "" NP , NC …» ……………………………… je avoir PPAS , dans le NC , de le NCCOR ADJ , je le PRES , je le PRES à eux , et le NCs PRES tout ADJ , PPAS par DETPOSS NCMAN fort jusque à le NC de le NCmod ."
375,1886_Valles_L'Insurge_A.txt,"C' est la première fois que je parle en public , depuis le Deux-Décembre .","ce être le ADJ fois que je PRES en NC , depuis le NC ."
376,1886_Valles_L'Insurge_A.txt,"Ce matin -là , je montais sur les bancs et sur les bornes pour apostropher la foule et crier : «Aux armes !» , je haranguais un troupeau d' inconnus , qui passèrent sans s' arrêter .","ce NCT ADVLIEU , je VIMP sur le NC et sur le NC pour INF le NCo et VDIC : NP NC !» , je VIMP un NCo de NCmod , qui VPS sans se INF ."
377,1886_Valles_L'Insurge_A.txt,"Aujourd'hui , je suis en habit noir , devant de les parvenus endimanchés qui se figurent avoir fait acte d' audace , parce qu' ils sont venus pour entendre lire de les vers .","ADVT , je être en NC ADJ , devoir de le NC ADJ qui se PRES avoir faire NCo de NCmod , parce que il être venir pour VCOG INF de le NC ."
378,1886_Valles_L'Insurge_A.txt,Vont -ils me comprendre et m' écouter ?,aller il me VCOG et le VCOG ?
379,1886_Valles_L'Insurge_A.txt,"On déteste Napoléon , dans ce monde de puritains , mais on n' aime pas les misérables dont le style sent la poudre de Juin plus que celle de le coup d' État .","on VSENT NP , dans ce NC de NCmod , mais on ne VSENT pas le NCo dont le NCs sentir le NCo de NP plus que celui de le NCmod de NP ."
380,1886_Valles_L'Insurge_A.txt,"Ces vestales à moustaches grises de la tradition républicaine sont – comme étaient Robespierre et tous les sous-Maximiliens , leurs ancêtres – de les Bridoisons austères de la forme classique .","ce NC à NCCOR NCs de le NCmod ADJ être – comme être NP et tout le ADJ , DETPOSS NC – de le NP ADJ de le NCmod ADJ ."
381,1886_Valles_L'Insurge_A.txt,"Et les cravatés de blanc qui sont là , et qui m' ont lu , ont été déroutés , les cuistres , par mes attaques d' irrégulier , déchaînées moins contre le buste de Badinguet que contre la carcasse de la société tout entière , telle qu' elle est bâtie , la gueuse , qui n' a que de le plomb de caserne à jeter dans le sillon où les pauvres se tordent de douleur et meurent de faim – crapauds à qui le tranchant de le soc a coupé les pattes , et qui ne peuvent même pas faire résonner , dans la nuit de leur vie , leur note désolée et solitaire !","et le NCspas de ADJCOL qui être ADVLIEU , et qui le avoir PPAS , avoir être VSENT , le NC , par DETPOSS NC de NCmod , PPAS moins contre le NCCOR de NP que contre le NC de le NCmod tout ADJ , tel que il être PPAS , le NC , qui ne avoir que de le NC de NCmod à INF dans le NC où le NCs se PRES de NCSENT et PRES de NC – NC à qui le NCs de le NCmod avoir PPAS le NCo , et qui ne pouvoir même pas faire INF , dans le NCT de lui NCmod , lui NCo ADJ et ADJ !"
382,1886_Valles_L'Insurge_A.txt,"Seulement , à cette heure , c' est le dédain plus que le désespoir qui gonfle mon cœur , et le fait éclater en phrases que je crois éloquentes .","seulement , à ce NCT , ce être le NCSENT plus que le NCSENT qui PRES DETPOSS NCo , et le faire INF en NC que je VCOG ADJ ."
383,1886_Valles_L'Insurge_A.txt,"Dans le silence , il me paraît qu' elles frappent juste et luisent clair .","dans le NC , il me paraître que il ADV ADV et ADJ ADJ ."
384,1886_Valles_L'Insurge_A.txt,Mais elles ne sont pas barbelées de haine .,mais il ne être pas PPAS de VSENT .
385,1886_Valles_L'Insurge_A.txt,"Ce n' est point la générale , c' est la charge que je bats , en tapin échappé à les horreurs d' un siège et qui , porté tout d' un coup en pleine lumière , crâne et gouailleur , riant à le nez de l' ennemi , se moquant même de les ordres de l' officier , et de la consigne , et de la discipline , jette son képi d' immatriculé dans le fossé , déchire ses chevrons , et tambourine la diane de l' ironie avec l' enthousiasme de les musiciens de Balaklava .","ce ne être ADV le ADJ , ce être le NC que je NC , en NCmod PPAS à le NC de un NC et qui , PPAS tout de un NCmod en ADJ NCmod , NC et NC , PPRES à le NCCOR de le NCmod , se PPRES même de le NC de le NCmod , et de le NC , et de le NCs , PRES DETPOSS NCo de NCmod dans le NC , PRES DETPOSS NCo , et PRES le NCo de le NCmod avec le NC de le NCmod de NP ."
386,1886_Valles_L'Insurge_A.txt,"Ma foi , pendant que j' y suis , je m' en vais leur dégoiser tout ce qui m' étouffe !","DETPOSS NCs , PHASE que je y être , je se en aller lui INF tout ce qui le PRES !"
387,1886_Valles_L'Insurge_A.txt,"J' oublie Balzac mort pour parler de les vivants , j' oublie même d' insulter l' Empire , et j' agite , devant ces bourgeois , non point seulement le drapeau rouge , mais aussi le drapeau noir .","je VCOG NP PPAS pour INF de le NC , je PRES même de INF le NCo , et je PRES , ADVLIEU ce NC , non ADV seulement le NCo ADJCOL , mais aussi le NC ADJ ."
388,1886_Valles_L'Insurge_A.txt,"Je sens ma pensée monter et ma poitrine s' élargir , je respire enfin à pleins poumons .","je sentir DETPOSS NCo INF et DETPOSS NC se INF , je PRES PHASE à ADJ NCCOR ."
389,1886_Valles_L'Insurge_A.txt,"J' en ai , tout en parlant , de les frémissements d' orgueil , j' éprouve une joie presque charnelle ; – il me semble que mon geste n' avait jamais été libre avant aujourd'hui , et qu' il pèse , de le haut de ma sincérité , sur ces têtes qui , tournées vers moi , me fixent , les lèvres entrouvertes et le regard tendu !","je en avoir , tout en PPRES , de le NCSENT de NCSENT , je VSENT un NCSENT presque ADJ ; – il me sembler que DETPOSS NCs ne avoir ADVTEMPS être ADJ PHASE ADVT , et que il PRES , de le NC de DETPOSS NCSENT , sur ce NCCOR qui , NCs vers soi , me PRES , le NCCOR ADJ et le NCMAN ADJ !"
390,1886_Valles_L'Insurge_A.txt,"Je tiens ces gens -là dans la paume de ma main , et je les brutalise à le hasard de l' inspiration .","je PRES ce NCo ADVLIEU dans le NC de DETPOSS NCCOR , et je le PRES à le NC de le NC ."
391,1886_Valles_L'Insurge_A.txt,Comment ne se fâchent -ils pas ?,comment ne se VSENT il pas ?
392,1886_Valles_L'Insurge_A.txt,"C' est que j' ai gardé tout mon sang-froid , et que , pour faire trou dans ces cervelles , j' ai emmanché mon arme comme un poignard de tragédie grecque , je les ai éclaboussés de latin , j' ai grandsièclisé ma parole , – ces imbéciles me laissent insulter leurs religions et leurs doctrines parce que je le fais dans un langage qui respecte leur rhétorique , et que prônent les maîtres de le barreau et les professeurs d' humanités .","ce être que je avoir PPAS tout DETPOSS NCo , et que , pour faire NCo dans ce NCCOR , je avoir PPAS DETPOSS NCo comme un NC de NCmod ADJ , je le avoir PPAS de NC , je avoir PPAS DETPOSS NCo , – ce NCs me laisser INF DETPOSS NCo et DETPOSS NCs parce que je le faire dans un NC qui PRES lui NCo , et que PRES le NCs de le NCmod et le NC de NCmod ."
393,1886_Valles_L'Insurge_A.txt,"C' est entre deux périodes à la Villemain que je glisse un mot de réfractaire , cru et cruel , et je ne leur laisse pas le temps de crier .","ce être entre NUM NC à le NP que je VSUBP un NCo de NCmod , ADJ et ADJ , et je ne lui laisser pas le temps de VDIC ."
394,1886_Valles_L'Insurge_A.txt,Puis il y en a que je terrorise !,puis il y en avoir que je VSUBP !
395,1886_Valles_L'Insurge_A.txt,"Tout à l' heure , je venais de crever un de leurs préjugés avec une phrase méchante comme un couteau rouillé .","tout à le NCT , je VIMP de INF un de DETPOSS NCmod avec un NC ADJ comme un NC PPAS ."
396,1886_Valles_L'Insurge_A.txt,"J' ai vu toute une famille s' étonner et se récrier , le père cherchait son pardessus , la fille rajustait son châle .","je avoir VCOG tout un NCo se VSENT et se INF , le NCs VIMP DETPOSS NCo , le NCs VIMP DETPOSS NCo ."
397,1886_Valles_L'Insurge_A.txt,"Alors , j' ai dirigé de ce côté mon œil dur , et je les ai cloués sur leur banc d' un regard chargé de menaces .","alors , je avoir PPAS de ce NC DETPOSS NCo ADJ , et je le avoir PPAS sur lui NC de un NCMAN PPAS de NC ."
398,1886_Valles_L'Insurge_A.txt,"Ils se sont rassis épouvantés , et j' ai failli pouffer de rire .","il se être PPAS VSENT , et je avoir PPAS INF de INF ."
399,1886_Valles_L'Insurge_A.txt,"Mais il est temps de conclure ; il me faut ma péroraison , je la brûle !","mais il être temps de INF ; il me PRES DETPOSS NCs , je le NC !"
400,1886_Valles_L'Insurge_A.txt,L' aiguille a fait son tour … Je viens de finir mon heure et de commencer ma vie !,le NCs avoir faire DETPOSS NCo … je venir de VASP DETPOSS NCT et de VASP DETPOSS NCo !
401,1886_Valles_L'Insurge_A.txt,"On a parlé de moi , pendant vingt-quatre heures , dans quelques bureaux de journaux et quelques cafés de le boulevard .","on avoir PPAS de soi , PHASE NUM NCT , dans quelque NC de NCmod et quelque NC de le NCmod ."
402,1886_Valles_L'Insurge_A.txt,"Ces vingt-quatre heures -là suffisent , si je suis vraiment bien bâti et bien trempé .","ce NUM NCT ADVLIEU ADJ , si je être ADVINT bien PPAS et bien PPAS ."
403,1886_Valles_L'Insurge_A.txt,"Je n' ai plus la tête dans un sac , le cou dans un étau .","je ne avoir plus le NCCOR dans un NC , le NCCOR dans un NCmod ."
404,1886_Valles_L'Insurge_A.txt,"Allons , la journée a été bonne ; et ma salive a nettoyé la crasse de les dernières années , comme le sang de Poupart avait lavé la crotte de notre jeunesse !","NP , le NCT avoir être ADJ ; et DETPOSS NCs avoir PPAS le NCo de le ADJ NCT , comme le NCCOR de NP avoir PPAS le NCo de DETPOSS NCmod !"
405,1886_Valles_L'Insurge_A.txt,Je pouvais ne jamais saisir cette occasion .,je pouvoir ne ADVTEMPS INF ce NCo .
406,1886_Valles_L'Insurge_A.txt,"Elle m' échappait , en tout cas , si j' étais resté de l' autre côté de l' eau , si seulement je n' avais pas fréquenté l' estaminet où vont quelques plumitifs ambitieux .","il lui VIMP , en tout NC , si je être PPAS de le autre NC de le NCmod , si seulement je ne avoir pas PPAS le NCs où aller quelque NC ADJ ."
407,1886_Valles_L'Insurge_A.txt,"C' est parce que je suis venu manger à cette table d' hôte , parce que je me suis grisé quelquefois et qu' étant gris j' ai eu de l' audace et de l' entrain , c' est parce que je suis sorti de la vie de travail acharné et morne pour flâner avec ces flâneurs , que je suis parvenu enfin à trouer l' ombre et à déchirer le silence .","ce être parce que je être venir INF à ce NC de NCmod , parce que je me être VSENT ADVTEMPS et que être ADJ je avoir avoir de le NC et de le NC , ce être parce que je être PPAS de le NC de NCmod PPAS et PRES pour INF avec ce NC , que je être PPAS PHASE à INF le NCo et à INF le NCo ."
408,1886_Valles_L'Insurge_A.txt,Il fallait avoir un louis à casser de temps en temps !,il VIMP avoir un NCo à INF de temps en temps !
409,1886_Valles_L'Insurge_A.txt,… Je l' avais le jour où je touchais mes appointements .,… je le avoir le NCT où je VIMP DETPOSS NCo .
410,1886_Valles_L'Insurge_A.txt,"Combien je te bénis , petite place de 1500 francs qui m' as permis d' aller là dépenser dix francs , les premiers de le mois , trois francs les autres jours , qui m' as donné de les airs de régulier et m' as valu , pour ce motif , de les leçons à cent sous l' heure – les mêmes que j' avais fait payer cinquante centimes pendant si longtemps !","combien je me PRES , ADJ NC de NUM NCmod qui lui avoir permettre de aller ADVLIEU INF NUM NC , le NCo de le NCT , NUM NC le autre NCT , qui lui avoir PPAS de le NCMAN de ADJ et le avoir PPAS , pour ce NC , de le NCmod à NUM sous le NCT – le même que je avoir faire INF NUM NCo PHASE si longtemps !"
411,1886_Valles_L'Insurge_A.txt,C' est cet emploi de rien de le tout qui m' a sauvé ; c' est grâce à lui que je déjeune ce matin .,ce être ce NC de rien de le tout qui lui avoir PPAS ; ce être ADV à lui que je ADJ ce NCT .
412,1886_Valles_L'Insurge_A.txt,Car ma conférence ne m' a pas rapporté un écu .,car DETPOSS NCs ne le avoir pas PPAS un NCo .
413,1886_Valles_L'Insurge_A.txt,"Le directeur m' a payé en nature , largement : hier soir nous avons fait un bon dîner .","le NCs se avoir PPAS en NC , ADVINT : ADV NC nous avoir faire un ADJ NCo ."
414,1886_Valles_L'Insurge_A.txt,Mais aujourd'hui mon gousset est vide : je ne suis pas plus riche que si l' on m' avait sifflé .,mais ADVT DETPOSS NCs être ADJ : je ne être pas plus ADJ que si l' on lui avoir PPAS .
415,1886_Valles_L'Insurge_A.txt,"Mes gants , mes bottines , ma chemise d' apparat m' ont coûté les yeux de la tête .","DETPOSS NCs , DETPOSS NC , DETPOSS NC de NCmod lui avoir PPAS le NCCOR de le NCCOR ."
416,1886_Valles_L'Insurge_A.txt,Comment souperai-je ?,comment souperai-il ?
417,1886_Valles_L'Insurge_A.txt,"Vers neuf heures , mes boyaux grognaient terriblement .","vers NUM NCT , DETPOSS NCs VIMP ADV ."
418,1886_Valles_L'Insurge_A.txt,"Je me suis rendu à le Café de l' Europe , où de les camarades ont crédit , et j' ai accepté une bavaroise – parce qu' on y met de les flûtes .","je me être PPAS à le NP de le NP , où de le NCs avoir PPAS , et je avoir PPAS un NCo – parce que on y mettre de le NC ."
419,1886_Valles_L'Insurge_A.txt,"Le lendemain , comme d' habitude , je suis allé à la mairie .","le NC , comme de NC , je être aller à le NC ."
420,1886_Valles_L'Insurge_A.txt,"Les employés , qui m' ont vu venir , sortent sur le seuil de leurs bureaux .","le NC , qui lui avoir VCOG venir , PRES sur le NC de DETPOSS NCmod ."
421,1886_Valles_L'Insurge_A.txt,« Qu' y a -t -il donc ?,""" que y avoir t il donc ?"
422,1886_Valles_L'Insurge_A.txt,– Monsieur Vingtras !,– monsieur NP !
423,1886_Valles_L'Insurge_A.txt,"Le maire vous demande .» De le couloir , j' aperçois en effet , par la porte de la salle de les mariages entrebâillée , le maire qui m' attend .","le NCs vous VSUBP .» de le NC , je PRES en NC , par le NC de le NCmod de le NCmod PPAS , le NC qui lui PRES ."
424,1886_Valles_L'Insurge_A.txt,Il me fait entrer dans son cabinet .,il me faire INF dans DETPOSS NC .
425,1886_Valles_L'Insurge_A.txt,"« Monsieur , vous devinez sans doute pourquoi je vous ai appelé ?",""" monsieur , vous VCOG sans NCSENT pourquoi je vous avoir PPAS ?"
426,1886_Valles_L'Insurge_A.txt,–? …» « Non ?,"–? …» "" non ?"
427,1886_Valles_L'Insurge_A.txt,"… Eh bien , voici .","… INTJ bien , voici ."
428,1886_Valles_L'Insurge_A.txt,"Vous avez prononcé dimanche , à le Casino , un discours qui est une véritable offense à le gouvernement .","vous avoir PPAS ADVT , à le NP , un NC qui être un véritable NCSENT à le NCmod ."
429,1886_Valles_L'Insurge_A.txt,"Ce sont , de le moins , les termes dont s' est servi l' inspecteur d' Académie , dans son rapport communiqué à le préfet .","ce être , de le moins , le NC dont se être PPAS le NC de NCmod , dans DETPOSS NCmod PPAS à le NC ."
430,1886_Valles_L'Insurge_A.txt,"Personnellement , j' ai à vous exprimer mon étonnement de vous voir compromettre une administration dont je suis le chef et une situation qui , vous me l' avez dit vous-même , est , quoique infime , votre véritable et seul gagne-pain .","ADV , je avoir à vous INF DETPOSS NCSENT de vous VCOG INF un NCo dont je être le NCs et un NC qui , vous me le avoir VDIC ADV , être , quoique ADJ , DETPOSS véritable et ADJ NC ."
431,1886_Valles_L'Insurge_A.txt,"Officiellement , j' ai à vous avertir qu' il vous sera désormais interdit de remonter à la tribune , et à vous prier de me remettre ou de me promettre votre démission .» Ne pas remonter à la tribune – de cela je m' en console ; après tout , le coup est porté , et j' aurai , de plus , le bénéfice de la persécution .","ADV , je avoir à vous INF que il vous être ADV PPAS de VSENT à le NC , et à vous INF de me INF ou de me INF DETPOSS NCo .» ne pas VSENT à le NC – de cela je se en PRES ; PHASE tout , le NCspas être PPAS , et je avoir , de plus , le NCo de le NCmod ."
432,1886_Valles_L'Insurge_A.txt,Mais remettre ma démission !,mais INF DETPOSS NCo !
433,1886_Valles_L'Insurge_A.txt,perdre ma petite place !,INF DETPOSS ADJ NCo !
434,1886_Valles_L'Insurge_A.txt,cette idée me donne froid dans le dos .,ce NCs me PRES ADJ dans le NCCOR .
435,1886_Valles_L'Insurge_A.txt,Tous les bouts d' articles qui me promettent un avenir glorieux ne valent pas une soupe .,tout le NCs de NCmod qui me PRES un NCo ADJ ne PRES pas un NC .
436,1886_Valles_L'Insurge_A.txt,"Et je suis habitué à la soupe maintenant , et j' aurais beaucoup de peine à rester plus d' un jour sans manger !","et je être PPAS à le NC ADVT , et je avoir beaucoup de NCSENT à INF plus de un NCT sans INF !"
437,1886_Valles_L'Insurge_A.txt,"Il a bien fallu partir , cependant .","il avoir bien PPAS INF , cependant ."
438,1886_Valles_L'Insurge_A.txt,"J' ai pâli en serrant la main de ce brave homme , et en disant adieu à cette bicoque .","je avoir PPAS en PPRES le NCCOR de ce ADJ NCmod , et en VDIC NCo à ce NC ."
439,1886_Valles_L'Insurge_A.txt,5 Que faire ?,NUM que faire ?
440,1886_Valles_L'Insurge_A.txt,Me voilà lancé à nouveau dans la politique .,me voilà PPAS à ADJ dans le NC .
441,1886_Valles_L'Insurge_A.txt,"Mais , aujourd'hui , je n' ai pas à craindre de faire destituer mon père , je n' ai plus le boulet de la famille à le pied , je suis maître de moi .","mais , ADVT , je ne avoir pas à VSENT de faire INF DETPOSS NC , je ne avoir plus le NCo de le NCmod à le NCCOR , je être NC de soi ."
442,1886_Valles_L'Insurge_A.txt,Il ne s' agit que de savoir si j' ai de le talent et de le courage !,il ne se PRES que de VCOG si je avoir de le NC et de le NC !
443,1886_Valles_L'Insurge_A.txt,Pauvre garçon !,ADJ NC !
444,1886_Valles_L'Insurge_A.txt,"crois cela et bois de l' eau , de cette eau sale que tu as lapée si longtemps , dans les cruches ébréchées de les garnis – comme les chiens errants trempent leur langue dans le ruisseau – et qui va redevenir ta boisson , malgré ton triomphe d' hier , si tu veux demeurer un homme libre !","VCOG cela et NC de le NCmod , de ce NCmod ADJ que je avoir PPAS si longtemps , dans le NCs PPAS de le NCmod – comme le NCmod ADJ PRES lui NCCOR dans le NCmod – et qui aller INF ta NCmod , malgré DETPOSS NC de ADV , si je vouloir INF un NCo ADJ !"
445,1886_Valles_L'Insurge_A.txt,Tiré de le bourbier ?,PPAS de le NC ?
446,1886_Valles_L'Insurge_A.txt,… allons donc !,… aller donc !
447,1886_Valles_L'Insurge_A.txt,"Tu n' as que la tête hors de la vase , le reste est encore englué .","je ne avoir que le NCCOR ADV de le NC , le NCs être encore PPAS ."
448,1886_Valles_L'Insurge_A.txt,Plains -toi !,Plain soi !
449,1886_Valles_L'Insurge_A.txt,"Tu agonisais sans que l' on te vît souffrir , on te regardera claquer maintenant !","je VIMP sans que l' on me PRES VSENT , on me VCOG INF ADVT !"
450,1886_Valles_L'Insurge_A.txt,Girardin avait chargé Vermorel de me prévenir qu' il voulait me voir .,NP avoir PPAS NP de me INF que il vouloir me VCOG .
451,1886_Valles_L'Insurge_A.txt,« Qu' il vienne dimanche .» J' y suis allé .,""" que il venir ADVT .» je y être aller ."
452,1886_Valles_L'Insurge_A.txt,"Il m' a fait attendre deux heures et m' aurait oublié , dans la bibliothèque vide où tombait le crépuscule , si je n' avais ouvert la porte , grimpé l' escalier , forcé la consigne , et pénétré dans le cabinet où il fouaillait de reproches trois ou quatre individus qui baissaient la tête et se rejetaient les torts , comme de les écoliers qui ont peur de le maître .","il lui avoir faire INF NUM NCT et le avoir VCOG , dans le NC ADJ où VIMP le NCo , si je ne avoir PPAS le NCo , PPAS le NCo , PPAS le PRES , et PPAS dans le NC où il VIMP de NC NUM ou NUM NC qui VIMP le NCCOR et se VIMP le NCo , comme de le NC qui avoir NCSENT de le NCmod ."
453,1886_Valles_L'Insurge_A.txt,"Il s' est à peine excusé , a continué de traiter en laquais les gens qui étaient là – dont un ou deux avaient les cheveux blancs – et m' a expédié , à mon tour , par une phrase brève : « Tous les matins , à sept heures , je suis visible; demain , si vous voulez .» Il m' a salué ; et voilà !","il se être à NCSENT PPAS , avoir PPAS de INF en NC le NCo qui être ADVLIEU – dont un ou deux avoir le NCCOR ADJCOL – et lui avoir PPAS , à DETPOSS NC , par un NC ADJ : "" tout le NCT , à NUM NCT , je être visible; ADVT , si vous vouloir .» il lui avoir PPAS ; et voilà !"
454,1886_Valles_L'Insurge_A.txt,Je ne m' attendais pas à la sécheresse de cet accueil .,je ne se VIMP pas à le NC de ce NCmod .
455,1886_Valles_L'Insurge_A.txt,Je ne croyais pas surtout assister à cette scène de la rédaction brutalisée comme de la valetaille .,je ne VIMP pas surtout INF à ce NC de le NCmod PPAS comme de le NC .
456,1886_Valles_L'Insurge_A.txt,6 heures de le matin .,NUM NCT de le NCT .
457,1886_Valles_L'Insurge_A.txt,"Il me faut trois quarts d' heure pour arriver jusqu' à la grille de l' hôtel ; je traverse la cour , gravis le perron , pousse la grande porte vitrée , et me trouve aussi embarrassé que si j' étais dans la rue .","il me PRES NUM NCo de NCT pour INF jusque à le NC de le NCmod ; je PRES le NCs , PPAS le NCo , PRES le ADJ NCo ADJ , et me PRES aussi VSENT que si je être dans le NC ."
458,1886_Valles_L'Insurge_A.txt,"De les domestiques sont là qui bâillent , ouvrent les fenêtres et secouent les tapis .","de le NC être ADVLIEU qui PRES , PRES le NCo et secouer le NCo ."
459,1886_Valles_L'Insurge_A.txt,"Je les prie d' avertir Jean , le valet de chambre , qui m' annoncera à son maître .","je le PRES de INF NP , le NC de NCmod , qui lui VDIC à DETPOSS NC ."
460,1886_Valles_L'Insurge_A.txt,Me voici enfin devant lui .,me voici PHASE ADVLIEU lui .
461,1886_Valles_L'Insurge_A.txt,Quel visage blafard! quel masque de pierrot sinistre !,quel NCCOR blafard! quel NC de NCmod ADJ !
462,1886_Valles_L'Insurge_A.txt,"Une face exsangue de coquette surannée ou d' enfant vieillot , émaillée de pâleur , et piquée d' yeux qui ont le reflet cru de les verres de vitres !","un NC ADJ de ADJ PPAS ou de NC ADJ , PPAS de NC , et PPAS de NCCOR qui avoir le NCo ADJ de le NC de NCmod !"
463,1886_Valles_L'Insurge_A.txt,"On dirait une tête de mort , dont un rapin farceur aurait bouché les orbites avec deux jetons blancs , et qu' il aurait ensuite posée au-dessus de cette robe de chambre , à mine de soutane , affaissée devant un bureau couvert de papiers déchiquetés et de ciseaux les dents ouvertes .","on VDIC un NCCOR de NCmod , dont un NCs ADJ avoir PPAS le NCo avec NUM NC ADJCOL , et que il avoir PHASE PPAS ADVLIEU de ce NC de NCmod , à NC de ADJ , PPAS ADVLIEU un NC ADJ de NCmod ADJ et de NC le NCCOR ADV ."
464,1886_Valles_L'Insurge_A.txt,Nul ne croirait qu' il y a un personnage là-dedans !,nul ne VCOG que il y avoir un NCo NC !
465,1886_Valles_L'Insurge_A.txt,"Ce sac de laine contient , pourtant , un de les soubresautiers de le siècle , un homme tout nerfs et tout griffes qui a allongé ses pattes et son museau partout , depuis trente ans .","ce NCs de NCmod PRES , pourtant , un de le NCmod de le NCT , un NC tout NCCOR et tout NC qui avoir PPAS DETPOSS NCo et DETPOSS NC ADV , depuis NUM NCT ."
466,1886_Valles_L'Insurge_A.txt,"Mais comme les félins , il reste immobile quand il ne sent pas , à sa portée , une proie à égratigner ou à saisir .","mais comme le NC , il PRES ADJ quand il ne sentir pas , à DETPOSS NC , un NC à INF ou à INF ."
467,1886_Valles_L'Insurge_A.txt,"Le voilà donc , ce remueur d' idées , qui en avait une par jour à le temps où il y avait une émeute par soir , celui qui a pris Cavaignac par le hausse-col et l' a jeté à bas de le cheval qui avait rué contre les barricades de Juin .","le voilà donc , ce NCo de NCmod , qui en avoir un par NCT à le temps où il y avoir un PPAS par NCT , celui qui avoir PPAS NP par le NC et le avoir PPAS à NC de le NC qui avoir PPAS contre le NC de MOIS ."
468,1886_Valles_L'Insurge_A.txt,"Il a assassiné cette gloire , comme il avait déjà tué un républicain dans un duel célèbre .","il avoir PPAS ce NCo , comme il avoir déjà PPAS un NCo dans un NC ADJ ."
469,1886_Valles_L'Insurge_A.txt,"On ne voit plus , sous sa peau ni sur ses mains , trace de sang – ni le sien , ni celui de les autres !","on ne VCOG plus , sous DETPOSS NCCOR ni sur DETPOSS NCCOR , NC de NCCOR – ni le sien , ni celui de le autre !"
470,1886_Valles_L'Insurge_A.txt,"Non , ce n' est pas une tête de mort ; c' est une boule de glace où le couteau a dessiné et creusé un aspect humain , et buriné , de sa pointe canaille , l' égoïsme et le dégoût qui y ont fait de les taches et de les traînées d' ombre , comme le vrai dégel dans le blanc de le givre .","non , ce ne être pas un NCCOR de NC ; ce être un NC de NCmod où le NCs avoir PPAS et PPAS un NCo ADJ , et PPAS , de DETPOSS ADJ NC , le NC et le NCSENT qui y avoir faire de le NC et de le NC de NCmod , comme le vrai NC dans le ADJCOL de le NCmod ."
471,1886_Valles_L'Insurge_A.txt,Tout ce qui évoque une idée de blêmissement et de froid peut traduire l' expression de ce visage .,tout ce qui PRES un NCo de NCmod et de NC pouvoir INF le NCo de ce NCCOR .
472,1886_Valles_L'Insurge_A.txt,"Il m' a laissé de son spleen dans l' âme , de sa neige dans les artères !","il lui avoir laisser de DETPOSS NC dans le NCmod , de DETPOSS NCmod dans le NCmod !"
473,1886_Valles_L'Insurge_A.txt,Je suis sorti en grelottant .,je être PPAS en NC .
474,1886_Valles_L'Insurge_A.txt,"Dehors , il m' a semblé que mes veines étaient moins bleues sous l' épiderme brun , l' arc de mes lèvres s' est détendu , et j' ai roulé de les yeux blancs vers le ciel .","ADV , il lui avoir sembler que DETPOSS NCs être moins ADJCOL sous le NC ADJCOL , le NCs de DETPOSS NCCOR se être VSENT , et je avoir PPAS de le NCCOR ADJCOL vers le NC ."
475,1886_Valles_L'Insurge_A.txt,"D' ailleurs , je lui avais amené , en ma personne , un pauvre et un simple .","de ADVLIEU , je lui avoir PPAS , en DETPOSS NC , un NCo et un NC ."
476,1886_Valles_L'Insurge_A.txt,"Il l' a deviné tout de suite , je l' ai vu , – et j' ai senti que , déjà , il me méprisait .","il le avoir VCOG tout de NC , je le avoir VCOG , – et je avoir sentir que , déjà , il me VSENT ."
477,1886_Valles_L'Insurge_A.txt,"J' allais lui demander un avis , un conseil , et même , dans son journal , un coin où mettre ma pensée et continuer , la plume à la main , ma conférence de combat .","je aller lui INF un NCo , un NC , et même , dans DETPOSS NC , un NC où mettre DETPOSS NC et INF , le NC à le NCCOR , DETPOSS NC de NCmod ."
478,1886_Valles_L'Insurge_A.txt,Qu' a -t -il dit ?,que avoir t il VDIC ?
479,1886_Valles_L'Insurge_A.txt,"En langage de télégramme , avec deux mots gelés il m' a réglé mon compte .","en NC de NCmod , avec NUM NCmod PPAS il lui avoir PPAS DETPOSS NCo ."
480,1886_Valles_L'Insurge_A.txt,« Irrégulier !,""" ADJ !"
481,1886_Valles_L'Insurge_A.txt,"dissonant !» À toutes mes questions , qui parfois le pressaient , il n' a répondu que par ce marmottement monotone .","PPRES !» à tout DETPOSS NC , qui ADVTEMPS le VIMP , il ne avoir VDIC que par ce ADV ADJ ."
482,1886_Valles_L'Insurge_A.txt,Je n' ai pu tirer rien autre chose de ses lèvres cadenassées .,je ne avoir pouvoir INF rien autre chose de DETPOSS NCCOR PPAS .
483,1886_Valles_L'Insurge_A.txt,"Rencontrant Vermorel , le soir , je lui ai conté ma visite , et j' ai vomi ma colère .","NP NP , le NCT , je lui avoir PPAS DETPOSS NCo , et je avoir PPAS DETPOSS NCSENT ."
484,1886_Valles_L'Insurge_A.txt,"Lui , avait revu Girardin ; il m' a brusquement interrompu: « Mon cher , il ne prend que de les gens dont il fera de les larbins ou de les ministres et qui seront son clair de lune … pas d' autres !","il , avoir VCOG NP ; il lui avoir ADV interrompu: "" NP ADJ , il ne PRES que de le NC dont il faire de le NC ou de le NC et qui être DETPOSS NC de NCmod … pas un autre !"
485,1886_Valles_L'Insurge_A.txt,Il m' a parlé de votre entrevue .,il lui avoir PPAS de DETPOSS NC .
486,1886_Valles_L'Insurge_A.txt,Savez -vous ce qu' il m' a dit de vous � � ?,IMP lui ce que il lui avoir VDIC de vous � � ?
487,1886_Valles_L'Insurge_A.txt,« Votre Vingtras ?,""" DETPOSS NP ?"
488,1886_Valles_L'Insurge_A.txt,"Un pauvre diable qui ne pourra pas s' empêcher d' avoir de le talent , un enragé qui a un clairon à lui et qui voudra en jouer , à le nom de ces idées et pour la gloire , taratati , taratata !","un NC ADJ qui ne pouvoir pas se INF de avoir de le NC , un NCo qui avoir un NCo à lui et qui VF en INF , à le NC de ce PPAS et pour le NC , NC , NC !"
489,1886_Valles_L'Insurge_A.txt,"Croit -il pas que je vais le mettre avec mes souffleurs de clarinette , pour qu' on ne les entende plus ?» – Il a dit cela ?","VCOND il pas que je aller le mettre avec DETPOSS NC de NCmod , pour que on ne le PRES plus ?» – il avoir VDIC cela ?"
490,1886_Valles_L'Insurge_A.txt,– Mot pour mot .» J' ai été me coucher là-dessus et j' ai passé la nuit en face de cette conversation qui m' a fait frémir d' orgueil… et trembler de peur .,– NC pour NCmod .» je avoir être me INF ADV et je avoir PPAS le NCT en NC de ce NCmod qui le avoir faire NCo de NP et INF de NCSENT .
491,1886_Valles_L'Insurge_A.txt,Je n' ai pas dormi .,je ne avoir pas PPAS .
492,1886_Valles_L'Insurge_A.txt,"Le lendemain , à le saut de le lit , ma résolution était prise ; je m' habille , mets mes gants , et en route pour l' hôtel de Girardin .","le NC , à le NC de le NCmod , DETPOSS NCspas être PPAS ; je le PRES , PRES DETPOSS NCo , et en NC pour le NC de NP ."
493,1886_Valles_L'Insurge_A.txt,"Il a retiré son masque devant Vermorel , je vais lui demander de l' enlever devant moi ; s' il ne l' ôte pas , je le lui arracherai !","il avoir PPAS DETPOSS NCo ADVLIEU NP , je aller lui INF de le INF ADVLIEU soi ; si il ne le NC pas , je le lui VCOND !"
494,1886_Valles_L'Insurge_A.txt,"«Oui , monsieur , vous avez une personnalité dont vous êtes l' otage , et qui vous condamne à vivre hors de nos journaux .","INTJ , monsieur , vous avoir un NCo dont vous être le NC , et qui vous PRES à INF ADV de DETPOSS NC ."
495,1886_Valles_L'Insurge_A.txt,"La presse politique vous évincera ; aussi bien les autres que moi , entendez-vous !","le NCs ADJ vous VF ; aussi bien le autre que soi , entendez-le !"
496,1886_Valles_L'Insurge_A.txt,"Il nous faut de les disciplinés , bons pour la tactique et la manœuvre … jamais vous ne vous y astreindrez , jamais !","il nous PRES de le NC , ADJ pour le NC et le NC … ADVTEMPS vous ne vous y VF , ADVTEMPS !"
497,1886_Valles_L'Insurge_A.txt,– Mais mes convictions ?,– mais DETPOSS NC ?
498,1886_Valles_L'Insurge_A.txt,– Vos convictions ?,– DETPOSS NC ?
499,1886_Valles_L'Insurge_A.txt,"Elles doivent adopter la rhétorique courante , le mode de défense qui est dans l' air .","il devoir INF le NCo ADJ , le NC de NCmod qui être dans le NCMAN ."
500,1886_Valles_L'Insurge_A.txt,"Or , vous avez une langue à vous ; vous ne vous l' arracherez pas de la bouche , alors même que vous l' essaieriez !","or , vous avoir un NCCOR à vous ; vous ne vous le IMP pas de le NCCOR , alors même que vous le VCOND !"
501,1886_Valles_L'Insurge_A.txt,"Rien à faire , rien !","rien à faire , rien !"
502,1886_Valles_L'Insurge_A.txt,"Je ne voudrais pas de vous , quand vous me paieriez pour ça !","je ne vouloir pas de vous , quand vous me VCOND pour ça !"
503,1886_Valles_L'Insurge_A.txt,"» « Eh bien , ai-je dit , désespéré , je ne vous propose plus d' être un polémiste à cocarde rouge , je vous demande seulement de devenir un collaborateur littéraire , de vous vendre mon talent … puisque vous prétendez que j' en ai! » Il a mis son menton glabre dans sa main et a hoché la tête .",""" "" INTJ bien , ai-il VDIC , VSENT , je ne vous VDIC plus de être un NC à NCmod ADJCOL , je vous PRES seulement de devenir un NCo ADJ , de vous INF DETPOSS NC … puisque vous PRES que je en ai! "" il avoir mettre DETPOSS NCCOR ADJ dans DETPOSS NCCOR et avoir PPAS le NCCOR ."
504,1886_Valles_L'Insurge_A.txt,"« Pas davantage , mon cher monsieur .",""" pas davantage , DETPOSS ADJ monsieur ."
505,1886_Valles_L'Insurge_A.txt,"Tandis que vous exécuteriez de les variations sur les petites fleurs de les bois ou les petites sœurs de les pauvres , il s' échapperait de votre mirliton de les notes de cuivre .","PHASE que vous VSUBP de le NC sur le ADJ NC de le NCmod ou le ADJ NC de le NCmod , il se VCOND de DETPOSS NC de le NCmod de NCmod ."
506,1886_Valles_L'Insurge_A.txt,"À votre insu , même .","à DETPOSS NC , même ."
507,1886_Valles_L'Insurge_A.txt,"Et , vous le savez , ce ne sont point tant les paroles mâles que l' accent viril qui font peur à l' Empire .","et , vous le VCOG , ce ne être ADV tant le NC ADJ que le NC ADJ qui faire NCSENT à le NC ."
508,1886_Valles_L'Insurge_A.txt,On me supprimerait tout aussi bien pour un article de vous sur la goguette de Romainville que pour un article d' un autre sur le gouvernement de M.Rouher .,on me VCOND tout aussi bien pour un NC de vous sur le NCmod de NP que pour un NC de un autre sur le NC de NP .
509,1886_Valles_L'Insurge_A.txt,– Je suis donc condamné à l' obscurité et à la misère !,– je être donc PPAS à le NC et à le NC !
510,1886_Valles_L'Insurge_A.txt,– Faites de les livres !,– faire de le NC !
511,1886_Valles_L'Insurge_A.txt,"Et encore je ne suis pas bien sûr qu' on les imprimera , ou qu' ils ne seront pas poursuivis .","et encore je ne être pas bien ADJ que on le VF , ou que il ne être pas PPAS ."
512,1886_Valles_L'Insurge_A.txt,Faites un héritage plutôt croyez -moi !,faire un NCo plutôt VCOG soi !
513,1886_Valles_L'Insurge_A.txt,"ou de la Bourse , ou de la Banque … ou une révolution !","ou de le NP , ou de le NC … ou un NC !"
514,1886_Valles_L'Insurge_A.txt,Choisissez .,ADV .
515,1886_Valles_L'Insurge_A.txt,"Je choisirai .» 6 « Oui , vous êtes bête comme un cochon !","je VF .» NUM "" oui , vous être ADJ comme un NC !"
516,1886_Valles_L'Insurge_A.txt,Ah! mes enfants !,Ah! DETPOSS NC !
517,1886_Valles_L'Insurge_A.txt,quel machin que ce Vingtras !,quel NC que ce NP !
518,1886_Valles_L'Insurge_A.txt,"Le voilà qui pisse de l' œil parce qu' il ne peut pas faire d' articles sur la Sociale , dans la boîte à Girardin !","le voilà qui PRES de le NC parce que il ne pouvoir pas faire un NC sur le NP , dans le NC à NP !"
519,1886_Valles_L'Insurge_A.txt,… Et vous dites qu' il ne veut même pas de vos petites fleurs de les bois ?,… et vous VDIC que il ne vouloir même pas de DETPOSS ADJ NC de le NC ?
520,1886_Valles_L'Insurge_A.txt,"Eh bien , je les prends , moi ; à cent francs la botte , une tous les samedis .» C' est Villemessant qui , me rencontrant à l' angle de le boulevard , m' a demandé ce que je devenais et m' a fait cette proposition , après m' avoir bousculé avec son ventre , après m' avoir déclaré que j' étais bête comme un cochon .","INTJ bien , je le PRES , soi ; à NUM NCmod le NC , un tout le ADVT .» ce être NP qui , me PPRES à le NC de le NCmod , le avoir PPAS ce que je VIMP et le avoir faire ce NCo , PHASE le avoir PPAS avec DETPOSS NCCOR , PHASE le avoir PPAS que je être ADJ comme un NC ."
521,1886_Valles_L'Insurge_A.txt,« Ah !,""" INTJ !"
522,1886_Valles_L'Insurge_A.txt,"mes enfants quel machin que ce Vingtras !» Une heure après , je l' ai retrouvé , par hasard , à le détour d' une rue ; il criait encore : « Quel machin !","DETPOSS NC quel NC que ce NP !» un NCT PHASE , je le avoir PPAS , par NC , à le NC de un NCmod ; il VDIC encore : "" quel NCo !"
523,1886_Valles_L'Insurge_A.txt,"Ah mes enfants !» Eh bien , oui !","INTJ DETPOSS NC !» INTJ bien , oui !"
524,1886_Valles_L'Insurge_A.txt,"j' avais souhaité de porter dans la politique ma réputation naissante , de sauter en plein champ de bataille … Girardin m' a guéri de ce rêve-là .","je avoir VSENT de INF dans le NC DETPOSS NCo ADJ , de INF en ADJ NC de NCmod … NP lui avoir PPAS de ce rêve-là ."
525,1886_Valles_L'Insurge_A.txt,"Je ne me suis fié , cependant , ni à ses avis , ni à ses conseils .","je ne me être PPAS , cependant , ni à DETPOSS NC , ni à DETPOSS NC ."
526,1886_Valles_L'Insurge_A.txt,J' ai monté d' autres escaliers – je les ai redescendus Gros-Jean comme devant .,je avoir PPAS de autre ADJ – je le avoir PPAS NP comme ADVLIEU .
527,1886_Valles_L'Insurge_A.txt,Nulle part il n' y a de place pour mes brutalités .,ADJ NC il ne y avoir de NC pour DETPOSS NC .
528,1886_Valles_L'Insurge_A.txt,"Je laisse bien passer le bout de mon drapeau entre les lignes de mes chroniques de le Figaro ; dans mes bouquets de le samedi je glisse toujours un géranium sanglant , une immortelle rouge , mais perdue sous les roses et les œillets .","je laisser bien INF le NCo de DETPOSS NCmod entre le NCmod de DETPOSS NCmod de le NP ; dans DETPOSS NCmod de le ADVT je PRES ADVTEMPS un NCo ADJ , un NC ADJCOL , mais PPAS sous le ADJCOL et le NC ."
529,1886_Valles_L'Insurge_A.txt,"Je raconte de les histoires de campagne ou de baraque , de les souvenirs de le pays ou de les amours de foire ; mais , si je parle de les va-nu-pieds , c' est en saupoudrant de soleil leur misère , et en faisant cliqueter les paillettes de leurs costumes .","je raconter de le NC de NCmod ou de NC , de le NCmod de le NCmod ou de le NCSENT de NC ; mais , si je PRES de le NC , ce être en PPRES de NC lui NCo , et en faire INF le NC de DETPOSS NCmod ."
530,1886_Valles_L'Insurge_A.txt,LE LIVRE .,le NP .
531,1886_Valles_L'Insurge_A.txt,"Voici qu' en comptant les feuillets , il me semble que j' ai achevé mon œuvre !","voici que en PPRES le NCo , il me sembler que je avoir VASP DETPOSS NCo !"
532,1886_Valles_L'Insurge_A.txt,L' enfant est sorti … celui dont le premier tressaillement date de l' enterrement de Murger !,le NC être PPAS … celui dont le ADJ NC NC de le NCmod de NP !
533,1886_Valles_L'Insurge_A.txt,Le voilà devant moi .,le voilà ADVLIEU soi .
534,1886_Valles_L'Insurge_A.txt,"Il rit , il pleure , il se débat dans cette ironie et ces larmes – j' espère qu' il saura faire son chemin .","il PRES , il PRES , il se PRES dans ce NC et ce NC – je VCOG que il VCOG faire DETPOSS NCo ."
535,1886_Valles_L'Insurge_A.txt,Mais comment ?,mais comment ?
536,1886_Valles_L'Insurge_A.txt,Ceux de le bâtiment disent tous que les articles en volumes «c' est de les fours » et que les libraires n' en veulent plus .,"celui de le NCmod VDIC tout que le NCs en NCmod «ce être de le NC "" et que le ADJ ne en vouloir plus ."
537,1886_Valles_L'Insurge_A.txt,"J' ai tout de même pris mon gosse sous le bras , et nous sommes allés frapper à deux ou trois portes .","je avoir tout de même PPAS DETPOSS NCo sous le NCCOR , et nous être aller frapper à NUM ou NUM NC ."
538,1886_Valles_L'Insurge_A.txt,"On nous a , partout , poliment priés de déguerpir .","on nous avoir , ADV , ADVMAN ADJ de INF ."
539,1886_Valles_L'Insurge_A.txt,"À la fin , cependant , là-bas , à le diable , un éditeur qui commence s' est aventuré à parcourir les premiers feuillets .","à le NC , cependant , ADVLIEU , à le NC , un NC qui VASP se être PPAS à INF le ADJ NCo ."
540,1886_Valles_L'Insurge_A.txt,« Topez là !,""" IMP ADVLIEU !"
541,1886_Valles_L'Insurge_A.txt,"vous aurez de les épreuves à corriger dans quinze jours , et le bon à tirer dans deux mois .» J' ouvre les narines , je me gonfle .","vous avoir de le NC à INF dans NUM NCT , et le NC à INF dans NUM NCT .» je PRES le NCCOR , je me PRES ."
542,1886_Valles_L'Insurge_A.txt,"Le bon à tirer , cela équivaut à le commandement de «Feu » à la barricade , c' est le fusil passé à travers la persienne !","le NC à INF , cela PRES à le NC de NP "" à le NC , ce être le NC PPAS à travers le NC !"
543,1886_Valles_L'Insurge_A.txt,"Le livre va paraître , le livre a paru .","le NCs aller paraître , le NCs avoir paraître ."
544,1886_Valles_L'Insurge_A.txt,"Cette fois , il me semble bien que je suis arrivé .","ce fois , il me sembler bien que je être PPAS ."
545,1886_Valles_L'Insurge_A.txt,"J' ai plus que le visage hors de terre , je suis délivré jusqu' à la ceinture , jusqu' à le ventre – je crois que je n' aurai plus jamais faim .","je avoir plus que le NCCOR ADV de NC , je être PPAS jusque à le NC , jusque à le NCCOR – je VCOG que je ne avoir plus ADVTEMPS NC ."
546,1886_Valles_L'Insurge_A.txt,"Ne t' y fie pas trop , Vingtras !","ne le y PRES pas trop , NP !"
547,1886_Valles_L'Insurge_A.txt,"Mais , en attendant , savoure ton succès , mon bonhomme : le vagabond et l' inconnu d' hier a de le rata dans sa gamelle , avec un brin de laurier .","mais , en PPRES , PRES DETPOSS NCo , DETPOSS NC : le NC et le NC de ADV à de le NC dans DETPOSS NCmod , avec un NCmod de NCmod ."
548,1886_Valles_L'Insurge_A.txt,"Le bouquin va de l' avant , le môme a vraiment de le sang , et l' on trinque à sa santé dans les cafés de le boulevard et les mansardes de le Quartier latin .","le NCs aller de le PHASE , le NCs avoir ADVINT de le NCCOR , et l' on PRES à DETPOSS NC dans le NC de le NCmod et le NC de le NP ADJ ."
549,1886_Valles_L'Insurge_A.txt,"Les sans-le-sou ont reconnu un de les leurs , les bohèmes ont vu le gouffre , j' ai sauvé de la fainéantise ou de le bagne un tas de garçons qui y couraient , par le sentier que Murger a bordé de lilas !","le NP avoir VCOG un de le NC , le NCs avoir VCOG le NCo , je avoir PPAS de le NC ou de le NC un NCo de NC qui y VIMP , par le NCmod que NP avoir PPAS de NC !"
550,1886_Valles_L'Insurge_A.txt,C' est toujours ça !,ce être ADVTEMPS ça !
551,1886_Valles_L'Insurge_A.txt,"J' aurais pu rouler là-dedans , moi aussi !","je avoir pouvoir INF NCo , soi aussi !"
552,1886_Valles_L'Insurge_A.txt,"J' en ai le frisson , quand j' y pense – même sous le rayon de ma jeune gloire !","je en avoir le NCSENT , quand je y VCOG – même sous le NCo de DETPOSS ADJ NCmod !"
553,1886_Valles_L'Insurge_A.txt,Ma jeune gloire ?,DETPOSS ADJ NC ?
554,1886_Valles_L'Insurge_A.txt,"Je dis cela pour me rengorger un peu , mais , vraiment , je ne me trouve guère changé depuis que je lis , dans les journaux , qu' un jeune écrivain vient de naître , qui ira loin .","je VDIC cela pour me INF un peu , mais , ADVINT , je ne me PRES guère PPAS depuis que je PRES , dans le NC , que un ADJ NCs venir de INF , qui VF ADVLIEU ."
555,1886_Valles_L'Insurge_A.txt,"J' ai eu plus d' émotion à ma conférence ; j' ai été autrement secoué , les jours où il m' a été donné de parler à le peuple .","je avoir avoir plus de NCSENT à DETPOSS NCmod ; je avoir être ADVINT PPAS , le NCT où il lui avoir être PPAS de INF à le NC ."
556,1886_Valles_L'Insurge_A.txt,"J' avais à jeter l' émotion , minute par minute , dans de les cœurs qui palpitaient là , devant moi ; pour entendre leur battement , il me suffisait de pencher la tête , je pouvais voir flamber ma parole dans de les yeux qui fixaient les miens et dont le regard me caressait ou me menaçait … c' était presque la lutte à main armée !","je avoir à INF le NCSENT , NCT par NCT , dans un le NC qui VIMP ADVLIEU , ADVLIEU soi ; pour VCOG lui NCo , il me VIMP de INF le NCCOR , je pouvoir VCOG INF DETPOSS NCo dans de le NCCOR qui VIMP le NCo et dont le NCMAN me VIMP ou me VDIC … ce être presque le NC à NCCOR ADJ !"
557,1886_Valles_L'Insurge_A.txt,Mais ces gazettes que voilà sur ma table – comme de les feuilles mortes !,mais ce NC que voilà sur DETPOSS NC – comme de le NC ADJ !
558,1886_Valles_L'Insurge_A.txt,– elles ne frémissent pas et ne crient point !,– il ne PRES pas et ne VDIC ADV !
559,1886_Valles_L'Insurge_A.txt,Où donc le bruit d' orage que j' aime ?,où donc le NC de NCmod que je VSENT ?
560,1886_Valles_L'Insurge_A.txt,"J' ai plutôt honte de moi , par moments , quand c' est seulement le styliste que la critique signale et louange , quand on ne démasque pas l' arme cachée sous les dentelles noires de ma phrase comme l' épée d' Achille à Scyros .","je avoir plutôt NCSENT de soi , par NCmod , quand ce être seulement le NC que le NCmod ADJ et ADJ , quand on ne PRES pas le NCo PPAS sous le NC ADJ de DETPOSS NC comme le NCmod de NP à NP ."
561,1886_Valles_L'Insurge_A.txt,"J' ai peur de paraître lâche à ceux qui n' ont entendu dans les cénacles à gueux , promettre que , le jour où j' échapperais à la saleté de la misère et à l' obscurité de la nuit , je sauterais à la gorge de l' ennemi .","je avoir NCSENT de paraître NCo à celui qui ne avoir VCOG dans le NC à NCmod , INF que , le NCT où je VCOND à le NC de le NCmod et à le NC de le NCT , je VCOND à le NCCOR de le NCmod ."
562,1886_Valles_L'Insurge_A.txt,C' est cet ennemi-là qui m' encense aujourd'hui .,ce être ce ennemi-là qui lui PRES ADVT .
563,1886_Valles_L'Insurge_A.txt,"En vérité , j' ai eu plus de gêne que de plaisir à recevoir certains saluts , faits par de les hommes que je méprise .","en NC , je avoir avoir plus de NCSENT que de NCSENT à INF certain NCo , faire par de le NC que je VSUBP ."
564,1886_Valles_L'Insurge_A.txt,"Mon vrai bonheur , celui qui m' a arraché de les yeux de sincères larmes d' orgueil , c' est lorsque , dans de les lettres venues de je ne sais où , et qui m' ont rejoint je ne sais comment , j' ai trouvé de les poignées de main d' ignorés et d' inconnus , de conscrit effaré ou de vaincu saignant .","DETPOSS vrai NCSENT , celui qui lui avoir PPAS de le NCCOR de ADJ NCmod de NCSENT , ce être lorsque , dans un le NCs venir de je ne VCOG où , et qui lui avoir PPAS je ne VCOG comment , je avoir PPAS de le NC de NCCOR de NCmod et de NC , de NC VSENT ou de NC ADJ ."
565,1886_Valles_L'Insurge_A.txt,«Si je vous avais lu plus tôt !» dit le vaincu .,«si je vous avoir PPAS plus tôt !» VDIC le NCo .
566,1886_Valles_L'Insurge_A.txt,«Je ne vous avais pas lu! » dit le conscrit .,"«il ne vous avoir pas lu! "" VDIC le NCs ."
567,1886_Valles_L'Insurge_A.txt,"J' ai donc pénétré dans la foule , il y a donc derrière moi de les soldats , une armée !","je avoir donc PPAS dans le NC , il y avoir donc ADVLIEU soi de le NC , un NC !"
568,1886_Valles_L'Insurge_A.txt,… Ah !,… INTJ !
569,1886_Valles_L'Insurge_A.txt,"j' ai passé de les nuits à rôder dans ma chambre , tenant ces chiffons de papier dans mes doigts crispés , ruminant l' assaut sur le monde avec ces correspondants pour capitaines !","je avoir PPAS de le NCT à INF dans DETPOSS NC , PPRES ce NCo de NCmod dans DETPOSS NCCOR VSENT , PPRES le NCo sur le NCmod avec ce NCmod pour NCmod !"
570,1886_Valles_L'Insurge_A.txt,"Heureusement , je me suis vu dans la glace : j' avais pris une attitude de tribun et rigidifiais mes traits , comme un médaillon de David d' Angers .","heureusement , je me être VCOG dans le NC : je avoir PPAS un NCo de NCmod et VIMP DETPOSS NCo , comme un NCmod de NP de NP ."
571,1886_Valles_L'Insurge_A.txt,"Pas de ça , mon gars : halte-là !","pas de ça , DETPOSS NC : ADV !"
572,1886_Valles_L'Insurge_A.txt,"Tu n' as à copier ni les gestes de les Montagnards , ni le froncement de sourcils de les Jacobins , mais à faire de la besogne simple de combat et de misère .","je ne avoir à INF ni le NC de le NP , ni le NC de NCCOR de le NP , mais à faire de le NC ADJ de NCmod et de NC ."
573,1886_Valles_L'Insurge_A.txt,"Contente -toi donc de te dire qu' il est doux de sentir venir à soi de les tendresses étrangères , quand on a été incompris et supplicié par les siens .","PRES soi donc de me VDIC que il être ADJ de sentir venir à soi de le NCSENT ADJ , quand on avoir être PPAS et PPAS par le NC ."
574,1886_Valles_L'Insurge_A.txt,"Avoue la joie que tu éprouves à te découvrir une famille , qui t' aime plus que ne t' aima la tienne , et qui , à le lieu de t' insulter , ou de rire de tes grands espoirs , tend ses bras vers toi et te salue – comme dans les campagnes on salue l' aîné qui porte l' honneur et le fardeau de le nom .","VDIC le NCSENT que je ADJ à me VCOG un NCo , qui lui VSENT plus que ne lui NCo le NC , et qui , à le NC de lui INF , ou de NCMAN de DETPOSS ADJ NCSENT , PRES DETPOSS NCCOR vers soi et me PRES – comme dans le NC on PRES le NCo qui PRES le NCSENT et le PPAS de le NC ."
575,1886_Valles_L'Insurge_A.txt,"Oui , c' est là ce qui m' a pris l' âme .","oui , ce être ADVLIEU ce qui lui avoir PPAS le NCo ."
576,1886_Valles_L'Insurge_A.txt,"Je me sens apprécié par quelques -uns et j' en avais vraiment besoin , car il est dur de rester , comme je l' ai fait , railleur et sombre , tout le long d' une jeunesse robuste .","je me sentir VSENT par quelque NC et je en avoir ADVINT NCo , car il être ADJ de INF , comme je le avoir faire , ADJ et ADJ , tout le NC de un NCmod ADJ ."
577,1886_Valles_L'Insurge_A.txt,Il y a dans ces lettres un billet de femme .,il y avoir dans ce NC un NCo de NCmod .
578,1886_Valles_L'Insurge_A.txt,« Et personne ne vous a aimé pendant que vous étiez si pauvre ?» Personne !,""" et personne ne vous avoir VSENT PHASE que vous PRES si ADJ ?» NP !"
579,1886_Valles_L'Insurge_A.txt,"7 J' ai retrouvé , à le Figaro , un garçon que j' ai connu autrefois .","NUM je avoir PPAS , à le NP , un NCo que je avoir PPAS ADVT ."
580,1886_Valles_L'Insurge_A.txt,"Encore un masque pâle , mais avec de beaux grands yeux clairs , la bouche fine , de les dents de marbre , la peau grêlée , trouée , couturée , une barbiche à le menton comme un fer de toupie , une chevelure crépue et laineuse , plantée comme la perruque d' un clown – les pointes de tout cela aiguisées , tordues , éternellement affilées par les doigts nerveux de l' homme – cette face étrange est juchée sur de les épaules en portemanteau , et vissée dans un faux col qui l' empêche de tourner .","encore un NC ADJ , mais avec un ADJ ADJ NCCOR ADJ , le NCCOR ADJ , de le NCCOR de NCmod , le NCCOR ADJ , PPAS , PPAS , un NC à le NCCOR comme un NCmod de NCmod , un NC ADJ et ADJ , PPAS comme le NC de un NCmod – le NC de tout cela PPAS , PPAS , ADV PPAS par le NCCOR ADJ de le NCspas – ce NC ADJ être PPAS sur de le NCCOR en NCmod , et PPAS dans un ADJ NC qui le PRES de INF ."
581,1886_Valles_L'Insurge_A.txt,"On dirait qu' elle a été fichée sur la nuque , après coup , et qu' on l' a adaptée , comme une tête-de-loup , sur l' épine dorsale , plus raide qu' un manche à balai !","on VDIC que il avoir être PPAS sur le NC , PHASE NC , et que on le avoir PPAS , comme un ADV , sur le NC ADJ , plus ADJ que un NC à NCmod !"
582,1886_Valles_L'Insurge_A.txt,"Un ensemble osseux , crochu , anguleux , à ne pas prendre avec les mains de peur de s' y piquer !","un ensemble ADJ , ADJ , ADJ , à ne pas INF avec le NCCOR de NCSENT de se y INF !"
583,1886_Valles_L'Insurge_A.txt,J' ai pourtant vu de les menottes câliner ce visage-là .,je avoir pourtant VCOG de le NC INF ce ADV .
584,1886_Valles_L'Insurge_A.txt,"La première fois que je le rencontrai , il portait dans ses bras une enfant qui pleurait ( la mère étant malade ou partie ) et c' était lui qui faisait la maman et essuyait les larmes .","le ADJ fois que je le VF , il VIMP dans DETPOSS NCCOR un NCo qui VIMP ( le NCs être ADJ ou NC ) et ce être lui qui faire le NCo et VIMP le NC ."
585,1886_Valles_L'Insurge_A.txt,"Il m' en vint un petit brouillard à les paupières , à moi aussi .","il lui en venir un ADJ NC à le NCCOR , à soi aussi ."
586,1886_Valles_L'Insurge_A.txt,"Je l' aidai à amuser la fillette qui , à le bout d' un moment , se consola en tirant les cheveux de le père – de drôles de cheveux , avec leur mèche vrillée qui faisait ressort sous les doigts mignons .","je le PRES à VSENT le NCo qui , à le NC de un NCmod , se VPS en PPRES le NCCOR de le NCmod – de NCmod de NCCOR , avec lui NCmod PPAS qui faire NCo sous le NCCOR NC ."
587,1886_Valles_L'Insurge_A.txt,"Rochefort écrivait de les vaudevilles , en ce temps , avec un vieux bouffon .","NP VIMP de le NC , en ce temps , avec un ADJ NC ."
588,1886_Valles_L'Insurge_A.txt,Il a fait de le chemin depuis .,il avoir faire de le NC depuis .
589,1886_Valles_L'Insurge_A.txt,"Il est devenu égratigneur d' Empire ; il égratigne avec son esprit , son courage , ses crocs , ses ongles , son toupet , sa barbiche , avec tout ce qu' il a de pointu sur lui , la peau de les Napoléon .","il être devenir NC de NCmod ; il PRES avec DETPOSS NC , DETPOSS NC , DETPOSS NCs , DETPOSS NC , DETPOSS NC , DETPOSS NC , avec tout ce que il avoir un NC sur lui , le NC de le NP ."
590,1886_Valles_L'Insurge_A.txt,"Et cela , en ayant l' air de s' en défendre , sans paraître y toucher : bélier à la corne sournoise , régicide à coiffure de pitre , abeille républicaine à corset rouge , qui s' est faufilée dans la ruche impériale et y tue les abeilles à corset d' or , frissonnantes sur le manteau de velours vert .","et cela , en avoir le NCMAN de se en INF , sans paraître y INF : INF à le NC ADJ , PRES à NC de NCmod , PRES NCo à NCmod ADJCOL , qui se être PPAS dans le NC ADJ et y PRES le NCo à NCmod de NCmod , ADJ sur le NC de NCmod ADJCOL ."
591,1886_Valles_L'Insurge_A.txt,"On se le dispute , dans les journaux .","on se le PRES , dans le NC ."
592,1886_Valles_L'Insurge_A.txt,"Voilà qu' il vient d' être enlevé à le Figaro par Le Soleil , et Le Figaro ne sait à quel saint se vouer .","voilà que il venir de être PPAS à le NP par le NP , et le NP ne VCOG à quel NC se INF ."
593,1886_Valles_L'Insurge_A.txt,"« Vingtras , voulez -vous prendre sa place ?» me crie à brûle-pourpoint Villemessant .",""" NP , vouloir le INF DETPOSS NCo ?» me PRES à NC NP ."
594,1886_Valles_L'Insurge_A.txt,Déjà !,déjà !
595,1886_Valles_L'Insurge_A.txt,Ah !,INTJ !
596,1886_Valles_L'Insurge_A.txt,je vais prendre ma revanche .,je aller INF DETPOSS NCo .
597,1886_Valles_L'Insurge_A.txt,Ce ne sera pas pour rien que l' on aura mis si longtemps à deviner quelle force était en moi .,ce ne être pas pour rien que l' on avoir mettre si longtemps à VCOG quel NCSENT être en soi .
598,1886_Valles_L'Insurge_A.txt,« Combien pour m' avoir ?,""" combien pour se avoir ?"
599,1886_Valles_L'Insurge_A.txt,… Dix mille francs ?,… NP NUM NC ?
600,1886_Valles_L'Insurge_A.txt,Allons donc !,aller donc !
601,1886_Valles_L'Insurge_A.txt,"Il faut que mon année me rapporte ce que j' ai dépensé dans le ruisseau , pendant les dix ans que j' y ai trempé mes pattes gelées .","il PRES que DETPOSS NCT me PRES ce que je avoir PPAS dans le NC , PHASE le NUM NCT que je y avoir PPAS DETPOSS NC ADJ ."
602,1886_Valles_L'Insurge_A.txt,Mettons dix-huit cents francs qu' on mangeait ( oh! pas plus !,IMP NUM NCo ADJ que on VIMP ( oh! pas plus !
603,1886_Valles_L'Insurge_A.txt,) de le 1 er Janvier à la Saint-Sylvestre .,) de le NUM INF NC à le NP .
604,1886_Valles_L'Insurge_A.txt,"Donc , collez dix-huit mille balles , et ça y est .","donc , IMP NUM NUM NCo , et ça y être ."
605,1886_Valles_L'Insurge_A.txt,"Sinon , non !» On a signé .","ADV , non !» on avoir PPAS ."
606,1886_Valles_L'Insurge_A.txt,"J' ai bien un peu fait l' Auvergnat ; le soir , je me suis vanté trop haut de le chiffre arraché .","je avoir bien un peu faire le NCo ; le NCT , je me être PPAS trop ADJ de le NC PPAS ."
607,1886_Valles_L'Insurge_A.txt,"Mais , songez donc !","mais , IMP donc !"
608,1886_Valles_L'Insurge_A.txt,"j' ai enlevé ce sac d' écus à la force d' une mâchoire , qui , pendant un quart de siècle , avait eu les dents longues !","je avoir PPAS ce NCo de NCmod à le NCSENT de un NCCOR , qui , PHASE un NC de NCT , avoir avoir le NCCOR ADJ !"
609,1886_Valles_L'Insurge_A.txt,J' aurais pu succomber vingt fois – tant d' autres ont sombré à mes côtés !,je avoir pouvoir INF NUM fois – tant de autre avoir PPAS à DETPOSS NC !
610,1886_Valles_L'Insurge_A.txt,J' ai survécu .,je avoir PPAS .
611,1886_Valles_L'Insurge_A.txt,Ce n' est pas la faute de les bourgeois .,ce ne être pas le NC de le NCmod .
612,1886_Valles_L'Insurge_A.txt,"En les rançonnant aujourd'hui , je ne rentre pas précisément dans mon dû .","en le PPRES ADVT , je ne PRES pas ADVMAN dans son NP ."
613,1886_Valles_L'Insurge_A.txt,Je ne les tiens pas quittes pour ça !,je ne le tenir pas ADJ pour ça !
614,1886_Valles_L'Insurge_A.txt,"Et puis , ma fierté vient moins de le taux élevé à lequel on me cote , que de ce qu' en ma personne les irréguliers sont vengés .","et puis , DETPOSS NCSENT venir moins de le NC ADJ à lequel on me PRES , que de ce que en DETPOSS PRES le NCo être PPAS ."
615,1886_Valles_L'Insurge_A.txt,"J' ai fait mon style de pièces et de morceaux que l' on dirait ramassés , à coups de crochet , dans de les coins malpropres et navrants .","je avoir faire DETPOSS NCo de NCmod et de NC que l' on VDIC PPAS , à NC de NC , dans de le NCmod ADJ et ADJ ."
616,1886_Valles_L'Insurge_A.txt,"On en veut tout de même , de ce style-là !","on en vouloir tout de même , de ce style-là !"
617,1886_Valles_L'Insurge_A.txt,"… Et voilà pourquoi je bouscule de mon triomphe ceux qui , jadis , me giflaient de leurs billets de cent francs et crachaient sur mes sous .","… et voilà pourquoi je ADJ de DETPOSS NC celui qui , ADV , me VIMP de DETPOSS NC de NUM NCmod et VIMP sur DETPOSS NC ."
618,1886_Valles_L'Insurge_A.txt,"Eh bien , merci !","INTJ bien , INTJ !"
619,1886_Valles_L'Insurge_A.txt,"Il n' y a pas une semaine que je suis à le Figaro , et voilà qu' ils en ont assez .","il ne y avoir pas un NCo que je être à le NP , et voilà que il en avoir ADV ."
620,1886_Valles_L'Insurge_A.txt,"Le journal a une clientèle d' insouciants et d' heureux , d' actrices et de mondaines ; le fait est que je ne dois pas les faire rire toujours .","le NCs avoir un NCo de NCmod et de NC , de NC et de NC ; le PPAS être que je ne devoir pas le faire INF ADVTEMPS ."
621,1886_Valles_L'Insurge_A.txt,"Une fois par hasard , de le Vingtras , c' est drôle , comme une escapade chez Ramponneau , comme une dînette à la ferme où l' on trempe de le pain noir dans de le lait blanc , comme une visite d' élégante dans un logis de blousier où la soupe sent bon – mais quotidiennement , jamais !","un fois par NCmod , de le NP , ce être ADJ , comme un NC chez NP , comme un NC à le NCmod où l' on PRES de le NC ADJ dans de le NCmod ADJCOL , comme un NC de NC dans un NCmod de NCmod où le NCs sentir ADJ – mais ADVTEMPS , ADVTEMPS !"
622,1886_Valles_L'Insurge_A.txt,"Or , je ne puis ni ne veux être l' amuseur de le boulevard .","or , je ne puis ni ne vouloir être le NC de le NCmod ."
623,1886_Valles_L'Insurge_A.txt,Je n' ai pris personne en traître .,je ne avoir PPAS NCo en NC .
624,1886_Valles_L'Insurge_A.txt,"Je sentais si bien , quand l' on m' a embauché , que j' aurais à lutter contre le Tout-Paris , que j' avais repoussé les rouleaux d' or , tant qu' on n' avait pas stipulé que je serais libre de mener la campagne à ma guise .","je VIMP si bien , quand l' on lui avoir PPAS , que je avoir à INF contre le NP , que je avoir PPAS le NCo de NCmod , tant que on ne avoir pas PPAS que je être ADJ de INF le NCo à DETPOSS NC ."
625,1886_Valles_L'Insurge_A.txt,On savait à qui l' on avait affaire .,on VCOG à qui l' on avoir NCo .
626,1886_Valles_L'Insurge_A.txt,Il paraît que non .,il paraître que non .
627,1886_Valles_L'Insurge_A.txt,"Il ne me reste qu' à plier bagage ; je n' aurai pas été moi à le péril de ma dignité , à le risque de ma vie , pendant les jours obscurs , pour devenir un chroniquailleur d' atelier ou de boudoir , un guillocheur de mots , un écouteur à les portes , un fileur d' actualités !","il ne me PRES que à NC NCmod ; je ne avoir pas être soi à le NCmod de DETPOSS NCmod , à le NC de DETPOSS NCmod , PHASE le NCT ADJ , pour devenir un NC de NCmod ou de NC , un NC de NCmod , un NC à le NCmod , un NC de NCmod !"
628,1886_Valles_L'Insurge_A.txt,"«Si vous vouliez pourtant , avec votre coup de pinceau !» dit Villemessant , qui tiendrait à me garder .","«si vous PRES pourtant , avec DETPOSS NC de NCmod !» VDIC NP , qui VCOND à me INF ."
629,1886_Valles_L'Insurge_A.txt,"Oui , parbleu !","oui , ADJ !"
630,1886_Valles_L'Insurge_A.txt,J' ai de les adjectifs pour la rue Bréda aussi bien que pour le faubourg Antoine .,je avoir de le NC pour le NC NP aussi bien que pour le NC NP .
631,1886_Valles_L'Insurge_A.txt,Je m' entendrais tout autant à écraser de les vessies de couleur sur ma palette qu' à bitumer mes toiles ou à buriner mes eaux-fortes .,je se VCOND tout autant à INF de le NC de NCmod sur DETPOSS NCmod que à INF DETPOSS NCo ou à INF DETPOSS NCo .
632,1886_Valles_L'Insurge_A.txt,"Si je voulais … Oui , mais voilà , je ne veux pas !","si je VIMP … oui , mais voilà , je ne vouloir pas !"
633,1886_Valles_L'Insurge_A.txt,Nous nous sommes trompés tous les deux .,nous nous être PPAS tout le deux .
634,1886_Valles_L'Insurge_A.txt,"Vous voulez un égayeur , je suis un révolté .","vous vouloir un NCo , je être un NC ."
635,1886_Valles_L'Insurge_A.txt,"Révolté , je reste , et je reprends mon rang dans le bataillon de les pauvres .","PPAS , je PRES , et je PRES DETPOSS NCo dans le NC de le NCmod ."
636,1886_Valles_L'Insurge_A.txt,"Car me voilà pauvre de nouveau , – encore , toujours !","car me voilà ADJ de ADJ , – encore , ADVTEMPS !"
637,1886_Valles_L'Insurge_A.txt,"On avait bien fait de les traités , convenu que , dans le cas de séparation , je serais payé quand même .","on avoir bien faire de le NC , PPAS que , dans le NC de NCmod , je être PPAS quand même ."
638,1886_Valles_L'Insurge_A.txt,"Et pourtant il a fallu lutter , car il s' agissait non seulement de la sécurité que donne l' argent en poche , mais d' une défaite à éviter .","et pourtant il avoir PPAS INF , car il se VIMP non seulement de le NCSENT que PRES le NCo en NCmod , mais de un NC à INF ."
639,1886_Valles_L'Insurge_A.txt,"Ça a fini en marmelade : une combinaison , quelques billets de mille , l' offre d' un roman … Je l' ai essayé , ce roman !","ça avoir VASP en NC : un NC , quelque NC de NCmod , le NC de un NCmod … je le avoir PPAS , ce NC !"
640,1886_Valles_L'Insurge_A.txt,"Mais , décidément , je ne suis pas assez loin de ma jeunesse empestée et meurtrie , et ces pages -là , on les trouverait , certes , bien plus que mes articles , pleines de rages sourdes et hérissées de fureur !","mais , ADV , je ne être pas ADV ADVLIEU de DETPOSS NC PPAS et PRES , et ce NC ADVLIEU , on le VCOND , ADV , bien plus que DETPOSS NC , NC de NCSENT ADJ et VSENT de NC !"
641,1886_Valles_L'Insurge_A.txt,Je suis sorti pour rien de mon taudis – le temps seulement de gagner la haine de mes confrères qu' a glacé ma pâleur de Cassius .,je être PPAS pour rien de DETPOSS NCmod – le temps seulement de INF le VSENT de DETPOSS NC que avoir PPAS DETPOSS NCs de NP .
642,1886_Valles_L'Insurge_A.txt,C' est un élan de perdu !,ce être un NC de ADJ !
643,1886_Valles_L'Insurge_A.txt,Mais voici qu' il y a de le bruit dans le Landerneau politique ; Ollivier s' agite et Girardin le défend .,mais voici que il y avoir de le NC dans le NP ADJ ; NP se PRES et NP le PRES .
644,1886_Valles_L'Insurge_A.txt,"Une lueur a passé dans le lorgnon planté sur le nez de le masque pâle , qui a levé sa main grise , et menacé l' aréopage d' hommes d' État qui entoure l' Empereur .","un NCs avoir PPAS dans le NC PPAS sur le NCCOR de le NCmod ADJ , qui avoir PPAS DETPOSS NCCOR ADJ , et VDIC le NCo de NCmod de NCmod qui PRES le NP ."
645,1886_Valles_L'Insurge_A.txt,On a tué son journal .,on avoir PPAS DETPOSS NCo .
646,1886_Valles_L'Insurge_A.txt,Oh !,INTJ !
647,1886_Valles_L'Insurge_A.txt,"ses ongles ressortent , ses nerfs se raidissent , il se retrouve sur ses pattes !","DETPOSS NCs PRES , DETPOSS NCCOR se PRES , il se PRES sur DETPOSS NC !"
648,1886_Valles_L'Insurge_A.txt,"Et il se démène et rugit dans le sac où l' on veut le coudre , – le vieux chat !","et il se PRES et PRES dans le NC où l' on vouloir le NCo , – le ADJ NC !"
649,1886_Valles_L'Insurge_A.txt,"Son journal est mort , mais il a trouvé un homme en peine , qui lui a vendu le sien , prêté sa maison , et il va s' installer là , donnant rendez-vous à tous ceux qui désirent mordre .","DETPOSS NCs être ADJ , mais il avoir PPAS un NCo en NCSENT , qui lui avoir PPAS le sien , PPAS DETPOSS NC , et il aller se INF ADVLIEU , PPRES rendez-vous à tout celui qui VPS INF ."
650,1886_Valles_L'Insurge_A.txt,Il s' est rappelé mes crocs .,il se être PPAS DETPOSS NCo .
651,1886_Valles_L'Insurge_A.txt,"Je reçois un mot de lui : « Venez .» Je le trouve en veston bleu , une rose à la boutonnière ; il arrive à moi , la main tendue et le sourire à les lèvres : « Bouledogue , on va vous déchaîner !","je PRES un NCo de lui : "" venir .» je le PRES en NC ADJCOL , un ADJCOL à le NCmod ; il PRES à soi , le NCCOR ADJ et le NCMAN à le NCCOR : "" NP , on aller vous INF !"
652,1886_Valles_L'Insurge_A.txt,"Vous ferez la chronique le dimanche … Et qu' on vous entende aboyer , n' est ce pas ?","vous faire le NCo le ADVT … et que on vous PRES INF , ne être ce pas ?"
653,1886_Valles_L'Insurge_A.txt,» Ses babines se retroussent et il miaule en croisant ses griffes !,""" DETPOSS NCs se PRES et il PRES en VCOG DETPOSS NCo !"
654,1886_Valles_L'Insurge_A.txt,"J' ai donné un coup de gueule , et ça n' a pas traîné !","je avoir PPAS un NCo de NCmod , et ça ne avoir pas PPAS !"
655,1886_Valles_L'Insurge_A.txt,On a ordonné à Girardin d' abattre son chien .,on avoir PPAS à NP de INF DETPOSS NCo .
656,1886_Valles_L'Insurge_A.txt,"Il n' a fait ni une ni deux , et m' a dépêché son gérant , pour m' attacher la pierre à le cou et me jeter à la rivière .","il ne avoir faire ni un ni NUM , et le avoir PPAS DETPOSS NC , pour se INF le NCo à le NCCOR et me INF à le NC ."
657,1886_Valles_L'Insurge_A.txt,"Il eût pu attendre , cependant .","il avoir pouvoir INF , cependant ."
658,1886_Valles_L'Insurge_A.txt,"Car un soldat s' est chargé de me descendre pour tout de bon – un soldat à panache et à trois galons d' or , qui a déjà repassé sa flamberge , à ce que l' on raconte , et qui veut venger son général .","car un NCs se être PPAS de me INF pour tout de ADJ – un NCmod à NCmod et à NUM NC de NCmod , qui avoir déjà PPAS DETPOSS NCo , à ce que l' on PRES , et qui vouloir INF DETPOSS NCo ."
659,1886_Valles_L'Insurge_A.txt,"Ce général , Yusof , un barbare , vient de rendre ce qu' il avait d' âme .","ce NCs , NP , un NC , venir de INF ce que il avoir de NC ."
660,1886_Valles_L'Insurge_A.txt,"J' ai hurlé à la mort près de son cadavre , à le nom de les innocents qu' il avait fait assassiner .","je avoir VDIC à le PPAS ADVLIEU de DETPOSS NC , à le NC de le NCmod que il avoir faire INF ."
661,1886_Valles_L'Insurge_A.txt,Son état-major a délégué le plus fort à le sabre pour me clouer saignant sur le cercueil .,DETPOSS NCs avoir PPAS le plus fort à le NC pour me INF PPRES sur le NC .
662,1886_Valles_L'Insurge_A.txt,C' est ce qu' on dit de le moins ; c' est ce que vient de m' apprendre Vermorel .,ce être ce que on VDIC de le moins ; ce être ce que venir de se VCOG NP .
663,1886_Valles_L'Insurge_A.txt,"« On vous provoquera demain , ce soir peut-être … – C' est bien .",""" on vous VF ADVT , ce NCT peut-être … – ce être bien ."
664,1886_Valles_L'Insurge_A.txt,Restez là et écoutez -moi .,IMP ADVLIEU et VCOG soi .
665,1886_Valles_L'Insurge_A.txt,"Si , à le nom de ce colonel , les culottes rouges viennent me demander réparation , réparation ils auront et je leur ferai bonne mesure .","si , à le NC de ce NCmod , le NC ADJCOL venir me INF NCs , NC il avoir et je lui faire ADJ NCo ."
666,1886_Valles_L'Insurge_A.txt,Vous savez mon duel avec Poupart {1} ?,vous IMP DETPOSS NCo avec NP {1} ?
667,1886_Valles_L'Insurge_A.txt,"Il était entendu que l' on tirerait jusqu' à ce que le plomb manquât , et canon contre poitrine , à volonté !","il être VCOG que l' on VCOND jusque à ce que le NC ADJ , et NC contre NCmod , à NC !"
668,1886_Valles_L'Insurge_A.txt,"Or , Poupart était mon camarade , et ces soudards sont mes ennemis ; nous devons donc aller plus loin avec ceux-ci .","or , NP être DETPOSS NC , et ce NCs être DETPOSS NC ; nous devoir donc aller plus ADVLIEU avec celui-ci ."
669,1886_Valles_L'Insurge_A.txt,"Il n' y aura qu' une balle , une seule : les casseurs de poupées en seront pour leurs frais de tir .","il ne y avoir que un NC , un ADJ : le NCs de NCmod en être pour DETPOSS NC de NCmod ."
670,1886_Valles_L'Insurge_A.txt,"On se postera dans cette cour , là-dessous , s' ils veulent ; on ira où j' ai abattu Poupart , s' ils préfèrent .","on se VF dans ce NC , ADV , se il vouloir ; on VF où je avoir PPAS NP , si il VPS ."
671,1886_Valles_L'Insurge_A.txt,"Mais deux heures après leur visite , sans procès-verbal , et sans pourparlers !","mais NUM NCT PHASE lui NCmod , sans NCmod , et sans NC !"
672,1886_Valles_L'Insurge_A.txt,Voulez -vous être mon témoin ?,vouloir vous être DETPOSS NC ?
673,1886_Valles_L'Insurge_A.txt,– Diable !,– ADJ !
674,1886_Valles_L'Insurge_A.txt,"… – Allons , vous le serez .","… – NP , vous le être ."
675,1886_Valles_L'Insurge_A.txt,"Mon cher , nous allons vider une bouteille de derrière les fagots , et trinquer à la belle occasion qui est donnée à un pékin et à un réfractaire de tenir en joue un commandant de régiment !» Il fait un soir tiède , mon logis est loin de le bruit … c' est le crépuscule et le silence .","DETPOSS NC , nous aller INF un NCo de ADVLIEU le NC , et INF à le ADJ NC qui être PPAS à un NC et à un NC de INF en NCCOR un NCo de NCmod !» il faire un NCT ADJ , DETPOSS NCs être ADVLIEU de le NC … ce être le NC et le NC ."
676,1886_Valles_L'Insurge_A.txt,Deux ou trois fois de les bottes ont fait sonner le pavé .,NUM ou NUM fois de le NCmod avoir faire INF le NCo .
677,1886_Valles_L'Insurge_A.txt,J' ai espéré que c' étaient eux ; je voudrais en finir de le coup .,je avoir VCOG que ce être eux ; je vouloir en VASP de le NC .
678,1886_Valles_L'Insurge_A.txt,"«Je reviendrais demain , à dit , près de minuit , Vermorel .","«il VCOND ADVT , à VDIC , ADVLIEU de NC , NP ."
679,1886_Valles_L'Insurge_A.txt,Le bateau est peut-être parti trop tard d' Algérie .,le NCs être peut-être PPAS trop tard de NP .
680,1886_Valles_L'Insurge_A.txt,"À le matin , ils pourront être arrivés .» Personne ne s' est présenté , pas plus aujourd'hui qu' hier .","à le NCT , il pouvoir être PPAS .» personne ne se être PPAS , pas plus ADVT que ADV ."
681,1886_Valles_L'Insurge_A.txt,C' est à mourir de colère !,ce être à INF de NCSENT !
682,1886_Valles_L'Insurge_A.txt,"Avoir fait ses provisions de courage , s' être préparé à une fin superbe ou à une victoire qui dominerait la vie – et rester sur les angoisses de l' attente , et l' humiliation de le suicide imposé par Girardin !","avoir faire DETPOSS NCo de NCmod , se être PPAS à un NC ADJ ou à un NC qui VIMP le NCo – et INF sur le NCSENT de le NC , et le NCSENT de le NCmod PPAS par NP !"
683,1886_Valles_L'Insurge_A.txt,L' officier a été moins bête que je ne croyais .,le NCs avoir être moins ADJ que je ne VIMP .
684,1886_Valles_L'Insurge_A.txt,"Peut-être même n' a -t -il jamais songé à aiguiser son bancal , voyant que j' avais déjà la langue coupée , et , qu' en tant que journaliste , j' étais mort .","peut-être même ne avoir t il ADVTEMPS PPAS à INF DETPOSS NCo , VCOG que je avoir déjà le NCCOR PPAS , et , que en tant que NC , je être PPAS ."
685,1886_Valles_L'Insurge_A.txt,"En effet , l' avertissement collé en tête de la feuille de Girardin me désigne comme dangereux .","en NC , le NCs PPAS en NCCOR de le NC de NP me PRES comme ADJ ."
686,1886_Valles_L'Insurge_A.txt,"Nulle part , on ne voudra de celui qui , de le premier jour , attire la foudre sur la maison où il entre .","ADJ NC , on ne VF de celui qui , de le ADJ NCT , VSENT le NCo sur le NC où il PRES ."
687,1886_Valles_L'Insurge_A.txt,Me voilà bien loti: repoussé de partout !,me voilà bien loti: PPAS de ADV !
688,1886_Valles_L'Insurge_A.txt,Je me sens moins libre que quand je traînais la guenille dans les coins sombres .,je me sentir moins ADJ que quand je PRES le NCo dans le NC ADJ .
689,1886_Valles_L'Insurge_A.txt,"J' avais l' indépendance de celui qui , dans un cul-de-basse-fosse , peut creuser la pierre , et faire un trou par où il sautera sur la sentinelle pour l' égorger .","je avoir le NC de celui qui , dans un NC , pouvoir INF le NCo , et faire un NC par où il VF sur le NC pour le INF ."
690,1886_Valles_L'Insurge_A.txt,"C' était ma force – maintenant , la mèche est éventée , je suis signalé .","ce être DETPOSS NCSENT – ADVT , le NCspas être PPAS , je être PPAS ."
691,1886_Valles_L'Insurge_A.txt,"Et , comme la bête noire de les gardes-chiourme , à le bagne , je verrai s' écarter de moi ceux qui ont peur de le bâton aussi bien que ceux qui le manient .","et , comme le ADJ NC de le NCmod , à le NCmod , je VF se INF de soi celui qui avoir NCSENT de le NCmod aussi bien que celui qui le NC ."
692,1886_Valles_L'Insurge_A.txt,C' eût été une autre paire de manches si j' avais tué raide le colonel !,ce avoir être un autre NC de NCmod si je avoir PPAS PRES le NCo !
693,1886_Valles_L'Insurge_A.txt,"« Mais , mon cher , les témoins n' auraient pas voulu , et vous eussiez encore passé pour un lâche .» C' est bien possible !",""" mais , DETPOSS NC , le NCs ne avoir pas vouloir , et vous PRES encore PPAS pour un NC .» ce être bien ADJ !"
694,1886_Valles_L'Insurge_A.txt,Je vis dans un monde de sceptiques et de nonchalants .,je VCOG dans un NC de NCmod et de NC .
695,1886_Valles_L'Insurge_A.txt,"Les uns n' auraient pas cru à mon envie tragique , les autres m' en auraient voulu d' introduire la mort dans le duel de presse et m' eussent calomnié , pour que je ne plantasse pas , sur le chemin de le boulevard , ce jalon sanglant .","le un ne avoir pas PPAS à DETPOSS NC ADJ , le autre se en avoir vouloir de INF le NCo dans le NC de NCmod et le PRES PPAS , pour que je ne VSUBP pas , sur le NC de le NCmod , ce NCo ADJ ."
696,1886_Valles_L'Insurge_A.txt,"Heureusement , je suis fort , et si mes conditions avaient été repoussées , j' aurais endommagé la binette de le provocateur et je lui aurais tiré les moustaches , jusqu' à ce que la foule s' attroupât !","heureusement , je être fort , et si DETPOSS NCspas avoir être PPAS , je avoir PPAS le NCo de le NCmod et je lui avoir PPAS le NCCOR , jusque à ce que le NCs se VSUBI !"
697,1886_Valles_L'Insurge_A.txt,"À les faubouriens et à les sergents de ville accourus , j' aurais crié : « Il voulait me saigner , comme un cochon , parce qu' il sait le sabre , je lui propose la partie à bout portant , et il cane !","à le NC et à le NC de NCmod PPAS , je avoir VDIC : "" il vouloir me INF , comme un NC , parce que il VCOG le NCo , je lui VDIC le NC à NCmod PPRES , et il PRES !"
698,1886_Valles_L'Insurge_A.txt,"Laissez -moi donc taper dessus !» On m' aurait peut-être fait assassiner , par mégarde , fait casser les côtes ou les reins , sournoisement , pendant le transfert à le commissariat , sinon à le poste , dans un tumulte de violon , où un faux ivrogne eût soulevé la querelle , et où la clef de le geôlier , ayant l' air de nous séparer , m' aurait défoncé la poitrine .","laisser soi donc INF ADV !» on le avoir peut-être faire INF , par NC , faire INF le NC ou le NCCOR , ADVMAN , PHASE le NC à le NCmod , ADV à le NC , dans un NC de NC , où un ADJ NCs avoir PPAS le NCo , et où le NC de le NCmod , avoir le NCMAN de nous INF , le avoir PPAS le NCo ."
699,1886_Valles_L'Insurge_A.txt,Rien de tout cela ne s' est passé .,rien de tout cela ne se être PPAS .
700,1886_Valles_L'Insurge_A.txt,"Je n' ai , par bonheur , confié à personne cette rumeur venue jusqu' à moi .","je ne avoir , par NCSENT , PPAS à NC ce NCo venir jusque à soi ."
701,1886_Valles_L'Insurge_A.txt,"Si j' en avais ouvert la bouche , les camarades n' eussent pas manqué de prétendre que j' avais inventé le colonel pour inventer le duel à mort .","si je en avoir PPAS le NCCOR , le NCs ne PRES pas PPAS de INF que je avoir PPAS le NC pour INF le NCo à NC ."
702,1886_Valles_L'Insurge_A.txt,Quelle misère !,quel NC !
703,1886_Valles_L'Insurge_A.txt,8 Villemessant continue à crier sur les boulevards : « Vingtras ?,"NUM NP PRES à VDIC sur le NC : "" NP ?"
704,1886_Valles_L'Insurge_A.txt,… Ah !,… INTJ !
705,1886_Valles_L'Insurge_A.txt,"mes enfants , quel machin!» Drôle d' homme !","DETPOSS NC , quel machin!» ADJ de NC !"
706,1886_Valles_L'Insurge_A.txt,"C' est un Girardin avec de gros yeux ronds , les bajoues blêmes , la moustache d' une vieille brisque , la bedaine et les manières d' un marchand d' hommes , mais amoureux de son métier et arrosant d' or ses cochons vendus .","ce être un NC avec un ADJ NCCOR ADJ , le NC ADJ , le NCCOR de un ADJ NC , le NC et le NC de un NCmod de NCmod , mais ADJ de DETPOSS NC et PPRES de NC DETPOSS NCo PPAS ."
707,1886_Valles_L'Insurge_A.txt,"Capable de massacrer de sa blague féroce un rédacteur qui a fait four chez lui , mais , deux minutes après , « pissant de l' œil » comme il aime à dire , à le récit d' une misère de foyer , d' une maladie de gamin , d' une infortune de vieillard ; vidant sa poche à sous et celle à louis dans le tablier d' une veuve en larmes , d' un geste aussi crâne que celui avec lequel il crevait la paillasse à l' orgueil d' un débutant , ou même d' un ancien ; s' asseyant sur toutes les délicatesses de les gens – l' animal !","ADJ de INF de DETPOSS NC PRES un NCo qui avoir faire NCo chez lui , mais , NUM NCT PHASE , "" PPRES de le NC "" comme il VSENT à VDIC , à le NC de un NCmod de NC , de un NCmod de NCmod , de un NCmod de NCmod ; PPRES DETPOSS NCo à NCmod et celui à NP dans le NCmod de un NCmod en NCmod , de un NCmod aussi ADJ que celui avec lequel il VIMP le NCo à le NCSENT de un NCmod , ou même de NUM ADJ ; se PPRES sur tout le NCSENT de le NCmod – le NC !"
708,1886_Valles_L'Insurge_A.txt,– mais ayant le cœur sous la fesse !,– mais avoir le NCo sous le NCCOR !
709,1886_Valles_L'Insurge_A.txt,Il faut que ses bonisseurs attirent la foule !,il PRES que DETPOSS NCs PRES le NCo !
710,1886_Valles_L'Insurge_A.txt,"Si un de les gagistes ne fait pas l' affaire , il lui flanque son sac devant le public , à la parade , et lui fait descendre , la tête en bas , l' escalier de la baraque .","si un de le NCmod ne faire pas le NCo , il lui PRES DETPOSS NCo ADVLIEU le NC , à le NC , et lui faire INF , le NCCOR en ADJ , le NC de le NCmod ."
711,1886_Valles_L'Insurge_A.txt,"Il exige de les sujets qui , sur un signe de lui , cabriolent et se disloquent , sautent à le lustre , fassent craquer le plafond ou le filet … Je ne lui en veux pas de ses brutalités graissées de farce !","il PRES de le NC qui , sur un NC de lui , NC et se PRES , PRES à le NC , faire INF le NCo ou le NC … je ne lui en vouloir pas de DETPOSS NC PPAS de NC !"
712,1886_Valles_L'Insurge_A.txt,"« Eh! là-bas ; le croque-mort , j' ai quelque chose à vous demander !",""" NP ADVLIEU ; le NC , je avoir quelque chose à vous INF !"
713,1886_Valles_L'Insurge_A.txt,"C' est -il vrai que quand vos parents sont venus à Paris , pour s' égayer , vous les avez conduits à la Morgue et à le Champ-des-Navets ?","ce être il vrai que quand DETPOSS NCs être venir à NP , pour se VSENT , vous le avoir PPAS à le NP et à le NC ?"
714,1886_Valles_L'Insurge_A.txt,Oui ?,oui ?
715,1886_Valles_L'Insurge_A.txt,"… Ah! zut , alors !","… NP PRES , alors !"
716,1886_Valles_L'Insurge_A.txt,Et moi qui veux de les rigolos !,et soi qui vouloir de le NC !
717,1886_Valles_L'Insurge_A.txt,"Vous ne l' êtes pas pour deux sous , vous savez !","vous ne le être pas pour NUM NCmod , vous VCOG !"
718,1886_Valles_L'Insurge_A.txt,"Non , vrai , vous n' êtes pas rigolo !","non , vrai , vous ne être pas ADJ !"
719,1886_Valles_L'Insurge_A.txt,Ah !,INTJ !
720,1886_Valles_L'Insurge_A.txt,je sais bien ce qu' il faudrait pour faire faire risette à monsieur … une bonne révolution ?,je VCOG bien ce que il VCOND pour faire faire NC à monsieur … un ADJ NC ?
721,1886_Valles_L'Insurge_A.txt,Si ça ne dépendait que de moi… mais que dirait « Mon Roy » ?,"si ça ne VIMP que de NP mais que VDIC "" NP NP "" ?"
722,1886_Valles_L'Insurge_A.txt,"Voyons , oui ou non , sans barguigner , fusillera -t -on papa à l' avènement de Sainte-Guillotine ?","VCOG , oui ou non , sans INF , VF t on VPS à le NC de NP ?"
723,1886_Valles_L'Insurge_A.txt,"Ma foi , non !","DETPOSS NC , non !"
724,1886_Valles_L'Insurge_A.txt,"Après tout , il a ouvert un cirque à toute une génération qui se rongeait les poings dans l' ombre ; sur le sol où l' Empire avait semé le sel biblique de la malédiction , il a jeté , lui , le sel gaulois à poignées – de ce sel qui ravive la terre , assainit les blessures , et remet la pourpre dans les plaies !","PHASE tout , il avoir PPAS un NCo à tout un NCmod qui se VSENT le NC dans le NCmod ; sur le NCmod où le NCs avoir PPAS le NCo ADJ de le NC , il avoir PPAS , lui , le NC ADJ à NCmod – de ce NCmod qui PRES le NCo , PRES le NCSENT , et PRES le ADJCOL dans le NC !"
725,1886_Valles_L'Insurge_A.txt,"Paris lui doit , à ce patapouf , un regain de gaieté et d' ironie .","NP lui devoir , à ce NC , un NC de NCSENT et de NC ."
726,1886_Valles_L'Insurge_A.txt,"Légitimiste , royaliste ?","ADJ , ADJ ?"
727,1886_Valles_L'Insurge_A.txt,allons donc !,aller donc !
728,1886_Valles_L'Insurge_A.txt,"Il est un blagueur de la grande école , et , avec son journal tirant à blanc contre les Tuileries , le premier insurgé de l' Empire .","il être un NC de le ADJ NCmod , et , avec DETPOSS NC PPRES à ADJCOL contre le NC , le ADJ NC de le NCmod ."
729,1886_Valles_L'Insurge_A.txt,Girardin aussi .,NP aussi .
730,1886_Valles_L'Insurge_A.txt,Il en est de le momifié de La Liberté comme de le poussah de le Figaro .,il en être de le NC de La NCmod comme de le NC de le NP .
731,1886_Valles_L'Insurge_A.txt,"Si l' on casse la glace dans laquelle il a mis refroidir son masque , on trouve de la bonté tapie dans la moue de ses lèvres , et de les larmes gelées dans ses yeux froids .","si l' on PRES le NCo dans lequel il avoir mettre INF DETPOSS NCo , on PRES de le NCSENT ADJ dans le NC de DETPOSS NCCOR , et de le NC PPAS dans DETPOSS NCCOR ADJ ."
732,1886_Valles_L'Insurge_A.txt,"Il n' a pas le loisir d' être sentimental , le pâle , ni d' expliquer son dédain de l' humanité , ni pourquoi il a le droit de fouailler , en valets , ceux qui sont gens à se laisser fouailler , les pleutres !","il ne avoir pas le NCo de être ADJ , le NC , ni de VDIC DETPOSS NCSENT de le NC , ni pourquoi il avoir le NCo de NCmod , en NCmod , celui qui être NC à se laisser INF , le NC !"
733,1886_Valles_L'Insurge_A.txt,"Il n' insulte pas ceux qu' il estime , pas de danger !","il ne PRES pas celui que il VSENT , pas de INF !"
734,1886_Valles_L'Insurge_A.txt,"Il a donné un coup de couteau dans mon fatras d' illusions , mais il me l' a porté en pleine poitrine .","il avoir PPAS un NCo de NCmod dans DETPOSS NC de NCmod , mais il me le avoir PPAS en ADJ NC ."
735,1886_Valles_L'Insurge_A.txt,"« C' est parce que je vous ai reconnu courageux » , m' a -t -il dit l' autre jour , où , en pleine soirée , il m' a pris le bras , devant tous , et s' est promené avec moi longtemps .",""" ce être parce que je vous avoir VCOG ADJ "" , lui avoir t il VDIC le autre NCT , où , en ADJ NCT , il lui avoir PPAS le NCCOR , ADVLIEU tout , et se être PPAS avec soi longtemps ."
736,1886_Valles_L'Insurge_A.txt,"Il s' est arrêté tout d' un coup , et me fixant : « Vous croyez que je méprise les pauvres , n' est -ce pas ?","il se être PPAS tout de un NC , et me PPRES : "" vous PRES que je VSENT le NCo , ne être ce pas ?"
737,1886_Valles_L'Insurge_A.txt,Non !,non !
738,1886_Valles_L'Insurge_A.txt,Mais je trouve imbécile l' homme à le cerveau robuste qui fait le puritain avant d' avoir assuré sa liberté en mettant de l' or dans son jeu .,mais je PRES ADJ le NC à le NCCOR ADJ qui faire le NCo PHASE de avoir PPAS DETPOSS NCo en mettre de le NC dans DETPOSS NCmod .
739,1886_Valles_L'Insurge_A.txt,Il en faut !,il en PRES !
740,1886_Valles_L'Insurge_A.txt,"Et puis , a -t -il ajouté plus bas , on peut faire le bien – en cachette , par exemple … sans quoi les affamés vous mangeraient la vie !» Il paraît , en effet , qu' il est charitable , ce cynique !","et puis , avoir t il PPAS plus ADJ , on pouvoir faire le bien – en NC , par NC … sans quoi le NCs vous VIMP le NCo !» il paraître , en NC , que il être ADJ , ce NC !"
741,1886_Valles_L'Insurge_A.txt,"J' ai appris même que , dans le cimetière de Saint-Mandé , l' homme atteint par sa balle peut dormir consolé ; que la veuve de le mort vit , depuis l' enterrement , de le pain donné par la main ensanglantée de le duelliste , et que le fils a pour tuteur inconnu dans la vie celui qui tua son père .","je avoir VCOG même que , dans le NC de NP , le NC PPAS par DETPOSS NC pouvoir INF PPAS ; que le NCs de le NCmod VCOG , depuis le NC , de le NC PPAS par le NCCOR PPAS de le NCmod , et que le NCs avoir pour NC ADJ dans le NC celui qui VPS DETPOSS NCo ."
742,1886_Valles_L'Insurge_A.txt,"Shakespeariens à leur façon , ces deux journalistes de le siècle : l' un traînant le ventre de Falstaff , l' autre offrant la tête d' Yorick à les méditations de les Hamlets !","ADJ à lui façon , ce NUM NC de le NCT : le un PPRES le NCCOR de NP , le autre PPRES le NCCOR de NP à le NC de le NP !"
743,1886_Valles_L'Insurge_A.txt,"« Mettez -vous dans vos meubles , mon cher , ayez un journal à vous !» ne cesse de me beugler le gros Villemessant .",""" mettre vous dans DETPOSS NC , DETPOSS NC , avoir un NCo à vous !» ne VASP de me INF le ADJ NP ."
744,1886_Valles_L'Insurge_A.txt,C' est bientôt dit; mais je vais essayer tout de même !,ce être bientôt dit; mais je aller INF tout de même !
745,1886_Valles_L'Insurge_A.txt,"J' y ai consacré six mois – six mois pendant lesquels je n' ai , employé mon temps qu' à prendre de les consommations ruineuses , dans de les endroits luxueux où je faisais de les stations de deux heures en guettant les richards , comme jadis , à l' époque de Chassaing {2} , en attendant les sept sous pour le gloria , bu à l' œil , et pour lesquels le délégué à le crédit était parti en expédition .","je y avoir PPAS NUM NCT – NUM NCT PHASE lequel je ne avoir , PPAS DETPOSS temps que à INF de le NC ADJ , dans de le NC ADJ où je faire de le NC de NUM NCT en PPRES le NCo , comme NCmod , à le NCmod de NP {2} , en PPRES le NUM NCo pour le NC , NC à le NCmod , et pour lequel le NC à le NCmod être PPAS en NC ."
746,1886_Valles_L'Insurge_A.txt,Que de petites lâchetés et de hontes comiques !,que un ADJ NC et de NCSENT ADJ !
747,1886_Valles_L'Insurge_A.txt,"J' ai ri à les calembours de fils de famille , plus bêtes que de les oies ; j' ai fait la bouche en cul de poule quand ils en contaient , « une bien bonne » parce qu' ils devaient mettre cent louis dans l' affaire ; j' ai rincé le bec à de les chevaliers d' industrie qui me promettaient un héritier ou un usurier … et qui se fichaient de moi .","je avoir PPAS à le NC de NCmod de NCmod , plus NCo que de le NC ; je avoir faire le NCCOR en NCCOR de NCmod quand il en VIMP , "" un bien ADJ "" parce que il devoir mettre NUM NC dans le NCmod ; je avoir PPAS le NCo à de le NC de NCmod qui me VIMP un NCo ou un NC … et qui se VIMP de soi ."
748,1886_Valles_L'Insurge_A.txt,Ah !,INTJ !
749,1886_Valles_L'Insurge_A.txt,j' ai bien fait de naître Auverpin !,je avoir bien faire de NC NP !
750,1886_Valles_L'Insurge_A.txt,Un autre se serait lassé et aurait demandé grâce à l' ennemi .,un autre se être VSENT et avoir PPAS ADV à le NC .
751,1886_Valles_L'Insurge_A.txt,"Moi , je n' ai pas cédé d' une semelle – ce sont mes semelles qui ont cédé .","soi , je ne avoir pas PPAS de un ADJ – ce être DETPOSS NC qui avoir PPAS ."
752,1886_Valles_L'Insurge_A.txt,"Car j' ai croqué , pendant ce chômage , ce qui me restait de l' argent de le Figaro ; j' ai même de les dettes .","car je avoir PPAS , PHASE ce NC , ce qui me VIMP de le NC de le NP ; je avoir même de le NC ."
753,1886_Valles_L'Insurge_A.txt,Me voici arrivé à le dernier billet de cent francs .,me ADV PPAS à le ADJ NC de NUM NC .
754,1886_Valles_L'Insurge_A.txt,"Je le ménage , en mangeant de le pain et en buvant de l' eau , chez moi , pour pouvoir aller sucer une côtelette et prendre une tasse de thé , à le café où vont les capitalistes .","je le NC , en PPRES de le NC et en NC de le NCmod , chez soi , pour pouvoir aller INF un NCo et INF un NCo de NCmod , à le NC où aller le NCs ."
755,1886_Valles_L'Insurge_A.txt,"À la fin , j' ai mis le grappin sur un collet tout pelucheux , et j' ai pincé entre les battants de ma porte une redingote de juif .","à le NC , je avoir mettre le NCo sur un NC tout ADJ , et je avoir PPAS entre le NC de DETPOSS NCmod un NC de NCmod ."
756,1886_Valles_L'Insurge_A.txt,Je le tiens !,je le PRES !
757,1886_Valles_L'Insurge_A.txt,"Il mettra son nom en tête , aura le titre de Directeur , la moitié de les bénéfices , et versera , pour cela , deux mille francs !","il mettre DETPOSS NCo en NCCOR , avoir le NCo de NCmod , le NC de le NCmod , et VF , pour cela , NUM NUM NCo !"
758,1886_Valles_L'Insurge_A.txt,On va vraiment loin avec deux mille francs !,on aller ADVINT ADVLIEU avec NUM NUM NC !
759,1886_Valles_L'Insurge_A.txt,"Mais , loin ou non , j' ai hâte d' en finir .","mais , ADVLIEU ou non , je avoir NCo de en VASP ."
760,1886_Valles_L'Insurge_A.txt,"«Vous avez le génie de l' administration , dites-vous ?","«le avoir le NCo de le NCmod , dites-vous ?"
761,1886_Valles_L'Insurge_A.txt,"Moi , je suis sûr de moi !","soi , je être ADJ de soi !"
762,1886_Valles_L'Insurge_A.txt,"… À le mur , les affiches !» On en a collé pour cinquante francs .","… À le NC , le NC !» on en avoir PPAS pour NUM NC ."
763,1886_Valles_L'Insurge_A.txt,"Si rares qu' elles soient , les malheureuses , l' une d' elles a frappé les yeux d' un patron de journal qui a prétendu que si j' étais allé le voir , il m' eût accueilli à bras ouverts .","si ADJ que il être , le NC , le NCs de il avoir frapper le NCCOR de un NCmod de NC qui avoir PPAS que si je être aller le VCOG , il lui avoir PPAS à NCCOR ADJ ."
764,1886_Valles_L'Insurge_A.txt,Il ment .,il PRES .
765,1886_Valles_L'Insurge_A.txt,« Voulez -vous lâcher votre canard qui crèvera en cassant sa coquille et entrer chez moi ?,""" vouloir lui INF DETPOSS NCo qui VF en PPRES DETPOSS NCo et INF chez soi ?"
766,1886_Valles_L'Insurge_A.txt,– Non !,– non !
767,1886_Valles_L'Insurge_A.txt,"» J' ai envie de rire un peu à le nez de cette société que je ne puis attaquer de vive force , fût -ce à le péril de ma vie !",""" je avoir NCo de INF un peu à le NCCOR de ce NCmod que je ne puis INF de ADJ NCSENT , être ce à le NC de DETPOSS NCmod !"
768,1886_Valles_L'Insurge_A.txt,L' ironie me pète de le cerveau et de le cœur .,le NCs me PRES de le NCCOR et de le NC .
769,1886_Valles_L'Insurge_A.txt,"Je sais que la lutte est inutile , je m' avoue vaincu d' avance , mais je vais me blaguer moi-même , blaguer les autres , hurler mon mépris pour les vivants et pour les morts .","je VCOG que le NCs être ADJ , je lui VDIC PPAS de NC , mais je aller me INF soi-même , INF le autre , VDIC DETPOSS NCo pour le NC et pour le NC ."
770,1886_Valles_L'Insurge_A.txt,Et je l' ai fait !,et je le avoir faire !
771,1886_Valles_L'Insurge_A.txt,"– je me suis payé une bosse de franchise , une vraie tranche de dédain !","– je me être PPAS un NCo de NCmod , un vrai NC de NCSENT !"
772,1886_Valles_L'Insurge_A.txt,J' ai appelé à moi les premiers venus .,je avoir PPAS à soi le ADJ NCo .
773,1886_Valles_L'Insurge_A.txt,"Il m' est arrivé un jeune homme de seize ans , à la figure maladive , avec de les airs de fille , mais aussi avec l' ossature faciale d' un gars à idées et à poil .","il lui être PPAS un ADJ NCo de NUM NCT , à le NCCOR ADJ , avec de le NCMAN de NC , mais aussi avec le NC ADJ de un NCmod à NCmod et à NCCOR ."
774,1886_Valles_L'Insurge_A.txt,"Espèce de moulage de plâtre jauni à l' air , avec le rat de la phtisie logé dedans !","espèce de NCmod de NC PPAS à le NCMAN , avec le NCmod de le NCmod PPAS dedans !"
775,1886_Valles_L'Insurge_A.txt,C' est Ranc qui me l' a envoyé .,ce être NP qui me le avoir PPAS .
776,1886_Valles_L'Insurge_A.txt,"Il a rôdé deux heures devant la maison , avant d' oser monter ; c' est sa mère qui a fini par pousser la porte et demander , pour son fils , Gustave Maroteau , l' aumône d' une auscultation littéraire .","il avoir PPAS NUM NCT ADVLIEU le NC , PHASE de INF INF ; ce être DETPOSS NC qui avoir VASP par INF le NCo et INF , pour DETPOSS NC , NP NP , le NC de un NC ADJ ."
777,1886_Valles_L'Insurge_A.txt,"Derrière lui est entré Georges Cavalié , le Don Quichotte de la laideur , long , sec , dégingandé , biscornu , que j' ai baptisé Pipe-en-Bois , il y a deux ans , à le café Voltaire – à cause de son air de calumet à tuyau de frêne , taillé par un berger – et qui , sous ce nom , représente le sifflet de le paradis , depuis le boucan d' Henriette Maréchal à le Français !","ADVLIEU lui être PPAS NP NP , le NP NP de le NCmod , ADJ , ADJ , PPAS , ADJ , que je avoir PPAS NP , il y avoir NUM NCT , à le NC NP – à NC de DETPOSS NCMAN de NCmod à NCmod de NCmod , PPAS par un NC – et qui , sous ce NC , PRES le NCo de le NCmod , depuis le NC de NP NP à le NCmod !"
778,1886_Valles_L'Insurge_A.txt,"Fruit sec de la Pipo , mais pas bête; bizarre ; gai , vaillant aussi , n' ayant pas de poitrine , mais ayant de le cœur .","NC ADJ de le NP , mais pas bête; ADJ ; NCs , PPRES aussi , ne avoir pas de NC , mais avoir de le NC ."
779,1886_Valles_L'Insurge_A.txt,"Un autre , rougeaud , trapu , avec un crâne chauve bleui par places , comme une poularde où il y a de les truffes , l' air paysan , les oreilles percées , la mouche de le vigneron sous la lèvre .","un autre , ADJCOL , NC , avec un NC NCmod PPAS par NC , comme un NC où il y avoir de le NC , le NCMAN ADJ , le NCCOR ADJ , le NC de le NCmod sous le NCCOR ."
780,1886_Valles_L'Insurge_A.txt,"Il est débarqué chez moi , se disant patronné par les Goncourt , et m' a emmené chez eux .","il être PPAS chez soi , se VDIC PPAS par le NP , et lui avoir PPAS chez eux ."
781,1886_Valles_L'Insurge_A.txt,"Il a encore pour parrain Lepère , un avocat de son pays , député de demain , poète de jadis , auteur de la chanson de le Vieux Quartier latin , qui connaît depuis dix ans et aime comme tout le garçon à le crâne truffé .","il avoir encore pour NC NP , un NCo de DETPOSS NCmod , NC de ADVT , NCmod de ADV , NC de le NCmod de le ADJ NP ADJ , qui PRES depuis NUM NCT et VSENT comme tout le NC à le NCmod PPAS ."
782,1886_Valles_L'Insurge_A.txt,"« Vous pouvez compter sur lui , a -t -il fait en tapant sur l' épaule de l' homme .",""" vous pouvoir INF sur lui , avoir t il faire en PPRES sur le NCCOR de le NCmod ."
783,1886_Valles_L'Insurge_A.txt,"Lourd , mais sûr .» Et Gustave Puissant est devenu le Roger Bontemps de le journal .","NP , mais ADJ .» et NP NP être devenir le NP NP de le NCmod ."
784,1886_Valles_L'Insurge_A.txt,"Il fait de les articles saisissants à force d' être surveillés et fouillés ; il espionne la nature , moucharde ses héros , et vous livre de les dossiers empoignants .","il faire de le NC ADJ à NCSENT de être PPAS et PPAS ; il PRES le NCo , PRES DETPOSS NC , et vous VSUBP de le NC ADJ ."
785,1886_Valles_L'Insurge_A.txt,J' ai un Normalien qui fait pipi sur la Normale .,je avoir un NCo qui faire NCo sur le NP .
786,1886_Valles_L'Insurge_A.txt,"Et tous de casser le mufle à les rengaines et d' allumer de les incendies de paradoxes , sous le nez de les cipaux de marbre qui montent la garde dans les musées – la blague ayant toujours sa cible sérieuse et devant , sans cesse , aller écorcher le pif de Badinguet à les Tuileries !","et tout de INF le NCo à le NC et de INF de le NC de NCmod , sous le NCCOR de le NCmod de NCmod qui PRES le NCo dans le NC – le NC avoir ADVTEMPS DETPOSS NC ADJ et ADVLIEU , sans NC , aller INF le NCo de NP à le NC !"
787,1886_Valles_L'Insurge_A.txt,"Mais il faudrait un cautionnement pour pouvoir jaboter politique , même en se moquant !","mais il VCOND un NCo pour pouvoir INF ADJ , même en se PPRES !"
788,1886_Valles_L'Insurge_A.txt,"Et tous les mois on saisit notre pauvre Rue , on arrête la vente de les kiosques , on nous fait les cent mille misères !","et tout le NCT on PRES DETPOSS ADJ NCo , on PRES le NCo de le NCmod , on nous faire le NUM NUM NCo !"
789,1886_Valles_L'Insurge_A.txt,"Un beau jour , j' ai écrit une page brutale , Les Cochons vendus , qui , en paraissant souffleter de les maquignons , giflait magistrats et ministres , légalité et tradition .","un ADJ NCT , je avoir PPAS un NCo ADJ , Les NP ADJ , qui , en paraître INF de le NC , VIMP NCo et NC , NC et NC ."
790,1886_Valles_L'Insurge_A.txt,L' huissier est venu .,le NCspas être venir .
791,1886_Valles_L'Insurge_A.txt,On va nous tuer .,on aller nous INF .
792,1886_Valles_L'Insurge_A.txt,"Mais je ne suis pas en nom ; la loi ne s' en prend qu' à le gérant et ne désire pas atteindre le coupable , pourvu que l' arme soit brisée .","mais je ne être pas en NC ; le NCs ne se en PRES que à le NC et ne VSENT pas INF le NCo , pourvu que le NCspas être PPAS ."
793,1886_Valles_L'Insurge_A.txt,Pauvre gérant !,NP ADJ !
794,1886_Valles_L'Insurge_A.txt,"Il m' a été adressé , par je ne sais qui , et s' est fait reconnaître à moi en deux mots qui ont réveillé l' une de les souffrances que j' ai tenues cachées , depuis mon enfance , dans le coin le plus ensanglanté de mon cœur .","il lui avoir être PPAS , par je ne VCOG qui , et se être faire VCOG à soi en NUM NC qui avoir PPAS le un de le NCSENT que je avoir PPAS PPAS , depuis DETPOSS NC , dans le NCmod le plus PPAS de DETPOSS NC ."
795,1886_Valles_L'Insurge_A.txt,"Un jour , quand j' avais dix ans , alors que le père était pion et avait obtenu que son fils travaillât , à ses côtés , dans la chambrée de les grands , un élève irrita M.Vingtras , qui leva la main et effleura le visage de l' écolier insolent .","un NCT , quand je avoir NUM NCT , alors que le NCs être NC et avoir PPAS que DETPOSS NC ADJ , à DETPOSS NC , dans le NC de le NCmod , un NC ADJ NP , qui VPS le NCCOR et VPS le NCCOR de le NCmod ADJ ."
796,1886_Valles_L'Insurge_A.txt,"Le frère de cet écolier , solide , fort , déjà moustachu , qui se préparait à la Forestière , sauta par-dessus la table , et vint , à son tour , frapper le maître d' étude , et le bouscula et le battit .","le NC de ce NCmod , NC , fort , déjà PPAS , qui se VIMP à le NP , VPS ADV le NCo , et venir , à DETPOSS NC , frapper le NCo de NCmod , et le NC et le NC ."
797,1886_Valles_L'Insurge_A.txt,J' aurais voulu tuer ce grand-là !,je avoir vouloir INF ce grand-là !
798,1886_Valles_L'Insurge_A.txt,J' avais entendu l' économe parler d' un pistolet qu' il avait dans son armoire .,je avoir VCOG le NCo INF de un NC que il avoir dans DETPOSS NC .
799,1886_Valles_L'Insurge_A.txt,"Je m' introduisis comme un voleur chez lui , fouillai dans les tiroirs , ne trouvai rien .","je se PPAS comme un NC chez lui , NC dans le NCs , ne VF rien ."
800,1886_Valles_L'Insurge_A.txt,"Si j' avais mis la main sur l' arme , j' aurais peut-être passé en cour d' assises .","si je avoir mettre le NCCOR sur le NC , je avoir peut-être PPAS en NC de NCmod ."
801,1886_Valles_L'Insurge_A.txt,"Le proviseur s' émut , et de les excuses furent faites , en plein réfectoire .","le NCs se PRES , et de le NC être faire , en ADJ NC ."
802,1886_Valles_L'Insurge_A.txt,– Mon père pleurait .,– DETPOSS NC VIMP .
803,1886_Valles_L'Insurge_A.txt,"Quand , excitée par un hasard , ma mémoire a reconstruit la scène , je l' ai maltraitée , bourrée d' autres pensées et traînée vite sur un autre terrain , parce qu' il me semblait sentir fermenter de la boue sous mon crâne !","quand , VSENT par un NC , DETPOSS NCs avoir PPAS le NCo , je le avoir PPAS , NCs un autre PPAS et PPAS ADV sur un autre NC , parce que il me sembler sentir INF de le NC sous DETPOSS NCmod !"
804,1886_Valles_L'Insurge_A.txt,Et voilà que c' est le cadet de celui qui insulta mon père qui offre ses joues pour recevoir les soufflets de la Justice !,et voilà que ce être le NC de celui qui VPS DETPOSS NCo qui PRES DETPOSS NCo pour INF le NCo de le NCmod !
805,1886_Valles_L'Insurge_A.txt,"J' ai eu , un moment , l' envie de me venger sur l' innocent .","je avoir avoir , un NC , le NCo de me INF sur le NC ."
806,1886_Valles_L'Insurge_A.txt,"Si ses cheveux n' avaient pas été gris , je lui rendais la gifle , alourdie par vingt-cinq ans de fureur , et je l' assommais .","si DETPOSS NCCOR ne avoir pas être ADJCOL , je lui VIMP le NCo , PPAS par NUM NCT de NCmod , et je le NC ."
807,1886_Valles_L'Insurge_A.txt,"Mais il a l' air bon , ce candidat à la gérance .","mais il avoir le NCMAN ADJ , ce NC à le NCmod ."
808,1886_Valles_L'Insurge_A.txt,Puis il ne demande presque rien .,puis il ne PRES presque rien .
809,1886_Valles_L'Insurge_A.txt,"Et , parce que le frère de le souffleteur s' offre à le rabais , le fils de le souffleté oublie l' injure , et l' embauche .","et , parce que le NCs de le NCmod se PRES à le NC , le NCs de le NCmod VCOG le NCo , et le PRES ."
810,1886_Valles_L'Insurge_A.txt,"Pour un million , je n' aurais pas voulu de la douleur que le scandale me laissa : pour vingt francs de moins à donner , je tope dans la main de l' individu .","pour un NC , je ne avoir pas vouloir de le NCSENT que le NCmod me laisser : pour NUM NC de moins à INF , je PRES dans le NCCOR de le NCmod ."
811,1886_Valles_L'Insurge_A.txt,"Il sanglote , à son tour , quoique pourtant ce ne soit pas une humiliation , mais presque un honneur qui l' attend .","il PRES , à DETPOSS NC , quoique ADV ce ne être pas un NCSENT , mais presque un NCSENT qui le PRES ."
812,1886_Valles_L'Insurge_A.txt,Il sera « condamné politique » et ceux qui ne l' auront pas vu geindre et se lamenter devant les juges le salueront .,"il être "" PPAS ADJ "" et celui qui ne le avoir pas VCOG INF et se INF ADVLIEU le NC le VF ."
813,1886_Valles_L'Insurge_A.txt,"L' avocat de le journal tire de son attitude de les effets de pitié joyeuse , et il demande grâce pour le pauvre homme , qui en attrape pour six mois tout de même , et sort en épongeant son crâne chauve , sans s' apercevoir que son mouchoir à carreaux dégoutte , grâce à la rigole de les larmes .","le NCs de le NCmod PRES de DETPOSS NC de le NCmod de VSENT ADJ , et il PRES ADV pour le ADJ NC , qui en PRES pour NUM NCT tout de même , et PRES en PPRES DETPOSS NCo PRES , sans se INF que DETPOSS NCs à NCmod NCmod , ADV à le NC de le NCmod ."
814,1886_Valles_L'Insurge_A.txt,"« Tâchez d' obtenir que je ne fasse pas la prison , demande -t -il , entre deux hoquets , à le défenseur qui promet de s' en occuper .",""" IMP de INF que je ne faire pas le NCo , PRES t il , entre NUM NC , à le NC qui PRES de se en INF ."
815,1886_Valles_L'Insurge_A.txt,Six mois !,NUM NCT !
816,1886_Valles_L'Insurge_A.txt,six mois !» Il fait pisser son foulard… et Laurier de rire derrière lui .,NUM NCT !» il faire INF DETPOSS NP et NP de INF ADVLIEU lui .
817,1886_Valles_L'Insurge_A.txt,"Il rirait derrière une douleur pour tout de bon , ce Laurier !","il VIMP ADVLIEU un NCSENT pour tout de ADJ , ce NP !"
818,1886_Valles_L'Insurge_A.txt,"Point par cruauté , mais parce que ses veines charrient le mépris de l' humanité et que ce mépris tortille et fronce sa bouche menue : museau de rongeur , face de rat – de rat qu' on aurait pris par la queue et trempé dans un tonneau de Malvoisie .","ADV par NC , mais parce que DETPOSS NCs PRES le NCo de le NCmod et que ce NC NC et NC DETPOSS NCCOR ADJ : NC de NCmod , NC de NCmod – de NCmod que on avoir PPAS par le NC et PPAS dans un NC de NP ."
819,1886_Valles_L'Insurge_A.txt,"Le teint est vineux , c' est un sanguin !","le NCs être ADJ , ce être un NC !"
820,1886_Valles_L'Insurge_A.txt,"Il y a de la vigueur , sous son enveloppe frêle , et , entre ses petites dents à grignoter le bois , siffle une voix aiguë et ferme , qui s' enfonce en vrille dans l' oreille d' un tribunal .","il y avoir de le NCSENT , sous DETPOSS NC ADJ , et , entre DETPOSS ADJ NCCOR à INF le NCs , PRES un NCMAN ADJ et ADJ , qui se PRES en NC dans le NCCOR de un NC ."
821,1886_Valles_L'Insurge_A.txt,"Il est gai et mordant , hardi même .","il être ADJ et ADJ , NC même ."
822,1886_Valles_L'Insurge_A.txt,"Il n' a pas seulement de les grains de sel sur la langue , mais aussi de les grains de poudre ; il fait rire et fait peur , avec son ironie qui tantôt amuse et tantôt ensanglante , qui pique ou déchire à le choix – sans que la passion s' en mêle jamais !","il ne avoir pas seulement de le NC de NCmod sur le NCCOR , mais aussi de le NC de NCmod ; il faire INF et faire NCSENT , avec DETPOSS NC qui PRES PRES et ADV ADJ , qui PRES ou PRES à le NC – sans que le NCSENT se en PRES ADVTEMPS !"
823,1886_Valles_L'Insurge_A.txt,"Il est le scepticisme incarné ; c' est un tireur pour la joie de tirer et de toucher , qui fait rouge de son épée et blanc de ses convictions .","il être le NC PPAS ; ce être un NC pour le NCSENT de INF et de INF , qui PPAS ADJCOL de DETPOSS NCmod et ADJCOL de DETPOSS NCmod ."
824,1886_Valles_L'Insurge_A.txt,"Ce petit homme sans menton , sans lèvres , à tête de belette et aussi de linotte , est une de les caboches les plus fortes de son temps , le Machiavel de son époque … un Machiavel chafouin , blagueur , Fouilleur , viveur , puisqu' il vient après Tortillard , Jean Hiroux , Calchas et Giboyer .","ce ADJ NCs sans NCCOR , sans NCCOR , à NCCOR de NCmod et aussi de NC , être un de le NC le plus fort de DETPOSS temps , le NP de DETPOSS NCmod … un NP NC , NC , NP , NC , puisque il venir PHASE NP , NP NP , NP et NP ."
825,1886_Valles_L'Insurge_A.txt,Il n' écrit plus Le Prince – pas de danger !,il ne PPAS plus Le NP – pas de NC !
826,1886_Valles_L'Insurge_A.txt,– il est en train d' écrire Le Tribun .,– il être en NC de INF le NP .
827,1886_Valles_L'Insurge_A.txt,"Il a rencontré à le Palais un gars de le Midi , à la tignasse noire , à le timbre ronflant , jouant les débraillés , et borgne ; ce qui en fait un être à part , lui donne une marque de fabrique , un signe qui le fera reconnaître .","il avoir PPAS à le NC un NCo de le NCmod , à le NC ADJ , à le NC ADJ , PPRES le NCo , et NC ; ce qui en faire un être à NCmod , lui PRES un NCo de NC , un NC qui le faire VCOG ."
828,1886_Valles_L'Insurge_A.txt,"S' il eût eu ses deux yeux , l' autre ne l' aurait pas pris ; un homme comme tout le monde , sans une taie , une bosse , un tire-l'œil , n' aurait pas fait son affaire .","si il avoir avoir DETPOSS NUM NCCOR , le autre ne le avoir pas PPAS ; un NCs comme tout le NCmod , sans un NCmod , un NC , un NC , ne avoir pas faire DETPOSS NCo ."
829,1886_Valles_L'Insurge_A.txt,"…………… Laurier n' hésite pas , et étend la main sur le phénomène .","…………… NP ne PRES pas , et PRES le NCCOR sur le NC ."
830,1886_Valles_L'Insurge_A.txt,"C' est le bélier qu' il dressera pour faire , à coups de corne , les trous par où se glisseront ses envies de millions et ses fièvres de curiosité .","ce être le NC que il VF pour faire , à NC de NCmod , le NCo par où se VF DETPOSS NCs de NCmod et DETPOSS VSENT de NCSENT ."
831,1886_Valles_L'Insurge_A.txt,Il pourrait ronger avec ses quenottes et passer – il préfère qu' un autre enfonce .,il pouvoir VSENT avec DETPOSS NC et INF – il PRES que un autre NCo .
832,1886_Valles_L'Insurge_A.txt,…………… Il a flairé son temps .,…………… il avoir PPAS DETPOSS temps .
833,1886_Valles_L'Insurge_A.txt,"On espère une grosse voix , un geste peuple , une allure d' orateur de carrefour , un Thérésa mâle .","on VCOG un ADJ NCMAN , un NC NCmod , un NCMAN de NCmod de NCmod , un DETPOSS NC ."
834,1886_Valles_L'Insurge_A.txt,"On est las de Schneider et de Morny , de Cochonnette et de Caderousse ; la bourgeoisie a plein le dos de l' Empire et veut paraître courageuse contre lui , après l' avoir préparé par sa lâcheté , ses assassinats d' ouvriers et ses transportations sans jugements .","on être ADJ de NP et de NP , de NP et de NP ; le NCs avoir ADJ le NCCOR de le NCmod et vouloir paraître NCo contre lui , PHASE le avoir PPAS par DETPOSS NC , DETPOSS NCo de NCmod et DETPOSS NC sans NC ."
835,1886_Valles_L'Insurge_A.txt,"L' orgueil de la race , son intérêt aussi , la poussent à faire les gros yeux à le Bonaparte .","le NCSENT de le NCmod , DETPOSS NCSENT aussi , le PRES à faire le ADJ NCCOR à le NP ."
836,1886_Valles_L'Insurge_A.txt,"Les prunelles de Gambetta , même celle qui a un voile – surtout celle-là !","le NC de NP , même celui qui avoir un NCo – surtout celle-là !"
837,1886_Valles_L'Insurge_A.txt,– lanceront le regard de colère et la lueur de mort qui doivent menacer le pouvoir !,– VF le NCMAN de NCSENT et le NC de NCmod qui devoir VDIC le pouvoir !
838,1886_Valles_L'Insurge_A.txt,"…………… C' est sa façon de rire à le Forum , à ce Laurier qui aime les mystifications féroces et se délecte à ce rôle de Barnum à le nez creux , qui sent que le vent est à la paillasserie de l' éloquence .","…………… ce être DETPOSS façon de INF à le NP , à ce NP qui VSENT le NCo ADJ et se NC à ce NCmod de NP à le NCCOR ADJ , qui sentir que le NCs être à le NC de le NC ."
839,1886_Valles_L'Insurge_A.txt,"Car la vulgarité même de Gambetta sert à sa vogue , la banalité de son fonds d' idées est l' engrais de son talent .","car le NCs même de NP PRES à DETPOSS NC , le NCo de DETPOSS NCmod de NCmod être le NC de DETPOSS NCmod ."
840,1886_Valles_L'Insurge_A.txt,"Cabotin jusqu' à le bout de les griffes , il ne prend pas une minute de vacances , n' accroche à aucune patère , ni de salon bourgeois , ni de café de noceurs , ni de cabaret louche , son ulster en peau de lion – toujours Dantonesque , même à table , même à le lit !","NP jusque à le NCmod de le NCmod , il ne PRES pas un NCT de NCs , ne PRES à aucun NC , ni un NC ADJ , ni un NC de NCmod , ni de NC ADJ , DETPOSS NC en NCCOR de NCmod – ADVTEMPS Dantonesque , même à NC , même à le NC !"
841,1886_Valles_L'Insurge_A.txt,"Il a lu que Danton , avant d' éternuer dans le son , déclara qu' il ne regrettait pas la vie , ayant bien soiffé avec les buveurs , bien riboté avec les filles ; et il fait le soiffeur , le riboteur , le Gargantua et le Roquelaure .","il avoir PPAS que NP , PHASE de INF dans le NC , VPS que il ne VIMP pas le NC , avoir bien PPAS avec le NC , bien PPAS avec le NC ; et il faire le NC , le NC , le NP et le NP ."
842,1886_Valles_L'Insurge_A.txt,"Il se crée , autour de ses tapages et de ses orgies , une légende que Laurier chauffe .","il se PRES , ADV de DETPOSS NC et de DETPOSS NC , un NC que NP PRES ."
843,1886_Valles_L'Insurge_A.txt,"…………… Ce mélange de libertinage soûlard et de faconde tribunitienne emplit d' admiration les petits de la conférence Molé ou les ratés de le café de Madrid , qui s' en vont criant à la foule : « Hein! est -ce un mâle !» Cabotin !","…………… ce NCs de NCmod ADJ et de NC ADJ PRES de NCSENT le ADJ de le NC NP ou le NC de le NCmod de NP , qui se en aller VDIC à le NC : "" NP être ce un NC !» NP !"
844,1886_Valles_L'Insurge_A.txt,cabotin !,NC !
845,1886_Valles_L'Insurge_A.txt,…………… 9 Un article de La Rue m' a retiré le pain de la bouche .,…………… NUM un NCs de La NCmod lui avoir PPAS le NCo de le NCCOR .
846,1886_Valles_L'Insurge_A.txt,J' y signalais comme farceurs ou fusilleurs futurs les députés de Paris .,je y VIMP comme NC ou NC ADJ le NCmod de NP .
847,1886_Valles_L'Insurge_A.txt,"Désormais , les journaux de l' opposition me sont fermés .","ADV , le NCs de le NCmod me être ADJ ."
848,1886_Valles_L'Insurge_A.txt,"J' ai osé toucher à les idoles : les bonapartistes m' ont emprisonné , les tricolores vont m' affamer .","je avoir PPAS INF à le NC : le NCs lui avoir PPAS , le NCs aller se INF ."
849,1886_Valles_L'Insurge_A.txt,"Chaque barreau de l' échelle parlementaire porte un de les cinq coqs de la gauche que j' ai déplumés , dont j' ai fait saigner le croupion .","chaque NCs de le NCmod ADJ PRES un de le NUM NCmod de le NCmod que je avoir PPAS , dont je avoir faire INF le NCo ."
850,1886_Valles_L'Insurge_A.txt,"Ils ont juré , pour leur revanche , de me faire saigner l' estomac et le cœur .","il avoir PPAS , pour lui NC , de me faire INF le NCCOR et le NC ."
851,1886_Valles_L'Insurge_A.txt,On ne laissera pas plus gazouiller mes rossignols littéraires qu' on ne laissera aboyer mes colères politiques .,on ne laisser pas plus INF DETPOSS NCo ADJ que on ne laisser INF DETPOSS NCSENT ADJ .
852,1886_Valles_L'Insurge_A.txt,"J' ai engagé la lutte , le rire à les dents .","je avoir PPAS le NCo , le NCMAN à le NCCOR ."
853,1886_Valles_L'Insurge_A.txt,"Il faudra que ces dents s' allongent , ou que je me les laisse arracher , que je demande grâce , et que j' aille leur lécher les bottes .","il VF que ce NCCOR se PRES , ou que je me le laisser INF , que je PRES ADV , et que je ailler lui INF le NCo ."
854,1886_Valles_L'Insurge_A.txt,J' ai vraiment eu une riche idée en écrivant ces deux cents lignes !,je avoir ADVINT avoir un ADJ NCo en PPRES ce NUM NUM NCo !
855,1886_Valles_L'Insurge_A.txt,… Elles me désignent à la calomnie et à la mort !,… il me PRES à le NC et à le NC !
856,1886_Valles_L'Insurge_A.txt,« Elles vous désignent à le peuple aussi !,""" il vous PRES à le NC aussi !"
857,1886_Valles_L'Insurge_A.txt,"m' a dit un vieil insurgé , en me prenant le poignet et avec un éclair dans les yeux .","lui avoir VDIC un ADJ NCo , en me PPRES le NCCOR et avec un NC dans le NCCOR ."
858,1886_Valles_L'Insurge_A.txt,"Tenez bon , nom de Dieu !","NC ADJ , NC de NP !"
859,1886_Valles_L'Insurge_A.txt,"et , à les jours de révolution , c' est vous que le faubourg appellera ; c' est eux qu' il collera à le mur !","et , à le NCT de NC , ce être vous que le NCs VF ; ce être eux que il VF à le NC !"
860,1886_Valles_L'Insurge_A.txt,"Rappelez -vous ce que je vous dis là , citoyen !» Tenir bon !","IMP lui ce que je vous VDIC ADVLIEU , NC !» tenir ADJ !"
861,1886_Valles_L'Insurge_A.txt,Oh !,INTJ !
862,1886_Valles_L'Insurge_A.txt,"si j' avais seulement la miche assurée , la chemise blanche , un galetas , l' ordinaire de la crémerie , – cent sous de rente par jour !","si je avoir seulement le NCo ADJ , le NC ADJCOL , un NC , le NC de le NCmod , – NUM NC de NCmod par NCT !"
863,1886_Valles_L'Insurge_A.txt,Je ne les ai pas !,je ne le avoir pas !
864,1886_Valles_L'Insurge_A.txt,"Il va falloir gagner sa vie à tripoter encore les livres , à compiler les vieux , à pondre de les œufs de cane pour les faiseurs de dictionnaires , qui , moyennant dix centimes la ligne , prendront le droit de m' humilier à plaisir , de me faire stationner dans l' antichambre , de hocher la tête en brocanteurs qui déprécient la marchandise qu' on leur apporte … surtout quand celui qu' ils exploitent est un failli de le succès .","il aller INF INF DETPOSS NCo à INF encore le NCo , à INF le ADJ , à INF de le NC de NCmod pour le NCmod de NCmod , qui , moyennant NUM NCmod le NC , VF le NCo de lui VSENT à NCSENT , de me faire INF dans le NC , de INF le NCCOR en NC qui PRES le NCo que on lui PRES … surtout quand celui que il PRES être un NC de le NCmod ."
865,1886_Valles_L'Insurge_A.txt,Oh !,INTJ !
866,1886_Valles_L'Insurge_A.txt,mieux vaudrait casser de les pierres sous le grand soleil !,mieux VCOND INF de le NC sous le ADJ NC !
867,1886_Valles_L'Insurge_A.txt,«Je t' écoute !,«il le VCOG !
868,1886_Valles_L'Insurge_A.txt,"» m' a crié Landriot , qui a lâché la Normale pour être secrétaire d' un gros bonnet de la Sorbonne , lequel a claqué et l' a laissé dans la panne .",""" lui avoir VDIC NP , qui avoir PPAS le NP pour être NC de un ADJ NC de le NP , lequel avoir PPAS et le avoir laisser dans le NC ."
869,1886_Valles_L'Insurge_A.txt,Il est devenu la béquille de Gustave Planche ; claqué aussi le père Planche !,il être devenir le NCo de NP NP ; PPAS aussi le NCo NP !
870,1886_Valles_L'Insurge_A.txt,"Et Landriot , depuis de les années , a la salive rouge ; c' est en toussant , et d' une voix cassée , qu' il a cinglé l' ambition de mon souhait avec son rire poussif de gavroche agonisant .","et NP , depuis de le NCT , avoir le NCo ADJCOL ; ce être en NC , et de un NCMAN PPAS , que il avoir PPAS le NCSENT de DETPOSS NCmod avec DETPOSS NCMAN ADJ de NCmod ADJ ."
871,1886_Valles_L'Insurge_A.txt,"Il a essayé de tout , lui – jusqu' à la mendicité !","il avoir PPAS de tout , lui – jusque à le NC !"
872,1886_Valles_L'Insurge_A.txt,"Il ne le cache pas , il lance son aveu , avec les lambeaux de ses poumons , à la face de cette société qui a permis à la faim de lui ronger la poitrine – et l' honneur !","il ne le PRES pas , il PRES DETPOSS NCo , avec le NC de DETPOSS NCCOR , à le NC de ce NC qui avoir permettre à le NC de lui VSENT le NCo – et le NCSENT !"
873,1886_Valles_L'Insurge_A.txt,"Il est même cause que je passe pour un gredin auprès de gens qui se contentent de le plaindre , et de s' égayer à le récit et à la pantomime de la scène d' aumône .","il être même ADJ que je PRES pour un NC ADV de NC qui se VSENT de le INF , et de se VSENT à le NC et à le NC de le NCmod de NCmod ."
874,1886_Valles_L'Insurge_A.txt,"« Moi , ai-je crié , j' aurais mieux aimé arrêter l' homme et lui dire : « Donne de quoi acheter de le pain , ou je t' étrangle !",""" soi , ai-il VDIC , je avoir mieux VSENT INF le NCo et lui VDIC : "" NP de quoi INF de le NC , ou je ADV ADJ !"
875,1886_Valles_L'Insurge_A.txt,» Ils se sont voilé la face !,""" il se être PPAS le NCo !"
876,1886_Valles_L'Insurge_A.txt,"« C' est qu' il serait capable de le faire comme il le dit !» Oui , j' aurais préféré attaquer à le coin d' un bois que mendier à le coin d' une borne ; mais j' aurais préféré aussi me briser la tête contre un mur , ou me jeter à la rivière , que de ne pas garder ma probité intacte .",""" ce être que il être ADJ de le faire comme il le VDIC !» oui , je avoir PPAS INF à le NC de un NCmod que INF à le NC de un NCmod ; mais je avoir PPAS aussi me INF le NCCOR contre un NCmod , ou me INF à le NC , que de ne pas INF DETPOSS NCo ADJ ."
877,1886_Valles_L'Insurge_A.txt,C' est un outil qu' il me faut conserver pur et tranchant comme une lame neuve .,ce être un NC que il me PRES INF ADJ et ADJ comme un NC ADJ .
878,1886_Valles_L'Insurge_A.txt,Landriot a ricané de nouveau .,NP avoir PPAS de ADJ .
879,1886_Valles_L'Insurge_A.txt,«Ta probité ?,ADJ NC ?
880,1886_Valles_L'Insurge_A.txt,"Tu en crèveras , comme moi de ma phtisie .","je en NC , comme soi de DETPOSS NCmod ."
881,1886_Valles_L'Insurge_A.txt,"Seulement , il faudra peut-être qu' ils te tuent , parce que , toi , tu es solide … Mais si tu te figures que tu vas manger ton soûl de par les dictionnaires , et avoir ton chalumeau de paille et ton droit à le vin sur le radeau de Lachâtre ou de Larousse , il faut en rabattre , mon fiston !","seulement , il VF peut-être que il me PRES , parce que , soi , je être ADJ … mais si je me NCCOR que je ADV INF DETPOSS NC de par le NCmod , et avoir DETPOSS NCo de NCmod et DETPOSS NC à le NCmod sur le NC de NP ou de NP , il PRES en INF , DETPOSS NC !"
882,1886_Valles_L'Insurge_A.txt,"Moins qu' avant , je te dis !","moins que PHASE , je me VDIC !"
883,1886_Valles_L'Insurge_A.txt,"Ils se tiennent comme les doigts de le pied , les libérâtres , et tu as marché , avec tes sabots , sur leurs bottines .","il se PRES comme le NCCOR de le NCCOR , le NC , et je avoir PPAS , avec DETPOSS NC , sur DETPOSS NCmod ."
884,1886_Valles_L'Insurge_A.txt,En quarantaine !,en NC !
885,1886_Valles_L'Insurge_A.txt,à le lazaret !,à le NCmod !
886,1886_Valles_L'Insurge_A.txt,… Ah !,… INTJ !
887,1886_Valles_L'Insurge_A.txt,"il te reste une chance , néanmoins , celle de devenir poitrinaire aussi .","il me PRES un NC , ADV , celui de devenir NC aussi ."
888,1886_Valles_L'Insurge_A.txt,"Alors , ils te feront peut-être la charité de te donner à rédiger de les mots ayant rapport à ton mal .","alors , il me faire peut-être le NCo de me INF à INF de le NC avoir NCo à DETPOSS mal ."
889,1886_Valles_L'Insurge_A.txt,"Et même , la veille de ton agonie , ils t' augmenteront , parce que tu n' auras eu qu' à coller , sur la page blanche , ton mouchoir plein de sang , pour décrire une pneumonie , comme Apelle , ce vieux birbe , peignit la rage !","et même , le NC de DETPOSS NCmod , il lui VF , parce que je ne ADJ avoir que à INF , sur le NC ADJCOL , DETPOSS NC ADV de NCCOR , pour INF un NCo , comme NP , ce ADJ NCs , VPS le NCSENT !"
890,1886_Valles_L'Insurge_A.txt,… Tiens !,… ADJ !
891,1886_Valles_L'Insurge_A.txt,"quand on ne croit ni à Dieu , ni à diable , on devrait se faire prêtre !","quand on ne VCOG ni à NP , ni à ADJ , on devoir se faire NC !"
892,1886_Valles_L'Insurge_A.txt,On a à le moins de les hosties à manger !,on avoir à le moins de le NC à INF !
893,1886_Valles_L'Insurge_A.txt,"Toi , imbécile , tu es l' hostie qu' on mange !» Heureusement , j' ai mon ardoise chez Laveur , le père nourricier de quelques vilains jeunes , comme moi , et de quelques beaux vieux , comme Toussenel et Considérant .","soi , ADJ , je être le NC que on PRES !» heureusement , je avoir DETPOSS NCo chez NP , le NC ADJ de quelque NCmod ADJ , comme soi , et de quelque NC ADJ , comme NP et NP ."
894,1886_Valles_L'Insurge_A.txt,"«Nous ne sommes pas inquiets , allez !","«le ne être pas ADJ , aller !"
895,1886_Valles_L'Insurge_A.txt,Vous nous paierez à la façon de M.Courbet chez Handler… quand ça lui plaît .,vous nous PRES à le façon de NP chez NP quand ça lui PRES .
896,1886_Valles_L'Insurge_A.txt,Et ne vous ne gênez pas pour les extra !,et ne vous ne VSENT pas pour le NP !
897,1886_Valles_L'Insurge_A.txt,"Seulement , quand vous serez quelque chose vous vous souviendriez de nous , n' est -ce pas ?","seulement , quand vous être quelque chose vous vous PRES de nous , ne être ce pas ?"
898,1886_Valles_L'Insurge_A.txt,"» Les simples ont l' air de croire que je serai « quelque chose » un jour , mais les éduqués haussent les épaules en entendant prononcer mon nom .",""" le NCs avoir le NCMAN de VCOG que je VCOND "" quelque chose "" un NCT , mais le NC hausser le NCCOR en VCOG INF DETPOSS NCo ."
899,1886_Valles_L'Insurge_A.txt,"« Pourquoi , diable , vous occupez-vous de la politique !",""" pourquoi , ADJ , vous occupez-le de le NCmod !"
900,1886_Valles_L'Insurge_A.txt,"Avec ce que vous avez dans le ventre , si vous faisiez seulement de la littérature , l' avenir serait si beau pour vous !","avec ce que vous avoir dans le NCCOR , si vous PRES seulement de le NC , le NCs être si ADJ pour vous !"
901,1886_Valles_L'Insurge_A.txt,"tandis que c' est la misère , la prison … Tenez , vous êtes toqué !» « Moi d' abord , je rogne les basques » a dit , avec une moue significative , un tailleur de les grands quartiers qui m' habillait depuis longtemps , et à qui je donnais de l' argent … quand j' en avais de trop. « Comment !","PHASE que ce être le NC , le NC … IMP , vous être PPAS !» "" NCo de NCmod , je VSUBP le NCo "" avoir VDIC , avec un NC ADJ , un NCo de le ADJ NC qui lui VIMP depuis longtemps , et à qui je VIMP de le NCo … quand je en avoir de NCmod "" comment !"
902,1886_Valles_L'Insurge_A.txt,"vous pourriez être député , et vous vous mettez à insulter les Cinq !","vous VCOND être NC , et vous vous mettre à INF le NP !"
903,1886_Valles_L'Insurge_A.txt,"Je ne travaille pas pour les barricadiers , je ne coupe pas de les redingotes qui vont se salir contre les blouses .» Justement , j' avais besoin d' un complet de demi-saison .","je ne PRES pas pour le NC , je ne PRES pas de le NC qui aller se INF contre le NC .» ADVMAN , je avoir NCo de un NCmod de NCmod ."
904,1886_Valles_L'Insurge_A.txt,"Heureusement , un juif qui habille de les camarades – à tempérament – a bien voulu me prendre mesure , et m' offrir toute sa maison .","heureusement , un NCs qui PRES de le NC – à NCmod – avoir bien vouloir me INF NCo , et se INF tout DETPOSS NCo ."
905,1886_Valles_L'Insurge_A.txt,Mais il a à écouler un stock de velours tramé et il faut que j' accepte un costume de charpentier .,mais il avoir à INF un NCo de NCmod PPAS et il PRES que je VSUBP un NCo de NCmod .
906,1886_Valles_L'Insurge_A.txt,"J' hésite , je soupire .","je PRES , je INF ."
907,1886_Valles_L'Insurge_A.txt,Le juif en appelle à mes convictions .,le NCs en PRES à DETPOSS NC .
908,1886_Valles_L'Insurge_A.txt,"Un peu plus , il me traitait de renégat !","un peu plus , il me VIMP de NC !"
909,1886_Valles_L'Insurge_A.txt,"«Fus gui hêdes pur les hufriers , foyons !","ADV ADV ADJ pur le NC , NC !"
910,1886_Valles_L'Insurge_A.txt,Fus rucheriez te hêdre hapillé gomme eusses !,NP VCOND me INF PPAS gomme NC !
911,1886_Valles_L'Insurge_A.txt,"Vaut bas êdre incrat , cheune homme , gui zait se gu' ils veront pur fus !» Lui aussi !","ADV ADJ NC ADJ , ADJ NC , ig VIMP se gue il VF pur NC !» il aussi !"
912,1886_Valles_L'Insurge_A.txt,"À qui se fier : de l' insurgé , de le patron de table d' hôte ou de ce Shylock à tant par mois ?","à qui se ADJ : de le NC , de le NC de NCmod de NCmod ou de ce NP à tant par NCT ?"
913,1886_Valles_L'Insurge_A.txt,Lequel croire ?,lequel VCOG ?
914,1886_Valles_L'Insurge_A.txt,"Je n' ai à croire ni ceci , ni cela .","je ne avoir à VCOG ni ceci , ni cela ."
915,1886_Valles_L'Insurge_A.txt,"J' ai à reprendre , tout connu que je suis , le collier de les anciennes détresses .","je avoir à INF , tout PPAS que je être , le NC de le ADJ NCSENT ."
916,1886_Valles_L'Insurge_A.txt,"Mais cette fois , si l' on appelle : «Aux armes !","mais ce fois , si l' on PRES : NP ADJ !"
917,1886_Valles_L'Insurge_A.txt,"» quand j' apparaîtrai , on me reconnaîtra , et si je suis vêtu en gueux , on saluera ma misère .",""" quand je VF , on me VCOG , et si je être PPAS en ADJ , on VF DETPOSS NCo ."
918,1886_Valles_L'Insurge_A.txt,"Seulement , il faut pouvoir attendre le moment de bien mourir – et c' est dur d' être en complet de commissionnaire , lorsqu' on a été un moment sur le chemin de la fortune et de la gloire .","seulement , il PRES pouvoir INF le NCo de bien INF – et ce être ADJ de être en NC de NCmod , lorsque on avoir être un NC sur le NCmod de le NCmod et de le NC ."
919,1886_Valles_L'Insurge_A.txt,C' est moi qui l' ai voulu .,ce être soi qui le avoir vouloir .
920,1886_Valles_L'Insurge_A.txt,Pourquoi n' ai -je pas baissé d' un cran mon pavillon ?,pourquoi ne avoir je pas PPAS de un NC DETPOSS NCmod ?
921,1886_Valles_L'Insurge_A.txt,Pourquoi ai-je défendu les pauvres ?,pourquoi ai-il PPAS le ADJ ?
922,1886_Valles_L'Insurge_A.txt,Mais où serait le mérite : si je vivais d' eux – comme leur vermine !,mais où être le NC : si je VIMP de eux – comme lui NC !
923,1886_Valles_L'Insurge_A.txt,10 Sainte-Pélagie .,NUM NP .
924,1886_Valles_L'Insurge_A.txt,"On a fait la noce un brin , hier soir , entre camarades , avant de me conduire à Pélago .","on avoir faire le NCo un NC , ADV NCT , entre NCmod , PHASE de me INF à NP ."
925,1886_Valles_L'Insurge_A.txt,"J' ai écrit deux articles chez les autres , depuis que La Rue est morte .","je avoir PPAS NUM NCo chez le autre , depuis que La NCs être ADJ ."
926,1886_Valles_L'Insurge_A.txt,Les deux tartines m' ont valu la prison .,le NUM NC le avoir PPAS le NCo .
927,1886_Valles_L'Insurge_A.txt,Je suis entré un peu parti !,je être PPAS un peu PPAS !
928,1886_Valles_L'Insurge_A.txt,"On m' a cru malade , et on m' a dépêché le pharmacien .","on le avoir PPAS ADJ , et on lui avoir PPAS le NCo ."
929,1886_Valles_L'Insurge_A.txt,Je me suis fâché .,je me être VSENT .
930,1886_Valles_L'Insurge_A.txt,Un révolté avoir recours à l' apothicaire !,un PPAS avoir NCo à le NC !
931,1886_Valles_L'Insurge_A.txt,"« Mais , monsieur , a fait le Diaforius , tout le monde se drogue ici , pour le moment , le pavillon de les Princes est à ma merci!» C' est un rieur .",""" mais , monsieur , avoir faire le NP , tout le NCs se PRES ADVLIEU , pour le NC , le NCs de le NP être à DETPOSS merci!» ce être un NC ."
932,1886_Valles_L'Insurge_A.txt,Il m' a donné de les détails .,il lui avoir PPAS de le NC .
933,1886_Valles_L'Insurge_A.txt,« Le personnel de les politiques est divisé en deux camps : ceux qui vont et ceux qui ne vont pas … vous m' entendez !,""" le NCs de le NCmod être PPAS en NUM NC : celui qui aller et celui qui ne aller pas … vous le VCOG !"
934,1886_Valles_L'Insurge_A.txt,"89 va à peu près , 93 pas de le tout , 1830 entre les deux .","NUM aller à peu ADVLIEU , NUM pas de le tout , NUM entre le NUM ."
935,1886_Valles_L'Insurge_A.txt,"Il y a un ancien disciple de Pierre Leroux – par exemple , je ne vous dis que ça !» C' est qu' il touche juste , le pharmacien , et qu' il a mis le doigt où il fallait !","il y avoir un ADJ NCs de NP NP – par NC , je ne vous VDIC que ça !» ce être que il PRES ADV , le NC , et que il avoir mettre le NCCOR où il VIMP !"
936,1886_Valles_L'Insurge_A.txt,"Non , 93 ne va pas .","non , NUM ne aller pas ."
937,1886_Valles_L'Insurge_A.txt,"Je vois , tous les matins , passer un homme qui porte , comme un calice sous un linge , une urne blanche .","je ADV , tout le NCT , INF un NCo qui PRES , comme un NCmod sous un NCmod , un NC ADJCOL ."
938,1886_Valles_L'Insurge_A.txt,"On dirait qu' il va dire une messe basse ; mais il entrouvre une porte dérobée qui se referme sur lui , hermétiquement .","on VDIC que il aller VDIC un NCo ADJ ; mais il PRES un NCo PPAS qui se PRES sur lui , ADV ."
939,1886_Valles_L'Insurge_A.txt,"Quand il ressort , c' est si vite que je m' y perds , et je puis à peine glisser , sous la serviette , un regard qui dévisage le récipient .","quand il PRES , ce être si ADV que je le y NCmod , et je puis à NCSENT INF , sous le NC , un NCMAN qui PRES le NCo ."
940,1886_Valles_L'Insurge_A.txt,"Je ne reconnais pas le ventre ordinaire , la panse familiale .","je ne VCOG pas le NCCOR ADJ , le NC ADJ ."
941,1886_Valles_L'Insurge_A.txt,J' ai fini par soulever les voiles .,je avoir VASP par INF le NCo .
942,1886_Valles_L'Insurge_A.txt,"L' urne mystérieuse est un vase intime qui s' est grimé pour tromper le monde , un Thomas qui a pris de les allures d' amphore ; mais le bout de l' oreille passe , en un tuyau vert qui étrangle mes derniers doutes .","le NCs ADJ être un NC ADJ qui se être PPAS pour INF le NCo , un NP qui avoir PPAS de le NCMAN de NCmod ; mais le NCs de le NCCOR PRES , en un NC ADJCOL qui ADJ DETPOSS ADJ NCSENT ."
943,1886_Valles_L'Insurge_A.txt,"D' ailleurs , l' homme s' est déboutonné , m' a dit tout , et m' a tout montré .","de ADVLIEU , le NCs se être PPAS , lui avoir VDIC tout , et lui avoir tout PPAS ."
944,1886_Valles_L'Insurge_A.txt,"« J' en prends un tous les jours depuis tente ans , et je m' en trouve bien , vous le voyez .",""" je en PRES un tout le NCT depuis VSUBP NCT , et je se en PRES bien , vous le PRES ."
945,1886_Valles_L'Insurge_A.txt,– Oui .,– oui .
946,1886_Valles_L'Insurge_A.txt,"Seulement , pourquoi ne pas faire vider l' ostensoir par l' auxiliaire .» Il s' est redressé , et , me fixant d' un air courroucé « Citoyen , dans une république telle que je la veux , chacun vide son pot .","seulement , pourquoi ne pas faire INF le NCo par le NCmod .» il se être PPAS , et , me PPRES de un NCMAN VSENT "" NP , dans un NCmod tel que je le vouloir , chacun PRES DETPOSS NCo ."
947,1886_Valles_L'Insurge_A.txt,Il y a de les corvées comme il y a de les devoirs !,il y avoir de le PPAS comme il y avoir de le NC !
948,1886_Valles_L'Insurge_A.txt,"– Mais vous avez une tasse d' indiscipliné , un bénitier de ci-devant , vous trahissez .","– mais vous avoir un NCo de NCmod , un NC de NCmod , vous PRES ."
949,1886_Valles_L'Insurge_A.txt,– Non !,– non !
950,1886_Valles_L'Insurge_A.txt,je suis centralisateur pour le fond et individualiste pour la forme .,je être NC pour le NCmod et PRES pour le NC .
951,1886_Valles_L'Insurge_A.txt,"La giberne à tous , mais ronde ou ovale , à le choix .","le NC à tout , mais NC ou NC , à le NC ."
952,1886_Valles_L'Insurge_A.txt,– L' exercice de le tuyau serait -il obligatoire ?,– le NCs de le NCmod être il INF ?
953,1886_Valles_L'Insurge_A.txt,"– Ne plaisantez pas , jeune homme , je suis un vétéran !","– ne IMP pas , ADJ NC , je être un NC !"
954,1886_Valles_L'Insurge_A.txt,"Vous êtes trop nouveau , et pas assez mûr , pour avoir le droit de peser mes actions .","vous être trop ADJ , et pas ADV ADJ , pour avoir le NCo de INF DETPOSS NCo ."
955,1886_Valles_L'Insurge_A.txt,– Je ne demande pas à peser !» Trop nouveau? pas assez mûr ?,– je ne PRES pas à INF !» trop nouveau? pas ADV INF ?
956,1886_Valles_L'Insurge_A.txt,"… Pas mûr encore pour le narguilé , non !","… pas INF encore pour le NC , non !"
957,1886_Valles_L'Insurge_A.txt,"et pas fou de les canules , l' ancien !","et pas ADJ de le NC , le ADJ !"
958,1886_Valles_L'Insurge_A.txt,"Ne voudrait -il pas que j' en eusse une aussi et que je m' exécutasse le matin , à le commandement – sur un ordre de le Comité de le salut public .","ne vouloir il pas que je en PRES un aussi et que je lui PRES le NCT , à le NC – sur un NCmod de le NCmod de le NCmod ADJ ."
959,1886_Valles_L'Insurge_A.txt,"Artilleurs , à vos pièces !","ADV , à DETPOSS NC !"
960,1886_Valles_L'Insurge_A.txt,"«Je suis un pur » , dit -il toujours .","«il être un NC "" , VDIC il ADVTEMPS ."
961,1886_Valles_L'Insurge_A.txt,Ah! bien !,Ah! bien !
962,1886_Valles_L'Insurge_A.txt,"s' il n' était pas pur , après tant de coups de piston !","si il ne être pas ADJ , PHASE tant de NC de NCmod !"
963,1886_Valles_L'Insurge_A.txt,"«Je reste à cheval sur les principes » Il quitte bien les étriers une fois par jour , à le moins .","«Je PRES à NC sur le NC "" il PRES bien le NCo un fois par NCT , à le moins ."
964,1886_Valles_L'Insurge_A.txt,"« Nos pères , ces géants …» Mon père était de taille moyenne , plutôt petit ; mon grand-père était appelé Bas-du-cul dans son village .",""" DETPOSS NC , ce NC …» DETPOSS NCs être de NC ADJ , plutôt ADJ ; DETPOSS NCs être PPAS NP dans DETPOSS NC ."
965,1886_Valles_L'Insurge_A.txt,Je n' ai pas de géants pour ancêtres .,je ne avoir pas un NCo pour NCmod .
966,1886_Valles_L'Insurge_A.txt,"« L' immortelle Convention … – Un tas de catholiques à , rebours !",""" le ADJ NC … – un NC de NCmod à , NCmod !"
967,1886_Valles_L'Insurge_A.txt,– Ne blasphémez pas !,– ne IMP pas !
968,1886_Valles_L'Insurge_A.txt,» « Et pourquoi donc !,""" "" et pourquoi donc !"
969,1886_Valles_L'Insurge_A.txt,Est -ce que je n' ai pas le droit de jeter ma boule dans le jeu de quilles de vos dieux ?,être ce que je ne avoir pas le NCo de INF DETPOSS NCo dans le NC de NC de DETPOSS NCmod ?
970,1886_Valles_L'Insurge_A.txt,"Je croyais que vous étiez pour la liberté de penser , et de parler , et de sacriléger – si ça me prenait .","je VIMP que vous PRES pour le NC de VCOG , et de INF , et de NC – si ça me VIMP ."
971,1886_Valles_L'Insurge_A.txt,"Allez-vous me percer la langue avec un fer rouge , ou m' infliger le supplice de l' eau , par la bouche , avec le petit outil-là … si je ne demande pas grâce ?","Allez-le me INF le NCCOR avec un NC ADJCOL , ou le INF le NCSENT de le NCmod , par le NCCOR , avec le NC ADV … si je ne PRES pas ADV ?"
972,1886_Valles_L'Insurge_A.txt,Ah! non !,NP non !
973,1886_Valles_L'Insurge_A.txt,"par exemple !» Peyrat répond par un sourire amer , et renfonce sur ses oreilles un passe-montagne comme on en a pour gravir le mont Blanc , lui qui est de le mont Aventin .","par NC !» NP VDIC par un NCMAN ADJ , et PRES sur DETPOSS NCCOR un NCo comme on en avoir pour INF le NCo ADJCOL , lui qui être de le NC NP ."
974,1886_Valles_L'Insurge_A.txt,Car il en est .,car il en être .
975,1886_Valles_L'Insurge_A.txt,"C' est un Gracque , cet homme à la cuvette , à la seringue , et à le bonnet à mentonnière !","ce être un ADV , ce NC à le NCmod , à le NCmod , et à le NC à NCmod !"
976,1886_Valles_L'Insurge_A.txt,Le disciple de Pierre Leroux s' en paie !,le NCs de NP NP se en PRES !
977,1886_Valles_L'Insurge_A.txt,Une légende court sur lui .,un NC ADJ sur lui .
978,1886_Valles_L'Insurge_A.txt,"Cantagrel a été , dans un coin de France , membre de la Société de le Circulus .","Cantagrel avoir être , dans un NC de NP , NC de le NCmod de le NP ."
979,1886_Valles_L'Insurge_A.txt,"Chacun devait , pour la prospérité commune , fournir sa part d' engrais – coûte que coûte !","chacun devoir , pour le NC ADJ , INF DETPOSS NCo de NCmod – NC que PRES !"
980,1886_Valles_L'Insurge_A.txt,"L' humanitarisme le perdit , il voulut faire de le zèle , prit de les herbes qui lui mirent le feu à le corps , et dut revenir à Paris , pour tâcher d' enrayer .","le NCs le VPS , il vouloir faire de le NC , prendre de le NCmod qui lui VPS le NCo à le NCCOR , et devoir INF à NP , pour INF de INF ."
981,1886_Valles_L'Insurge_A.txt,« Si encore quelqu'un en profitait !» dit -il parfois mélancoliquement .,""" si encore quelqu'un en VIMP !» VDIC il ADVTEMPS ADVMAN ."
982,1886_Valles_L'Insurge_A.txt,"Il a , paraît -il , écrit à Hugo , à propos de le chapitre sur Cambronne , dans Les Misérables .","il avoir , paraître il , PRES à NP , à NC de le NCmod sur NP , dans Les NP ."
983,1886_Valles_L'Insurge_A.txt,"Hugo lui a répondu: « Frère , l' Idéal est double : idéal-pensée , idéal-matière ; envolement de l' âme vers le sommet , chute de l' excrément vers le gouffre ; gazouillements en haut , borborygmes en bas – sublimité partout !","NP lui avoir répondu: "" NP , le NCs être ADJ : NC , NC ; ADV de le NCmod vers le NC , NC de le NCmod vers le NCmod ; NC en NCmod , NC en NCmod – PPAS ADV !"
984,1886_Valles_L'Insurge_A.txt,Votre fécondité égale la mienne .,DETPOSS NC ADJ le NC .
985,1886_Valles_L'Insurge_A.txt,"Frère , c' est assez … relevez-vous » « C' est moi qui est signé Hugo et monté la blague » , m' a dit un camarade .","NP , ce être ADV … relevez-le "" "" ce être soi qui être PPAS NP et PPAS le NCo "" , le avoir VDIC un NCo ."
986,1886_Valles_L'Insurge_A.txt,"Sont -ils drôles , tout de même !","être il ADJ , tout de même !"
987,1886_Valles_L'Insurge_A.txt,Ce Circulutin a été condamné comme gérant d' une feuille incendiaire – je m' en doutais !,ce NCspas avoir être PPAS comme NC de un NCmod ADJ – je lui en VIMP !
988,1886_Valles_L'Insurge_A.txt,"L' autre est le rédacteur en chef de le seul journal républicain qui ait pu venir à le monde , avoir droit à la vie , trouver grâce devant l' Empereur .","le autre être le NC en NCmod de le ADJ NCmod ADJ qui avoir pouvoir venir à le NC , avoir NCo à le NC , INF ADV ADVLIEU le NP ."
989,1886_Valles_L'Insurge_A.txt,"Non pas que l' homme soit un courtisan et ait commis une lâcheté – il est , à le contraire , un raide et un inflexible .","non pas que le NCs être un NC et avoir PPAS un NCo – il être , à le NC , un NC et un NC ."
990,1886_Valles_L'Insurge_A.txt,"Mais à la manière de les Jacobins , et Napoléon sait bien que Robespierre est le frère aîné de Bonaparte , et que quiconque défend la République à le nom de l' autorité est un Gribouille de l' Empire !","mais à le NC de le NP , et NP VCOG bien que NP être le NCo ADJ de NP , et que quiconque PRES le NCo à le NC de le NCmod être un NP de le NC !"
991,1886_Valles_L'Insurge_A.txt,"Je puis m' isoler , heureusement .","je puis se INF , heureusement ."
992,1886_Valles_L'Insurge_A.txt,À le Petit Tombeau .,à le ADJ NP .
993,1886_Valles_L'Insurge_A.txt,J' habite le Petit Tombeau .,je PRES le ADJ NP .
994,1886_Valles_L'Insurge_A.txt,"C' est , à le haut de la prison , une chambre étroite et triste ; mais , en grimpant sur la table , on arrive jusqu' à la fenêtre , et , de cette fenêtre , on voit la cime de les arbres et une grande bande de le ciel .","ce être , à le NC de le NCmod , un NC ADJ et ADJ ; mais , en PPRES sur le ADJ , on PRES jusque à le NC , et , de ce NC , on VCOG le NCo de le NCmod et un ADJ NC de le NCmod ."
995,1886_Valles_L'Insurge_A.txt,"Je passe de les heures entières la tête contre les barreaux , à humer la fraîcheur de le vent ou à recevoir , sur le front , ma part de soleil .","je PRES de le NCT ADJ le NCCOR contre le NCmod , à INF le NCo de le NCmod ou à INF , sur le NCCOR , DETPOSS NCo de NCmod ."
996,1886_Valles_L'Insurge_A.txt,Cette solitude ne m' effraie pas .,ce NCs ne se PRES pas .
997,1886_Valles_L'Insurge_A.txt,"Souvent même , je plante là 89 et 93 pour me trouver simplement en face de moi , et pour suivre ma pensée , blottie dans un coin de la cellule ou baignant , dans l' air libre , au-delà de la croisée grillée .","ADVTEMPS même , je PRES ADVLIEU NUM et NUM pour me INF ADVMAN en NC de soi , et pour INF DETPOSS NCo , PPAS dans un NC de le NCmod ou PPRES , dans le NCMAN ADJ , ADV de le NC PPAS ."
998,1886_Valles_L'Insurge_A.txt,Cette captivité n' est point pour moi la servitude : c' est la liberté .,ce NCs ne être PPAS pour soi le NCo : ce être le NC .
999,1886_Valles_L'Insurge_A.txt,"En cette atmosphère de calme et d' isolement , je m' appartiens tout entier .","en ce NC de NCSENT et de NC , je se PRES tout ADJ ."
1000,1886_Valles_L'Insurge_A.txt,Le club .,le NC .
1001,1886_Valles_L'Insurge_A.txt,"Ce calme -là a été tout troublé , parce que de les vides se sont produits ; j' ai été appelé à la chambre d' honneur , qui a été envahie , et que j' ai laissé envahir de bon cœur .","ce NCSENT ADVLIEU avoir être tout VSENT , parce que de le NC se être PPAS ; je avoir être PPAS à le NC de NCSENT , qui avoir être PPAS , et que je avoir laisser INF de ADJ NC ."
1002,1886_Valles_L'Insurge_A.txt,"Mon logis est devenu le salon , la salle à manger , la salle d' armes , et le club de la prison .","DETPOSS NC être devenir le NC , le NC à INF , le NC de NCmod , et le NC de le NCmod ."
1003,1886_Valles_L'Insurge_A.txt,On en fait un tapage là-dedans !,on en faire un NCo NCmod !
1004,1886_Valles_L'Insurge_A.txt,"Mais le preu , pour le boucan , est , hors de marque , l' ancien collaborateur de Proudhon , le père Langlois .","mais le NCs , pour le NCmod , être , ADV de NC , le ADJ NC de NP , le NC NP ."
1005,1886_Valles_L'Insurge_A.txt,« Nom de Dieu !,""" NP de NP !"
1006,1886_Valles_L'Insurge_A.txt,Sacré nom de Dieu!!!» – Ah! c' est vous !,ADJ NC de NP – NP ce être vous !
1007,1886_Valles_L'Insurge_A.txt,… Quel temps fait -il dehors ?,… quel temps faire il ADV ?
1008,1886_Valles_L'Insurge_A.txt,– Quel temps ?,– quel temps ?
1009,1886_Valles_L'Insurge_A.txt,"» Il tape sur les meubles , roule de les yeux féroces , chasse , d' un coup de botte irrité , une paire de pantoufles qui traînait près de le lit .",""" il PRES sur le NC , NC de le NCCOR ADJ , NC , de un NC de ADJ VSENT , un NC de NCmod qui VIMP ADVLIEU de le NC ."
1010,1886_Valles_L'Insurge_A.txt,« Quel temps ?,""" quel temps ?"
1011,1886_Valles_L'Insurge_A.txt,… Il fait très beau!» C' est avoué d' un ton furieux et menaçant .,… il faire très beau!» ce être VDIC de un NC ADJ et VDIC .
1012,1886_Valles_L'Insurge_A.txt,"Sa main semble chercher le sabre ; il a l' air de déchirer une cartouche en se mouchant , de porter une dépêche à le général , quand il part avec de vieux journaux dans ses doigts crispés – revenant quelquefois d' un bond , la figure contractée .","DETPOSS NCCOR sembler INF le NCo ; il avoir le NCMAN de INF un NCo en se PPRES , de INF un NCo à le NC , quand il PRES avec un ADJ NC dans DETPOSS NCCOR VSENT – PPRES ADVTEMPS de un NC , le NCCOR PPAS ."
1013,1886_Valles_L'Insurge_A.txt,« Qu' est -ce qu' il y a ?,""" que être ce que il y avoir ?"
1014,1886_Valles_L'Insurge_A.txt,"– Il y a quelqu'un! » À le bout de dix minutes qu' il est là , le chahut devient terrible .","– il y avoir quelqu'un! "" à le NC de NUM NCT que il être ADVLIEU , le NCs devenir ADJ ."
1015,1886_Valles_L'Insurge_A.txt,"On monte sur les chaises; lui , grimpe sur la table de nuit !","on PRES sur le chaises; lui , PRES sur le NC de NCT !"
1016,1886_Valles_L'Insurge_A.txt,C' est une pantomime et de les cris d' hystérique !,ce être un NC et de le NC de NCmod !
1017,1886_Valles_L'Insurge_A.txt,Nous ne sommes que de les choses de chien !,nous ne être que de le chose de NCmod !
1018,1886_Valles_L'Insurge_A.txt,Comment !,comment !
1019,1886_Valles_L'Insurge_A.txt,"moi , Vingtras , j' hésite à pendre le gouverneur de la Banque !","soi , NP , je PRES à INF le NCo de le NCmod !"
1020,1886_Valles_L'Insurge_A.txt,« On a donc parlé de le pendre ?,""" on avoir donc PPAS de le INF ?"
1021,1886_Valles_L'Insurge_A.txt,– Oué !,– NP !
1022,1886_Valles_L'Insurge_A.txt,oué !,PPAS !
1023,1886_Valles_L'Insurge_A.txt,"et vous renaudez , nom de Dieu !» Il a , aujourd'hui , envie de dresser une potence pour le détenteur de le numéraire , qui ne vit que sur son porte-feuille – le sale bougre !","et vous PRES , NC de NP !» il avoir , ADVT , PRES de INF un NCo pour le NC de le NCmod , qui ne PRES que sur DETPOSS NC – le ADJ NC !"
1024,1886_Valles_L'Insurge_A.txt,Il simule l' exécution .,il PRES le NCo .
1025,1886_Valles_L'Insurge_A.txt,"Il pend son mouchoir , se pend un peu lui-même , fait couic à le grand moment , risque d' avaler sa langue , se décide à redescendre … et se précipite de nouveau sur les chaussons , avec une rage de jeune chien qui fait ses dents .","il PRES DETPOSS NCo , se PRES un peu soi-même , faire NCo à le ADJ NC , NCo de INF DETPOSS NCCOR , se PRES à INF … et se PRES de ADJ sur le NC , avec un NCSENT de ADJ NCmod qui faire DETPOSS NCCOR ."
1026,1886_Valles_L'Insurge_A.txt,« Maî il ait tooquaî çait hôômme !,""" NP il avoir NP VIMP hôômme !"
1027,1886_Valles_L'Insurge_A.txt,"dit Courbet , qui fume dans un coin .","VDIC NP , qui PRES dans un NC ."
1028,1886_Valles_L'Insurge_A.txt,Il parle de Peurrouddhon? moâ seul l' ai côônnu .,il PRES de Peurrouddhon? NCs ADJ le avoir PPAS .
1029,1886_Valles_L'Insurge_A.txt,N' y avait que nous deusse de praîts en Quarante-huit !,ne y avoir que nous PRES de NC en NUM !
1030,1886_Valles_L'Insurge_A.txt,Haî !,NP !
1031,1886_Valles_L'Insurge_A.txt,pourquouâ que vous criaî côômme çââ ?,NC que vous NP NC NC ?
1032,1886_Valles_L'Insurge_A.txt,nom d' un paitit bonhôômme !,NC de un NCmod NC !
1033,1886_Valles_L'Insurge_A.txt,"– Je ne crie pas , je suis plus calme que vous , nom de dieu! sacré nom de dieu!!!» Comiques et assommants , ces visiteurs gueulards , ces détenus qui vont ou qui ne vont pas – de les gens qui ont fait leurs classes , pourtant , de les éduqués , de les bourgeois !","– je ne VDIC pas , je être plus NCSENT que vous , NC de dieu! PPAS NCo de dieu!!!» NCmod et NC , ce NC ADJ , ce NC qui aller ou qui ne aller pas – de le NC qui avoir faire DETPOSS NCo , pourtant , de le NC , de le NC !"
1034,1886_Valles_L'Insurge_A.txt,"Quelquefois , un travailleur vient leur faire honte de leur bêtise , et refouler leurs bouillons pointus .","ADVTEMPS , un NCs venir lui faire NCSENT de lui NCmod , et INF DETPOSS NC ADJ ."
1035,1886_Valles_L'Insurge_A.txt,"Plus fort qu' eux , le manieur d' outils !","plus fort que eux , le NC de NCmod !"
1036,1886_Valles_L'Insurge_A.txt,"Il a conquis un nom , ce Tolain , dans les réunions publiques .","il avoir VSENT un NCo , ce NP , dans le NC ADJ ."
1037,1886_Valles_L'Insurge_A.txt,Il est le chef moral de la classe ouvrière .,il être le NC ADJ de le NC ADJ .
1038,1886_Valles_L'Insurge_A.txt,"Une face étroite – qu' allonge et amincit encore une longue barbe coupée ras sur les joues – œil vif et bouche fine , un beau front .","un NC ADJ – que PRES et PRES encore un ADJ NCCOR PPAS NCo sur le NCCOR – NC ADJ et NCCOR ADJ , un ADJ NCCOR ."
1039,1886_Valles_L'Insurge_A.txt,"Il zézaie un peu , lui aussi , comme Vermorel .","il VDIC un peu , lui aussi , comme NP ."
1040,1886_Valles_L'Insurge_A.txt,"Ambitieux redoutables , ceux qui mâchent ou ont l' air de mâcher le caillou de Démosthène !","ADV ADJ , celui qui PRES ou avoir le NCMAN de INF le NCo de NP !"
1041,1886_Valles_L'Insurge_A.txt,C' est derrière de les bégaiements d' enfants que s' embusque leur énergie d' hommes d' action .,ce être ADVLIEU de le NC de NCmod que se PRES lui NCo de NCmod de NCmod .
1042,1886_Valles_L'Insurge_A.txt,Distingué sous ses habits vulgaires .,VCOG sous DETPOSS NC ADJ .
1043,1886_Valles_L'Insurge_A.txt,"J' ai déjà vu un célèbre qui avait cette allure -là : le prêcheur blond de la Saint-Barthélemy de Juin , celui qui , d' un geste bénin et avec de le miel sur les lèvres , décréta le grand massacre – de Falloux .","je avoir déjà VCOG un NCo qui avoir ce NCMAN ADVLIEU : le NC ADJCOL de le NP de NCmod , celui qui , de un NCmod ADJ et avec de le NC sur le NCCOR , VPS le ADJ NCo – de NP ."
1044,1886_Valles_L'Insurge_A.txt,"Peut-être n' ont -ils pas le nez fait de la même façon ; mais je rapproche leurs silhouettes dans le miroir , parce que leurs aspects se dressent pareils devant moi et qu' ils ont la même élégance grêle , la même douceur d' accent , la même lueur de regard … ce noble et ce roturier !","peut-être ne avoir il pas le NCCOR faire de le même façon ; mais je PRES DETPOSS NCs dans le NCmod , parce que DETPOSS NCs se PRES NC ADVLIEU soi et que il avoir le même NCo ADJ , le même NC de NCmod , le même NC de NCMAN … ce ADJ et ce NC !"
1045,1886_Valles_L'Insurge_A.txt,"Il a la marche un peu balancée de le plébéien ; mais c' est exprès , peut-être !","il avoir le NCo un peu NCo de le NCmod ; mais ce être ADV , peut-être !"
1046,1886_Valles_L'Insurge_A.txt,"S' il voulait , cela deviendrait la souplesse de le gentilhomme .","si il vouloir , cela devenir le NCo de le NCmod ."
1047,1886_Valles_L'Insurge_A.txt,"Avec son rire discret , son regard pointu , son profil aiguisé , sa barbe , dont il affine les poils , il me semble ne songer qu' à crever l' atmosphère populaire et l' air sombre dans lequel il vit .","avec DETPOSS NCMAN ADJ , DETPOSS NCMAN poinil , DETPOSS NC ADJ , DETPOSS NCCOR , dont il PRES le NCCOR , il me sembler ne INF que à INF le NCo ADJ et le NCMAN ADJ dans lequel il PRES ."
1048,1886_Valles_L'Insurge_A.txt,"Il cisèle avec patience l' outil de son ambition , ex-ciseleur qui a lâché ses outils de métier depuis longtemps .","il PRES avec NCSENT le NC de DETPOSS NCSENT , NC qui avoir PPAS DETPOSS NCo de NCmod depuis longtemps ."
1049,1886_Valles_L'Insurge_A.txt,"«Il est même question d' ouvrir une souscription pour les faire repasser , tant ils sont rouillés !» a dit un farceur d' atelier .","NP être même NC de INF un NCo pour le faire INF , tant il être ADJ !» avoir VDIC un NCo de NCmod ."
1050,1886_Valles_L'Insurge_A.txt,"Mais s' il a la peur de le travail qui salit les mains , il n' a pas peur de l' étude solitaire , de les longues veillées passées en tête-à-tête avec les Pères de l' Église économique et les Pères de la Révolte sociale .","mais si il avoir le NCSENT de le NCmod qui PRES le NCCOR , il ne avoir pas NCSENT de le NCmod ADJ , de le NC PPAS PPAS en NC avec le NP de le NCmod ADJ et le NP de le NP ADJ ."
1051,1886_Valles_L'Insurge_A.txt,"Il a acheté , sur les quais , Adam Smith et Jean-Baptiste Say , vendus à le bouquiniste par quelque bourgeois tombé , quelque déclassé descendu dans le ruisseau .","il avoir PPAS , sur le NC , NP NP et NP NP , PPAS à le NC par quelque NC PPAS , quelque PPAS PPAS dans le NC ."
1052,1886_Valles_L'Insurge_A.txt,Ils sont maintenant sur la table de l' artisan qui monte .,il être ADVT sur le NC de le NCmod qui PRES .
1053,1886_Valles_L'Insurge_A.txt,"Avec quatre ou cinq volumes de Proudhon , cela a fait le compte .","avec NUM ou NUM NC de NP , cela avoir faire le NCo ."
1054,1886_Valles_L'Insurge_A.txt,"Il a la pierre de touche de toutes les monnaies de métal et d' idées , il deviendra un savant – il l' est .","il avoir le NCo de NCmod de tout le NC de NCmod et de NC , il devenir un NC – il le PRES ."
1055,1886_Valles_L'Insurge_A.txt,"C' est lui , le contremaître de l' atelier où se fabrique la révolution ouvrière .","ce être lui , le NC de le NCmod où se PRES le NCs ADJ ."
1056,1886_Valles_L'Insurge_A.txt,"Il gagne sa vie , comme employé , chez un quincaillier tout fier d' avoir pour commis un garçon qui en sait si long .","il PRES DETPOSS NCo , comme PPAS , chez un NC tout ADJ de avoir pour NC un NC qui en VCOG si ADJ ."
1057,1886_Valles_L'Insurge_A.txt,"Il a déjà un clan , ce plébéien émancipé .","il avoir déjà un NCo , ce NC ADJ ."
1058,1886_Valles_L'Insurge_A.txt,"Un bûcheur massant pour de bon , Perrachon , qui , lui , n' a pas quitté l' établi , représente le labeur manuel dans ce ménage d' opinions .","un NC ADJ pour de ADJ , NP , qui , lui , ne avoir pas PPAS le NCo , PRES le NCo ADJ dans ce NC de NCmod ."
1059,1886_Valles_L'Insurge_A.txt,Il vénère à l' égal d' un dieu celui qui s' est fait teneur de livres et dévoreur de grimoires .,il VSENT à le NC de un NCmod celui qui se être faire NCo de NCmod et NC de NCmod .
1060,1886_Valles_L'Insurge_A.txt,"Et il le copie et il le singe , taillant sa barbe et ses cheveux tout pareil , boutonnant son paletot de même , et plantant son chapeau à semblable inclinaison sur le front ou l' oreille .","et il le PRES et il le NC , PPRES DETPOSS NCCOR et DETPOSS NCCOR tout NC , PPRES DETPOSS NC de même , et PPRES DETPOSS NCo à ADJ NCmod sur le NCCOR ou le NCCOR ."
1061,1886_Valles_L'Insurge_A.txt,"C' est encore , je me figure , une habileté de mon Falloux de faubourg , ce Sosie !","ce être encore , je me PRES , un NCo de son NP de NCmod , ce NP !"
1062,1886_Valles_L'Insurge_A.txt,"Avec les bretelles de son tablier de travail , Perrachon lie à son patron d' idées le peuple , qui , sans cela , se défierait peut-être de cette veste qui s' allonge en redingote .","avec le NC de DETPOSS NCmod de NCmod , NP PRES à DETPOSS NC de NCmod le NCo , qui , sans cela , se VCOND peut-être de ce NC qui se PRES en NC ."
1063,1886_Valles_L'Insurge_A.txt,"Pourvu qu' il ne coupe pas ce cordon-là , un matin – et qu' il ne lâche pas les blousiers comme il a lâché la blouse !","pourvoir que il ne PRES pas ce cordon-là , un NCT – et que il ne PRES pas le NCo comme il avoir PPAS le NCo !"
1064,1886_Valles_L'Insurge_A.txt,11 J' ai entrepris l' histoire de les vaincus de Juin .,NUM je avoir PPAS le NCo de le NCmod de MOIS .
1065,1886_Valles_L'Insurge_A.txt,"J' en ai retrouvé plusieurs , tous pauvres , mais presque tous dignes dans leur misère .","je en avoir PPAS plusieurs , tout ADJ , mais presque tout NC dans lui NCmod ."
1066,1886_Valles_L'Insurge_A.txt,"Quelques -uns , seulement , ont été gâtés par les habitudes fainéantes de les prisons , et laissent à la femme le poids de le travail et le soin de nourrir le ménage .","quelque NCspas , seulement , avoir être PPAS par le NC ADJ de le NCmod , et laisser à le NC le NC de le NCmod et le NC de INF le NCo ."
1067,1886_Valles_L'Insurge_A.txt,Beaucoup de ces femmes ont été héroïques .,beaucoup de ce NC avoir être ADJ .
1068,1886_Valles_L'Insurge_A.txt,"Elles ont élevé la marmaille pendant que le père était à Doullens ou à le bagne , se privant de tout pour que les petits citoyens ne manquassent de rien , dépensant autant de génie que de courage pour faire sortir de terre un métier , une industrie , un truc à pain .","il avoir PPAS le NCo PHASE que le NCs être à NP ou à le NC , se PPRES de tout pour que le ADJ NCs ne PRES de rien , PPRES autant de NC que de NC pour faire INF de NC un NC , un NC , un NC à NCmod ."
1069,1886_Valles_L'Insurge_A.txt,Et les moutards ont poussé – graine d' insurgés !,et le NCs avoir PPAS – NCo de NCmod !
1070,1886_Valles_L'Insurge_A.txt,"Quelques filles ont bien disparu , à l' âge où un ruban bleu affole et où la misère enlaidit .","quelque NCs avoir bien PPAS , à le NC où un NCs ADJCOL VSENT et où le NC PPAS ."
1071,1886_Valles_L'Insurge_A.txt,"C' est la douleur de les mansardes , où le proscrit n' a retrouvé que l' image fripée , salie , de l' enfant qu' il avait fait photographier , pour dix sous , un dimanche de foire , à les environs de Paris .","ce être le NCSENT de le NCmod , où le NCs ne avoir PPAS que le NC ADJ , PPAS , de le NC que il avoir faire NCo , pour NUM NC , un ADVT de NCmod , à le NC de NP ."
1072,1886_Valles_L'Insurge_A.txt,"Ç' avait été le diable pour la faire tenir tranquille ; il avait fallu que le papa l' embrassât dix fois , et lui recommandât d' être sage .","NP avoir être le NC pour le faire INF ADJ ; il avoir PPAS que le NCs le VSUBI NUM fois , et lui VSUBI de être ADJ ."
1073,1886_Valles_L'Insurge_A.txt,Elle l' avait été .,il le avoir être .
1074,1886_Valles_L'Insurge_A.txt,"Depuis longtemps , elle ne l' est plus , et l' on ne sait où la retrouver .","depuis longtemps , il ne le être plus , et l' on ne VCOG où le INF ."
1075,1886_Valles_L'Insurge_A.txt,Elle n' ose revenir voir sa mère : elle craint que le vieux ne se jette sur elle .,il ne PRES INF VCOG DETPOSS NCo : il VSENT que le ADJ ne se PRES sur il .
1076,1886_Valles_L'Insurge_A.txt,« Non !,""" non !"
1077,1886_Valles_L'Insurge_A.txt,"m' a dit l' une d' elle en sanglotant , j' ai trop peur de le voir pleurer !» Je vis dans ce monde en bourgeron , plus ému , certes , que je ne le fus jamais sous l' œil de les explicateurs de Conciones , dans le monde de les héros antiques .","lui avoir VDIC le un de il en PPRES , je avoir trop NCSENT de le VCOG INF !» je VCOG dans ce NC en NC , plus VSENT , ADV , que je ne le PPAS ADVTEMPS sous le NC de le NC de NP , dans le NCmod de le NCmod ADJ ."
1078,1886_Valles_L'Insurge_A.txt,"Leurs casques , leurs tuniques et leurs cothurnes m' avaient vite embêté .","DETPOSS NCmod , DETPOSS ADJ et DETPOSS NCs lui avoir ADV VSENT ."
1079,1886_Valles_L'Insurge_A.txt,"Et voilà que dans le voisinage de mes camarades nouveaux , dans la fréquentation de les simples , m' est venu aussi le dédain de la défroque jacobine .","et voilà que dans le NC de DETPOSS NCmod ADJ , dans le NC de le ADJ , le être venir aussi le NCSENT de le NCmod ADJ ."
1080,1886_Valles_L'Insurge_A.txt,"Tout ce fatras de la légende de 93 me fait l' effet de le tas de guenilles effrangées et déteintes que l' on vient offrir à le père Gros , le chiffonnier , dans son échoppe de la rue Mouffetard , ouverte à tous les vents .","tout ce NCs de le NCmod de NUM me faire le NCo de le NCmod de NCmod ADJ et ADJ que l' on venir INF à le NC NP , le NC , dans DETPOSS NCmod de le NCmod NP , PPAS à tout le NC ."
1081,1886_Valles_L'Insurge_A.txt,"Il me fait l' honneur de m' inviter , de temps en temps , à le repas de famille ; et je suis tout heureux de me sentir estimé et aimé , moi , le déclassé , par ce régulier de la hotte qui fait ajouter , pour le citoyen Vingtras , un morceau de lard , dans la marmite qui fume et sent bon parmi les odeurs de corroyage de la Bièvre .","il me faire le NCSENT de lui INF , de temps en temps , à le NC de NCmod ; et je être tout ADJ de me sentir VSENT et VSENT , soi , le NC , par ce NC de le NCmod qui faire INF , pour le NC NP , un NCo de NCmod , dans le NCmod qui PRES et sentir ADJ parmi le NC de NCmod de le NP ."
1082,1886_Valles_L'Insurge_A.txt,"Et il dit à la bourgeoise : « Pas besoin de faire de les économies , ma vieille , pourvu que l' on ait la pâtée de chaque jour …» Puis , se tournant vers moi: « La vie est dure , c' est vrai; mais ça nous console , nous , les ouvriers , de voir que de les instruits comme vous passent de le côté de les prolétaires .","et il VDIC à le NC : "" pas NC de faire de le NC , DETPOSS NC , pourvu que l' on avoir le NC de chaque NCT …» puis , se PPRES vers moi: "" le NCs être ADJ , ce être vrai; mais ça nous PRES , nous , le NC , de VCOG que de le NCs comme vous PRES de le NC de le NCmod ."
1083,1886_Valles_L'Insurge_A.txt,"Ah! par exemple , vous me le promettez bien : si jamais il faut voir à retrouver le fusil , que j' ai enterré , le soir de le 24 juin , derrière les Gobelins , vous viendrez à la soupe de la barricade tout comme à celle-ci , n' est -ce pas ?","Ah! par NC , vous me le IMP bien : si ADVTEMPS il PRES VCOG à INF le NCo , que je avoir PPAS , le NCT de le NUM MOIS , ADVLIEU le NP , vous venir à le NC de le NCmod tout comme à celui-ci , ne être ce pas ?"
1084,1886_Valles_L'Insurge_A.txt,"» Et la bourgeoise de répondre , avec un sourire grave : «Oui , père , j' en suis certaine , monsieur sera avec les malheureux .» Moi , j' ai désigné un bout de flanelle rouge qui tirait la langue par la gueule d' un sac: « Nous mettrons cela à le bout d' une baïonnette .",""" et le NC de VDIC , avec un NCMAN ADJ : INTJ , NC , je en être ADJ , monsieur être avec le NC .» NP , je avoir PPAS un NCo de NCmod ADJCOL qui VIMP le NCCOR par le NCCOR de un sac: "" nous PRES cela à le NC de un NCmod ."
1085,1886_Valles_L'Insurge_A.txt,– Ah !,– INTJ !
1086,1886_Valles_L'Insurge_A.txt,jeune homme !,ADJ NC !
1087,1886_Valles_L'Insurge_A.txt,"ce n' est pas la Marianne qui est tout , c' est la Sociale !","ce ne être pas le NP qui être tout , ce être le NC !"
1088,1886_Valles_L'Insurge_A.txt,"Quand nous l' aurons , on fera de la charpie avec les bannières !» La Sociale , la Marianne – deux ennemies !","quand nous le avoir , on faire de le NC avec le NC !» le NP , le NP – NUM NC !"
1089,1886_Valles_L'Insurge_A.txt,"Ils m' ont conté , ces vieux de Juin 48 , que , dans les prisons où vinrent les rejoindre ceux de le 13 juin 49 , on menaça les nouveaux venus de le regard et de le geste , et l' on dressa de les retranchements , dès le premier jour de l' arrivée .","il lui avoir PPAS , ce NCo de MOIS NUM , que , dans le NC où venir le INF celui de le NUM MOIS NUM , on VDIC le ADJ NCo de le NCMAN et de le NC , et l' on VPS de le NC , dès le ADJ NCT de le NCmod ."
1090,1886_Valles_L'Insurge_A.txt,"Il y eut de les cognements de tête terribles , sous ce même bonnet de prison , quoique dans les cérémonies en commun , enterrements ou anniversaires , tous eussent à la boutonnière l' immortelle écarlate .","il y avoir de le NC de NCCOR ADJ , sous ce même NC de NCmod , quoique dans le NC en ADJ , NC ou NC , tout PRES à le NC le ADJ ADJCOL ."
1091,1886_Valles_L'Insurge_A.txt,"La haine subsista , implacable , entre les partis , saisissant tous les prétextes pour éclater .","le ADJ NC , ADJ , entre le NCmod , PPRES tout le NCo pour INF ."
1092,1886_Valles_L'Insurge_A.txt,"À propos d' un bout de jardinet mal enclos , d' une branche de fraisier dépassant la ligne de cailloux formant frontière , à propos d' un pied de capucines s' étirant entre deux cellules , on se jetait à le nez les malheurs et les fautes de la Révolution !","à NC de un NCmod de NCmod mal PPAS , de un NCmod de NCmod PPRES le NC de NCmod PPRES NCo , à NCmod de un NCCOR de NCmod se PPRES entre NUM NC , on se VIMP à le NCCOR le NCo et le NC de le NCmod !"
1093,1886_Valles_L'Insurge_A.txt,"J' ai beaucoup appris dans la gargote tenue par un ancien de Doullens , où tous mes débris d' insurrection viennent échouer , les soirs de grande paie ou les matins de chômage .","je avoir beaucoup VCOG dans le NC PPAS par un ADJ de NP , où tout DETPOSS NC de NCs venir INF , le NC de ADJ NCmod ou le NCT de NCmod ."
1094,1886_Valles_L'Insurge_A.txt,"Chacun arrive faire sa déposition , témoigner de ce qu' il vit à les heures tragiques , résumer ses souvenirs de la sinistre bataille .","chacun PRES faire DETPOSS NCo , INF de ce que il PRES à le NCT ADJ , INF DETPOSS NC de le ADJ NCmod ."
1095,1886_Valles_L'Insurge_A.txt,"Le beau parleur de la bande est un gaillard à les yeux gris d' acier , brillants et aigus , à les pommettes comme fardées de rouge , à le front trop vaste , comme celui de quelques cabotins qui l' ont fait raser pour l' ennoblir , à les cheveux longs et tombant en rouleaux , à l' instar de les saltimbanques – et de les poètes .","le ADJ NCs de le NCmod être un NC à le NCCOR ADJCOL de NCmod , ADJ et ADJ , à le NC comme NCmod de ADJCOL , à le NCCOR trop ADJ , comme celui de quelque NC qui le avoir faire INF pour le INF , à le NCCOR ADJ et PPRES en NC , à le NC de le NCmod – et de le NC ."
1096,1886_Valles_L'Insurge_A.txt,"Il ne lui manque que le cercle de cuivre qui retient les tignasses de les acrobates , ou la couronne en papier de les Jeux floraux .","il ne lui PRES que le NC de NCmod qui PRES le NCo de le NCmod , ou le PRES en NC de le NCmod ADJ ."
1097,1886_Valles_L'Insurge_A.txt,"On ne devinerait jamais que c' est un ex-menuisier qui fut condamné à perpétuité pour avoir , la serpillière à le ventre , donné le coup de fion à la grosse étagère de pavés qui faisait le coin de le Marché noir .","on ne VCOG ADVTEMPS que ce être un NC qui être PPAS à NC pour avoir , le NCo à le NCCOR , PPAS le NCo de NCmod à le ADJ NC de NCmod qui faire le NCo de le NCmod ADJ ."
1098,1886_Valles_L'Insurge_A.txt,"Pour le moment , le métier n' allant pas , il s' est fait courtier-placier et , s' il faut l' en croire , il gagne à peu près sa vie .","pour le NC , le NCs ne aller pas , il se être faire NCo et , si il PRES le en VCOG , il PRES à peu ADVLIEU DETPOSS NCo ."
1099,1886_Valles_L'Insurge_A.txt,Sa redingote bleue est propre ; il conserve pourtant la casquette .,DETPOSS NCs ADJCOL être ADJ ; il PRES pourtant le NC .
1100,1886_Valles_L'Insurge_A.txt,"«Ça épargne mon chapeau quand je ne vais pas chez les clients , dit -il .","NP PRES DETPOSS NCo quand je ne aller pas chez le NC , VDIC il ."
1101,1886_Valles_L'Insurge_A.txt,"Et puis , camarade , je suis toujours un ouvrier : ouvrier voyageur à le lieu d' être ouvrier à l' attache , voilà tout .» « Et Ruault , qu' est -ce qu' il devient ?","et puis , NC , je être ADVTEMPS un NC : INF NCo à le NC de être INF à le NCs , voilà tout .» "" et NP , que être ce que il devenir ?"
1102,1886_Valles_L'Insurge_A.txt,Y a -t -il longtemps que tu ne l' as pas vu ?,y avoir t il longtemps que je ne le avoir pas VCOG ?
1103,1886_Valles_L'Insurge_A.txt,– Non .,– non .
1104,1886_Valles_L'Insurge_A.txt,Pourquoi ça ?,pourquoi ça ?
1105,1886_Valles_L'Insurge_A.txt,"– Tiens , à le fait , tu ne sais pas , on a raconté qu' il était mouchard .","– NP , à le NC , je ne VCOG pas , on avoir PPAS que il être ADJ ."
1106,1886_Valles_L'Insurge_A.txt,"– Parlons d' autre chose , eh! les amis !","– NP de autre chose , eh! le NC !"
1107,1886_Valles_L'Insurge_A.txt,a interrompu le vieux Mabille .,avoir PPAS le ADJ NP .
1108,1886_Valles_L'Insurge_A.txt,"Tout le monde en serait , si l' on écoutait ce qui se dit !","tout le NC en être , si l' on VCOG ce qui se VDIC !"
1109,1886_Valles_L'Insurge_A.txt,"Il n' y a qu' à saigner ceux pour qui c' est prouvé … ça en dégoûtera les autres !» Le père Mabille est un ancien ciseleur qui a perdu le tour de main de son état dans l' oisiveté cruelle de la détention , et qui s' est fait marchand de les rues .","il ne y avoir que à INF celui pour qui ce être PPAS … ça en VSENT le autre !» le NCs NP être un ADJ NC qui avoir PPAS le NCo de NCCOR de DETPOSS NCmod dans le NC ADJ de le NCmod , et qui se être faire NCo de le NCmod ."
1110,1886_Valles_L'Insurge_A.txt,"Mais , pendant les années de prison , il a étudié dans de les bouquins empruntés à ses voisins de travée ; il a réfléchi , discuté , conclu .","mais , PHASE le NCT de NCmod , il avoir PPAS dans de le NC PPAS à DETPOSS NC de NCmod ; il avoir PPAS , PPAS , PPAS ."
1111,1886_Valles_L'Insurge_A.txt,Son grand front ridé et dégarni raconte ses méditations ; ce vendeur d' éventails ou d' abat -jour – suivant la saison – a la face d' un philosophe de combat .,DETPOSS ADJ NCCOR PPAS et PPAS PRES DETPOSS NCo ; ce NCs de NCmod ou de NC NCmod – PPRES le NCo – à le ADV de un NC de NCmod .
1112,1886_Valles_L'Insurge_A.txt,"S' il avait un habit noir sur le dos , on s' arrêterait devant ce haut vieillard et l' on saluerait sa tête grave .","si il avoir un NCo ADJ sur le NCCOR , on se VCOND ADVLIEU ce NC ADJ et l' on VCOND DETPOSS NCCOR ADJ ."
1113,1886_Valles_L'Insurge_A.txt,« Qu' enseigne -t -il ?» demanderaient les gens de la Sorbonne ou de la Normale .,""" que PRES t il ?» VIMP le NCs de le NP ou de le NP ."
1114,1886_Valles_L'Insurge_A.txt,Ce qu' il enseigne ?,ce que il PRES ?
1115,1886_Valles_L'Insurge_A.txt,"Sa chaire est ambulante comme sa vie ; elle est faite de la table sur laquelle il s' accoude , dans un cabaret pauvre , pour prêcher la révolte à les jeunes , ou d' un tonneau enlevé à la barricade et mis debout , pour qu' il y monte et harangue de là les insurgés .","DETPOSS NCs être ADJ comme DETPOSS NC ; il être faire de le NC sur lequel il se PRES , dans un NC ADJ , pour INF le NCSENT à le NC , ou de un NC PPAS à le NC et mettre ADV , pour que il y PRES et PRES de ADVLIEU le PPAS ."
1116,1886_Valles_L'Insurge_A.txt,"Pas mal de ceux que je vois en vêtements misérables , beaucoup de ces crève-la-faim ont lu Proudhon et pesé Louis Blanc .","pas mal de celui que je ADV en NCmod ADJ , beaucoup de ce NC avoir PPAS NP et PPAS NP ADJCOL ."
1117,1886_Valles_L'Insurge_A.txt,Chose terrible !,chose ADJ !
1118,1886_Valles_L'Insurge_A.txt,"à le bout de leurs calculs , à l' extrémité de leurs théories , c' est toujours une sentinelle d' émeute qui se tient debout !","à le NCmod de DETPOSS NCmod , à le NCmod de DETPOSS NCmod , ce être ADVTEMPS un NC de NCmod qui se PRES ADV !"
1119,1886_Valles_L'Insurge_A.txt,"« Il faut encore de le sang , voyez -vous !",""" il PRES encore de le NCCOR , PRES lui !"
1120,1886_Valles_L'Insurge_A.txt,» Et pourquoi ?,""" et pourquoi ?"
1121,1886_Valles_L'Insurge_A.txt,"Pourquoi ces hommes qui vivent de rien , qui ont besoin de si peu , pourquoi ces espèces de vieux saints à la longue barbe et à les yeux doux , qui aiment les petits enfants et les grandes idées , imitent -ils les prophètes d' Israël , et croient -ils à la nécessité de le sacrifice , à la fatalité de l' hécatombe ?","pourquoi ce NCs qui PRES de rien , qui avoir NCo de si peu , pourquoi ce espèce un ADJ NC à le ADJ NCCOR et à le NCCOR ADJ , qui VSENT le ADJ NCo et le ADJ NCs , PRES il le NCo de NP , et VCOG il à le NC de le NC , à le NCmod de le NCmod ?"
1122,1886_Valles_L'Insurge_A.txt,"Une gamine de huit ans s' était , l' autre jour , coupé le doigt – un farouche à poitrail velu s' est évanoui .","un NCs de NUM NCT se être , le autre NCT , PPAS le NCCOR – un NC à NCmod PPAS se être PPAS ."
1123,1886_Valles_L'Insurge_A.txt,Il fallait voir comme tout ce gibier de prison d' État s' est mis à consoler et à embrasser la fillette !,il VIMP VCOG comme tout ce NC de NCmod de NP se être mettre à INF et à INF le NCo !
1124,1886_Valles_L'Insurge_A.txt,"L' un a fait un poupon de linge , l' autre a été acheter une poupée d' un sou .","le un avoir faire un NCo de NCmod , le autre avoir être INF un NCo de un NCmod ."
1125,1886_Valles_L'Insurge_A.txt,"Ce sou-là était pour son tabac , il n' a pas fumé de la soirée .","ce sou-là être pour DETPOSS NC , il ne avoir pas PPAS de le NCT ."
1126,1886_Valles_L'Insurge_A.txt,"Et l' on a lié le chiffon autour de le bobo , avec plus d' émotion qu' on n' en eût eu à bander la plaie d' un combattant , affreusement mutilé dans une ambulance de carrefour .","et l' on avoir PPAS le NCo ADV de le NC , avec plus de NCSENT que on ne en avoir avoir à INF le NC de un NCmod , ADV PPAS dans un NC de NCmod ."
1127,1886_Valles_L'Insurge_A.txt,Le garçon à les yeux aigus a voulu faire un livre .,le NCs à le NCCOR ADJ avoir vouloir faire un NCo .
1128,1886_Valles_L'Insurge_A.txt,Il écrit ; je m' en doutais .,il PRES ; je se en VIMP .
1129,1886_Valles_L'Insurge_A.txt,"«Oui , j' ai noté ce que j' ai vu à Toulon .","INTJ , je avoir PPAS ce que je avoir VCOG à NP ."
1130,1886_Valles_L'Insurge_A.txt,J' en ai deux cahiers gros comme ça .,je en avoir NUM NCo ADJ comme ça .
1131,1886_Valles_L'Insurge_A.txt,"Je vous les montrerai , si vous voulez venir à la maison .» Nous avons pris rendez-vous .","je vous le NC , si vous vouloir venir à le NC .» nous avoir PPAS NCo ."
1132,1886_Valles_L'Insurge_A.txt,"« Vous allez voir ma femme , c' est la fille de Pornin , la Jambe de bois .» Une créature frêle et mince , gracieuse et triste – triste jusqu' à la mort !",""" vous aller VCOG DETPOSS NCo , ce être le NC de NP , le NCCOR de NCmod .» un NC ADJ et NC , ADJ et ADJ – ADJ jusque à le NCmod !"
1133,1886_Valles_L'Insurge_A.txt,"– de la distinction , et une mélancolie sans nom , venant on ne sait d' où , reflet d' un mal incurable et caché !","– de le NC , et un NCSENT sans NCmod , venir on ne VCOG de où , NCo de un mal ADJ et PPAS !"
1134,1886_Valles_L'Insurge_A.txt,"Les cheveux sont gris , d' un gris qui trahit une mue de chagrin ; quelque révélation douloureuse a dû , un soir , jeter de la cendre sur cette tête jeune , faner ce visage tendre , et le griffer de ces rides fines comme de les fils de soie .","le NCCOR être ADJCOL , de un ADJCOL qui PRES un NCo de NCSENT ; quelque NCs ADJ avoir devoir , un NCT , INF de le NC sur ce NCCOR ADJ , INF ce NC ADJ , et le NC de ce ADJ NCmod comme de le NC de NCmod ."
1135,1886_Valles_L'Insurge_A.txt,"Elle a à peine répondu à le bonjour banal de son mari , et m' a accueilli presque avec douleur .","il avoir à NCSENT VDIC à le NC ADJ de DETPOSS NCmod , et lui avoir PPAS presque avec NCSENT ."
1136,1886_Valles_L'Insurge_A.txt,"Je lui ai parlé de son père , cette fameuse Jambe de bois qui eut sa minute de résonance dans l' histoire intime de les événements de Février .","je lui avoir PPAS de DETPOSS NC , ce ADJ NCCOR de NCmod qui avoir DETPOSS NCT de NCmod dans le NC ADJ de le NCmod de NP ."
1137,1886_Valles_L'Insurge_A.txt,"« Oui , je suis fille de Pornin .",""" oui , je être NC de NP ."
1138,1886_Valles_L'Insurge_A.txt,Mon père était un honnête homme !,DETPOSS NCs être un ADJ NC !
1139,1886_Valles_L'Insurge_A.txt,» Elle a répété cela plusieurs fois : « Un honnête homme !,""" il avoir PPAS cela plusieurs fois : "" un ADJ NC !"
1140,1886_Valles_L'Insurge_A.txt,"» l' œil baissé , serrant , ses petits bras sur sa poitrine , écartant sa chaise , me semblait -il , pour que l' autre ne la frôlât pas en allant et venant par la chambre , à la recherche de son manuscrit .",""" le NC PPAS , PPRES , DETPOSS ADJ NCCOR sur DETPOSS NCmod , PPRES DETPOSS NCo , me sembler il , pour que le autre ne le VSUBI pas en aller et venir par le NC , à le NCmod de DETPOSS NCmod ."
1141,1886_Valles_L'Insurge_A.txt,"À la fin , il s' est frappé le front et a dit : «Je me rappelle maintenant , c' est en bas .» Il est descendu – à pas de loup – courbant l' échine , le pied traînant , le geste gauche , mais sa prunelle luisant toujours et perçant l' ombre de l' appartement endormi dans le crépuscule .","à le NC , il se être frapper le NCCOR et avoir VDIC : «Je me PRES ADVT , ce être en ADJ .» il être PPAS – à pas de NCmod – PPRES le NCo , le NCCOR PPRES , le NC ADJ , mais DETPOSS NCs PPRES ADVTEMPS et PPRES le NCo de le NCmod ADJ dans le NC ."
1142,1886_Valles_L'Insurge_A.txt,"Les persiennes étaient restées closes ; elle n' avait point levé le crochet quand nous étions entrés , on aurait dit qu' elle ne voulait pas qu' on vît la couleur de ses paroles .","le NCspas être PPAS ADJ ; il ne avoir ADV PPAS le NCo quand nous être PPAS , on avoir VDIC que il ne vouloir pas que on PRES le NCo de DETPOSS NCmod ."
1143,1886_Valles_L'Insurge_A.txt,"Pendant que nous étions seuls , elle n' a prononcé qu' un mot: « Est -ce que vous êtes d' un complot avec mon mari ?","PHASE que nous être ADJ , il ne avoir PPAS que un mot: "" être ce que vous être de un NC avec DETPOSS NC ?"
1144,1886_Valles_L'Insurge_A.txt,– Je ne conspire pas .,– je ne PRES pas .
1145,1886_Valles_L'Insurge_A.txt,"» Elle ne répondit rien , et nous demeurâmes muets , dans l' obscurité .",""" il ne VDIC rien , et nous VPS NC , dans le NCmod ."
1146,1886_Valles_L'Insurge_A.txt,Il revint avec ses cahiers .,il VPS avec DETPOSS NC .
1147,1886_Valles_L'Insurge_A.txt,"«Ce n' est pas rédigé comme par un écrivain de profession , mais il y a beaucoup de souvenirs .","NP ne être pas PPAS comme par un NC de NCmod , mais il y avoir beaucoup de NC ."
1148,1886_Valles_L'Insurge_A.txt,Tirez -en profit pour votre travail .,IMP ADV NCo pour DETPOSS NC .
1149,1886_Valles_L'Insurge_A.txt,"Imprimez seulement mon nom , afin que l' on voie que les condamnés à le bagne de Juin n' étaient ni de si grands ignorants , ni de si grands scélérats qu' on l' a prétendu .» Elle a relevé ses paupières , et son œil a dirigé vers l' homme une lueur froide qui m' a glacé à le passage , tandis qu' il me reconduisait en étouffant sa marche et sa voix comme dans une maison où il est défendu de parler parce qu' il y a une agonie – ou un cadavre .","IMP seulement DETPOSS NCo , ADV que l' on NC que le NCs à le NCmod de NCmod ne être ni un si ADJ NC , ni de si ADJ NC que on le avoir PPAS .» il avoir PPAS DETPOSS NCCOR , et DETPOSS NCs avoir PPAS vers le NC un NCo ADJ qui lui avoir PPAS à le NC , PHASE que il me VIMP en PPRES DETPOSS NCo et DETPOSS NCMAN comme dans un NC où il être PPAS de INF parce que il y avoir un NCo – ou un NC ."
1150,1886_Valles_L'Insurge_A.txt,"Je suis descendu dans Paris , par de les rues discrètes et noires , le cerveau hanté d' idées troubles , me demandant quel était le drame qui se jouait entre ces deux êtres .","je être PPAS dans NP , par un le NC ADJ et ADJ , le NCCOR VSENT de NCmod ADJ , me PPRES quel être le NCo qui se VIMP entre ce NUM être ."
1151,1886_Valles_L'Insurge_A.txt,« Ah !,""" INTJ !"
1152,1886_Valles_L'Insurge_A.txt,"vous y êtes allé , alors , me dit le vieil échappé de Doullens .","vous y être aller , alors , me VDIC le ADJ NCo de NP ."
1153,1886_Valles_L'Insurge_A.txt,Sa femme y était -elle ?,DETPOSS NC y être il ?
1154,1886_Valles_L'Insurge_A.txt,"Une courageuse , celle-là !","un NC , celle-là !"
1155,1886_Valles_L'Insurge_A.txt,Je l' ai vue à l' œuvre quand elle était jeune fille … fine comme une mouche et gaie comme une alouette !,je le avoir VCOG à le NC quand il être ADJ NC … NC comme un NCmod et PPAS comme un NC !
1156,1886_Valles_L'Insurge_A.txt,Il a plus de chance qu' il n' en mérite .,il avoir plus de NC que il ne en PPAS .
1157,1886_Valles_L'Insurge_A.txt,"– Ah! certes , oui !","– Ah! ADV , oui !"
1158,1886_Valles_L'Insurge_A.txt,Mais n' a -t -on pas dit de lui ce qu' on a dit de Ruault : qu' il était de la rousse ?,mais ne avoir t on pas VDIC de lui ce que on avoir VDIC de NP : que il être de le NC ?
1159,1886_Valles_L'Insurge_A.txt,– Pas possible !,– pas ADJ !
1160,1886_Valles_L'Insurge_A.txt,"Elle le prendrait par les moustaches et nous l' amènerait , toute petiote qu' elle soit , après l' avoir souffleté .","il le VCOND par le NCCOR et nous le VCOND , tout NC que il être , PHASE le avoir PPAS ."
1161,1886_Valles_L'Insurge_A.txt,Elle le donnerait à Mabille pour qu' il le saigne !,il le VCOND à NP pour que il le PRES !
1162,1886_Valles_L'Insurge_A.txt,"N' est -ce pas , Mabille ?","ne être ce pas , NP ?"
1163,1886_Valles_L'Insurge_A.txt,– Oui .,– oui .
1164,1886_Valles_L'Insurge_A.txt,À moins qu' elle n' ait trop honte; ou qu' elle l' aime … ça s' est vu! » Quelqu'un est entré .,"à moins que il ne avoir trop honte; ou que il le VSENT … ça se être vu! "" quelqu'un être PPAS ."
1165,1886_Valles_L'Insurge_A.txt,«De qui donc parlez -vous là ?,«De qui donc PRES vous ADVLIEU ?
1166,1886_Valles_L'Insurge_A.txt,"De Largillière .» 12 Quelques hommes sont venus me trouver et m' ont sommé , à le nom de l' idée révolutionnaire , de me présenter à la députation contre Jules Simon .","de NP .» NUM quelque NCs être venir me INF et le avoir PPAS , à le NC de le NCmod ADJ , de me INF à le NC contre NP NP ."
1167,1886_Valles_L'Insurge_A.txt,Je n' ai point refusé .,je ne avoir ADV PPAS .
1168,1886_Valles_L'Insurge_A.txt,Pauvre fou !,NP ADJ !
1169,1886_Valles_L'Insurge_A.txt,Ah !,INTJ !
1170,1886_Valles_L'Insurge_A.txt,"ceux qui croient que j' ai accepté par orgueil et envie de me mettre en vue ne savent point quelles pâleurs me prennent et quels frissons me secouent , à la pensée que je vais entamer la lutte !","celui qui VCOG que je avoir PPAS par NCSENT et NC de me mettre en NC ne VCOG ADV quel NCs me PRES et quel NCSENT me PRES , à le NC que je aller INF le NCo !"
1171,1886_Valles_L'Insurge_A.txt,"Mais puisqu' on m' a appelé , je ne reculerai pas .","mais puisque on lui avoir PPAS , je ne VF pas ."
1172,1886_Valles_L'Insurge_A.txt,"Et que lui dirai-je , à ce faubourg Antoine ?","et que lui PRES , à ce NC NP ?"
1173,1886_Valles_L'Insurge_A.txt,"À ces gens de Charonne , à ces blousiers de Puteaux , comment parlerai-je ?","à ce NC de NP , à ce NCmod de NC , comment parlerai-il ?"
1174,1886_Valles_L'Insurge_A.txt,"– moi qui vais jeter , dans la balance , de les théories a peine mûres et que je n' ai guère eu le loisir de peser dans mes mains de réfractaire .","– soi qui aller INF , dans le NC , de le NCmod à NCSENT ADJ et que je ne avoir guère avoir le NCo de INF dans DETPOSS NCCOR de NCmod ."
1175,1886_Valles_L'Insurge_A.txt,Je n' ai jamais eu assez d' argent pour acheter les œuvres de Proudhon .,je ne avoir ADVTEMPS avoir ADV de NC pour INF le NCo de NP .
1176,1886_Valles_L'Insurge_A.txt,"Il a fallu qu' on me prêtât de les volumes dépareillés , que je lisais la nuit .","il avoir PPAS que on me VSUBI de le NC ADJ , que je PRES le NCT ."
1177,1886_Valles_L'Insurge_A.txt,"Heureusement , la Bibliothèque était là ; et j' ai , de temps en temps , fourré mon nez et plongé mon cœur dans la source .","heureusement , le NCs être ADVLIEU ; et je avoir , de temps en temps , fourrer DETPOSS NCCOR et PPAS DETPOSS NCo dans le NC ."
1178,1886_Valles_L'Insurge_A.txt,"Mais j' ai dû boire à le galop et en m' étranglant , parce que j' avais autre chose à faire , rue Richelieu , qu' à étudier la justice sociale .","mais je avoir devoir INF à le NC et en lui PPRES , parce que je avoir autre chose à faire , NC NP , que à INF le NCo ADJ ."
1179,1886_Valles_L'Insurge_A.txt,"J' avais à arracher , de le ventre de les bouquins , le germe de les articles qui me faisaient vivre , et que le chef de le dictionnaire me refusait quand ils avaient odeur de philosophie belliqueuse ou plébéienne .","je avoir à INF , de le NCCOR de le NCmod , le NCo de le NCmod qui me faire INF , et que le NCs de le NCmod me VIMP quand il avoir NCo de NCmod ADJ ou ADJ ."
1180,1886_Valles_L'Insurge_A.txt,"Or , cela arrivait parfois , lorsque j' avais avalé une gorgée de Proudhon – il en roulait de les gouttes toutes rouges sur mon papier .","or , cela VIMP ADVTEMPS , lorsque je avoir PPAS un NCo de NP – il en VIMP de le NC tout ADJCOL sur DETPOSS NCmod ."
1181,1886_Valles_L'Insurge_A.txt,"Je ne sais donc que la moitié de ce qu' il faudrait savoir , et encore !","je ne VCOG donc que le NC de ce que il VCOND VCOG , et encore !"
1182,1886_Valles_L'Insurge_A.txt,"Et je me trouve exposé à la chute grotesque , ignorant qui veut heurter de front le vieux monde , apprenti qui va se dresser contre un maître , conscrit qui ose engager à fond le drapeau !","et je me PRES PPAS à le NC ADJ , VCOG qui vouloir VSENT de NCCOR le ADJ NCo , NC qui aller se INF contre un NC , NC qui PRES INF à NC le NCo !"
1183,1886_Valles_L'Insurge_A.txt,"C' est à lâcher pied , à se laisser rouler de le haut en bas de l' escalier !","ce être à ADJ NCCOR , à se laisser INF de le NC en NC de le NC !"
1184,1886_Valles_L'Insurge_A.txt,… comme les filles enceintes qui ne veulent pas que l' on connaisse leur faiblesse .,… comme le NC ADJ qui ne vouloir pas que l' on PRES lui NCo .
1185,1886_Valles_L'Insurge_A.txt,"J' en ai eu la tentation , à le risque de m' estropier ou de me défigurer , car je serai bien autrement meurtri , si je mérite les huées de l' auditoire !","je en avoir avoir le NCSENT , à le NC de lui INF ou de me INF , car je VF bien ADVINT VSENT , si je PRES le NCo de le NCmod !"
1186,1886_Valles_L'Insurge_A.txt,"Être blessé ne serait rien ; être bafoué serait la ruine de toute une jeunesse bourrée de douleurs , mais aussi bourrée d' espérances !","être VSENT ne être rien ; être PPAS être le NC de tout un NCmod ADJ de NCSENT , mais aussi PPAS de NC !"
1187,1886_Valles_L'Insurge_A.txt,La première réunion a lieu ce soir .,le ADJ NCs avoir NCo ce NCT .
1188,1886_Valles_L'Insurge_A.txt,J' essaie de préparer ma harangue … Ah! bien oui !,je PRES de INF DETPOSS NCo … Ah! bien oui !
1189,1886_Valles_L'Insurge_A.txt,Il me faudrait de les heures et de les heures !,il me VCOND de le NCT et de le NCT !
1190,1886_Valles_L'Insurge_A.txt,"Je me contente de tracer , pour toute la campagne , deux ou trois grandes lignes , comme de les cordes de piste , en semant de les idées , comme les cailloux de le Petit Poucet .","je me VSENT de INF , pour tout le NC , NUM ou NUM ADJ NC , comme de le NC de NCmod , en PPRES de le NC , comme le NCmod de le ADJ NP ."
1191,1886_Valles_L'Insurge_A.txt,Je suivrai ces lignes -là et je ramasserai ces cailloux sur mon passage lorsque j' irai vers l' ogre .,je VF ce NCo ADVLIEU et je VF ce NCo sur DETPOSS NC lorsque je VF vers le NC .
1192,1886_Valles_L'Insurge_A.txt,Tout à le moins aurais -je besoin d' une escorte de dévoués !,tout à le moins avoir je NCo de un NCmod de NCmod !
1193,1886_Valles_L'Insurge_A.txt,Mais Passedouet et les hommes de Juin ne sont plus là .,mais NP et le NC de NC ne être plus ADVLIEU .
1194,1886_Valles_L'Insurge_A.txt,"Ils sont repartis dès que j' ai eu accepté le danger , repartis dans leurs quartiers , à la recherche d' autres Vingtras .","il être PPAS dès que je avoir avoir PPAS le NCo , PPAS dans DETPOSS NC , à le NCmod de autre NP ."
1195,1886_Valles_L'Insurge_A.txt,"Personne – par un hasard barbare – n' est de la circonscription où l' on m' a dit d' aller me faire tuer , comme Napoléon ordonnait à ses lieutenants de se camper en travers d' un pont et d' y mourir .","personne – par un NC ADJ – ne être de le NC où l' on lui avoir VDIC de aller me faire INF , comme NP VIMP à DETPOSS NC de se INF en travers de un NC et de y INF ."
1196,1886_Valles_L'Insurge_A.txt,"Et je viens de me mettre en chemin , tout seul , pour la salle de le club , sur une banquette d' impériale .","et je venir de me mettre en NC , tout ADJ , pour le NC de le NCmod , sur un NC de NCmod ."
1197,1886_Valles_L'Insurge_A.txt,"J' entends , sur cet omnibus , encenser le mérite de celui que je vais combattre .","je VCOG , sur ce NC , INF le NCo de celui que je aller INF ."
1198,1886_Valles_L'Insurge_A.txt,« Oh !,""" INTJ !"
1199,1886_Valles_L'Insurge_A.txt,celui-là arrivera haut la main !,celui-là VF ADV le NCCOR !
1200,1886_Valles_L'Insurge_A.txt,Il battra Lachaud comme plâtre .,il VF NP comme NC .
1201,1886_Valles_L'Insurge_A.txt,– Il n' a pas d' autre concurrent ?,– il ne avoir pas un autre NCo ?
1202,1886_Valles_L'Insurge_A.txt,– Certes non !,– ADV non !
1203,1886_Valles_L'Insurge_A.txt,"Qui donc oserait , parmi les républicains ?» Eh! malheureux !","qui donc VCOND , parmi le NC ?» NP ADJ !"
1204,1886_Valles_L'Insurge_A.txt,"il y a là , à côté de toi , un pauvre diable qui en passant ses trois sous avec les tiens , à le conducteur , vient de laisser tomber de les bouts de notes sur lesquels il avait inscrit les deux premières phrases qu' il va prononcer contre ton favori; plus , quatre ou cinq effets , criards comme de les images d' Épinal et qui doivent colorier sa harangue .","il y avoir ADVLIEU , à NC de soi , un NCo ADJ qui en PPRES DETPOSS NUM sous avec le NC , à le NC , venir de laisser INF de le NC de NCmod sur lequel il avoir PPAS le NUM ADJ NCo que il aller INF contre NC favori; plus , NUM ou NUM NC , NC comme de le NC de NP et qui devoir INF DETPOSS NCo ."
1205,1886_Valles_L'Insurge_A.txt,Tu es peut-être assis dessus – tu as le derrière sur mon éloquence !,je être peut-être PPAS ADV – je avoir le ADVLIEU sur DETPOSS NCmod !
1206,1886_Valles_L'Insurge_A.txt,« Le 105 de la rue ?,""" le NUM de le NCmod ?"
1207,1886_Valles_L'Insurge_A.txt,– C' est ici.» Je dégringole .,– ce être ici.» je PRES .
1208,1886_Valles_L'Insurge_A.txt,Mon comité est pauvre comme Job .,DETPOSS NCs être ADJ comme NP .
1209,1886_Valles_L'Insurge_A.txt,C' est dans une écurie abandonnée qu' a été donné le rendez-vous .,ce être dans un NC PPAS que avoir être PPAS le NC .
1210,1886_Valles_L'Insurge_A.txt,À peine peut -il y tenir trois cents personnes .,à NCSENT pouvoir il y INF NUM NUM NCo .
1211,1886_Valles_L'Insurge_A.txt,Elles y sont .,il y être .
1212,1886_Valles_L'Insurge_A.txt,« Citoyens !,""" NC !"
1213,1886_Valles_L'Insurge_A.txt,… » Où ai-je pris ce que je leur ai conté ?,"… "" ADV ai-il PPAS ce que je lui avoir PPAS ?"
1214,1886_Valles_L'Insurge_A.txt,"J' ai attaqué je ne sais comment , parlant de l' odeur de crottin , de la bizarrerie de le local , de la misère qui nous ridiculisait , dès le début .","je avoir PPAS je ne VCOG comment , PPRES de le NC de NCmod , de le NCmod de le NCmod , de le NCmod qui nous VIMP , dès le NC ."
1215,1886_Valles_L'Insurge_A.txt,"J' arrachais mes paroles à les murailles suintant le fumier , et où étaient scellés de les anneaux à lesquels une discipline républicaine voulait nous attacher aussi – comme de les bêtes de somme !","je VIMP DETPOSS NCo à le NC PPRES le NCo , et où être PPAS de le NCs à lequel un NC ADJ vouloir nous INF aussi – comme de le NC de NC !"
1216,1886_Valles_L'Insurge_A.txt,Ah! mais non !,Ah! mais non !
1217,1886_Valles_L'Insurge_A.txt,"Et j' ai rué , et je me suis cabré , trouvant en route de l' ironie et de la colère !","et je avoir PPAS , et je me être PPAS , PPRES en NC de le NCmod et de le NCSENT !"
1218,1886_Valles_L'Insurge_A.txt,Quelques bravos ont éclaté et m' ont mis le feu sous le ventre .,quelque NCs avoir PPAS et lui avoir mettre le NCo sous le NCCOR .
1219,1886_Valles_L'Insurge_A.txt,"Quand j' ai eu fini , on est venu à moi de toutes parts .","quand je avoir avoir VASP , on être venir à soi de tout NC ."
1220,1886_Valles_L'Insurge_A.txt,"Le président , debout : « Citoyens , nous allons voter sur la prise en considération de la candidature Jacques Vingtras .» On a levé les mains .","le NC , NC : "" NC , nous aller INF sur le NC en NCmod de le NCmod NP NP .» on avoir PPAS le NCCOR ."
1221,1886_Valles_L'Insurge_A.txt,« Le citoyen Jacques Vingtras est adopté pour candidat par la démocratie socialiste révolutionnaire de l' arrondissement .» Une acclamation de ces trois cents pauvres a souligné la déclaration solennellement prononcée .,""" le NCspas NP NP être PPAS pour NCmod par le NC ADJ NC de le NCmod .» un NCs de ce NUM NCmod ADJ avoir PPAS le NCo ADV PPAS ."
1222,1886_Valles_L'Insurge_A.txt,"J' ai eu froid dans le dos , car ce succès -là ne prouve rien .","je avoir avoir ADJ dans le NCCOR , car ce NCs ADV ne PRES rien ."
1223,1886_Valles_L'Insurge_A.txt,"Cette poignée d' acclamants a été triée sur le volet de les logis misérables ; et encore , parmi ceux qui m' ont applaudi , parce que ma voix tonnait , ou pour ne pas faire « scission ouverte » , combien m' abandonneront demain pour suivre le cortège de Simon triomphant !","ce NCspas de NCmod avoir être PPAS sur le NC de le NCmod ADJ ; et encore , parmi celui qui lui avoir PPAS , parce que DETPOSS NCMAN VIMP , ou pour ne pas faire "" NCo PPAS "" , combien lui VF ADVT pour INF le NCo de NP ADJ !"
1224,1886_Valles_L'Insurge_A.txt,Ma victoire a été trop facile !,DETPOSS NCs avoir être trop ADJ !
1225,1886_Valles_L'Insurge_A.txt,"Je les touchais de le doigt , mon souffle leur brûlait le visage , et je sais bien que j' ai , dans le geste et l' accent , quelque chose qui commande , alors que l' on est si près de moi !","je le VIMP de le NCCOR , DETPOSS NCs lui VIMP le NCCOR , et je VCOG bien que je avoir , dans le NC et le NC , quelque chose qui PRES , alors que l' on être si ADVLIEU de soi !"
1226,1886_Valles_L'Insurge_A.txt,Mais quand je serai devant l' ennemi; dans une salle immense et bondée ?,mais quand je VF ADVLIEU le ennemi; dans un NC ADJ et ADJ ?
1227,1886_Valles_L'Insurge_A.txt,… Salle de le Génie .,… NP de le NCmod .
1228,1886_Valles_L'Insurge_A.txt,J' y suis – la salle est bondée et immense !,je y être – le NCs être ADJ et ADJ !
1229,1886_Valles_L'Insurge_A.txt,elle me paraît telle de le moins .,il me paraître tel de le moins .
1230,1886_Valles_L'Insurge_A.txt,Ce sont les adversaires qui ont préparé la rencontre .,ce être le NC qui avoir PPAS le NCo .
1231,1886_Valles_L'Insurge_A.txt,"Moi , je n' ai eu que le loisir de ne rien préparer , rien !","soi , je ne avoir avoir que le NC de ne rien INF , rien !"
1232,1886_Valles_L'Insurge_A.txt,"pas la frimousse d' un exorde , pas la queue d' une péroraison !","pas le NCmod de un NCmod , pas le NC de un NCmod !"
1233,1886_Valles_L'Insurge_A.txt,"Les ardents de mon comité m' ont tiré à hue et à dia pour aller , dans les communes , à la chasse à les influents .","le NCs de DETPOSS NCmod le avoir PPAS à NC et à NC pour aller , dans le NC , à le NC à le NCmod ."
1234,1886_Valles_L'Insurge_A.txt,"J' ai couru ici , là , ailleurs encore , j' ai fait le tour de la circonscription à pied , en wagon , en charrette – malade de les canons pris sur le zinc pour trinquer avec les braves gens .","je avoir PPAS ADVLIEU , ADVLIEU , ADVLIEU encore , je avoir faire le NCo de le NC à NCCOR , en NC , en NCmod – ADJ de le NCmod PPAS sur le NC pour INF avec le ADJ NC ."
1235,1886_Valles_L'Insurge_A.txt,"Je me contentais d' humecter mes lèvres , mais je n' en avais pas moins la nausée de le vin , et je passais pour bien froid ou bien fier auprès de ceux qui me voyaient accepter en rechignant la tournée qu' ils offraient de si bon cœur .","je me VSENT de INF DETPOSS NCCOR , mais je ne en avoir pas moins le NCo de le NCmod , et je VIMP pour bien ADJ ou bien ADJ ADV de celui qui me VCOG INF en PPRES le NCo que il VIMP de si ADJ NCmod ."
1236,1886_Valles_L'Insurge_A.txt,"Disséminés et rares , les frères à qui l' on rendait visite et qu' on avait à aller chercher tout à le bout d' un champ , ou à faire demander à l' atelier – dont on mangeait le temps , que l' on compromettait , même , auprès de les patrons , et sur le compte desquels on s' était quelquefois trompé .","PPAS et ADJ , le NCo à qui l' on VIMP NCo et que on avoir à aller INF tout à le NC de un NCmod , ou à faire INF à le NC – dont on VIMP le temps , que l' on VIMP , même , ADV de le NC , et sur le NC desquel on se être ADVTEMPS PPAS ."
1237,1886_Valles_L'Insurge_A.txt,"Ils me toisaient alors , de le haut en bas , s' indignaient qu' on les eût crus capables de m' aider à semer la division dans le parti .","il me VIMP alors , de le NC en NC , se VIMP que on le avoir NC ADJ de le INF à INF le NCo dans le NC ."
1238,1886_Valles_L'Insurge_A.txt,Émotions mesquines qui tuaient la fleur de la pensée dans ma tête !,NCSENT ADJ qui VIMP le NCo de le NCmod dans DETPOSS NCCOR !
1239,1886_Valles_L'Insurge_A.txt,promenades éreintantes qui écrasaient mes idées en chemin !,NC NC qui VIMP DETPOSS NCo en NCmod !
1240,1886_Valles_L'Insurge_A.txt,Imbécile que je suis !,ADJ que je être !
1241,1886_Valles_L'Insurge_A.txt,Je me figurais que ma défaite piteuse viendrait de ce que je n' ai pas assemblé un faisceau de doctrines .,je me VCOND que DETPOSS NCs ADJ venir de ce que je ne avoir pas PPAS un PPAS de NC .
1242,1886_Valles_L'Insurge_A.txt,Allons donc !,aller donc !
1243,1886_Valles_L'Insurge_A.txt,"J' ai , à deux ou trois reprises , vu jour pour les amener , rigides et nettes , devant la foule … Ils ont trouvé que je parlais froid .","je avoir , à NUM ou NUM NC , vu NCT pour le INF , ADJ et ADJ , ADVLIEU le NC … il avoir PPAS que je VIMP ADJ ."
1244,1886_Valles_L'Insurge_A.txt,"Ils espéraient de les mots qui flambaient – et mes partisans eux-mêmes m' ont tiré par le pan de la redingote pour me souffler qu' il n' y avait , devant ce public , qu' à faire ronfler la toupie de les grandes phrases .","il VCOG de le NC qui VIMP – et DETPOSS NCs soi-même lui avoir PPAS par le NC de le NCmod pour me VSENT que il ne y avoir , ADVLIEU ce NC , que à faire INF le NCo de le ADJ NCmod ."
1245,1886_Valles_L'Insurge_A.txt,"Mais moi qui , jadis , avais dans la main le nerf de bœuf de l' éloquence tribunitienne , je n' ai plus l' envie de le faire tournoyer et de casser , avec cela , les reins à les discours de les autres !","mais soi qui , ADV , avoir dans le NCCOR le NCCOR de NCmod de le NCmod ADJ , je ne avoir plus le NCo de le faire INF et de INF , avec cela , le NCCOR à le NCmod de le autre !"
1246,1886_Valles_L'Insurge_A.txt,"J' ai honte de les gestes inutiles , de la métaphore sans carcasse – honte de le métier de déclamateur !","je avoir NCSENT de le NCmod ADJ , de le NCmod sans NCmod – NCSENT de le NC de NCmod !"
1247,1886_Valles_L'Insurge_A.txt,"Pardieu , oui !","NP , oui !"
1248,1886_Valles_L'Insurge_A.txt,"j' évoquerais de les images saisissantes et qui empoigneraient ce monde -là , si je le voulais !","je VCOND de le NC ADJ et qui VIMP ce NCo ADVLIEU , si je le NC !"
1249,1886_Valles_L'Insurge_A.txt,"… Or , je ne me sens plus le courage de le vouloir .","… or , je ne me sentir plus le NCo de le vouloir ."
1250,1886_Valles_L'Insurge_A.txt,"J' ai perdu , avec l' ardeur de la foi jacobine , le romantisme virulent de jadis … et ce peuple m' écoute à peine !","je avoir PPAS , avec le NC de le NCmod ADJ , le NC ADJ de NCmod … et ce NCs le VCOG à NCSENT !"
1251,1886_Valles_L'Insurge_A.txt,"Je n' ai pas encore la charpente d' un socialiste fort , et je n' ai plus l' étoffe d' un orateur de borne , d' un Danton de faubourg – c' est moi-même qui ai déchiré ce chiffon-là !","je ne avoir pas encore le NCo de un NCmod fort , et je ne avoir plus le NCo de un NC de NCmod , de un NCmod de NCmod – ce être soi-même qui avoir PPAS ce chiffon-là !"
1252,1886_Valles_L'Insurge_A.txt,"Ce n' est pas décadence , c' est conversion ; ce n' est pas faiblesse , c' est mépris .","ce ne être pas VSUBP , ce être NC ; ce ne être pas ADJ , ce être PPAS ."
1253,1886_Valles_L'Insurge_A.txt,"Une fois , à Boulogne , j' ai failli y passer .","un fois , à NP , je avoir PPAS y INF ."
1254,1886_Valles_L'Insurge_A.txt,"« C' est vous qui voulez empêcher Simon d' être nommé !» On m' a cerné , bousculé , frappé .",""" ce être vous qui vouloir INF NP de être PPAS !» on le avoir PPAS , PPAS , frapper ."
1255,1886_Valles_L'Insurge_A.txt,"J' étais seul , tout seul .","je être ADJ , tout ADJ ."
1256,1886_Valles_L'Insurge_A.txt,"Pour me défendre , il ne m' est venu d' abord que la vieille formule classique : « On assassine la liberté de parole en ma personne !","pour me INF , il ne lui être venir de NC que le ADJ NC ADJ : "" on PRES le NCo de NCmod en DETPOSS NC !"
1257,1886_Valles_L'Insurge_A.txt,"– Eh bien , oui! on l' assassine .","– INTJ bien , oui! on le NC ."
1258,1886_Valles_L'Insurge_A.txt,Et à coup de poing sur le mufle !» a vociféré un blanchisseur à encolure de taureau .,et à NC de NCmod sur le NCmod !» avoir VDIC un NC à NCmod de NCmod .
1259,1886_Valles_L'Insurge_A.txt,Le bureau a eu peur que mon écrabouillage ne fît une tache sale dans l' apothéose de le concurrent .,le NCs avoir avoir NCSENT que DETPOSS NCs ne PRES un NCo ADJ dans le NC de le NC .
1260,1886_Valles_L'Insurge_A.txt,Puis j' ai eu un peu de toupet .,puis je avoir avoir un peu de NC .
1261,1886_Valles_L'Insurge_A.txt,"J' avais à le moins de quoi répondre à ces arguments -là , je pouvais ceinturer le blanchisseur , tandis que , pendant toute la campagne , cette anguille de Simon m' avait filé entre les doigts , visqueux et souple , obséquieux à force d' onctuosité , et noyant dans de le lait les serpents qui me sifflaient dans la gorge .","je avoir à le moins de quoi VDIC à ce NC ADVLIEU , je pouvoir INF le NCo , PHASE que , PHASE tout le NC , ce NCs de NP lui avoir PPAS entre le NC , ADJ et ADJ , ADV à NCSENT de NCmod , et PPRES dans de le NC le NCo qui me VIMP dans le NCCOR ."
1262,1886_Valles_L'Insurge_A.txt,Ç' a été une grande minute !,NP avoir être un ADJ NCT !
1263,1886_Valles_L'Insurge_A.txt,Seul !,ADJ !
1264,1886_Valles_L'Insurge_A.txt,J' avais osé venir seul !,je avoir PPAS venir ADJ !
1265,1886_Valles_L'Insurge_A.txt,– Jamais je n' ai été fier de moi comme en ce jour d' immense humiliation .,– ADVTEMPS je ne avoir être ADJ de soi comme en ce NCT de ADJ NCSENT .
1266,1886_Valles_L'Insurge_A.txt,"Une autre fois encore , cependant , j' ai eu un revenez -y d' orgueil , à la sortie d' une réunion où , l' un après l' autre , le glorieux et moi , nous avions parlé à la foule .","un autre fois encore , cependant , je avoir avoir un NCo ADJ de NCSENT , à le NC de un NC où , le un PHASE le autre , le ADJ et soi , nous avoir PPAS à le NC ."
1267,1886_Valles_L'Insurge_A.txt,"J' entendis un de ceux de le comité dire , en me désignant : « Ça saura se faire écouter de la canaille …» Enfin , la corvée est finie , la période électorale est close !","je PRES un de celui de le NCmod VDIC , en me PPRES : "" ça VCOG se faire VCOG de le NC …» PHASE , le NCs être ADJ , le NCs ADJ être ADJ !"
1268,1886_Valles_L'Insurge_A.txt,Je suis libre !,je être ADJ !
1269,1886_Valles_L'Insurge_A.txt,"Il y a là-bas , de le côté de Chaville , une ferme où j' ai passé de les journées calmes et heureuses à regarder battre le blé , courir les canards vers la mare , à boire de le petit vin blanc sous un grand chêne ombreux , et à faire la sieste dans l' herbe coupée , près de les pommiers en fleur .","il y avoir ADVLIEU , de le NCmod de NP , un NC où je avoir PPAS de le NCT NCSENT et NC à VCOG INF le NCo , INF le NCo vers le NCmod , à NCmod de le ADJ NCmod ADJCOL sous un ADJ NCmod ADJ , et à faire le NCo dans le NC PPAS , ADVLIEU de le NC en NCmod ."
1270,1886_Valles_L'Insurge_A.txt,J' ai soif de silence et de paix .,je avoir NCo de NCmod et de NC .
1271,1886_Valles_L'Insurge_A.txt,"Je suis allé là – oubliant le vote de les sections dans Paris , me roulant sur le foin , écoutant les rainettes qui chantaient dans les roseaux verts .","je être aller ADVLIEU – VCOG le NCo de le NCmod dans NP , me PPRES sur le NC , VCOG le NCo qui VIMP dans le NC ADJCOL ."
1272,1886_Valles_L'Insurge_A.txt,"Et , le soir , je me suis endormi entre de les draps de toile bise et dure comme ceux où me fourraient mes cousines à le village .","et , le NCT , je me être PPAS entre de le NC de NCmod ADJCOL et ADJ comme celui où me VIMP DETPOSS NCo à le NC ."
1273,1886_Valles_L'Insurge_A.txt,À le village !,à le NC !
1274,1886_Valles_L'Insurge_A.txt,Ah !,INTJ !
1275,1886_Valles_L'Insurge_A.txt,"j' étais plutôt fait pour être un paysan qu' un politiqueur – quitte à prendre la fourche avec les Jacques une année de disette , un hiver de famine !","je être plutôt faire pour être un NC que un NCs – PRES à INF le NC avec le NP un NCT de NCmod , un NC de NCmod !"
1276,1886_Valles_L'Insurge_A.txt,7 heures de le matin .,NUM NCT de le NCT .
1277,1886_Valles_L'Insurge_A.txt,"Un homme vêtu en entrepreneur cossu , avec une grosse chaîne d' or , un pantalon gris trop court sur de les souliers épais , a frappé à ma porte , s' est présenté comme un coreligionnaire et m' a demandé de l' écouter un moment .","un NC PPAS en NC ADJ , avec un ADJ NCmod de NCmod , un NC ADJCOL trop ADJ NCs de le NCmod ADJ , avoir frapper à DETPOSS NC , se être PPAS comme un NC et le avoir PPAS de le VCOG un NC ."
1278,1886_Valles_L'Insurge_A.txt,"«Si vous voulez , avec vos relations , votre talents .» …………… « Tardy , Tardy !» Tardy est un ancien camarade de collège , pauvre , pauvre , plus pauvre que moi !","«si vous vouloir , avec DETPOSS NC , DETPOSS NC .» …………… "" NP , NP !» NP être un ADJ NC de NCmod , NC , ADJ , plus ADJ que soi !"
1279,1886_Valles_L'Insurge_A.txt,"à qui je paie un cabinet garni près de ma chambre , et qui gagne sa part à la gamelle en recopiant ce que j' écris .","à qui je PRES un NCo ADJ ADVLIEU de DETPOSS NC , et qui PRES DETPOSS NCo à le NCmod en PPRES ce que je PRES ."
1280,1886_Valles_L'Insurge_A.txt,Je l' appelle à mon secours .,je le PRES à DETPOSS NC .
1281,1886_Valles_L'Insurge_A.txt,Il saute en chemise sur le carré .,il PRES en NC sur le NC .
1282,1886_Valles_L'Insurge_A.txt,"« Tiens! regarde , regarde bien celui là !",""" NP VCOG , VCOG bien celui ADVLIEU !"
1283,1886_Valles_L'Insurge_A.txt,"Il venait pour m' acheter … et il m' a cru capable de l' écouter , le misérable !","il venir pour lui INF … et il lui avoir PPAS ADJ de le VCOG , le NC !"
1284,1886_Valles_L'Insurge_A.txt,– Non !,– non !
1285,1886_Valles_L'Insurge_A.txt,non !,non !
1286,1886_Valles_L'Insurge_A.txt,"monsieur , balbutie l' individu pâle comme un mort , et trébuchant dans l' escalier .","monsieur , VDIC le NCo ADJ comme un NC , et PPRES dans le NC ."
1287,1886_Valles_L'Insurge_A.txt,– Plus vite !,– plus ADV !
1288,1886_Valles_L'Insurge_A.txt,ou je vous crève !,ou je vous PRES !
1289,1886_Valles_L'Insurge_A.txt,– Non !,– non !
1290,1886_Valles_L'Insurge_A.txt,non !,non !
1291,1886_Valles_L'Insurge_A.txt,monsieur !» répète -t -il en dégringolant .,monsieur !» PRES t il en PPRES .
1292,1886_Valles_L'Insurge_A.txt,Mais comment ont -ils osé !,mais comment avoir il PPAS !
1293,1886_Valles_L'Insurge_A.txt,Qui l' envoie ?,qui le PRES ?
1294,1886_Valles_L'Insurge_A.txt,Voyons !,VCOG !
1295,1886_Valles_L'Insurge_A.txt,C' est mon comité qui a fait les frais – mais avec l' aide d' un homme qui disait donner pour la cause en offrant l' argent de les affiches et de les bulletins !,ce être DETPOSS NC qui avoir faire le NCo – mais avec le NC de un NCmod qui VDIC INF pour le NC en PPRES le NCo de le NCmod et de le NC !
1296,1886_Valles_L'Insurge_A.txt,"Il faut aller le trouver , tirer cela à le clair !","il PRES aller le INF , INF cela à le NC !"
1297,1886_Valles_L'Insurge_A.txt,J' ai averti les camarades .,je avoir PPAS le NCo .
1298,1886_Valles_L'Insurge_A.txt,"Ils ont traînassé … «Vous êtes à le dessus de ça » , ont -ils fini par dire en haussant les épaules .» J' ai insisté .","il avoir PPAS … «le être à le NC de ça "" , avoir il VASP par VDIC en PPRES le NCCOR .» je avoir PPAS ."
1299,1886_Valles_L'Insurge_A.txt,"« Laissez -nous donc tranquilles !» Je n' en ai pas moins gardé un frisson , et j' ai peur qu' il n' y ait là-dessous un danger dont je sentirai les griffes un jour !",""" laisser nous donc ADJ !» je ne en avoir pas moins PPAS un NCSENT , et je avoir NCSENT que il ne y avoir PPAS un NCo dont je sentir le NCo un NCT !"
1300,1886_Valles_L'Insurge_A.txt,"13 Je suis un de les dix nommés par une assemblée populaire pour aller poser une question , presque porter une sommation à les députés de Paris .","NUM je être un de le NUM PPAS par un NC ADJ pour aller INF un NCo , presque INF un NCo à le NCmod de NP ."
1301,1886_Valles_L'Insurge_A.txt,"Millière , Trinquet , Humbert , Cournet , sont aussi de ces dix-là. Chez qui ira -t -on d' abord ?","NP , NP , NP , NP , être aussi de ce NC chez qui VF t on de NC ?"
1302,1886_Valles_L'Insurge_A.txt,Lequel de les représentants abordera -t -on le premier ?,lequel de le NCmod VF t on le ADJ ?
1303,1886_Valles_L'Insurge_A.txt,"On découvre l' adresse de Ferry – quelque part , rue Saint-Honoré – dans le Bottin de le petit café où la commission s' est donné rendez-vous .","on VCOG le NCo de NP – quelque NC , NC NP – dans le NP de le ADJ NC où le NCs se être PPAS NCo ."
1304,1886_Valles_L'Insurge_A.txt,« Chez Ferry !,""" chez NP !"
1305,1886_Valles_L'Insurge_A.txt,"… Vous êtes de son arrondissement , Vingtras .","… vous être de DETPOSS NC , NP ."
1306,1886_Valles_L'Insurge_A.txt,"C' est vous qui lui parlerez .» Entrée spacieuse , paliers solennels , maison silencieuse et grave .","ce être vous qui lui IMP .» NP ADJ , NC ADJ , NC ADJ et ADJ ."
1307,1886_Valles_L'Insurge_A.txt,"Je monte les étages , aussi ému que si je gravissais les marches de l' échafaud .","je PRES le NCo , aussi VSENT que si je VIMP le NCo de le NCmod ."
1308,1886_Valles_L'Insurge_A.txt,« C' est ici.» Une bonne arrive à le coup de sonnette .,""" ce être ici.» un NCs PRES à le NC de NCmod ."
1309,1886_Valles_L'Insurge_A.txt,« M.Jules Ferry ?,""" NP NP ?"
1310,1886_Valles_L'Insurge_A.txt,– Il est là .» Mes jambes vacillent .,– il être ADVLIEU .» DETPOSS NCCOR PRES .
1311,1886_Valles_L'Insurge_A.txt,Je suis plus blanc que le tablier de la servante … lequel n' est pas très blanc .,je être plus ADJCOL que le NC de le NCmod … lequel ne être pas très ADJCOL .
1312,1886_Valles_L'Insurge_A.txt,« Qui dois -je annoncer ?,""" qui devoir je VDIC ?"
1313,1886_Valles_L'Insurge_A.txt,» Nous nous regardons .,""" nous nous VCOG ."
1314,1886_Valles_L'Insurge_A.txt,"Aucun de nous ne vient en son nom personnel ; nous ne nous présentons pas non plus de la part d' un comité reconnu , d' une association républicaine ayant pignon sur rue .","aucun de nous ne venir en DETPOSS NC ADJ ; nous ne nous IMP pas non plus de le NC de un NCmod VCOG , de un NC ADJ avoir NCo sur NCmod ."
1315,1886_Valles_L'Insurge_A.txt,« Dites que ce sont de les gens de le VI e qui ont une communication à faire .,""" VDIC que ce être de le NC de le NUM e qui avoir un NCo à faire ."
1316,1886_Valles_L'Insurge_A.txt,– De le sixième ?,– de le ADJ ?
1317,1886_Valles_L'Insurge_A.txt,Il n' y a pas de sixième !» On s' explique … difficilement .,il ne y avoir pas un ADJ !» on se VDIC … ADV .
1318,1886_Valles_L'Insurge_A.txt,"Elle a peur , cette fille !","il avoir NCSENT , ce NC !"
1319,1886_Valles_L'Insurge_A.txt,«Je m' en fiche !,«il lui en NCmod !
1320,1886_Valles_L'Insurge_A.txt,"Nous y sommes nous y restons !» déclare Trinquet en s' accotant , comme un factionnaire , contre le mur .","nous y être nous y PRES !» PRES NP en se PPRES , comme un NC , contre le NCmod ."
1321,1886_Valles_L'Insurge_A.txt,"Le bourgeois apparaît , en petit veston , et le nez allongé .","le NCs PRES , en ADJ NC , et le NCCOR PPAS ."
1322,1886_Valles_L'Insurge_A.txt,« Messieurs ?,""" NP ?"
1323,1886_Valles_L'Insurge_A.txt,"… » fait -il en tournant vers nous un œil morne , vraiment morne !","… "" faire il en PPRES vers nous un NCo ADJ , ADVINT ADJ !"
1324,1886_Valles_L'Insurge_A.txt,"Sa voix tremble un peu , ses doigts aussi .","DETPOSS NCMAN PRES un peu , DETPOSS NCCOR aussi ."
1325,1886_Valles_L'Insurge_A.txt,Une minute de silence .,un NCT de NCmod .
1326,1886_Valles_L'Insurge_A.txt,Allons -y !,aller y !
1327,1886_Valles_L'Insurge_A.txt,"« Vous connaissez , monsieur , la lettre de M.deK ératry proposant de répondre à le décret de prorogation de la Chambre par l' arrivée en masse de les députés devant le Palais-Bourbon , à le jour et à l' heure où , suivant la loi , la session devrait s' ouvrir .",""" vous PRES , monsieur , le NCo de NCmod NCmod VDIC de VDIC à le NC de NC de le NCmod par le NCmod en NCmod de le NCmod ADVLIEU le NP , à le NCT et à le NCT où , PPRES le NCo , le NCs devoir se INF ."
1328,1886_Valles_L'Insurge_A.txt,"Une réunion publique a décidé qu' on mettrait les représentants de Paris en demeure de se prononcer catégoriquement à ce sujet , et nous a chargés de réclamer leur présence à une séance où le Peuple exprimera sa volonté … Y viendrez -vous ?","un NC ADJ avoir PPAS que on mettre le NCo de NP en PRES de se INF ADV à ce NC , et nous avoir PPAS de INF lui NCo à un NC où le NCs VF DETPOSS NCo … y venir lui ?"
1329,1886_Valles_L'Insurge_A.txt,"» Les mains grelottent toujours ; l' homme , qui a pourtant , la carrure et la face d' un résolu , semble déconcerté : «Je ne dis pas non .",""" le NCCOR PRES ADVTEMPS ; le NCo , qui avoir pourtant , le NCo et le NC de un PPAS , sembler VSENT : «il ne VDIC pas non ."
1330,1886_Valles_L'Insurge_A.txt,Mais je dois consulter mes collègues .,mais je devoir INF DETPOSS NCo .
1331,1886_Valles_L'Insurge_A.txt,Je ferais ce qu' ils feront .,je faire ce que il faire .
1332,1886_Valles_L'Insurge_A.txt,"– Nous rapporterons vos paroles à qui de droit » , ai-je déclaré d' un ton de greffier à les Septembrisades .","– nous VF DETPOSS NCo à qui de NCmod "" , ai-il PPAS de un NC de NCmod à le NP ."
1333,1886_Valles_L'Insurge_A.txt,"Nous avons salué , et nous sommes sortis .","nous avoir PPAS , et nous être PPAS ."
1334,1886_Valles_L'Insurge_A.txt,"Place de la Madeleine , maintenant .","NC de le NP , ADVT ."
1335,1886_Valles_L'Insurge_A.txt,« M.Jules Simon ?,""" NP NP ?"
1336,1886_Valles_L'Insurge_A.txt,"– Entrez , messieurs .» Voilà le fameux grenier .","– NP , NC .» voilà le ADJ NCo ."
1337,1886_Valles_L'Insurge_A.txt,Il n' y a trop rien à dire .,il ne y avoir trop rien à VDIC .
1338,1886_Valles_L'Insurge_A.txt,"Ce n' est point un nid à rats ; mais ce n' est pas , non plus , un palais caché sous les combles .","ce ne être ADV un NC à NCmod ; mais ce ne être pas , non plus , un NC PPAS sous le NC ."
1339,1886_Valles_L'Insurge_A.txt,"Patouillard , félin , avec de les gestes de prêtre , les roulements d' yeux d' une sainte Thérèse hystérique , de l' huile sur la langue et sur la peau , la bouche en croupion d' oie de Noël – il me reconnaît , et vient à moi en avançant ses doigts grassouillets et moites .","NP , NC , avec de le NC de NCmod , le NC de NCCOR de un NCmod NC ADJ , de le NC sur le NCCOR et sur le NCCOR , le NCCOR en NCmod de NCmod de NP – il me VCOG , et venir à soi en PPRES DETPOSS NCCOR NC et NC ."
1340,1886_Valles_L'Insurge_A.txt,"« Mon ancien et cher concurrent …» J' ai mis les mains derrière mon dos et me suis reculé , laissant à d' autres le soin d' interroger le personnage .",""" NP ADJ et ADJ NC …» je avoir mettre le NCCOR ADVLIEU DETPOSS NCCOR et me être PPAS , laisser à un autre le NC de VDIC le NCo ."
1341,1886_Valles_L'Insurge_A.txt,"Comme Ferry , il répond je ne sais quoi – que lui aussi sera à le rendez-vous , si tel est l' avis de son groupe .","comme NP , il VDIC je ne VCOG quoi – que lui aussi être à le NC , si tel être le NC de DETPOSS NCmod ."
1342,1886_Valles_L'Insurge_A.txt,"Dans l' escalier , on discute mon refus d' accolade .","dans le NC , on PRES DETPOSS NCo de NCmod ."
1343,1886_Valles_L'Insurge_A.txt,"Millière s' irrite , invoque son titre de doyen , m' accuse d' avoir été égoïstement blessant , et déclare qu' il n' entend pas que l' on trouble , par de pareils incidents , les visites nouvelles .","NP se VSENT , PRES DETPOSS NCo de NCmod , lui VDIC de avoir être ADVMAN VSENT , et PRES que il ne VCOG pas que l' on VSENT , par un ADJ NC , le NC ADJ ."
1344,1886_Valles_L'Insurge_A.txt,"Il va aller chez M.Thiers « mais il sera respectueux » , ajoute -t -il en me regardant. « Soyez ce vous voudrez !","il aller aller chez NP "" mais il être ADJ "" , PRES t il en me regardant. "" être ce vous VF !"
1345,1886_Valles_L'Insurge_A.txt,"moi , je garde la liberté de ne pas chatouiller la paume de l' ennemi!» « Vous avez bien fait !","soi , je PRES le NCo de ne pas VSENT le NCo de le ennemi!» "" vous avoir bien faire !"
1346,1886_Valles_L'Insurge_A.txt,» disent tous les jeunes .,""" VDIC tout le NCo ."
1347,1886_Valles_L'Insurge_A.txt,J' ai fait ce qui m' a plu .,je avoir faire ce qui le avoir PPAS .
1348,1886_Valles_L'Insurge_A.txt,"Je ne reconnais à personne , pas même à un ancien , le droit de discipliner mes poignées de main .","je ne VCOG à NC , pas même à un ADJ , le NC de INF DETPOSS NCo de NCCOR ."
1349,1886_Valles_L'Insurge_A.txt,"Mais impossible de refuser la patte à le gros réjoui à favoris d' acajou , à le large bedon et à le large rire , qui me siffle dans les oreilles , avant même que j' aie pu desserrer les crocs : « Eh! l' éreinteur , comment va ?","mais ADJ de INF le NCo à le ADJ VSENT à NCmod de NCmod , à le ADJ NC et à le ADJ NCMAN , qui me PRES dans le NCCOR , PHASE même que je avoir pouvoir INF le NC : "" Eh! le NCs , comment aller ?"
1350,1886_Valles_L'Insurge_A.txt,Vous pouvez vous vanter de nous avoir bien arrangés dans votre Rue !,vous pouvoir vous INF de nous avoir bien PPAS dans DETPOSS NC !
1351,1886_Valles_L'Insurge_A.txt,"Oui , de le joli !","oui , de le NC !"
1352,1886_Valles_L'Insurge_A.txt,"» Et de me taper sur ce que j' ai de ventre , en demandant ce qui nous amène .",""" et de me INF sur ce que je avoir de NCCOR , en PPRES ce qui nous PRES ."
1353,1886_Valles_L'Insurge_A.txt,"« Enfin , messieurs , que veut le Peuple ?",""" PHASE , NC , que vouloir le NCs ?"
1354,1886_Valles_L'Insurge_A.txt,Envoie -t -il chercher ma tête ?,PRES t il INF DETPOSS NCCOR ?
1355,1886_Valles_L'Insurge_A.txt,C' est que j' ai la faiblesse d' y tenir !,ce être que je avoir le NC de y INF !
1356,1886_Valles_L'Insurge_A.txt,Vous savez … une vieille habitude …» De la bonne humeur à pleines lèvres et à pleine redingote .,vous VCOG … un ADJ NC …» de le ADJ NC à NCmod NCCOR et à ADJ NC .
1357,1886_Valles_L'Insurge_A.txt,"Ses doigts ne tremblent pas , à celui-là , mais battent sur la table une réminiscence de la Mère Godichon , et sa caboche vire , sur son corps de pingouin , avec de les fébrilités d' oiseau-mouche .","DETPOSS NCCOR ne PRES pas , à celui-là , mais PRES sur le NC un NCo de le NC NP , et DETPOSS NC ADJ , sur DETPOSS NCCOR de NCmod , avec de le NCmod de NC ."
1358,1886_Valles_L'Insurge_A.txt,« Si J' irai à la manifestation de le 26 ?,""" si je VF à le NC de le NUM ?"
1359,1886_Valles_L'Insurge_A.txt,… – Deux de vos collègues ont déjà dit oui .,… – deux de DETPOSS NCmod avoir déjà VDIC oui .
1360,1886_Valles_L'Insurge_A.txt,– Ça je m' en fiche !,– ça je se en NC !
1361,1886_Valles_L'Insurge_A.txt,"– Alors , vous ne viendrez point ?","– alors , vous ne venir ADV ?"
1362,1886_Valles_L'Insurge_A.txt,… – Jamais de la vie !,… – ADVTEMPS de le NC !
1363,1886_Valles_L'Insurge_A.txt,Aller exposer Bibi sans qu' on sache de quoi il retourne ?,aller INF NP sans que on VCOG de quoi il PRES ?
1364,1886_Valles_L'Insurge_A.txt,"Vous n' y pensez pas , mon petit !» Il rit , et l' on ne peut s' empêcher de rire avec lui , car il ne biaise pas , à le moins .","vous ne y VCOG pas , DETPOSS NCo !» il PRES , et l' on ne pouvoir se INF de INF avec lui , car il ne PRES pas , à le moins ."
1365,1886_Valles_L'Insurge_A.txt,"«Si Belleville triomphe , j' accours !","NP NP ADJ , je NC !"
1366,1886_Valles_L'Insurge_A.txt,"Mais quant à l' entraîner , jouer les Brutus … non , mes enfants , je n' en suis pas !","mais quant à le INF , INF le NP … non , DETPOSS NC , je ne en être pas !"
1367,1886_Valles_L'Insurge_A.txt,"Je ne m' engage à rien , ne promets rien .","je ne se PRES à rien , ne PRES rien ."
1368,1886_Valles_L'Insurge_A.txt,Pas ça !» Et il fait claquer son ongle contre ses dents .,pas ça !» et il faire INF DETPOSS NCo contre DETPOSS NCCOR .
1369,1886_Valles_L'Insurge_A.txt,"«Vous me paraissez tous de bons garçons , et assez convaincus pour aller vous faire casser la margoulette .","«le me paraître tout un ADJ NCmod , et ADV PPAS pour aller vous faire INF le NCo ."
1370,1886_Valles_L'Insurge_A.txt,"Ces margoulettes , je les salue , mais j' efface la mienne !","ce NC , je le PRES , mais je PRES le NCo !"
1371,1886_Valles_L'Insurge_A.txt,… Ah !,… INTJ !
1372,1886_Valles_L'Insurge_A.txt,"l' éreinteur , à propos ?","le NC , à NCmod ?"
1373,1886_Valles_L'Insurge_A.txt,"Le mot que vous m' avez prêté : « Manuel fut un héros , seulement il ne fut pas réélu » , je ne l' ai pas dit , mais je le pense … Allons , à le revoir !","le NC que vous lui avoir PPAS : "" NP être un NC , seulement il ne être pas PPAS "" , je ne le avoir pas VDIC , mais je le VCOG … NP , à le VCOG !"
1374,1886_Valles_L'Insurge_A.txt,"Ma parole , on dirait que vous ne songez qu' à mourir , vous autres !","DETPOSS NC , on VDIC que vous ne PRES que à INF , vous autre !"
1375,1886_Valles_L'Insurge_A.txt,"Moi , je tiens à vivre , c' est mon goût .","soi , je PRES à INF , ce être DETPOSS NC ."
1376,1886_Valles_L'Insurge_A.txt,"Dame , ça s' explique : vous êtes de les maigres , je suis un gras !","NP , ça se VDIC : vous être de le NC , je être un ADJ !"
1377,1886_Valles_L'Insurge_A.txt,"… Prenez garde , il y a une marche !","… IMP NCo , il y avoir un NCo !"
1378,1886_Valles_L'Insurge_A.txt,"Dites donc , si vous vous faites foutre en prison , j' irai vous porter de les cigares et de le bourgogne .","VDIC donc , si vous vous faire ADV en NC , je VF vous INF de le NC et de le NC ."
1379,1886_Valles_L'Insurge_A.txt,"Et vous savez , je ne vous dis que ça !» Il se penche sur l' escalier et fait sonner , sur ses cinq doigts en faisceau , un baiser plein de promesses .","et vous VCOG , je ne vous VDIC que ça !» il se PRES sur le NC et faire INF , sur DETPOSS NUM NCCOR en NCmod , un NC ADV de NC ."
1380,1886_Valles_L'Insurge_A.txt,Une tête d' apôtre : Pelletan .,un NCCOR de NCmod : NP .
1381,1886_Valles_L'Insurge_A.txt,"Il a , en effet , prophétisé ; c' est un bibliste de la Révolution , un missionnaire barbu de la Propagation de la Foi républicaine , qui a le poil , le regard , l' allure d' un capucin ligueur .","il avoir , en NC , PPAS ; ce être un NC de le NCmod , un NC PPAS de le NC de le NCmod ADJ , qui avoir le NCCOR , le NCMAN , le NCMAN de un NCmod NC ."
1382,1886_Valles_L'Insurge_A.txt,"Il exorcisa , avec le goupillon de Chabot , les insurgés de Juin , et les excommunia , à travers les grilles de le caveau de les Tuileries .","il VPS , avec le NC de NP , le NCo de NCmod , et le VPS , à travers le NC de le NCmod de le NP ."
1383,1886_Valles_L'Insurge_A.txt,"De bonne foi , il les traita – le visionnaire !","de ADJ NC , il le NC – le NC !"
1384,1886_Valles_L'Insurge_A.txt,– de scélérats et de vendus .,– de NC et de NC .
1385,1886_Valles_L'Insurge_A.txt,Que va -t -il répondre ?,que aller t il VDIC ?
1386,1886_Valles_L'Insurge_A.txt,Pas grand-chose … Il en conférera avec ses collègues lui aussi .,pas NC … il en VF avec DETPOSS NC lui aussi .
1387,1886_Valles_L'Insurge_A.txt,"Et il étend ses mains velues de notre côté , comme pour la bénédiction .","et il PRES DETPOSS NCCOR NC de DETPOSS NCmod , comme pour le NC ."
1388,1886_Valles_L'Insurge_A.txt,« Amen! » psalmodie Humbert en nasillant .,""" NP "" PRES NP en NC ."
1389,1886_Valles_L'Insurge_A.txt,Notre tournée est finie .,DETPOSS NCs être VASP .
1390,1886_Valles_L'Insurge_A.txt,Et Gambetta ?,et NP ?
1391,1886_Valles_L'Insurge_A.txt,Gambetta a inventé une angine dont il joue chaque fois qu' il y a péril à se prononcer .,NP avoir PPAS un NCo dont il PRES chaque fois que il y avoir NCo à se INF .
1392,1886_Valles_L'Insurge_A.txt,"Cette ficelle ne me va pas , je devine le pantin à le bout .","ce NCs ne me aller pas , je VCOG le NCo à le NC ."
1393,1886_Valles_L'Insurge_A.txt,"Mais ils risquent gros , ceux qui se moquent de le Peuple .","mais il PRES ADJ , celui qui se PRES de le NP ."
1394,1886_Valles_L'Insurge_A.txt,"Ils ont d' abord de les angines pour de rire , puis un jour arrive où on leur scie le cou pour de bon .","il avoir de NC de le NC pour de NCMAN , puis un NCT PRES où on lui PRES le NCCOR pour de ADJ ."
1395,1886_Valles_L'Insurge_A.txt,"Jules Favre a déchiré la sommation sans la lire , et a roulé sa grosse lèvre dans une moue de suprême dédain .","NP NP avoir PPAS le NCo sans le NC , et avoir PPAS DETPOSS ADJ NCCOR dans un NC de NCmod NCSENT ."
1396,1886_Valles_L'Insurge_A.txt,Millière a -t -il vu Thiers ?,NP avoir t il VCOG NP ?
1397,1886_Valles_L'Insurge_A.txt,Je ne sais .,je ne VCOG .
1398,1886_Valles_L'Insurge_A.txt,"En tout cas , s' il l' a rencontré , il ne lui a pas renfoncé son chapeau gris sur les oreilles – bien sûr !","en tout NC , si il le avoir PPAS , il ne lui avoir pas PPAS DETPOSS NCo ADJ sur le NCCOR – bien ADJ !"
1399,1886_Valles_L'Insurge_A.txt,Bancel était en province .,NP être en NC .
1400,1886_Valles_L'Insurge_A.txt,Viendront -ils ?,venir il ?
1401,1886_Valles_L'Insurge_A.txt,Salle Biette .,NP NP .
1402,1886_Valles_L'Insurge_A.txt,Boulevard Clichy .,NP NP .
1403,1886_Valles_L'Insurge_A.txt,Ils sont venus .,il être venir .
1404,1886_Valles_L'Insurge_A.txt,"Ils ont monté l' escalier branlant qui conduit à une salle à les murs tout nus , éclairée par de les lampes qui fument , meublée , en guise de sièges , par de vieux bancs de classe disloqués .","il avoir PPAS le NCo ADJ qui PRES à un NC à le NCmod tout ADJ , PPAS par de le NC qui ADV , PPAS , en NC de NCmod , par un ADJ NC de NCmod PPAS ."
1405,1886_Valles_L'Insurge_A.txt,"Dans le fond , on a planté une table et quelques tabourets de paille , sur une estrade construite avec de les madriers plâtreux .","dans le NC , on avoir PPAS un NCo et quelque NC de NCmod , sur un NC PPAS avec de le NC ADJ ."
1406,1886_Valles_L'Insurge_A.txt,"C' est là que se tiendront les représentants , comme sur la sellette de les assises ; c' est de cette tribune mal équarrie que la conscience faubourienne , par la voix de quelques déclassés en paletot ou en cotte , dirigera l' accusation et convaincra le jury – un jury de cinq ou six cents hommes , dont le verdict n' aura point force de loi , mais n' en sera pas moins menaçant pour ceux qu' il aura frappés : le pouce de le Peuple les marquera à l' épaule .","ce être ADVLIEU que se VF le NCs , comme sur le NC de le NCmod ; ce être de ce NC mal PRES que le NC ADJ , par le NCMAN de quelque PPAS en NC ou en NC , VF le NCo et VPS le NCo – un NC de cinq ou NUM ADJ NC , dont le NCs ne avoir ADV NCSENT de NCmod , mais ne en être pas moins VDIC pour celui que il avoir frapper : le NCCOR de le NCmod le VF à le NCCOR ."
1407,1886_Valles_L'Insurge_A.txt,Je me trouve dans un groupe qui pérore et gesticule avec passion .,je me PRES dans un NC qui VDIC et PRES avec NCSENT .
1408,1886_Valles_L'Insurge_A.txt,Il s' agit de choisir celui qu' on proposera à l' auditoire pour président .,il se PRES de INF celui que on VDIC à le NC pour NCmod .
1409,1886_Valles_L'Insurge_A.txt,"Germain Casse intrigue , supplie , va , vient – il veut être en vue … Millière , qui a mis son chapeau à les plus larges ailes et pris sa figure de quaker , l' œil tendu et brûlant sous ses lunettes , la bouche crispée , la main fiévreuse , réclame cette distinction comme un honneur dû à son passé , à son âge , et promet , en mâchant les mots comme les Aïssaouas mâchent le verre , d' être le Fouquier-Tinville de la soirée .","NP NP VSENT , supplir , aller , venir – il vouloir être en NC … NP , qui avoir mettre DETPOSS NCo à le plus ADJ NC et PPAS DETPOSS NCCOR de INF , le NC PPAS et PPRES sous DETPOSS NC , le NCCOR ADJ , le NCCOR ADJ , PRES ce NC comme un NCSENT devoir à DETPOSS NC , à DETPOSS NCmod , et NC , en PPRES le NCo comme le NP PRES le NCo , de être le NP de le NCT ."
1410,1886_Valles_L'Insurge_A.txt,On décide que c' est son nom que l' on jettera à la foule .,on PRES que ce être DETPOSS NC que l' on VF à le NC .
1411,1886_Valles_L'Insurge_A.txt,"Le mot d' ordre est donné à les chefs de bancs , et il n' y a que Casse qui se plaigne et grogne , et qui mordrait les mollets de Millière , s' il osait !","le NCs de NCmod être PPAS à le NC de NCmod , et il ne y avoir que NP qui se PRES et VDIC , et qui VCOND le NCCOR de NP , si il VIMP !"
1412,1886_Valles_L'Insurge_A.txt,"Mais un forgeron qui l' entend lui rebrousse le poil ; il redevient couchant et va se pelotonner dans un coin , la gueule méchante , mais la queue basse .","mais un NCs qui le VCOG lui PRES le NCCOR ; il PRES PPRES et aller se INF dans un NC , le NCCOR ADJ , mais le NC NC ."
1413,1886_Valles_L'Insurge_A.txt,"Les voilà. Ferry , Simon , Bancel , Pelletan .","le NC NP , NP , NP , NP ."
1414,1886_Valles_L'Insurge_A.txt,Un murmure .,un NC .
1415,1886_Valles_L'Insurge_A.txt,"Ils doivent deviner , de le coup , qu' ils sont en plein camp ennemi .","il devoir VCOG , de le NC , que il être en ADJ NC ADJ ."
1416,1886_Valles_L'Insurge_A.txt,On se dérange à peine pour leur livrer passage .,on se NC à NCSENT pour lui ADJ NCmod .
1417,1886_Valles_L'Insurge_A.txt,"Comme ils sont loin de les clairons et de les officiers qui font fanfare et cortège devant le président de la Chambre , loin de les huissiers en habit noir et à chaîne d' argent !","comme il être ADVLIEU de le NC et de le NC qui faire NCo et NC ADVLIEU le NC de le NCmod , ADVLIEU de le NC en NCmod ADJ et à NC de NCmod !"
1418,1886_Valles_L'Insurge_A.txt,"Ici , il n' y a que de les mal-vêtus .","ADVLIEU , il ne y avoir que de le NC ."
1419,1886_Valles_L'Insurge_A.txt,"Dans le tas , les députés de Paris peuvent reconnaître les socialistes qui déjà ont entamé leur procès dans les réunions publiques , et qui ruminent , pâles et résolus , les réquisitoires qu' ils vont prononcer à le nom de le peuple souverain !","dans le NC , le NCs de NP pouvoir VCOG le NC qui déjà avoir PPAS lui NCo dans le NC ADJ , et qui VSUBP , ADJ et ADJ , le NC que il aller INF à le NC de le NCmod NC !"
1420,1886_Valles_L'Insurge_A.txt,"« Millière , Millière !",""" NP , NP !"
1421,1886_Valles_L'Insurge_A.txt,"!» Il était prêt , et n' a qu' un pas à faire pour prendre place devant la table verte .","!» il être ADJ , et ne avoir que un pas à faire pour INF NCo ADVLIEU le NC ADJCOL ."
1422,1886_Valles_L'Insurge_A.txt,"« Parlerez -vous , Vingtras ?",""" IMP vous , NP ?"
1423,1886_Valles_L'Insurge_A.txt,"– Non !» Je ne suis pas assez sûr de moi , et je n' ai point l' oreille de le tribunal en blouse comme ceux qui sont allés , tous les soirs , causer avec lui dans les clubs nouveaux .","– non !» je ne être pas ADV ADJ de soi , et je ne avoir ADV le NCCOR de le NCmod en NCmod comme celui qui être aller , tout le NCT , INF avec lui dans le NC ADJ ."
1424,1886_Valles_L'Insurge_A.txt,"Si tout ce qu' il faut dire n' était pas dit , je me hasarderais peut-être !","si tout ce que il PRES VDIC ne être pas VDIC , je me VCOND peut-être !"
1425,1886_Valles_L'Insurge_A.txt,Mais tout sera dit .,mais tout être VDIC .
1426,1886_Valles_L'Insurge_A.txt,"Je le vois à les lueurs de quelques yeux ; je le sens à le frisson qui court dans la salle , je le lis sur le visage même de les accusés .","je le NC à le NCmod de quelque NCCOR ; je le NC à le NCSENT qui PRES dans le NC , je le PRES sur le NCCOR même de le NCmod ."
1427,1886_Valles_L'Insurge_A.txt,"Ils sont graves , et échangent , à voix basse , de les réflexions inquiètes .","il être ADJ , et NC , à NCMAN ADJ , de le NC ADJ ."
1428,1886_Valles_L'Insurge_A.txt,"« Citoyens , la séance est ouverte !» L' exécution va commencer !",""" NC , le NCs être ADJ !» le NCs aller VASP !"
1429,1886_Valles_L'Insurge_A.txt,"Briosne , prépare ta colère !","NP , PRES ter NCSENT !"
1430,1886_Valles_L'Insurge_A.txt,"Lefrançais , arme ton mépris !","NCs , PRES DETPOSS NCo !"
1431,1886_Valles_L'Insurge_A.txt,"Ducasse , empoisonne ta langue !","NP , empoisonner VPS NCCOR !"
1432,1886_Valles_L'Insurge_A.txt,14 Briosne : un Christ qui louche – avec le chapeau de Barrabas !,NUM NP : un NP qui VSUBP – avec le NC de NP !
1433,1886_Valles_L'Insurge_A.txt,"Mais point résigné , s' arrachant la lance de le flanc , et se déchirant les mains à casser les épines qui restent sur son front d' ancien supplicié de ces calvaires qu' on nomme les Centrales .","mais ADV PPAS , se PPRES le NCo de le NCmod , et se PPRES le NCCOR à INF le NCo qui PRES sur DETPOSS NCCOR de ADJ PPAS de ce NCmod que on PRES le NP ."
1434,1886_Valles_L'Insurge_A.txt,"Condamné pour société secrète à cinq ans , renvoyé quelques mois plus tôt parce qu' il crachait le sang , rentré sans le sou dans Paris , n' ayant pu cicatriser ses poumons – mais ayant l' âme de la Révolution chevillée dans le corps !","PPAS pour NC ADJ à NUM NCT , PPAS quelque NCT plus tôt parce que il VIMP le NCCOR , PPAS sans le NC dans NP , ne avoir pouvoir INF DETPOSS NCCOR – mais avoir le NCo de le NCmod PPAS dans le NCCOR !"
1435,1886_Valles_L'Insurge_A.txt,"Voix pénétrante , sortant d' un cœur meurtri comme d' un violoncelle fêlé ; geste tragique : le bras tendu comme pour un serment; secoué parfois , de la tête à les pieds , d' un frisson de pythonisse antique ; et de ses yeux , qui ont l' air de trous faits à le couteau , crevant le plafond fumeux de les salles de clubs , comme un prédicateur chrétien crève , d' un regard extasié , la voûte de les cathédrales et va chercher le ciel .","NCMAN ADJ , PPRES de un NC VSENT comme de un NC ADJ ; NC NC : le NCCOR PPAS comme pour un serment; PPAS ADVTEMPS , de le NCCOR à le NCCOR , de un NCSENT de NCmod ADJ ; et de DETPOSS NCCOR , qui avoir le NCMAN de NCmod faire à le NC , PPRES le NCo ADJ de le NCmod de NCmod , comme un NCmod ADJ NC , de un NCMAN PPAS , le NC de le NCmod et aller INF le NCo ."
1436,1886_Valles_L'Insurge_A.txt,"Ayant trouvé le temps , entre ses maladies et ses chômages , d' étudier les grands livres , il en a exprimé le suc et mâché la moelle .","avoir PPAS le temps , entre DETPOSS NC et DETPOSS NC , de INF le ADJ NCo , il en avoir PPAS le NCo et PPAS le NCo ."
1437,1886_Valles_L'Insurge_A.txt,"Cela le soutient , comme de le sang de bœuf bu chaud à l' abattoir .","cela le PRES , comme de le NCCOR de NCmod ADJ NC à le NCmod ."
1438,1886_Valles_L'Insurge_A.txt,"Vivant de sa passion – le cœur soutenant la poitrine ; ayant même tiré de son mal une théorie qui , sans qu' il le sache , est la fille de sa souffrance et fait peur sur ses lèvres : « Le capital mourrait si , tous les matins , on ne graissait pas les rouages de ses machines avec de l' huile d' homme .","PPRES de DETPOSS NCSENT – le NCs PPRES le NCo ; avoir même PPAS de DETPOSS mal un NC qui , sans que il le NCs , être le NC de DETPOSS NCSENT et faire NCSENT sur DETPOSS NCCOR : "" le NCs VCOND si , tout le NCT , on ne VIMP pas le NC de DETPOSS NCmod avec de le NCmod de NCmod ."
1439,1886_Valles_L'Insurge_A.txt,"Il faut , à ces bêtes de fonte et d' acier , le pansage et la poussée de l' ouvrier .» À lui aussi , il faudrait le pansage de ses bronches qui suent rouge , et quelques gouttes de cette huile qu' on appelle le vin dans sa charpente détraquée .","il PRES , à ce NC de NCmod et de NC , le NC et le NC de le NCmod .» à lui aussi , il VCOND le NCo de DETPOSS NCmod qui PRES ADJCOL , et quelque NC de ce NC que on PRES le NC dans DETPOSS NCmod PPAS ."
1440,1886_Valles_L'Insurge_A.txt,Il n' y faut point songer !,il ne y PRES ADV INF !
1441,1886_Valles_L'Insurge_A.txt,il mange à peine et boit de l' eau .,il PRES à NCSENT et NC de le NC .
1442,1886_Valles_L'Insurge_A.txt,"Il est feuillagiste , et le feuillage ne va pas .","il être ADJ , et le NCs ne aller pas ."
1443,1886_Valles_L'Insurge_A.txt,La manipulation de les outils de travail achève de lui ronger ce qu' il a de vie – le poison aide la famine .,le NC de le NCmod de NCmod VASP de lui VSENT ce que il avoir de NC – le NCs PRES le NCo .
1444,1886_Valles_L'Insurge_A.txt,"Mais cet autre poison qu' on appelle le gaz , et les émanations lourdes qui se dégagent de les foules entassées dans les locaux trop étroits , combattent le mal par le mal .","mais ce autre NC que on PRES le NC , et le NC ADJ qui se PRES de le NC PPAS dans le NC trop ADJ , PRES le mal par le mal ."
1445,1886_Valles_L'Insurge_A.txt,"Il prend la fièvre là-dedans , et la fièvre le galvanise , le relève , et l' emporte haut .","il PRES le VSENT NC , et le VSENT le PRES , le PRES , et le PRES ADV ."
1446,1886_Valles_L'Insurge_A.txt,"Après tout , il aura eu son comptant d' existence !","PHASE tout , il avoir avoir DETPOSS NCo de NCmod !"
1447,1886_Valles_L'Insurge_A.txt,"Il vit pendant trois heures ; chaque soir , plus que d' autres pendant une année – élargissant , de son éloquence , le temps présent; empiétant , par le rêve , sur l' avenir; jetant , ce malade , la santé de sa parole à une légion d' ouvriers à les épaules d' athlètes et à les poitrines de fer , tout émus de voir ce prolétaire sans poumons se tuer à défendre leurs droits .","il PRES PHASE NUM NCT ; chaque NCT , plus que de autre PHASE un NCT – PPRES , de DETPOSS NC , le temps présent; PPRES , par le NC , sur le avenir; PPRES , ce NCo , le NC de DETPOSS NCmod à un NC de NCmod à le NCCOR de NCmod et à le NC de NCmod , tout PPAS de VCOG ce NCs sans NCCOR se INF à INF DETPOSS NCo ."
1448,1886_Valles_L'Insurge_A.txt,"Briosne est toujours avec un camarade plus petit que lui , vêtu d' une redingote à la proprio , et marchant lentement , la tête un peu de côté et un parapluie sous le bras .","NP être ADVTEMPS avec un NC plus ADJ que lui , PPAS de un NC à le NC , et PPRES ADV , le NCCOR un peu de NCmod et un NC sous le NCCOR ."
1449,1886_Valles_L'Insurge_A.txt,"Il ressemble – à s' y méprendre – à un homme qui , en 1848 , à Nantes , me frappa en plein cœur par la hardiesse de son langage .","il PRES – à se y INF – à un NC qui , en NUM , à NP , me frapper en ADJ NC par le NCmod de DETPOSS NCmod ."
1450,1886_Valles_L'Insurge_A.txt,Cette hardiesse -là le chassait de la modeste situation où il gagnait de quoi manger .,ce NCs ADVLIEU le VIMP de le ADJ NC où il VIMP de quoi INF .
1451,1886_Valles_L'Insurge_A.txt,L' autorité qu' il avait prise à le club humiliait et épouvantait ses patrons .,le NCs que il avoir PPAS à le NC VSENT et VIMP DETPOSS NCo .
1452,1886_Valles_L'Insurge_A.txt,"On venait de lui régler son compte , et il faisait ses adieux à le peuple avec simplicité et grandeur .","on venir de lui INF DETPOSS NCo , et il faire DETPOSS NCo à le NC avec NCmod et NC ."
1453,1886_Valles_L'Insurge_A.txt,"«Je ne puis plus rester parmi vous , j' ai dans le dos la croix de les affamés .","«il ne puis plus INF parmi vous , je avoir dans le NCCOR le NCo de le NCmod ."
1454,1886_Valles_L'Insurge_A.txt,"Je vais à Paris , où je trouverai peut-être à vendre mon temps contre un morceau de pain … où je trouverai aussi à donner ma vie , moi pauvre , si elle peut boucher une brèche , un matin de révolte .» Quelque temps après , on apprenait qu' il avait fait le cadeau promis .","je aller à NP , où je VCOND peut-être à INF DETPOSS temps contre un NC de NCmod … où je VCOND aussi à INF DETPOSS NCo , soi PRES , si il pouvoir INF un NCo , un NCT de NCSENT .» quelque temps PHASE , on VCOG que il avoir faire le NCo PPAS ."
1455,1886_Valles_L'Insurge_A.txt,"On avait ramassé son cadavre , étoilé de balles , à le pied de la barricade de le Petit-Pont – tribune de pierre de ce socialiste acculé dans la famine et s' échappant dans la mort .","on avoir PPAS DETPOSS NC , PPAS de NC , à le NCCOR de le NCmod de le NP – NC de NCmod de ce NC PPAS dans le NC et se PPRES dans le NC ."
1456,1886_Valles_L'Insurge_A.txt,"Lefrançais rappelle cet homme , avec son visage jaune et pensif , troué de deux yeux profonds et doux .","NP PRES ce NCo , avec DETPOSS NCCOR ADJCOL et ADJ , PPAS de NUM NCCOR ADJ et ADJ ."
1457,1886_Valles_L'Insurge_A.txt,"On dirait , à le premier abord , un résigné , un chrétien .","on VDIC , à le ADJ NC , un NCo , un NC ."
1458,1886_Valles_L'Insurge_A.txt,"Mais le frémissement de la lèvre trahit les ardeurs de le convaincu , et le « prenant » de la voix dénonce l' âme de ce porteur de riflard .","mais le NCSENT de le NCCOR PRES le NCo de le NCmod , et le "" PPRES "" de le NCMAN PRES le NCo de ce NCmod de NCmod ."
1459,1886_Valles_L'Insurge_A.txt,"La parole jaillit , chaude et vibrante , dans un trémolo de colère ; mais , de même qu' il a l' habit de tout le monde et le chapeau plat , il a le geste simple .","le NC NC , ADJ et ADJ , dans un NC de NCSENT ; mais , de même que il avoir le NCo de tout le NCmod et le NC ADJ , il PRES le NCo ADJ ."
1460,1886_Valles_L'Insurge_A.txt,Sa phrase ne flambe point – quoiqu' elle brûle !,DETPOSS NCs ne VSUBP NCo – quoique il PRES !
1461,1886_Valles_L'Insurge_A.txt,"Cette tête de rêveur ne s' agite pas sur le buste chétif qu' elle surmonte , son poing fermé n' ébranle pas le bois de la tribune , son geste ne boxe pas la poitrine de l' ennemi .","ce NCCOR de NCmod ne se PRES pas sur le NCCOR ADJ que il VSUBP , DETPOSS NCo PPAS ne PRES pas le NCo de le NCmod , DETPOSS NCs ne PRES pas le NCo de le NCmod ."
1462,1886_Valles_L'Insurge_A.txt,"Il s' appuie sur un livre , comme quand il était instituteur et surveillait la classe .","il se PRES sur un NC , comme quand il être NC et VIMP le NCo ."
1463,1886_Valles_L'Insurge_A.txt,"Parfois même il semble , en commençant , faire la leçon et tenir une férule ; mais , dès qu' il arrive à les entrailles de la question , il oublie l' accent de le magister et devient , soudain , un frappeur d' idées qui fument sous son coup de marteau à grande volée .","ADVTEMPS même il sembler , en VASP , faire le NCo et INF un NCo ; mais , dès que il PRES à le NC de le NCmod , il VCOG le NCo de le NCmod et devenir , soudain , un NC de NCmod qui PRES sous DETPOSS NC de NCmod à ADJ NCmod ."
1464,1886_Valles_L'Insurge_A.txt,Il cogne droit et profond !,il PRES ADJ et ADJ !
1465,1886_Valles_L'Insurge_A.txt,"C' est le plus redoutable de les tribuns , parce qu' il est sobre , raisonneur… et bilieux .","ce être le plus ADJ de le NCmod , parce que il être ADJ , NP et ADJ ."
1466,1886_Valles_L'Insurge_A.txt,"C' est la bile de le peuple , de l' immense foule à le front terreux , qu' il a dans le sang , et qui jaunit ses phrases pleines , et qui donne à ses improvisations le ton de les médailles de vieil or .","ce être le NC de le NCmod , de le ADJ NCmod à le NCCOR ADJ , que il avoir dans le NCCOR , et qui PRES DETPOSS NCo ADJ , et qui PRES à DETPOSS NC le NCo de le NCmod de ADJ NC ."
1467,1886_Valles_L'Insurge_A.txt,"Portant la peine de cette jaunisse révolutionnaire , ayant une sensibilité d' écorché , lui , l' avocat de les saignants !","PPRES le NCSENT de ce NCmod ADJ , avoir un NCSENT de NCmod , lui , le NCmod de le NCmod !"
1468,1886_Valles_L'Insurge_A.txt,"blessant les autres sans le vouloir , ce blessé mais plein d' honnêteté et de courage – et sa vie parlant aussi haut que son éloquence en faveur de ses convictions .","VSENT le autre sans le vouloir , ce NC mais ADJ de NC et de NC – et DETPOSS NC PPRES aussi ADV que DETPOSS NC en NCmod de DETPOSS NC ."
1469,1886_Valles_L'Insurge_A.txt,Ce Lefrançais -là est le grand orateur de le parti socialiste .,ce NCs ADVLIEU être le ADJ NC de le NCmod ADJ .
1470,1886_Valles_L'Insurge_A.txt,Ducasse – un écarquillé .,NP – un NC .
1471,1886_Valles_L'Insurge_A.txt,"Il écarquille ses yeux tout ronds ; il écarquille ses coudes pointus ; il écarquille ses jambes qui tricotent ; il écarquille sa bouche coupée en fente de tirelire , d' où s' échappe une voix pointue et enchifrenée dont le son ne vous égratigne pas seulement le tympan , mais la peau .","il PRES DETPOSS NCCOR tout ADJ ; il PRES DETPOSS NCCOR PPAS ; il PRES DETPOSS NCCOR qui PRES ; il PRES DETPOSS NCCOR PPAS en NC de NC , de où se PRES un NCMAN ADJ et PPAS dont le NCs ne vous PRES pas seulement le NC , mais le NCCOR ."
1472,1886_Valles_L'Insurge_A.txt,"« Tu ressembles à un chat jaune qui c… dans de la braise » , lui a dit Dacosta .",""" je ADJ à un NCmod ADJCOL qui NP dans de le NCmod "" , lui avoir VDIC NP ."
1473,1886_Valles_L'Insurge_A.txt,"Il ressemble aussi à un chat qui fait grincer ses griffes après les vitres d' une chambre où on l' a oublié trois jours , et où il a maigri de famine et de rage .","il PRES aussi à un NC qui faire INF DETPOSS NC PHASE le NCmod de un NCmod où on le avoir VCOG NUM NCT , et où il avoir PPAS de NC et de NCSENT ."
1474,1886_Valles_L'Insurge_A.txt,"C' est bien la double physionomie de ce garçon à cheveux carotte , qui joue les Marat avec les mines ahuries de Lassouche , qui prêche la guillotine avec de les gestes de marionnette , qui prend l' accent de Grassot pour parler « de les immortels principes » et qui dit Gnouf !","ce être bien le ADJ NC de ce NCmod à NCCOR NCmod , qui PRES le NP avec le NC VSENT de NP , qui PRES le NCo avec de le NCmod de NCmod , qui PRES le NCo de NP pour INF "" de le ADJ NC "" et qui VDIC NP !"
1475,1886_Valles_L'Insurge_A.txt,Gnouf! entre deux tirades sur la Convention .,Gnouf! entre NUM NC sur le NCmod .
1476,1886_Valles_L'Insurge_A.txt,"Sec comme un cent de clous , les bras comme de les allumettes , les tibias comme de les fuseaux , les jointures en fil de fer , et grimaçant et claquant comme un lot de pantins de bois à la porte d' un bazar .","ADV comme un NCmod de NCmod , le NCCOR comme de le NC , le NC comme de le NC , le NC en NCmod de NCmod , et PPRES et PPRES comme un NC de NCmod de NCmod à le PRES de un NC ."
1477,1886_Valles_L'Insurge_A.txt,"Drôle à tuer , dans ce rôle de bouffon féroce , devant la table de le café où il entasse de les bocks que le comptoir n' a pu défendre contre ses demandes comiques et menaçantes !","ADJ à INF , dans ce NC de NCmod ADJ , ADVLIEU le NC de le NCmod où il PRES de le NC que le NCs ne avoir pouvoir INF contre DETPOSS NC ADJ et NC !"
1478,1886_Valles_L'Insurge_A.txt,"«Si tu mets un faux col , je te mettrai une cravate de chanvre .","«si je mettre un ADJ NCo , je me VF un NCo de NCmod ."
1479,1886_Valles_L'Insurge_A.txt,"Si tu n' en apportes pas deux autres , pour moi et la citoyenne – bien tirés !","si je ne en NC pas NUM autre , pour soi et le NC – bien ADJ !"
1480,1886_Valles_L'Insurge_A.txt,– on te coupe le cou à la Prochaine .,– on me PRES le NCCOR à le NP .
1481,1886_Valles_L'Insurge_A.txt,"Arrose le peuple et dépêche -toi!» Le pauvre cafetier se dépêche , en se passant instinctivement le revers de la main sur la nuque .","PRES le NCo et NC -toi!» le ADJ NCs se PRES , en se PPRES ADV le NCo de le NCCOR sur le ADV ."
1482,1886_Valles_L'Insurge_A.txt,Gnouf !,NP !
1483,1886_Valles_L'Insurge_A.txt,Gnouf !,NP !
1484,1886_Valles_L'Insurge_A.txt,"Mais , en public , Gnouf-Gnouf arrive avec une tête de décapité parlant .","mais , en NC , NP PRES avec un NCCOR de NCmod PPRES ."
1485,1886_Valles_L'Insurge_A.txt,"Il monte gravement les marches de l' estrade , riboulant de les prunelles , fronçant le sourcil , les trois poils safran de sa barbiche tombant en garde , serré dans une redingote qui l' étrique et dont ses os crèvent le drap , avec un pantalon en amadou brûlé , dont les mollets tire-bouchonnent sur de les bottines de femme en coutil gris .","il PRES ADVMAN le NCs de le NCmod , PPRES de le NC , PPRES le NCCOR , le NUM NCCOR ADJ de DETPOSS NCmod PPRES en NC , ADJ dans un NC qui le PRES et dont DETPOSS NCs PRES le NCo , avec un NC en NCmod PPAS , dont le NCCOR PRES NCs de le NCmod de NCmod en NCmod ADJCOL ."
1486,1886_Valles_L'Insurge_A.txt,Son pied de fœtus danse encore là-dedans – tant les orteils en sont menus et décharnés !,DETPOSS NCCOR de NCmod ADJ encore NC – tant le NCCOR en être PPAS et PPAS !
1487,1886_Valles_L'Insurge_A.txt,Il serre contre ses côtes un portefeuille qui rappelle celui d' un huissier ou d' un professeur de collège communal .,il PRES contre DETPOSS NC un NCmod qui PRES celui de un NCmod ou de un NC de NCmod ADJ .
1488,1886_Valles_L'Insurge_A.txt,"L' usure y a plaqué de les gales blanches sur la peau noire , mais , tout de même , le peuple regarde cette serviette avec respect .","le NCs y avoir PPAS de le NC ADJCOL sur le NCCOR ADJ , mais , tout de même , le NCs VCOG ce NCo avec NCmod ."
1489,1886_Valles_L'Insurge_A.txt,"Il semble qu' il y ait là-dedans les cahiers de la Révolution , la contrainte à délivrer à les riches , l' arrêt de mort de les accapareurs , l' affiche à coller sur la porte de le Comité de salut public .","il sembler que il y avoir là-dedans le NC de le NCmod , le NC à INF à le NCmod , le NC de NCmod de le NCmod , le NC à INF sur le NC de le NCmod de NC ADJ ."
1490,1886_Valles_L'Insurge_A.txt,"Ce portefeuille le fait passer pour un bûcheur austère , absorbé par son travail de bénédictin socialiste ou de terroriste méthodique .","ce NC le faire INF pour un NC ADJ , PPAS par DETPOSS NC de NC ADJ ou de NC ADJ ."
1491,1886_Valles_L'Insurge_A.txt,"Aussi , quand il a planté son petit corps devant la tribune et ouvert cette chemise de cuir lentement , lentement , pour y prendre quelque note qu' il lit comme un prêtre nasille le verset de l' Évangile sur lequel il va gloser , l' assistance fait « Chut !» .","aussi , quand il avoir PPAS DETPOSS ADJ NCCOR ADVLIEU le NCmod et PRES ce NCo de NCmod ADV , ADV , pour y INF quelque NCo que il VPS comme un NC PRES le NCo de le NP sur lequel il aller INF , le NCs faire "" NP !» ."
1492,1886_Valles_L'Insurge_A.txt,"On se mouche comme à l' église avant que le sermon commence , et les durs à cuire , ceux qui ont pour opinion « qu' il faut que ce soit comme 93 » , écoutent religieusement , tout en regardant de travers les voisins suspects de modérantisme .","on se PRES comme à le NC PHASE que le NCs VASP , et le NC à INF , celui qui avoir pour NC "" que il PRES que ce être comme NUM "" , VCOG ADV , tout en VCOG de travers le NCo ADJ de NC ."
1493,1886_Valles_L'Insurge_A.txt,"«Ce n' est pas lui qui hésiterait à faire tomber les têtes !» C' est dit pour moi , cela … pour moi qui hésiterais , paraît -il .","NP ne être pas lui qui VCOND à faire INF le NCCOR !» ce être VDIC pour soi , cela … pour soi qui VCOND , paraître il ."
1494,1886_Valles_L'Insurge_A.txt,"J' ai , à la salle Desnoyers , la réputation d' un homme qui ne ferait pas « comme nos pères » , qui reculerait devant les grands moyens , qui , à le troisième tombereau , dirait à l' exécuteur d' aller casser une croûte et boire une chopine .","je avoir , à le NC NP , le NC de un NCmod qui ne faire pas "" comme DETPOSS NC "" , qui VCOND ADVLIEU le ADJ NC , qui , à le ADJ NC , VDIC à le NC de aller INF un NC et INF un NCo ."
1495,1886_Valles_L'Insurge_A.txt,"Mais Ducasse ferait « comme nos pères » , lui , et apporterait en personne le déjeuner sur l' échafaud , pour qu' il n' y eût pas de temps perdu .","mais NP faire "" comme DETPOSS NC "" , lui , et VCOND en NC le NC sur le NC , pour que il ne y avoir pas de temps ADJ ."
1496,1886_Valles_L'Insurge_A.txt,"«Oui , citoyens , je n' aurais vraiment rempli mes devoirs civiques , je ne me croirai digne de mon titre auguste de révolutionnaire que le jour où j' aurai , de ma propre main , fait faire couic à un aristocrate .» Et il fait couic , d' abord avec un geste de polichinelle rigoleur – le peuple aime la grimace burlesque et hardie – puis avec là majesté d' un tueur de Stuart ou de Capet , qui tire son épée à le clair , l' abat sur un cou royal , et fait sauter une tête jusqu' alors inviolable et sacrée .","INTJ , ADJ , je ne avoir ADVINT PPAS DETPOSS devoir ADJ , je ne me VF ADJ de DETPOSS NC ADJ de ADJ que le NCT où je avoir , de DETPOSS ADJ NCCOR , faire faire NC à un NC .» et il faire NCo , de NC avec un NC de ADJ NCmod – le NCs VSENT le NC ADJ et ADJ – puis avec ADVLIEU PPAS de un NC de NP ou de NP , qui PRES DETPOSS NCo à le NC , le NC sur un NCCOR ADJ , et faire INF un NCCOR jusque alors ADJ et ADJ ."
1497,1886_Valles_L'Insurge_A.txt,"Il lichotte le couteau de la guillotine avec sa langue ; il en repasse le fil contre l' eustache d' une éloquence sanguinaire et farceuse ; il se pend , en riant , à la ficelle , comme un singe s' accrochant par la queue à le cordon de sonnette de le bourreau .","il PRES le NCo de le NCmod avec DETPOSS NCCOR ; il en PRES le NCo contre le NC de un NCmod ADJ et ADJ ; il se PRES , en PPRES , à le NC , comme un NC se PPRES par le NC à le NCmod de NCmod de le NCmod ."
1498,1886_Valles_L'Insurge_A.txt,11 heures de le soir .,NUM NCT de le NCT .
1499,1886_Valles_L'Insurge_A.txt,"Oui , certes , tout ce qu' il fallait dire a été dit !","oui , ADV , tout ce que il VIMP VDIC avoir être VDIC !"
1500,1886_Valles_L'Insurge_A.txt,"Je viens de sentir qu' il était un parti inconnu qui minait le sol sous les pas de la République bourgeoise , et j' ai deviné la tempête prochaine .","je venir de sentir que il être un NC ADJ qui VSENT le NCo sous le pas de le NCmod ADJ , et je avoir VCOG le NC ADJ ."
1501,1886_Valles_L'Insurge_A.txt,"De les mots irréparables ont flamboyé , sous le plafond , comme de les éclairs de chaleur courent dans un ciel qui va se fendre .","de le NC ADJ avoir PPAS , sous le NC , comme de le NCs de NCmod PRES dans un NC qui aller se INF ."
1502,1886_Valles_L'Insurge_A.txt,"Et les députés de Paris ont quitté la salle , diminués et meurtris , blêmes devant l' agonie de leur popularité .","et le NCs de NP avoir PPAS le NCo , PPAS et ADJ , blêmes PPRES le NC de lui NCmod ."
1503,1886_Valles_L'Insurge_A.txt,15 10 janvier 70 .,NUM NUM NCmod NUM .
1504,1886_Valles_L'Insurge_A.txt,Nous sommes à la Bibliothèque Richelieu .,nous être à le NC NP .
1505,1886_Valles_L'Insurge_A.txt,« Mince de rigolade !,""" NC de NCmod !"
1506,1886_Valles_L'Insurge_A.txt,on dit que Pierre Bonaparte vient d' assassiner son tailleur !,on VDIC que NP NP venir de INF DETPOSS NCo !
1507,1886_Valles_L'Insurge_A.txt,"» Celui qui parle a de les lunettes , le nez long , une barbe épaisse , la bouche moqueuse , la voix éraillée : il s' appelle Rigault .",""" celui qui PRES avoir de le NCmod , le NCCOR ADJ , un NCCOR ADJ , le NCCOR ADJ , le NCMAN PPAS : il se PRES NP ."
1508,1886_Valles_L'Insurge_A.txt,« Chouette !,""" NCs !"
1509,1886_Valles_L'Insurge_A.txt,chouette !,NCmod !
1510,1886_Valles_L'Insurge_A.txt,un Bonaparte à le bloc et les tailleurs n' osant plus réclamer leur bedide node !,un NP à le NCmod et le NC ne PPRES plus INF lui ADJ NC !
1511,1886_Valles_L'Insurge_A.txt,Mais pas de blague !,mais pas de NC !
1512,1886_Valles_L'Insurge_A.txt,"il faut savoir si c' est sûr , et faire de le boucan !","il PRES VCOG si ce être ADJ , et faire de le NC !"
1513,1886_Valles_L'Insurge_A.txt,– Qui t' as donné la nouvelle ?,– qui lui avoir PPAS le NCo ?
1514,1886_Valles_L'Insurge_A.txt,"– Un ancien mouchard dégommé qui fournit de notes Machin , tu sais , celui qui a la commande d' un livre contre la Préfecture .","– un ADJ NC PPAS qui PRES de NC NP , je PRES , celui qui avoir le NC de un NCmod contre le NCmod ."
1515,1886_Valles_L'Insurge_A.txt,Viens -tu à La Marseillaise ?,venir il à La NP ?
1516,1886_Valles_L'Insurge_A.txt,– À le galop !,– À le NCs !
1517,1886_Valles_L'Insurge_A.txt,"» En route , de les camarades nous accostent .",""" en NCmod , de le NCmod nous PRES ."
1518,1886_Valles_L'Insurge_A.txt,«Ce n' est pas un fournisseur qui a été tué … C' est un de chez vous … – Un de le journal ?,NP ne être pas un NC qui avoir être PPAS … ce être un de chez vous … – NP de le NCmod ?
1519,1886_Valles_L'Insurge_A.txt,"– Oui , tué raide !","– oui , PPAS NCo !"
1520,1886_Valles_L'Insurge_A.txt,Allons ensemble rue d' Aboukir .,NP PRES NC de NP .
1521,1886_Valles_L'Insurge_A.txt,"– Dis donc , Vingtras , c' est malheureux pour le copain , mais , nom de Dieu !","– dis donc , NP , ce être ADJ pour le NC , mais , NC de NP !"
1522,1886_Valles_L'Insurge_A.txt,comme c' est bon pour la Sociale !» Ce sera bon .,comme ce être ADJ pour le NC !» ce être ADJ .
1523,1886_Valles_L'Insurge_A.txt,C' est bien un copain qui a étrenné .,ce être bien un NC qui avoir PPAS .
1524,1886_Valles_L'Insurge_A.txt,C' est Victor Noir .,ce être NP NP .
1525,1886_Valles_L'Insurge_A.txt,«Oui il paraît que l' autre gredin lui a flanqué une balle dans la poitrine ; mais on dit qu' il n' est pas mort .,«oui il paraître que le autre NCs lui avoir PPAS un NCo dans le NC ; mais on VDIC que il ne être pas PPAS .
1526,1886_Valles_L'Insurge_A.txt,– Pas mort !,– pas ADJ !
1527,1886_Valles_L'Insurge_A.txt,… Qui est -ce qui m' accompagne ?,… qui être ce qui lui PRES ?
1528,1886_Valles_L'Insurge_A.txt,– Où donc ?,– où donc ?
1529,1886_Valles_L'Insurge_A.txt,"– Chez le Bonaparte … À Auteuil , à Passy , je ne sais trop… enfin , où est allé Noir ce matin … Habeneck , donnez -nous cent francs .» «Ce n' est pas seulement de les sous qu' il faut , mais aussi de les armes !» crient Humbert et Maroteau .","– chez le NP … à NP , à NP , je ne VCOG NP PHASE , où être aller INF ce NCT … NP , IMP le NUM NCo .» NP ne être pas seulement de le NC que il PRES , mais aussi de le NC !» VDIC NP et NP ."
1530,1886_Valles_L'Insurge_A.txt,"Habeneck , le secrétaire de rédaction , n' est que médiocrement rassuré .","NP , le NC de NCmod , ne être que ADVINT VSENT ."
1531,1886_Valles_L'Insurge_A.txt,«Tenez voilà cinquante francs .,IMP voilà NUM NCo .
1532,1886_Valles_L'Insurge_A.txt,"Prenez un fiacre , courez là-bas … mais pourquoi de les armes ?","IMP un NCo , IMP ADVLIEU … mais pourquoi de le NC ?"
1533,1886_Valles_L'Insurge_A.txt,C' est bien assez une victime .,ce être bien ADV un NC .
1534,1886_Valles_L'Insurge_A.txt,"Vous pouvez tout perdre , compromettre la situation … Laissez l' assassinat sur les bras de l' assassin !","vous pouvoir tout INF , INF le NCo … laisser le NCo sur le NCCOR de le NCmod !"
1535,1886_Valles_L'Insurge_A.txt,– Faut -il aussi lui laisser l' assassiné ?,– PRES il aussi lui laisser le NCo ?
1536,1886_Valles_L'Insurge_A.txt,"– Les voyageurs pour Auteuil , en voiture !","– le NCs pour NP , en NCmod !"
1537,1886_Valles_L'Insurge_A.txt,"» Nous sommes riches : cinquante balles en argent , dix en plomb .",""" nous être ADJ : NUM NC en NCmod , NUM en NCmod ."
1538,1886_Valles_L'Insurge_A.txt,Le sapin roule cahin-caha .,le NC NC cahin-caha .
1539,1886_Valles_L'Insurge_A.txt,Le soir descend ; il fait frais sur les quais .,le NCT PRES ; il faire ADJ sur le NC .
1540,1886_Valles_L'Insurge_A.txt,«Où m' avez-vous dit d' arrêter ?» demande le cocher qui ne se souvient plus et fouille d' un œil inquiet la tristesse de le chemin .,ADV lui avez-le VDIC de INF ?» PRES le NCo qui ne se PRES plus et PRES de un NC PRES le NCSENT de le NCmod .
1541,1886_Valles_L'Insurge_A.txt,"Nous avions donné une adresse banale , désigné un but quelconque .","nous avoir PPAS un NCo ADJ , PPAS un NCo ADJ ."
1542,1886_Valles_L'Insurge_A.txt,« On vous indiquera quand vous rentrerez dans le pays .» Nous y sommes .,""" on vous VF quand vous PRES dans le NC .» nous y être ."
1543,1886_Valles_L'Insurge_A.txt,Nulle trace de drame !,ADJ NC de NCmod !
1544,1886_Valles_L'Insurge_A.txt,"Nous abordons les rares passants , un à un .","nous PRES le ADJ NCo , un à un ."
1545,1886_Valles_L'Insurge_A.txt,Ils ne savent rien. «Où est la maison de le prince Pierre ?,il ne VCOG ADV ADV être le NC de le NCmod NP ?
1546,1886_Valles_L'Insurge_A.txt,… – Ici !,… – ADVLIEU !
1547,1886_Valles_L'Insurge_A.txt,… Non !,… non !
1548,1886_Valles_L'Insurge_A.txt,… Plus loin !,… plus ADVLIEU !
1549,1886_Valles_L'Insurge_A.txt,… » Mais voilà une lanterne rouge : un commissariat .,"… "" mais voilà un NCo ADJCOL : un NC ."
1550,1886_Valles_L'Insurge_A.txt,"Ni une , ni deux , allons -y !","Ni un , ni NUM , aller y !"
1551,1886_Valles_L'Insurge_A.txt,"« Monsieur , nous sommes rédacteurs de La Marseillaise .",""" monsieur , nous être NC de La NP ."
1552,1886_Valles_L'Insurge_A.txt,"On dit que M.Victor Noir … – Est blessé … Oui , monsieur .","on VDIC que NP NP … – être VSENT … oui , monsieur ."
1553,1886_Valles_L'Insurge_A.txt,– Grièvement blessé ?,– ADVINT VSENT ?
1554,1886_Valles_L'Insurge_A.txt,… » Il fait un geste navré et disparaît .,"… "" il faire un NCo ADJ et PRES ."
1555,1886_Valles_L'Insurge_A.txt,"C' est chez son frère que Noir a été porté , dans une rue de Neuilly , calme , muette , où quelques arbres dressent leurs branches noires et nues , au-dessus de maisons neuves qui respirent la tranquillité et sentent le plâtre .","ce être chez DETPOSS NC que NP avoir être PPAS , dans un NC de NP , NCSENT , NC , où quelque NCs PRES DETPOSS NCo ADJ et ADJ , ADVLIEU de NC ADJ qui VPS le NCSENT et sentir le NCo ."
1556,1886_Valles_L'Insurge_A.txt,« Passage Masséna : c' est ici!» L' aîné vient à nous .,""" NP NP : ce être ici!» le NCs venir à nous ."
1557,1886_Valles_L'Insurge_A.txt,"Nos yeux l' interrogent , son silence nous répond .","DETPOSS NCCOR le NC , DETPOSS NCs nous VDIC ."
1558,1886_Valles_L'Insurge_A.txt,"Sans mot dire , il nous conduit dans une chambre qu' envahit l' ombre , et nous met en présence de le mort .","sans NC VDIC , il nous PRES dans un NC que PRES le NCs , et nous mettre en NC de le NCmod ."
1559,1886_Valles_L'Insurge_A.txt,"Il est étendu sur le lit non défait , le visage presque souriant .","il être PPAS sur le NC non PPAS , le NCCOR presque ADJ ."
1560,1886_Valles_L'Insurge_A.txt,"Il a l' aspect d' un énorme poupon qui dort ; l' air aussi , avec ses mains encore gantées de chevreau noir , d' un garçon d' honneur monté pour faire la sieste , tandis que la noce s' amuse à le jardin .","il avoir le NCo de un ADJ NC qui PRES ; le NCMAN aussi , avec DETPOSS NCCOR encore PPAS de NC ADJ , de un NCs de NCSENT PPAS pour faire le NCo , PHASE que le NCs se VSENT à le NC ."
1561,1886_Valles_L'Insurge_A.txt,La taille est prise dans un pantalon de casimir qu' il avait acheté à la Belle Jardinière – le faraud !,le NCspas être PPAS dans un NC de NCmod que il avoir PPAS à le ADJ NP – le NC !
1562,1886_Valles_L'Insurge_A.txt,"– pour les grandes cérémonies ; et le plastron de sa chemise colle sur son large torse , sans une cassure , mais moucheté dans un coin d' une tache bleue .","– pour le ADJ NC ; et le NC de DETPOSS NCmod ADJ sur DETPOSS ADJ NCCOR , sans un NCmod , mais PPAS dans un NC de un NCmod ADJCOL ."
1563,1886_Valles_L'Insurge_A.txt,C' est la balle qui a fait cette tache -là en entrant dans le cœur .,ce être le NC qui avoir faire ce NCo ADVLIEU en PPRES dans le NC .
1564,1886_Valles_L'Insurge_A.txt,«Il n' a pas eu l' agonie terrible ?,NP ne avoir pas avoir le NCo ADJ ?
1565,1886_Valles_L'Insurge_A.txt,"– Non , mais il faut lui faire de terribles funérailles .","– non , mais il PRES lui faire un ADJ NCo ."
1566,1886_Valles_L'Insurge_A.txt,"» Et les mots de sortir , pressés et brûlants , de nos lèvres sèches d' angoisse .",""" et le NC de INF , ADJ et ADJ , de DETPOSS NCCOR ADJ de NCSENT ."
1567,1886_Valles_L'Insurge_A.txt,«Si nous l' emportions ?,«si nous le NC ?
1568,1886_Valles_L'Insurge_A.txt,… Ce sera le pendant de Février !,… ce être le PHASE de NP !
1569,1886_Valles_L'Insurge_A.txt,… On l' assoira sur un tombereau comme les fusillés de le boulevard de les Capucines et on criera à les armes le long de les rues !,… on le VF sur un PPAS comme le NC de le NCmod de le NP et on VDIC à le NC le NC de le NC !
1570,1886_Valles_L'Insurge_A.txt,"… – Ça y est !» Les voix sont étranglées , mais l' accent résolu .","… – ça y être !» le NCMAN être PPAS , mais le NCs PPAS ."
1571,1886_Valles_L'Insurge_A.txt,« Le cocher voudra -t -il recevoir le cadavre ?,""" le NCs VF t il INF le NCo ?"
1572,1886_Valles_L'Insurge_A.txt,"… – Il n' y verra que de le feu; remettons -lui sa redingote sur le dos , descendons -le comme un malade ; on lui plantera , à le bas de l' escalier , son chapeau sur la tête et on le tassera dans le fiacre …» Louis même n' hésite pas , il nous livrera son cadet .","… – il ne y VCOG que de le feu; PRES lui DETPOSS NC sur le NCCOR , PRES le comme un NC ; on lui VF , à le NC de le NCmod , DETPOSS NC sur le NCCOR et on le VF dans le NC …» NP même ne PRES pas , il nous VF DETPOSS NCo ."
1573,1886_Valles_L'Insurge_A.txt,Mais un effroi nous prend .,mais un NCs nous PRES .
1574,1886_Valles_L'Insurge_A.txt,"«Nous ne pouvons pourtant pas , à nous quatre , engager le peuple !","«le ne pouvoir pourtant pas , à nous INF , INF le NCo !"
1575,1886_Valles_L'Insurge_A.txt,"» Et , pour le malheur de la Révolution , nous avons été modestes – ou lâches !",""" et , pour le NC de le NCmod , nous avoir être ADJ – ou NC !"
1576,1886_Valles_L'Insurge_A.txt,Nous avons abandonné notre atout ; nous n' avons pas osé risquer le coup sur cet enjeu sanglant .,nous avoir PPAS DETPOSS NCo ; nous ne avoir pas PPAS INF le NCo sur ce NC ADJ .
1577,1886_Valles_L'Insurge_A.txt,On a repris le chemin de la ville .,on avoir PPAS le NCo de le NCmod .
1578,1886_Valles_L'Insurge_A.txt,"Il ne faisait plus clair et quand nous nous retournâmes pour regarder encore , à travers la portière , le pavillon où gisait notre ami , il nous sembla le voir , accoudé à la fenêtre et nous fixant de ses yeux agrandis .","il ne faire plus ADJ et quand nous nous VPS pour VCOG encore , à travers le NC , le NC où VIMP DETPOSS NCs , il nous sembler le VCOG , PPAS à le NC et nous PPRES de DETPOSS NCCOR ADV ."
1579,1886_Valles_L'Insurge_A.txt,C' était son frère qui exposait à le vent de le soir son front moite et ses paupières rougies .,ce être DETPOSS NC qui VIMP à le NC de le NCT DETPOSS NCCOR ADJ et DETPOSS NCCOR ADJ .
1580,1886_Valles_L'Insurge_A.txt,Nous avions la gorge serrée .,nous avoir le NCCOR ADJ .
1581,1886_Valles_L'Insurge_A.txt,Ils se ressemblaient comme deux gouttes de sang .,il se VIMP comme NUM NC de NCCOR .
1582,1886_Valles_L'Insurge_A.txt,À La Marseillaise .,à le NP .
1583,1886_Valles_L'Insurge_A.txt,Paris connaît le crime !,NP PRES le NCo !
1584,1886_Valles_L'Insurge_A.txt,"À le journal , les rédacteurs sont en permanence et , de tous côtés , accourent les républicains .","à le NC , le NCs être en NC et , de tout NC , PRES le républicain ."
1585,1886_Valles_L'Insurge_A.txt,"Fonvielle arrive , le pardessus troué – une balle lui a fait une boutonnière neuve .","NP PRES , le NCo PPAS – un NCs lui avoir faire un NCo ADJ ."
1586,1886_Valles_L'Insurge_A.txt,"Il dit ce qu' il a vu: le pistolet tiré de la poche , Noir visé , atteint et fuyant , son chapeau rivé à ses doigts crispés , la mort dans la poitrine !","il VDIC ce que il avoir vu: le NC PPAS de le NCmod , NP ADJ , ADJ et ADJ , DETPOSS NC PPAS à DETPOSS NC VSENT , le NC dans le NCmod !"
1587,1886_Valles_L'Insurge_A.txt,« Et vous ?,""" et vous ?"
1588,1886_Valles_L'Insurge_A.txt,» nous demande -t -on .,""" nous PRES t on ."
1589,1886_Valles_L'Insurge_A.txt,"Nous contons notre voyage , l' idée qui nous est venue .","nous PRES DETPOSS NCo , le NC qui nous être venir ."
1590,1886_Valles_L'Insurge_A.txt,« Mais où l' aurait -on mis ?,""" mais où le avoir on mettre ?"
1591,1886_Valles_L'Insurge_A.txt,– Ici !,– ADVLIEU !
1592,1886_Valles_L'Insurge_A.txt,… – Dans un faubourg !,… – dans un NC !
1593,1886_Valles_L'Insurge_A.txt,… – Chez Rochefort !,… – chez NP !
1594,1886_Valles_L'Insurge_A.txt,Son domicile est inviolable !» Cette thèse est défendue avec passion .,DETPOSS NCs être ADJ !» ce NCspas être PPAS avec NCSENT .
1595,1886_Valles_L'Insurge_A.txt,"« En tant que député , il a le droit de faire repousser à coups d' épée et à coups de fusil , ceux qui franchiraient son seuil .",""" en tant que NC , il avoir le NCo de faire INF à NC de NCmod et à NC de NC , celui qui VIMP DETPOSS NCo ."
1596,1886_Valles_L'Insurge_A.txt,Et qui sait ?,et qui VCOG ?
1597,1886_Valles_L'Insurge_A.txt,La rue de Provence n' est pas si loin de les Tuileries !,le NCs de NP ne être pas si ADVLIEU de le NP !
1598,1886_Valles_L'Insurge_A.txt,"… » Je voudrais , moi , que ce fût sur notre table de travail même que l' on étendît Victor Noir , cette nuit , comme sur une dalle de la Morgue , et que ceux qui sont les favoris de la foule , en paletot ou en bourgeron , montassent la garde autour de l' assassiné !","… "" je vouloir , soi , que ce être sur DETPOSS NC de NCmod même que l' on PRES NP NP , ce NCT , comme sur un NC de le NP , et que celui qui être le NC de le NCs , en NC ou en NC , PRES le NCo ADV de le NC !"
1599,1886_Valles_L'Insurge_A.txt,"«Il faudrait l' avoir , pour ça !","NP VCOND le avoir , pour ça !"
1600,1886_Valles_L'Insurge_A.txt,– Allons le chercher !,– NP le INF !
1601,1886_Valles_L'Insurge_A.txt,» Mais le mot de les révolutions est jeté : Il est trop tard !,""" mais le NCs de le NCmod être ADJ : il être trop tard !"
1602,1886_Valles_L'Insurge_A.txt,La maison de là-bas doit être surveillée et cernée maintenant .,le NCs de ADVLIEU devoir être PPAS et PPAS ADVT .
1603,1886_Valles_L'Insurge_A.txt,Journalistes que nous avons été !,NP que nous avoir être !
1604,1886_Valles_L'Insurge_A.txt,Et cependant la partie se présentait si belle !,et cependant le NCs se VIMP si ADJ !
1605,1886_Valles_L'Insurge_A.txt,"Est -ce que , dans la guerre civile , il faut laisser geler l' audace !","être ce que , dans le NC ADJ , il PRES laisser INF le NCo !"
1606,1886_Valles_L'Insurge_A.txt,"Qui est prêt à jouer carrément sa vie n' a -t -il pas le droit de construire sa barricade à sa façon , et de la faire commander par un cadavre – si un tué fait plus peur qu' un vivant !","qui être ADJ à INF ADV DETPOSS NCs ne avoir t il pas le NCo de INF DETPOSS NCo à DETPOSS façon , et de le faire INF par un NC – si un NC faire plus NCSENT que un NCmod !"
1607,1886_Valles_L'Insurge_A.txt,"Il avait justement une taille de géant , et une tête si grosse qu' il aurait fallu vingt décharges avant qu' elle fût émiettée sur ses épaules d' hercule .","il avoir ADVMAN un NCo de NCmod , et un NCCOR si ADJ que il avoir PPAS NUM PRES PHASE que il être PPAS sur DETPOSS NCCOR de NCmod ."
1608,1886_Valles_L'Insurge_A.txt,"En attendant , Paris s' agite .","en PPRES , NP se PRES ."
1609,1886_Valles_L'Insurge_A.txt,Il y a une réunion à Belleville .,il y avoir un NCo à NP .
1610,1886_Valles_L'Insurge_A.txt,"Dans la grande salle de les Folies , le peuple s' entasse , frémissant .","dans le ADJ NC de le NP , le NCs se PRES , PPRES ."
1611,1886_Valles_L'Insurge_A.txt,"Au-dessus de le bureau , un voile funèbre , et , à l' ombre de cette guenille , les explosions de fureur contre le meurtrier et le rendez-vous de combat pris autour de le cercueil .","ADVLIEU de le NC , un NC ADJ , et , à le NCmod de ce NCmod , le NC de NC contre le NCmod et le NC de NCmod PPAS ADV de le NC ."
1612,1886_Valles_L'Insurge_A.txt,"« Il faut en finir !» Encore une phrase qui fut lancée , jadis , à les heures tragiques , une parole ramassée dans le lointain de l' histoire , qui sort de le cimetière de les insurgés d' autrefois , pour devenir la devise de les insurgés de demain .",""" il PRES en VASP !» encore un NCo qui être PPAS , ADV , à le NCT ADJ , un NC PPAS dans le NC de le NCmod , qui PRES de le NC de le NCmod de ADVT , pour devenir le NC de le NCmod de ADVT ."
1613,1886_Valles_L'Insurge_A.txt,De les femmes partout .,de le NC ADV .
1614,1886_Valles_L'Insurge_A.txt,– Grand signe !,– ADJ NC !
1615,1886_Valles_L'Insurge_A.txt,"Quand les femmes s' en mêlent , quand la ménagère pousse son homme , quand elle arrache le drapeau noir qui flotte sur la marmite pour le planter entre deux pavés , c' est que le soleil se lèvera sur une ville en révolte .","quand le NCs se en PRES , quand le NCs PRES DETPOSS NCo , quand il PRES le NC ADJ qui PRES sur le NC pour le NCmod entre NUM NCmod , ce être que le NCs se VF sur un NC en NCSENT ."
1616,1886_Valles_L'Insurge_A.txt,12 janvier .,NUM NCmod .
1617,1886_Valles_L'Insurge_A.txt,On doit se retrouver à l' enterrement .,on devoir se INF à le NC .
1618,1886_Valles_L'Insurge_A.txt,"Mais il aurait fallu que le convoi partît de La Marseillaise ; que le ralliement eût lieu dans la rue de le journal ; que le quartier en émoi fût envahi par les manifestants irrités , et qu' on attendît d' être de les milliers pour se mettre en route .","mais il avoir PPAS que le NC ADJ de La NP ; que le NCs avoir NC dans le NCmod de le NCmod ; que le NCspas en NCmod être PPAS par le NC VSENT , et que on PRES de être de le NC pour se mettre en NC ."
1619,1886_Valles_L'Insurge_A.txt,"Qui sait si cette trombe humaine n' aurait pas entraîné les régiments et l' artillerie , noyé la soute à les poudres de l' Empire et emporté , comme charognes , les Napoléon ?","qui VCOG si ce NCs ADJ ne avoir pas PPAS le NCo et le NC , PPAS le NCo à le NC de le NCmod et PPAS , comme NC , le NP ?"
1620,1886_Valles_L'Insurge_A.txt,Peut-être bien !,peut-être bien !
1621,1886_Valles_L'Insurge_A.txt,Sous l' Odéon .,sous le NP .
1622,1886_Valles_L'Insurge_A.txt,"C' est Rigault qui commande la manœuvre ; comme un sergent qui gourmande de les recrues , comme un chien de berger qui harcèle un troupeau , il aligne les uns et aboie après les autres .","ce être NP qui PRES le NCo ; comme un NCmod qui PRES de le NC , comme un NC de NCmod qui VSENT un NCo , il PRES le uns et PRES PHASE le autre ."
1623,1886_Valles_L'Insurge_A.txt,"« Quatre par quatre , en serre-file .",""" NUM par NUM , en NC ."
1624,1886_Valles_L'Insurge_A.txt,"À votre rang , nom de Dieu !","à DETPOSS NCmod , NC de NP !"
1625,1886_Valles_L'Insurge_A.txt,"…» De les mots graves : « Ceux qui ont de les pistolets , en tête !» De les mots drôles : « Les taffeurs à le centre !» À la queue ceux qui n' ont que de les bistouris , de les compas , de les eustaches à virole qui , d' ailleurs , feraient d' épouvantables blessures – tronçons d' acier ou de fer cachés sous de les vestes d' ouvriers … car il y a de les ouvriers plein cette colonne de le Quartier latin .","…» de le NCmod ADJ : "" celui qui avoir de le NC , en NCCOR !» de le NC ADJ : "" le NC à le NCmod !» à le NCmod celui qui ne avoir que de le NC , de le NC , de le NC à NCmod qui , de ADVLIEU , faire un ADJ NCSENT – NC de NCmod ou de NC PPAS sous de le NC de NCmod … car il y avoir de le NC ADJ ce NCo de le NP ADJ ."
1626,1886_Valles_L'Insurge_A.txt,Ils ont été voisins et sont devenus camarades de les étudiants dans le complot de la Renaissanc e ou autre conspiration avortée et poursuivie .,il avoir être NC et être devenir NC de le NCmod dans le NCmod de le NP ADJ ou autre NC PPAS et PPAS .
1627,1886_Valles_L'Insurge_A.txt,Ils ont fait partie de les comités socialistes avec les partisans de les candidatures Rochefort et Cantagrel .,il avoir faire NCo de le NCmod ADJ avec le NC de le NCmod NP et NP .
1628,1886_Valles_L'Insurge_A.txt,"On a bu de les glorias ensemble , les jours d' élection , on a mangé , à le même moment , la boule de son de Mazas .","on avoir PPAS de le ADV ensemble , le NCT de NCmod , on avoir PPAS , à le même NC , le NCo de NCmod de NP ."
1629,1886_Valles_L'Insurge_A.txt,Rigault est plus sûr de ces gars d' atelier que de les garçons de les Écoles ; voilà pourquoi il les a mis à l' arrière-garde .,NP être plus ADJ de ce NC de NCmod que de le NC de le NCmod ; voilà pourquoi il le avoir mettre à le NC .
1630,1886_Valles_L'Insurge_A.txt,Ils piqueront le centre à les reins pour le faire avancer ; ils le larderont s' il essaie de fuir .,il VF le NCo à le NCCOR pour le faire INF ; il le VF si il PRES de INF .
1631,1886_Valles_L'Insurge_A.txt,"Il me conte cela en prisant , prisant toujours , le menton souillé , le gilet sali , les narines grillées , mais avec quelque chose de fier dans le front et le regard .","il me PRES cela en PPRES , PPRES ADVTEMPS , le NCCOR PPAS , le NCo ADJ , le ADJ NC , mais avec quelque chose de NCmod dans le NCCOR et le NCMAN ."
1632,1886_Valles_L'Insurge_A.txt,"Il fait grincer sa tabatière , à la Robert-Macaire , il me fait aussi – le mâtin – songer à Napoléon , pinçant son tabac dans son gousset , tout en dictant le plan de bataille .","il faire INF DETPOSS NC , à le NP , il me faire aussi – le NC – INF à NP , PPRES DETPOSS NCo dans DETPOSS NC , tout en PPRES le NCo de NCmod ."
1633,1886_Valles_L'Insurge_A.txt,"Il n' y a pas à barguigner , il a de le chien !","il ne y avoir pas à INF , il avoir de le NC !"
1634,1886_Valles_L'Insurge_A.txt,"Quand il dit à son revolver en le caressant , comme on tapote la joue d' un môme : «Do , do , l' enfant do! » pour ajouter ensuite , en le menaçant gaiement de le doigt: « Faudra voir à te réveiller , moucheron !","quand il VDIC à DETPOSS NC en le NC , comme on PRES le NCCOR de un NCmod : NP , do , le NC do! "" pour INF PHASE , en le VDIC ADV de le doigt: "" NP VCOG à me INF , NC !"
1635,1886_Valles_L'Insurge_A.txt,"et à péter sur les cipaux » , cela rassure le centre , qui ne croit pas qu' on blague ainsi quand on doit y aller pour tout de bon .","et à INF sur le NC "" , cela VSENT le NCo , qui ne VCOG pas que on PRES ainsi quand on devoir y aller pour tout de ADJ ."
1636,1886_Valles_L'Insurge_A.txt,"Et cela ne déplaît point à les résolus qui sentent que ce gavroche à lunettes et à barbe crachera de les balles aussi bien que de les ordures à le nez de les soldats , et qu' il leur offrira sa poitrine comme il leur montrerait son derrière – héroïque ou ignoble suivant que la situation sera tragique ou bouffonne .","et cela ne PRES ADV à le NC qui sentir que ce NC à NCmod et à NCCOR VF de le NC aussi bien que de le NC à le NCCOR de le NCmod , et que il lui VF DETPOSS NC comme il lui VCOND DETPOSS ADVLIEU – ADJ ou ADJ ADJ que le NCs être ADJ ou ADJ ."
1637,1886_Valles_L'Insurge_A.txt,En route .,en NC .
1638,1886_Valles_L'Insurge_A.txt,"« En avant !» Ce sont cinq ou six porte-lorgnons qui se sont mis à le premier rang , jeunes gens à l' air réfléchi .",""" en PHASE !» ce être NUM ou NUM NC qui se être mettre à le ADJ NC , ADJ NC à le NCMAN PPAS ."
1639,1886_Valles_L'Insurge_A.txt,"Rigault est le seul évaporé de la bande , et encore aurait -il la mine sérieuse s' il ne hérissait pas exprès son poil , s' il n' avait pas éraillé et hiroutisé sa voix , et adopté , pour traduire son opinion sur le clergé , l' aristocratie , la magistrature , l' armée , la Sorbonne , le geste de le toutou qui , la patte en l' air , déshonore les monuments .","NP être le ADJ NC de le NCmod , et encore avoir il le NCo ADJ si il ne VSENT pas exprès DETPOSS NCCOR , si il ne avoir pas PPAS et PPAS DETPOSS NCMAN , et PPAS , pour INF DETPOSS NCo sur le NCmod , le NC , le NC , le NC , le NP , le NC de le NCmod qui , le NC en le NCMAN , PRES le NCo ."
1640,1886_Valles_L'Insurge_A.txt,"Breuillé , Granger , Dacosta , eux , ressemblent à de les professeurs de sciences dont les yeux se sont brûlés sur les livres .","PPAS , NP , NP , eux , PRES à de le NC de NCmod dont le NCCOR se être PPAS sur le NC ."
1641,1886_Valles_L'Insurge_A.txt,Les traditionnels de la colonne se demandent pourquoi ces binoclards «s' érigent en chefs ?,le NCs de le NCmod se PRES pourquoi ce NCs «se PRES en NC ?
1642,1886_Valles_L'Insurge_A.txt,» .,""" ."
1643,1886_Valles_L'Insurge_A.txt,"Ils ne rappellent ni Saint-Just , ni Desmoulins , ni les Montagnards , ni les Girondins !","il ne PRES ni NP , ni NP , ni le NP , ni le NP !"
1644,1886_Valles_L'Insurge_A.txt,"Avec cela , on les entend qui traitent de sots et de traîtres les députassiers de la Gauche !","avec cela , on le VCOG qui PRES de NC et de NC le NCo de le NP !"
1645,1886_Valles_L'Insurge_A.txt,De qui relèvent -ils ?,de qui PRES il ?
1646,1886_Valles_L'Insurge_A.txt,… Ce sont les hommes de Blanqui .,… ce être le NC de NP .
1647,1886_Valles_L'Insurge_A.txt,"De tous côtés , par petits groupes , ou en bataillon comme nous , Paris monte vers Neuilly .","de tout NC , par ADJ NC , ou en NC comme nous , NP PRES vers NP ."
1648,1886_Valles_L'Insurge_A.txt,"On marche à le pas dès qu' on est cent , on se donne le bras dès qu' on est quatre .","on PRES à le pas dès que on être ADJ , on se PRES le NCCOR dès que on être NUM ."
1649,1886_Valles_L'Insurge_A.txt,"Ce sont de les morceaux d' armée qui se cherchent , de les lambeaux de République qui se sont recollés dans le sang de le mort .","ce être de le NC de NCmod qui se PRES , de le NC de NCmod qui se être PPAS dans le NCCOR de le NCmod ."
1650,1886_Valles_L'Insurge_A.txt,"C' est la bête que Prudhomme appelle l' hydre de l' anarchie qui sort ses mille têtes , liées à le tronc d' une même idée , avec de les braises de colère luisant à le fond de les orbites .","ce être le NC que NP PRES le NCo de le NCmod qui PRES DETPOSS NUM NCCOR , PPAS à le NC de un même NCmod , avec de le NC de NCSENT PPRES à le NC de le NCmod ."
1651,1886_Valles_L'Insurge_A.txt,Les langues ne sifflent pas ; le chiffon rouge ne remue guère .,le NCCOR ne PRES pas ; le NCs ADJCOL ne PRES guère .
1652,1886_Valles_L'Insurge_A.txt,"On n' a rien à se dire , car on sait ce qu' on veut .","on ne avoir rien à se VDIC , car on VCOG ce que on vouloir ."
1653,1886_Valles_L'Insurge_A.txt,Les cœurs sont gonflés d' un espoir de lutte – les poches sont gonflées aussi .,le NCspas être PPAS de un NCSENT de NCmod – le NCspas être PPAS aussi .
1654,1886_Valles_L'Insurge_A.txt,"Si l' on fouillait cette cohue , on trouverait sur elle tout l' attirail de les établis , toute la ferraille de les cuisines : le couteau , le foret , le tranchet , la lime , coiffés d' un bouchon , mais prêts à sortir de le liège pour piquer la chair de les mouchards .","si l' on VIMP ce NCo , on VCOND sur il tout le NCo de le NCmod , tout le NC de le NCmod : le NC , le NC , le NC , le NC , PPAS de un NC , mais PPAS à INF de le NC pour INF le NCCOR de le NCmod ."
1655,1886_Valles_L'Insurge_A.txt,Que l' on en découvre un … on le saigne !,que l' on en VCOG un … on le PRES !
1656,1886_Valles_L'Insurge_A.txt,Et gare à les sergots !,et PRES à le NC !
1657,1886_Valles_L'Insurge_A.txt,"S' ils dégainent , on ébréchera les outils de travail contre les outils de tuerie !","si il PRES , on VF le NCo de NCmod contre le NC de NCmod !"
1658,1886_Valles_L'Insurge_A.txt,Les oisifs aussi ont leur affaire ; de les crosses de pistolets riches suent sous de les mains fiévreuses et gantées .,le NCs aussi avoir lui NCo ; de le NCs de NCmod ADJ PRES sous de le NCCOR NC et NC .
1659,1886_Valles_L'Insurge_A.txt,"Parfois , un de ces museaux affilés en dague , la gueule d' un de ces revolvers sort d' un paletot ou d' une redingote mal fermée .","ADVTEMPS , un de ce NCmod PPAS en NC , le NCCOR de un de ce NCmod PPAS de un NC ou de un NC mal PPAS ."
1660,1886_Valles_L'Insurge_A.txt,Mais personne n' y prend garde .,mais personne ne y PRES NCo .
1661,1886_Valles_L'Insurge_A.txt,"À le contraire , on indique , avec un sourire orgueilleux , que soi aussi l' on est en mesure , et en goût de répondre à la police – même à la troupe .","à le NC , on PRES , avec un NCMAN ADJ , que soi aussi l' on être en NC , et en NC de VDIC à le NC – même à le NC ."
1662,1886_Valles_L'Insurge_A.txt,Muette la police !,PRES le NCo !
1663,1886_Valles_L'Insurge_A.txt,invisible la troupe !,ADJ le NC !
1664,1886_Valles_L'Insurge_A.txt,C' est bien là ce qui me fait réfléchir !,ce être bien ADVLIEU ce qui me faire INF !
1665,1886_Valles_L'Insurge_A.txt,"Qui sait si , tout à l' heure , nous ne serons pas pris en écharpe par une fusillade partie d' une maison à les portes closes , à les volets fermés , dès le premier cri contre l' Empire que jettera un ardent ou un vendu !","qui VCOG si , tout à le NCT , nous ne VF pas PPAS en NC par un ADJ NC de un NCmod à le NCmod ADJ , à le NC ADJ , dès le ADJ NC contre le NCmod que VF un NCs ou un NC !"
1666,1886_Valles_L'Insurge_A.txt,« Mais tant mieux !,""" mais tant mieux !"
1667,1886_Valles_L'Insurge_A.txt,me dit un voisin à masque de carbonaro .,me VDIC un NCo à NCmod de NCmod .
1668,1886_Valles_L'Insurge_A.txt,"La bourgeoisie est sortie de ses boutiques , s' est jointe à le peuple .","le NCs être PPAS de DETPOSS NCs , se être PPAS à le NC ."
1669,1886_Valles_L'Insurge_A.txt,"La voilà notre prisonnière , et nous la retiendrons devant la bouche de les canons jusqu' à ce qu' elle soit étripée comme nous .","le voilà DETPOSS NCo , et nous le VF ADVLIEU le NCCOR de le NCmod jusque à ce que il être PPAS comme nous ."
1670,1886_Valles_L'Insurge_A.txt,"C' est elle , alors , qui hurlera de douleur et donnera , la première , le signal de l' insurrection .","ce être il , alors , qui VDIC de NCSENT et VF , le ADJ , le NC de le NCmod ."
1671,1886_Valles_L'Insurge_A.txt,"À nous d' escamoter le mouvement et de mitrailler toute la bande : bourgeois et bonapartistes mêlés !» Une figure grave s' est tournée vers nous , une main ridée s' est posée sur mon bras .","à nous de INF le NCo et de INF tout le NCo : NC et NC PPAS !» un NCCOR ADJ se être PPAS vers nous , un NCCOR PPAS se être PPAS sur DETPOSS NCCOR ."
1672,1886_Valles_L'Insurge_A.txt,"C' est Mabille , qui vient d' arriver , juste à temps pour entendre la théorie de l' algébriste de le massacre et qui , de sa face grise , approuve .","ce être NP , qui venir de INF , ADV à temps pour VCOG le NCo de le NCmod de le NC et qui , de DETPOSS NC ADJ , PRES ."
1673,1886_Valles_L'Insurge_A.txt,Je lui demande s' il est armé .,je lui PRES si il être PPAS .
1674,1886_Valles_L'Insurge_A.txt,« Non .,""" non ."
1675,1886_Valles_L'Insurge_A.txt,Il vaut bien mieux qu' on m' assassine sans que j' aie de quoi me défendre .,il PRES bien mieux que on lui PRES sans que je avoir de quoi me INF .
1676,1886_Valles_L'Insurge_A.txt,"Les sentimentalistes feront de les phrases sur le vieillard sans armes , tué par de les soldats ivres !","le NCs faire de le NC sur le NCmod sans NCmod , PPAS par de le NC ADJ !"
1677,1886_Valles_L'Insurge_A.txt,"Ce sera bon , croyez -moi !","ce être ADJ , VCOG soi !"
1678,1886_Valles_L'Insurge_A.txt,… Ah! si le sang pouvait couler !,… NP si le NCCOR pouvoir INF !
1679,1886_Valles_L'Insurge_A.txt,"a -t -il conclu , avec de la douceur plein ses yeux bleus .","avoir t il PPAS , avec de le NC ADJ DETPOSS NCCOR ADJCOL ."
1680,1886_Valles_L'Insurge_A.txt,– Nous n' avons qu' à tirer les premiers .,– nous ne avoir que à INF le NCo .
1681,1886_Valles_L'Insurge_A.txt,– Non !,– non !
1682,1886_Valles_L'Insurge_A.txt,non !,non !
1683,1886_Valles_L'Insurge_A.txt,Il faut que ce soient les chassepots qui commencent .» Passage Masséna .,il PRES que ce être le NC qui VASP .» NP NP .
1684,1886_Valles_L'Insurge_A.txt,"Rigault , moi , quelques autres , nous avons fait trou dans la multitude , qui s' est ouverte devant nous .","NP , soi , quelque autre , nous avoir faire NCo dans le NCmod , qui se être PPAS ADVLIEU nous ."
1685,1886_Valles_L'Insurge_A.txt,Elle n' y met pas d' orgueil et ne se plaint pas d' être dépassée .,il ne y mettre pas de NCSENT et ne se PRES pas de être PPAS .
1686,1886_Valles_L'Insurge_A.txt,"À les heures de décision suprême , elle aime à voir marcher en avant d' elle , écriteaux vivants , les personnalités connues qui portent un programme attaché , comme une enseigne , entre les syllabes de leur nom .","à le NCT de NCmod ADJ , il VSENT à VCOG INF en PHASE de il , NC ADJ , le NC PPAS qui PRES un NCo PPAS , comme un NC , entre le NC de lui NC ."
1687,1886_Valles_L'Insurge_A.txt,Que se passe -t -il ?,que se PRES t il ?
1688,1886_Valles_L'Insurge_A.txt,"Un colosse , debout sur une chaise de paille , défend , de sa parole et de ses poings , la grille de le passage contre l' avant-garde de le cortège .","un NCs , ADV sur un NC de NCmod , PRES , de DETPOSS NC et de DETPOSS NC , le NC de le NCmod contre le NCmod de le NCmod ."
1689,1886_Valles_L'Insurge_A.txt,"C' est l' aîné , celui qui , l' autre soir , consentait à livrer son frère tout chaud pour chauffer l' insurrection .","ce être le NC , celui qui , le autre NCT , VIMP à INF DETPOSS NCo tout ADJ pour INF le NCo ."
1690,1886_Valles_L'Insurge_A.txt,Il s' est refroidi en même temps que le cadavre .,il se être PPAS en même temps que le NC .
1691,1886_Valles_L'Insurge_A.txt,"Et aujourd'hui il refuse le cercueil à Flourens qui , pâle et la flamme à les yeux , le réquisitionne pour le service de la Révolution et veut que le convoi traverse tout Paris parce qu' avec le timon de le corbillard on pourra battre en brèche , comme avec un bélier à tête de mort , les murailles de les Tuileries .","et ADVT il PRES le NCo à NP qui , ADJ et le NC à le NCCOR , le PRES pour le NC de le NCmod et vouloir que le NCs PRES tout NP parce que avec le NC de le NCmod on pouvoir INF en NC , comme avec un NC à NCCOR de NCmod , le NC de le NP ."
1692,1886_Valles_L'Insurge_A.txt,"Elles peuvent s' écrouler avant la nuit si l' on empoigne l' occasion , si l' on retourne de le côté de le Père-Lachaise , la bride de les chevaux tournée de le côté de le cimetière de Neuilly .","il pouvoir se INF PHASE le NCT si l' on PRES le NCo , si l' on PRES de le NCmod de le NP , le NC de le NCmod PPAS de le NC de le NCmod de NP ."
1693,1886_Valles_L'Insurge_A.txt,"« Monsieur Vingtras , croyez -vous que l' on va se battre ?",""" monsieur NP , IMP vous que l' on aller se INF ?"
1694,1886_Valles_L'Insurge_A.txt,» Je ne connais pas celui qui m' interpelle .,""" je ne PRES pas celui qui lui PRES ."
1695,1886_Valles_L'Insurge_A.txt,Il se nomme .,il se PRES .
1696,1886_Valles_L'Insurge_A.txt,« Je suis Charles Hugo … Vous êtes mal avec mon père ( question d' école !,""" je être NP NP … vous être mal avec DETPOSS NCmod ( NC de NCmod !"
1697,1886_Valles_L'Insurge_A.txt,) mais vous me semblez bien avec les énergiques d' ici .,) mais vous me sembler bien avec le NC de ADVLIEU .
1698,1886_Valles_L'Insurge_A.txt,Pourriez -vous me rendre un service de confrère et me placer à les premières loges ?,IMP le me INF un NCo de NCmod et me INF à le ADJ NC ?
1699,1886_Valles_L'Insurge_A.txt,"Cela ne vous sera pas difficile , vous commandez un peu tout ce monde … – Personne ne commande , détrompez-vous !","cela ne vous être pas ADJ , vous PRES un peu tout ce NC … – personne ne VSUBP , détrompez-le !"
1700,1886_Valles_L'Insurge_A.txt,"Pas même Rochefort et Delescluze , qui seront peut-être débordés tout à l' heure , si dans un discours d' orateur de borne passe un éclair qui éblouisse , ou seulement , si dans ce ciel nuageux luit , à l' improviste , une reflambée de soleil !","pas même NP et NP , qui être peut-être PPAS tout à le NCT , si dans un NC de NCmod de NCmod PRES un NCo qui PRES , ou seulement , si dans ce NC ADJ ADJ , à le NCmod , un NC de NC !"
1701,1886_Valles_L'Insurge_A.txt,"… Enfin , je vais voir .» Voir qui , voir quoi ?","… PHASE , je aller VCOG .» VCOG qui , VCOG quoi ?"
1702,1886_Valles_L'Insurge_A.txt,« Êtes-vous pour Paris ou pour Neuilly ?,""" NP pour NP ou pour NP ?"
1703,1886_Valles_L'Insurge_A.txt,"me demande , la fièvre dans le regard et dans la voix , Briosne , qui me prend à le collet .","me PRES , le VSENT dans le NCMAN et dans le NCMAN , NP , qui me PRES à le NC ."
1704,1886_Valles_L'Insurge_A.txt,– Je suis pour ce que le peuple voudra .» Avenue de Neuilly .,– je être pour ce que le NCs VF .» NC de NP .
1705,1886_Valles_L'Insurge_A.txt,"Le peuple n' a , pas voulu la bataille , malgré les supplications désespérées de Flourens , malgré l' entêtement de quelques héroïques qui essayèrent de le prendre à les entrailles et saisirent les rosses à les naseaux .","le NCs ne avoir , pas vouloir le NCo , malgré le NC ADJ de NP , malgré le NC de quelque NCmod qui PRES de le INF à le NC et VPS le NCo à le NC ."
1706,1886_Valles_L'Insurge_A.txt,« La rédaction de La Rue en tête !,""" le NCs de le NCmod en NCCOR !"
1707,1886_Valles_L'Insurge_A.txt,"ont crié , deux ou trois fois , de les pelotons révolutionnaires .","avoir VDIC , NUM ou NUM fois , de le NC ADJ ."
1708,1886_Valles_L'Insurge_A.txt,"– Ne conduisez pas ces gens à la tuerie , Vingtras !» Croyez-vous donc que l' on conduise personne à la tuerie , pas plus qu' on n' impose à de les foules la sagesse ou la lâcheté ?","– ne IMP pas ce NCo à le NC , NP !» NP donc que l' on PRES NCo à le NC , pas plus que on ne PRES à de le NC le NC ou le NC ?"
1709,1886_Valles_L'Insurge_A.txt,"Elles portent en elles leur volonté sourde , et toutes les harangues de le monde n' y font rien !","il PRES en il lui NCo ADJ , et tout le NC de le NCmod ne y faire rien !"
1710,1886_Valles_L'Insurge_A.txt,"On dit que lorsque les chefs prêchent l' insurrection , elle éclate .","on VDIC que lorsque le NCs PRES le NCo , il PRES ."
1711,1886_Valles_L'Insurge_A.txt,Ce n' est pas vrai !,ce ne être pas vrai !
1712,1886_Valles_L'Insurge_A.txt,Deux cent mille hommes qui ont à le ventre la fringale de la bataille n' ont pas d' oreilles pour les capitaines qui leur disent : «Ne vous battez pas !,Deux PRES NUM NCo qui avoir à le NCCOR le NCo de le NCmod ne avoir pas de NCCOR pour le NC qui lui VDIC : NP vous IMP pas !
1713,1886_Valles_L'Insurge_A.txt,"» Ils passent par-dessus le corps de les officiers , si les officiers se mettent en travers , et sur leur carcasse brisée montent à l' assaut !",""" il PRES ADV le NCCOR de le NCmod , si le NCs se mettre en travers , et sur lui NC PPAS PRES à le NC !"
1714,1886_Valles_L'Insurge_A.txt,"Mabille , seul , avait raison .","NP , ADJ , avoir NCo ."
1715,1886_Valles_L'Insurge_A.txt,"Si les chassepots faisaient merveille sans provocation , si un ordre insensé amenait un régiment et une fusillade autour de cette maison , ah! les tribuns populaires n' auraient qu' un mot à dire , un geste à faire , et le drapeau de la République surgirait d' entre les pavés , quitte à être effiloché par les boulets sur de les milliers de cadavres !","si le NCs faire NCo sans NCmod , si un NCs ADJ VIMP un NCo et un NC ADV de ce NC , ah! le NCs ADJ ne avoir que un NCo à VDIC , un NC à faire , et le NC de le NCs VCOND de entre le NC , PRES à être PPAS par le NC sur de le NC de NCmod !"
1716,1886_Valles_L'Insurge_A.txt,"Mais ni chez le peuple , ni chez ceux de l' Empire il n' y a l' envie sincère de se rencontrer et d' en venir à les mains sur la tombe d' un petit journaliste assassiné – terrain mauvais pour la victoire de les soldats , trop étroit pour la mise en ligne de l' idée sociale .","mais ni chez le NC , ni chez celui de le NCmod il ne y avoir le NCo ADJ de se INF et de en venir à le NCCOR sur le NC de un ADJ NCmod PPAS – NCo ADJ pour le NC de le NCmod , trop ADJ pour le NC en NCmod de le NCmod ADJ ."
1717,1886_Valles_L'Insurge_A.txt,"À un moment , on est venu me prendre dans mon groupe .","à un NC , on être venir me INF dans DETPOSS NC ."
1718,1886_Valles_L'Insurge_A.txt,« Rochefort est en train de s' évanouir .,""" NP être en NC de se INF ."
1719,1886_Valles_L'Insurge_A.txt,"Allez voir ce qu' il devient … lui arracher le dernier mot d' ordre .» Je l' ai trouvé , pâle comme un mort , assis dans l' arrière-boutique d' un épicier .","aller VCOG ce que il devenir … lui INF le ADJ NC de NCmod .» je le avoir PPAS , PRES comme un NC , PPAS dans le NC de un NCmod ."
1720,1886_Valles_L'Insurge_A.txt,« Pas à Paris !» a -t -il dit en frissonnant .,""" pas à NP !» avoir t il VDIC en PPRES ."
1721,1886_Valles_L'Insurge_A.txt,"Au-dehors , on attendait sa réponse .","ADV , on VIMP DETPOSS NCo ."
1722,1886_Valles_L'Insurge_A.txt,"Je me suis juché sur un tabouret et je l' ai donnée , telle quelle .","je me être PPAS sur un NC et je le avoir PPAS , tel NC ."
1723,1886_Valles_L'Insurge_A.txt,« Mais vous !,""" mais vous !"
1724,1886_Valles_L'Insurge_A.txt,"m' a crié Flourens , vous , Vingtras , n' êtes-vous pas avec nous ?","le avoir VDIC NP , vous , NP , ne êtes-vous pas avec nous ?"
1725,1886_Valles_L'Insurge_A.txt,"» Il nous rattrape à l' instant , débraillé , l' œil en feu , beau de douleur , ma foi , et s' est pour ainsi dire jeté sur moi .",""" il nous PRES à le NC , PPAS , le NC en NCmod , ADJ de NCSENT , DETPOSS NC , et se être pour ainsi VDIC PPAS sur soi ."
1726,1886_Valles_L'Insurge_A.txt,« Pas avec vous ?,""" pas avec vous ?"
1727,1886_Valles_L'Insurge_A.txt,Je suis avec vous si la foule y est .,je être avec vous si le NCs y être .
1728,1886_Valles_L'Insurge_A.txt,– Elle s' est décidée !,– il se être ADJ !
1729,1886_Valles_L'Insurge_A.txt,"... voyez le corbillard , il marche vers nous .","... IMP le NCo , il PRES vers nous ."
1730,1886_Valles_L'Insurge_A.txt,"– Eh bien , marchons vers lui .","– INTJ bien , IMP vers lui ."
1731,1886_Valles_L'Insurge_A.txt,– À la bonne heure !,– à le ADJ NCT !
1732,1886_Valles_L'Insurge_A.txt,"merci , et en avant!» Flourens me serre la main et nous dépasse .","INTJ , et en avant!» NP me PRES le NCCOR et nous PRES ."
1733,1886_Valles_L'Insurge_A.txt,"Il a la foi et la force d' un saint , il écarte la cohue de ses maigres épaules et la fend , comme un nageur qui court à un sauvetage fend l' Océan .","il avoir le NCo et le NCSENT de un NCmod , il PRES le NCs de DETPOSS NCmod ADJ et le NC , comme un NCmod qui PRES à un NC PRES le NP ."
1734,1886_Valles_L'Insurge_A.txt,"Mais en arrière , tout d' un coup , une rumeur , de les cris … C' est Rochefort qui nous rejoint en voiture .","mais en NC , tout de un NC , un NC , de le NC … ce être NP qui nous PRES en NC ."
1735,1886_Valles_L'Insurge_A.txt,Qu' y a -t -il ?,que y avoir t il ?
1736,1886_Valles_L'Insurge_A.txt,Une idée vient d' être jetée dans l' air .,un NCs venir de être PPAS dans le NCMAN .
1737,1886_Valles_L'Insurge_A.txt,"« À le Corps législatif!» Je saute là-dessus , Rochefort aussi .",""" à le NCCOR législatif!» je PRES ADV , NP aussi ."
1738,1886_Valles_L'Insurge_A.txt,« À le Corps législatif !,""" à le NCCOR ADJ !"
1739,1886_Valles_L'Insurge_A.txt,c' est dit .,ce être VDIC .
1740,1886_Valles_L'Insurge_A.txt,"» Et le fiacre , qui allait vers le cimetière , fait volte-face et roule vers Paris .",""" et le NCs , qui aller vers le NC , faire NCo et NC vers NP ."
1741,1886_Valles_L'Insurge_A.txt,"J' ai pris place à les côtés de Rochefort , Grousset également ; et nous voilà muets et songeurs , traînés Dieu sait où !","je avoir PPAS NCo à le NC de NP , NP également ; et nous voilà NCo et NCs , PPAS NP VCOG où !"
1742,1886_Valles_L'Insurge_A.txt,"Pour mon compte , je me dis tout bas que si l' on nous laisse arriver jusqu' à la Chambre , elle sera envahie , que nous allons assister à un 15 Mai accompli par deux cent mille hommes – dont un quart de bourgeois .","pour DETPOSS NC , je me VDIC tout NCo que si l' on nous laisser INF jusque à le NC , il être PPAS , que nous aller INF à un NUM MOIS PPAS par NUM NUM NUM NC – dont un NC de NCmod ."
1743,1886_Valles_L'Insurge_A.txt,Car ils sont deux cent mille !,car il être NUM NUM NC !
1744,1886_Valles_L'Insurge_A.txt,"Quand nous mettons la tête à la portière , nous apercevons la chaussée débordante et houleuse , comme le lit d' une rivière envahi par un torrent .","quand nous mettre le NCCOR à le NC , nous PRES le NCo ADJ et ADJ , comme le NC de un NCmod PPAS par un NC ."
1745,1886_Valles_L'Insurge_A.txt,"On cache encore les pistolets et les couteaux , mais on a tiré de les poitrines l' arme de la Marseillaise .","on PRES encore le NCo et le NC , mais on avoir PPAS de le NC le NCo de le ADJ ."
1746,1886_Valles_L'Insurge_A.txt,"La terre tremble sous les pieds de cette multitude qui a l' air de marcher à le pas , et le regain de l' hymne va battre le ciel de son aile .","le NC ADJ sous le NCCOR de ce NCmod qui avoir le NCMAN de NCmod à le pas , et le NCs de le NCmod aller INF le NCo de DETPOSS NCmod ."
1747,1886_Valles_L'Insurge_A.txt,« Halte-là !» La troupe nous barre la route .,""" NP !» le NCs nous PRES le NCo ."
1748,1886_Valles_L'Insurge_A.txt,Rochefort descend : «Je suis député et j' ai le droit de passer – Vous ne passerez pas !» Je regarde en arrière .,NP PRES : «il être NC et je avoir le NCo de INF – vous ne VF pas !» je VCOG en NC .
1749,1886_Valles_L'Insurge_A.txt,"Sur toute la longueur de l' avenue , le cortège s' est égrené , cassé .","sur tout le NC de le NCmod , le NCs se être PPAS , ADJ ."
1750,1886_Valles_L'Insurge_A.txt,"Il se faisait tard , on était las , on avait chanté … La journée est finie .","il se faire tard , on être ADJ , on avoir PPAS … le NCT être VASP ."
1751,1886_Valles_L'Insurge_A.txt,"Un petit vieux trottine près de moi , seul , tout seul , mais suivi , je le vois , par le regard d' une bande à le milieu de laquelle je reconnais de les amis de Blanqui .","un NCs ADJ PRES ADVLIEU de soi , ADJ , tout ADJ , mais PPAS , je le NC , par le NCMAN de un NCmod à le milieu de lequel je VCOG de le NC de NP ."
1752,1886_Valles_L'Insurge_A.txt,"C' est lui , l' homme qui longe cette muraille , après avoir rôdé tout le jour sur les flancs de le volcan , regardant si , au-dessus de la foule , ne jaillissait pas une flamme qui serait le premier flamboiement de le drapeau rouge .","ce être lui , le NC qui PRES ce NCo , PHASE avoir PPAS tout le NCT sur le NC de le NCmod , VCOG si , ADVLIEU de le NC , ne VIMP pas un NCo qui être le ADJ NC de le NCmod ADJCOL ."
1753,1886_Valles_L'Insurge_A.txt,"Cet isolé , ce petit vieux , c' est Blanqui !","ce NC , ce NC ADJ , ce être NP !"
1754,1886_Valles_L'Insurge_A.txt,"« Que faites -vous donc là ?» J' étais resté cloué sur place , stupéfait de voir soudain ce calme et ce vide .",""" que faire lui donc ADVLIEU ?» je être PPAS PPAS sur NC , VIMP de VCOG soudain ce NCSENT et ce NC ."
1755,1886_Valles_L'Insurge_A.txt,« Vous allez vous faire empoigner !» m' a dit le peintre Lançon en m' entraînant .,""" vous aller vous faire INF !» le avoir VDIC le NCs NP en lui PPRES ."
1756,1886_Valles_L'Insurge_A.txt,"Dans les flaques d' eau qu' avait faites la pluie sur la place , nous avons trouvé de les camarades éreintés et crottés .","dans le NC de NCmod que avoir faire le NCs sur le NCmod , nous avoir PPAS de le NC PPAS et PPAS ."
1757,1886_Valles_L'Insurge_A.txt,On a dîné ensemble chez le mastroquet .,on avoir PPAS ensemble chez le NC .
1758,1886_Valles_L'Insurge_A.txt,Quelques -uns ont reçu le conseil de ne pas coucher à domicile .,quelque NCs avoir PPAS le NCo de ne pas INF à NC .
1759,1886_Valles_L'Insurge_A.txt,L' artiste m' a pris et emmené chez lui .,le NCs lui avoir PPAS et PPAS chez lui .
1760,1886_Valles_L'Insurge_A.txt,"Mais ils n' ont osé arrêter personne , trop heureux qu' hier il n' y ait pas eu de grabuge .","mais il ne avoir PPAS INF NCo , trop ADJ que ADV il ne y avoir pas avoir un NC ."
1761,1886_Valles_L'Insurge_A.txt,Mauvais signe pour l' Empire !,NP PRES pour le NC !
1762,1886_Valles_L'Insurge_A.txt,"À défaut de soldats , il n' a pas lancé de mouchards .","à NC de NCmod , il ne avoir pas PPAS un NC ."
1763,1886_Valles_L'Insurge_A.txt,"Il hésite , il attend – ses jours sont comptés !","il NC , il PRES – DETPOSS NCT être PPAS !"
1764,1886_Valles_L'Insurge_A.txt,Il a sa balle à le cœur comme Victor Noir !,il avoir DETPOSS NCo à le NC comme NP NP !
1765,1886_Valles_L'Insurge_A.txt,16 15 juillet .,NUM NUM MOIS .
1766,1886_Valles_L'Insurge_A.txt,Gare à le bouillon rouge !,NP à le NCmod ADJCOL !
1767,1886_Valles_L'Insurge_A.txt,"Ils en ont besoin , ils la veulent !","il en avoir NCo , il le vouloir !"
1768,1886_Valles_L'Insurge_A.txt,"La misère les déborde , le socialisme les envahit .","le NCs le PRES , le NCs le PRES ."
1769,1886_Valles_L'Insurge_A.txt,"Sur les bords de la Sprée aussi bien que sur les rives de la Seine , le peuple souffre .","sur le NC de le NP aussi bien que sur le NC de le NP , le NC VSENT ."
1770,1886_Valles_L'Insurge_A.txt,"Mais , cette fois , sa souffrance a de les avocats en blouse , et il n' est que temps de faire une saignée , pour que la sève de la force nouvelle s' échappe par l' entaille , pour que l' exubérance de les foules se perde à le bruit de le canon , comme le fluide qui tue va mourir dans la terre à le bruit de la foudre .","mais , ce fois , DETPOSS NCSENT avoir de le NC en NCmod , et il ne être que temps de faire un NC , pour que le NCs de le NCSENT ADJ se PRES par le NC , pour que le NCs de le NCmod se PRES à le NC de le NCmod , comme le NC qui PRES aller INF dans le NC à le NCmod de le NCmod ."
1771,1886_Valles_L'Insurge_A.txt,"On sera vainqueur ou vaincu , mais le courant populaire aura été déchiqueté par les baïonnettes en ligne , brisé par le zigzag de les succès et de les défaites !","on être NC ou PPAS , mais le NCspas ADJ avoir être PPAS par le NC en NCmod , PPAS par le NC de le NCmod et de le NC !"
1772,1886_Valles_L'Insurge_A.txt,"Ainsi pensent les pasteurs de la bourgeoisie française ou allemande , qui voient de haut et de loin .","ainsi VCOG le NCo de le NCmod ADJ ou ADJ , qui PRES de NC et de ADVLIEU ."
1773,1886_Valles_L'Insurge_A.txt,"D' ailleurs , les pantalons garance et les culottes courtes de Compiègne ne doutent pas de la marche triomphale de les régiments français à travers l' Allemagne conquise .","de ADVLIEU , le NCs NC et le NC ADJ de NP ne PRES pas de le NC ADJ de le NCmod ADJ à travers le NP VSENT ."
1774,1886_Valles_L'Insurge_A.txt,À Berlin !,à NP !
1775,1886_Valles_L'Insurge_A.txt,À Berlin !,à NP !
1776,1886_Valles_L'Insurge_A.txt,"J' ai failli être assassiné , à le coin d' une rue , par une poignée de belliqueux devant lesquels j' avais hurlé mon horreur de la guerre .","je avoir PPAS être PPAS , à le NC de un NCmod , par un NC de NCmod ADVLIEU lequel je avoir VDIC DETPOSS NCo de le NCmod ."
1777,1886_Valles_L'Insurge_A.txt,Ils m' appelaient Prussien et m' auraient probablement écharpé si je ne leur avais jeté mon nom .,il lui VIMP NP et lui avoir ADVINT PPAS si je ne lui avoir PPAS DETPOSS NCo .
1778,1886_Valles_L'Insurge_A.txt,Alors ils m' ont lâché… en grognant .,alors il lui avoir NP en VDIC .
1779,1886_Valles_L'Insurge_A.txt,"«Ça n' en est pas un , mais il n' en vaut guère mieux !","«Ça ne en être pas un , mais il ne en PRES guère mieux !"
1780,1886_Valles_L'Insurge_A.txt,"Ça ne croit pas à la Patrie , les frères et amis , et ils s' en fichent bien que les cabinets de l' Europe nous insultent !» Je crois que je m' en fiche , en effet .","ça ne VCOG pas à le NC , le NC et NC , et il se en PRES bien que le NCs de le NP nous PRES !» je VCOG que je lui en PRES , en NC ."
1781,1886_Valles_L'Insurge_A.txt,"Tous les soirs ce sont de les disputes qui finiraient par de les duels , si ceux -là mêmes qui s' acharnent contre moi ne disaient pas qu' on doit garder sa peau pour l' ennemi .","tout le NC ce être de le NC qui VIMP par un le NC , si celui ADVLIEU même qui se PRES contre soi ne VDIC pas que on devoir INF DETPOSS NCCOR pour le NC ."
1782,1886_Valles_L'Insurge_A.txt,"Et les plus chauvins dans la querelle sont souvent de les avancés , de les barbes de 48 , d' anciens combattants , qui me jettent à la tête l' épopée de les quatorze armées de la garnison de Mayence , de les volontaires de Sambre-et-Meuse et de la 32 e demi-brigade !","et le plus NCs dans le NCmod être ADVTEMPS de le NC , de le NCCOR de NUM , un ADJ NC , qui me PRES à le NCCOR le NCo de le NUM NCmod de le NC de NP , de le NCmod de NP et de le NUM ADJ NC !"
1783,1886_Valles_L'Insurge_A.txt,Ils me lapident avec les sabots de le bataillon de la Moselle ; ils me fourrent dans l' œil le doigt de Carnot et le panache de Kléber !,il me PRES avec le NC de le NCmod de le NP ; il me VPS dans le NC le NCCOR de NP et le NC de NP !
1784,1886_Valles_L'Insurge_A.txt,"Nous avons pris de les bandes de toile , sur lesquelles on a écrit avec une cheville de bois trempée dans une écuellée d' encre : « Vive la paix !» et nous avons promené cela à travers Paris .","nous avoir PPAS de le NC de NCmod , sur lequel on avoir PPAS avec un NCCOR de NCmod PPAS dans un NC de NCmod : "" PRES le NCo !» et nous avoir PPAS cela à travers NP ."
1785,1886_Valles_L'Insurge_A.txt,Les passants se sont rués sur nous .,le NCs se être PPAS sur nous .
1786,1886_Valles_L'Insurge_A.txt,"Il y avait de les gens de police parmi les agresseurs , mais ils n' avaient pas eu à donner le signal .","il y avoir de le NC de NCmod parmi le NC , mais il ne avoir pas avoir à INF le NC ."
1787,1886_Valles_L'Insurge_A.txt,"Il leur suffisait de suivre la fureur publique et de choisir alors , dans le tas , ceux qu' ils reconnaissaient pour les avoir vus dans les complots , à les réunions , le jour de la manifestation Baudin ou de l' enterrement de Victor Noir .","il lui VIMP de INF le NCo ADJ et de INF alors , dans le ADV , celui que il VIMP pour le avoir VCOG dans le NC , à le NC , le NCT de le NCmod NP ou de le NC de NP NP ."
1788,1886_Valles_L'Insurge_A.txt,"Sitôt l' homme désigné , la canne plombée et le casse-tête s' en payaient !","ADV le NC PPAS , le NCs PPAS et le NC se en VIMP !"
1789,1886_Valles_L'Insurge_A.txt,"Bauër a failli être assommé , un autre jeté à le canal !","NP avoir PPAS être PPAS , un autre PPAS à le NC !"
1790,1886_Valles_L'Insurge_A.txt,"Il me prend parfois de les repentirs lâches , de les remords criminel .","il me PRES ADVTEMPS de le NC ADJ , de le NCSENT ADJ ."
1791,1886_Valles_L'Insurge_A.txt,"Oui , il m' arrive à le cœur de les bouffées de regret – le regret de ma jeunesse sacrifiée , de ma vie livrée à la famine , de mon orgueil livré à les chiens , de mon avenir gâché pour une foule qui me semblait avoir une âme , et à qui je voulais faire , un jour , honneur de toute ma force douloureusement amassée .","oui , il lui PRES à le NC de le NCmod de NCSENT – le NCSENT de DETPOSS NCmod PPAS , de DETPOSS NC PPAS à le NC , de DETPOSS NCSENT PPAS à le NC , de DETPOSS NC PPAS pour un NC qui me sembler avoir un NCo , et à qui je VIMP faire , un NCT , NCSENT de tout DETPOSS NCSENT ADV PPAS ."
1792,1886_Valles_L'Insurge_A.txt,"Et voilà que c' est sur les talons de les soldats qu' elle marche à présent , cette foule !","et voilà que ce être sur le NCCOR de le NCmod que il PRES à NC , ce NC !"
1793,1886_Valles_L'Insurge_A.txt,"Elle emboîte le pas à les régiments , elle acclame de les colonels dont les épaulettes sont encore grasses de le sang de Décembre – et elle crie « À mort!» contre nous qui voulons boucher avec de la charpie le pavillon de les clairons !","il PRES le pas à le NC , il PRES de le NC dont le NCs être encore ADJ de le NCCOR de NCmod – et il VDIC "" à mort!» contre nous qui vouloir NC avec de le NCmod le NCmod de le NCmod !"
1794,1886_Valles_L'Insurge_A.txt,Oh !,INTJ !
1795,1886_Valles_L'Insurge_A.txt,c' est la plus grande désillusion de ma vie .,ce être le plus ADJ NCSENT de DETPOSS NCmod .
1796,1886_Valles_L'Insurge_A.txt,"À travers mes hontes et mes déceptions , j' avais gardé l' espoir que la place publique me vengerait un matin … Sur cette place publique , on vient de me rosser comme plâtre ; j' ai les reins moulus et le cœur las !","à travers DETPOSS NCSENT et DETPOSS NCSENT , je avoir PPAS le NCSENT que le NCmod ADJ me VCOND un NCT … sur ce NC ADJ , on venir de me INF comme NC ; je avoir le NCCOR PPAS et le NC ADJ !"
1797,1886_Valles_L'Insurge_A.txt,"Si demain un bâtiment voulait me prendre et m' emporter à le bout de le monde , je partirais déserteur par dégoût , réfractaire pour tout de bon !","si ADVT un NCs vouloir me INF et le INF à le NC de le NCmod , je VCOND NC par NCSENT , NC pour tout de ADJ !"
1798,1886_Valles_L'Insurge_A.txt,« Mais vous n' entendez donc pas la Marseillaise ?,""" mais vous ne VCOG donc pas le NP ?"
1799,1886_Valles_L'Insurge_A.txt,"» Elle me fait horreur , votre Marseillaise de maintenant !",""" il me faire NCo , son NP de ADVT !"
1800,1886_Valles_L'Insurge_A.txt,Elle est devenue un cantique d' État .,il être devenir un NCo de NC .
1801,1886_Valles_L'Insurge_A.txt,"Elle n' entraîne point de les volontaires , elle mène de les troupeaux .","il ne PRES ADV de le NC , il PRES de le NC ."
1802,1886_Valles_L'Insurge_A.txt,"Ce n' est pas le tocsin sonné par le véritable enthousiasme , c' est le tintement de la cloche à le cou de les bestiaux .","ce ne être pas le NC PPAS par le véritable NC , ce être le NC de le NCmod à le NCCOR de le ADJ ."
1803,1886_Valles_L'Insurge_A.txt,Quel est le coq qui précède de son cocorico clair les régiments qui s' ébranlent ?,quel être le NC qui PRES de DETPOSS NC ADJ le NC qui se PRES ?
1804,1886_Valles_L'Insurge_A.txt,Quelle pensée frissonne dans les plis de les drapeaux ?,quel VCOG ADJ dans le NC de le NCmod ?
1805,1886_Valles_L'Insurge_A.txt,"En 93 , les baïonnettes sortirent de terre avec une idée à le bout – comme un gros pain !","en NUM , le NCs VPS de NC avec un NC à le NCmod – comme un ADJ NCmod !"
1806,1886_Valles_L'Insurge_A.txt,Le jour de gloire est arrivé !,le NCT de NCmod être PPAS !
1807,1886_Valles_L'Insurge_A.txt,"Oui , vous verrez ça !","oui , vous VF ça !"
1808,1886_Valles_L'Insurge_A.txt,Place de le Palais-Bourbon .,NP de le NP .
1809,1886_Valles_L'Insurge_A.txt,"Nous sommes devant le Corps législatif , tous les trois , Theisz , Avrial et moi , le jour de la déclaration .","nous être ADVLIEU le NCCOR ADJ , tout le NUM , NP , NP et soi , le NCT de le NC ."
1810,1886_Valles_L'Insurge_A.txt,"Il fait grand soleil , de jolies femmes apparaissent en fraîches toilettes , avec de les fleurs à le corsage .","il faire ADJ NCo , un ADJ NCs PRES en NC ADJ , avec un le NC à le NCmod ."
1811,1886_Valles_L'Insurge_A.txt,"Le ministre de la Guerre , ou quelque autre , vient d' arriver tout fringant , dans une voiture à caisse neuve , traînée par de les chevaux à le mors d' argent .","le NCs de le NCmod , ou quelque autre , venir de INF tout NCo , dans un NC à NCmod ADJ , PPAS par de le NC à le NCmod de NCmod ."
1812,1886_Valles_L'Insurge_A.txt,"On dirait une fête de la Haute , une cérémonie de gala , un Te Deum à Notre-Dame ; il flotte dans l' air un parfum de veloutine et de gardénia .","on VDIC un NCo de le NP , un NC de NCmod , un me NP à NP ; il NC dans le NCMAN un NC de NCmod et de NC ."
1813,1886_Valles_L'Insurge_A.txt,Rien ne dénote l' émotion et la crainte qui doivent tordre les cœurs quand on annonce que la patrie va tirer l' épée .,rien ne PRES le NCSENT et le NCSENT qui devoir INF le NCo quand on VDIC que le NCs aller INF le NCo .
1814,1886_Valles_L'Insurge_A.txt,De les vivats !,de le NC !
1815,1886_Valles_L'Insurge_A.txt,de les cris !,de le NCmod !
1816,1886_Valles_L'Insurge_A.txt,… Le sort en est jeté – ils ont passé le Rubicon !,… le NCspas en être PPAS – il avoir PPAS le NP !
1817,1886_Valles_L'Insurge_A.txt,6 heures .,NUM NCT .
1818,1886_Valles_L'Insurge_A.txt,"Nous avons traversé les Tuileries , silencieux , désespérés .","nous avoir PPAS le NP , ADJ , VSENT ."
1819,1886_Valles_L'Insurge_A.txt,Le sang m' était sauté à la face et menaçait de m' envahir le cerveau .,le NCCOR se être PPAS à le NC et VDIC de lui INF le NCCOR .
1820,1886_Valles_L'Insurge_A.txt,Mais non !,mais non !
1821,1886_Valles_L'Insurge_A.txt,ce sang que je dois à la France est sorti bêtement par le nez .,ce NCCOR que je devoir à le NP être PPAS ADVMAN par le NCCOR .
1822,1886_Valles_L'Insurge_A.txt,Hélas !,NP !
1823,1886_Valles_L'Insurge_A.txt,"je vole mon pays , je lui fais tort de tout ce qui coule , coule et coule encore !","je PRES DETPOSS NCo , je lui faire NC de tout ce qui VSUBP , NCo et NC encore !"
1824,1886_Valles_L'Insurge_A.txt,"J' ai le museau et les doigts tout rouges , mon mouchoir a l' air d' avoir servi à une amputation , et les passants , qui reviennent enthousiastes de le Palais-Bourbon , s' écartent avec un mouvement de dégoût .","je avoir le NCo et le NCCOR tout ADJCOL , DETPOSS NCs avoir le NCMAN de avoir PPAS à un NCs , et le NC , qui PRES NCo de le NP , se PRES avec un NC de NCSENT ."
1825,1886_Valles_L'Insurge_A.txt,"Ce sont les mêmes , pourtant , qui ont applaudi le vote par lequel la nation est condamnée à saigner par tous les pores .","ce être le ADJ , pourtant , qui avoir PPAS le NCo par lequel le NCspas être PPAS à INF par tout le NC ."
1826,1886_Valles_L'Insurge_A.txt,Mon pif en tomate les gêne !,DETPOSS NC en NCmod le NCSENT !
1827,1886_Valles_L'Insurge_A.txt,… Bande de fous !,… NP de NCmod !
1828,1886_Valles_L'Insurge_A.txt,Viande à mitraille !,NC à NCmod !
1829,1886_Valles_L'Insurge_A.txt,"«Il devrait cacher ses mains » fait , avec une moue de répugnance , un barbu qui tout à l' heure criait à tue-tête .","NP devoir INF DETPOSS NCCOR "" faire , avec un NC de NCSENT , un NC qui tout à le NCT VDIC à NC ."
1830,1886_Valles_L'Insurge_A.txt,Je me suis débarbouillé dans le bassin .,je me être PPAS dans le NC .
1831,1886_Valles_L'Insurge_A.txt,Mais les mères s' en sont mêlées .,mais le NCspas se en être PPAS .
1832,1886_Valles_L'Insurge_A.txt,"« Est -ce qu' il a le droit de faire peur à les cygnes et à les enfants ?» ont -elles dit , en rappelant leurs bébés dont trois ou quatre étaient harnachés en zouaves .",""" être ce que il avoir le NCo de faire NCSENT à le NC et à le NC ?» avoir il VDIC , en PPRES DETPOSS NCo dont NUM ou NUM être PPAS en NC ."
1833,1886_Valles_L'Insurge_A.txt,Croix de Genève .,NC de NP .
1834,1886_Valles_L'Insurge_A.txt,Tous les journalistes sont en l' air .,tout le NCs être en le NCMAN .
1835,1886_Valles_L'Insurge_A.txt,C' est à qui ira à l' armée .,ce être à qui VF à le NC .
1836,1886_Valles_L'Insurge_A.txt,On a organisé un bataillon d' ambulanciers .,on avoir PPAS un NCo de NCmod .
1837,1886_Valles_L'Insurge_A.txt,"Ceux qui ont été , rien qu' un quart d' heure , étudiants en médecine , qui ont quelque vieille inscription dans leur poche de bohème , s' adressent à une espèce de docteur philanthrope qui met la chirurgie à la sauce genevoise .","celui qui avoir être , rien que un NC de NCT , NC en NCmod , qui avoir quelque ADJ NCo dans lui NC de NCmod , se PRES à un espèce de NCmod NCmod qui mettre le NCo à le NC NC ."
1838,1886_Valles_L'Insurge_A.txt,"Il a inventé un costume de chasseur noir , de touriste en deuil , sous lequel les enrôlés prennent de les airs religieux ou funèbres .","il avoir PPAS un NCo de NCmod ADJ , de NC en NCmod , sous lequel le PPAS PRES de le NCMAN ADJ ou ADJ ."
1839,1886_Valles_L'Insurge_A.txt,Je viens de les voir sortir de le Palais de l' Industrie .,je venir de le VCOG INF de le NC de le NP .
1840,1886_Valles_L'Insurge_A.txt,"Le sergent , marchant en tête , est le secrétaire de rédaction de la Marseillaise – celui-là même qui voulait bien nous accorder quelques sous , mais nous refusait de les pistolets , le jour de l' assassinat de Victor Noir – un brave garçon , belliqueux comme un paon , qui fait la roue avec un harnachement de tous les diables en éventail sur le dos .","le NCs , PPRES en NCCOR , être le NC de NCmod de le NP – celui-là même qui vouloir bien nous INF quelque NCo , mais nous VIMP de le NC , le NCT de le NCmod de NP NP – un ADJ NC , ADJ comme un NCmod , qui faire le NCo avec un ADV de tout le NC en NCmod sur le NCCOR ."
1841,1886_Valles_L'Insurge_A.txt,"Dans ces équipes d' infirmiers qui viennent de partir de le pied gauche pour les champs de bataille , bien de les dévoués , mais aussi que de romantiques et de cabotins !","dans ce NC de NCmod qui venir de INF de le NCCOR ADJ pour le NC de NC , bien de le NC , mais aussi que de NC et de NC !"
1842,1886_Valles_L'Insurge_A.txt,"Les jardins et les squares sont couverts de pelotons d' hommes vêtus moitié en civils , moitié en militaires , qu' on fait courir , piétiner , former le carré , former le cercle … « Contre la cavalerie , croisez !","le NCspas et le NC être PPAS de NC de NCmod ADJ PPAS en NC , PPAS en NC , que on faire INF , INF , INF le NCo , INF le NCo … "" contre le NC , VCOG !"
1843,1886_Valles_L'Insurge_A.txt,En garde contre l' infanterie !,en NC contre le NCmod !
1844,1886_Valles_L'Insurge_A.txt,"À cinq pas , prenez vos intervalles !","à NUM pas , IMP DETPOSS NC !"
1845,1886_Valles_L'Insurge_A.txt,… Rentrez donc les coudes !,… IMP donc le NCCOR !
1846,1886_Valles_L'Insurge_A.txt,"… Le 9 , vous sortez de les rangs !","… le NUM , vous PRES de le NC !"
1847,1886_Valles_L'Insurge_A.txt,"… Gauche , droite !","… NP , NC !"
1848,1886_Valles_L'Insurge_A.txt,"Gauche , droite !","NP , NCmod !"
1849,1886_Valles_L'Insurge_A.txt,"» Et les coudes rentrent , et le 9 renfonce sa bedaine !",""" et le NCCOR PRES , et le NUM PRES DETPOSS NCo !"
1850,1886_Valles_L'Insurge_A.txt,"Gauche , droite !","NP , NCmod !"
1851,1886_Valles_L'Insurge_A.txt,"Gauche , droite !","NP , NCmod !"
1852,1886_Valles_L'Insurge_A.txt,Et après ?,et PHASE ?
1853,1886_Valles_L'Insurge_A.txt,"Croyez-vous que l' on garde ainsi les distances , qu' on manœuvre la baïonnette avec ce geste de métronome , quand on se trouve à le fort de les mêlées , dans le pré , le champ ou le cimetière , où l' on rencontre l' ennemi tout d' un coup ?","croyez-vous que l' on PRES ainsi le NC , que on PRES le NCs avec ce NC de NCmod , quand on se PRES à le fort de le NCmod , dans le NC , le NC ou le NC , où l' on PRES le NCo tout de un NCmod ?"
1854,1886_Valles_L'Insurge_A.txt,"Chaque jour , de les détachements prennent le chemin de les gares , mais c' est plutôt une cohue qui se débande que de les régiments qui défilent !","chaque NCT , de le NCSENT PRES le NCo de le NCmod , mais ce être plutôt un NC qui se PRES que de le NC qui PRES !"
1855,1886_Valles_L'Insurge_A.txt,"Ils roulent en flots grossiers , avec de les bouteilles en travers de leur sac .","il PRES en NC ADJ , avec un le NC en travers de lui NCmod ."
1856,1886_Valles_L'Insurge_A.txt,"Et moi je sens , à l' hésitation de mon cœur , que la défaite est en croupe sur les chevaux de les cavaliers , et je n' augure rien de bon de tous ces bidons et de ces marmites que j' ai vus sur le dos de les fantassins .","et soi je sentir , à le NC de DETPOSS NCmod , que le NCs être en NC sur le NCmod de le NC , et je ne PRES rien de ADJ de tout ce NC et de ce NC que je avoir VCOG sur le NCCOR de le NCmod ."
1857,1886_Valles_L'Insurge_A.txt,"Ils s' en vont là comme à la soupe … J' ai idée qu' il y pleuvra de les obus , dans cette soupe , pendant qu' on pèlera les pommes de terre et qu' on épluchera les oignons .","il se en aller ADVLIEU comme à le NC … je avoir PPAS que il y VPS de le NC , dans ce NC , PHASE que on VF le NCo de NCmod et que on VF le NC ."
1858,1886_Valles_L'Insurge_A.txt,"Ils feront pleurer , ces oignons -là !","il faire INF , ce NC ADVLIEU !"
1859,1886_Valles_L'Insurge_A.txt,Personne ne m' écoute .,personne ne le VCOG .
1860,1886_Valles_L'Insurge_A.txt,"C' est la même chose qu' en Décembre , lorsque je prédisais la dégringolade .","ce être le même chose que en MOIS , lorsque je PRES le NCo ."
1861,1886_Valles_L'Insurge_A.txt,On me répondait alors que je n' avais pas le droit de décourager ceux qui auraient pu vouloir se battre .,on me VDIC alors que je ne avoir pas le NCo de VSENT celui qui avoir pouvoir vouloir se INF .
1862,1886_Valles_L'Insurge_A.txt,"On me crie à présent : « Vous êtes criminel et vous calomniez la Patrie !» Un peu plus , on me conduirait à la Place comme traître !","on me VDIC à NC : "" vous être NC et vous PRES le NCo !» un peu plus , on me VCOND à le NP comme NC !"
1863,1886_Valles_L'Insurge_A.txt,Place Vendôme .,NP NP .
1864,1886_Valles_L'Insurge_A.txt,On vient de m' y conduire !,on venir de lui y INF !
1865,1886_Valles_L'Insurge_A.txt,"On m' a empoigné à la tête d' un groupe désespéré de les vraies défaites , furieux de la fausse victoire et qui hurlait : « À bas Ollivier !","on le avoir PPAS à le NCCOR de un NCmod VSENT de le vrai NC , ADV de le ADJ NC et qui VDIC : "" à NP NP !"
1866,1886_Valles_L'Insurge_A.txt,"» Reconnu et signalé , j' avais été porté en avant .",""" PPAS et PPAS , je avoir être PPAS en PHASE ."
1867,1886_Valles_L'Insurge_A.txt,"C' était beaucoup d' honneur , mais quelle dégelée !","ce être beaucoup de NCSENT , mais quel PPAS !"
1868,1886_Valles_L'Insurge_A.txt,"Rien n' y a manqué : coups de bottes dans les reins , coups de pommeau de sabre dans les côtes … et allez donc , l' insurgé !","rien ne y avoir PPAS : NCo de NCmod dans le NCCOR , NC de NCmod de NCmod dans le NC … et aller donc , le NCo !"
1869,1886_Valles_L'Insurge_A.txt,Ils se sont mis à dix pour me traîner jusqu' à l' état-major de la garde nationale .,il se être mettre à NUM pour me INF jusque à le NC de le NCmod ADJ .
1870,1886_Valles_L'Insurge_A.txt,« C' est un espion !» beuglait -on sur mon passage .,""" ce être un NC !» VIMP on sur DETPOSS NC ."
1871,1886_Valles_L'Insurge_A.txt,Et parce que je répondais : « Imbéciles !,"et parce que je VDIC : "" ADJ !"
1872,1886_Valles_L'Insurge_A.txt,"» quelques baïonnettes bourgeoises se disputaient la joie de me larder , quand un lieutenant , qui commandait le poste , m' a arraché à l' appétit de les compagnies .",""" quelque NCo ADJ se VIMP le NCSENT de me INF , quand un NCs , qui VIMP le NCo , lui avoir PPAS à le NC de le NCmod ."
1873,1886_Valles_L'Insurge_A.txt,"Il me connaît , il a vu ma caricature en chien , avec une casserole à la queue .","il me PRES , il avoir VCOG DETPOSS NCo en NC , avec un NC à le NCmod ."
1874,1886_Valles_L'Insurge_A.txt,« Quoi !,""" quoi !"
1875,1886_Valles_L'Insurge_A.txt,c' est vous !,ce être vous !
1876,1886_Valles_L'Insurge_A.txt,"… mais vous êtes un gaillard que je gobe , un gaillard qui me va !","… mais vous être un NC que je VSUBP , un NC qui me aller !"
1877,1886_Valles_L'Insurge_A.txt,On a failli vous écharper ?,on avoir PPAS vous INF ?
1878,1886_Valles_L'Insurge_A.txt,… Affaire ratée !,… NC PPAS !
1879,1886_Valles_L'Insurge_A.txt,mais ils sont fichus de vous envoyer à Cayenne !,mais il être PPAS de vous INF à NP !
1880,1886_Valles_L'Insurge_A.txt,Ah !,INTJ !
1881,1886_Valles_L'Insurge_A.txt,mais oui!» Il a raison !,mais oui!» il avoir NCo !
1882,1886_Valles_L'Insurge_A.txt,De le ministère de la Justice vient d' arriver l' ordre de me livrer à les agents .,de le NCs de le NCmod venir de INF le NCo de me INF à le NC .
1883,1886_Valles_L'Insurge_A.txt,Ils m' ont encadré de leurs quatre silhouettes noires et nous sommes partis avec de les allures d' ombres chinoises .,il lui avoir PPAS de DETPOSS NUM NC ADJ et nous être PPAS avec de le NCMAN de NCmod ADJ .
1884,1886_Valles_L'Insurge_A.txt,On entend nos pas dans le silence de la nuit ; les noctambules s' approchent et regardent .,on VCOG DETPOSS pas dans le NC de le NCT ; le NCs se PRES et NC .
1885,1886_Valles_L'Insurge_A.txt,Station à le commissariat .,NC à le NCmod .
1886,1886_Valles_L'Insurge_A.txt,"– Interrogatoire , fouille , mise à le violon !","– NP , NC , mettre à le NC !"
1887,1886_Valles_L'Insurge_A.txt,"Une estafette apporte , à galop de cheval , une dépêche qui me concerne .","un NC PPAS , à NCmod de NCmod , un NC qui me VSENT ."
1888,1886_Valles_L'Insurge_A.txt,Transfert à le Dépôt .,PPAS à le NC .
1889,1886_Valles_L'Insurge_A.txt,"Je viens de m' abattre sur une planche de lit de camp , entre un mendiant à moignons qui renouvelle ses ulcères avec de les herbes , et un garçon à mine distinguée , mais éperdue , qui me voyant à peu près bien mis , se blottit contre moi et me dit tout bas , les dents serrées , la respiration haletante : «Je suis sculpteur … Je n' ai pas mouillé ma terre … Je n' ai pas donné à manger à mon chat … J' allais lui acheter de le mou … on m' a pris avec les républicains …» Le souffle lui manque .","je venir de lui INF sur un NC de NCmod de NCmod , entre un NC à NCCOR qui PRES DETPOSS NCo avec de le NC , et un NC à NCmod ADJ , mais PPAS , qui me VCOG à peu ADVLIEU bien mettre , se VPS contre soi et me VDIC tout ADJ , le NCCOR PPAS , le NCo ADJ : «il être NC … je ne avoir pas PPAS DETPOSS NCo … je ne avoir pas PPAS à INF à DETPOSS NC … je aller lui INF de le NC … on le avoir PPAS avec le NC …» le NCs lui PRES ."
1890,1886_Valles_L'Insurge_A.txt,« Et vous ?,""" et vous ?"
1891,1886_Valles_L'Insurge_A.txt,achève -t -il péniblement .,VASP t il ADV .
1892,1886_Valles_L'Insurge_A.txt,"– Je n' allais pas acheter de le mou … Je n' ai pas de chat , j' ai de les opinions .» «Vous vous appelez ?","– je ne aller pas INF de le NC … je ne avoir pas un NCo , je avoir de le NC .» «le vous PRES ?"
1893,1886_Valles_L'Insurge_A.txt,– Vingtras .,– NP .
1894,1886_Valles_L'Insurge_A.txt,"– Ah! mon Dieu !» Il s' écarte , se roule dans son paletot , y rentre sa tête comme une autruche .","– Ah! son NP !» il se PRES , se PRES dans DETPOSS NC , y PRES DETPOSS NCCOR comme un NC ."
1895,1886_Valles_L'Insurge_A.txt,"Il la ressort pourtant , à le bout d' un moment , et , avec un trémolo dans la gorge , m' embrassant presque l' oreille : « Quand les gardiens viendront , vous ferez semblant de ne pas me connaître , n' est -ce pas ?","il le PRES pourtant , à le NC de un NCmod , et , avec un NC dans le NCCOR , le PPRES presque le NCCOR : "" quand le NCs venir , vous faire sembler de ne pas me INF , ne être ce pas ?"
1896,1886_Valles_L'Insurge_A.txt,"– Non , non; bonne nuit !","– non , non; ADJ NCT !"
1897,1886_Valles_L'Insurge_A.txt,Eh !,INTJ !
1898,1886_Valles_L'Insurge_A.txt,"l' estropié , rentrez donc vos ailerons !» C' est le lever : l' artiste fait peine à voir .","le NCs , IMP donc DETPOSS NCo !» ce être le NC : le NCs faire NCSENT à VCOG ."
1899,1886_Valles_L'Insurge_A.txt,On l' interroge le premier .,on le VDIC le ADJ .
1900,1886_Valles_L'Insurge_A.txt,«Je n' ai rien fait … J' allais acheter de le mou pour mon chat … Je suis sculpteur … Je n' ai pas mouillé ma terre … On va me mettre en liberté ?,«il ne avoir rien faire … je aller INF de le NC pour DETPOSS NC … je être NC … je ne avoir pas PPAS DETPOSS NCo … on aller me mettre en NC ?
1901,1886_Valles_L'Insurge_A.txt,… Je suis pour l' ordre .,… je être pour le NC .
1902,1886_Valles_L'Insurge_A.txt,"– Pour ou contre , on s' en fiche !","– pour ou NC , on se en PRES !"
1903,1886_Valles_L'Insurge_A.txt,"Enlevez -le!» Moi , je suis un cheval de retour .","IMP -le!» soi , je être un NCo de NCmod ."
1904,1886_Valles_L'Insurge_A.txt,"Le porte-clefs le devine , et nous causons , en allant vers la cellule .","le NCs le PRES , et nous PRES , en aller vers le NC ."
1905,1886_Valles_L'Insurge_A.txt,« Vous êtes déjà venu ?,""" vous être déjà venir ?"
1906,1886_Valles_L'Insurge_A.txt,… oh !,… INTJ !
1907,1886_Valles_L'Insurge_A.txt,j' ai compris ça tout de suite !,je avoir VCOG ça tout de NC !
1908,1886_Valles_L'Insurge_A.txt,Avec Blanqui ?,avec NP ?
1909,1886_Valles_L'Insurge_A.txt,Delescluz ?,NP ?
1910,1886_Valles_L'Insurge_A.txt,Mégy ?,NP ?
1911,1886_Valles_L'Insurge_A.txt,… j' ai connu tous ces messieurs … En usez-vous ?,… je avoir PPAS tout ce NCo … en usez-vous ?
1912,1886_Valles_L'Insurge_A.txt,» Et il me tend sa tabatière .,""" et il me PRES DETPOSS NCo ."
1913,1886_Valles_L'Insurge_A.txt,"On m' a laissé sortir pour respirer – entre quatre murs toujours , mais à ciel ouvert .","on le avoir laisser INF pour INF – entre NUM NC ADVTEMPS , mais à NC ADJ ."
1914,1886_Valles_L'Insurge_A.txt,"Le tumulte de le moment retient les geôliers ailleurs , les prisonniers sont abandonnés à mi-chemin de le promenoir .","le NCs de le NCmod PRES le NCo ADVLIEU , le NCspas être PPAS à NC de le NCmod ."
1915,1886_Valles_L'Insurge_A.txt,"Un homme s' approche de moi et me touche l' épaule … point un homme , un spectre !","un NCs se PRES de soi et me PRES le NCCOR … NCmod un NC , un NC !"
1916,1886_Valles_L'Insurge_A.txt,un revenant !,un PPRES !
1917,1886_Valles_L'Insurge_A.txt,« Vous ne me reconnaissez pas ?,""" vous ne me VCOG pas ?"
1918,1886_Valles_L'Insurge_A.txt,"» Il me semble bien avoir vu cette redingote flétrie , qui a pris de les airs de sac vide .",""" il me sembler bien avoir VCOG ce NCo NCo , qui avoir PPAS de le NCMAN de NCmod ADJ ."
1919,1886_Valles_L'Insurge_A.txt,« Je suis sculpteur .,""" je être NC ."
1920,1886_Valles_L'Insurge_A.txt,"– Oui , bien … la terre … le chat… le mou … – Que croyez -vous qu' ils vont faire de nous ?","– oui , bien … le NC … le NP le NC … – que PRES vous que il aller faire de nous ?"
1921,1886_Valles_L'Insurge_A.txt,– Ils vont nous fusiller .,– il aller nous INF .
1922,1886_Valles_L'Insurge_A.txt,– Nous fusiller !,– nous INF !
1923,1886_Valles_L'Insurge_A.txt,… J' avais pourtant quelque chose là !,… je avoir pourtant quelque chose ADVLIEU !
1924,1886_Valles_L'Insurge_A.txt,– Où ça ?,– où ça ?
1925,1886_Valles_L'Insurge_A.txt,– Je ne vous ai donc pas dit mon nom ?,– je ne vous avoir donc pas VDIC DETPOSS NCo ?
1926,1886_Valles_L'Insurge_A.txt,–? … – Je m' appelle Francia .» Francia !,–? … – je lui PRES NP .» NP !
1927,1886_Valles_L'Insurge_A.txt,Ah bien !,INTJ bien !
1928,1886_Valles_L'Insurge_A.txt,"elle est forte , celle-là !","il être fort , celle-là !"
1929,1886_Valles_L'Insurge_A.txt,C' est lui qu' on a chargé de faire la statue de la République guerrière – flamberge à le vent !,ce être lui que on avoir PPAS de faire le NCs de le NCmod ADJ – PRES à le NC !
1930,1886_Valles_L'Insurge_A.txt,"J' attends toujours qu' on m' interroge ; j' attends , plein d' angoisse !","je PRES ADVTEMPS que on lui VDIC ; je PRES , ADJ de NCSENT !"
1931,1886_Valles_L'Insurge_A.txt,"Un gardien m' a fait de les confidences , et j' apprends que devant la Chambre il y a eu une manifestation orageuse , l' autre jour .","un NCs me avoir faire de le NC , et je VCOG que ADVLIEU le NC il y avoir avoir un NC ADJ , le autre NCT ."
1932,1886_Valles_L'Insurge_A.txt,"Cet après-midi , prétend -il , il y en aura une autre , Rochefort en tête ; on doit aller le prendre à Pélagie .","ce NCT , PRES il , il y en avoir un autre , NC en NCCOR ; on devoir aller le INF à NP ."
1933,1886_Valles_L'Insurge_A.txt,À l' instruction .,à le NC .
1934,1886_Valles_L'Insurge_A.txt,"« Monsieur , vous êtes accusé d' excitation à la guerre civile .» Je veux m' expliquer .",""" monsieur , vous être VDIC de NCSENT à le NCmod ADJ .» je vouloir lui VDIC ."
1935,1886_Valles_L'Insurge_A.txt,Le magistrat m' arrête d' un regard et d' un geste .,le NCs se PRES de un NCMAN et de un NC .
1936,1886_Valles_L'Insurge_A.txt,"«Depuis que vous êtes ici , monsieur , de grand malheurs ont frappé la France , elle a besoin de tous ses enfants .","ADV que vous être ADVLIEU , monsieur , de ADJ NCs avoir frapper le NP , il avoir NC de tout DETPOSS NCmod ."
1937,1886_Valles_L'Insurge_A.txt,"L' officier même qui a ordonné votre arrestation m' a demandé que les portes de la prison vous fussent ouvertes : vous êtes libre .» Il avait dit cela simplement , et sa voix avait tremblé en parlant de les « grands malheurs » .","le NCs même qui avoir PPAS DETPOSS NCo lui avoir PPAS que le NCs de le NCmod vous PRES ADJ : vous être ADJ .» il avoir VDIC cela ADVMAN , et DETPOSS NCMAN avoir PPAS en PPRES de le "" NC NC "" ."
1938,1886_Valles_L'Insurge_A.txt,Je suis sorti de le Dépôt plus triste que je n' y étais entré .,je être PPAS de le NC plus ADJ que je ne y être PPAS .
1939,1886_Valles_L'Insurge_A.txt,J' ai couru vers les affiches .,je avoir PPAS vers le NC .
1940,1886_Valles_L'Insurge_A.txt,"Ces grands placards blancs , étalés sur les murs , m' ont fait peur , comme le visage pâle de la patrie .","ce ADJ NCs ADJCOL , PPAS sur le NC , le avoir faire NCSENT , comme le NCCOR ADJ de le NCmod ."
1941,1886_Valles_L'Insurge_A.txt,Qu' est -ce donc ?,que être ce donc ?
1942,1886_Valles_L'Insurge_A.txt,"… Tu avais été à le fond , avoue -le , plus malheureux que content quand on t' avait appris que l' Empereur avait un triomphe à son actif .","… je avoir être à le NC , PRES le , plus ADJ que ADJ quand on lui avoir VCOG que le NP avoir un NCo à DETPOSS NCmod ."
1943,1886_Valles_L'Insurge_A.txt,"Tu avais souffert quand tu croyais la victoire vraie , – presque autant que Naquet , le bossu , qui en pleurait de rage !","je avoir VSENT quand je VIMP le NCo vrai , – presque autant que NP , le NC , qui en VIMP de NCSENT !"
1944,1886_Valles_L'Insurge_A.txt,Et voilà qu' un nuage glisse sur tes paupières et qu' il y vient de les larmes !,et voilà que un NC ADJ sur DETPOSS NCCOR et que il y venir de le NC !
1945,1886_Valles_L'Insurge_A.txt,"Je suis resté deux jours les yeux et le cœur dans les nouvelles de là-bas , écoutant l' écho de le canon lointain et les bruits de la rue .","je être PPAS NUM NCT le NCCOR et le NC dans le NC de ADVLIEU , VCOG le NC de le NCmod ADJ et le NC de le NCmod ."
1946,1886_Valles_L'Insurge_A.txt,Rien ne bouge !,rien ne VSUBP !
1947,1886_Valles_L'Insurge_A.txt,17 Dix heures de le matin .,NUM NUM NCT de le NCT .
1948,1886_Valles_L'Insurge_A.txt,On frappe .,on frapper .
1949,1886_Valles_L'Insurge_A.txt,"« Entrez .» Devant moi , un grand gaillard , à figure toute blême enfouie dans une grosse barbe noire , de les lunettes d' étudiant allemand , un chapeau de bandit calabrais .",""" NP .» ADVLIEU soi , un ADJ NC , à NCCOR tout ADJ PPAS dans un ADJ NCCOR ADJ , de le NCmod de NCmod ADJ , un NC de NCmod NCmod ."
1950,1886_Valles_L'Insurge_A.txt,"« Vous ne me reconnaissez pas ?» – Ma foi , non !",""" vous ne me IMP pas ?» – DETPOSS NC , non !"
1951,1886_Valles_L'Insurge_A.txt,– Brideau !,– NP !
1952,1886_Valles_L'Insurge_A.txt,"… un de vos élèves de Caen.» Eh! oui , je me rappelle !","… un de DETPOSS NCmod de NP NP oui , je me PRES !"
1953,1886_Valles_L'Insurge_A.txt,j' avais un garçon qui s' appelait ainsi dans la division à qui je conseillais de ne rien faire lors de mon avènement provisoire à la chaire de rhétorique .,je avoir un NCo qui se VIMP ainsi dans le NC à qui je VIMP de ne rien faire lors de DETPOSS NC ADJ à le NCmod de NC .
1954,1886_Valles_L'Insurge_A.txt,"« Eh bien , qu' êtes vous devenu ?",""" INTJ bien , que être vous devenir ?"
1955,1886_Valles_L'Insurge_A.txt,– J' ai crevé la faim !,– je avoir PPAS le NCo !
1956,1886_Valles_L'Insurge_A.txt,"… Une fois mon bachot en poche , j' ai voulu faire mon droit .","… un fois DETPOSS NC en NCmod , je avoir vouloir faire DETPOSS NCo ."
1957,1886_Valles_L'Insurge_A.txt,Mon père a pu me payer trois inscriptions : pas davantage !,DETPOSS NCs avoir pouvoir me INF NUM NCo : pas davantage !
1958,1886_Valles_L'Insurge_A.txt,"C' est un petit notaire de campagne que je croyais à peu près riche et qui m' a avoué en pleurant qu' il était pauvre , bien pauvre … Confiant dans ma réputation de fort en thème , j' ai couru les bahuts … Ah! bien , oui !","ce être un ADJ NC de NCmod que je VIMP à peu ADVLIEU ADJ et qui lui avoir VDIC en PPRES que il être ADJ , bien ADJ … PPRES dans DETPOSS NC de fort en NCmod , je avoir PPAS le NCo … Ah! bien , oui !"
1959,1886_Valles_L'Insurge_A.txt,"Ceux qui ont fait leurs classes à Paris ont encore de les relations , sont protégés par leurs anciens maîtres ; mais le fort en thème de province , qui rêve d' exercer entre Montrouge et Montmartre , celui-là ferait mieux de se flanquer à l' eau , sans hésiter !","celui qui avoir faire DETPOSS NCo à NP avoir encore de le NC , être PPAS par DETPOSS ADJ NC ; mais le fort en NCmod de NCmod , qui PRES de INF entre NP et NP , celui-là faire mieux de se INF à le NC , sans INF !"
1960,1886_Valles_L'Insurge_A.txt,"… J' ai eu plus de courage … Je me suis fait ouvrier , ouvrier graveur .","… je avoir avoir plus de NC … je me être faire NCo , NC ADJ ."
1961,1886_Valles_L'Insurge_A.txt,"Je n' ai jamais été bien habile , mais je suis parvenu , avec mon burin maladroit , à gagner à peu près ma vie … Que de fois j' ai songé à vous , à ce que vous nous disiez de l' éducation universitaire Je croyais que vous plaisantiez , dans ce temps -là !","je ne avoir ADVTEMPS être bien ADJ , mais je être PPAS , avec DETPOSS NC ADJ , à INF à peu ADVLIEU DETPOSS NCo … que de fois je avoir PPAS à vous , à ce que vous nous PRES de le NC ADJ je VIMP que vous VSUBP , dans ce temps ADVLIEU !"
1962,1886_Valles_L'Insurge_A.txt,Oh !,INTJ !
1963,1886_Valles_L'Insurge_A.txt,si je vous avais écouté…Mais ce n' est pas tout ça !,si je vous avoir écouté…mais ce ne être pas tout ça !
1964,1886_Valles_L'Insurge_A.txt,Je ne suis pas venu pour larmoyer mon histoire .,je ne être pas venir pour INF DETPOSS NCo .
1965,1886_Valles_L'Insurge_A.txt,"Depuis trois ans , j' appartiens à une section blanquiste .","depuis NUM NCT , je PRES à un NC ADJ ."
1966,1886_Valles_L'Insurge_A.txt,Les sections vont marcher !» Je lui ai empoigné les mains .,le NCs aller INF !» je lui avoir PPAS le NCCOR .
1967,1886_Valles_L'Insurge_A.txt,"« Les sections vont marcher , dites-vous ?",""" le NCs aller INF , dites-le ?"
1968,1886_Valles_L'Insurge_A.txt,"… Eh bien , ne me le racontez pas ; gardez votre secret !","… INTJ bien , ne me le IMP pas ; IMP DETPOSS NC !"
1969,1886_Valles_L'Insurge_A.txt,Je ne veux pas avoir ma part de responsabilité dans une tentative qui avortera et dont le seul résultat sera d' envoyer de braves gens à Mazas et à les Centrales .,je ne vouloir pas avoir DETPOSS NCo de NCmod dans un NC qui VF et dont le ADJ NCs être de INF un ADJ NCo à NP et à le NP .
1970,1886_Valles_L'Insurge_A.txt,– C' est une mission que je remplis .,– ce être un NC que je PRES .
1971,1886_Valles_L'Insurge_A.txt,"Hier , on a parlé de ceux qui sont hommes à dresser l' oreille , si un coup de pistolet part dans un coin .","ADV , on avoir PPAS de celui qui être NC à INF le NCCOR , si un NCmod de pistolet NCmod dans un NCmod ."
1972,1886_Valles_L'Insurge_A.txt,"Votre nom est venu l' un de les premiers sur les lèvres de Blanqui ; il vous connaît par les camarades , et a décidé qu' on vous avertirait … Maintenant , vous ferez ce qu' il vous plaira .","DETPOSS NCs être venir le un de le NCmod sur le NCCOR de NP ; il vous PRES par le NC , et avoir PPAS que on vous NC … ADVT , vous faire ce que il vous VF ."
1973,1886_Valles_L'Insurge_A.txt,"Je sais qu' on ne vous entraîne point où vous ne voulez pas aller , mais cet après-midi , à deux heures , soyez devant la caserne de La Villette , et vous verrez commencer l' insurrection .» 1 heure 1 / 2 .","je VCOG que on ne vous PRES NC où vous ne vouloir pas aller , mais ce NCT , à NUM NCT , être ADVLIEU le NC de le NP , et vous VF VASP le NCo .» NUM NCT NUM / NUM ."
1974,1886_Valles_L'Insurge_A.txt,J' y suis .,je y être .
1975,1886_Valles_L'Insurge_A.txt,"Ils y sont aussi , ventrebleu !","il y être aussi , ADJ !"
1976,1886_Valles_L'Insurge_A.txt,"Quatre pelés : Brideau , Eudes , qui me fait un signe de tête , à lequel je réponds par un clignement d' yeux , un garçon brun en casquette , le lorgnon sur le nez , et un vieux à tête longue et douce , un peu voûté – plus un tondu .","NUM NC : NP , NP , qui me faire un NCo de NCCOR , à lequel je VDIC par un NC de NCCOR , un NC ADJCOL en NCmod , le NCo sur le NCCOR , et un ADJ à NCCOR ADJ et ADJ , un peu PPAS – plus un NC ."
1977,1886_Valles_L'Insurge_A.txt,"Blanqui est là-bas , près de le bateleur .","Blanqui être ADVLIEU , ADVLIEU de le NC ."
1978,1886_Valles_L'Insurge_A.txt,"Rapataplan , plan , plan !","NP , NC , NC !"
1979,1886_Valles_L'Insurge_A.txt,"… « Mesdames et messieurs , je vends de le poil à gratter !","… "" NP et NC , je PRES de le NCCOR à INF !"
1980,1886_Valles_L'Insurge_A.txt,"… Vous êtes chez la femme d' un ministre , vous mouchez la chandelle .","… vous être chez le NC de un NC , vous PRES le NCo ."
1981,1886_Valles_L'Insurge_A.txt,"Alors vous jetez ma poudre …» Et le paillasse de dévider son boniment en allant , de temps à autre , à son tambour tanné pour en tirer un rra ou un fla , dans un jonglé de baguettes .","alors vous PRES DETPOSS NCo …» et le NC de INF DETPOSS NCo en aller , de temps à autre , à DETPOSS NC VSENT pour en INF un VCOG ou un NC , dans un NCmod de NCmod ."
1982,1886_Valles_L'Insurge_A.txt,"Est -ce sur cette caisse de foire qu' on va battre la charge , dis-moi , Brideau ?","être ce sur ce NC de NCmod que on aller INF le NCs , NC , NP ?"
1983,1886_Valles_L'Insurge_A.txt,« Ah !,""" INTJ !"
1984,1886_Valles_L'Insurge_A.txt,"il y a assez longtemps que nous avons un compte à régler , citoyen Vingtras !","il y avoir ADV longtemps que nous avoir un NC à INF , ADJ NP !"
1985,1886_Valles_L'Insurge_A.txt,Je vous tiens … et ne vous lâche plus .» Le hasard m' a jeté dans les jambes un mécanicien de le quartier avec lequel nous nous sommes pris à les cheveux quelquefois .,je vous PRES … et ne vous PRES plus .» le NCs se avoir PPAS dans le NCCOR un NC de le NCmod avec lequel nous nous être PPAS à le NCCOR ADVTEMPS .
1986,1886_Valles_L'Insurge_A.txt,Il est communiste ; je ne le suis pas .,il être ADJ ; je ne le être pas .
1987,1886_Valles_L'Insurge_A.txt,Oh !,INTJ !
1988,1886_Valles_L'Insurge_A.txt,"non , il ne me lâche plus !","non , il ne me PRES plus !"
1989,1886_Valles_L'Insurge_A.txt,Et il me force à lui faire un bout de conduite .,et il me PRES à lui faire un NCo de NCmod .
1990,1886_Valles_L'Insurge_A.txt,Il m' entreprend ; je lui réponds .,il lui PRES ; je lui VDIC .
1991,1886_Valles_L'Insurge_A.txt,Mais j' ai l' esprit ailleurs .,mais je avoir le NCo ADVLIEU .
1992,1886_Valles_L'Insurge_A.txt,"Malgré moi , j' écoute si dans la brise chaude qui court sur nos têtes , ne résonne pas l' écho de les fusillades , et à le moment où l' autre me demande carrément quelles sont mes objections contre la propriété collective je songe à Brideau , à Eudes et à Blanqui .","malgré soi , je VCOG si dans le NC ADJ qui PRES sur DETPOSS NCCOR , ne PRES pas le NCo de le NCmod , et à le NC où le autre me PRES ADV quel être DETPOSS NCo contre le NCmod NC je PRES à NP , à NP et à NP ."
1993,1886_Valles_L'Insurge_A.txt,"Pourquoi donc s' est -il tu , le tambour de le pitre ?","pourquoi donc se être il je , le NC de le NCmod ?"
1994,1886_Valles_L'Insurge_A.txt,"« Vous êtes collé , avouez -le donc !",""" vous être PPAS , VDIC le donc !"
1995,1886_Valles_L'Insurge_A.txt,"fait le mécanicien , en choquant gaiement son verre contre le mien .","faire le NCo , en VSENT ADV DETPOSS NCo contre le NC ."
1996,1886_Valles_L'Insurge_A.txt,Ah !,INTJ !
1997,1886_Valles_L'Insurge_A.txt,Si nous tenions jamais le pouvoir !» Le pouvoir ?,si nous VIMP ADVTEMPS le pouvoir !» le pouvoir ?
1998,1886_Valles_L'Insurge_A.txt,"Ils sont six là-bas , près de le saltimbanque , qui sont en train de s' en emparer .","il être NUM ADVLIEU , ADVLIEU de le NC , qui être en NC de se en INF ."
1999,1886_Valles_L'Insurge_A.txt,Mais je ne préviens point le camarade ; je ne me reconnais pas ce droit -là .,mais je ne PRES ADV le NCo ; je ne me VCOG pas ce NCo ADVLIEU .
2000,1886_Valles_L'Insurge_A.txt,Je me contente de lui demander s' il pense qu' un mouvement commandé par de les hommes d' attaque entraînerait le peuple contre l' Empire .,je me PRES de lui INF si il VCOG que un NC PPAS par de le NC de NC VCOND le NCs contre le NCmod .
2001,1886_Valles_L'Insurge_A.txt,Il prend une allumette et la frotte lentement contre sa culotte .,il PRES un NCo et le NC ADV contre DETPOSS NC .
2002,1886_Valles_L'Insurge_A.txt,"«Il n' y aurait qu' à faire ça , tenez , et tout flamberait .","NP ne y avoir que à faire ça , tenir , et tout VCOND ."
2003,1886_Valles_L'Insurge_A.txt,Rien que ça !,rien que ça !
2004,1886_Valles_L'Insurge_A.txt,"– Vous croyez , l' ami? » Et pourtant , s' il y avait eu quelque chose , nous le saurions ici… mais , rien !","– vous PRES , le ami? "" et pourtant , si il y avoir avoir quelque chose , nous le VIMP NP mais , rien !"
2005,1886_Valles_L'Insurge_A.txt,"Ils ont dû être enlevés dans la foule , sans avoir le temps de dire ouf , à le moment où le bateleur escamotait la muscade , et les mouchards sont en train de dévisager les suspects .","il avoir devoir être PPAS dans le NC , sans avoir le temps de VDIC NCo , à le NC où le NCs VIMP le NCo , et le NCs être en NC de INF le NCo ."
2006,1886_Valles_L'Insurge_A.txt,4 heures .,NUM NCT .
2007,1886_Valles_L'Insurge_A.txt,"Pas un bruit , pas une rumeur !","pas un NC , pas un NC !"
2008,1886_Valles_L'Insurge_A.txt,"Les ouvriers , qui ont mis leurs frusques neuves , promènent la bourgeoise , qui s' est attifée aussi , et les grandes sœurs traînent leurs petits frères devant les boutiques d' images ou de sucreries .","le NCs , qui avoir mettre DETPOSS NCo ADJ , PRES le NCo , qui se être PPAS aussi , et le ADJ NCs PRES DETPOSS ADJ NCo ADVLIEU le NCmod de NC ou de NC ."
2009,1886_Valles_L'Insurge_A.txt,"Il y a de les fleurs dans de les mains calleuses , et l' envie de le repos sur tous les fronts de ces gens de labeur .","il y avoir de le NC dans de le NCCOR ADJ , et le NC de le NCmod sur tout le NCCOR de ce NCmod de NCmod ."
2010,1886_Valles_L'Insurge_A.txt,Mauvaise date que le dimanche pour les insurrections !,NP PRES que le ADVT pour le NC !
2011,1886_Valles_L'Insurge_A.txt,"On ne veut pas salir ses beaux habits , on a mis quelques sous de côté pour une fête à le cabaret , on n' a que cet après-midi-là pour rester avec les siens , pour aller voir le vieux père et les amis .","on ne vouloir pas INF DETPOSS NCo NC , on avoir mettre quelque NCo de NCmod pour un NC à le NCmod , on ne avoir que ce ADV pour INF avec le NC , pour aller VCOG le ADJ NCo et le NC ."
2012,1886_Valles_L'Insurge_A.txt,"Il ne faut pas appeler à les armes les jours où les pauvres font de la toilette , alors qu' ils ont , durant la semaine et de le fond de les logis sombres , rêvé une partie dans une guinguette cravatée de verdure .","il ne PRES pas INF à le NC le NCT où le NCs faire de le NC , alors que il avoir , durant le NC et de le NC de le NCmod ADJ , PPAS un NCo dans un NC PPAS de NCmod ."
2013,1886_Valles_L'Insurge_A.txt,"C' est Gustave Mathieu , le poète , et Regnard , le chevelu , qui , m' abordant à une table de Bouillon Duval où je viens de m' asseoir , m' apprennent qu' une trentaine d' individus se sont jetés sur la caserne de les pompiers de La Villette , et ont fait feu sur les sergents de ville .","ce être NP NP , le NC , et NP , le chevelu , qui , se PPRES à un NC de NP NP où je venir de lui INF , le VCOG que un NCs de NCmod se être PPAS sur le NC de le NCmod de le NP , et avoir faire NCo sur le NC de NC ."
2014,1886_Valles_L'Insurge_A.txt,Ils ont bien dû en descendre un ou deux .,il avoir bien devoir en INF un ou NUM .
2015,1886_Valles_L'Insurge_A.txt,« Les criminels !,""" le NC !"
2016,1886_Valles_L'Insurge_A.txt,dit Mathieu .,VDIC NP .
2017,1886_Valles_L'Insurge_A.txt,"– Les imbéciles !» dit Regnard , qui est blanquiste et qui devait en être .","– le NC !» VDIC NP , qui être ADJ et qui devoir en être ."
2018,1886_Valles_L'Insurge_A.txt,Imbéciles !,NP !
2019,1886_Valles_L'Insurge_A.txt,Criminels !,NP !
2020,1886_Valles_L'Insurge_A.txt,ces honnêtes et ces braves !,ce NC et ce NC !
2021,1886_Valles_L'Insurge_A.txt,… Faudra voir à discuter ça un de ces matins .,… falloir VCOG à INF ça un de ce NCT .
2022,1886_Valles_L'Insurge_A.txt,Une imprudence a fait arrêter Eudes et Brideau .,un NC avoir faire INF NP et NP .
2023,1886_Valles_L'Insurge_A.txt,Conseil de guerre .,NC de NCmod .
2024,1886_Valles_L'Insurge_A.txt,Verdict: la mort .,Verdict: le NC .
2025,1886_Valles_L'Insurge_A.txt,Comment les tirer de là ?,comment le INF de ADVLIEU ?
2026,1886_Valles_L'Insurge_A.txt,Peut-être une lettre écrite par un homme populaire et glorieux pèserait -elle sur l' opinion publique ?,peut-être un NCs PPAS par un NC ADJ et ADJ VCOND il sur le NC ADJ ?
2027,1886_Valles_L'Insurge_A.txt,Et l' on cherche quel est celui qui doit rédiger et signer cette lettre suprême .,et l' on PRES quel être celui qui devoir INF et INF ce NCo ADJ .
2028,1886_Valles_L'Insurge_A.txt,Elle est difficile à faire .,il être ADJ à faire .
2029,1886_Valles_L'Insurge_A.txt,"Les condamnés ont proclamé qu' ils repousseraient tout recours en grâce présenté à l' Empire , et nous ne tenons pas , non plus , à commettre une faiblesse en leur nom – même pour les sauver .","le NCs avoir PPAS que il VCOND tout NCo en NC PPAS à le NC , et nous ne PRES pas , non plus , à INF un NCo en lui NCmod – même pour le INF ."
2030,1886_Valles_L'Insurge_A.txt,Les convaincus sont terribles .,le NCs être ADJ .
2031,1886_Valles_L'Insurge_A.txt,"Mais l' on pense que si un grand , tel que Michelet , parle , sa voix sera entendue … et peut-être écoutée .","mais l' on VCOG que si un ADJ , tel que NP , PRES , DETPOSS NCMAN être VCOG … et peut-être VCOG ."
2032,1886_Valles_L'Insurge_A.txt,"On s' est rendus chez lui : Rogeard , Humbert , Regnard , moi et quelques autres .","on se être PPAS chez lui : NP , NP , NP , soi et quelque autre ."
2033,1886_Valles_L'Insurge_A.txt,"Il s' est bien montré à nous tel qu' il est: solennel et féminin , éloquent et bizarre .","il se être bien PPAS à nous tel que il est: ADJ et ADJ , ADJ et ADJ ."
2034,1886_Valles_L'Insurge_A.txt,"Il a accueilli d' emblée la proposition , et il ne s' est plus agi que de savoir à qui serait envoyée cette missive , qui ne doit point ressembler à une supplique , et qui a pour but , cependant , de tuer l' arrêt de mort .","il avoir PPAS de NC le NCo , et il ne se être plus PPAS que de VCOG à qui être PPAS ce NCo , qui ne devoir ADV INF à un NC , et qui avoir pour NC , cependant , de INF le NCo de NCmod ."
2035,1886_Valles_L'Insurge_A.txt,« À les chefs de la Défense! ai-je proposé .,""" à le NC de le NP ai-il VDIC ."
2036,1886_Valles_L'Insurge_A.txt,"– Bien , très bien !» Mais , en même temps , il se lève , passe dans la pièce voisine et nous laisse seuls un moment .","– bien , très bien !» mais , en même temps , il se PRES , PRES dans le NC ADJ et nous laisser ADJ un NC ."
2037,1886_Valles_L'Insurge_A.txt,"Puis il revient , et reprend place à la table autour de laquelle nous nous tenons , silencieux et émus .","puis il PRES , et PRES NCo à le NC ADV de lequel nous nous PRES , ADJ et ADJ ."
2038,1886_Valles_L'Insurge_A.txt,"« Monsieur , fait -il en se tournant vers moi et de le ton d' un homme qui rapporte un oracle , MmeMichelet est de votre avis .",""" monsieur , faire il en se PPRES vers soi et de le NC de un NCmod qui PRES un NCo , NP être de DETPOSS NC ."
2039,1886_Valles_L'Insurge_A.txt,» Et l' on passe à la rédaction .,""" et l' on PRES à le NC ."
2040,1886_Valles_L'Insurge_A.txt,"Il n' aime pas Blanqui , et à la première ligne qu' il brouillonne , rejette sur lui la responsabilité de l' attaque et de la condamnation .","il ne VSENT pas NP , et à le ADJ NC que il PRES , PRES sur lui le NC de le NCmod et de le NC ."
2041,1886_Valles_L'Insurge_A.txt,"« Nos camarades , déclare l' un de nous , ne consentiraient pas à renier leur chef , fût -ce pour échapper à la mort .» Il pince les lèvres fait : « Hum !» et de nouveau disparaît ; mais il ne reste pas longtemps , et quand il rentre , c' est pour dire encore : «Vous avez les femmes pour vous , messieurs , décidément ; MmeMichelet comprend votre sculpture et l' approuve .",""" DETPOSS NCs , PRES le un de nous , ne VIMP pas à INF lui NCo , être ce pour INF à le NC .» il PRES le NCCOR faire : "" NP !» et de ADJ PRES ; mais il ne PRES pas longtemps , et quand il VSUBP , ce être pour VDIC encore : «le avoir le NCo pour vous , NC , ADV ; NP VCOG DETPOSS NC et le VDIC ."
2042,1886_Valles_L'Insurge_A.txt,"Biffons la phrase .» Enfin , quand tout est terminé , il veut consulter encore une fois son Égérie , et nous en sourions , mais avec une larme d' émotion à les yeux .","IMP le NCo .» PHASE , quand tout être VASP , il vouloir INF encore un fois son NP , et nous en NC , mais avec un NC de NCSENT à le NCCOR ."
2043,1886_Valles_L'Insurge_A.txt,Il a interrogé le cœur de celle qui est la compagne de sa vie et le compagnon de ses idées .,il avoir VDIC le NCo de celui qui être le NC de DETPOSS NCmod et le NC de DETPOSS NC .
2044,1886_Valles_L'Insurge_A.txt,"Ce cœur a parlé , comme parle le nôtre , pour le salut et l' honneur de nos amis .","ce NCs avoir PPAS , comme PRES le nôtre , pour le NC et le NCSENT de DETPOSS NCmod ."
2045,1886_Valles_L'Insurge_A.txt,Michelet se promène de long en large .,NP se PRES de NC en NC .
2046,1886_Valles_L'Insurge_A.txt,"« Ils n' oseront pas les tuer , je ne crois pas , il fait si beau !",""" il ne VF pas le INF , je ne VCOG pas , il faire si ADJ !"
2047,1886_Valles_L'Insurge_A.txt,"… Par ce soleil , de le sang éclabousserait le gazon d' une tache trop laide … le bourgeois ne mange pas sur l' herbe là où cela sent le cadavre .","… par ce NC , de le NCCOR VCOND le NCo de un NCmod trop ADJ … le NCs ne PRES pas sur le NC ADVLIEU où cela sentir le NCo ."
2048,1886_Valles_L'Insurge_A.txt,"Il sera de notre avis , vous verrez .","il être de DETPOSS NC , vous VF ."
2049,1886_Valles_L'Insurge_A.txt,"Je les défie , en tout cas , de fusiller un dimanche !» L' appel se termine par ces mots , ou d' autres de le même sens : Dieu qui regarde les nations .","je le PRES , en tout NC , de INF un ADVT !» le NCs se VASP par ce NC , ou de autre de le même NCmod : NP qui VCOG le NCo ."
2050,1886_Valles_L'Insurge_A.txt,Dieu !,NP !
2051,1886_Valles_L'Insurge_A.txt,… cela ne va pas à notre quarteron d' athées : il y a une moue et un silence .,… cela ne aller pas à DETPOSS NC de NCmod : il y avoir un NCo et un NC .
2052,1886_Valles_L'Insurge_A.txt,"Michelet regarde les physionomies et , haussant les épaules , il dit : « Sans doute !","NP VCOG le NCo et , PPRES le NCCOR , il VDIC : "" sans NCSENT !"
2053,1886_Valles_L'Insurge_A.txt,"… Mais ça fait bien .» Nous sommes allés porter la lettre dans les journaux , on s' est même disputé cet honneur !","… mais ça faire bien .» nous être aller INF le NCo dans le NC , on se être même PPAS ce NCSENT !"
2054,1886_Valles_L'Insurge_A.txt,Ah! sacrebleu !,NP ADJ !
2055,1886_Valles_L'Insurge_A.txt,"que j' ai donc bien fait de n' être d' aucune coterie , d' aucune Église , d' aucun clan , et d' aucun complot !","que je avoir donc bien faire de ne être de aucun NC , de aucun NC , de aucun NC , et de aucun NC !"
2056,1886_Valles_L'Insurge_A.txt,"Il paraît qu' il y a deux courants de blanquisme , et chaque secte , de son côté , refuse à l' autre le droit de sauver la tête de les condamnés .","il paraître que il y avoir NUM NCo de NCmod , et chaque NCs , de DETPOSS NCmod , PRES à le autre le NC de INF le NCCOR de le NCmod ."
2057,1886_Valles_L'Insurge_A.txt,"Ils y passeraient , si on laissait faire tel groupe qui ne veut se mêler de désarmer le peloton d' exécution que s' il est seul à avoir la gloire de mettre la sentence en joue .","il y VIMP , si on laisser faire tel NCo qui ne vouloir se INF de VSENT le NC de NCmod que si il être ADJ à avoir le NCo de mettre le NCo en NCCOR ."
2058,1886_Valles_L'Insurge_A.txt,"Les indépendants de mon acabit ont fini par être acceptés , heureusement , et nous avons fait le tour de la presse .","le NCs de DETPOSS NCmod avoir VASP par être PPAS , heureusement , et nous avoir faire le NCo de le NCmod ."
2059,1886_Valles_L'Insurge_A.txt,"À les Débats , un homme qu' on désigne comme Maxime De le Camp a hoché la face d' un air irrité , en nous écoutant .","à le NC , un NCs que on PRES comme NP de le NCmod avoir PPAS le NCo de un NCMAN VSENT , en nous PPRES ."
2060,1886_Valles_L'Insurge_A.txt,"Il est dur pour les vaincus , celui-là !","il être ADJ pour le NC , celui-là !"
2061,1886_Valles_L'Insurge_A.txt,"Presque partout , on a pris ça pour de la bonne copie et on l' a publié , mais sans une ligne de sympathie ou de pitié .","presque ADV , on avoir PPAS ça pour de le ADJ NC et on le avoir PPAS , mais sans un NC de NCSENT ou de VSENT ."
2062,1886_Valles_L'Insurge_A.txt,"On a couru chez les députés de Paris qu' on a rejoints à grand-peine , et qui ont fait de les promesses vagues ; quelques -uns ajoutant de les mots lâches qu' on a dû arrêter sur leurs lèvres .","on avoir PPAS chez le NC de NP que on avoir PPAS à NC , et qui avoir faire de le NC ADJ ; quelque NCo PPRES de le NC ADJ que on avoir devoir INF sur DETPOSS NCCOR ."
2063,1886_Valles_L'Insurge_A.txt,"Gambetta s' acharne sur les condamnés , et a demandé à la tribune qu' on les frappât comme complices de l' ennemi !","NP se PRES sur le NC , et avoir PPAS à le NC que on le frapper comme NC de le NCmod !"
2064,1886_Valles_L'Insurge_A.txt,Ah! bandit !,NP PRES !
2065,1886_Valles_L'Insurge_A.txt,il sait mieux que personne que ce sont de les gens de cœur qui ont fait le coup !,il VCOG mieux que NC que ce être de le NCmod de NCmod qui avoir faire le NC !
2066,1886_Valles_L'Insurge_A.txt,Mais les gens de cœur l' inquiètent ; c' est une menace pour l' avenir .,mais le NCs de NCmod le VSENT ; ce être un NC pour le NCmod .
2067,1886_Valles_L'Insurge_A.txt,Qui sait s' il n' y aura pas à pêcher une dictature dans le sang trouble de la défaite ?,qui VCOG si il ne y avoir pas à INF un NCo dans le NCCOR NCSENT de le NCmod ?
2068,1886_Valles_L'Insurge_A.txt,Il serait bon d' être débarrassé de ces insoumis par les troupiers de l' Empire .,il être ADJ de être PPAS de ce NC par le NC de le NCmod .
2069,1886_Valles_L'Insurge_A.txt,"Et les collègues de Gambetta hésitent , tant il est leur maître .","et le NC de NP ADJ , tant il être lui NC ."
2070,1886_Valles_L'Insurge_A.txt,"Pourtant , ils ne nous ont pas fermé la porte à le nez , parce que l' horizon devient sombre et qu' ils ne veulent pas , pendant la tourmente qui peut éclater demain , traîner leur refus cousu à leur écharpe , comme la lanterne collée , dans les ténèbres de la nuit , sur la poitrine de le duc d' Enghien , pour qu' on vît clair à le fusiller. 18 3 septembre .","pourtant , il ne nous avoir pas PPAS le NCo à le NCCOR , parce que le NCs devenir ADJ et que il ne vouloir pas , PHASE le NC qui pouvoir INF ADVT , INF lui NCo PPAS à lui NC , comme le NCmod PPAS , dans le NCmod de le NCT , sur le NCmod de le NCmod de NP , pour que on PRES ADJ à le NC NUM NUM MOIS ."
2071,1886_Valles_L'Insurge_A.txt,Nouvelles de Sedan .,NC de NP .
2072,1886_Valles_L'Insurge_A.txt,"On s' est réunis quelques -uns et l' on a monté les escaliers de les journaux d' opposition bourgeoise où déjà ont eu lieu , ces jours -ci , de les conciliabules à lesquels n' assistaient point de les irréguliers comme moi .","on se être PPAS quelque NC et l' on avoir PPAS le NCo de le NCmod de NCmod NC où déjà avoir avoir NCo , ce NCT ci , de le NCmod à lequel ne VIMP NC de le NCmod comme soi ."
2073,1886_Valles_L'Insurge_A.txt,Je ne suis bien qu' avec les révolutionnaires bons garçons .,je ne être bien que avec le NC ADJ NC .
2074,1886_Valles_L'Insurge_A.txt,"Je suis mal avec les pontifiards , dont j' ai blagué les catéchismes , et qui ne me pardonnent pas l' article sur les Cinq .","je être mal avec le ADJ , dont je avoir PPAS le NCo , et qui ne me PRES pas le NCo sur le NP ."
2075,1886_Valles_L'Insurge_A.txt,"Mais , aujourd'hui , les délégations prennent le droit de forcer toutes les portes à écriteaux libérâtres .","mais , ADVT , le NCs PRES le NCo de INF tout le NCo à NC ADJ ."
2076,1886_Valles_L'Insurge_A.txt,"D' ailleurs , les dissidences s' effacent devant la gravité de les événements , et ceux mêmes qu' on a traités de gueulards sont recherchés , à cette heure , par les doctrinaires en quête d' hommes d' action .","de ADVLIEU , le NCs se PRES ADVLIEU le NC de le NCmod , et celui même que on avoir PPAS de NC être PPAS , à ce NCT , par le NC en NCmod de NC de NCmod ."
2077,1886_Valles_L'Insurge_A.txt,"C' est bon , les gueulards , devant les régiments muets et hésitants .","ce être ADJ , le NC , ADVLIEU le NC ADJ et ADJ ."
2078,1886_Valles_L'Insurge_A.txt,Ce sont les indisciplinés qui font plier la discipline .,ce être le NC qui faire INF le NCo .
2079,1886_Valles_L'Insurge_A.txt,"Donc on se servira d' eux , quitte à les acculer , demain , dans le coin de les gens à tenir en joue , lorsqu' ils auront arraché les fusils à les soldats ou leur auront fait lever la crosse en l' air .","donc on se VF de eux , ADJ à le INF , ADVT , dans le NC de le NCmod à INF en NCCOR , lorsque il avoir PPAS le NCo à le NC ou lui avoir faire INF le NC en le NCMAN ."
2080,1886_Valles_L'Insurge_A.txt,Ah! je sais bien ce qui nous attend !,Ah! je VCOG bien ce qui nous PRES !
2081,1886_Valles_L'Insurge_A.txt,"On continue à se raccommoder avec une poignée de main , avec un coup de chapeau , dans le tohu-bohu général , sur la nouvelle d' une manifestation en germe ou d' une protestation en marche .","on PRES à se INF avec un NC de NCCOR , avec un NC de NCmod , dans le PPAS NC , sur le NC de un NCmod en NCmod ou de un NC en NC ."
2082,1886_Valles_L'Insurge_A.txt,Le mot d' ordre est donné .,le NCspas de NCmod être PPAS .
2083,1886_Valles_L'Insurge_A.txt,"«À onze heures , rendez-vous à le café Garin , côté de les femmes – chut !","«À NUM NCT , NC à le NCmod NP , NCmod de le NCmod – NC !"
2084,1886_Valles_L'Insurge_A.txt,c' est pour dépister la police !» On recevra communication d' une proclamation républicaine .,ce être pour INF le NC !» on VF NCo de un NCmod ADJ .
2085,1886_Valles_L'Insurge_A.txt,"À minuit , elle sera imprimée , et chacun en emportera de les exemplaires … pour les coller .","à NC , il être PPAS , et chacun en VF de le NCmod … pour le INF ."
2086,1886_Valles_L'Insurge_A.txt,"Voilà ce que chuchotent les initiés de les feuilles jacobines , et voilà aussi ce qui me fait prendre mes jambes à mon cou .","voilà ce que VDIC le NCs de le NCmod ADJ , et voilà aussi ce qui me faire INF DETPOSS NCCOR à DETPOSS NCCOR ."
2087,1886_Valles_L'Insurge_A.txt,Allez vous faire lanlaire !,aller vous faire NC !
2088,1886_Valles_L'Insurge_A.txt,"Je file , moi , en pleine foule ; je plonge dans le tas .","je ADJ , soi , en ADJ NCmod ; je PRES dans le NC ."
2089,1886_Valles_L'Insurge_A.txt,"Où y a -t -il de le grabuge , la cohue sans nom , le courage sans chef ?","où y avoir t il de le NC , le NC sans NCmod , le NC sans NCmod ?"
2090,1886_Valles_L'Insurge_A.txt,Dix heures de le soir .,NUM NCT de le NCT .
2091,1886_Valles_L'Insurge_A.txt,"De le côté de le Gymnase , une bande a attaqué un poste .","de le NC de le NP , un NCs avoir PPAS un NCo ."
2092,1886_Valles_L'Insurge_A.txt,"Ils n' attendent pas minuit , ceux-là ; ils ne savent pas s' il y aura une circulaire à plaquer à les murs .","il ne PRES pas ADJ , ceux-là ; il ne VCOG pas si il y avoir un NCo à INF à le NC ."
2093,1886_Valles_L'Insurge_A.txt,"Ils sont l' affiche vivante qui va se coller , d' elle-même , en face de le danger , que les agents ont déjà tenté de lacérer avec leurs sabres et qui vient d' être timbrée par les balles .","il être le NC ADJ qui aller se INF , de elle-même , en NC de le NC , que le NCs avoir déjà PPAS de INF avec DETPOSS NC et qui venir de être PPAS par le NC ."
2094,1886_Valles_L'Insurge_A.txt,On a fait feu !,on avoir faire NCo !
2095,1886_Valles_L'Insurge_A.txt,C' est Pilhès qui a été visé ; c' est lui qui a répondu .,ce être NP qui avoir être PPAS ; ce être lui qui avoir VDIC .
2096,1886_Valles_L'Insurge_A.txt,Coup pour coup .,NC pour NCmod .
2097,1886_Valles_L'Insurge_A.txt,On a tué un de les nôtres .,on avoir PPAS un de le nôtre .
2098,1886_Valles_L'Insurge_A.txt,Il a tué un de les leurs .,il avoir PPAS un de le leur .
2099,1886_Valles_L'Insurge_A.txt,C' est bien !,ce être bien !
2100,1886_Valles_L'Insurge_A.txt,"Je cours de ce côté , mais un flot de peuple me submerge et m' emporte dans sa course vers le Palais-Bourbon .","je NC de ce NCmod , mais un NCs de NCmod me PRES et se PRES dans DETPOSS NC vers le NP ."
2101,1886_Valles_L'Insurge_A.txt,Y a -t -il quelque célèbre en tête ?,y avoir t il quelque ADJ en NCCOR ?
2102,1886_Valles_L'Insurge_A.txt,Pas un !,pas un !
2103,1886_Valles_L'Insurge_A.txt,"De le reste , on ne distingue pas grand-chose dans le flux et le reflux ; la poussée de les incidents brise et confond les rangées humaines , comme la marée roule et mêle les cailloux , sur le sable de les plages .","de le NC , on ne VCOG pas NCo dans le NCmod et le NC ; le NC de le NCs NC et PRES le NCo ADJ , comme le NCmod ADJ et ADJ le ADJ , sur le NC de le NCmod ."
2104,1886_Valles_L'Insurge_A.txt,Plusieurs m' ont reconnu .,plusieurs lui avoir VCOG .
2105,1886_Valles_L'Insurge_A.txt,"« Vous n' êtes donc pas à la conférence de les députés , Vingtras ?",""" vous ne être donc pas à le NC de le NCmod , NP ?"
2106,1886_Valles_L'Insurge_A.txt,– Vous voyez bien que non !,– vous VCOG bien que non !
2107,1886_Valles_L'Insurge_A.txt,"Pas besoin de leur avis , ni de leur permission pour crier : « Vive la République , à bas Napoléon !» – Chut; chut! !! ne soyez pas séditieux !","pas NC de lui NCmod , ni de lui NC pour VDIC : "" PRES le NCo , à ADJ NP !» – NP chut! !! ne être pas ADJ !"
2108,1886_Valles_L'Insurge_A.txt,– Pas séditieux !,– pas ADJ !
2109,1886_Valles_L'Insurge_A.txt,… moi qui aime tant ça !,… soi qui VSENT tant ça !
2110,1886_Valles_L'Insurge_A.txt,"– C' est que les représentants doivent nous recevoir sur les marches de le Corps législatif , nous donner la consigne .","– ce être que le NCs devoir nous INF sur le NC de le NCCOR ADJ , nous INF le NCo ."
2111,1886_Valles_L'Insurge_A.txt,"D' ici là , motus !» Toujours de les consignes à attendre – comme le diamant de le nègre – sous le derrière de les états-majors .","de ADVLIEU ADVLIEU , NC !» ADVTEMPS de le NCmod à INF – comme le NC de le NCmod – sous le ADVLIEU de le ADV ."
2112,1886_Valles_L'Insurge_A.txt,"Mais croient -ils donc , ceux qui m' entourent , que parce qu' ils ne diront rien , les troupes ou la police les ménageront ?","mais VCOG il donc , celui qui lui PRES , que parce que il ne VDIC rien , le NCs ou le NC le VF ?"
2113,1886_Valles_L'Insurge_A.txt,"Ils peuvent mettre leur langue dans leur poche , on leur cassera la gueule tout de même , si le pouvoir se sent encore assez solide pour se payer ça .","il pouvoir mettre lui NCCOR dans lui NC , on lui VF le NCo tout de même , si le pouvoir se sentir encore ADV ADJ pour se INF ça ."
2114,1886_Valles_L'Insurge_A.txt,Hurler « Vive la République !,"NP "" NP le NCmod !"
2115,1886_Valles_L'Insurge_A.txt,"» , camarades , mais c' est plutôt sauvegarder sa peau !",""" , NC , mais ce être plutôt INF DETPOSS NCCOR !"
2116,1886_Valles_L'Insurge_A.txt,"Quand une émeute a un cri de ralliement , un drapeau qui a vu le feu , elle est à mi-chemin de le triomphe .","quand un NCs avoir un NC de NCmod , un NC qui avoir VCOG le NCo , il être à NC de le NC ."
2117,1886_Valles_L'Insurge_A.txt,"Chaque fois que les fusils se trouvent en face d' une idée , ils tremblent dans la main de les soldats , qui voient bien que les officiers hésitent avant de lever leur épée pour commander le massacre .","chaque fois que le NCs se PRES en NC de un NC , il PRES dans le NCCOR de le NCmod , qui PRES bien que le NCs PRES PHASE de INF lui NCo pour INF le NCo ."
2118,1886_Valles_L'Insurge_A.txt,"C' est qu' ils sentent , les porte-épaulettes , que l' Histoire a les yeux sur eux .","ce être que il PRES , le NC , que le NCs avoir le NCCOR sur eux ."
2119,1886_Valles_L'Insurge_A.txt,Une heure de le matin .,un NCT de le NCT .
2120,1886_Valles_L'Insurge_A.txt,Je me suis arrêté place de la Concorde dans un groupe qui prêchait l' insurrection tout haut .,je me être PPAS NCo de le NP dans un NCmod qui VIMP le NCo tout ADV .
2121,1886_Valles_L'Insurge_A.txt,"Qu' ont -ils fait , les autres ?","que avoir il faire , le autre ?"
2122,1886_Valles_L'Insurge_A.txt,"Ont -ils continué jusqu' à la Chambre , ont -ils vu les députés ?","avoir il PPAS jusque à le NC , avoir il VCOG le NC ?"
2123,1886_Valles_L'Insurge_A.txt,Je n' en sais rien .,je ne en VCOG rien .
2124,1886_Valles_L'Insurge_A.txt,Toujours est -il que la foule se morcelle et s' émiette .,ADVTEMPS être il que le NCs se PRES et se PRES .
2125,1886_Valles_L'Insurge_A.txt,Le serpent se tord dans la nuit .,le NCs se NC dans le NCT .
2126,1886_Valles_L'Insurge_A.txt,La fatigue le hache en tronçons qui frémissent encore .,le NCSENT le NC en NCmod qui PRES encore .
2127,1886_Valles_L'Insurge_A.txt,"Deux ou trois saignent ; il y a par là quelques blessés , gens de courage qui ont attaqué isolément , à le début de la soirée , alors que la rousse osait encore sortir et tirer .","NUM ou NUM NC ; il y avoir par ADVLIEU quelque NCo , NC de NCmod qui avoir PPAS ADV , à le NC de le NCT , alors que le NCs VIMP encore INF et INF ."
2128,1886_Valles_L'Insurge_A.txt,"La nuit est fraîche , le calme descend d' un ciel tranquille et bleu .","le NCT être ADJ , le NCSENT PRES de un NC ADJ et ADJCOL ."
2129,1886_Valles_L'Insurge_A.txt,4 septembre .,NUM MOIS .
2130,1886_Valles_L'Insurge_A.txt,Neuf heures de le soir .,NUM NCT de le NCT .
2131,1886_Valles_L'Insurge_A.txt,"Nous sommes en République depuis six heures ; « en République de paix et de concorde » , j' ai voulu la qualifier de sociale , je levais mon chapeau , on me l' a renforcé sur les yeux et on m' a cloué le bec .","nous être en NC depuis NUM NCT ; "" en NCmod de NCmod et de NC "" , je avoir vouloir le NCo de NCmod , je VIMP DETPOSS NCo , on me le avoir PPAS sur le NCCOR et on lui avoir PPAS le NCo ."
2132,1886_Valles_L'Insurge_A.txt,« Pas encore !,""" pas encore !"
2133,1886_Valles_L'Insurge_A.txt,… Laissez pleurer le mouton !,… laisser INF le NCo !
2134,1886_Valles_L'Insurge_A.txt,"La République tout court , pour commencer … Petit à petit l' oiseau fait son nid !","le NC tout ADJ , pour VASP … ADJ à ADJ le NCs faire DETPOSS NCo !"
2135,1886_Valles_L'Insurge_A.txt,"Chi va piano va sano … Songez donc que l' ennemi est là , que les prussiens nous regardent » Je laisse pleurer le mouton !","NP aller NC aller sano … IMP donc que le NCs être ADVLIEU , que le NCs nous VCOG "" je laisser INF le NCo !"
2136,1886_Valles_L'Insurge_A.txt,"mais il me semble que depuis que je suis à le monde il ne fait que sangloter devant moi , ce mouton , et je suis toujours condamné à attendre qu' il ait fini .","mais il me sembler que depuis que je être à le NC il ne PRES que INF ADVLIEU soi , ce NCo , et je être ADVTEMPS PPAS à INF que il avoir VASP ."
2137,1886_Valles_L'Insurge_A.txt,"Vas-y , mon gros !","NP , DETPOSS NC !"
2138,1886_Valles_L'Insurge_A.txt,Pourvu qu' on me laisse y aller de ma larme aussi !,pourvu que on me laisser y aller de DETPOSS NC aussi !
2139,1886_Valles_L'Insurge_A.txt,"… C' est moins sûr , ça .","… ce être moins ADJ , ça ."
2140,1886_Valles_L'Insurge_A.txt,"Alors , nous sommes en République ?","alors , nous être en NC ?"
2141,1886_Valles_L'Insurge_A.txt,Tiens !,tenir !
2142,1886_Valles_L'Insurge_A.txt,tiens !,tenir !
2143,1886_Valles_L'Insurge_A.txt,"Pourtant , quand j' ai voulu entrer à l' Hôtel de Ville , on m' a écrasé les pieds à coups de crosse , et comme je me faisais reconnaître : «Ne laissez pas passer ce bougre -là , surtout , a crié le chef de poste .","pourtant , quand je avoir vouloir INF à le NC de NP , on lui avoir PPAS le NCCOR à NCmod de NC , et comme je me faire VCOG : NP laisser pas INF ce NCs ADVLIEU , surtout , avoir VDIC le NCo de NCmod ."
2144,1886_Valles_L'Insurge_A.txt,Savez-vous ce qu' il disait tout à l' heure ?,Savez-le ce que il VDIC tout à le NCT ?
2145,1886_Valles_L'Insurge_A.txt,« Qu' il faudrait fiche par les fenêtres ce gouvernement de carton et proclamer la Révolution !,""" que il VCOND NCo par le NC ce NCs de NC et INF le NCo !"
2146,1886_Valles_L'Insurge_A.txt,» Ai -je dit cela ?,""" avoir je VDIC cela ?"
2147,1886_Valles_L'Insurge_A.txt,… c' est bien possible .,… ce être bien ADJ .
2148,1886_Valles_L'Insurge_A.txt,"Mais pas dans ces termes -là , toujours !","mais pas dans ce NC ADVLIEU , ADVTEMPS !"
2149,1886_Valles_L'Insurge_A.txt,Ce n' est pas moi qui grimperai sur une chaise pour faire pst! pst! à la Sociale .,ce ne être pas soi qui VF sur un NC pour faire pst! pst! à le NCo .
2150,1886_Valles_L'Insurge_A.txt,"Par exemple , si elle avait montré son nez , je ne lui aurais certes pas refusé un coup de main pour faire passer toute cette députasserie par les croisées – sans défendre pourtant d' étendre de les matelas dessous , pour qu' ils ne se fissent pas trop bobo .","par NC , si il avoir PPAS DETPOSS NCCOR , je ne lui avoir ADV pas PPAS un NCo de NCCOR pour faire INF tout ce NCo par le NCmod – sans INF pourtant de INF de le NC ADV , pour que il ne se PRES pas trop ADJ ."
2151,1886_Valles_L'Insurge_A.txt,"Dans plusieurs endroits , on avait attrapé les policiers et on les houspillait .","dans plusieurs NC , on avoir PPAS le NCo et on le VIMP ."
2152,1886_Valles_L'Insurge_A.txt,"Quelques bourgeois , à mine très honnête , avec de les têtes à la Paturot et d' un ton très calme , conseillaient de les jeter à la Seine .","quelque ADV , à NC très ADJ , avec de le NCCOR à le NP et de un NC très NCSENT , VIMP de le INF à le NP ."
2153,1886_Valles_L'Insurge_A.txt,"Mais les blousiers ne serraient pas bien fort , et il n' y avait qu' à parler de la femme et de les petits de le roussin pour leur faire lâcher prise .","mais le NCs ne VIMP pas bien fort , et il ne y avoir que à INF de le NC et de le NC de le NCmod pour lui faire INF PPAS ."
2154,1886_Valles_L'Insurge_A.txt,"J' ai aidé – sans suer – à la délivrance de deux officiers de paix , en uniforme tout flambant neuf , qui m' ont assuré , en s' époussetant et en refaisant leur raie , qu' ils avaient toujours été républicains et avancés en diable .","je avoir PPAS – sans NC – à le NCmod de NUM NCmod de NCmod , en NCmod tout NC ADJ , qui lui avoir PPAS , en se PPRES et en PPRES lui NCo , que il avoir ADVTEMPS être ADJ et PPAS en NC ."
2155,1886_Valles_L'Insurge_A.txt,"« Plus avancés que vous , peut-être , monsieur .» Avancé ?",""" plus ADJ que vous , peut-être , monsieur .» NP ?"
2156,1886_Valles_L'Insurge_A.txt,"… Je ne le suis pas trop , pour le moment .","… je ne le être pas trop , pour le NC ."
2157,1886_Valles_L'Insurge_A.txt,"J' ai perdu mon chapeau dans la bousculade , et la voix aussi à force de beugler : « À bas l' Empire !","je avoir PPAS DETPOSS NCo dans le NC , et le NCMAN aussi à NCSENT de NCmod : "" À ADJ le NCmod !"
2158,1886_Valles_L'Insurge_A.txt,"» J' ai usé mes poumons , épuisé mes forces , je ne puis plus parler , à peine marcher , aussi las ce soir de triomphe que le soir de défaite , il y a dix-neuf ans .",""" je avoir PPAS DETPOSS NCCOR , PPAS DETPOSS NCSENT , je ne puis plus INF , à NCSENT INF , aussi NC ce NCT de NCmod que le NCT de NCmod , il y avoir NUM NCT ."
2159,1886_Valles_L'Insurge_A.txt,"Toujours enroué et éreinté , toujours menacé et crossé – les jours où la République ressuscite , comme les jours où on l' égorge !","ADVTEMPS PPAS et PPAS , ADVTEMPS VDIC et PPAS – le NCT où le NC ressusciter , comme le NCT où on le PRES !"
2160,1886_Valles_L'Insurge_A.txt,Mais de quoi vais -je me plaindre ?,mais de quoi aller je me INF ?
2161,1886_Valles_L'Insurge_A.txt,"Les députés de Paris ne sont -ils pas à l' Hôtel de Ville … après avoir , bien entendu failli faire rater le mouvement !","le NCs de NP ne être il pas à le NC de NC … PHASE avoir , bien VCOG PPAS faire INF le NC !"
2162,1886_Valles_L'Insurge_A.txt,Le plus capon a été Gambetta .,le plus NCs avoir être NP .
2163,1886_Valles_L'Insurge_A.txt,"Il a fallu que Jules Favre l' appelât , et encore il n' est pas venu tout de suite , le Danton de pacotille !","il avoir PPAS que NP NP le VSUBI , et encore il ne être pas venir tout de NC , le NP de NCmod !"
2164,1886_Valles_L'Insurge_A.txt,"À la fin , pourtant , il s' est décidé , et ils se sont empilés dans les fiacres et se sont partagé les rôles , sur la banquette .","à le NC , pourtant , il se être PPAS , et il se être PPAS dans le NC et se être PPAS le NCo , sur le NC ."
2165,1886_Valles_L'Insurge_A.txt,"Celui qui était en lapin , près de le cocher , a été volé : on ne lui a laissé que de les résidus .","celui qui être en NC , ADVLIEU de le INF , avoir être PPAS : on ne lui avoir laisser que de le NC ."
2166,1886_Valles_L'Insurge_A.txt,"En route , un homme a voulu attaquer un de les sapins .","en NC , un NCs avoir vouloir INF un de le NCmod ."
2167,1886_Valles_L'Insurge_A.txt,On s' est jetés sur lui .,on se être PPAS sur lui .
2168,1886_Valles_L'Insurge_A.txt,« À bas le bonaparteux !,""" à ADJ le NC !"
2169,1886_Valles_L'Insurge_A.txt,"– Je suis garçon de café , a -t -il dit , il y en a deux , dans cette voiture , qui me doivent de les cigares et de les roues de derrière .» On a ri .","– je être NC de NCmod , avoir t il VDIC , il y en avoir NUM , dans ce NCmod , qui me devoir de le NC et de le NC de ADVLIEU .» on avoir PPAS ."
2170,1886_Valles_L'Insurge_A.txt,"Pourtant , dans le cortège , deux ou trois types à mine de pion voulaient lui faire un mauvais parti , disant que Baptiste insultait le gouvernement .","pourtant , dans le NC , NUM ou NUM NCs à NCmod de NCmod vouloir lui faire un ADJ NCo , VDIC que NP VIMP le NCo ."
2171,1886_Valles_L'Insurge_A.txt,Baptiste a riposté .,NP avoir PPAS .
2172,1886_Valles_L'Insurge_A.txt,"« S' ils ne me paient pas mes soutados , à le moins qu' ils me donnent une place !» Tu l' auras , mais cours plus vite !",""" si il ne me PRES pas DETPOSS NCo , à le moins que il me PRES un NCo !» je le NCmod , mais NC plus ADV !"
2173,1886_Valles_L'Insurge_A.txt,"Tous les trous vont être bouchés ; la curée , commencée à le trot de le cheval , monte à le galop de les cupidités et de les ambitions .","tout le NCs aller être PPAS ; le NC , VASP à le NC de le NCmod , PRES à le NC de le NCmod et de le NCSENT ."
2174,1886_Valles_L'Insurge_A.txt,"Le bon peuple fait la courte échelle à tout ce monde de politiqueurs qui attendaient , depuis Décembre 51 , l' occasion de revenir à le râtelier et de reprendre de les appointements et de le galon .","le ADJ NCs faire le NCo ADJ à tout ce NC de NCmod qui VIMP , depuis MOIS NUM , le NC de INF à le NC et de INF de le NC et de le NC ."
2175,1886_Valles_L'Insurge_A.txt,"Ils font la parade sur les tréteaux de les grandes tables , dans la salle Saint-Jean , se penchent à la fenêtre et tapent , à tour de bras et à tour de phrases , sur l' Empire qui n' en peut mais , comme Polichinelle sur le commissaire assommé .","il faire le NCo sur le NC de le ADJ NCmod , dans le NC NP , se ADV à le NC et NC , à NC de NCCOR et à NC de NCmod , sur le NC qui ne en pouvoir mais , comme NP sur le NCmod PPAS ."
2176,1886_Valles_L'Insurge_A.txt,"Et le brave chien d' aboyer en leur honneur , ne se doutant pas , le malheureux , que déjà l' on s' arme contre lui , que ces harangues ne sont que gâteaux de miel où se cache le sale poison , qu' on ne songe qu' à lui couper les pattes et à lui casser les crocs .","et le ADJ NCs de INF en lui NCSENT , ne se PPRES pas , le NCo , que déjà l' on se PRES contre lui , que ce NCs ne être que NC de NCmod où se PRES le ADJ NC , que on ne PRES que à lui INF le NCo et à lui INF le NCo ."
2177,1886_Valles_L'Insurge_A.txt,"Aujourd'hui , l' on se fait défendre et garder par lui : demain , on l' accusera de rage pour avoir prétexte à l' abattre .","ADVT , l' on se faire INF et INF par lui : ADVT , on le VDIC de NCSENT pour avoir NC à le NCmod ."
2178,1886_Valles_L'Insurge_A.txt,"« Pas de proscrits avec nous !» a hurlé Gambetta , qui a entendu lancer le nom de Pyat .",""" pas de NCs avec nous !» avoir VDIC NP , qui avoir VCOG INF le NCo de NP ."
2179,1886_Valles_L'Insurge_A.txt,"Mais il a proposé lui-même Rochefort qui n' a pas de passé social , dont le nom signifie guerre à Badinguet seulement , et point encore guerre à Prudhomme .","mais il avoir VDIC soi-même NP qui ne avoir pas un NCo ADJ , dont le NCs PRES NC à NP seulement , et PRES encore NCo à NP ."
2180,1886_Valles_L'Insurge_A.txt,Ils ont leur plan .,il avoir lui NCo .
2181,1886_Valles_L'Insurge_A.txt,"Ils l' annihileront entre eux , le compromettront , s' ils le peuvent , puis le rejetteront , dépouillé de sa popularité , entre les bras de la foule .","il le VF entre eux , le VF , si il le pouvoir , puis le VF , PPAS de DETPOSS NC , entre le NCCOR de le NCmod ."
2182,1886_Valles_L'Insurge_A.txt,"En attendant , cette popularité sera leur manteau .","en PPRES , ce NCs être lui NC ."
2183,1886_Valles_L'Insurge_A.txt,« Rochefort !,""" NP !"
2184,1886_Valles_L'Insurge_A.txt,Rochefort!» Parbleu !,NP NP !
2185,1886_Valles_L'Insurge_A.txt,il pourrait entrer en ennemi !,il pouvoir INF en NC !
2186,1886_Valles_L'Insurge_A.txt,"On a ouvert à les détenus les portes de Pélagie , et les prisonniers d' hier descendent les boulevards , la boutonnière fleurie de rouge , l' écrivain de La Lanterne en tête .","on avoir PPAS à le NC le NCo de NP , et le NCs de ADV PRES le NC , le ADJ NC de ADJCOL , le NC de La NP en NCCOR ."
2187,1886_Valles_L'Insurge_A.txt,"Ils passent à le milieu de les vivats , entrent sous la voûte .","il PRES à le milieu de le NCmod , PRES sous le NC ."
2188,1886_Valles_L'Insurge_A.txt,"C' est fini , Rochefort est leur otage !","ce être ADJ , NP être lui NC !"
2189,1886_Valles_L'Insurge_A.txt,Les Gambetta et les Ferry vont l' étouffer dans le drapeau tricolore !,le NP et le NP aller le INF dans le NC ADJ !
2190,1886_Valles_L'Insurge_A.txt,5 septembre .,NUM MOIS .
2191,1886_Valles_L'Insurge_A.txt,"J' ai vingt sous pour toute fortune , aujourd'hui , 5 septembre 1870 , II e jour de la République !","je avoir NUM NCo pour tout NC , ADVT , NUM MOIS NUM , NUM e NCT de le NC !"
2192,1886_Valles_L'Insurge_A.txt,"Ranvier , Oudet , Mallet en ont trente , à eux trois .","NP , NP , NP en avoir NUM , à eux NUM ."
2193,1886_Valles_L'Insurge_A.txt,"Nous sommes devant l' Hôtel de Ville , où chacun est venu d' instinct , sans qu' on se soit rien dit .","nous être ADVLIEU le NC de NCmod , où chacun être venir de NC , sans que on se être rien VDIC ."
2194,1886_Valles_L'Insurge_A.txt,"Sous la pluie , quelques réfractaires comme moi et quelques artisans comme les camarades rôdent , se cherchent , et causent de la patrie sociale , qui seule peut sauver la patrie classique .","sous le NC , quelque NC comme soi et quelque NC comme le NCmod NCs , se PRES , et PRES de le NC ADJ , qui ADJ pouvoir INF le NCo ADJ ."
2195,1886_Valles_L'Insurge_A.txt,Nous avons le dos trempé .,nous avoir le NCCOR PPAS .
2196,1886_Valles_L'Insurge_A.txt,"Ranvier surtout a froid , parce que ses souliers sont percés et que ses pieds gèlent dans la boue .","NCs surtout avoir ADJ , parce que DETPOSS NCspas être PPAS et que DETPOSS NCCOR PRES dans le NC ."
2197,1886_Valles_L'Insurge_A.txt,Et il tousse !,et il PRES !
2198,1886_Valles_L'Insurge_A.txt,"Avec cela , un sabre d' agent a fait , le 3 à le soir , un accroc à sa culotte trop mûre .","avec cela , un NCs de NCmod avoir faire , le NUM à le NCT , un NCo à DETPOSS NCmod trop ADJ ."
2199,1886_Valles_L'Insurge_A.txt,On l' a inutilement rapiécée ; le vent passe quand même par ce trou -là .,on le avoir ADV PPAS ; le NCs PRES quand même par ce NC ADVLIEU .
2200,1886_Valles_L'Insurge_A.txt,"Il rit… mais il frissonne , pas moins !","il NP mais il frissonne , pas moins !"
2201,1886_Valles_L'Insurge_A.txt,La République ne l' habille pas plus qu' elle ne le nourrit .,le NCs ne le NC pas plus que il ne le PRES .
2202,1886_Valles_L'Insurge_A.txt,"La victoire de le peuple , c' est le chômage ; et le chômage , c' est la faim – après comme avant , tout pareil !","le NC de le NCmod , ce être le NC ; et le NC , ce être le NC – PHASE comme PHASE , tout NCmod !"
2203,1886_Valles_L'Insurge_A.txt,Comment avons -nous dîné ?,comment avoir nous PPAS ?
2204,1886_Valles_L'Insurge_A.txt,… Je ne sais plus !,… je ne VCOG plus !
2205,1886_Valles_L'Insurge_A.txt,"Avec de le pain , de le fromage , un litre à seize , une saucisse sur le pouce , debout à le comptoir .","ADV de le NC , de le NC , un NC à seize , un NC sur le NCCOR , ADV à le NCmod ."
2206,1886_Valles_L'Insurge_A.txt,"De les confrères en journalisme , de les copains de métier passent devant le mastroquet , nantis déjà d' une place , et courant à le café commander un gueuleton qu' on mettra sur l' ardoise de la mairie , ou chez les tailleurs militaires , un frac à collet tout galonné .","de le NC en NCmod , de le NCs de NCmod PRES ADVLIEU le NC , PPAS déjà de un NC , et NC à le NCmod INF un NCo que on mettre sur le NC de le NC , ou chez le NC ADJ , un NC à NCmod tout PPAS ."
2207,1886_Valles_L'Insurge_A.txt,"Ils me jettent un regard de pitié , m' adressent un salut de riche à pauvre , de chien repu à chien pelé .","il me PRES un NCMAN de VSENT , lui PRES un NCo de NCmod à NCmod , de NCmod PPAS à NC PPAS ."
2208,1886_Valles_L'Insurge_A.txt,"Et je vois luire dans leurs yeux toute la joie de me retrouver affamé , et en compagnie de mal-vêtus .","et je ADV ADJ dans DETPOSS NCCOR tout le NCSENT de me INF PPAS , et en NC de NCmod ."
2209,1886_Valles_L'Insurge_A.txt,"Sommes -nous encore perdus , bafoués , invisiblement garrottés , dès le lendemain de la République proclamée , nous qui , par nos audaces de plume et de parole , à le péril de la dèche et de la prison , avons mâché le triomphe à les bourgeois qui siègent derrière ces murailles et qui vont , viennent , jouent les mouches de le coche sur le char que nous avons tiré de l' ornière et désembourbé ?","être le encore PPAS , PPAS , ADV ADJ , dès le NC de le NC PPAS , nous qui , par DETPOSS NC de NCmod et de NC , à le NC de le PRES et de le NC , avoir PPAS le NCo à le NC qui PRES ADVLIEU ce NCs et qui aller , venir , PRES le NCo de le NCmod sur le NCmod que nous avoir PPAS de le NC et PPAS ?"
2210,1886_Valles_L'Insurge_A.txt,"On m' a déjà traité de trouble-fête , de fauteur de désordre , parce que j' ai arrêté par les basques un de ces appointés de le régime nouveau , lui demandant ce qu' on faisait dans la boutique .","on le avoir déjà PPAS de NC , de NC de NCmod , parce que je avoir PPAS par le NCs un de ce NCmod de le NCmod ADJ , lui PPRES ce que on faire dans le NC ."
2211,1886_Valles_L'Insurge_A.txt,Je le secouais … C' est moi qu' on a secoué à la fin !,je le NC … ce être soi que on avoir PPAS à le NC !
2212,1886_Valles_L'Insurge_A.txt,"« Parce que nous sommes en République , ce n' est pas une raison pour que chacun veuille gouverner !» Je n' en ai pas envie. 19 6 septembre .",""" parce que nous être en NC , ce ne être pas un NC pour que chacun vouloir INF !» je ne en avoir pas ADV NUM NUM MOIS ."
2213,1886_Valles_L'Insurge_A.txt,– Blanqui .,– NP .
2214,1886_Valles_L'Insurge_A.txt,"Réunion à dix heures de le matin , rue de les Halles .","NP à NUM NCT de le NCT , NC de le NP ."
2215,1886_Valles_L'Insurge_A.txt,"Un petit vieux , haut comme une botte , perdu dans une lévite à le collet trop montant , à les manches trop longues , à le jupon trop large , est en train de ranger quelques papiers sur la table .","un NC ADJ , ADV comme un NC , PPAS dans un NC à le NCmod trop ADJ , à le NCs trop ADJ , à le NCmod trop ADJ , être en NC de INF quelque NCo sur le NC ."
2216,1886_Valles_L'Insurge_A.txt,"Tête mobile , masque gris; grand nez en bec , cassé bêtement à le milieu ; bouche démeublée où trottine , entre les gencives , un bout de langue rose et frétillante comme celle d' un enfant; teint de vitelotte .","NCCOR ADJ , NC gris; ADJ NCCOR en NCmod , ADJ ADVMAN à le milieu ; NCCOR PPAS où ADJ , entre le NC , un NC de NCCOR ADJCOL et ADJ comme celui de un enfant; NC de NCmod ."
2217,1886_Valles_L'Insurge_A.txt,"Mais , au-dessus de tout cela , un grand front et de les prunelles qui luisent comme de les éclats de houille .","mais , ADVLIEU de tout cela , un ADJ NCCOR et de le NC qui PRES comme de le NC de NCmod ."
2218,1886_Valles_L'Insurge_A.txt,C' est Blanqui .,ce être NP .
2219,1886_Valles_L'Insurge_A.txt,Je me nomme .,je me PRES .
2220,1886_Valles_L'Insurge_A.txt,Il me tend la main .,il me PRES le NCCOR .
2221,1886_Valles_L'Insurge_A.txt,«Il y a longtemps que je voulais vous connaître .,NP y avoir longtemps que je VIMP vous INF .
2222,1886_Valles_L'Insurge_A.txt,On m' a beaucoup parlé de vous .,on le avoir beaucoup PPAS de vous .
2223,1886_Valles_L'Insurge_A.txt,"Je serais désireux de vous tenir dans un coin , et de causer … en camarades .","je être ADJ de vous INF dans un NC , et de INF … en NC ."
2224,1886_Valles_L'Insurge_A.txt,"Tout à l' heure , quand ce sera fini ici , venez chez moi .","tout à le NCT , quand ce être VASP ADVLIEU , venir chez soi ."
2225,1886_Valles_L'Insurge_A.txt,"C' est entendu , n' est -ce pas ?","ce être VCOG , ne être ce pas ?"
2226,1886_Valles_L'Insurge_A.txt,"» Il me glisse son adresse , me congédie d' un signe amical , et demande si les hommes de La Villette sont là .",""" il me PRES DETPOSS NCo , me PRES de un NC ADJ , et PRES si le NC de La NP être ADVLIEU ."
2227,1886_Valles_L'Insurge_A.txt,"Sitôt la séance levée , j' ai couru chez lui .","ADV le NC ADJ , je avoir PPAS chez lui ."
2228,1886_Valles_L'Insurge_A.txt,"Il loge chez un ancien transporté de le Coup d' État , près de lequel il s' est caché après l' échauffourée de La Villette .","il PRES chez un ADJ NC de le NCmod de NCmod , ADVLIEU de lequel il se être PPAS PHASE le NC de La NP ."
2229,1886_Valles_L'Insurge_A.txt,"À le moment où j' arrive , il tient un crayon à la main et s' occupe à rédiger une proclamation qu' il me lit .","à le NC où je PRES , il PRES un NCo à le NCCOR et se PRES à INF un NC que il me PRES ."
2230,1886_Valles_L'Insurge_A.txt,"C' est une trêve signée , à le nom de la Patrie , entre lui et le Gouvernement de la Défense .","ce être un NC PPAS , à le NCmod de le NP , entre lui et le NC de le NP ."
2231,1886_Valles_L'Insurge_A.txt,Je relève le nez .,je PRES le NCCOR .
2232,1886_Valles_L'Insurge_A.txt,«Vous trouvez que j' ai tort ?,«le PRES que je avoir PPAS ?
2233,1886_Valles_L'Insurge_A.txt,"– Dans un mois , vous serez a couteaux tirés !","– dans un NCT , vous être avoir NC ADJ !"
2234,1886_Valles_L'Insurge_A.txt,"– Alors , c' est qu' ils l' auront voulu !","– alors , ce être que il le avoir vouloir !"
2235,1886_Valles_L'Insurge_A.txt,"– À le moins , soulignez d' une phrase à accent votre déclaration tranquille .","– à le moins , IMP de un NC à VSUBP DETPOSS NCo PRES ."
2236,1886_Valles_L'Insurge_A.txt,"– Peut-être bien … Que mettre , voyons ?","– peut-être bien … que mettre , NC ?"
2237,1886_Valles_L'Insurge_A.txt,"» J' ai pris une plume , et ajouté : «Il faut dès aujourd'hui sonner le tocsin!» « Oui , c' est une fin .» Mais il s' est ravisé , et se grattant la tête : «Ce n' est pas assez simple .» Voilà donc le fantôme de l' insurrection , l' orateur à le gant noir , celui qui ameuta cent mille hommes à le Champ-de-Mars , et que le document Taschereau voulut faire passer pour un traître .",""" je avoir PPAS un NCo , et PPAS : NP PRES dès ADVT INF le tocsin!» "" oui , ce être un NCo .» mais il se être PPAS , et se PPRES le NCCOR : NP ne être pas ADV ADJ .» voilà donc le NCo de le NCmod , le NC à le NCmod ADJ , celui qui VPS NUM NUM NC à le NP , et que le NCs NP vouloir faire INF pour un NC ."
2238,1886_Valles_L'Insurge_A.txt,"On disait que ce gant noir cachait une lèpre ; que ses yeux étaient brouillés de bile et de sang … il a , à le contraire , la main nette et le regard clair .","on VDIC que ce NCs ADJ VIMP un NCo ; que DETPOSS NCCOR être PPAS de NC et de NCCOR … il avoir , à le NC , le NCCOR ADJ et le NCMAN ADJ ."
2239,1886_Valles_L'Insurge_A.txt,"Il ressemble à un éduqueur de mômes , ce fouetteur d' océans humains .","il PRES à un NC de NC , ce NC de NCmod ADJ ."
2240,1886_Valles_L'Insurge_A.txt,Et c' est là sa force .,et ce être ADVLIEU DETPOSS NCSENT .
2241,1886_Valles_L'Insurge_A.txt,"Les tribuns à allure sauvage , à mine de lion , à cou de taureau s' adressent à la bestialité héroïque ou barbare de les multitudes .","le NCs à NCMAN ADJ , à NC de NCmod , à NCCOR de NCmod se PRES à le NC ADJ ou ADJ de le NCmod ."
2242,1886_Valles_L'Insurge_A.txt,"Blanqui , lui , mathématicien froid de la révolte et de les représailles , semble tenir entre ses maigres doigts le devis de les douleurs et de les droits de le peuple .","Blanqui , lui , NC ADJ de le NCSENT et de le NC , sembler INF entre DETPOSS NC PPAS le NCo de le NCSENT et de le NC de le NCmod ."
2243,1886_Valles_L'Insurge_A.txt,"Ses paroles ne s' envolent pas comme de grands oiseaux , avec de larges bruits d' ailes , au-dessus de les places publiques qui , souvent , ne songent pas à penser , mais veulent être endormies par la musique que font , sans profit pour les idées , tous les vastes tumultes .","DETPOSS NCs ne se PRES pas comme un ADJ NC , avec un ADJ NC de NCmod , ADVLIEU de le NC ADJ qui , ADVTEMPS , ne PRES pas à VCOG , mais vouloir être PPAS par le NC que faire , sans NC pour le NCmod , tout le NC ADJ ."
2244,1886_Valles_L'Insurge_A.txt,"Ses phrases sont comme de les épées fichées dans la terre , qui frémissent et vibrent sur leur tige d' acier .","DETPOSS NCs être comme de le NC PPAS dans le NC , qui PRES et PRES sur lui NC de NCmod ."
2245,1886_Valles_L'Insurge_A.txt,"C' est lui qui a dit : « Qui a de le fer a de le pain » Il laisse , d' une voix sereine , tomber de les mots qui tranchent , et qui font sillon de lumière dans le cerveau de les faubouriens , et sillon rouge dans la chair bourgeoise .","ce être lui qui avoir VDIC : "" qui avoir de le NC avoir de le NC "" il laisser , de un NCMAN ADJ , INF de le NC qui PRES , et qui faire NCo de NC dans le NCCOR de le NCmod , et NC ADJCOL dans le NCCOR ADJ ."
2246,1886_Valles_L'Insurge_A.txt,"Et c' est parce qu' il est petit et paraît faible , c' est parce qu' il semble n' avoir qu' un souffle de vie , c' est pour cela que ce chétif embrase de son haleine courte les foules , et qu' elles le portent sur le pavois de leurs épaules .","et ce être parce que il être ADJ et paraître ADJ , ce être parce que il sembler ne avoir que un NC de NCmod , ce être pour cela que ce NCs VSENT de DETPOSS NC PRES le NCo , et que il le PRES sur le NC de DETPOSS NCCOR ."
2247,1886_Valles_L'Insurge_A.txt,La puissance révolutionnaire est dans les mains de les frêles et de les simples … le peuple les aime comme de les femmes .,le NCs ADJ être dans le NCCOR de le NCmod et de le NC … le NCs le VSENT comme de le NC .
2248,1886_Valles_L'Insurge_A.txt,"Il y a de la femme chez ce Blanqui qui , accusé de félonie par les classiques de la Révolution , amena sur la scène , pour sa défense , les souvenirs de son foyer lâché pour la bataille et la prison , et le fantôme de l' épouse adorée , morte de douleur – et pourtant assise toujours en face de lui , dans la solitude de son cachot contre lequel pleurait le vent de la mer .","il y avoir de le NC chez ce NP qui , PPAS de NC par le NC de le NCs , VPS sur le NC , pour DETPOSS NC , le NCo de DETPOSS NCmod PPAS pour le NC et le NC , et le NC de le NCmod PPAS , PPAS de NCSENT – et pourtant PPAS ADVTEMPS en NC de lui , dans le NC de DETPOSS NCmod contre lequel VCOND le NC de le NCmod ."
2249,1886_Valles_L'Insurge_A.txt,Cinq heures .,NUM NCT .
2250,1886_Valles_L'Insurge_A.txt,– La Corderie .,– le NP .
2251,1886_Valles_L'Insurge_A.txt,"Cette après-midi , le peuple a tenu ses assises .","ce NCT , le NCs avoir PPAS DETPOSS NCo ."
2252,1886_Valles_L'Insurge_A.txt,"La vieille politique doit crever à le pied de le lit où la France en gésine agonise – elle ne peut nous donner ni le soulagement , ni le salut .","le ADJ NCs devoir INF à le NCCOR de le NCmod où le NP en NCmod ADJ – il ne pouvoir nous INF ni le NCSENT , ni le NC ."
2253,1886_Valles_L'Insurge_A.txt,"Il s' agit de ne pas se vautrer dans ce fumier humain , et , pour ne pas y laisser pourrir le berceau de la troisième République , de revenir à le berceau de la première Révolution .","il se PRES de ne pas se INF dans ce NC ADJ , et , pour ne pas y laisser INF le NC de le ADJ NCmod , de INF à le NC de le ADJ NCmod ."
2254,1886_Valles_L'Insurge_A.txt,Retournons à le Jeu de Paume .,IMP à le NP de NP .
2255,1886_Valles_L'Insurge_A.txt,"Le Jeu de Paume , il est , en 1871 , situé à le cœur même de Paris vaincu .","le NC de NP , il être , en NUM , PPAS à le NC même de NP PPAS ."
2256,1886_Valles_L'Insurge_A.txt,"Connaissez -vous , entre le Temple et le Château-d'Eau , pas loin de l' Hôtel de Ville , une place encaissée , tout humide , entre quelques rangées de maisons ?","PRES vous , entre le NP et le NP , pas ADVLIEU de le NC de NCmod , un NCs PPAS , tout PRES , entre quelque NC de NCmod ?"
2257,1886_Valles_L'Insurge_A.txt,"Elles sont habitées , à le rez-de-chaussée , par de petits commerçants , dont les enfants jouent sur les trottoirs .","il être PPAS , à le PPAS , par un ADJ NC , dont le NCs PRES sur le NC ."
2258,1886_Valles_L'Insurge_A.txt,Il ne passe pas de voitures .,il ne PRES pas de NCo .
2259,1886_Valles_L'Insurge_A.txt,Les mansardes sont pleines de pauvres !,le NCs être ADJ de ADJ !
2260,1886_Valles_L'Insurge_A.txt,On appelle ce triangle vide la Place de la Corderie .,on PRES ce NCo PRES le NP de le NP .
2261,1886_Valles_L'Insurge_A.txt,"C' est désert et triste , comme la rue de Versailles où le tiers état trottait sous la pluie ; mais de cette place , comme jadis de la rue qu' enfila Mirabeau , peut partir le signal , s' élancer le mot d' ordre que vont écouter les foules .","ce être ADJ et ADJ , comme le NC de NP où le ADJ NCs VIMP sous le NC ; mais de ce NC , comme NCmod de le NCmod que VPS NP , pouvoir INF le NC , se INF le NCo de NCmod que aller VCOG le NCo ."
2262,1886_Valles_L'Insurge_A.txt,Regardez bien cette maison qui tourne le dos à la Caserne et jette un œil sur le Marché .,IMP bien ce NCo qui PRES le NCCOR à le NP et PRES un NCo sur le NP .
2263,1886_Valles_L'Insurge_A.txt,Elle est calme entre toutes .,il être NCSENT entre tout .
2264,1886_Valles_L'Insurge_A.txt,– Montez !,– NP !
2265,1886_Valles_L'Insurge_A.txt,"À le troisième étage , une porte qu' un coup d' épaule ferait sauter , et par laquelle on entre dans une salle grande et nue comme une classe de collège .","à le ADJ NC , un NC que un NCmod de NCCOR faire INF , et par lequel on PRES dans un NC ADJ et ADJ comme un NCmod de NCmod ."
2266,1886_Valles_L'Insurge_A.txt,Saluez !,NP !
2267,1886_Valles_L'Insurge_A.txt,Voici le nouveau parlement !,voici le ADJ NCo !
2268,1886_Valles_L'Insurge_A.txt,"C' est la Révolution qui est assise sur ces bancs , debout contre ces murs , accoudée à cette tribune : la Révolution en habit d' ouvrier !","ce être le NC qui être PPAS sur ce NC , ADV contre ce NC , PPAS à ce NC : le NC en NCmod de NCmod !"
2269,1886_Valles_L'Insurge_A.txt,"C' est ici que l' Association internationale de les travailleurs tient ses séances , et que la Fédération de les corporations ouvrières donne ses rendez-vous .","ce être ADVLIEU que le NC ADJ de le NC PRES DETPOSS NCo , et que le NC de le NCmod NCs PRES DETPOSS NCo ."
2270,1886_Valles_L'Insurge_A.txt,"Cela vaut tous les forums antiques , et par les fenêtres peuvent passer de les mots qui feront écumer la multitude , tout comme ceux que Danton , débraillé et tonnant , jetait par les croisées de le Palais de Justice à le peuple qu' affolait Robespierre !","cela PRES tout le NCo ADJ , et par le NC pouvoir INF de le NC qui faire INF le NCo , tout comme celui que NP , PPAS et PPRES , VIMP par le NC de le NCmod de NCmod à le NCmod que VSENT NP !"
2271,1886_Valles_L'Insurge_A.txt,"Les gestes ne sont pas terribles comme ceux qu' on faisait alors , et l' on n' entend pas vibrer dans un coin le tambour de Santerre .","le NCs ne être pas ADJ comme celui que on faire alors , et l' on ne VCOG pas INF dans un NC le NCo de NP ."
2272,1886_Valles_L'Insurge_A.txt,"Il n � � y a pas non plus le mystère de les conspirations , où l' on jure avec le bandeau sur les yeux et sous la pointe d' un poignard .","il ADV � � y avoir pas non plus le NCo de le NC , où l' on PRES avec le NC sur le NCCOR et sous le NC de un NCmod ."
2273,1886_Valles_L'Insurge_A.txt,"C' est le Travail en manches de chemise , simple et fort , avec de les bras de forgeron , le Travail qui fait reluire ses outils dans l' ombre et crie : « On ne me tue pas , moi !","ce être le NC en NCmod de NCmod , ADJ et fort , avec de le NCCOR de NCmod , le NC qui faire INF DETPOSS NC dans le NCmod et NC : "" on ne me PRES pas , soi !"
2274,1886_Valles_L'Insurge_A.txt,"On ne me tue pas , et je vais parler !» Et il a parlé !","on ne me PRES pas , et je aller INF !» et il avoir PPAS !"
2275,1886_Valles_L'Insurge_A.txt,"De les hommes de l' Internationale , tous les socialistes qui ont un nom – Tolain dans le tas – se sont réunis .","de le NC de le NP , tout le NCmod qui avoir un NCo – NP dans le ADV – se être PPAS ."
2276,1886_Valles_L'Insurge_A.txt,Et d' un débat qui a duré quatre heures vient de surgir une force neuve : le Comité de les Vingt arrondissements .,et de un NCs qui avoir PPAS NUM NCT venir de INF un NCSENT NC : le NC de le NUM NCmod .
2277,1886_Valles_L'Insurge_A.txt,"C' est la section , le district , comme à les grands jours de 93 , l' association libre de citoyens qui se sont triés et groupés en faisceau .","ce être le NC , le NC , comme à le ADJ NCT de NUM , le NC ADJ de NC qui se être PPAS et PPAS en NC ."
2278,1886_Valles_L'Insurge_A.txt,"Chaque arrondissement est représenté par quatre délégués que vient de nommer l' assemblée , et je suis un de les élus qui auront à défendre , contre l' Hôtel de Ville , les droits d' un faubourg de là-haut .","chaque NCspas être PPAS par NUM NC que venir de INF le NCs , et je être un de le NCmod qui avoir à INF , contre le NC de NCmod , le NC de un NCmod de ADVLIEU ."
2279,1886_Valles_L'Insurge_A.txt,Nous venons d' étendre sur toute la cité le réseau d' une fédération qui en fera bien d' autres que la fédération de le Champ-de-Mars … si grand tapage que celle -là ait soulevé dans l' histoire .,nous venir de INF sur tout le NC le NCo de un NCmod qui en faire bien de autre que le NC de le NP … si ADJ NC que celui -là avoir PPAS dans le NC .
2280,1886_Valles_L'Insurge_A.txt,"Ce sont quatre-vingts pauvres descendus de quatre-vingts taudis , qui vont parler et agir – frapper , s' il le faut – à le nom de toutes les rues de Paris , solidaires dans la misère et pour la lutte .","ce être PPAS ADJ PPAS de NC ADJ , qui aller INF et INF – frapper , si il le PRES – à le NC de tout le NCmod de NP , NC dans le NCmod et pour le NC ."
2281,1886_Valles_L'Insurge_A.txt,Sept heures .,NUM NCT .
2282,1886_Valles_L'Insurge_A.txt,– Belleville .,– NP .
2283,1886_Valles_L'Insurge_A.txt,Nous sommes montés à Belleville à le pas de charge .,nous être PPAS à NP à le pas de NCmod .
2284,1886_Valles_L'Insurge_A.txt,Nous allons organiser un club .,nous aller INF un NCo .
2285,1886_Valles_L'Insurge_A.txt,"Mais , d' abord , il a fallu qu' un de nous s' adressât à un camarade qui tient un cabaret , pour avoir , à l' œil , un broc et un veau braisé , sur lequel nous nous sommes jetés à belles dents .","mais , de NC , il avoir PPAS que un de nous se VSUBI à un NC qui PRES un NCo , pour avoir , à le NC , un NCo et un NC ADJ , sur lequel nous nous être PPAS à ADJ NCCOR ."
2286,1886_Valles_L'Insurge_A.txt,"C' est qu' on ne s' est pas collé grand-chose dans le fusil , depuis deux jours , et l' on a beaucoup crié : ça creuse !","ce être que on ne se être pas PPAS NC dans le NCmod , depuis NUM NCT , et l' on avoir beaucoup PPAS : ça PRES !"
2287,1886_Valles_L'Insurge_A.txt,"« Est -ce qu' on est en révolution , papa?» demandent les enfants de le marchand de vin , qui croient qu' il s' agit d' une fête pour laquelle on s' habille , ou d' une batterie pour laquelle on retrousse ses manches .",""" être ce que on être en NC , papa?» PRES le NCo de le NCmod de NCmod , qui VCOG que il se PRES de un NC pour lequel on se PRES , ou de un NC pour lequel on PRES DETPOSS NCo ."
2288,1886_Valles_L'Insurge_A.txt,Ma foi !,DETPOSS NC !
2289,1886_Valles_L'Insurge_A.txt,ça n' en a pas l' air… on ne dirait pas que quelque chose comme un empire s' est écroulé .,ça ne en avoir pas le NP on ne VDIC pas que quelque chose comme un NCmod se être PPAS .
2290,1886_Valles_L'Insurge_A.txt,"Maintenant , il s' agit de rassembler le peuple .","ADVT , il se PRES de INF le NCo ."
2291,1886_Valles_L'Insurge_A.txt,« Comment faire ?,""" comment faire ?"
2292,1886_Valles_L'Insurge_A.txt,– J' ai mon idée !,– je avoir DETPOSS NCo !
2293,1886_Valles_L'Insurge_A.txt,» dit Oudet .,""" VDIC NP ."
2294,1886_Valles_L'Insurge_A.txt,Il a vu un reste de régiment échoué à le seuil d' une caserne .,il avoir VCOG un NCo de NCmod PPAS à le NC de un NCmod .
2295,1886_Valles_L'Insurge_A.txt,"Il enfile la rue , va à les soldats épars , cherche un clairon dans le tas , le traîne vers une borne et lui dit : « Monte là-dessus , et sonne pour la Révolution! » Et le clairon a sonné !","il PRES le NCo , aller à le NCs ADJ , PRES un NCo dans le NC , le NC vers un NCmod et lui VDIC : "" NP ADV , et PRES pour le NP "" et le NCs avoir PPAS !"
2296,1886_Valles_L'Insurge_A.txt,Taratata !,NP !
2297,1886_Valles_L'Insurge_A.txt,Taratata !,NP !
2298,1886_Valles_L'Insurge_A.txt,Tout le quartier accourt .,tout le NC ADJ .
2299,1886_Valles_L'Insurge_A.txt,"« Retiens tout le monde à la parade , pendant que nous allons chercher un cirque .",""" ADJ tout le NC à le NCmod , PHASE que nous aller INF un NCo ."
2300,1886_Valles_L'Insurge_A.txt,– Où ça ?,– où ça ?
2301,1886_Valles_L'Insurge_A.txt,"– À les Folies-Belleville , propose quelqu'un ; on peut y tenir trois mille .» « Le Directeur ?","– à le NP , VDIC quelqu'un ; on pouvoir y INF NUM NCo .» "" le NC ?"
2302,1886_Valles_L'Insurge_A.txt,– C' est moi .,– ce être soi .
2303,1886_Valles_L'Insurge_A.txt,"– Citoyen , nous avons besoin de votre salle .","– NP , nous avoir NCo de DETPOSS NCmod ."
2304,1886_Valles_L'Insurge_A.txt,– Me la paierez-vous ?,– me le paierez-le ?
2305,1886_Valles_L'Insurge_A.txt,– Non .,– non .
2306,1886_Valles_L'Insurge_A.txt,Le peuple demande crédit; mais on fera la quête .,le NCs PRES crédit; mais on faire le NCo .
2307,1886_Valles_L'Insurge_A.txt,"Si cela ne vous suffit pas , tant pis !","si cela ne vous PRES pas , tant ADJ !"
2308,1886_Valles_L'Insurge_A.txt,Préférez -vous que l' on enfonce les portes et que l' on casse les banquettes ?» Le proprio se gratte le crâne .,IMP vous que l' on PRES le NC et que l' on PRES le NC ?» le NCs se PRES le NCo .
2309,1886_Valles_L'Insurge_A.txt,Taratata !,NP !
2310,1886_Valles_L'Insurge_A.txt,Taratata !,NP !
2311,1886_Valles_L'Insurge_A.txt,Le clairon se rapproche .,le NCs se PRES .
2312,1886_Valles_L'Insurge_A.txt,La foule est en marche .,le NCs être en NC .
2313,1886_Valles_L'Insurge_A.txt,Il a accepté – il fallait bien !,il avoir PPAS – il VIMP bien !
2314,1886_Valles_L'Insurge_A.txt,En séance .,en NC .
2315,1886_Valles_L'Insurge_A.txt,On a constitué le bureau .,on avoir PPAS le NCo .
2316,1886_Valles_L'Insurge_A.txt,"Oudet , qui est de le voisinage , préside .","NP , qui être de le NC , NP ."
2317,1886_Valles_L'Insurge_A.txt,"En quatre mots , il remercie l' auditoire , et me donne la parole , pour expliquer pourquoi nous sommes venus , et à le nom de qui nous parlons .","en NUM NC , il VDIC le NCo , et me PRES le NCo , pour VDIC pourquoi nous être venir , et à le NC de qui nous PRES ."
2318,1886_Valles_L'Insurge_A.txt,"Enlevée , la salle !","PPAS , le NCo !"
2319,1886_Valles_L'Insurge_A.txt,"J' ai dit ce qu' il fallait dire , il paraît .","je avoir VDIC ce que il VIMP VDIC , il paraître ."
2320,1886_Valles_L'Insurge_A.txt,"Et l' assemblée acclame le programme de la Commune , ébauché dans l' affiche de la Corderie .","et le NCs PRES le NCo de le NP , PPAS dans le NC de le NP ."
2321,1886_Valles_L'Insurge_A.txt,Un coup de feu .,un NC de NCmod .
2322,1886_Valles_L'Insurge_A.txt,"« À l' assassin!» De les hommes se ruent à la tribune et crient qu' à leurs côtés , là , sur le trottoir même , on vient de tuer un de les leurs .",""" à le assassin!» de le NC se PRES à le NC et VDIC que à DETPOSS NC , ADVLIEU , sur le NCmod même , on venir de INF un de le leur ."
2323,1886_Valles_L'Insurge_A.txt,« C' est un sergent de la ville en bourgeois qui a tiré !,""" ce être un NC de le NCmod en NCmod qui avoir PPAS !"
2324,1886_Valles_L'Insurge_A.txt,"Toute la brigade de le quartier , qui se cachait depuis le 4 , a repris l' offensive !","tout le NC de le NCmod , qui se VIMP depuis le NUM , avoir PPAS le NCs !"
2325,1886_Valles_L'Insurge_A.txt,… Nous allons être attaqués !,… nous aller être PPAS !
2326,1886_Valles_L'Insurge_A.txt,» Une panique dans les coins ; mais l' immense majorité se lève : « Vive la République !,""" un NCSENT dans le NCmod ; mais le ADJ NCs se PRES : "" PRES le NCo !"
2327,1886_Valles_L'Insurge_A.txt,» Et au-dessus de les têtes luisent et s' agitent de les armes de tout métal et de tout calibre .,""" et ADVLIEU de le NCCOR PRES et se PRES de le NC de tout NCmod et de tout NC ."
2328,1886_Valles_L'Insurge_A.txt,Sous un rayon de gaz éclate un tranchant de hache prise on ne sait où .,sous un NC de NCmod PRES un NCo de NCmod PPAS on ne VCOG où .
2329,1886_Valles_L'Insurge_A.txt,"Dans une embrasure , un homme sort de sa poche de les bombes qui ressemblent à les pommes de terre d' Orsini .","dans un NC , un NCs PRES de DETPOSS NC de le NCmod qui PRES à le NC de NCmod de NP ."
2330,1886_Valles_L'Insurge_A.txt,« Qu' ils y viennent !» Personne n' est venu .,""" que il y venir !» personne ne être venir ."
2331,1886_Valles_L'Insurge_A.txt,Le meurtrier s' est enfui .,le NCs se être PPAS .
2332,1886_Valles_L'Insurge_A.txt,Le retrouvera -t -on ?,le VF t on ?
2333,1886_Valles_L'Insurge_A.txt,On ne sait !,on ne VCOG !
2334,1886_Valles_L'Insurge_A.txt,"Mais , séance tenante , il est voté que tous nous assisterons à l' enterrement .","mais , NC ADJ , il être PPAS que tout nous PRES à le NC ."
2335,1886_Valles_L'Insurge_A.txt,"On me pousse en avant de le convoi , le jour de les funérailles , et l' on réclame un discours de le citoyen Vingtras .","on me PRES en PHASE de le NCmod , le NCT de le NCmod , et l' on PRES un NCo de le NC NP ."
2336,1886_Valles_L'Insurge_A.txt,"Le fossoyeur vient de s' accouder sur sa bêche , un silence profond plane sur le cimetière .","le NCs venir de se INF sur DETPOSS NC , un NCs ADJ PRES sur le NC ."
2337,1886_Valles_L'Insurge_A.txt,"Je m' avance , et j' adresse un dernier salut à celui qui a été frappé à le milieu de nous , et dont la tombe touche de si près le berceau de la République .","je le PRES , et je PRES un ADJ NCo à celui qui avoir être frapper à le milieu de nous , et dont le NCs PRES un si ADVLIEU le NC de le NCmod ."
2338,1886_Valles_L'Insurge_A.txt,"« Adieu , Bernard !",""" NP , NP !"
2339,1886_Valles_L'Insurge_A.txt,» De les murmures … Je me sens tiré par les basques .,""" de le NCmod … je me sentir PPAS par le NC ."
2340,1886_Valles_L'Insurge_A.txt,"« Il ne s' appelle pas Bernard , mais Lambert » , me disent les parents à voix basse .",""" il ne se PRES pas NP , mais NP "" , me VDIC le NCs à NCMAN ADJ ."
2341,1886_Valles_L'Insurge_A.txt,Pauvres gens !,ADJ NC !
2342,1886_Valles_L'Insurge_A.txt,"Je reste déconcerté , un peu ému , mais cette émotion même me sauve de le ridicule et élargit ma parole .","je PRES VSENT , un peu VSENT , mais ce NCSENT même me PRES de le PRES et PRES DETPOSS NCo ."
2343,1886_Valles_L'Insurge_A.txt,"« Combien plus profond doit être notre respect devant ces cercueils d' inconnus tombés sans gloire , exposés à recevoir un hommage qui ne s' adresse point à leur personnalité , restée modeste dans le courage et la peine , mais à la grande famille de le peuple , dans laquelle ils ont vécu , et pour laquelle ils sont morts !» Ça ne fait rien , j' ai tout de même attristé la maison Lambert !",""" combien plus ADJ devoir être DETPOSS NC ADVLIEU ce NCmod de NCmod PPAS sans NC , PPAS à INF un NCo qui ne se PRES ADV à lui NC , PPAS ADJ dans le NC et le NCSENT , mais à le ADJ NC de le NCmod , dans lequel il avoir PPAS , et pour lequel il être PPAS !» ça ne faire rien , je avoir tout de même VSENT le NCo NP !"
2344,1886_Valles_L'Insurge_A.txt,Le club veut avoir ses délégués assis à la table de les municipalités .,le NCs vouloir avoir DETPOSS NCo PPAS à le NC de le NCmod .
2345,1886_Valles_L'Insurge_A.txt,"Il nous a donné l' ordre de nous installer illico à la mairie , et cinq hommes armés – pas un de moins – pour nous prêter main-forte .","il nous avoir PPAS le NC de nous INF NUM à le NC , et NUM NC PPAS – pas un de moins – pour nous INF NCo ."
2346,1886_Valles_L'Insurge_A.txt,On nous a envoyés promener .,on nous avoir PPAS INF .
2347,1886_Valles_L'Insurge_A.txt,Les cinq hommes voulaient nous maintenir quand même sur l' escalier : se faire tuer à le besoin !,le NUM NCs vouloir nous INF quand même sur le NC : se faire INF à le NC !
2348,1886_Valles_L'Insurge_A.txt,"Ils nous ont trouvés mous , je crois , parce que nous ne leur avons pas dit de charger .","il nous avoir PPAS ADJ , je VCOG , parce que nous ne lui avoir pas VDIC de INF ."
2349,1886_Valles_L'Insurge_A.txt,"« Pendant que nous les tiendrons en respect , nom de dieu !",""" PHASE que nous le VF en NC , NC de NCmod !"
2350,1886_Valles_L'Insurge_A.txt,l' un de vous ira chercher de le renfort !» criait le caporal en tordant ses moustaches .,le un de vous VF INF de le NCs !» VDIC le NCo en PPRES DETPOSS NCCOR .
2351,1886_Valles_L'Insurge_A.txt,De le renfort ?,de le NC ?
2352,1886_Valles_L'Insurge_A.txt,"… Trouverions -nous une compagnie tout entière pour nous suivre jusqu' à le bout , nous qui sommes pourtant applaudis tous les soirs ?","… NP le un NCmod tout ADJ pour nous INF jusque à le ADV , nous qui être pourtant VPS tout le NCT ?"
2353,1886_Valles_L'Insurge_A.txt,"Trois ou quatre fois , il a été décidé qu' on descendrait en masse sur l' Hôtel de Ville .","NUM ou NUM fois , il avoir être PPAS que on VCOND en NC sur le NP de NP ."
2354,1886_Valles_L'Insurge_A.txt,La moitié de la salle avait levé les mains ; on avait proféré de les menaces ; nous avions déjà peur d' être entraînés trop loin .,le NCs de le NCmod avoir PPAS le NCCOR ; on avoir PPAS de le NC ; nous avoir déjà NCSENT de être PPAS trop ADVLIEU .
2355,1886_Valles_L'Insurge_A.txt,Trop loin !,trop ADVLIEU !
2356,1886_Valles_L'Insurge_A.txt,"… Jusqu' à le coin de la rue seulement , où le faisceau s' éparpillait , nous laissant à trois ou quatre pour aller faire peur à le gouvernement .","… jusque à le NCmod de le NCmod seulement , où le NCs se VIMP , nous laisser à NUM ou NUM pour aller faire NCSENT à le NC ."
2357,1886_Valles_L'Insurge_A.txt,Nous prenions l' omnibus – trois sous de fichus !,nous VIMP le NCo – NUM NC de NCmod !
2358,1886_Valles_L'Insurge_A.txt,"– et promenions mélancoliquement notre requête ou notre ultimatum à travers les corridors mal éclairés : trouvant visage de bois quand nous arrivions à le cabinet d' Arago , visage de fer quand nous nous fâchions .","– et VIMP ADVMAN DETPOSS PRES ou DETPOSS NC à travers le NCmod mal ADJ : PPRES NCCOR de NCmod quand nous VIMP à le NC de NP , NCCOR de NCmod quand nous nous VIMP ."
2359,1886_Valles_L'Insurge_A.txt,"Les sentinelles remuaient , dans l' obscurité , sur le signe de quelque civil à écharpe et à grandes bottes .","le NCs VIMP , dans le NC , sur le NC de quelque NCmod à NCmod et à ADJ NC ."
2360,1886_Valles_L'Insurge_A.txt,"J' ai cru qu' être chef de bataillon , cela doublerait ma force de tribun , qu' il serait bon qu' à la fin de mes phrases on vît le point d' exclamation de les baïonnettes .","je avoir PPAS que être NC de NCmod , cela VCOND DETPOSS NCSENT de NCmod , que il être ADJ que à le NC de DETPOSS NC on PRES le NCo de NCmod de le NCmod ."
2361,1886_Valles_L'Insurge_A.txt,"Et j' ai posé ma candidature guerrière , moi qui n' ai jamais été soldat , que les galons font rire , et qui m' empêtrerai à chaque pas – j' en ai une peur atroce – dans le fourreau de mon sabre .","et je avoir PPAS DETPOSS NCo ADJ , soi qui ne avoir ADVTEMPS être NC , que le NC faire NCMAN , et qui le VCOND à chaque pas – je en avoir un NCSENT ADJ – dans le NC de DETPOSS NC ."
2362,1886_Valles_L'Insurge_A.txt,"Il y a eu entrevue avec quelques gros bonnets de le quartier , chez le fabricant Melzezzard qui me croyait une mine de bandit et qui a trouvé que j' avais l' air bon enfant … ce qui a fait grincer de les dents un maratiste dont le désir serait que tous ceux qui auront à couper de les têtes en eussent une qui fit peur , mais ce qui a rassuré les notables et m' a fait élire à la presque unanimité !","il y avoir avoir VCOG avec quelque ADJ NC de le NCmod , chez le NCmod NP qui me VCOG un NCo de NCmod et qui avoir PPAS que je avoir le NCMAN ADJ NCmod … ce qui avoir faire NCo de le NCCOR un NC dont le NCSENT être que tout celui qui avoir à INF de le NCCOR en PRES un qui faire NCSENT , mais ce qui avoir VSENT le NCo et le avoir faire INF à le presque NC !"
2363,1886_Valles_L'Insurge_A.txt,"C' est cher , les honneurs !","ce être ADJ , le NCSENT !"
2364,1886_Valles_L'Insurge_A.txt,"Il m' a fallu un képi avec quatre filets d' argent : huit francs , pas un sou de moins , et encore pris chez Brunereau , l' ami de Pyat , qui me l' a laissé à le prix coûtant .","il lui avoir PPAS un NCo avec NUM NCmod de NCmod : NUM NC , pas un NC de moins , et encore PPAS chez NP , le NCs de NP , qui me le avoir laisser à le NC ADJ ."
2365,1886_Valles_L'Insurge_A.txt,"Je voulais m' en tenir là pour mes frais d' uniforme , mais j' ai de les souliers tournés , et je m' aperçois , à le bout de deux jours , que le bataillon en souffre dans son amour-propre .","je VIMP se en INF ADVLIEU pour DETPOSS NC de NCmod , mais je avoir de le NC PPAS , et je lui PRES , à le NC de NUM NCT , que le NC en NCmod dans DETPOSS NCmod ."
2366,1886_Valles_L'Insurge_A.txt,"J' ai soumis les talons à un comité qui s' est réuni , a tenu séance en dehors de moi , puis m' a fait solennellement appeler .","je avoir PPAS le NCCOR à un NC qui se être PPAS , avoir PPAS NCo en NC de soi , puis le avoir faire ADV INF ."
2367,1886_Valles_L'Insurge_A.txt,"« Citoyen , l' on vient de vous voter une partie de bottes à doubles semelles .",""" NP , l' on venir de vous INF un NCo de NCmod à NCmod ADJ ."
2368,1886_Valles_L'Insurge_A.txt,"C' est vous dire , a ajouté le rapporteur , en quelle estime le peuple vous tient !» Il y a de les jaloux partout !","ce être vous VDIC , avoir PPAS le NCs , en quel NCSENT le NC vous PRES !» il y avoir de le NC ADV !"
2369,1886_Valles_L'Insurge_A.txt,Ces doubles semelles ont fait grogner .,ce NC ADJ avoir faire VDIC .
2370,1886_Valles_L'Insurge_A.txt,Je ne pouvais pourtant pas les arracher .,je ne pouvoir pourtant pas le INF .
2371,1886_Valles_L'Insurge_A.txt,"Puis elles me tiennent chaud , et mes pieds sont bien contents .","puis il me PRES NCo , et DETPOSS NCCOR être bien ADJ ."
2372,1886_Valles_L'Insurge_A.txt,"Malgré tout l' on murmure , non dans le camp de les avancés , braves gens qui savent que j' ai usé cuir et peau à leur service , mais une cabale organisée par le maire a payé de les orteils qui montrent les ongles .","malgré tout l' on VDIC , non dans le NCo de le NCmod , ADJ NC qui VCOG que je avoir PPAS NCo et PPAS à lui NC , mais un NCs PPAS par le NC avoir PPAS de le NCCOR qui PRES le NCo ."
2373,1886_Valles_L'Insurge_A.txt,"« Et qui vont même montrer les dents , dit , en un langage imagé , le secrétaire de la deuxième compagnie , qui m' avertit à le rapport de le matin .",""" et qui aller même INF le NCCOR , VDIC , en un NCmod ADJ , le NC de le ADJ NC , qui lui PRES à le NC de le NCT ."
2374,1886_Valles_L'Insurge_A.txt,– Ah !,– INTJ !
2375,1886_Valles_L'Insurge_A.txt,c' est ainsi !,ce être ainsi !
2376,1886_Valles_L'Insurge_A.txt,Attendez » Un roulement .,"IMP "" un NCo ."
2377,1886_Valles_L'Insurge_A.txt,"« Les hommes sans chaussures n' ont qu' à se présenter , pieds nus , à l' état-major , et le commandant les mènera lui-même à la mairie .",""" le NCs sans NCmod ne avoir que à se INF , NCCOR ADJ , à le NC , et le NCs le VF soi-même à le NC ."
2378,1886_Valles_L'Insurge_A.txt,"Ils auront mis la baïonnette à le canon et de les cartouches dans la giberne .» On est venus à le rendez-vous , petons à le vent .","il avoir mettre le NCo à le NC et de le NC dans le NCmod .» on être venir à le NC , PRES à le NC ."
2379,1886_Valles_L'Insurge_A.txt,"La foule rit , s' étonne , et braille .","le NCs PRES , se VSENT , et NC ."
2380,1886_Valles_L'Insurge_A.txt,"« En avant , marche !» La municipalité s' émeut .",""" en PHASE , NC !» le NCs se VSENT ."
2381,1886_Valles_L'Insurge_A.txt,"Le maire , un opticien de son état , a pris une lorgnette marine et la braque de notre côté .","le NCs , un NC de DETPOSS NCmod , avoir PPAS un NCo ADJ et le NC de DETPOSS NC ."
2382,1886_Valles_L'Insurge_A.txt,"Il voit la horde de les pieds tannés se crispant pour l' assaut , les uns à peu près blancs d' espoir , les autres tout noirs de colère .","il VCOG le NCo de le NCCOR VSENT se VSENT pour le NC , le un à peu ADVLIEU ADJCOL de NCSENT , le autre tout NC de NCSENT ."
2383,1886_Valles_L'Insurge_A.txt,Ça n' a pas tiré en longueur !,ça ne avoir pas PPAS en NC !
2384,1886_Valles_L'Insurge_A.txt,"Quand nous nous sommes rangés sous ses fenêtres , tout d' un coup l' air a été obscurci par de les souliers qui voltigeaient comme de les touffes de roses .","quand nous nous être PPAS sous DETPOSS NC , tout de un NC le NCMAN avoir être NC par de le NC qui VIMP comme de le NC de ADJCOL ."
2385,1886_Valles_L'Insurge_A.txt,"On se serait cru à Milan , quand les femmes jetaient de les bouquets sur les shakos de nos troupiers – seul , le parfum était différent .","on se être PPAS à NP , quand le NCs VIMP de le NC sur le NCmod de DETPOSS NCmod – ADJ , le NCs être ADJ ."
2386,1886_Valles_L'Insurge_A.txt,Mais le chausseur malgré lui a juré de se venger .,mais le NCs malgré lui avoir PPAS de se INF .
2387,1886_Valles_L'Insurge_A.txt,"Il veut se débarrasser de moi , à tout prix , en tant que chef de bataillon .","il vouloir se INF de soi , à tout NC , en tant que NC de NCmod ."
2388,1886_Valles_L'Insurge_A.txt,Il a trouvé le moyen !,il avoir PPAS le NCo !
2389,1886_Valles_L'Insurge_A.txt,"Ce matin , par une averse à noyer une armée , mes hommes ont été envoyés à le diable , hors de les murs , sur un prétendu ordre de le commandant , qui devait présider à l' exercice à feu et qu' on trouverait sur le terrain .","ce NCT , par un NC à INF un NCo , DETPOSS NCspas avoir être PPAS à le NC , hors de le NC , sur un ADJ NC de le NCmod , qui devoir INF à le NC à NCmod et que on VCOND sur le NC ."
2390,1886_Valles_L'Insurge_A.txt,"Je ne suis pour rien dans la promenade et j' écoute tranquillement , chez moi , tomber la pluie !","je ne être pour rien dans le NCmod et je VCOG ADVMAN , chez soi , INF le NC !"
2391,1886_Valles_L'Insurge_A.txt,Voilà que sous ma croisée l' émeute gronde; de les cris « À bas Vingtras !» se font entendre .,"voilà que sous DETPOSS NC le NCmod gronde; de le NCmod "" à NP NP !» se faire VCOG ."
2392,1886_Valles_L'Insurge_A.txt,Et il y en a qui tapent sur leurs fusils et parlent de monter .,et il y en avoir qui PRES sur DETPOSS NC et PRES de INF .
2393,1886_Valles_L'Insurge_A.txt,"«Ne montez pas , je descends .» Ils ont envahi la salle Favié et sont là , cinq ou six cents , qui me montrent le poing quand je passe à le milieu d' eux en me dirigeant vers la tribune .","NP IMP pas , je PRES .» il avoir PPAS le NCo NP et être ADVLIEU , NUM ou NUM NC , qui me PRES le NCo quand je PRES à le milieu de eux en me PPRES vers le NC ."
2394,1886_Valles_L'Insurge_A.txt,"Mais ce sont d' honnêtes gens et , malgré leurs imprécations et leur colère , ils ne m' ont pas sali , ni meurtri d' un geste .","mais ce être un ADJ NC et , malgré DETPOSS NC et lui NCSENT , il ne le avoir pas ADJ , ni VSENT de un NC ."
2395,1886_Valles_L'Insurge_A.txt,"Ils ont même fini par m' écouter , quand j' ai mis le doigt sur la trahison !","il avoir même VASP par le VCOG , quand je avoir mettre le NCCOR sur le NC !"
2396,1886_Valles_L'Insurge_A.txt,"La houle s' abat , la colère s' apaise … Mais j' en ai assez !","le NCs se PRES , le NCSENT se PRES … mais je en avoir ADV !"
2397,1886_Valles_L'Insurge_A.txt,"Je rends mon képi et mon sabre , je donne ma démission .","je PRES DETPOSS NCo et DETPOSS NC , je PRES DETPOSS NCo ."
2398,1886_Valles_L'Insurge_A.txt,"Bonsoir , camarades !","NP , NC !"
2399,1886_Valles_L'Insurge_A.txt,"20 J' ai vite arraché mes quatre galons qui faisaient pitié , les pauvres , tant ils étaient fanés , rougeâtres , pisseux… et me voilà libre !","NUM je avoir ADV PPAS DETPOSS NUM NCo qui faire VSENT , le NC , tant il être PPAS , ADJCOL , NP et me voilà ADJ !"
2400,1886_Valles_L'Insurge_A.txt,C' est maintenant que je suis le vrai chef de le bataillon .,ce être ADVT que je être le vrai NC de le NCmod .
2401,1886_Valles_L'Insurge_A.txt,Oh !,INTJ !
2402,1886_Valles_L'Insurge_A.txt,il ne faut point accepter de commandement régulier dans l' armée révolutionnaire !,il ne PRES ADV INF de NC ADJ dans le NCmod ADJ !
2403,1886_Valles_L'Insurge_A.txt,Je croyais que le grade donnait de l' autorité – il en ôte .,je VIMP que le NCs VIMP de le NC – il en PRES .
2404,1886_Valles_L'Insurge_A.txt,On n' est qu' un zéro devant le numéro de les compagnies .,on ne être que un NC ADVLIEU le NCmod de le NCmod .
2405,1886_Valles_L'Insurge_A.txt,"On ne devient réellement le preu que pendant le combat , si l' on a sauté le premier dans le danger .","on ne devenir ADVINT le NC que PHASE le NC , si l' on avoir PPAS le ADJ dans le NC ."
2406,1886_Valles_L'Insurge_A.txt,"Alors , parce qu' on est en avant , les autres suivent .","alors , parce que on être en PHASE , le autre PRES ."
2407,1886_Valles_L'Insurge_A.txt,Et pour cela le baptême de le vote est inutile : il n' y a que le baptême de le feu !,et pour cela le NCs de le NCmod être ADJ : il ne y avoir que le NC de le NCmod !
2408,1886_Valles_L'Insurge_A.txt,"Oui , à présent que ma coiffure n' a plus ses petits asticots d' argent , tous ceux dont j' étais le captif et qui se changeaient en ennemis viennent à moi la main ouverte , et je préside les délibérations de tous les groupes , sans être président de rien .","oui , à ADJ que DETPOSS NCs ne avoir plus DETPOSS ADJ NCo de NCmod , tout celui dont je être le NC et qui se VIMP en NC venir à soi le NCCOR ADJ , et je PRES le NCo de tout le NCmod , sans être NC de rien ."
2409,1886_Valles_L'Insurge_A.txt,Ah! mais non !,NP mais non !
2410,1886_Valles_L'Insurge_A.txt,"Simple soldat , mes trente sous , et le droit de beugler à mon tour : « À bas les chefs !","ADJ NCmod , DETPOSS NUM NC , et le NC de INF à DETPOSS NC : "" À ADJ le NC !"
2411,1886_Valles_L'Insurge_A.txt,"» « Gare à vous , capitaine , qui me voulez dans votre compagnie !",""" "" NP à vous , NC , qui me vouloir dans DETPOSS NC !"
2412,1886_Valles_L'Insurge_A.txt,"» Et le capitaine de rire , ou de faire semblant , car il sait bien que , désormais , c' est moi qui vais tenir en échec les officiers , et souffler tout bas le mot d' ordre insurrectionnel .",""" et le NC de NCMAN , ou de faire NCo , car il VCOG bien que , ADV , ce être soi qui aller INF en NC le NCo , et VSENT tout ADJ le NCo de NCmod ADJ ."
2413,1886_Valles_L'Insurge_A.txt,"Mon grade m' a servi , pourtant , lorsque nous allions en corps , comme commandants , porter à l' Hôtel de Ville la volonté de Paris , demander qu' on ne fatiguât pas son désespoir , mais qu' on l' armât pour de bon contre l' ennemi .","DETPOSS NCs le avoir PPAS , pourtant , lorsque nous aller en NCCOR , comme NC , INF à le NC de NCmod le NC de NP , INF que on ne VSENT pas DETPOSS NCSENT , mais que on le VSUBI pour de ADJ contre le NC ."
2414,1886_Valles_L'Insurge_A.txt,"J' ai vu , un matin , tout le gouvernement de la Défense nationale patauger dans la niaiserie et le mensonge , sous l' œil clair de Blanqui .","je avoir VCOG , un NCT , tout le NCo de le NP ADJ INF dans le NC et le NC , sous le NCmod ADJ de NP ."
2415,1886_Valles_L'Insurge_A.txt,"D' une voix grêle , avec de les gestes tranquilles , il leur montrait le péril , il leur indiquait le remède , leur faisait un cours de stratégie politique et militaire .","de un NCMAN ADJ , avec de le NCmod ADJ , il lui VIMP le NCo , il lui VIMP le NCo , lui faire un NCo de NCmod ADJ et ADJ ."
2416,1886_Valles_L'Insurge_A.txt,"Et Garnier-Pagès , dans son faux col , Ferry , entre ses côtelettes , Pelletan , à le fond de sa barbe , avaient l' air d' écoliers pris en flagrant délit d' ignardise .","et NP , dans DETPOSS ADJ NCmod , NP , entre DETPOSS NCmod , NP , à le NCmod de DETPOSS NCCOR , avoir le NCMAN de NCmod PPAS en PPRES NCo de NCmod ."
2417,1886_Valles_L'Insurge_A.txt,"Il est vrai que Gambetta n' était pas là , et que Picard n' est arrivé qu' à le milieu de l' entrevue .","il être vrai que NP ne être pas ADVLIEU , et que NP ne être PPAS que à le milieu de le NC ."
2418,1886_Valles_L'Insurge_A.txt,"Lorsque Blanqui s' est tu , Millière a pris la parole , demandant , à le nom de les révolutionnaires , que l' on envoyât de les commissaires hors Paris « pour représenter le Peuple à les armées .» « Dites donc , Vingtras , a fait le gros Picard en m' attirant dans une embrasure de fenêtre et en taquinant le bouton de mon habit , vous savez , moi , je ne m' oppose pas de le tout , mais pas de le tout , à ce que vous filiez à le diable avec votre diplôme de plénipotentiaire faubourien .","lorsque NP se être je , NP avoir PPAS le NCo , PPRES , à le NC de le ADJ , que l' on VSUBI de le NC hors NP "" pour INF le NC à le NCmod .» "" VDIC donc , NP , avoir faire le ADJ NP en lui VSENT dans un NC de NC et en PPRES le NCo de DETPOSS NCmod , vous VCOG , soi , je ne lui PRES pas de le tout , mais pas de le tout , à ce que vous PRES à le NC avec DETPOSS NC de NC ADJ ."
2419,1886_Valles_L'Insurge_A.txt,"Ça me ferait même un sensible plaisir … Mais les autres , là , regardez - les donc !","ça me faire même un ADJ NCSENT … mais le autre , ADVLIEU , VCOG - le donc !"
2420,1886_Valles_L'Insurge_A.txt,"Sont -ils assez godiches , mes collègues !","être il ADV ADJ , DETPOSS NC !"
2421,1886_Valles_L'Insurge_A.txt,"Comment , ils peuvent se débarrasser de vous , et ils ne le font pas !","comment , il pouvoir se INF de vous , et il ne le faire pas !"
2422,1886_Valles_L'Insurge_A.txt,"Je signerais plutôt de les pieds , pour mon compte , afin de voir les cramoisis ficher le camp !","je VCOND plutôt de le NCCOR , pour DETPOSS NC , ADV de VCOG le NCo INF le NCo !"
2423,1886_Valles_L'Insurge_A.txt,"… De les cramoisis? de les cramoisis?» a -t -il ajouté , en imitant les habitués de bastringue qui appellent : «Un vis-à-vis ?","… de le cramoisis? de le cramoisis?» avoir t il PPAS , en PPRES le NCo de NCmod qui PRES : NP ADV ?"
2424,1886_Valles_L'Insurge_A.txt,un vis-à-vis ?» Et de rire !,un ADV ?» Et de NCMAN !
2425,1886_Valles_L'Insurge_A.txt,"Puis se penchant à mon oreille , et me mettant le doigt sous le nez : « Mais vous , malin , vous ne partirez pas !","puis se PPRES à DETPOSS NCCOR , et me mettre le NCCOR sous le NCCOR : "" mais vous , ADV , vous ne PRES pas !"
2426,1886_Valles_L'Insurge_A.txt,Je parie un lapin que vous ne partirez pas !» Je ne parie pas de lapin … ils sont trop chers par le temps qui court !,je PRES un NCo que vous ne PRES pas !» je ne PRES pas un NCo … il être trop ADJ par le temps qui ADJ !
2427,1886_Valles_L'Insurge_A.txt,Puis je perdrais .,puis je VCOND .
2428,1886_Valles_L'Insurge_A.txt,"Pas plus que lui , je ne comprends ces candidatures soumises à le visa de le gouvernement .","pas plus que lui , je ne VCOG ce NCo PPAS à le NC de le NCmod ."
2429,1886_Valles_L'Insurge_A.txt,"Il ne faut pas lâcher la ville par ce temps de disette , par ces trente degrés de froid – parce que cette disette et ce froid préparent la fièvre chaude de l' insurrection !","il ne PRES pas INF le NCo par ce temps de NCmod , par ce NUM NC de NCmod – parce que ce NCs et ce NC PRES le VSENT ADJ de le NCmod !"
2430,1886_Valles_L'Insurge_A.txt,Il faut rester là où l' on crève .,il PRES INF ADVLIEU où l' on PRES .
2431,1886_Valles_L'Insurge_A.txt,"Sans compter aussi que les provinces , qui ne sont pas venues à notre secours , ne bougeront pas davantage , parce que de les gens de Paris seront arrivés de le matin et auront clubaillé le soir !","sans INF aussi que le NCs , qui ne être pas venir à DETPOSS NC , ne VF pas davantage , parce que de le NCspas de NP être PPAS de le NCT et avoir PPAS le NCT !"
2432,1886_Valles_L'Insurge_A.txt,Mais c' est pour faire « comme en 93 » .,"mais ce être pour faire "" comme en NUM "" ."
2433,1886_Valles_L'Insurge_A.txt,"Les convaincus le pensent , et les roublards se disent que lorsqu' on a mis le pied à l' étrier de les fonctions , on n' est désarçonné ni par les coups de poing de les émeutes , ni par les coups de fusil de les restaurations .","le NCs le VCOG , et le NCs se VDIC que lorsque on avoir mettre le NCCOR à le NC de le NCmod , on ne être VSENT ni par le NC de NCmod de le NCmod , ni par le NC de NCmod de le NCmod ."
2434,1886_Valles_L'Insurge_A.txt,"« Mais , saperlipopette !",""" mais , NCs !"
2435,1886_Valles_L'Insurge_A.txt,"crie Picard à ses collègues , commissionnez -les donc , qu' ils aillent se faire pendre ailleurs , ou qu' ils passent d' eux-mêmes leur tête dans le collier !","VDIC NP à DETPOSS NC , IMP le donc , que il ailler se faire INF ADVLIEU , ou que il PRES de soi-même lui NCCOR dans le NC !"
2436,1886_Valles_L'Insurge_A.txt,"Une fois la nuque prise , ils ne pousseront plus votre caboche , à vous , sous la lunette de la guillotine … pas de danger !","un fois le NC PPAS , il ne VF plus DETPOSS NCo , à vous , sous le NC de le NCmod … pas de NC !"
2437,1886_Valles_L'Insurge_A.txt,"Ils vous demanderont de les conserver après l' orage , et de régulariser leur mandat d' irréguliers !","il vous VF de le INF PHASE le NC , et de INF lui NCo de NCmod !"
2438,1886_Valles_L'Insurge_A.txt,"C' est toujours comme ça que ça se passe .» Seulement , cette philosophie ne fait pas le compte de les autoritaires , qui ne veulent pas avoir l' air de céder à la populace et qui ont envie de jouer à le Jupiter tonnant , lançant de les Quos ego devant lesquels se retireraient , la crête basse , les flots qui moutonnent .","ce être ADVTEMPS comme ça que ça se PRES .» seulement , ce NCs ne faire pas le NCo de le NCmod , qui ne vouloir pas avoir le NCMAN de INF à le NC et qui avoir NCo de INF à le NP PPRES , PPRES de le NP ADJ ADVLIEU lequel se VIMP , le NC ADJ , le NC qui PRES ."
2439,1886_Valles_L'Insurge_A.txt,"Ils moutonnaient dur , un soir .","il VIMP ADV , un NCT ."
2440,1886_Valles_L'Insurge_A.txt,"Nous étions un tas d' officiers de faubourg qui étions montés , en grand uniforme , pour demander si l' on se moquait de le peuple .","nous être un NC de NCmod de NCmod qui être PPAS , en ADJ NC , pour INF si l' on se VIMP de le NC ."
2441,1886_Valles_L'Insurge_A.txt,Ferry et Gambetta sont arrivés .,NP et NP être PPAS .
2442,1886_Valles_L'Insurge_A.txt,"Et patati , patata , à le nom de la patrrrie , de le devoirrr … Gambetta nous a apostrophés et morigénés .","et NCs , VPS , à le NC de le NCmod , de le INF … NP nous avoir PPAS et PPAS ."
2443,1886_Valles_L'Insurge_A.txt,Mais on a riposté froidement et durement .,mais on avoir PPAS ADVMAN et ADVINT .
2444,1886_Valles_L'Insurge_A.txt,"Lefrançais a donné , d' autres aussi : on a crevé la peau d' âne de leurs déclarations .","NP avoir PPAS , un autre aussi : on avoir PPAS le NCCOR de NCmod de DETPOSS NCmod ."
2445,1886_Valles_L'Insurge_A.txt,Ils ne savaient plus que répondre … ils ont menacé .,il ne VCOG plus que VDIC … il avoir VDIC .
2446,1886_Valles_L'Insurge_A.txt,"«Je vais vous faire arrêter , m' a dit Ferry .","«il aller vous faire INF , le avoir VDIC NP ."
2447,1886_Valles_L'Insurge_A.txt,– Osez donc !,– IMP donc !
2448,1886_Valles_L'Insurge_A.txt,"» Ils n' osent pas , et les voilà qui reculent piteusement .",""" il ne PRES pas , et le voilà qui PRES ADVMAN ."
2449,1886_Valles_L'Insurge_A.txt,"Gambetta a filé en sourdine , après un dernier moulinet d' éloquence .","NP avoir PPAS en NC , PHASE un ADJ NC de NCmod ."
2450,1886_Valles_L'Insurge_A.txt,"Ferry , qui joue les crânes , reste .","NP , qui PRES le NCo , PRES ."
2451,1886_Valles_L'Insurge_A.txt,"On l' entoure , on le presse … Qui sait comment la soirée va finir , et s' il couchera dans son lit ?","on le PRES , on le PRES … qui VCOG comment le NCT aller VASP , et si il VF dans DETPOSS NC ?"
2452,1886_Valles_L'Insurge_A.txt,"Quelques commandants se sont parlé à l' oreille dans un coin , et on a vu leur main serrer la poignée de leur sabre .","quelque NCs se être PPAS à le NCCOR dans un NC , et on avoir VCOG lui NCCOR INF le NC de lui NCmod ."
2453,1886_Valles_L'Insurge_A.txt,"« Vingtras , en êtes-vous ?",""" NP , en êtes-vous ?"
2454,1886_Valles_L'Insurge_A.txt,– Qu' y a -t -il ?,– que y avoir t il ?
2455,1886_Valles_L'Insurge_A.txt,"– Nous sommes ici une centaine , représentant cent bataillons .","– nous être ADVLIEU un NC , PPRES NUM NCo ."
2456,1886_Valles_L'Insurge_A.txt,"Sur cette centaine , il y en a huit à le plus pour Gambetta et Ferry .","sur ce NC , il y en avoir PPAS à le plus pour NP et NP ."
2457,1886_Valles_L'Insurge_A.txt,Si les quatre-vingt-douze autres disaient à ces huit et à ces deux : « Vous êtes nos prisonniers ?» L' idée a mordu .,"si le NUM autre VDIC à ce PPAS et à ce NUM : "" vous être DETPOSS NC ?» le NCs avoir PPAS ."
2458,1886_Valles_L'Insurge_A.txt,Il va y avoir de le nouveau dans une heure !,il aller y avoir de le ADJ dans un NCT !
2459,1886_Valles_L'Insurge_A.txt,Mais on a deviné sur nos lèvres et dans nos yeux ce que nous complotons .,mais on avoir VCOG sur DETPOSS NCCOR et dans DETPOSS NCCOR ce que nous PRES .
2460,1886_Valles_L'Insurge_A.txt,"Vont -ils prendre les devants , appeler les compagnies de garde et nous faire cerner et désarmer ?","aller il INF le ADVLIEU , INF le NCo de NCmod et nous faire INF et VSENT ?"
2461,1886_Valles_L'Insurge_A.txt,Non ; ils ne sont même pas sûrs de ceux qu' ils ont chargés de les défendre !,non ; il ne être même pas ADJ de celui que il avoir PPAS de le INF !
2462,1886_Valles_L'Insurge_A.txt,Il faut pourtant parer à le danger .,il PRES pourtant INF à le NC .
2463,1886_Valles_L'Insurge_A.txt,Qui les sauvera ?,qui le VF ?
2464,1886_Valles_L'Insurge_A.txt,"Deux hommes : Germain Casse qui fait le farouche , mais a un pied dans leur camp , et Vabre qui a toujours été avec eux !","NUM NCs : NP NP qui faire le NCo , mais avoir un NCCOR dans lui NC , et NP qui avoir ADVTEMPS être avec eux !"
2465,1886_Valles_L'Insurge_A.txt,"Ils se sont écartés un moment , pour reparaître une minute après , échevelés et haletants .","il se être PPAS un NC , pour INF un NCT PHASE , PPAS et ADJ ."
2466,1886_Valles_L'Insurge_A.txt,«Aux remparts !,ADJ NC !
2467,1886_Valles_L'Insurge_A.txt,à les remparts !! » On accourt .,"à le NCmod !! "" on PRES ."
2468,1886_Valles_L'Insurge_A.txt,«Aux remparts !,ADJ NC !
2469,1886_Valles_L'Insurge_A.txt,L' ennemi vient de percer les lignes .,le NCs venir de INF le NCo .
2470,1886_Valles_L'Insurge_A.txt,"Les bastions sont pris !» Personne ne pense plus à la conjuration , ou si quelques - uns y pensent encore , ils sentent bien que cette manœuvre les tue !","le NCspas être PPAS !» personne ne VCOG plus à le NC , ou si quelque - un y VCOG encore , il sentir bien que ce NCs le PRES !"
2471,1886_Valles_L'Insurge_A.txt,"Et voilà comment , un soir de la semaine dernière , l' Hôtel de Ville a échappé à quelques commandants résolus qui voulaient s' en emparer .","et voilà comment , un NCT de le NCmod ADJ , le NCs de NP avoir PPAS à quelque NC ADJ qui vouloir se en INF ."
2472,1886_Valles_L'Insurge_A.txt,"Mais , patience !","mais , NCSENT !"
2473,1886_Valles_L'Insurge_A.txt,… Ils n' auront rien perdu pour attendre !,… il ne avoir rien PPAS pour INF !
2474,1886_Valles_L'Insurge_A.txt,21 30 octobre .,NUM NUM MOIS .
2475,1886_Valles_L'Insurge_A.txt,Oudet et Mallet sautent dans ma chambre .,NP et NP PRES dans DETPOSS NC .
2476,1886_Valles_L'Insurge_A.txt,"Ils m' apprennent le massacre , la défaite de le Bourget .","il lui VCOG le NCo , le NC de le NP ."
2477,1886_Valles_L'Insurge_A.txt,"« Oudet , repêche un clairon !",""" NP , PRES un NCo !"
2478,1886_Valles_L'Insurge_A.txt,"… Mallet , procure -toi une hache !","… NP , PRES soi un NCo !"
2479,1886_Valles_L'Insurge_A.txt,"…Tambours , battez le rappel !","NCs , IMP le NC !"
2480,1886_Valles_L'Insurge_A.txt,…» La rue est en feu !,…» le NCs être en NC !
2481,1886_Valles_L'Insurge_A.txt,Les sonneries et les batteries font rage !,le NCs et le NC faire NCSENT !
2482,1886_Valles_L'Insurge_A.txt,Mallet a sa hache à la main .,NP avoir DETPOSS NCo à le NCCOR .
2483,1886_Valles_L'Insurge_A.txt,"Voici de les centaines d' hommes qui , sous la fenêtre même à le pied de laquelle on hurlait : « À bas le commandant !","voici de le NC de NCmod qui , sous le NC même à le NCCOR de lequel on VDIC : "" à ADJ le NC !"
2484,1886_Valles_L'Insurge_A.txt,"» , attendent que Vingtras leur crie pourquoi il a proclamé le tumulte .",""" , PRES que NP lui VDIC pourquoi il avoir PPAS le NC ."
2485,1886_Valles_L'Insurge_A.txt,"« Citoyens , je reprends ma démission , et vous demande de marcher à votre tête et , sur-le-champ , à l' aide de les nôtres , qu' on laisse égorger sans secours , là-bas , à le Bourget !» Frémissements !",""" NC , je PRES DETPOSS NCo , et vous PRES de INF à DETPOSS NCCOR et , ADV , à le NC de le nôtre , que on laisser INF sans NC , ADVLIEU , à le NP !» NP !"
2486,1886_Valles_L'Insurge_A.txt,exclamations !,NC !
2487,1886_Valles_L'Insurge_A.txt,« À le Bourget !,""" à le NP !"
2488,1886_Valles_L'Insurge_A.txt,"À le Bourget !» On serre les mains d' Oudet et de Mallet , mes grands camarades , qui sont toujours là pour me frayer la voie par leur courage .","à le NP !» on PRES le NCCOR de NP et de NP , DETPOSS ADJ NC , qui être ADVTEMPS ADVLIEU pour me INF le NCo par lui NC ."
2489,1886_Valles_L'Insurge_A.txt,« Et pourquoi la hache ?,""" et pourquoi le NC ?"
2490,1886_Valles_L'Insurge_A.txt,"– Pour défoncer le tonneau de cartouches qu' il m' est défendu de livrer sans un ordre de le maire , sans tous les sacrements de l' état-major , mais que j' ai fait rouler dans la rue pour que vous y puisiez le pain de vos gibernes .","– pour INF le NCo de NCmod que il lui être PPAS de INF sans un NC de le NC , sans tout le NCmod de le NCmod , mais que je avoir faire INF dans le NC pour que vous y VSUBP le NCo de DETPOSS NCmod ."
2491,1886_Valles_L'Insurge_A.txt,Fais sauter le couvercle !,faire INF le NCo !
2492,1886_Valles_L'Insurge_A.txt,– Vive la République !» Tous en ligne … pas un qui manque à l' appel !,– PRES le NCo !» tout en NC … pas un qui PRES à le NC !
2493,1886_Valles_L'Insurge_A.txt,Les officiers s' approchent de moi .,le NCs se PRES de soi .
2494,1886_Valles_L'Insurge_A.txt,Il se forme autour de mon képi découronné comme un conseil de guerre .,il se PRES ADV de DETPOSS NC PPAS comme un NC de NCmod .
2495,1886_Valles_L'Insurge_A.txt,"« On va partir , c' est dit .",""" on aller INF , ce être VDIC ."
2496,1886_Valles_L'Insurge_A.txt,"Mais il faudra auparavant s' entendre avec la Place pour combiner notre entrée en bataille , savoir quelles sont les mesures déjà prises …» Ce sont d' anciens soldats qui mettent cette barre en travers de le chemin .","mais il VF ADV se VCOG avec le NP pour INF DETPOSS NCo en NCmod , VCOG quel être le NCs déjà PPAS …» ce être un ADJ NC qui mettre ce NCo en travers de le NC ."
2497,1886_Valles_L'Insurge_A.txt,Chez Clément Thomas .,chez NP NP .
2498,1886_Valles_L'Insurge_A.txt,« Le général ?,""" le NC ?"
2499,1886_Valles_L'Insurge_A.txt,– Vous ne pouvez pas le voir .,– vous ne pouvoir pas le VCOG .
2500,1886_Valles_L'Insurge_A.txt,– Il le faut !,– il le PRES !
2501,1886_Valles_L'Insurge_A.txt,– Halte-là !,– NP !
2502,1886_Valles_L'Insurge_A.txt,» Mais à bas la consigne !,""" mais à NC le NC !"
2503,1886_Valles_L'Insurge_A.txt,"Les factionnaires marchent sur elle et l' écrasent sous le piétinement de leur colère quand nous leur lançons dans l' oreille les nouvelles sinistres , et notre résolution .","le NCs PRES sur il et le PRES sous le ADV de lui NCSENT quand nous lui PRES dans le NCCOR le NCo ADJ , et DETPOSS NC ."
2504,1886_Valles_L'Insurge_A.txt,Clément Thomas arrive à le bruit .,NP NP PRES à le NC .
2505,1886_Valles_L'Insurge_A.txt,"Il se fâche , me reconnaît , m' interpelle .","il se VSENT , me VCOG , me PRES ."
2506,1886_Valles_L'Insurge_A.txt,« Que voulez -vous encore ?,""" que vouloir vous encore ?"
2507,1886_Valles_L'Insurge_A.txt,"» Ce que nous voulons , je le lui crie , les autres le lui crient aussi .",""" ce que nous vouloir , je le lui VDIC , le autre le lui VDIC aussi ."
2508,1886_Valles_L'Insurge_A.txt,«Je vous fais empoigner si vous gardez ce ton-là !» Nous le gardons … les empoigneurs se font attendre .,«il vous faire INF si vous PRES ce ton-là !» nous le PRES … le NC se faire INF .
2509,1886_Valles_L'Insurge_A.txt,"Mais il nous bouscule de son autorité et de sa prétendue expérience de stratégie – le général qui fut marchef {3} pour tout potage , il y a trente ans !","mais il nous PRES de DETPOSS NC et de DETPOSS ADJ NC de NCmod – le NC qui être NC {3} pour tout NC , il y avoir NUM NCT !"
2510,1886_Valles_L'Insurge_A.txt,"Il nous jette à la tête un plan qui vient d' être élucidé par l' Hôtel de Ville avec les chefs de corps , et que notre expédition irrégulière ferait manquer .","il nous PRES à le NCCOR un NC qui venir de être PPAS par le NC de NP avec le NC de NCCOR , et que DETPOSS NC ADJ faire INF ."
2511,1886_Valles_L'Insurge_A.txt,"«Des forces ont été échelonnées suivant les lois de la guerre , et doivent intervenir à de les moments précis , suivant de les signaux connus .","«D NCSENT avoir être PPAS suivant le NC de le NCmod , et devoir INF à de le NC ADJ , PPRES de le NC PPAS ."
2512,1886_Valles_L'Insurge_A.txt,"De les surprises savantes sont ménagées pour écraser l' ennemi et venger nos morts … Consentez -vous à accepter la responsabilité de la défaite , à vous exposer à les reproches de folie ou même de trahison ?","de le NCSENT ADJ être PPAS pour INF le NCo et INF DETPOSS NCo … IMP le à INF le NCo de le NC , à vous INF à le NC de NCmod ou même de NC ?"
2513,1886_Valles_L'Insurge_A.txt,"» J' ai baissé la tête , effrayé , et j' ai repris le chemin de le boulevard Puebla où les hommes m' attendaient , drapeau à le centre .",""" je avoir PPAS le NCCOR , PPAS , et je avoir PPAS le NCo de le NCmod NP où le NC lui VIMP , NC à le NCmod ."
2514,1886_Valles_L'Insurge_A.txt,Un officier de secteur nous avait accompagnés .,un NCs de NCmod nous avoir PPAS .
2515,1886_Valles_L'Insurge_A.txt,"Il a promis que s' il y avait de le renfort à diriger sur le Bourget , c' est le 191 e qui serait lancé le premier .","il avoir PPAS que si il y avoir de le NC à INF sur le NP , ce être le NUM e qui être PPAS le ADJ ."
2516,1886_Valles_L'Insurge_A.txt,"Ah! bien , oui !","Ah! bien , oui !"
2517,1886_Valles_L'Insurge_A.txt,"On s' est couchés , les larmes à les yeux , et l' on a remisé le drapeau trempé par la pluie et puant la laine mouillée – alors qu' il aurait dû embaumer la poudre !","on se être PPAS , le NC à le NCCOR , et l' on avoir PPAS le NCo PPAS par le NC et PPRES le NCo PPAS – alors que il avoir devoir INF le NC !"
2518,1886_Valles_L'Insurge_A.txt,31 octobre .,NUM MOIS .
2519,1886_Valles_L'Insurge_A.txt,Autres nouvelles plus affreuses encore !,autre ADJ plus ADJ encore !
2520,1886_Valles_L'Insurge_A.txt,Bazaine a trahi !,NP avoir PPAS !
2521,1886_Valles_L'Insurge_A.txt,Le gouvernement de la Défense le savait et le cachait .,le NCs de le NP le VCOG et le NC .
2522,1886_Valles_L'Insurge_A.txt,"« À l' Hôtel de Ville !» De quartier à quartier , on s' est entendus pour descendre ensemble .",""" à le NC de NCmod !» de NCmod à NCmod , on se être VCOG pour INF ensemble ."
2523,1886_Valles_L'Insurge_A.txt,On descend !,on PRES !
2524,1886_Valles_L'Insurge_A.txt,"Mais devant la Corderie , de les amis sont groupés , qui me confisquent , prétendant que les compagnies peuvent aller de l' avant sans moi , tandis qu' il y a à délibérer à le nom de le peuple .","mais ADVLIEU le NP , de le NCspas être PPAS , qui me PRES , PPRES que le NCs pouvoir aller de le PHASE sans soi , PHASE que il y avoir à INF à le NC de le NC ."
2525,1886_Valles_L'Insurge_A.txt,"«Il s' agit de savoir comment on conduira le mouvement .» Seulement , nous ne sommes que sept .","NP se PRES de VCOG comment on VF le NCo .» ADV , nous ne être que NUM ."
2526,1886_Valles_L'Insurge_A.txt,Les célèbres manquent .,le NCs PRES .
2527,1886_Valles_L'Insurge_A.txt,"Blanqui est venu , puis reparti ; Vaillant de même .","Blanqui être venir , puis PPAS ; PPRES de même ."
2528,1886_Valles_L'Insurge_A.txt,"Les plus populaires sont noyés dans les bataillons qui ont voulu les avoir avec eux , et ne les lâchent pas .","le plus ADJ être PPAS dans le NC qui avoir vouloir le avoir avec eux , et ne le PRES pas ."
2529,1886_Valles_L'Insurge_A.txt,"Jusqu' à moi , que l' on réclame , là-bas , et qu' on vient reprendre .","jusque à soi , que l' on PRES , ADVLIEU , et que on venir INF ."
2530,1886_Valles_L'Insurge_A.txt,« Vingtras !,""" NP !"
2531,1886_Valles_L'Insurge_A.txt,Vingtras !» Ah !,NP !» NP !
2532,1886_Valles_L'Insurge_A.txt,ceux qui croient que les chefs mènent les insurrections sont de grands innocents !,celui qui VCOG que le NCs PRES le NCo être un ADJ NC !
2533,1886_Valles_L'Insurge_A.txt,"Émietté , dispersé , déchiré , noyé , ce qu' on appelle l' état-major dans le tumulte de les vagues humaines !","PPAS , PPAS , PPAS , PPAS , ce que on PRES le NC dans le NC de le NC ADJ !"
2534,1886_Valles_L'Insurge_A.txt,"Tout à le plus , la tête d' un de ces chefs peut -elle émerger , à un moment , comme les bustes de femmes peintes , sculptés à la proue de les navires , et qui paraissent et disparaissent à la grâce de la tempête , à le hasard de le roulis !","tout à le plus , le NCCOR de un de ce NCmod pouvoir il INF , à un NC , comme le NCCOR de NCmod ADJ , PPAS à le NC de le NCmod , et qui paraître et VSUBP à le NC de le NCmod , à le NCmod de le NCmod !"
2535,1886_Valles_L'Insurge_A.txt,"Nous avons décidé quand même , sur le bord de le trottoir , à cinq ou six , que ce soir il fallait que la Commune fût proclamée .","nous avoir PPAS quand même , sur le NC de le NCmod , à NUM ou NUM , que ce NCT il VIMP que le NP être PPAS ."
2536,1886_Valles_L'Insurge_A.txt,« La Commune … entendu. – Mais venez donc !,""" le NP … entendu. – mais venir donc !"
2537,1886_Valles_L'Insurge_A.txt,» crie l' homme chargé de me ramener .,""" VDIC le NCs PPAS de me INF ."
2538,1886_Valles_L'Insurge_A.txt,"En route , j' ai été arraché à le sergent et retenu par les arracheurs comme je l' avais été par lui , séparé de le gros de la foule , hissé sur une chaise de marchand de vin , forcé de pérorer , chargé par un comité déjà improvisé autour de le billard de rédiger une proclamation , et de discuter , entre deux mêlé-casse , ceux qu' on va « porter à le pouvoir » .","en NC , je avoir être PPAS à le NC et PPAS par le NC comme je le avoir être par lui , PPAS de le NC de le NCmod , PPAS sur un NC de NCmod de NCmod , PPAS de VDIC , PPAS par un NC déjà PPAS ADV de le NC de INF un NC , et de INF , entre NUM NC , celui que on aller "" INF à le pouvoir "" ."
2539,1886_Valles_L'Insurge_A.txt,Une détonation !,un NC !
2540,1886_Valles_L'Insurge_A.txt,Les enfants piaillent et se sauvent .,le NCs PRES et se PRES .
2541,1886_Valles_L'Insurge_A.txt,"Le comité de chez le mastroquet , qui est composé de braves , dit que c' est le moment de se montrer , et nous essayons de refouler les fuyards en nous dirigeant vers l' Hôtel de Ville , qu' il s' agit de prendre .","le NC de chez le NCmod , qui être PPAS de NC , VDIC que ce être le NC de se INF , et nous PRES de INF le NCo en nous PPRES vers le NC de NC , que il se PRES de INF ."
2542,1886_Valles_L'Insurge_A.txt,"« Il est à nous , me dit Oudet qui en revient .",""" il être à nous , me VDIC NP qui en PRES ."
2543,1886_Valles_L'Insurge_A.txt,"Tu ne veux rien être , n' est -ce pas ?","je ne vouloir rien être , ne être ce pas ?"
2544,1886_Valles_L'Insurge_A.txt,"– Eh bien , retournons à le quartier , et restons avec les inconnus dans les faubourgs .» Je n' ai pas osé passer outre !","– INTJ bien , PRES à le NC , et PRES avec le NC dans le NC .» je ne avoir pas PPAS INF ADV !"
2545,1886_Valles_L'Insurge_A.txt,"J' aurais voulu pourtant aller à l' Hôtel de Ville , peut-être bien y avoir un poste de combat , être quelque chose dans l' insurrection !","je avoir vouloir pourtant aller à le NC de NCmod , peut-être bien y avoir un NCo de NCmod , être quelque chose dans le NCmod !"
2546,1886_Valles_L'Insurge_A.txt,"Oudet m' a fait rougir de mes prétentions , ou plutôt j' ai manqué de courage .","NP le avoir faire INF de DETPOSS NC , ou plutôt je avoir PPAS de NC ."
2547,1886_Valles_L'Insurge_A.txt,C' est à regret que j' ai rebroussé chemin .,ce être à NCSENT que je avoir PPAS NCo .
2548,1886_Valles_L'Insurge_A.txt,"Mais Oudet , que j' estime et qui m' aime , a dû voir clair .","mais NP , que je VSENT et qui lui VSENT , avoir devoir VCOG ADJ ."
2549,1886_Valles_L'Insurge_A.txt,"Laissons la place à les autres , et remontons là-haut .","IMP le NCo à le autre , et VSENT ADVLIEU ."
2550,1886_Valles_L'Insurge_A.txt,Pas avant d' avoir grimpé l' escalier de la Corderie .,pas PHASE de avoir PPAS le NCo de le NP .
2551,1886_Valles_L'Insurge_A.txt,Ils sont là sept ou huit que je déconcerte en leur apprenant ce que je tiens d' Oudet: à savoir que le gouvernement nouveau est constitué .,il être ADVLIEU NUM ou NUM que je PPAS en lui VCOG ce que je PRES de NP à VCOG que le NCspas ADJ être PPAS .
2552,1886_Valles_L'Insurge_A.txt,Ils étaient en train de faire leur liste … comme chez le mannezingue {4} .,il être en NC de faire lui NCo … comme chez le NC {4} .
2553,1886_Valles_L'Insurge_A.txt,« Mais notre devoir est d' en être !,""" mais DETPOSS devoir être de en être !"
2554,1886_Valles_L'Insurge_A.txt,"» dit , en se drapant dans un pet-en- l' air bleu , un jeune avocat communiste , prêt à mourir à le besoin sous le pavillon de l' émeute , mais prêt aussi à avoir les bénéfices de son ambition comme il en a le toupet – un toupet soutenu par une tignasse noire , telle qu' en ont les tribuns dans les gravures , et qu' il secoue à la Mirabeau sur ses épaules de Gringalet !",""" VDIC , en se PPRES dans un pet-en- le NCMAN ADJCOL , un ADJ NC ADJ , ADJ à INF à le NC sous le NC de le NCmod , mais ADJ aussi à avoir le NCo de DETPOSS NCSENT comme il en avoir le NCo – un NC PPAS par un NCs ADJ , tel que en avoir le NC dans le NCmod , et que il PRES à le NP sur DETPOSS NCCOR de NP !"
2555,1886_Valles_L'Insurge_A.txt,"J' ai gâché là de le temps , parce que , peu à peu , quelques -uns sont revenus , et qu' on s' est interrogés , chamaillés et insultés en Byzantins à propos de la conduite à tenir vis-à-vis de le peuple – comme si ce peuple nous regardait par le trou de la serrure , et nous attendait sur le palier pour nous supplier d' être les maîtres .","je avoir PPAS ADVLIEU de le temps , parce que , peu à peu , quelque NCspas être PPAS , et que on se être VDIC , PPAS et PPAS en NP à NC de le NCmod à INF ADV de le NC – comme si ce NCs nous VCOG par le NC de le NCmod , et nous VIMP sur le NC pour nous INF de être le NC ."
2556,1886_Valles_L'Insurge_A.txt,"Décidément , je retourne chez mes Sarmates .","ADV , je PRES chez DETPOSS NP ."
2557,1886_Valles_L'Insurge_A.txt,"« Vous savez qu' à la mairie de la Villette sont restés de les gardes nationaux qui , ce matin , n' ont pas voulu participer à le mouvement ?",""" vous VCOG que à le NC de le NP être PPAS de le NC ADJ qui , ce NCT , ne avoir pas vouloir INF à le NC ?"
2558,1886_Valles_L'Insurge_A.txt,"– Allons occuper la mairie de La Villette » Je suis en sabots , mes bottes d' honneur me faisaient mal .","– aller INF le NCo de le NP "" je être en NC , DETPOSS NCs de NCSENT me faire mal ."
2559,1886_Valles_L'Insurge_A.txt,J' ai pris de les souliers de bois que j' ai trouvés dans un coin .,je avoir PPAS de le NC de NCmod que je avoir PPAS dans un NC .
2560,1886_Valles_L'Insurge_A.txt,"Par-dessus ma vareuse , j' ai jeté un macfarlane usé , râpé , qui fut bleu et qui a verdi … mais j' ai mon sabre à le ceinturon .","ADV DETPOSS NC , je avoir PPAS un NCo PPAS , PPAS , qui être PPAS et qui avoir PPAS … mais je avoir DETPOSS NCo à le NCmod ."
2561,1886_Valles_L'Insurge_A.txt,Je le tire à le clair .,je le PRES à le NC .
2562,1886_Valles_L'Insurge_A.txt,"Et sous la pluie qui tombe d' un ciel brouillé et triste , pataugeant dans les mares de boue , je mène une trentaine d' hommes de le côté de la rue de Flandre .","et sous le NC qui PRES de un NC ADJ et ADJ , PPRES dans le NC de NCmod , je PRES un NCo de NCmod de le NCmod de le NCmod de NP ."
2563,1886_Valles_L'Insurge_A.txt,"Nous faisons pitié avec nos cheveux ruisselants , nos culottes crottées .","nous PRES NCo avec DETPOSS NCCOR ADJ , DETPOSS NC ADJ ."
2564,1886_Valles_L'Insurge_A.txt,"Mon coupe-chou a déjà de les gales de rouille , et mon macfarlane les ailes aplaties et veules .","DETPOSS NC avoir déjà de le NC de NCmod , et DETPOSS NC le NC ADJ et ADJ ."
2565,1886_Valles_L'Insurge_A.txt,J' ai l' air d' une poule qui s' échappe d' un baquet .,je avoir le NCMAN de un NC qui se PRES de un NC .
2566,1886_Valles_L'Insurge_A.txt,« Halte-là! … » l' éternel « Halte-là !,""" NP … "" le NC "" NP !"
2567,1886_Valles_L'Insurge_A.txt,"» qui m' attend à toutes les portes , depuis que je suis à le monde .",""" qui lui PRES à tout le NC , depuis que je être à le NC ."
2568,1886_Valles_L'Insurge_A.txt,Mais les trempés qui me suivent ont été rangés en bataille derrière le macfarlane qui se secoue et se raidit .,mais le NCspas qui me PRES avoir être PPAS en NC ADVLIEU le NC qui se ADJ et se PRES .
2569,1886_Valles_L'Insurge_A.txt,"« Place à le peuple , maître de le pouvoir !» La grille s' ouvre , et nous laisse passer .",""" NP à le NCmod , NC de le pouvoir !» le NCs se PRES , et nous laisser INF ."
2570,1886_Valles_L'Insurge_A.txt,« De le moment que l' Hôtel de Ville est à vous !,""" de le NC que le NCs de NP être à vous !"
2571,1886_Valles_L'Insurge_A.txt,"… » Grand bruit dans la cour bondée de soldats , hérissée de fusils .","… "" ADJ NC dans le NCmod ADJ de NCmod , VSENT de NC ."
2572,1886_Valles_L'Insurge_A.txt,« L' écharpe !,""" le NCs !"
2573,1886_Valles_L'Insurge_A.txt,"l' écharpe !» Deux ou trois officiers se précipitent sur moi , m' étreignent et me ficellent .","le NC !» NUM ou NUM NC se PRES sur soi , lui PRES et me PRES ."
2574,1886_Valles_L'Insurge_A.txt,"« À le nom de la Révolution , nous vous nommons maire de l' arrondissement !» disent -ils en serrant la ceinture … en la serrant trop fort .",""" à le NC de le NCmod , nous vous PRES NC de le NCmod !» VDIC il en PPRES le NCo … en le PPRES trop fort ."
2575,1886_Valles_L'Insurge_A.txt,"On desserre un peu; mais c' est le tour de la tête , maintenant .","on PRES un peu; mais ce être le NC de le NCCOR , ADVT ."
2576,1886_Valles_L'Insurge_A.txt,"« À le nom de la Révolution , recevez l' accolade !",""" à le NC de le NCmod , IMP le NCo !"
2577,1886_Valles_L'Insurge_A.txt,"» Et je reçois quelques baisers bruyants : de les baisers de le bon coin , qui sentent l' oignon , voire l' ail !",""" et je PRES quelque NCo ADJ : de le NC de le ADJ NCmod , qui sentir le NCo , voire le NC !"
2578,1886_Valles_L'Insurge_A.txt,"Et maintenant , à l' œuvre !","et ADVT , à le NC !"
2579,1886_Valles_L'Insurge_A.txt,« À l' œuvre !,""" à le NCmod !"
2580,1886_Valles_L'Insurge_A.txt,Mais qu' est -ce qu' il faut que je fasse ?,mais que être ce que il PRES que je faire ?
2581,1886_Valles_L'Insurge_A.txt,"» Et de les harangues , donc !",""" et de le NCo , donc !"
2582,1886_Valles_L'Insurge_A.txt,"Est -ce qu' on va rester sans parler à le peuple , sans lui dire qu' on mourra pour lui ?","être ce que on aller INF sans INF à le NC , sans lui VDIC que on VF pour lui ?"
2583,1886_Valles_L'Insurge_A.txt,"« Car enfin , vous mourrez pour lui , n' est -ce pas ?",""" car PHASE , vous PRES pour lui , ne être ce pas ?"
2584,1886_Valles_L'Insurge_A.txt,– Certainement .,– ADVINT .
2585,1886_Valles_L'Insurge_A.txt,"– Eh bien , dites-le-lui .","– INTJ bien , PPAS ."
2586,1886_Valles_L'Insurge_A.txt,Il aime à ce qu' on le lui dise … Montez sur la table … Attention !,il VSENT à ce que on le lui PRES … IMP sur le NC … INTJ !
2587,1886_Valles_L'Insurge_A.txt,… Là !,… ADVLIEU !
2588,1886_Valles_L'Insurge_A.txt,"… Vous pouvez y aller , maintenant .» Et j' y vais .","… vous pouvoir y aller , ADVT .» et je y aller ."
2589,1886_Valles_L'Insurge_A.txt,"Quand je sens que je n' ai plus de salive , je conclus : « Citoyens , le temps de les discours est passé !","quand je sentir que je ne avoir plus de NC , je PPAS : "" NCo , le temps de le NCmod être PPAS !"
2590,1886_Valles_L'Insurge_A.txt,» « J' ai à faire maintenant ce que doivent faire les hommes à sous-ventrière .,""" "" je avoir à faire ADVT ce que devoir faire le NCs à NCmod ."
2591,1886_Valles_L'Insurge_A.txt,– Que font -il ?,– que faire il ?
2592,1886_Valles_L'Insurge_A.txt,Voyons !,VCOG !
2593,1886_Valles_L'Insurge_A.txt,– Dame !,– NP !
2594,1886_Valles_L'Insurge_A.txt,"je ne sais guère , murmure un voisin que l' on a nommé adjoint de le coup , et qui attend également qu' on lui apprenne son métier .","je ne VCOG guère , INF un NCo que l' on avoir PPAS NC de le NCmod , et qui PRES également que on lui VSUBP DETPOSS NCo ."
2595,1886_Valles_L'Insurge_A.txt,"– Il faut signer de les bons , c' est bien simple !","– il PRES INF de le NC , ce être bien ADJ !"
2596,1886_Valles_L'Insurge_A.txt,dit un vieux qui paraît ahuri de mon ignorance .,VDIC un ADJ qui paraître NCo de DETPOSS NC .
2597,1886_Valles_L'Insurge_A.txt,"– Signer de les bons , je veux bien , mais de les bons de quoi ?","– NP de le ADJ , je vouloir bien , mais de le NC de quoi ?"
2598,1886_Valles_L'Insurge_A.txt,"– De les bons pour les voitures , pour les lampes , pour de l' huile , de le papier , pour toutes choses généralement quelconques , pardi !","– de le NC pour le NCmod , pour le NCmod , pour de le NC , de le NC , pour tout chose ADVTEMPS ADJ , NC !"
2599,1886_Valles_L'Insurge_A.txt,comme ça se fait toujours en révolution !» Diable !,comme ça se faire ADVTEMPS en NC !» NP !
2600,1886_Valles_L'Insurge_A.txt,"Je croyais qu' on allait seulement me demander de les cartouches , et j' aurais paraphé de les deux mains .","je VIMP que on aller seulement me INF de le NC , et je avoir PPAS de le NUM NCCOR ."
2601,1886_Valles_L'Insurge_A.txt,"Mais pour le reste … « Et les nouvelles à aller chercher à l' Hôtel de Ville , à le secteur .","mais pour le NC … "" et le NC à aller INF à le NC de NP , à le NCmod ."
2602,1886_Valles_L'Insurge_A.txt,Il faut de les fiacres .,il PRES de le NC .
2603,1886_Valles_L'Insurge_A.txt,"Avec votre griffe , on en réquisitionnera de force .","avec DETPOSS NC , on en VF de NCSENT ."
2604,1886_Valles_L'Insurge_A.txt,Ils viendront se faire payer demain.» Demain !,il venir se faire INF demain.» ADVT !
2605,1886_Valles_L'Insurge_A.txt,"je ne sais pas trop où nous serons , demain .","je ne VCOG pas trop où nous VF , ADVT ."
2606,1886_Valles_L'Insurge_A.txt,"Or , je viens non seulement de signer de les bons , mais de « voler la caisse » !","or , je venir non seulement de INF de le NC , mais de "" INF le NCo "" !"
2607,1886_Valles_L'Insurge_A.txt,"Car ils m' accuseront de l' avoir volée , s' ils reprennent l' offensive !","car il lui VDIC de le avoir PPAS , si il VSUBP le NCo !"
2608,1886_Valles_L'Insurge_A.txt,"Je les connais , les procès de lendemain d' émeute , et ce n' est pas ma vie seule que je joue .","je le PRES , le NC de NC de NCmod , et ce ne être pas DETPOSS NC ADJ que je PRES ."
2609,1886_Valles_L'Insurge_A.txt,Elle ne m' a pas l' air bien en danger .,il ne lui avoir pas le NCMAN bien en NC .
2610,1886_Valles_L'Insurge_A.txt,"C' est bel et bien mon honneur qui est sur le tapis où roulent ces quelques pièces de cent sous , prises sous la responsabilité de celui qui commande en ce moment et qui s' appelle Jacques Vingtras .","ce être ADJ et bien DETPOSS NCSENT qui être sur le NC où PRES ce quelque NC de NUM NCmod , PPAS sous le NC de celui qui PRES en ce NC et qui se PRES NP NP ."
2611,1886_Valles_L'Insurge_A.txt,Ah! bah !,Ah! INTJ !
2612,1886_Valles_L'Insurge_A.txt,le sort en est jeté !,le NCspas en être PPAS !
2613,1886_Valles_L'Insurge_A.txt,Ça tournera comme ça voudra !,ça VF comme ça VF !
2614,1886_Valles_L'Insurge_A.txt,"Mais je vais tâcher que ça tourne à le grave , et ne pas passer mon temps à signer de les bons de fourrage et de les papiers de factures .","mais je aller INF que ça PRES à le NC , et ne pas INF DETPOSS temps à INF de le NC de NC et de le NC de NCmod ."
2615,1886_Valles_L'Insurge_A.txt,Ça ne tourne pas à le grave – à le contraire !,ça ne PRES pas à le NC – à le NC !
2616,1886_Valles_L'Insurge_A.txt,"Je viens d' entendre , dans il escalier , un boucan de tous les diables .","je venir de VCOG , dans il INF , un NCo de tout le NCmod ."
2617,1886_Valles_L'Insurge_A.txt,"C' est Richard , l' ancien maire , qui vient de l' Hôtel de Ville où il est allé chercher de les ordres près de ses patrons , et qui traverse le bataillon de les envahisseurs .","ce être NP , le ADJ NC , qui venir de le NC de NP où il être aller INF de le NC ADVLIEU de DETPOSS NC , et qui PRES le NCo de le NCmod ."
2618,1886_Valles_L'Insurge_A.txt,Il se précipite sur l' écharpe dans laquelle on m' a saucissonné .,il se PRES sur le NC dans lequel on lui avoir PPAS .
2619,1886_Valles_L'Insurge_A.txt,« Rendez-moi ça !,""" NP ça !"
2620,1886_Valles_L'Insurge_A.txt,Vous violez la loi .,vous PRES le NCo .
2621,1886_Valles_L'Insurge_A.txt,Je vous ferai fusiller demain !» Il me tient à le ventre et essaie de m' arracher la ceinture tricolore qui s' est enroulée en nœud coulant .,je vous faire INF ADVT !» il me PRES à le NCCOR et PRES de se INF le NCo ADJ qui se être PPAS en NC ADJ .
2622,1886_Valles_L'Insurge_A.txt,Ce nœud m' écrase le nombril … ma langue devient bleue .,ce NCs se PRES le NCCOR … DETPOSS NCCOR devenir ADJCOL .
2623,1886_Valles_L'Insurge_A.txt,"« On étouffe nos frères !» crie un vieux de 48 , quoique je ne lui sois aucunement parent .",""" on PRES DETPOSS NCo !» VDIC un ADJ de NUM , quoique je ne lui ADV aucunement NC ."
2624,1886_Valles_L'Insurge_A.txt,"Et on fait lâcher prise à le bonhomme qu' on serre de très près à son tour , il renverse déjà les yeux !","et on faire INF prendre à le NC que on PRES de très ADVLIEU à DETPOSS NC , il PRES déjà le NCCOR !"
2625,1886_Valles_L'Insurge_A.txt,"Heureusement , j' ai retrouvé ma respiration : « Citoyens , qu' on ne touche pas à un cheveu de cette tête vide , qu' on respecte l' écorce de ce coco sans jus !» On rit .","heureusement , je avoir PPAS DETPOSS NCo : "" NC , que on ne PRES pas à un NCCOR de ce NCCOR ADJ , que on PRES le NCs de ce NC sans NCmod !» on PRES ."
2626,1886_Valles_L'Insurge_A.txt,Le coco écume !,le NC ADJ !
2627,1886_Valles_L'Insurge_A.txt,"« Vous pouvez me torturer , je vous dis que demain vous serez châtié !",""" vous pouvoir me INF , je vous VDIC que ADVT vous être PPAS !"
2628,1886_Valles_L'Insurge_A.txt,"– Nul ne songe à vous torturer , mais pour que vous n' embêtiez plus le monde , on va vous coller dans une armoire .» Et je l' ai fait porter dans un placard … un placard énorme où il est très à l' aise , ma foi , s' il veut rester debout , et où il peut faire très bien un somme , s' il veut s' étendre sur la planche de le milieu , en chien de fusil .","– nul ne VSUBP à vous INF , mais pour que vous ne PRES plus le NCo , on aller vous INF dans un NC .» et je le avoir faire INF dans un NC … un NCmod ADJ où il être très à le NC , DETPOSS NC , si il vouloir INF ADV , et où il pouvoir faire très bien un NCo , si il vouloir se INF sur le NC de le milieu , en NCmod de NCmod ."
2629,1886_Valles_L'Insurge_A.txt,La révolution suit son cours .,le NCs PRES DETPOSS NCo .
2630,1886_Valles_L'Insurge_A.txt,Une heure de le matin .,un NCT de le NCT .
2631,1886_Valles_L'Insurge_A.txt,"Un de les gardiens demande à parler à le maire en exercice , à le nom de le maire sous les scellés .","un de le NCmod PRES à INF à le NC en NC , à le NC de le NCmod sous le NC ."
2632,1886_Valles_L'Insurge_A.txt,«Qu' arrive -t -il ?,«Que PRES t il ?
2633,1886_Valles_L'Insurge_A.txt,S' est -il tué ?,se être il PPAS ?
2634,1886_Valles_L'Insurge_A.txt,A -t -il été asphyxié là-dedans ?,à t il être PPAS ADJ ?
2635,1886_Valles_L'Insurge_A.txt,…» Non !,…» non !
2636,1886_Valles_L'Insurge_A.txt,Le parlementaire reste muet .,le NCs PRES ADJ .
2637,1886_Valles_L'Insurge_A.txt,« Parlez !,""" parlez !"
2638,1886_Valles_L'Insurge_A.txt,"parlez !» Il n' ose pas , mais , se penchant à mon oreille : « Pardon , excuse , mon officier … mais c' est qu' il se tortille depuis un bon moment … quoi , suffit !","parlez !» il ne PRES pas , mais , se PPRES à DETPOSS NCCOR : "" NP , PRES , DETPOSS NC … mais ce être que il se PRES depuis un ADJ NC … quoi , PRES !"
2639,1886_Valles_L'Insurge_A.txt,"… Vous comprenez , faut -il le laisser aller , citoyens ?","… vous VCOG , PRES il le laisser aller , ADJ ?"
2640,1886_Valles_L'Insurge_A.txt,"– Le laisser aller dans l' armoire , oui , a dit Grêlier , l' adjoint , dans l' armoire , entendez-vous !","– le laisser aller dans le NC , oui , avoir VDIC NP , le NC , dans le NC , entendez-le !"
2641,1886_Valles_L'Insurge_A.txt,– Vous êtes dur! – Eh !,– vous être dur! – INTJ !
2642,1886_Valles_L'Insurge_A.txt,"mon cher , il sort , la moitié de les hommes est fichue de se rallier à lui et de venir nous enlever !","DETPOSS NC , il PRES , le NCs de le NCmod être ADJ de se INF à lui et de venir nous INF !"
2643,1886_Valles_L'Insurge_A.txt,"Il est rageur , le gars , et résolu !","il être ADJ , le NC , et PPAS !"
2644,1886_Valles_L'Insurge_A.txt,… Laissez -le donc mouiller sa poudre !» Qu' il la mouille !,… laisser le donc INF DETPOSS NC !» que il le NC !
2645,1886_Valles_L'Insurge_A.txt,"Moins d' une heure après , un sergent se présente , un intraitable , celui-là !","moins de un NCT PHASE , un NCs se PRES , un ADJ , celui-là !"
2646,1886_Valles_L'Insurge_A.txt,"On l' appelle le sapeur , à cause de le poil qui lui couvre la face .","on le PRES le NC , à NCmod de le NCCOR qui lui PRES le NCo ."
2647,1886_Valles_L'Insurge_A.txt,Il se ferait tuer de bon cœur à la place de «son » commandant .,"il se faire INF de ADJ NC à le NC de NCmod "" NC ."
2648,1886_Valles_L'Insurge_A.txt,« Même que pour lui je couperais ma barbe !,""" même que pour lui je VCOND DETPOSS NCCOR !"
2649,1886_Valles_L'Insurge_A.txt,"» dit -il , la flamme de le dévouement à les yeux .",""" VDIC il , le NCo de le NCmod à le NCCOR ."
2650,1886_Valles_L'Insurge_A.txt,Il apporte de les nouvelles de l' armoire .,il PRES de le NC de le NCmod .
2651,1886_Valles_L'Insurge_A.txt,"« Elle est inondée , sauf votre respect , mon commandant !",""" il être PPAS , sauf DETPOSS NC , DETPOSS NC !"
2652,1886_Valles_L'Insurge_A.txt,Mais c' est pas seulement ça !,mais ce être pas seulement ça !
2653,1886_Valles_L'Insurge_A.txt,– Qu' y a -t -il ?,– que y avoir t il ?
2654,1886_Valles_L'Insurge_A.txt,"» Il ne sait trop comment s' expliquer , lui aussi .",""" il ne VCOG trop comment se VDIC , lui aussi ."
2655,1886_Valles_L'Insurge_A.txt,«Il y a que le particulier ne se gêne plus … et il demande … – Il demande quoi ?,NP y avoir que le NCs ne se PRES plus … et il PRES … – il PRES quoi ?
2656,1886_Valles_L'Insurge_A.txt,"– Eh bien , mon commandant , il demande à sortir une minute pour … quelque chose de sérieux !","– INTJ bien , DETPOSS NC , il PRES à INF un NCT pour … quelque chose de ADJ !"
2657,1886_Valles_L'Insurge_A.txt,"» « La réaction relève la tête , vous voyez , dit Grêlier en branlant le chef … tout à l' heure une chose , maintenant une autre !",""" "" le NCs PRES le NCCOR , vous VCOG , VDIC NP en PPRES le NCo … tout à le NCT un chose , ADVT un autre !"
2658,1886_Valles_L'Insurge_A.txt,… » Se tournant vers le sapeur : « Et que disent les hommes de garde ?,"… "" se PPRES vers le NC : "" et que VDIC le NCo de NCmod ?"
2659,1886_Valles_L'Insurge_A.txt,Que pensent -ils de sa prétention ?,que VCOG il de DETPOSS NC ?
2660,1886_Valles_L'Insurge_A.txt,– Dame !,– NP !
2661,1886_Valles_L'Insurge_A.txt,"ils disent que ça ne sera pas si drôle , si on le tient trop … – Lâchez-le-moi pour de bon !","il VDIC que ça ne être pas si ADJ , si on le PRES trop … – NP pour de ADJ !"
2662,1886_Valles_L'Insurge_A.txt,"Passez de le chlore dans l' armoire , et donnez -lui la clef de les champs avec la clef de les lieux !» Il ne se l' est pas fait dire deux fois et est parti comme une fusée .","IMP de le NC dans le NC , et IMP lui le NCo de le NC avec le NCmod de le NCmod !» il ne se le être pas faire VDIC NUM fois et être PPAS comme un NC ."
2663,1886_Valles_L'Insurge_A.txt,Il s' est égratigné contre la ferrure d' un de les battants .,il se être PPAS contre le NC de un de le NCmod .
2664,1886_Valles_L'Insurge_A.txt,« À le Prussien !,""" à le NP !"
2665,1886_Valles_L'Insurge_A.txt,"» , ont crié quelques rigoleurs , qui ont failli faire prendre les armes à tout le bataillon et les présenter à le derrière écorché de le maire .",""" , avoir VDIC quelque NCo , qui avoir PPAS faire INF le NC à tout le NC et le INF à le ADVLIEU PPAS de le NC ."
2666,1886_Valles_L'Insurge_A.txt,"Et dire que demain , si nous sommes vaincus , on hurlera que j' ai poussé à le massacre et mené la tuerie !","et VDIC que ADVT , si nous être PPAS , on VDIC que je avoir PPAS à le NC et PPAS le NCo !"
2667,1886_Valles_L'Insurge_A.txt,"Jusqu' à présent , c' est pourtant tout le sang que j' ai fait répandre , le sang de ce Prussien-là .","jusque à NC , ce être pourtant tout le NCCOR que je avoir faire INF , le NCCOR de ce NP ."
2668,1886_Valles_L'Insurge_A.txt,Vaincus !,NP !
2669,1886_Valles_L'Insurge_A.txt,voilà que ça m' en a tout l' air !,voilà que ça se en avoir tout le NCMAN !
2670,1886_Valles_L'Insurge_A.txt,Les nouvelles qui arrivent de l' Hôtel de Ville sont noires .,le NCs qui PRES de le NC de NCmod être ADJ .
2671,1886_Valles_L'Insurge_A.txt,"Il paraît que le gouvernement retrouve de les forces , que l' on est venu le sauver ; un bataillon de l' ordre est parti , Ferry en tête , et marche contre l' insurrection .","il paraître que le NCs PRES de le NCSENT , que l' on être venir le NCs ; un NCs de le NCmod être PPAS , NP en NCCOR , et PRES contre le NC ."
2672,1886_Valles_L'Insurge_A.txt,Est -ce vrai ?,être ce vrai ?
2673,1886_Valles_L'Insurge_A.txt,"« En tout cas , debout , camarades !",""" en tout NC , ADV , NC !"
2674,1886_Valles_L'Insurge_A.txt,Il faut aller au-devant de ce bataillon -là .,il PRES aller ADVLIEU de ce NC ADVLIEU .
2675,1886_Valles_L'Insurge_A.txt,– Nous avons faim !,– nous avoir NC !
2676,1886_Valles_L'Insurge_A.txt,nous avons soif !,nous avoir ADJ !
2677,1886_Valles_L'Insurge_A.txt,– Vous mangerez et boirez dans Paris .» Mais ils prétendent énergiquement qu' ils auront plus de cœur à le ventre s' ils mettent quelque chose dans ce ventre-là. «Allons !,– vous VF et IMP dans NP .» mais il PRES ADVMAN que il avoir plus de NC à le NCCOR si il PRES quelque chose dans ce NCmod NC !
2678,1886_Valles_L'Insurge_A.txt,défoncez les tonneaux de la cave !,IMP le NCo de le NCmod !
2679,1886_Valles_L'Insurge_A.txt,Tonneaux de harengs et tonneaux de vin … un hareng et un verre par homme !,NC de NCmod et NC de NCmod … un NC et un NC par NCmod !
2680,1886_Valles_L'Insurge_A.txt,» Et sac à le dos !,""" et NC à le NCCOR !"
2681,1886_Valles_L'Insurge_A.txt,Je vais reprendre mon sabre et lâcher mon écharpe .,je aller INF DETPOSS NCo et INF DETPOSS NCo .
2682,1886_Valles_L'Insurge_A.txt,Qui la veut ?,qui le vouloir ?
2683,1886_Valles_L'Insurge_A.txt,"« Non , non !",""" non , non !"
2684,1886_Valles_L'Insurge_A.txt,vous ne sortirez pas !,vous ne IMP pas !
2685,1886_Valles_L'Insurge_A.txt,» Et l' on s' oppose sournoisement et traîtreusement à mon départ .,""" et l' on se PRES ADVMAN et ADV à DETPOSS NC ."
2686,1886_Valles_L'Insurge_A.txt,"Les commandants qui , depuis deux mois , ont tenu ouvertement ou secrètement pour l' ex-maire , et qui me haïssent à cause de ma popularité dans le club , se sont enhardis en apprenant le retour offensif de les bourgeois .","le NC qui , depuis NUM NCT , avoir PPAS ADV ou ADV pour le NCs , et qui me VSENT à NC de DETPOSS NCmod dans le NCmod , se être VPS en VCOG le NCo ADJ de le NCmod ."
2687,1886_Valles_L'Insurge_A.txt,Et leurs émissaires sèment la révolte dans les groupes qui ont eu le demi-canon et le gendarme {5} .,et DETPOSS NCs PRES le NCSENT dans le NC qui avoir avoir le NCo et le NC {5} .
2688,1886_Valles_L'Insurge_A.txt,"« Maintenant qu' il a amené le désordre , il s' en va !",""" ADVT que il avoir PPAS le NCo , il se en aller !"
2689,1886_Valles_L'Insurge_A.txt,Ne le laissez pas filer .,ne le laisser pas INF .
2690,1886_Valles_L'Insurge_A.txt,C' est vous qu' on arrêtera et qu' on rendra responsables .,ce être vous que on VF et que on VF ADJ .
2691,1886_Valles_L'Insurge_A.txt,"Savez -vous d' ailleurs où il vous conduit , et ce qui vous attend ?","VCOG vous de ADVLIEU où il vous PRES , et ce qui vous PRES ?"
2692,1886_Valles_L'Insurge_A.txt,… Il s' est emparé de la mairie ; qu' il en reste le prisonnier !,… il se être PPAS de le NC ; que il en PRES le NCs !
2693,1886_Valles_L'Insurge_A.txt,"» Et , quand j' ai insisté , les Bellevillois ont fait la sourde oreille ; seuls , quelques simples et braves gens sont partis en peloton , de le côté de le danger .",""" et , quand je avoir PPAS , le NP avoir faire le ADJ NCCOR ; ADJ , quelque ADJ et ADJ NCs être PPAS en NC , de le NC de le NCmod ."
2694,1886_Valles_L'Insurge_A.txt,Notre étoile baisse !,DETPOSS NC NCmod !
2695,1886_Valles_L'Insurge_A.txt,On annonce que le 139 e avance et va nous livrer assaut .,on VDIC que le NUM e NCmod et aller nous INF NC .
2696,1886_Valles_L'Insurge_A.txt,« On ébranle les grilles !,""" on PRES le NCo !"
2697,1886_Valles_L'Insurge_A.txt,vient me dire le capitaine .,venir me VDIC le NC .
2698,1886_Valles_L'Insurge_A.txt,"– Par ces grilles -là , descendez leur avant-garde !","– par ce NC ADVLIEU , IMP lui NCo !"
2699,1886_Valles_L'Insurge_A.txt,Feu !,NP !
2700,1886_Valles_L'Insurge_A.txt,– Ce sera le carnage !,– ce être le NC !
2701,1886_Valles_L'Insurge_A.txt,"– Nous serons bien autrement massacrés , s' ils croient que nous avons peur .","– nous VF bien ADVINT ADJ , si il VCOG que nous avoir NCSENT ."
2702,1886_Valles_L'Insurge_A.txt,"Allez leur dire que vous tirez , s' ils bougent !» Ils ont gardé leurs distances , point par crainte , je le veux bien , mais parce que , tout en n' étant pas de notre bord , ils ont de la douleur comme nous , et portent aussi à le flanc la blessure de les patriotes .","aller lui VDIC que vous PRES , si il PRES !» il avoir PPAS DETPOSS NCo , NCmod par NCSENT , je le vouloir bien , mais parce que , tout en ne être pas de DETPOSS NC , il avoir de le NCSENT comme nous , et PRES aussi à le NC le NCSENT de le NCmod ."
2703,1886_Valles_L'Insurge_A.txt,N' importe !,ne PRES !
2704,1886_Valles_L'Insurge_A.txt,"J' ai envoyé chercher de les cartouches à le poste de les francs-tireurs , que commande un lieutenant qui a été mon compagnon dans la vie de misère , avec qui nous avons mangé de la vache enragée .","je avoir PPAS INF de le NC à le NCmod de le NCmod , que PRES un NCo qui avoir être DETPOSS NC dans le NCmod de NCmod , avec qui nous avoir PPAS de le NC VSENT ."
2705,1886_Valles_L'Insurge_A.txt,De celui-là à le moins je suis sûr : il ne refusera pas les munitions .,de celui-là à le moins je être ADJ : il ne VF pas le NCo .
2706,1886_Valles_L'Insurge_A.txt,Pardieu si !,NC si !
2707,1886_Valles_L'Insurge_A.txt,il les a refusées .,il le avoir PPAS .
2708,1886_Valles_L'Insurge_A.txt,"Depuis qu' il a l' épaulette , il est devenu un régulier , ce réfractaire !","depuis que il avoir le NCo , il être devenir un NC , ce NC !"
2709,1886_Valles_L'Insurge_A.txt,Il attend peut-être la croix ou le brevet d' officier pour de bon dans l' armée !,il PRES peut-être le NC ou le NC de NCmod pour de ADJ dans le NC !
2710,1886_Valles_L'Insurge_A.txt,"Et s' il s' est battu comme un lion , c' est comme un lion qui a assez de le jeûne dans le désert , et veut la pâtée de la ménagerie et les bravos de la foule !","et si il se être PPAS comme un NC , ce être comme un NC qui avoir ADV de le NC dans le NCmod , et vouloir le NCo de le NC et le NC de le NCmod !"
2711,1886_Valles_L'Insurge_A.txt,Oh !,INTJ !
2712,1886_Valles_L'Insurge_A.txt,c' est à se casser la tête contre les murs .,ce être à se INF le NCCOR contre le NCmod .
2713,1886_Valles_L'Insurge_A.txt,"On a attendu en musulman la fin de le drame , à le milieu de les parfums de harengs et de les fumées de vin bleu .","on avoir PPAS en NC le NCo de le NCmod , à le milieu de le NCmod de NCmod et de le NC de NC ADJCOL ."
2714,1886_Valles_L'Insurge_A.txt,Oh !,INTJ !
2715,1886_Valles_L'Insurge_A.txt,ce hareng! mon écharpe le sent .,ce hareng! DETPOSS NCs le sentir .
2716,1886_Valles_L'Insurge_A.txt,"Un drapeau rouge , que l' on a tiré de je ne sais où pour le planter devant mon pupitre , le sent aussi .","un NC ADJCOL , que l' on avoir PPAS de je ne VCOG où pour le INF ADVLIEU DETPOSS NC , le sentir aussi ."
2717,1886_Valles_L'Insurge_A.txt,"Ce que nous avons de poudre , ce qui nous reste d' argent , tout a pris l' odeur de les barils défoncés dans la cour .","ce que nous avoir de NC , ce qui nous PRES de NC , tout avoir PPAS le NCo de le NCmod PPAS dans le NC ."
2718,1886_Valles_L'Insurge_A.txt,"On se croirait dans la rue à les Poissons de Londres , et non pas dans la citadelle de les insurgés de La Villette .","on se VCOG dans le NC à le NP de NP , et non pas dans le NC de le PPAS de La NP ."
2719,1886_Valles_L'Insurge_A.txt,1 er Novembre .,NUM INF NC .
2720,1886_Valles_L'Insurge_A.txt,"Elle s' est désemplie peu à peu , cette citadelle .","il se être PPAS peu à peu , ce NC ."
2721,1886_Valles_L'Insurge_A.txt,"Ceux qui sont partis à les nouvelles ne sont pas revenus , soit qu' ils aient été faits prisonniers , soit qu' ils ne veuillent pas rentrer dans ce guêpier signalé à la colère de les bataillons bourgeois .","celui qui être PPAS à le NC ne être pas PPAS , ADV que il avoir être faire NCs , ADV que il ne PRES pas INF dans ce NC PPAS à le NCSENT de le NCmod ADJ ."
2722,1886_Valles_L'Insurge_A.txt,"Et nous restons là quelques-uns , sans savoir rien de ce qui se passe dans Paris .","et nous PRES ADVLIEU quelqu'un , sans VCOG rien de ce qui se PRES dans NP ."
2723,1886_Valles_L'Insurge_A.txt,Une dépêche vient d' arriver .,un NCs venir de INF .
2724,1886_Valles_L'Insurge_A.txt,« À le maire de le XIX e .,""" à le NC de le NCmod ADJ ."
2725,1886_Valles_L'Insurge_A.txt,"» C' est moi , le maire – puisque j' ai l' écharpe .",""" ce être soi , le NC – puisque je avoir le NCo ."
2726,1886_Valles_L'Insurge_A.txt,"Je décachette et je lis : « Tout est rentré dans l' ordre , sans effusion de sang .» C' est le moment de détaler .","je VSUBP et je PRES : "" tout être PPAS dans le NC , sans NC de NCCOR .» ce être le NC de INF ."
2727,1886_Valles_L'Insurge_A.txt,"Je tombe de faim , je crève de soif .","je PRES de NC , je PRES de NC ."
2728,1886_Valles_L'Insurge_A.txt,"J' entre , écrasé , las , sommeillant , dans le restaurant où nous allions casser une croûte avec les collègues , vers midi .","je entre , PPAS , NC , ADJ , dans le NC où nous aller INF un NCo avec le NC , vers NCmod ."
2729,1886_Valles_L'Insurge_A.txt,Je retrouve ceux qui n' ont pas paru de la nuit ayant peur de moi ou attendant la fin pour se décider .,je PRES celui qui ne avoir pas paraître de le NCT avoir NCSENT de soi ou PPRES le NCo pour se INF .
2730,1886_Valles_L'Insurge_A.txt,"La fin , c' est mon arrestation à bref délai , sans doute .","le NC , ce être DETPOSS NC à ADJ NCmod , sans NCSENT ."
2731,1886_Valles_L'Insurge_A.txt,Peut-être vais -je même être cueilli avant d' avoir mangé mon omelette .,peut-être aller je même être PPAS PHASE de avoir PPAS DETPOSS NCo .
2732,1886_Valles_L'Insurge_A.txt,Oh !,INTJ !
2733,1886_Valles_L'Insurge_A.txt,les pauvres gens !,le ADJ NC !
2734,1886_Valles_L'Insurge_A.txt,"ils plongent leur nez dans leur assiette , font mine de ne pas me voir , me ferment la table en serrant les chaises .","il PRES lui NCCOR dans lui NC , faire NCo de ne pas me VCOG , me PRES le NCo en PPRES le NCo ."
2735,1886_Valles_L'Insurge_A.txt,Je les aborde .,je le PRES .
2736,1886_Valles_L'Insurge_A.txt,"« On va venir m' empoigner comme insurgé , comme voleur .",""" on aller venir le INF comme NC , comme NC ."
2737,1886_Valles_L'Insurge_A.txt,Je vous prendrai à témoin .» Ils ne me laissent pas terminer .,je vous VF à NC .» il ne me laisser pas VASP .
2738,1886_Valles_L'Insurge_A.txt,« Hé !,""" NP !"
2739,1886_Valles_L'Insurge_A.txt,… Hum !,… NP !
2740,1886_Valles_L'Insurge_A.txt,… Dame !,… NP !
2741,1886_Valles_L'Insurge_A.txt,… Quoi !,… quoi !
2742,1886_Valles_L'Insurge_A.txt,… Enfin !,… PHASE !
2743,1886_Valles_L'Insurge_A.txt,"… Après tout , vous n' étiez pas forcé de vous emparer de la mairie .","… PHASE tout , vous ne PRES pas PPAS de vous INF de le NC ."
2744,1886_Valles_L'Insurge_A.txt,"Vous avez peut-être sauvé Richard en l' écartant de la foule , mais si vous n' aviez pas pris sa place elle n' aurait pas pensé à l' étrangler … On dit que vous aviez ordonné de fusiller Louis Noir , et lui l' affirme !","vous avoir peut-être PPAS NP en le NC de le NCmod , mais si vous ne PRES pas PPAS DETPOSS NCo il ne avoir pas VCOG à le NC … on VDIC que vous IMP PPAS de INF NP NP , et lui le VDIC !"
2745,1886_Valles_L'Insurge_A.txt,…» Ils me font lever le cœur .,…» il me faire INF le NCo .
2746,1886_Valles_L'Insurge_A.txt,"Je siffle un verre de vin , et je dégringole vers l' Hôtel de Ville .","je PRES un NCo de NCmod , et je PRES vers le NC de NC ."
2747,1886_Valles_L'Insurge_A.txt,"Pas trace d' une nuit d' émeute , à peine de les sentinelles ; pas une cicatrice faite par les balles sur la peau de les murs !","pas NC de un NCT de NCmod , à NCSENT de le NC ; pas un NC faire par le NC sur le NCCOR de le NCmod !"
2748,1886_Valles_L'Insurge_A.txt,Maison muette !,NP ADJ !
2749,1886_Valles_L'Insurge_A.txt,place vide !,NC ADJ !
2750,1886_Valles_L'Insurge_A.txt,"« Pour dix sous de savon noir , s' il vous plaît !",""" pour NUM NC de NCmod ADJ , si il vous PRES !"
2751,1886_Valles_L'Insurge_A.txt,"Oui , pour dix sous !","oui , pour NUM NC !"
2752,1886_Valles_L'Insurge_A.txt,"» Et j' ai couru chez moi , et j' ai transformé ma chambre en baignoire , et j' ai emprunté à une camarade de palier son eau de Cologne pour en inonder ma vareuse .",""" et je avoir PPAS chez soi , et je avoir PPAS DETPOSS NCo en NC , et je avoir PPAS à un NC de INF DETPOSS NCo de NP pour en INF DETPOSS NCo ."
2753,1886_Valles_L'Insurge_A.txt,J' ai mis mes pieds dans l' eau et ma tête dans mes mains !,je avoir mettre DETPOSS NCCOR dans le NC et DETPOSS NCCOR dans DETPOSS NCCOR !
2754,1886_Valles_L'Insurge_A.txt,"Me voilà propre , et si une baïonnette m' égratigne en route , j' arriverai à l' hôpital avec une chemise blanche et de les chaussettes fraîches .","me voilà ADJ , et si un NCs lui PRES en NC , je VCOND à le NC avec un NC ADJCOL et de le NC ADJ ."
2755,1886_Valles_L'Insurge_A.txt,Il y a quelques chances pour qu' on me picote la peau .,il y avoir quelque NCo pour que on me PRES le NCCOR .
2756,1886_Valles_L'Insurge_A.txt,Je vais remonter vers la mairie .,je aller VSENT vers le NC .
2757,1886_Valles_L'Insurge_A.txt,"Après , j' aurai gagné le droit de disparaître et de me dérober à les poursuites .","PHASE , je avoir PPAS le NCo de INF et de me INF à le NC ."
2758,1886_Valles_L'Insurge_A.txt,"Mais encore un peu d' eau de Cologne , s' il vous plaît !","mais encore un peu de NCmod de NP , si il vous PRES !"
2759,1886_Valles_L'Insurge_A.txt,"Est -ce que ça sent toujours le hareng , ma voisine ?","être ce que ça sentir ADVTEMPS le NC , DETPOSS NC ?"
2760,1886_Valles_L'Insurge_A.txt,… À le revoir !,… À le VCOG !
2761,1886_Valles_L'Insurge_A.txt,"« On va vous arrêter , monsieur Vingtras !",""" on aller vous INF , monsieur NP !"
2762,1886_Valles_L'Insurge_A.txt,– Je crois que oui .,– je VCOG que oui .
2763,1886_Valles_L'Insurge_A.txt,– Restez donc !,– IMP donc !
2764,1886_Valles_L'Insurge_A.txt,"– On viendrait me prendre ici , voilà tout .» Elle rougit un peu .","– on venir me INF ADVLIEU , voilà tout .» il PRES un peu ."
2765,1886_Valles_L'Insurge_A.txt,Nous sommes bien ensemble .,nous être bien ensemble .
2766,1886_Valles_L'Insurge_A.txt,"«Je vous cacherai chez moi , dit -elle , en frottant son museau qui embaume contre ma barbe qui empeste encore !","«il vous VF chez soi , VDIC il , en PPRES DETPOSS NCo qui PRES contre DETPOSS NCCOR qui PRES encore !"
2767,1886_Valles_L'Insurge_A.txt,– Impossible !,– ADJ !
2768,1886_Valles_L'Insurge_A.txt,Mais si je ne reviens pas vous m' enverrez de le linge .,mais si je ne PRES pas vous lui PRES de le NC .
2769,1886_Valles_L'Insurge_A.txt,Et de l' eau de Cologne… beaucoup d' eau de Cologne !,et de le NC de NP beaucoup de NC de NP !
2770,1886_Valles_L'Insurge_A.txt,Merci d' avance !» Mon concierge m' a prêté cinq francs .,INTJ de NC !» DETPOSS NCs lui avoir PPAS NUM NCo .
2771,1886_Valles_L'Insurge_A.txt,Cinq francs !,NUM NC !
2772,1886_Valles_L'Insurge_A.txt,J' avais vidé mes poches et laissé tout ce que j' avais entre les mains de le caissier de la nuit – même ce qui était à moi .,je avoir PPAS DETPOSS NCo et laisser tout ce que je avoir entre le NCCOR de le NC de le NCT – même ce qui être à soi .
2773,1886_Valles_L'Insurge_A.txt,"Avec cent sous , je puis attendre les événements !","avec NUM NC , je puis INF le NC !"
2774,1886_Valles_L'Insurge_A.txt,"Me voici dans la cour , où je suis entré sans sabre , et comme dans une prison , cette fois .","me voici dans le NC , où je être PPAS sans NC , et comme dans un NC , ce fois ."
2775,1886_Valles_L'Insurge_A.txt,"La grille s' est refermée sur l' ordre d' un commandant , que je n' ai pas vu pendant la bagarre , et qui arrive maintenant que je suis perdu .","le NCs se être PPAS sur le NC de un NCmod , que je ne avoir pas VCOG PHASE le NC , et qui PRES ADVT que je être PPAS ."
2776,1886_Valles_L'Insurge_A.txt,"C' est vrai pourtant qu' il a cru que je voulais le faire fusiller , le malheureux !","ce être vrai pourtant que il avoir PPAS que je VIMP le faire INF , le ADJ !"
2777,1886_Valles_L'Insurge_A.txt,"Et c' est le frère de Victor Noir même , celui qui me reçut à le lit de mort de son cadet , tiède encore , c' est celui-là qui prend contre moi la parole , m' interpelle et m' accuse , devant de les hommes de garde que je reconnais pour appartenir à un bataillon qui a un bonapartiste pour chef .","et ce être le NC de NP NP même , celui qui me VPS à le NC de NCmod de DETPOSS NCmod , PRES encore , ce être celui-là qui PRES contre soi le NCo , me PRES et lui VDIC , PPRES de le NC de NCmod que je VCOG pour INF à un NC qui avoir un NC pour NCmod ."
2778,1886_Valles_L'Insurge_A.txt,"Heureusement , il reste de les gens à nous , Bouteloup et les siens , qui faisaient un somme , la tête sur le sac , et qui se réveillent à le bruit et disent : « On n' arrêtera pas Jacques Vingtras !» Louis Noir a eu honte , n' a pas osé décidément appeler à son secours le badingueusard , un familier peut-être de la maison d' Auteuil – et m' a laissé passer .","heureusement , il PRES de le NC à nous , NP et le NC , qui faire un NCo , le NCCOR sur le NCmod , et qui se PRES à le NC et VDIC : "" on ne VF pas NP NP !» NP NP avoir avoir NCSENT , ne avoir pas PPAS ADV INF à DETPOSS NC le NCo , un INF peut-être de le NC de NP – et le avoir laisser INF ."
2779,1886_Valles_L'Insurge_A.txt,"À part cet ingrat enragé et les déjeuneurs de ce matin , les autres font leur devoir .","à NC ce NC VSENT et le NC de ce NCT , le autre faire lui devoir ."
2780,1886_Valles_L'Insurge_A.txt,"Et quand je suis entré dans la salle où ils sont réunis , comme en conseil de guerre , ils m' ont tous accueilli à bras ouverts .","et quand je être PPAS dans le NC où il être PPAS , comme en NC de NCmod , il le avoir tout PPAS à NCCOR ADJ ."
2781,1886_Valles_L'Insurge_A.txt,"« Mais filez vite , partez !",""" mais IMP ADV , IMP !"
2782,1886_Valles_L'Insurge_A.txt,"Il va être lancé un mandat d' amener contre vous , on nous l' a dit dans le cabinet de le gouvernement .» Je suis sorti , escorté de camarades courageux , sorti en singeant l' insouciance et la tranquillité .","il aller être PPAS un NCo de INF contre vous , on nous le avoir VDIC dans le NC de le NCmod .» je être PPAS , PPAS de NC ADJ , PPAS en PPRES le NCSENT et le NCSENT ."
2783,1886_Valles_L'Insurge_A.txt,"À le détour de la rue , un fiacre m' attendait , avec un cocher qui est de les nôtres .","à le NC de le NCmod , un NCs lui VIMP , avec un NC qui être de le nôtre ."
2784,1886_Valles_L'Insurge_A.txt,Ce cocher -là a fouetté sa rosse à faire venir le sang et m' a emporté à le galop loin de cette mairie d' où c' est presque un miracle que je sois sorti .,ce NC ADVLIEU avoir PPAS DETPOSS NCo à faire venir le NCCOR et lui avoir PPAS à le NC ADVLIEU de ce NCs de où ce être presque un NC que je ADV PPAS .
2785,1886_Valles_L'Insurge_A.txt,Hue !,NP !
2786,1886_Valles_L'Insurge_A.txt,Cocotte !,NC !
2787,1886_Valles_L'Insurge_A.txt,"Quand nous avons été loin , bien loin , il a fait claquer son fouet , a demandé pardon à son cheval , et m' a dit : « Sacré nom de Dieu !","quand nous avoir être ADVLIEU , bien ADVLIEU , il avoir faire INF DETPOSS NCo , avoir PPAS NCo à DETPOSS NCs , et lui avoir VDIC : "" sacré NC de NP !"
2788,1886_Valles_L'Insurge_A.txt,"embrassez -moi! » 22 Passedouet , qui est maire de le XIII e , m' a caché trois jours .","PRES -moi! "" NUM NP , qui être NC de le NUM e , lui avoir PPAS NUM NCT ."
2789,1886_Valles_L'Insurge_A.txt,"Le troisième jour , j' ai pris son rasoir , travaillé ma barbe , coupé les favoris , gardé les moustaches et la mouche , et je suis sorti pour me rendre chez un ami qui ne fait pas de politique , et m' offre une hospitalité commode et sûre , dans un quartier paisible et clérical .","le ADJ NCT , je avoir PPAS DETPOSS NCo , PPAS DETPOSS NCCOR , PPAS le NCo , PPAS le NCCOR et le NC , et je être PPAS pour me INF chez un NC qui ne faire pas de NC , et se PRES un NCo ADJ et ADJ , dans un NC ADJ et NC ."
2790,1886_Valles_L'Insurge_A.txt,"Là , je puis défier la police et échapper à le conseil de guerre .","ADVLIEU , je puis INF le NCo et INF à le NC de NCmod ."
2791,1886_Valles_L'Insurge_A.txt,Mais veulent -ils nous arrêter ?,mais vouloir il nous INF ?
2792,1886_Valles_L'Insurge_A.txt,"À le bout d' une semaine , en ayant assez de la vie d' évadé qui reste caché dans son trou , je suis retourné à la Corderie .","à le NC de un NCmod , en avoir ADV de le NC de NCmod qui PRES PPAS dans DETPOSS NC , je être PPAS à le NP ."
2793,1886_Valles_L'Insurge_A.txt,"S' ils tiennent à nous prendre , ils n' ont qu' à avoir de les agents en bas … Ils en ont .","si il PRES à nous INF , il ne avoir que à avoir de le NC en NCmod … il en avoir ."
2794,1886_Valles_L'Insurge_A.txt,"Ils savent alors que je reviens , que d' autres reviennent aussi , qui sont poursuivis pour le 31 octobre , et sur qui on aurait le droit de mettre le grappin , qu' on démasquerait d' un revers de main , tant ils sont mal déguisés par leur cache-nez à trois tours et leurs lunettes de carnaval .","il VCOG alors que je PRES , que un autre PRES aussi , qui être PPAS pour le NUM MOIS , et sur qui on avoir le NCo de mettre le NCo , que on VCOND de un NC de NCCOR , tant il être mal PPAS par lui NC à NUM NC et DETPOSS NC de NCmod ."
2795,1886_Valles_L'Insurge_A.txt,"Et cependant , le Gouvernement fait le mort , et nous laisse grimper et dégringoler cinquante fois par jour l' escalier de la Corderie .","et cependant , le NCs faire le NCo , et nous laisser INF et INF NUM fois par NCT le NCmod de le NP ."
2796,1886_Valles_L'Insurge_A.txt,"Elle est devenue un forum , cette Corderie !","il être devenir un NCo , ce NP !"
2797,1886_Valles_L'Insurge_A.txt,"Elle arme la Révolution , elle rédige les cahiers de l' insurrection future – elle serait capable de sauver la Patrie !","il PRES le NCo , il PRES le NCo de le NCmod ADJ – il être ADJ de INF le NCo !"
2798,1886_Valles_L'Insurge_A.txt,"… Elle m' a sauvé l' honneur , il n' y a pas longtemps !","… il lui avoir PPAS le NCSENT , il ne y avoir pas longtemps !"
2799,1886_Valles_L'Insurge_A.txt,C' était quand j' avais mon képi à quatre galons !,ce être quand je avoir DETPOSS NCo à NUM NC !
2800,1886_Valles_L'Insurge_A.txt,J' étais de garde à le bastion .,je être de NC à le NC .
2801,1886_Valles_L'Insurge_A.txt,Un officier m' aborde : «Vous ne savez pas le bruit qui court ?,un NCs lui PRES : «le ne VCOG pas le NCo qui PRES ?
2802,1886_Valles_L'Insurge_A.txt,On prétend que vous étiez d' accord avec l' Empire dans votre campagne électorale contre Jules Simon .,on PRES que vous PRES de NC avec le NC dans DETPOSS NCmod ADJ contre NP NP .
2803,1886_Valles_L'Insurge_A.txt,– On dit cela !,– on VDIC cela !
2804,1886_Valles_L'Insurge_A.txt,– Tout haut .» Je plante là le bataillon .,– tout ADJ .» je PRES ADVLIEU le NCo .
2805,1886_Valles_L'Insurge_A.txt,Je saute dans un fiacre .,je PPAS dans un NC .
2806,1886_Valles_L'Insurge_A.txt,"Oui , on dit cela tout haut dans les cafés ; on l' a hurlé hier dans les réunions publiques .","oui , on VDIC cela tout ADJ dans le NC ; on le avoir VDIC ADV dans le NC ADJ ."
2807,1886_Valles_L'Insurge_A.txt,"C' est Germain Casse , le créole , qui a colporté la nouvelle .","ce être NP NP , le NC , qui avoir PPAS le NCo ."
2808,1886_Valles_L'Insurge_A.txt,"Si j' allais lui casser la gueule , pour commencer , à celui-là ?","si je aller lui INF le NCCOR , pour VASP , à celui-là ?"
2809,1886_Valles_L'Insurge_A.txt,"… « Soyez donc calme , me dit Blanqui , chez lequel j' ai couru , et ne cassez rien .","… "" être donc NCSENT , me VDIC NP , chez lequel je avoir PPAS , et ne PRES rien ."
2810,1886_Valles_L'Insurge_A.txt,C' est votre popularité qui commence .» Ma popularité ?,ce être DETPOSS NC qui VASP .» DETPOSS NC ?
2811,1886_Valles_L'Insurge_A.txt,Est -ce qu' il se moque de moi ?,être ce que il se PRES de soi ?
2812,1886_Valles_L'Insurge_A.txt,Calme !,NCSENT !
2813,1886_Valles_L'Insurge_A.txt,je ne puis l' être .,je ne puis le être .
2814,1886_Valles_L'Insurge_A.txt,"Et la tête en feu , le cœur gonflé jusqu' à crever , la gorge sèche , les yeux troubles , je bondis d' un quartier à l' autre , lâchant ma voiture quand elle languit dans les carrefours et courant comme un fou jusqu' à les maisons amies où sont ceux de mon ancien Comité dont je suis sûr et à qui je crie de ma voix : « À le secours !","et le NCCOR en NCmod , le NCmod PPAS jusque à INF , le NCCOR NC , le NCCOR NCSENT , je PRES de un NC à le autre , PPRES DETPOSS NCo quand il PPAS dans le NC et NC comme un NC jusque à le NCmod PPAS où être celui de DETPOSS ADJ NC dont je être ADJ et à qui je VDIC de DETPOSS NCMAN : "" À le NC !"
2815,1886_Valles_L'Insurge_A.txt,"À le secours !!» Je les traîne avec moi ; j' en ramasse d' autres en route , qui ont connu ma misère et mon courage , et le soleil n' est pas encore tombé que déjà la Corderie est saisie de ma sommation d' enquête .","à le NC !!» je le PRES avec soi ; je en PRES de autre en NCmod , qui avoir PPAS DETPOSS NCo et DETPOSS NC , et le NCspas ne être pas encore PPAS que déjà le NP être PPAS de DETPOSS NC de NCmod ."
2816,1886_Valles_L'Insurge_A.txt,"Les Quatre-vingts sont convoqués pour demain , toutes Chambres de le peuple siégeant .","le NCspas être PPAS pour ADVT , tout NC de le NC ADJ ."
2817,1886_Valles_L'Insurge_A.txt,Oh !,INTJ !
2818,1886_Valles_L'Insurge_A.txt,c' est long !,ce être ADJ !
2819,1886_Valles_L'Insurge_A.txt,Quelle nuit j' ai passée !,quel NCT je avoir PPAS !
2820,1886_Valles_L'Insurge_A.txt,"Enfin , le jour est venu !","PHASE , le NCT être venir !"
2821,1886_Valles_L'Insurge_A.txt,"Briosne , Gaillard , un autre encore , sont accusés comme moi .","NP , NP , un autre encore , être VDIC comme soi ."
2822,1886_Valles_L'Insurge_A.txt,"Nous sommes descendus ensemble , le matin , vers la Préfecture de police , et nous avons sommé les gens qui sont là de nous montrer les pièces qui nous calomnient , les armes qu' on a empoisonnées pour nous tuer .","nous être PPAS ensemble , le NCT , vers le NCmod de NCmod , et nous avoir PPAS le NCo qui être ADVLIEU de nous INF le NCo qui nous PRES , le NC que on avoir PPAS pour nous INF ."
2823,1886_Valles_L'Insurge_A.txt,Rien !,rien !
2824,1886_Valles_L'Insurge_A.txt,on ne nous montre rien !,on ne nous PRES rien !
2825,1886_Valles_L'Insurge_A.txt,La salle est pleine ; le grand jury est à le complet .,le NCs être ADJ ; le ADJ NCs être à le NC .
2826,1886_Valles_L'Insurge_A.txt,Le bureau vient d' être élu .,le NCs venir de être PPAS .
2827,1886_Valles_L'Insurge_A.txt,J' ai la parole .,je avoir le NCo .
2828,1886_Valles_L'Insurge_A.txt,"J' ai conté tout , depuis À jusqu' à Z: comment un Comité est venu me prendre , le camarade Passedouet en tête – Passedouet que nul ne soupçonne , n' est -ce pas ?","je avoir PPAS tout , depuis à jusque à NP comment un NCs être venir me INF , le NC NP en NCCOR – NP que nul ne VCOG , ne être ce pas ?"
2829,1886_Valles_L'Insurge_A.txt,… J' étais en train de manger un ordinaire chez un marchand de vin .,… je être en NC de INF un NCo chez un NC de NCmod .
2830,1886_Valles_L'Insurge_A.txt,On m' a mis l' épée dans les reins .,on le avoir mettre le NCo dans le NCCOR .
2831,1886_Valles_L'Insurge_A.txt,"On m' a répété sur tous les tons que moi , l' historien futur de les héros de Juin , je devais représenter ces vaincus contre les républicains qui les maudirent , et redresser devant eux le cadavre mutilé de la guerre sociale .","on le avoir PPAS sur tout le NC que soi , le NC ADJ de le NCmod de NCmod , je devoir INF ce NCo contre le NC qui le VPS , et INF ADVLIEU eux le NC PPAS de le NC ADJ ."
2832,1886_Valles_L'Insurge_A.txt,"J' ai accepté , mais j' ai dit : «Voyez , je déjeune à trente sous .","je avoir PPAS , mais je avoir VDIC : NP , je ADJ à NUM NC ."
2833,1886_Valles_L'Insurge_A.txt,"Je suis pauvre , je n' ai pas un centime à donner pour mon élection .» «Un homme est venu qui a offert d' aider pour les affiches , m' a répondu le Comité .","je être ADJ , je ne avoir pas un NCs à INF pour DETPOSS NC .» «Un NCspas être venir qui avoir PPAS de INF pour le NC , le avoir VDIC le NCo ."
2834,1886_Valles_L'Insurge_A.txt,"« Vous êtes juges , ai-je conclu .",""" vous être ADJ , ai-il PPAS ."
2835,1886_Valles_L'Insurge_A.txt,"–S' il était payé par l' Empire , pourtant !» Dans quel but ?","–si il être PPAS par le NC , pourtant !» dans quel NC ?"
2836,1886_Valles_L'Insurge_A.txt,… Nous ne faisons pas la campagne pour vaincre .,… nous ne faire pas le NCo pour INF .
2837,1886_Valles_L'Insurge_A.txt,"Numériquement , nous étions sûrs d' une honteuse défaite .","ADV , nous être ADJ de un ADJ NC ."
2838,1886_Valles_L'Insurge_A.txt,Cinq cents voix !,NUM NC NCMAN !
2839,1886_Valles_L'Insurge_A.txt,"Les aurait -on seulement , cinq cents voix ?","le avoir on seulement , NUM NUM NCMAN ?"
2840,1886_Valles_L'Insurge_A.txt,On les a eues .,on le avoir PPAS .
2841,1886_Valles_L'Insurge_A.txt,Mais est -ce que c' était cette misère qui pouvait empêcher Simon de passer ?,mais être ce que ce être ce NC qui pouvoir INF NP de INF ?
2842,1886_Valles_L'Insurge_A.txt,"… Et voilà pourquoi je suis devant vous , accusé de trahir !","… et voilà pourquoi je être ADVLIEU vous , VDIC de INF !"
2843,1886_Valles_L'Insurge_A.txt,Mais regardez -moi donc !,mais VCOG soi donc !
2844,1886_Valles_L'Insurge_A.txt,Est -ce que j' ai les yeux d' un vendu ?,être ce que je avoir le NCCOR de un NCmod ?
2845,1886_Valles_L'Insurge_A.txt,Faut -il vous dire ce que j' ai terrassé de souffrances dans le cours de ma vie ?,PRES il vous VDIC ce que je avoir PPAS de NCSENT dans le NC de DETPOSS NCmod ?
2846,1886_Valles_L'Insurge_A.txt,Vais -je conter combien de fois je me suis colleté avec la faim pour rester libre ?,aller je INF combien de fois je me être PPAS avec le NC pour INF ADJ ?
2847,1886_Valles_L'Insurge_A.txt,"Et après de les années de cet héroïsme , dans un moment où je n' avais qu' un peu de patience à avoir pour être presque célèbre , et même heureux , c' est alors que je me serais annihilé , enchaîné , vendu !","et PHASE de le NCT de ce NCmod , dans un NC où je ne avoir que un peu de NCSENT à avoir pour être presque ADJ , et même ADJ , ce être alors que je me être PPAS , PPAS , PPAS !"
2848,1886_Valles_L'Insurge_A.txt,"Ce n' est pas à moi à vous dire que je vaux quelque chose , mais ne sentez-vous pas que , dix fois déjà , j' aurais pu devenir riche , si j' avais voulu ?","ce ne être pas à soi à vous VDIC que je ADJ quelque chose , mais ne sentez-le pas que , NUM fois déjà , je avoir pouvoir devenir ADJ , si je avoir vouloir ?"
2849,1886_Valles_L'Insurge_A.txt,Oh !,INTJ !
2850,1886_Valles_L'Insurge_A.txt,je sais bien que vous allez m' acquitter !,je VCOG bien que vous aller le INF !
2851,1886_Valles_L'Insurge_A.txt,"… seulement , je n' en garderai pas moins dans le cœur la honte de l' accusation .","… seulement , je ne en VF pas moins dans le NC le NCSENT de le NCmod ."
2852,1886_Valles_L'Insurge_A.txt,Mon honneur ?,DETPOSS NCSENT ?
2853,1886_Valles_L'Insurge_A.txt,… il va sortir d' ici plus clair que jamais !,… il aller INF de ADVLIEU plus ADJ que ADVTEMPS !
2854,1886_Valles_L'Insurge_A.txt,Mais mon orgueil !,mais DETPOSS NCSENT !
2855,1886_Valles_L'Insurge_A.txt,"qui pourra en laver les plaies , qui en retirera le pus que le doigt de Casse y a mis ?","qui pouvoir en INF le NCo , qui en VF le NCo que le NCCOR de NP y avoir mettre ?"
2856,1886_Valles_L'Insurge_A.txt,…………… Ils ne m' ont pas laissé achever .,…………… il ne le avoir pas laisser VASP .
2857,1886_Valles_L'Insurge_A.txt,"De tous les coins de la salle , de les mains se sont tendues vers moi .","de tout le NC de le NCmod , de le NCCOR se être PPAS vers soi ."
2858,1886_Valles_L'Insurge_A.txt,Quelques -uns m' ont embrassé ; deux ou trois avaient les larmes à les yeux .,quelque NCs lui avoir PPAS ; NUM ou NUM avoir le NCo à le NCCOR .
2859,1886_Valles_L'Insurge_A.txt,N' importe !,ne PRES !
2860,1886_Valles_L'Insurge_A.txt,"Il se trouvera bien , dans l' avenir , quelques misérables pour ramasser cette ordure dans la boue et la rejeter contre moi , le jour où je serai désarmé par la défaite , la proscription – ou la mort. 23 23 février .","il se VF bien , dans le NC , quelque NCo pour INF ce NC dans le NCmod et le INF contre soi , le NCT où je VCOND VSENT par le NC , le NC – ou le mort. NUM NUM MOIS ."
2861,1886_Valles_L'Insurge_A.txt,"Allons , je me trompais , quand je croyais que ceux de l' Hôtel de Ville n' oseraient point nous poursuivre !","ADJ , je me VIMP , quand je VIMP que celui de le NCmod de NP ne VCOND ADV nous INF !"
2862,1886_Valles_L'Insurge_A.txt,Ils l' ont osé .,il le avoir PPAS .
2863,1886_Valles_L'Insurge_A.txt,Le 31 octobre passera devant un tribunal de soldats !,le NUM MOIS VF ADVLIEU un NC de NCmod !
2864,1886_Valles_L'Insurge_A.txt,Les officiers d' une armée prisonnière jugeront de les hommes libres !,le NC de un NCmod NCs VF de le NC ADJ !
2865,1886_Valles_L'Insurge_A.txt,"Ils arriveront là , Lefrançais , Tibaldi , Vermorel , Vésinier , Jaclard , Ranvier , et d' autres peut-être qu' on reprendra ; ils arriveront entre deux haies de fusils chargés , baïonnette à le canon , qui s' abaisseront sur les poitrines , si quelqu'un voulait fuir ou se révolter .","il VF ADVLIEU , NP , NP , NP , NP , NP , NP , et de autre INF que on VF ; il VF entre NUM NC de NCmod PPAS , NC à le NCmod , qui se VF sur le NC , si quelqu'un vouloir INF ou se VSENT ."
2866,1886_Valles_L'Insurge_A.txt,"Ils s' assiéront sur un banc , maigre comme un banc d' école ; enterrés entre une table et un vieux poêle , on ne verra même pas leur tête – cette tête que visent les articles d' un Code sanglant .","il se VF sur un NC , PRES comme un NC de NCmod ; PPAS entre un NC et un ADJ NC , on ne VCOG même pas lui NCCOR – ce NCCOR que PRES le NCs de un NP ADJ ."
2867,1886_Valles_L'Insurge_A.txt,"Il n' est pas , cette fois , question de leur tête , je le sais , et pas même de leur liberté .","il ne être pas , ce fois , NC de lui NCCOR , je le VCOG , et pas même de lui NC ."
2868,1886_Valles_L'Insurge_A.txt,"Qui donc oserait , s' il a de le cœur , les condamner ?","qui donc VCOND , si il avoir de le NC , le INF ?"
2869,1886_Valles_L'Insurge_A.txt,Les condamner !,le NC !
2870,1886_Valles_L'Insurge_A.txt,"… parce que voyant le navire courir à l' écueil , ils ont sauté vers le capitaine et lui ont crié : « La France sombre !","… parce que VCOG le NCo INF à le NC , il avoir PPAS vers le NC et lui avoir VDIC : "" le NP ADJ !"
2871,1886_Valles_L'Insurge_A.txt,Tirez le canon d' alarme !» Les condamner !,IMP le NCo de NCSENT !» le INF !
2872,1886_Valles_L'Insurge_A.txt,"… Pourquoi pas les souffleter avec le chapeau à barbe de Trochu , ou les larder avec l' épée de Bazaine ?","… pourquoi pas le INF avec le NC à NCCOR de NP , ou le INF avec le NC de NP ?"
2873,1886_Valles_L'Insurge_A.txt,Ce n' est pas tout .,ce ne être pas tout .
2874,1886_Valles_L'Insurge_A.txt,"Le sergent de service aura de l' ouvrage cette semaine , et le commissaire de la République n' a qu' à préparer de les réquisitoires .","le NCs de NCmod avoir de le NC ce NC , et le NCs de le NCmod ne avoir que à INF de le NC ."
2875,1886_Valles_L'Insurge_A.txt,Ils vont juger encore un morceau de papier .,il aller INF encore un NCo de NCmod .
2876,1886_Valles_L'Insurge_A.txt,Cela s' appelait L' Affiche rouge – collée sur les murs à le moment où le pain manquait et où pleuvaient les bombes .,cela se VIMP le NP ADJCOL – PPAS sur le NC à le NCmod où le NCs VIMP et où VIMP le NCo .
2877,1886_Valles_L'Insurge_A.txt,"Quelles transes elle nous a données , cette affiche … à Vaillant , à Leverdays , à Tridon et à moi !","quel NC il nous avoir PPAS , ce NC … à NP , à NP , à NP et à soi !"
2878,1886_Valles_L'Insurge_A.txt,"La Corderie , dans sa séance de le 5 janvier , nous avait désignés pour servir d' interprètes à la pensée commune .","le NP , dans DETPOSS NCmod de le NUM NCmod , nous avoir PPAS pour INF de NC à le NC ADJ ."
2879,1886_Valles_L'Insurge_A.txt,"Il fut convenu que nous apporterions le lendemain , avant dix heures , une proclamation qui , si elle était admise par l' assemblée , devait avoir l' honneur d' être placardée , la nuit suivante , dans tous les faubourgs de Paris .","il être PPAS que nous VIMP le NCo , PHASE NUM NCT , un NC qui , si il être PPAS par le NC , devoir avoir le NCSENT de être PPAS , le NCT ADJ , dans tout le NCmod de NP ."
2880,1886_Valles_L'Insurge_A.txt,Mais il s' agissait de la faire .,mais il se VIMP de le faire .
2881,1886_Valles_L'Insurge_A.txt,Il fallait prêter à le peuple un langage à la fois simple et large .,il VIMP INF à le NC un NCo à le fois ADJ et ADJ .
2882,1886_Valles_L'Insurge_A.txt,"Devant l' histoire , il prenait la parole , dans le plus terrible de les orages , sous le feu de l' étranger .","ADVLIEU le NC , il VIMP le NCo , dans le plus ADJ de le NCmod , sous le NC de le NCmod ."
2883,1886_Valles_L'Insurge_A.txt,"On devait songer à la Patrie , en même temps qu' à la Révolution .","on devoir INF à le NP , en même temps que à le NC ."
2884,1886_Valles_L'Insurge_A.txt,"Et dans le petit logis de la rue Saint-Jacques où ils s' étaient enfermés , ces quatre hommes de lettres s' arrachaient les cheveux à chaque ligne qu' ils allongeaient sur les feuilles blanches , craignant de verser dans la platitude ou la déclamation .","et dans le ADJ NCmod de le NCmod NP où il se être PPAS , ce NUM NCs de NCmod se VIMP le NCCOR à chaque NCmod que il VIMP sur le NC ADJCOL , VSENT de INF dans le NC ou le NC ."
2885,1886_Valles_L'Insurge_A.txt,"Nous avions honte de nous , et chaque sonnerie de la pendule nous tintait douloureusement dans le crâne .","nous avoir NCSENT de nous , et chaque NCs de le NCmod nous VIMP ADV dans le NC ."
2886,1886_Valles_L'Insurge_A.txt,La besogne fut enfin à les trois quarts achevée .,le NCs être PHASE à le NUM NC VASP .
2887,1886_Valles_L'Insurge_A.txt,Il était cinq heures de le matin .,il être NUM NCT de le NCT .
2888,1886_Valles_L'Insurge_A.txt,"Tridon , malade , et qui devait mourir de le mal qui le rongeait , proposa de faire un somme – quitte à donner ensuite un coup de collier .","NP , ADJ , et qui devoir INF de le mal qui le VSENT , VDIC de faire un NCo – PRES à INF PHASE un NCo de INF ."
2889,1886_Valles_L'Insurge_A.txt,"Nous nous étendîmes tous deux sur un lit improvisé … que je quittai pour lui laisser plus de place ; à lui , le pauvre !","nous nous ADJ tout NUM sur un NCmod ADJ … que je VF pour lui laisser plus de NC ; à lui , le NP !"
2890,1886_Valles_L'Insurge_A.txt,"qui avait le cou en charpie , la peau en lambeaux , et qui se recroquevillait dans l' unique drap qu' on nous avait abandonné , les camarades ayant pris l' autre .","qui avoir le NCCOR en NC , le NCCOR en NCmod , et qui se VIMP dans le ADJ NC que on nous avoir PPAS , le NCs avoir PPAS le autre ."
2891,1886_Valles_L'Insurge_A.txt,"Sa chair était déjà à l' agonie , sa pensée restait robuste et saine .","DETPOSS NCCOR être déjà à le NC , DETPOSS NC VIMP ADJ et ADJ ."
2892,1886_Valles_L'Insurge_A.txt,"Quand on se leva , on entendit le canon tonner d' une voix qu' on ne connaissait pas .","quand on se PRES , on VCOG le NCo INF de un NCMAN que on ne VIMP pas ."
2893,1886_Valles_L'Insurge_A.txt,C' était le bombardement qui commençait .,ce être le NC qui VASP .
2894,1886_Valles_L'Insurge_A.txt,Et notre manifeste était là… transi comme nous !,et DETPOSS NCs être NP PPAS comme nous !
2895,1886_Valles_L'Insurge_A.txt,"Je ne saurais dire notre douleur : nous avions peur d' avoir été indignes de les nôtres , et les obus nouveaux nous sifflaient à les oreilles comme , à le théâtre , la colère d' un public déçu .","je ne VCOND VDIC DETPOSS NCSENT : nous avoir NCSENT de avoir être ADJ de le nôtre , et le NCs ADJ nous VIMP à le NCCOR comme , à le NC , le NCSENT de un NCmod VSENT ."
2896,1886_Valles_L'Insurge_A.txt,"Il fallait une phrase , rien qu' une , mais il en fallait une où palpitât l' âme de Paris ; il fallait un mot à Paris aussi pour prendre position dans l' avenir .","il VIMP un NCo , rien que un , mais il en VIMP un où VSUBI le NCs de NP ; il VIMP un NCo à NP aussi pour INF NCo dans le NC ."
2897,1886_Valles_L'Insurge_A.txt,"On se traîna vers la Corderie sans avoir conclu ; ne se souciant pas de le péril , ayant plutôt le secret désir d' être tué avant d' arriver .","on se VPS vers le NP sans avoir PPAS ; ne se PPRES pas de le NC , avoir plutôt le ADJ NCSENT de être PPAS PHASE de INF ."
2898,1886_Valles_L'Insurge_A.txt,"À une détonation plus forte , cependant , Tridon se secoua , et regardant le ciel , fronçant le sourcil , il essaya dans l' air gelé une phrase , un mot … Il avait trouvé !","à un NC plus fort , cependant , NP se VPS , et VCOG le NCo , PPRES le NCCOR , il VPS dans le NCMAN PPAS un NCo , un NC … il avoir PPAS !"
2899,1886_Valles_L'Insurge_A.txt,"La proclamation , lue dans un silence solennel , fut couverte d' applaudissements .","le NCspas , PPAS dans un NC ADJ , être PPAS de NC ."
2900,1886_Valles_L'Insurge_A.txt,Elle se terminait ainsi : « Place à le Peuple !,"il se VASP ainsi : "" NP à le NP !"
2901,1886_Valles_L'Insurge_A.txt,Place à la Commune !» {6} C' est cette proclamation-là qu' ils vont poursuivre .,NP à le NP !» {6} ce être ce proclamation-là que il aller INF .
2902,1886_Valles_L'Insurge_A.txt,"Ce n' était pas un appel à la rébellion , pourtant c' était un cri échappé à de les cœurs en fièvre , et moins un cri d' indignation qu' un cri de désespoir .","ce ne être pas un NC à le NC , pourtant ce être un NC PPAS à de le NC en VSENT , et moins un NC de NCSENT que un NCmod de NCSENT ."
2903,1886_Valles_L'Insurge_A.txt,"On arrêta de les signataires – la foule alla leur ouvrir , tambour en tête , les portes de Mazas .","on VPS de le NC – le NCs aller lui INF , NC en NCCOR , le NC de NP ."
2904,1886_Valles_L'Insurge_A.txt,Et voilà que l' huissier de le Cherche-Midi les convoque !,et voilà que le NCs de le NP le PRES !
2905,1886_Valles_L'Insurge_A.txt,"Ils se souviennent de ce placard , à l' Hôtel de Ville !","il se PRES de ce NC , à le NC de NCmod !"
2906,1886_Valles_L'Insurge_A.txt,"Il a pourtant passé sous les ponts , depuis ce temps , la fange de la capitulation et le sang de le 22 Janvier .","il avoir pourtant PPAS sous le NCmod , depuis ce temps , le NC de le NCmod et le NCCOR de le NUM NCmod ."
2907,1886_Valles_L'Insurge_A.txt,"Mais le 22 Janvier est cité , lui aussi !","mais le NUM NP être PPAS , lui aussi !"
2908,1886_Valles_L'Insurge_A.txt,Ils veulent en faire un jour criminel .,il vouloir en faire un NCT ADJ .
2909,1886_Valles_L'Insurge_A.txt,Et qui donc fut criminel ?,et qui donc être ADJ ?
2910,1886_Valles_L'Insurge_A.txt,… Pauvre Sapia !,… NP NP !
2911,1886_Valles_L'Insurge_A.txt,"Il avait un jonc de treize sous à la main , quand il tomba .","il avoir un NCo de NUM NCmod à le NCCOR , quand il VPS ."
2912,1886_Valles_L'Insurge_A.txt,Il criait : « En avant !» mais sans épée et sans fusil .,"il VDIC : "" en PHASE !» mais sans NC et sans NC ."
2913,1886_Valles_L'Insurge_A.txt,"L' enfant de neuf ans qu' on releva mort n' avait pas tiré , n' est -ce pas ?","le NCs de NUM NCT que on VPS NC ne avoir pas PPAS , ne être ce pas ?"
2914,1886_Valles_L'Insurge_A.txt,"Et le vieillard , dont la cervelle sauta sur le candélabre , avait dans sa poche , non pas une bombe , mais un paroissien .","et le NC , dont le cervel VPS sur le NC , avoir dans DETPOSS NC , non pas un NC , mais un ADV ."
2915,1886_Valles_L'Insurge_A.txt,"Le 22 janvier , combien d' innocents massacrés !","le NUM NCmod , combien de NC PPAS !"
2916,1886_Valles_L'Insurge_A.txt,"Ceux qui n' avaient pu fuir assez vite s' étaient affaissés derrière de les tas de sable , ou allongés derrière les réverbères abattus , et restaient là , accroupis dans la boue jusqu' à les lèvres .","celui qui ne avoir pouvoir INF ADV ADV se être PPAS ADVLIEU de le NCmod de NCmod , ou PPAS ADVLIEU le NC ADJ , et VIMP ADVLIEU , PPAS dans le NC jusque à le NCCOR ."
2917,1886_Valles_L'Insurge_A.txt,"Quelquefois , un de ces accroupis se détachait de la grappe saignante et roulait sur le ventre vers un coin plus sûr … il s' arrêtait tout à coup et ne roulait plus .","ADVTEMPS , un de ce NCmod se VIMP de le NC ADJ et VIMP sur le NCCOR vers un NCmod plus ADJ … il se VIMP tout à NC et ne VIMP plus ."
2918,1886_Valles_L'Insurge_A.txt,"Mais on lui voyait à le flanc une tache écarlate , comme à la bonde d' un tonneau .","mais on lui VCOG à le NC un NCo ADJ , comme à le NC de un NCmod ."
2919,1886_Valles_L'Insurge_A.txt,"Parmi ceux qu' amèneront demain les gendarmes , il y en a qui étaient venus seulement relever les blessés , ou couvrir de leur mouchoir le visage horrible de les morts .","parmi celui que VF ADVT le NCs , il y en PRES qui être venir seulement INF le NCo , ou INF de lui INF le NCCOR ADJ de le NCmod ."
2920,1886_Valles_L'Insurge_A.txt,"Et les féroces maladroits qui sont à le pouvoir n' ont pas compris qu' il valait mieux faire comme ces derniers , et jeter sur ces journées sombres le voile de l' oubli .","et le ADJ NCs qui être à le pouvoir ne avoir pas VCOG que il VIMP mieux faire comme ce NC , et INF sur ce NCT ADJ le NCo de le NCmod ."
2921,1886_Valles_L'Insurge_A.txt,8 mars .,NUM MOIS .
2922,1886_Valles_L'Insurge_A.txt,Le 31 octobre est jugé .,le NUM MOIS être PPAS .
2923,1886_Valles_L'Insurge_A.txt,"Un tribunal de soldats a acquitté la plupart de ceux qui , à le nom de le traité conclu dans cette nuit à le dénouement sinistre , n' auraient jamais dû être arrêtés , ni poursuivis .","un NCs de NCmod avoir PPAS le NC de celui qui , à le NCmod de le NCmod PPAS dans ce NCT à le NCmod ADJ , ne avoir ADVTEMPS devoir être PPAS , ni PPAS ."
2924,1886_Valles_L'Insurge_A.txt,L' épée de les juges de le Conseil de guerre a cloué les parjures de l' Hôtel de Ville à le pilori de l' Histoire .,le NCs de le NCmod de le NCmod de NCmod avoir PPAS le NCo de le NCmod de NP à le NC de le NC .
2925,1886_Valles_L'Insurge_A.txt,"Il ne reste plus sur la sellette que Goupil , moi , et quelques autres cités à la barre pour de les faits que ne pouvait couvrir la convention .","il ne PRES plus sur le NC que NP , soi , et quelque autre NC à le NCmod pour de le NC que ne pouvoir INF le NCo ."
2926,1886_Valles_L'Insurge_A.txt,"Car L' Affiche rouge , elle aussi , est sortie victorieuse de les débats .","car le NP ADJCOL , il aussi , être PPAS ADJ de le NC ."
2927,1886_Valles_L'Insurge_A.txt,"Il y a eu deux séances à le Cherche-Midi , deux fournées d' accusés , deux verdicts semblables d' absolution .","il y avoir avoir NUM NCo à le NP , NUM NC de NCmod , NUM NC ADJ de NC ."
2928,1886_Valles_L'Insurge_A.txt,"Les gens de la Défense en sont , jusqu' à présent , pour leur courte honte .","le NCs de le NCmod en être , jusque à NC , pour lui NC NCSENT ."
2929,1886_Valles_L'Insurge_A.txt,"Le Ferry s' était montré enragé pourtant : crossant les vaincus , et jurant sur l' honneur qu' il m' avait parfaitement reconnu – oui , moi , Vingtras !","le NP se être PPAS VSENT pourtant : PPRES le NCo , et PPRES sur le NCSENT que il lui avoir ADVINT VCOG – oui , soi , NP !"
2930,1886_Valles_L'Insurge_A.txt,"– la nuit de le 31 octobre , à l' Hôtel de Ville : que j' étais parmi ceux qui braillaient le plus fort , et qui parlaient de l' expédier à Mazas .","– le NCT de le NUM MOIS , à le NC de NCmod : que je être parmi celui qui VDIC le plus fort , et qui VIMP de le NC à NP ."
2931,1886_Valles_L'Insurge_A.txt,"Pour lui mettre la trompe dans son mensonge , il a fallu que j' aille déclarer: «1 ° Que moi qui ai tâté de Mazas , je préférerais faire guillotiner un camarade que d' y envoyer un ennemi; 2 ° Que je le crois lui , Ferry , plus digne de la fessée que de le martyre ; 3 ° Qu' il m' a été impossible , à mon grand regret , d' injurier le gouvernement sur sa chaise curule , puisque je suis poursuivi pour avoir , à La Villette , à cette heure -là , séquestré le père Richard , maire légitime , et rendu toute une population malade en la nourrissant de harengs « destinés à les blessés » .","pour lui mettre le NCo dans DETPOSS NC , il avoir PPAS que je ailler déclarer: «1 ° que soi qui avoir PPAS de NP , je VCOND faire INF un NC que de y INF un ennemi; NUM ° que je le VCOG lui , NP , plus ADJ de le NCmod que de le NC ; NUM ° que il lui avoir être ADJ , à DETPOSS ADJ NCSENT , de VDIC le NCo sur DETPOSS NC ADJ , puisque je être PPAS pour avoir , à le NP , à ce NCT ADVLIEU , PPAS le NCo NP , NC ADJ , et VPS tout un NCo ADJ en le PPRES de NC "" PPAS à le NC "" ."
2932,1886_Valles_L'Insurge_A.txt,"Il a bien fallu se rendre à l' évidence , mais Ferry a dû me recommander à le prône ; et pour peu que le président de le Conseil de guerre ait de les attaches avec le gouvernement , mon affaire est claire … ils vont me soigner ça !","il avoir bien PPAS se INF à le NP , mais NP avoir devoir me INF à le NC ; et pour peu que le NCs de le NCmod de NCmod VIMP de le NC avec le NCmod , DETPOSS NCs être ADJ … il aller me INF ça !"
2933,1886_Valles_L'Insurge_A.txt,11 mars .,NUM NCmod .
2934,1886_Valles_L'Insurge_A.txt,À le Cherche-Midi .,à le NP .
2935,1886_Valles_L'Insurge_A.txt,"« Toi , Vingtras , tu en auras bien pour six mois .» J' en aurai peut-être pour six mois , ça , c' est possible ; seulement je vous fiche mon billet que je m' arrangerai pour ne pas les faire !",""" NP , NP , je en NC bien pour NUM NCT .» je en avoir peut-être pour NUM NCT , ça , ce être ADJ ; seulement je vous PRES DETPOSS NC que je se VF pour ne pas le faire !"
2936,1886_Valles_L'Insurge_A.txt,"Être pris en ce moment et coffré , ce serait peut-être la transportation à bref délai , l' enlèvement un soir de révolte à le faubourg , et le départ en catimini pour Cayenne – si ce n' était tout simplement la mort , sous le coup de pistolet d' un municipal las d' une journée d' émeute , ou même l' exécution en règle contre un mur de le chemin de ronde .","être PPAS en ce NC et NC , ce être INF le NC à ADJ NCmod , le NC un NCT de NCSENT à le NCmod , et le NC en NCmod pour NP – si ce ne être tout ADVMAN le NC , sous le NCmod de NCmod de un ADJ NCmod de un NCT de NC , ou même le NC en NCmod contre un NCmod de le NCmod de NCmod ."
2937,1886_Valles_L'Insurge_A.txt,"Le vent est à les fusillades , et dans la soûlaison de le triomphe , pendant la fureur d' une lutte indécise , gare à les prisonniers !","le NCs être à le NC , et dans le NC de le NCmod , PHASE le NC de un NCs ADJ , PRES à le NC !"
2938,1886_Valles_L'Insurge_A.txt,Il serait dur de disparaître ainsi .,il être ADJ de INF ainsi .
2939,1886_Valles_L'Insurge_A.txt,"La porte n' est encore qu' entrebâillée pour ces abattages sommaires – mais , en dehors de le néant , la claustration serait déjà trop pesante !","le NCspas ne être encore que PPAS pour ce NC ADJ – mais , en NC de le PPRES , le NCs être déjà trop ADJ !"
2940,1886_Valles_L'Insurge_A.txt,"Qui sait si les bruits de la ville parviendraient jusqu' à moi ; si , à travers les barreaux de ma cellule , glisseraient les éclairs de la tempête ?","qui VCOG si le NCs de le NCmod VIMP jusque à soi ; si , à travers le NCs de DETPOSS NCmod , VIMP le NCo de le NCmod ?"
2941,1886_Valles_L'Insurge_A.txt,Je ne saurais donc rien ?,je ne VCOND donc rien ?
2942,1886_Valles_L'Insurge_A.txt,je n' entendrais rien ?,je ne VCOND rien ?
2943,1886_Valles_L'Insurge_A.txt,"… pendant que se déciderait le sort de les nôtres , qu' ils joueraient leur vie et qu' on les décimerait !","… PHASE que se VCOND le NCs de le nôtre , que il VIMP lui NC et que on le VCOND !"
2944,1886_Valles_L'Insurge_A.txt,"Aussi , fera qui voudra son Silvio Pellico: moi , je vais tâcher de leur filer entre les doigts !","aussi , faire qui VF son NP NP soi , je aller INF de lui INF entre le NCCOR !"
2945,1886_Valles_L'Insurge_A.txt,Ça ne sera pas difficile .,ça ne être pas ADJ .
2946,1886_Valles_L'Insurge_A.txt,Nous sommes accusés libres .,nous être VDIC ADJ .
2947,1886_Valles_L'Insurge_A.txt,C' est de nous-mêmes que nous sommes venus nous offrir à la condamnation .,ce être de nous-mêmes que nous être venir nous INF à le NC .
2948,1886_Valles_L'Insurge_A.txt,Aussi nous garde -t -on mollement .,aussi nous PRES t on ADVMAN .
2949,1886_Valles_L'Insurge_A.txt,"Il y a , à ma gauche , une vieille brisque de sergent , droit comme un chêne , avec de les moustaches terribles qui , à deux ou trois reprises , ont failli m' éborgner ; il a la tête de plus que moi .","il y avoir , à DETPOSS NC , un ADJ NCo de NCmod , NC comme un NCmod , avec un le NCCOR ADJ qui , à NUM ou NUM NC , avoir PPAS le INF ; il avoir le NCCOR de plus que soi ."
2950,1886_Valles_L'Insurge_A.txt,"Mais il me regarde – d' en haut – sans colère , et presque avec bonhomie , quoiqu' en mâchant rageusement de les bouts de phrases comme s' il chiquait de les cailloux .","mais il me VCOG – de en NC – sans NCSENT , et presque avec NC , quoique en PPRES ADVMAN de le NC de NCmod comme si il VIMP de le NC ."
2951,1886_Valles_L'Insurge_A.txt,Le Conseil s' est retiré pour délibérer .,le NCs se être PPAS pour INF .
2952,1886_Valles_L'Insurge_A.txt,"Dans les coins , on jase , on discute .","dans le NC , on PRES , on PRES ."
2953,1886_Valles_L'Insurge_A.txt,"Je n' ai plus que quelques minutes de liberté , peut-être ; j' en vais profiter pour jaser et discuter comme les autres … pour regarder surtout si la porte est ouverte ou fermée .","je ne avoir plus que quelque NCT de NCmod , peut-être ; je en aller INF pour INF et INF comme le autre … pour VCOG surtout si le NCspas être PPAS ou PPAS ."
2954,1886_Valles_L'Insurge_A.txt,Vlan !,NP !
2955,1886_Valles_L'Insurge_A.txt,dans l' œil !,dans le NCmod !
2956,1886_Valles_L'Insurge_A.txt,C' est la moustache de le voisin qui m' aveugle pour la quatrième fois .,ce être le NCCOR de le NCmod qui lui ADJ pour le ADJ fois .
2957,1886_Valles_L'Insurge_A.txt,"Seulement , ce coup-ci , j' ai compris ce qu' il me grognonne à les oreilles depuis un bon quart d' heure .","seulement , ce NP , je avoir VCOG ce que il me PRES à le NCCOR depuis un ADJ NC de NCT ."
2958,1886_Valles_L'Insurge_A.txt,"« Mais , nom de Dieu !",""" mais , NC de NP !"
2959,1886_Valles_L'Insurge_A.txt,"mon garçon , foutez donc le camp !","DETPOSS NC , IMP donc le NCo !"
2960,1886_Valles_L'Insurge_A.txt,"– Merci , l' ancien !","– INTJ , le ADJ !"
2961,1886_Valles_L'Insurge_A.txt,"On va tâcher .» Le seuil est franchi , me voilà dans la rue .","on aller INF .» le NCs être ADJ , me voilà dans le NC ."
2962,1886_Valles_L'Insurge_A.txt,"Tout comme à La Villette , je m' éloigne avec nonchalance , je fais celui qui se promène , puis prends ma course à le tournant de le premier carrefour .","tout comme à La NP , je se PRES avec NC , je faire celui qui se PRES , puis PRES DETPOSS NCo à le NCmod de le ADJ NC ."
2963,1886_Valles_L'Insurge_A.txt,"Et j' ai trouvé asile à deux pas de là , non loin de la prison où je devrais être .","et je avoir PPAS NCo à NUM pas de ADVLIEU , non ADVLIEU de le NC où je VCOND être ."
2964,1886_Valles_L'Insurge_A.txt,"Le lendemain , un camarade que j' ai fait avertir m' apporte le verdict .","le NCs , un NC que je avoir faire INF le PRES le NCo ."
2965,1886_Valles_L'Insurge_A.txt,"J' en ai pour six mois , bel et bien – et de cela je me soucie comme d' une guigne !","je en avoir pour NUM NCT , ADV et bien – et de cela je me PRES comme de un NC !"
2966,1886_Valles_L'Insurge_A.txt,"Mais les soudards de l' état de siège ont , d' un trait de plume , biffé six feuilles socialistes , dont Le Cri de le peuple qui en était à son dix-huitième numéro , et qui marchait rudement , le gars !","mais le NCs de le NCmod de NCmod avoir , de un NC de NCmod , NCmod NUM NC ADJ , dont le NP de le NCmod qui en être à DETPOSS ADJ NC , et qui VIMP ADVMAN , le NC !"
2967,1886_Valles_L'Insurge_A.txt,Le Ferry s' est vengé .,le NP se être PPAS .
2968,1886_Valles_L'Insurge_A.txt,"Je suis libre , mais mon journal est mort .","je être ADJ , mais DETPOSS NCs être ADJ ."
2969,1886_Valles_L'Insurge_A.txt,"Il ne s' est pas vengé que de moi , par malheur !","il ne se être pas PPAS que de soi , par NC !"
2970,1886_Valles_L'Insurge_A.txt,"La clémence de le conseil de guerre était une feinte , le 31 octobre vient d' être frappé de la peine capitale : – Blanqui et Flourens sont condamnés à mort .","le NCSENT de le NCmod de NCmod être un NCs , le NUM MOIS venir de être frapper de le NCSENT NC : – NP et NP être PPAS à NC ."
2971,1886_Valles_L'Insurge_A.txt,Tant mieux !,tant mieux !
2972,1886_Valles_L'Insurge_A.txt,… puisqu' ils sont hors d' atteinte .,… puisque il être ADV de NC .
2973,1886_Valles_L'Insurge_A.txt,"Dans ma retraite , je ne vois personne et je ne sais rien .","dans DETPOSS NC , je ne NUM NC et je ne VCOG rien ."
2974,1886_Valles_L'Insurge_A.txt,"Mais je n' en sens pas moins couver l' orage , et je vois l' horizon qui s' obscurcit .","mais je ne en NC pas moins INF le NCo , et je ADJ le NC qui se PRES ."
2975,1886_Valles_L'Insurge_A.txt,"Qu' ils lui fassent donc perdre patience , à ce peuple , – et que jaillisse le premier coup de tonnerre !","que il lui faire donc INF NCSENT , à ce NCmod , – et que PRES le ADJ NCo de NCmod !"
2976,1886_Valles_L'Insurge_A.txt,24 18 mars .,NUM NUM MOIS .
2977,1886_Valles_L'Insurge_A.txt,"« Pan , pan !",""" NP , NC !"
2978,1886_Valles_L'Insurge_A.txt,– Qui est là ?» C' est un de les trois amis qui savent ma cachette ; il est essoufflé et pâle .,– qui être ADVLIEU ?» ce être un de le NUM NCmod qui VCOG DETPOSS NCo ; il être PPAS et ADJ .
2979,1886_Valles_L'Insurge_A.txt,« Qu' y a -t -il ?,""" que y avoir t il ?"
2980,1886_Valles_L'Insurge_A.txt,– Un régiment de ligne a passé à le peuple !,– un NCs de NCmod avoir PPAS à le NC !
2981,1886_Valles_L'Insurge_A.txt,"– Alors , on se bat ?","– alors , on se PRES ?"
2982,1886_Valles_L'Insurge_A.txt,"– Non , mais Paris est à le Comité central .","– non , mais NP être à le NC ADJ ."
2983,1886_Valles_L'Insurge_A.txt,"Deux généraux ont eu , ce matin , la tête fracassée par les chasse-pots .» « Où ?","NUM NCs avoir avoir , ce NCT , le NCCOR PPAS par le NC .» "" ADV ?"
2984,1886_Valles_L'Insurge_A.txt,… comment ?,… comment ?
2985,1886_Valles_L'Insurge_A.txt,… – L' un avait commandé le feu contre la foule .,… – le un avoir PPAS le NCo contre le NC .
2986,1886_Valles_L'Insurge_A.txt,"Ses soldats se sont mêlés à les fédérés , l' ont entraîné , et massacré : c' est un sergent en uniforme de fantassin qui a tiré le premier .","DETPOSS NCs se être PPAS à le NC , le avoir PPAS , et NC : ce être un NC en NCmod de NCmod qui avoir PPAS le ADJ ."
2987,1886_Valles_L'Insurge_A.txt,"L' autre , c' est Clément Thomas qui venait espionner , et , qu' un ancien de Juin a reconnu .","le autre , ce être NP NP qui venir INF , et , que un ADJ de MOIS à VCOG ."
2988,1886_Valles_L'Insurge_A.txt,À le mur aussi !,à le NC aussi !
2989,1886_Valles_L'Insurge_A.txt,"… Leurs cadavres sont maintenant étendus , troués comme de les écumoires , dans un jardin de la rue de les Rosiers , là-haut à Montmartre .» Il s' est tu .","… DETPOSS NCs être ADVT ADJ , PPAS comme de le NC , dans un NCmod de le NCmod de le NP , ADVLIEU à NP .» il se être je ."
2990,1886_Valles_L'Insurge_A.txt,Allons !,NP !
2991,1886_Valles_L'Insurge_A.txt,C' est la Révolution !,ce être le NC !
2992,1886_Valles_L'Insurge_A.txt,"La voilà donc , la minute espérée et attendue depuis la première cruauté de le père , depuis la première gifle de le cuistre , depuis le premier jour passé sans pain , depuis la première nuit passée sans logis – voilà la revanche de le collège , de la misère et de Décembre !","le voilà donc , le NCT VCOG et PPAS depuis le ADJ NC de le NCmod , depuis le ADJ NC de le NCmod , depuis le ADJ NCT PPAS sans NC , depuis le ADJ NCT PPAS sans NC – voilà le NCo de le NCmod , de le NC et de MOIS !"
2993,1886_Valles_L'Insurge_A.txt,J' ai eu un frisson tout de même .,je avoir avoir un NCSENT tout de même .
2994,1886_Valles_L'Insurge_A.txt,"Je n' aurais pas voulu ces taches de sang sur nos mains , dès l' aube de notre victoire .","je ne avoir pas vouloir ce NCo de NCCOR sur DETPOSS NCCOR , dès le NC de DETPOSS NCmod ."
2995,1886_Valles_L'Insurge_A.txt,"Peut-être aussi est -ce la perspective de la retraite coupée , de l' inévitable tuerie , de le noir péril , qui m' a refroidi les moelles … moins par peur d' être compris dans l' hécatombe , que parce que me glace l' idée que je pourrai , un jour , avoir à la commander .","peut-être aussi être ce le NCs de le NCmod PPAS , de le ADJ NC , de le ADJ NC , qui lui avoir PPAS le NCo … moins par NCSENT de être VCOG dans le NC , que parce que me PRES le NCo que je pouvoir , un NCT , avoir à le INF ."
2996,1886_Valles_L'Insurge_A.txt,«Vos dernières nouvelles sont de quand ?,NCs ADJ ADJ être de ADV ?
2997,1886_Valles_L'Insurge_A.txt,– D' il y a une heure .,– De il y avoir un NCT .
2998,1886_Valles_L'Insurge_A.txt,"– Et vous êtes sûr qu' on ne s' est point battu , qu' il n' a surgi rien de nouveau , ni de tragique , depuis la fusillade de tantôt ?","– et vous être ADJ que on ne se être ADV PPAS , que il ne avoir PPAS rien de ADJ , ni de NC , depuis le NCmod de NCmod ?"
2999,1886_Valles_L'Insurge_A.txt,–Rien .» Comme les rues sont tranquilles !,NP .» comme le NCmod être ADJ !
3000,1886_Valles_L'Insurge_A.txt,"Nul vestige n' indique qu' il y ait quelque chose de changé sous le ciel , que de les Brutus à trente sous par tête aient passé le Rubicon contre un César nabot !","nul NCs ne PRES que il y avoir quelque chose de PPAS sous le NC , que de le NP à NUM sous par NCCOR avoir PPAS le NP contre un NP ADJ !"
3001,1886_Valles_L'Insurge_A.txt,"Qu' est -il devenu , à propos , le Foutriquet ?","que être il devenir , à NC , le NP ?"
3002,1886_Valles_L'Insurge_A.txt,Où est Thiers ?,où être NP ?
3003,1886_Valles_L'Insurge_A.txt,… Personne ne peut répondre .,… personne ne pouvoir VDIC .
3004,1886_Valles_L'Insurge_A.txt,"Les uns pensent qu' il se cache et s' apprête à fuir ; d' autres , qu' il se trémousse dans quelque coin et donne de les ordres , pour que les forces bourgeoises se rassemblent et viennent écraser l' émeute .","le un VCOG que il se PRES et se PRES à INF ; un autre , que il se PRES dans quelque NC et PRES de le NC , pour que le NCSENT ADJ se PRES et venir INF le NCo ."
3005,1886_Valles_L'Insurge_A.txt,"La place de l' Hôtel-de-Ville est déserte ; je croyais que nous la trouverions bondée de foule et frémissante , ou toute hérissée de canons la gueule tournée vers nous .","le NCs de le NP être ADJ ; je VIMP que nous le NC ADJ de NC et ADJ , ou tout NC de NCmod le ADJ NC vers nous ."
3006,1886_Valles_L'Insurge_A.txt,"Elle est , à le contraire , muette et vide ; il n' y a pas encore de gars d' attaque là-dedans – pas même le téméraire qui , avec l' audace de sa conviction , fait prendre feu à tout le Forum , comme l' allumeur à tout un lustre !","il être , à le NC , NC et ADJ ; il ne y avoir pas encore de NC de NCmod là-dedans – pas même le NC qui , avec le NC de DETPOSS NCmod , faire INF NCo à tout le NP , comme le NCmod à tout un NC !"
3007,1886_Valles_L'Insurge_A.txt,"La cohue se tient sur les bords , en cordon de curiosité et point en cercle de bataille .","le NCs se PRES sur le NC , en NC de NCSENT et NC en NC de NCmod ."
3008,1886_Valles_L'Insurge_A.txt,Et les propos d' aller leur train !,et le VDIC de aller lui NCo !
3009,1886_Valles_L'Insurge_A.txt,"« La cour est pleine d' artillerie , les canonniers attendent , mèche allumée … Souvenez -vous de le 22 Janvier !",""" le NCs être ADJ de NC , le NCs PRES , NC PPAS … IMP vous de le NUM NCmod !"
3010,1886_Valles_L'Insurge_A.txt,"si l' on fait un pas en avant , portes et fenêtres s' ouvrent , et nous sommes foudroyés à bout portant !» Voilà ce qui se dit autour de la place que la nuit envahit déjà , et où je crois voir se dresser , sanglantes , les silhouettes de les deux généraux .","si l' on faire un pas en PHASE , NC et NC se PRES , et nous être PPAS à NC PPRES !» voilà ce qui se VDIC ADV de le NC que le NCT PRES déjà , et où je VCOG VCOG se INF , ADJ , le NC de le NUM NCmod ."
3011,1886_Valles_L'Insurge_A.txt,Mais un citoyen accourt : « La rue de le Temple est occupée par Ranvier…Brunel a massé son bataillon rue de Rivoli …» Ranvier et Brunel sont là !,"mais un NCspas ADJ : "" le NC de le NP être PPAS par NP avoir PPAS DETPOSS NCo NC de NP …» NP et NP être ADVLIEU !"
3012,1886_Valles_L'Insurge_A.txt,J' y vais .,je y aller .
3013,1886_Valles_L'Insurge_A.txt,« Longez donc les murs !,""" IMP donc le NCo !"
3014,1886_Valles_L'Insurge_A.txt,"En cas de décharge , il y a moins de danger. – Ma foi non !","en NC de NCmod , il y avoir moins de NC – DETPOSS NCs non !"
3015,1886_Valles_L'Insurge_A.txt,"s' il y a de les mitrailleuses dans le préau et de les mobiles bretons derrière les vitres , on le verra bien !","si il y avoir de le NC dans le NC et de le NC ADJ ADVLIEU le NC , on le VCOG bien !"
3016,1886_Valles_L'Insurge_A.txt,"» Et nous brisons , à quelques -uns , le cordon ; nous enlevons trois grains à le chapelet de les hésitants , d' autres grains nous suivent , quittent le fil et roulent avec nous .",""" et nous PRES , à quelque NC , le NCo ; nous PRES NUM NCo à le NC de le ADJ , un autre NCs nous PRES , PRES le NCo et PRES avec nous ."
3017,1886_Valles_L'Insurge_A.txt,"Voici , en effet , Brunel en grande tenue , mais il est déjà sous la porte , avec ses hommes .","voici , en NC , NP en ADJ NCmod , mais il être déjà sous le NC , avec DETPOSS NC ."
3018,1886_Valles_L'Insurge_A.txt,Je cours à lui .,je NC à lui .
3019,1886_Valles_L'Insurge_A.txt,Il m' explique la situation .,il lui VDIC le NCo .
3020,1886_Valles_L'Insurge_A.txt,« Nous sommes maîtres de le terrain .,""" nous être NC de le NCmod ."
3021,1886_Valles_L'Insurge_A.txt,"Même s' ils se reforment sur quelque point que nous ne connaissons pas et s' ils nous attaquent , nous pourrons tenir assez longtemps pour que le Comité central arrive avec de le renfort … Ranvier est , en effet , à côté , ainsi qu' on vous l' a dit .","même si il se PRES sur quelque NC que nous ne PRES pas et se il nous PRES , nous PRES INF ADV longtemps pour que le NCs ADJ PRES avec de le NC … NP être , en NC , à NC , ainsi que on vous le avoir VDIC ."
3022,1886_Valles_L'Insurge_A.txt,"On assure que Duval est descendu avec les gens de le V e et de le XIII e sur la Préfecture : si ce n' est pas vrai , on doit lui intimer l' ordre de se mettre en marche … Par exemple , il faut que la rue de le Temple soit gardée sur le pied de guerre toute la nuit .","on PRES que NP être PPAS avec le NC de le NUM e et de le NUM e sur le NC : si ce ne être pas vrai , on devoir lui INF le NCo de se mettre en NC … par NC , il PRES que le NCspas de le NP être PPAS sur le NCCOR de NCmod tout le NCT ."
3023,1886_Valles_L'Insurge_A.txt,"J' ai été soldat , et je suis pour la discipline de les émeutes contre celle de les casernes … Allez donc trouver Ranvier , vous qui êtes son meilleur ami , et transmettez -lui , en camarade , ces observations .","je avoir être NC , et je être pour le NC de le NCmod contre celui de le NCmod … aller donc INF NP , vous qui être DETPOSS meilleur NC , et IMP lui , en NC , ce NC ."
3024,1886_Valles_L'Insurge_A.txt,"Moi , je ne puis guère , j' aurais l' air de vouloir jouer à le commandant .","soi , je ne puis guère , je avoir le NCMAN de vouloir INF à le NC ."
3025,1886_Valles_L'Insurge_A.txt,"– Entendu !» Il est là , le pâle , faisant construire une barricade .","– NP !» il être ADVLIEU , le NC , faire INF un NCo ."
3026,1886_Valles_L'Insurge_A.txt,"« Eh bien , ça y est !",""" INTJ bien , ça y être !"
3027,1886_Valles_L'Insurge_A.txt,"Regarde .» Une ligne noire de baïonnettes , toute une file d' hommes muets !","NP .» un NC ADJ de NCmod , tout un NC de NCmod ADJ !"
3028,1886_Valles_L'Insurge_A.txt,"C' est l' armée de Duval , silencieuse comme l' armée d' Annibal ou de Napoléon , après la consigne donnée de passer inaperçue le Saint-Gothard ou les Alpes .","ce être le NC de NP , ADJ comme le NC de NP ou de NP , PHASE le NC PPAS de INF PPAS le NP ou le NP ."
3029,1886_Valles_L'Insurge_A.txt,Le peuple est sur ses gardes – la nuit est sûre .,le NCs être sur DETPOSS NC – le NCT être ADJ .
3030,1886_Valles_L'Insurge_A.txt,"Mais demain , à le lever de le soleil , il lui faudra un furieux coup de clairon .","mais ADVT , à le NC de le NCmod , il lui VF un ADJ NCo de NCmod ."
3031,1886_Valles_L'Insurge_A.txt,Et j' ai été réveiller un copain .,et je avoir être INF un NC .
3032,1886_Valles_L'Insurge_A.txt,« Le Cri de le peuple va reparaître !,""" le NP de le NCmod aller INF !"
3033,1886_Valles_L'Insurge_A.txt,"… Allez avertir Marcel , voyez pour le papier à l' imprimerie … Vite une plume , que je fasse mon premier article » Et je me suis attablé .","… aller INF NP , IMP pour le NC à le NC … PRES un NCo , que je faire DETPOSS ADJ NCs "" et je me être PPAS ."
3034,1886_Valles_L'Insurge_A.txt,Mais non !,mais non !
3035,1886_Valles_L'Insurge_A.txt,je n' ai point écrit .,je ne avoir ADV PPAS .
3036,1886_Valles_L'Insurge_A.txt,"Le sang bouillonnait trop fort dans mes veines ; la pensée brûlait les mots dans ma cervelle ; mes phrases me paraissaient ou trop déclamatoires ou indignes , dans leur simplicité , de le grand drame sur lequel vient de se lever le rideau , qui a , comme un rideau de théâtre , deux trous – faits par les deux balles qui , paraît -il , ont frappé en plein front chacun de les exécutés .","le NCCOR VSENT trop fort dans DETPOSS NC ; le NCs VIMP le NCo dans DETPOSS cervel ; DETPOSS NCs me VIMP ou trop ADJ ou ADJ , dans lui PPAS , de le ADJ NC sur lequel venir de se INF le NC , qui avoir , comme un NC de NC , NUM NC – faire par le NUM NC qui , paraître il , avoir frapper en ADJ VF chacun de le NC ."
3037,1886_Valles_L'Insurge_A.txt,"Quand mes artères ont été plus froides , quand , la croisée ouverte , je me suis accoudé et ai plongé mon regard dans la cité , son sommeil et son calme m' ont fait peur !","quand DETPOSS NCs avoir être plus ADJ , quand , le NC ADJ , je me être PPAS et avoir PPAS DETPOSS NCMAN dans le NC , DETPOSS NC et DETPOSS NCSENT le avoir faire NCSENT !"
3038,1886_Valles_L'Insurge_A.txt,La Ville ne serait -elle pas d' accord avec la Révolte ?,le NP ne être il pas de NCmod avec le NP ?
3039,1886_Valles_L'Insurge_A.txt,"La fusillade de les généraux aurait -elle , en traversant les cibles humaines , atteint à le cœur le Paris qui n' est pas sur la brèche ?","le NC de le NCmod avoir il , en PPRES le NCo ADJ , PRES à le NC le NP qui ne être pas sur le NC ?"
3040,1886_Valles_L'Insurge_A.txt,L' insurrection serait -elle seulement l' œuvre de quelques chefs et de quelques bataillons audacieux ?,le NCs être il seulement le NC de quelque NCmod et de quelque NC ADJ ?
3041,1886_Valles_L'Insurge_A.txt,"Pourquoi n' y a -t -il pas un tressaillement , un bruit de pas , un froissement d' armes ?","pourquoi ne y avoir t il pas un NCo , un NC de pas , un NC de NCmod ?"
3042,1886_Valles_L'Insurge_A.txt,"Si je descendais et retournais de le côté de les rebelles , vers le troupeau noir de Duval , vers la barricade grise de Ranvier ?","si je VIMP et VIMP de le NC de le NCmod , vers le NC ADJ de NP , vers le NC ADJ de NP ?"
3043,1886_Valles_L'Insurge_A.txt,… Allons !,… NP !
3044,1886_Valles_L'Insurge_A.txt,"j' ai encore , moi , le défenseur de les humbles , l' inquiétude de les redingotiers devant les noms obscurs !","je avoir encore , soi , le NC de le NCmod , le NCSENT de le NCmod ADVLIEU le NC ADJ !"
3045,1886_Valles_L'Insurge_A.txt,"Et j' ai fermé ma fenêtre sur la Ville impénétrable et qui semble morte , alors qu' on la dit ressuscitée !","et je avoir PPAS DETPOSS NCo sur le NCmod ADJ et qui sembler ADJ , alors que on le VDIC ressusciter !"
3046,1886_Valles_L'Insurge_A.txt,"J' ai fermé ma fenêtre , et mon cerveau s' est muré également – les idées ne venaient plus !","je avoir PPAS DETPOSS NCo , et DETPOSS NCCOR se être PPAS également – le NCo ne venir plus !"
3047,1886_Valles_L'Insurge_A.txt,"J' ai passé sur un canapé qui montrait ses entrailles de crin , les heures que j' aurais dû passer debout , ou couché en chien de fusil , prêt à la détente , sur un lit de camp .","je avoir PPAS sur un NC qui VIMP DETPOSS NCo de NCmod , le NCT que je avoir devoir INF ADV , ou PPAS en NC de NCmod , ADJ à le NCSENT , sur un NC de NCmod ."
3048,1886_Valles_L'Insurge_A.txt,"À le matin , j' ai couru chez les intimes .","à le NCT , je avoir PPAS chez le NC ."
3049,1886_Valles_L'Insurge_A.txt,"Eux aussi , ils ont attendu – stupéfiés par le coup de foudre de Montmartre .","lui aussi , il avoir PPAS – VSENT par le NC de NCmod de NP ."
3050,1886_Valles_L'Insurge_A.txt,"Et cependant , parmi ces compagnons , il en est de braves comme de les épées .","et cependant , parmi ce NC , il en être de NC comme de le NC ."
3051,1886_Valles_L'Insurge_A.txt,"Cela me rassure , et me raccommode avec ma conscience inquiète .","cela me VSENT , et me PRES avec DETPOSS NC ADJ ."
3052,1886_Valles_L'Insurge_A.txt,"Ce n' est pas devant le péril que mes amis et moi nous avons reculé toute une nuit , c' est devant une moitié de victoire gagnée sans nous , et que nous pouvions perdre en entrant en ligne trop tard .","ce ne être pas ADVLIEU le NC que DETPOSS NCmod et soi nous avoir PPAS tout un NCT , ce être ADVLIEU un NC de NCmod PPAS sans nous , et que nous pouvoir INF en PPRES en NC trop tard ."
3053,1886_Valles_L'Insurge_A.txt,Je me dirige vers l' Hôtel de Ville .,je me PRES vers le NC de NP .
3054,1886_Valles_L'Insurge_A.txt,«Où siège le Comité central ?,ADV NCmod le NC ADJ ?
3055,1886_Valles_L'Insurge_A.txt,– En haut .,– en NC .
3056,1886_Valles_L'Insurge_A.txt,"Et à droite .» Je marche en enjambant par-dessus les hommes endormis et affalés , comme de les bêtes fourbues , sur les marches de l' escalier .","et à NC .» je PRES en PPRES ADV le NCo ADJ et PPAS , comme de le NC NC , sur le NCmod de le NCmod ."
3057,1886_Valles_L'Insurge_A.txt,"Ils me rappellent les bœufs tombés dans les rues , pendant le siège , et dont la lune éclairait les grands corps roux .","il me PRES le NCo PPAS dans le NC , PHASE le NC , et dont le NCs VCOND le ADJ NCCOR ADJCOL ."
3058,1886_Valles_L'Insurge_A.txt,"Plusieurs de ceux qui , depuis la veille , à l' aube , étant sur pied , ont fait leur devoir et la corvée ; qui , après avoir harcelé de leur baïonnette le poitrail de les chevaux montés par les gros épauletiers de Vinoy , ont , le soir , taillé le pain , distribué les vivres : plusieurs de ceux -là ont arrosé leur charcuterie et leur lassitude d' un peu de vin qui les a ragaillardis – et ils ont une pointe .","plusieurs de celui qui , depuis le NC , à le NCmod , être sur NCCOR , avoir faire lui devoir et le NC ; qui , PHASE avoir VSENT de lui NC le NCo de le NCmod PPAS par le ADJ NC de NP , avoir , le NCT , PPAS le NCo , PPAS le NCo : plusieurs de celui -là avoir PPAS lui NCo et lui NCSENT de un peu de NC qui le PRES ADJ – et il avoir un NCo ."
3059,1886_Valles_L'Insurge_A.txt,"Mais pas un qui ne puisse sauter sur son fusil , viser , et faire feu , si Moreau , ou Durand , ou Lambert – voilà les noms de leurs généraux – se mettait à crier que Ferry revient avec un Ibos et un 106 e , comme à le 31 octobre .","mais pas un qui ne pouvoir INF sur DETPOSS NC , INF , et faire NCo , si NP , ou NP , ou NP – voilà le NCo de DETPOSS NCmod – se mettre à VDIC que NP PRES avec un NP et un NUM e , comme à le NUM MOIS ."
3060,1886_Valles_L'Insurge_A.txt,« À les armes !,""" à le NC !"
3061,1886_Valles_L'Insurge_A.txt,"» Tous laisseraient le gobelet d' étain pour prendre l' écuelle à cartouches et piqueraient , non plus dans le petit-salé de faubourg avec leur couteau de treize sous , mais dans le gras-double de les bourgeois , avec la fourchette à une dent qui est à le bout de le flingot .",""" tout laisser le NCo de NCmod pour INF le NCo à NC et NC , non plus dans le NC de NCmod avec lui NCmod de NUM NCmod , mais dans le NC de le NCmod , avec le NCmod à un NCCOR qui être à le NC de le NCmod ."
3062,1886_Valles_L'Insurge_A.txt,"Mais , pour l' instant , rien qui sente la colère , ni même qui embaume l' enthousiasme !","mais , pour le NC , rien qui PRES le NCSENT , ni même qui PRES le NCo !"
3063,1886_Valles_L'Insurge_A.txt,"On dirait d' un régiment qui a reçu permission de pioncer sur le perron d' une préfecture , faute d' assez de billets de logement , et à qui on a dit de s' organiser , tant bien que mal , pour la soupe , le feu et la chandelle .","on VDIC de un NC qui avoir PPAS NCo de INF sur le NC de un NCmod , ADV de ADV de NC de NCmod , et à qui on avoir VDIC de se INF , tant bien que mal , pour le NC , le NC et le NC ."
3064,1886_Valles_L'Insurge_A.txt,25 Où est le Comité central ?,NUM où être le NC ADJ ?
3065,1886_Valles_L'Insurge_A.txt,Le Comité ?,le NC ?
3066,1886_Valles_L'Insurge_A.txt,… Il est égrené dans cette pièce .,… il être PPAS dans ce NC .
3067,1886_Valles_L'Insurge_A.txt,"L' un écrit , l' autre dort ; celui-ci cause , assis à moitié sur une table ; celui-là , tout en racontant une histoire qui fait rire les voisins , rafistole un revolver qui a eu la gueule fendue .","le un PRES , le autre NCo ; celui-ci PRES , PPAS à NC sur un NC ; celui-là , tout en PPRES un NCo qui faire INF le NCs , PRES un NCo qui avoir avoir le NCo ADJ ."
3068,1886_Valles_L'Insurge_A.txt,Je n' en connais aucun .,je ne en PRES aucun .
3069,1886_Valles_L'Insurge_A.txt,On me dit leurs noms : je ne les ai pas encore entendus .,on me VDIC DETPOSS NCo : je ne le avoir pas encore ADJ .
3070,1886_Valles_L'Insurge_A.txt,"Ce sont les délégués de bataillons , populaires seulement dans leur quartier .","ce être le NC de NCmod , ADJ seulement dans lui NCmod ."
3071,1886_Valles_L'Insurge_A.txt,"Ils ont eu leurs succès d' hommes de parole et d' hommes d' action dans les assemblées , souvent tumultueuses , d' où est sortie l' organisation fédérale .","il avoir avoir DETPOSS NC de NCmod de NCmod et de NC de NCmod dans le NCmod , ADVTEMPS ADJ , de où être PPAS le NCs ADJ ."
3072,1886_Valles_L'Insurge_A.txt,"Je n' ai point assisté à ces réunions , étant forcé de me cacher avant et après ma condamnation .","je ne avoir ADV PPAS à ce NC , être PPAS de me INF PHASE et PHASE DETPOSS NC ."
3073,1886_Valles_L'Insurge_A.txt,"Ils sont six ou sept , pas plus , en ce moment , dans cette grande salle où l' Empire , en uniforme doré et en toilette de gala , dansait , il n' y a pas déjà si longtemps !","il être NUM ou NUM , pas plus , en ce NC , dans ce ADJ NC où le NC , en NCs PPAS et en NC de NCmod , VIMP , il ne y avoir pas déjà si longtemps !"
3074,1886_Valles_L'Insurge_A.txt,"Aujourd'hui , une demi-douzaine de garçons à gros souliers , avec un képi à filets de laine , vêtus de la capote ou de la vareuse , sans une épaulette ni une dragonne , sont sous ce plafond à cartouches fleurdelisés , le gouvernement .","ADVT , un NC de NCmod à ADJ NCmod , avec un NCmod à NCmod de NCs , PPAS de le NC ou de le NC , sans un NC ni un NC , être sous ce NC à NCmod PPAS , le NC ."
3075,1886_Valles_L'Insurge_A.txt,À peine ils s' aperçoivent qu' un étranger est entré !,à NCSENT il se PRES que un NCs être PPAS !
3076,1886_Valles_L'Insurge_A.txt,"Ce n' est qu' à le bout de cinq minutes de rôderie que je me décide à approcher de le récureur de pistolet qui , de le reste , ne rit plus et dit , d' une voix ferme , à un nouvel arrivé : « Ah! mais non !","ce ne être que à le NC de NUM NCT de NC que je me PRES à INF de le NC de NCmod qui , de le NC , ne PRES plus et VDIC , de un NCMAN ADJ , à un ADJ NC : "" ah! mais non !"
3077,1886_Valles_L'Insurge_A.txt,On veut encore escamoter la Révolution !,on vouloir encore INF le NCo !
3078,1886_Valles_L'Insurge_A.txt,"J' aimerais mieux me faire sauter le caisson que de signer … je ne signe pas .» Il me voit , et m' interpellant brusquement : « Est -ce que vous êtes aussi un délégué de les mairies , vous ?","je VSENT mieux me faire INF le NCo que de INF … je ne PRES pas .» il me VCOG , et lui PPRES ADV : "" être ce que vous être aussi un NC de le NCmod , vous ?"
3079,1886_Valles_L'Insurge_A.txt,– Je suis le rédacteur en chef de le Cri de le peuple .,– je être le NC en NCmod de le NP de le NCmod .
3080,1886_Valles_L'Insurge_A.txt,– Et vous ne disiez rien !,– et vous ne PRES rien !
3081,1886_Valles_L'Insurge_A.txt,Et vous restiez là comme le dernier venu !,et vous VSUBP ADVLIEU comme le ADJ NC !
3082,1886_Valles_L'Insurge_A.txt,"… » Je suis le dernier venu , en effet ; je n' ai été ni avec les fusilleurs hier matin , ni avec les barricadiers hier soir .","… "" je être le ADJ NC , en NC ; je ne avoir être ni avec le NC ADV NCT , ni avec le NC ADV NCT ."
3083,1886_Valles_L'Insurge_A.txt,"Je lui avoue mes hésitations , comment je suis resté sur la défensive .","je lui VDIC DETPOSS NCo , comment je être PPAS sur le NC ."
3084,1886_Valles_L'Insurge_A.txt,"«Je comprends , dit -il , notre obscurité nous rend suspects! ... Mais il y a derrière nous un demi-million d' obscurs – armés !","«il PRES , VDIC il , DETPOSS NCo nous PRES suspects! ... mais il y avoir ADVLIEU nous un NCo de NCmod – PPAS !"
3085,1886_Valles_L'Insurge_A.txt,– et ceux -là nous suivront !» « En êtes -vous sûr ?,"– et celui ADVLIEU nous VF !» "" en être vous ADJ ?"
3086,1886_Valles_L'Insurge_A.txt,"reprend l' interlocuteur qui a été lâché pour moi , Bonvalet , maire de le III e , un petit boulot qui paraît très animé et élève le ton , comme un parlementaire qui pose de les conditions ou transmet un défi. Êtes -vous sûr que la population vous suivra comme vous le dites ?","PRES le NCo qui avoir être PPAS pour soi , NP , NC de le NUM e , un ADJ NCs qui paraître très ADJ et PRES le NCo , comme un NC qui PRES de le NC ou PRES un NCo être vous ADJ que le NC vous VF comme vous le VDIC ?"
3087,1886_Valles_L'Insurge_A.txt,"… Nous venons vous proposer , nous , Ligue de les droits de Paris , de mettre le pouvoir en dépôt dans nos mains ( rien qu' en dépôt ) pour qu' on ait le temps de voir venir !","… nous venir vous VDIC , nous , NP de le NCmod de NP , de mettre le pouvoir en NC dans DETPOSS NCCOR ( rien que en NCmod ) pour que on avoir le temps de VCOG venir !"
3088,1886_Valles_L'Insurge_A.txt,– Les copains feront ce qu' ils voudront .,– le NCs faire ce que il VF .
3089,1886_Valles_L'Insurge_A.txt,"Moi je retourne dans mon arrondissement , je me cantonne dans votre boîte , et je vous défends d' y entrer … Voilà !","soi je PRES dans DETPOSS NC , je me NC dans DETPOSS NCmod , et je vous PRES de y INF … voilà !"
3090,1886_Valles_L'Insurge_A.txt,"» « Sans nous , vous ne serez rien – Mais vous-mêmes , qu' êtes -vous donc ?",""" "" sans nous , vous ne être rien – mais vous-mêmes , que être vous donc ?"
3091,1886_Valles_L'Insurge_A.txt,Vous croyez que toute la municipaillerie et toute la députasserie pèsent une once aujourd'hui ?,vous PRES que tout le NC et tout le NCs PRES un NCo ADVT ?
3092,1886_Valles_L'Insurge_A.txt,"… Certes oui , si elles étaient mises à la tête de le mouvement !","… ADV oui , si il être mettre à le NCCOR de le NCmod !"
3093,1886_Valles_L'Insurge_A.txt,"Elles nous auraient même volés , fourrés dedans !","il nous avoir même PPAS , PPAS dedans !"
3094,1886_Valles_L'Insurge_A.txt,Nous étions fichus !,nous être PPAS !
3095,1886_Valles_L'Insurge_A.txt,"nous , les socialistes .","nous , le NC ."
3096,1886_Valles_L'Insurge_A.txt,"Si les élus de la Ville étaient entrés dans le branle … flambée , la Commune !» Puis , se mettant à rire : « Mon cher , allez dire à vos patrons que nous sommes ici par la volonté de les gens de rien , et nous n' en sortirons que par la force de les mitrailleuses .","si le NCs de le NP être PPAS dans le NC … PPAS , le NP !» puis , se mettre à INF : "" NP ADJ , aller VDIC à DETPOSS NC que nous être ADVLIEU par le NC de le NCmod de rien , et nous ne en PRES que par le NCSENT de le NCmod ."
3097,1886_Valles_L'Insurge_A.txt,"– Alors , c' est votre dernier mot ?","– alors , ce être DETPOSS ADJ NC ?"
3098,1886_Valles_L'Insurge_A.txt,"– Vous pouvez consulter les autres , si ça vous plaît .! Mais je ne vous répète là que ce que nous avons dit cette nuit … tous en bloc!» À le même moment , un peloton d' hommes sans armes est entré : quelques -uns bâillant , tout ébouriffés ; d' autres agitant de les paperasses , l' œil allumé , tapant sur les feuillets , comparant les pages .","– vous pouvoir INF le autre , si ça vous PRES .! mais je ne vous PRES ADVLIEU que ce que nous avoir VDIC ce NCT … tout en bloc!» À le même NC , un NCs de NCmod sans NCmod être PPAS : quelque NCo ADJ , tout PPAS ; un autre PPRES de le NC , le NCo ADJ , PPRES sur le NC , PPRES le NCo ."
3099,1886_Valles_L'Insurge_A.txt,"C' était le noyau de le Comité qui venait de recevoir de les nouvelles , et de décider la réponse à les députés .","ce être le NC de le NCmod qui venir de INF de le NC , et de INF le NC à le NCmod ."
3100,1886_Valles_L'Insurge_A.txt,« La paix ou la guerre ?,""" le NC ou le NC ?"
3101,1886_Valles_L'Insurge_A.txt,… a demandé Bonvalet .,… avoir PPAS NP .
3102,1886_Valles_L'Insurge_A.txt,– Cela dépend de vous .,– cela PRES de vous .
3103,1886_Valles_L'Insurge_A.txt,"Ce sera la paix si vous n' êtes pas de les entêtés et de les orgueilleux , si les représentants de le peuple acceptent qu' on en appelle à le peuple .","ce être le NC si vous ne être pas de le NC et de le ADJ , si le NCs de le NCmod PRES que on en PRES à le NC ."
3104,1886_Valles_L'Insurge_A.txt,"Nous consentons à rester dans les souliers de votre tradition , mais ne barguignez pas , ne biaisez pas et ne trahissez pas !","nous PRES à INF dans le NC de DETPOSS NCmod , mais ne IMP pas , ne IMP pas et ne IMP pas !"
3105,1886_Valles_L'Insurge_A.txt,– vous avez l' air de ne faire que ça !,– vous avoir le NCMAN de ne faire que ça !
3106,1886_Valles_L'Insurge_A.txt,"… Et maintenant , mon gros , laissez -nous tranquilles ; nous avons à fouiller nos poches .","… et ADVT , DETPOSS NC , laisser le NCo ; nous avoir à INF DETPOSS NCo ."
3107,1886_Valles_L'Insurge_A.txt,Il faut un million pour nos trois cent mille fédérés … j' ai dix francs !,il PRES NUM NCs pour DETPOSS NUM NUM NUM ADJ … je avoir NUM NCo !
3108,1886_Valles_L'Insurge_A.txt,"» « Eh bien , il n' y a qu' à défoncer les caisses !",""" "" INTJ bien , il ne y avoir que à INF le NCo !"
3109,1886_Valles_L'Insurge_A.txt,"– Pour qu' on nous accuse de pillage , de vol! … » Et de les exclamations de frayeur , un mouvement d' hésitation , un effroi de pauvres , un tremblement de ces mains noires qui n' ont jusqu' ici touché que l' argent de le travail , à les soirs de paie , et qui ne veulent pas toucher à de les billets de banque en tas , à de les monceaux d' or mis sous clef !","– pour que on nous VDIC de NC , de vol! … "" et de le NC de NCSENT , un NC de NCmod , un NC de NCmod , un ADV de ce NCCOR ADJ qui ne avoir jusque ADVLIEU PPAS que le NC de le NCmod , à le NC de NCmod , et qui ne vouloir pas INF à de le NC de NCmod en NCmod , à un le NC de NCmod mettre sous NC !"
3110,1886_Valles_L'Insurge_A.txt,"«Il faut pourtant bien fournir la solde à les gardes nationaux , leur conserver leurs trente sous !","NP PRES pourtant bien INF le NCo à le NC ADJ , lui INF DETPOSS NUM sous !"
3111,1886_Valles_L'Insurge_A.txt,Que diraient les femmes ?,que VIMP le NCo ?
3112,1886_Valles_L'Insurge_A.txt,"Si la bourgeoise se met contre nous , le mouvement est enrayé , la Révolution est perdue .","si le NCs se mettre contre nous , le NCo être PPAS , le NCspas être PPAS ."
3113,1886_Valles_L'Insurge_A.txt,– C' est vrai !,– ce être vrai !
3114,1886_Valles_L'Insurge_A.txt,"– Et le pire , ce qui est plus à craindre encore , c' est qu' il y aura de les indisciplinés qui iront en bandes prendre le pain qu' il leur faut , et plus de vin qu' il ne faudra .","– et le NC , ce qui être plus à VSENT encore , ce être que il y avoir de le NC qui aller en NC INF le NCo que il lui PRES , et plus de NC que il ne VF ."
3115,1886_Valles_L'Insurge_A.txt,"Ils forceront les portes , à le gré de leur appétit ou de leur soif , à la suffisance de leur colère … et il y aura trois cents canailles ou étourneaux qui feront passer les communards pour un ramassis de trois cent mille coquins !","il VF le NCo , à le NC de lui NCmod ou de lui NC , à le NC de lui NCSENT … et il y avoir NUM NUM NCo ou NC qui faire INF le NC pour un NC de NUM NUM NUM NCmod !"
3116,1886_Valles_L'Insurge_A.txt,» « Mais il n' y a peut-être pas de quoi régler deux journées dans ces malheureux coffres !,""" "" mais il ne y avoir peut-être pas de quoi INF NUM NCT dans ce NCmod ADJ !"
3117,1886_Valles_L'Insurge_A.txt,"– Quand il n' y en aurait que pour vingt-quatre heures , c' est ce temps -là qu' il faut gagner .","– quand il ne y en avoir que pour NUM NCT , ce être ce temps ADVLIEU que il PRES INF ."
3118,1886_Valles_L'Insurge_A.txt,"Tout nous retombera sur la tête … mais elles tiennent si peu à les épaules , nos têtes !","tout nous VF sur le NCCOR … mais il PRES si peu à le NCCOR , DETPOSS NCCOR !"
3119,1886_Valles_L'Insurge_A.txt,"Pour mon compte , j' accepte de faire la première pesée .","pour DETPOSS NC , je PRES de faire le ADJ NCo ."
3120,1886_Valles_L'Insurge_A.txt,"Qu' en dis-tu , Varlin ?","que en NCmod , NP ?"
3121,1886_Valles_L'Insurge_A.txt,– Allons chercher les pinces .» L' abîme est définitivement creusé comme avec une pioche de cimetière .,– aller INF le NCo .» le NCspas être ADV PPAS comme avec un NC de NCmod .
3122,1886_Valles_L'Insurge_A.txt,Ce crochetage de serrures engage le Comité autant que la fusillade de les généraux .,ce NCs de NCs PRES le NCo autant que le NC de le NCmod .
3123,1886_Valles_L'Insurge_A.txt,"Toute la race de ceux qui ont quatre sous , les , honnêtes gens de toute classe et de tout pays , vont lancer sur ce foyer de pilleurs , malédictions , bombes et soldats .","tout le NC de celui qui avoir NUM NCo , le , ADJ NCs de tout NCmod et de tout NC , aller INF sur ce NC de NCmod , NC , NC et NC ."
3124,1886_Valles_L'Insurge_A.txt,Je rencontre Ferré .,je NC NP .
3125,1886_Valles_L'Insurge_A.txt,« Tu sais ce qu' ils viennent de décider ?,""" je VCOG ce que il venir de INF ?"
3126,1886_Valles_L'Insurge_A.txt,– Oui !,– oui !
3127,1886_Valles_L'Insurge_A.txt,Et tu trouves qu' ils marchent !,et je ADJ que il PRES !
3128,1886_Valles_L'Insurge_A.txt,… Ils ont osé rédiger un procès-verbal pour renier l' exécution de Lecomte et de Thomas !,… il avoir PPAS INF un NCo pour INF le NCo de NP et de NP !
3129,1886_Valles_L'Insurge_A.txt,"Déjà , le peuple est désavoué ; et c' est toi qui as imprimé le désaveu dans ton canard !","déjà , le NCspas être PPAS ; et ce être soi qui avoir PPAS le NCo dans DETPOSS NC !"
3130,1886_Valles_L'Insurge_A.txt,Tu es aussi un de ceux qui ont réclamé l' élargissement de Chanzy !,je être aussi un de celui qui avoir PPAS le NC de NP !
3131,1886_Valles_L'Insurge_A.txt,… Tu vas bien !,… je ADV bien !
3132,1886_Valles_L'Insurge_A.txt,a -t -il ajouté avec amertume .,avoir t il PPAS avec NCSENT .
3133,1886_Valles_L'Insurge_A.txt,"– Alors , tu cries à la trahison ?","– alors , je PPAS à le NC ?"
3134,1886_Valles_L'Insurge_A.txt,– Non !,– non !
3135,1886_Valles_L'Insurge_A.txt,"Mais les trahisons se châtient , tandis que les faiblesses s' excusent .","mais le NCs se PRES , PHASE que le NCs se PRES ."
3136,1886_Valles_L'Insurge_A.txt,"Mieux vaudrait de les criminels , et point de les hésitants .","mieux VCOND de le NC , et NC de le NCmod ."
3137,1886_Valles_L'Insurge_A.txt,Le jardin de l' Hôtel de Ville est bien aussi grand que celui de les Rosiers … qu' ils prennent garde !» 26 Le Cri de le peuple a reparu .,le NCs de le NCmod de NP être bien aussi ADJ que celui de le NP … que il PRES NCo !» NUM Le NP de le NCmod avoir PPAS .
3138,1886_Valles_L'Insurge_A.txt,"« Demandez Le Cri de le peuple par Jacques Vingtras !» Il est deux heures de l' après-midi , et déjà quatre-vingt mille pages se sont envolées de l' imprimerie sur cette place et sur les faubourgs .",""" IMP le NP de le NCmod par NP NP !» il être NUM NCT de le NCT , et déjà NUM NUM NC se être PPAS de le NC sur ce NCmod et sur le NC ."
3139,1886_Valles_L'Insurge_A.txt,« Demandez Le Cri de le peuple par Jacques Vingtras .» On n' entend que cela et le marchand n' y peut suffire .,""" IMP le NP de le NCmod par NP NP .» on ne VCOG que cela et le NCs ne y pouvoir ADV ."
3140,1886_Valles_L'Insurge_A.txt,"« Voulez -vous mon dernier , citoyen ?",""" vouloir vous DETPOSS NC , NC ?"
3141,1886_Valles_L'Insurge_A.txt,"… Pour vous , ce sera deux sous , fait -il en riant : vrai ça les vaut! – Voyons !» 26 mars .","… pour vous , ce être NUM NC , faire il en NC : vrai ça le vaut! – VCOG !» NUM MOIS ."
3142,1886_Valles_L'Insurge_A.txt,« Quelle journée !,""" quel NCT !"
3143,1886_Valles_L'Insurge_A.txt,"«Ce soleil tiède et clair qui dore la gueule de les canons , cette odeur de bouquets , le frisson de les drapeaux le mur mure de cette révolution qui passe , tranquille et belle comme une rivière bleue ; ces tressaillements , ces lueurs , ces fanfares de cuivre , ces reflets de bronze , ces flambées d' espoir , ce parfum d' honneur , il y a là de quoi griser d' orgueil et de joie l' armée victorieuse de les républicains .","ADJ NC ADJ et ADJ qui PRES le NCCOR de le NCmod , ce NC de NCmod , le NCSENT de le NCmod le NC NC de ce NCmod qui PRES , NCo et ADJ comme un NC ADJCOL ; ce NC , ce NC , ce NC de NCmod , ce NC de NC , ce NCs de NCSENT , ce NC de NCSENT , il y avoir ADVLIEU de quoi VSENT de NCSENT et de NCSENT le NC ADJ de le NCmod ."
3144,1886_Valles_L'Insurge_A.txt,«Ô grand paris !,INTJ ADJ NCo !
3145,1886_Valles_L'Insurge_A.txt,"« Lâches que nous étions , nous parlions déjà de te quitter et de nous éloigner de tes faubourgs qu' on croyait morts !",""" NP que nous être , nous VIMP déjà de me INF et de nous INF de DETPOSS NC que on VCOG ADJ !"
3146,1886_Valles_L'Insurge_A.txt,« Pardon !,""" NP !"
3147,1886_Valles_L'Insurge_A.txt,"patrie de l' honneur , cité de le salut , bivouac de la Révolution !","NC de le NCSENT , PPAS de le NC , NC de le NCmod !"
3148,1886_Valles_L'Insurge_A.txt,"« Quoi qu' il arrive , dussions -nous être de nouveau vaincus et mourir demain , notre génération est consolée !",""" quoi que il VSUBP , NC nous être de ADJ NC et INF ADVT , DETPOSS NCspas être PPAS !"
3149,1886_Valles_L'Insurge_A.txt,Nous sommes payés de vingt ans de défaites et d' angoisses .,nous être PPAS de NUM NCT de NCmod et de NCSENT .
3150,1886_Valles_L'Insurge_A.txt,« Clairons !,""" NC !"
3151,1886_Valles_L'Insurge_A.txt,sonnez dans le vent !,IMP dans le NC !
3152,1886_Valles_L'Insurge_A.txt,Tambours !,NC !
3153,1886_Valles_L'Insurge_A.txt,battez à les champs !,IMP à le NC !
3154,1886_Valles_L'Insurge_A.txt,"« Embrasse-moi , camarade , qui a comme toi les cheveux gris !",""" NP , NC , qui avoir comme soi le NCCOR ADJCOL !"
3155,1886_Valles_L'Insurge_A.txt,"Et toi , marmot , qui joue à les billes derrière la barricade , viens que je t' embrasse aussi !","et soi , NC , qui PRES à le NC ADVLIEU le NCmod , venir que je lui PRES aussi !"
3156,1886_Valles_L'Insurge_A.txt,"« Le 17 mars te l' a sauvé belle , gamin !",""" le NUM MOIS me le avoir PPAS ADJ , NC !"
3157,1886_Valles_L'Insurge_A.txt,"Tu pouvais , comme nous , grandir dans le brouillard , patauger dans la boue , rouler dans le sang , crever de honte , d' avoir l' indicible douleur de les déshonorés !","je pouvoir , comme nous , INF dans le NC , INF dans le NC , INF dans le NCCOR , INF de NCSENT , de avoir le ADJ NCSENT de le NCmod !"
3158,1886_Valles_L'Insurge_A.txt,« C' est fini !,""" ce être ADJ !"
3159,1886_Valles_L'Insurge_A.txt,« Nous avons saigné et pleuré pour toi .,""" nous avoir PPAS et PPAS pour soi ."
3160,1886_Valles_L'Insurge_A.txt,Tu recueilleras notre héritage .,je ADJ DETPOSS NC .
3161,1886_Valles_L'Insurge_A.txt,"« Fils de les désespérés , tu seras un homme libre !",""" NC de le NCmod , je ADJ un NC ADJ !"
3162,1886_Valles_L'Insurge_A.txt,» J' ai de le bonheur pour mon argent !,""" je avoir de le NCSENT pour DETPOSS NCmod !"
3163,1886_Valles_L'Insurge_A.txt,"Par-dessus mon épaule , un ou deux fédérés essaient de lire , en disant d' un air entendu: «Il a tout de même le fil , ce sacré Vingtras !","ADV DETPOSS NCCOR , un ou NUM NC VIMP de INF , en VDIC de un NCMAN entendu: NP avoir tout de même le NCo , ce NC NP !"
3164,1886_Valles_L'Insurge_A.txt,"Vous ne trouvez pas , citoyen ?","vous ne IMP pas , ADJ ?"
3165,1886_Valles_L'Insurge_A.txt,"» Je ressens une ivresse profonde , perdu dans cette multitude qui me jette à les oreilles tout ce qu' elle pense de moi .",""" je VSENT un NCSENT ADJ , PPAS dans ce NC qui me PRES à le NCCOR tout ce que il VCOG de soi ."
3166,1886_Valles_L'Insurge_A.txt,"Ma réserve , quand on frappe sur le journal en disant : « Est -ce tapé! là , voyons ?","DETPOSS NC , quand on frapper sur le NC en VDIC : "" PRES ce tapé! ADVLIEU , NC ?"
3167,1886_Valles_L'Insurge_A.txt,"... » me vaut même , de la part de les enthousiastes qui me trouvent tiède , de les moues de colère , et aussi de les bourrades sournoises – qui me cassent les côtes , mais me rapiècent le cœur .","... "" me PRES même , de le NC de le NCmod qui me PRES ADJ , de le NC de NCSENT , et aussi de le NC ADJ – qui me PRES le NCo , mais me PRES le NCo ."
3168,1886_Valles_L'Insurge_A.txt,"Il me semble qu' il n' est plus à moi , ce cœur qu' ont écorché tant de laides blessures , et que c' est l' âme même de la foule qui maintenant emplit et gonfle ma poitrine .","il me sembler que il ne être plus à soi , ce NCs que avoir PPAS tant de NC ADJ , et que ce être le NC même de le NCmod qui ADVT PPAS et PRES DETPOSS NCo ."
3169,1886_Valles_L'Insurge_A.txt,Oh !,INTJ !
3170,1886_Valles_L'Insurge_A.txt,"il faudrait que la mort vînt me prendre , qu' une balle me tuât dans cet épanouissement de la résurrection !","il VCOND que le NCs PRES me INF , que un NCs me VSUBI dans ce NCSENT de le NCmod !"
3171,1886_Valles_L'Insurge_A.txt,Je mourrais aujourd'hui en pleine revanche … et qui sait ce que demain la lutte va faire de moi !,je VCOND ADVT en ADJ NC … et qui VCOG ce que ADVT le NCs aller faire de soi !
3172,1886_Valles_L'Insurge_A.txt,"Jadis , mon obscurité masquait de noir mes faiblesses d' inconnu; maintenant , le peuple va me regarder à travers les lignes qui , comme les veines de ma pensée , courent sur la feuille de papier gris .","ADV , DETPOSS NCs VIMP de NC DETPOSS NCo de inconnu; ADVT , le NCmod aller me VCOG à travers le NC qui , comme le NC de DETPOSS NCmod , PRES sur le NC de NCmod ADJCOL ."
3173,1886_Valles_L'Insurge_A.txt,"Si ma veine est pauvre , si j' ai le sang bleu , mieux valaient les coups de pied de vache de la misère , les portions à quatre sous , les faux cols en carton , les humiliations innombrables !","si DETPOSS NCs être ADJ , si je avoir le NCCOR ADJCOL , mieux VIMP le NC de NCCOR de NCmod de le NCmod , le NC à NUM NCmod , le ADJ NC en NCmod , le NCSENT ADJ !"
3174,1886_Valles_L'Insurge_A.txt,"On avait , à le moins , une âpre jouissance à se sentir le plus fort dans le pays de la détresse , à être – pour pas trop cher de vaillance et parce qu' on avait appris de le latin – le grand homme de la gueuserie sombre .","on avoir , à le moins , un ADJ NCSENT à se sentir le plus fort dans le NC de le NCSENT , à être – pour pas trop ADJ de NC et parce que on avoir VCOG de le NC – le ADJ NC de le NCmod ADJ ."
3175,1886_Valles_L'Insurge_A.txt,"Et voilà qu' à cette heure d' évasion , je me trouve comme tout nu devant un demi-million de braves gens qui ont pris les armes pour être libres , et pour qu' on ne crevât plus de faim… malgré le travail ou faute de travail !","et voilà que à ce NCT de NCmod , je me PRES comme tout NC ADVLIEU un NCmod de ADJ NC qui avoir PPAS le NCo pour être ADJ , et pour que on ne VSUBI plus de NP malgré le NCmod ou NC de NCmod !"
3176,1886_Valles_L'Insurge_A.txt,"Tu as crevé de faim , Vingtras , et tu as presque chômé pendant quinze ans .","je avoir PPAS de NC , NP , et je avoir presque PPAS PHASE NUM NCT ."
3177,1886_Valles_L'Insurge_A.txt,"Tu as dû alors , pendant les moments durs , tu as dû songer à le remède contre la famine , et ruminer les articles frais d' un code de justice humaine !","je avoir devoir alors , PHASE le NC ADJ , je avoir devoir INF à le NC contre le NCmod , et INF le NC ADJ de un NCmod de NCmod ADJ !"
3178,1886_Valles_L'Insurge_A.txt,"Qu' apportes -tu de nouveau , de le fond de ta jeunesse affreuse ?","que ADV -tre de ADJ , de le NC de ta NC ADJ ?"
3179,1886_Valles_L'Insurge_A.txt,"Réponds , pauvre d' hier !","NP , ADJ de ADV !"
3180,1886_Valles_L'Insurge_A.txt,"J' ai à répondre en montrant mes poignets cerclés de bleu , et ma langue tuméfiée par les coups de ciseaux de la censure impériale .","je avoir à VDIC en PPRES DETPOSS NCCOR PPAS de ADJCOL , et DETPOSS NCCOR PPAS par le NC de NCmod de le NCmod ADJ ."
3181,1886_Valles_L'Insurge_A.txt,Réfléchir !,NP !
3182,1886_Valles_L'Insurge_A.txt,Étudier !,NP !
3183,1886_Valles_L'Insurge_A.txt,Quand ?,NP ?
3184,1886_Valles_L'Insurge_A.txt,"… L' Empire tombé , le Prussien est venu : le Prussien , Trochu , Fabre , Chaudey , le 31 Octobre , le 22 Janvier !","… le NC PPAS , le NP être venir : le NP , NP , NP , NP , le NUM MOIS , le NUM NCmod !"
3185,1886_Valles_L'Insurge_A.txt,"… On avait assez à faire de ne pas mourir de froid ou d' inanition , et de tenir en joue la Défense nationale , tout en tenant tête à l' ennemi !","… on avoir ADV à faire de ne pas INF de NCo ou de NC , et de INF en NCCOR le NP ADJ , tout en PPRES NCCOR à le NC !"
3186,1886_Valles_L'Insurge_A.txt,"Toujours sur la brèche , à les aguets , ou en avant !","ADVTEMPS sur le NC , à le NC , ou en PHASE !"
3187,1886_Valles_L'Insurge_A.txt,"… Allez donc peser les théories sociales , quand il tombe de ces grêlons de fer dans le plateau de la balance !","… aller donc INF le NCo ADJ , quand il PRES de ce NC de NCmod dans le NCs de le NCmod !"
3188,1886_Valles_L'Insurge_A.txt,27 Où sont les autres camarades ?,NUM où être le autre NC ?
3189,1886_Valles_L'Insurge_A.txt,Qui occupe les postes importants ?,qui PRES le NCo ADJ ?
3190,1886_Valles_L'Insurge_A.txt,Pas un homme connu .,pas un NC PPAS .
3191,1886_Valles_L'Insurge_A.txt,"– C' est celui-ci ou celui-là , pris à le hasard dans le Comité central .","– ce être celui-ci ou celui-là , PPAS à le NC dans le NC ADJ ."
3192,1886_Valles_L'Insurge_A.txt,"On n' a pas eu le temps de choisir , dans le branle-bas de le combat .","on ne avoir pas avoir le temps de INF , dans le NC de le NCmod ."
3193,1886_Valles_L'Insurge_A.txt,"Il ne s' agit que de planter le drapeau prolétarien , là où flottait le drapeau bourgeois … le premier moussaillon venu peut faire cette besogne tout aussi bien que le capitaine .","il ne se PRES que de INF le NCo ADJ , ADVLIEU où VIMP le NCs ADJ … le ADJ NCs venir pouvoir faire ce NCo tout aussi bien que le NC ."
3194,1886_Valles_L'Insurge_A.txt,« Qui est à l' Intérieur ?,""" qui être à le NP ?"
3195,1886_Valles_L'Insurge_A.txt,Savez-vous ?,savez-vous ?
3196,1886_Valles_L'Insurge_A.txt,– Je n' en sais fichtre rien! dit un de les chefs .,– je ne en VCOG NC rien! VDIC un de le NCmod .
3197,1886_Valles_L'Insurge_A.txt,"Allez donc voir par là , Vingtras ; restez -y s' il n' y a personne , ou aidez les camarades s' ils sont dans le pétrin .","aller donc VCOG par ADVLIEU , NP ; IMP y si il ne y avoir NCo , ou IMP le NCo si il être dans le NC ."
3198,1886_Valles_L'Insurge_A.txt,"– Place Beauvau , l' Intérieur , n' est -ce pas » Je n' en suis pas sûr .","– NP NP , le NP , ne être ce pas "" je ne en être pas ADJ ."
3199,1886_Valles_L'Insurge_A.txt,"Il me semble pourtant que c' est là qu' on est allés , à le lendemain de le 4 septembre , voir Laurier , à propos de je ne sais qui , arrêté par la nouvelle République pour je ne sais quoi .","il me sembler pourtant que ce être ADVLIEU que on être aller , à le NC de le NUM MOIS , VCOG NP , à NCmod de je ne VCOG qui , PPAS par le NC NCs pour je ne VCOG quoi ."
3200,1886_Valles_L'Insurge_A.txt,"C' est un maître de lavoir qui a la «signature » à l' Intérieur ; Grêlier , un brave garçon que j' ai connu sur les hauteurs de Belleville et qui s' improvisa mon adjoint , dans la nuit de le 31 octobre , à la mairie de La Villette .","ce être un NC de NCmod qui avoir le NCo "" à le NP ; NP , un NC NC que je avoir PPAS sur le NC de NP et qui se VPS DETPOSS NCo , dans le NCT de le NUM MOIS , à le NC de La NP ."
3201,1886_Valles_L'Insurge_A.txt,"Il signe de les ordres pavés de barbarismes , mais pavés aussi d' intentions révolutionnaires , et il a organisé , depuis qu' il est là , une insurrection terrible contre la grammaire .","il PRES de le NC PPAS de NC , mais PPAS aussi de NC ADJ , et il avoir PPAS , depuis que il être ADVLIEU , un NC ADJ contre le NC ."
3202,1886_Valles_L'Insurge_A.txt,"Son style , ses redoublements de consonnes , son mépris de les participes et de leur concubinage , ses coups de plume dans la queue de les pluriels lui ont valu un régiment et une pièce de canon .","DETPOSS NC , DETPOSS NC de NCmod , DETPOSS NC de le NCmod et de lui NC , DETPOSS NCs de NCmod dans le NCmod de le NCmod lui avoir PPAS un NCo et un NC de NCmod ."
3203,1886_Valles_L'Insurge_A.txt,"Tous les employés qui n' ont pas filé sur Versailles , depuis le chef de bureau en redingote râpée jusqu' à le garçon en livrée cossue , ont peur de cet homme qui fusille ainsi l' orthographe , qui colle Noël et Chapsal à le mur .","tout le NC qui ne avoir pas PPAS sur NP , depuis le NCmod de NCmod en NCs PPAS jusque à le NC en NCmod ADJ , avoir NCSENT de ce NCmod qui PRES ainsi le NC , qui PRES NP et NP à le NC ."
3204,1886_Valles_L'Insurge_A.txt,Il a peut-être – qui sait !,il avoir peut-être – qui VCOG !
3205,1886_Valles_L'Insurge_A.txt,– le même mépris de la vie humaine !,– le même PPAS de le NC ADJ !
3206,1886_Valles_L'Insurge_A.txt,Il m' embrasse quand j' arrive .,il lui PRES quand je VSUBP .
3207,1886_Valles_L'Insurge_A.txt,"« Heureusement , mon vieux , que vaillant va venir , me dit -il , j' en ai mon sac! Que c' est embêtant d' être ministre !",""" heureusement , DETPOSS ADJ , que PPRES aller venir , me VDIC il , je en avoir DETPOSS sac! que ce être PPRES de être NC !"
3208,1886_Valles_L'Insurge_A.txt,… Tu ne l' es nulle part? – Ah! mais non !,… je ne le être NC part? – ah! mais non !
3209,1886_Valles_L'Insurge_A.txt,"» J' allais partir quand , entre les battants d' une porte qui vient de s' ouvrir , j' ai vu se glisser la tête d' un type de le Figaro , Richebourg , qui était secrétaire de l' administration quand j' étais chroniqueur et qui , une fois ses chiffres alignés , bâtissait de les plans de romans qu' il comptait bien vendre , un jour , trois sous la ligne .",""" je aller INF quand , entre le NC de un NCmod qui venir de se INF , je avoir VCOG se INF le NCCOR de un NCmod de le NP , NP , qui être NC de le NCmod quand je être NC et qui , un fois DETPOSS NCmod PPAS , VIMP de le NC de ADJ que il VIMP bien INF , un NCT , NUM sous le NCmod ."
3210,1886_Valles_L'Insurge_A.txt,Il est envoyé par Villemessant pour demander que l' on veuille bien revenir sur l' arrêté de suspension dont est frappé le journal .,il être PPAS par NP pour INF que l' on vouloir bien INF sur le NC de NC dont être frapper le NCs .
3211,1886_Valles_L'Insurge_A.txt,"Il invoque la liberté de la Presse , et fait appel à ma clémence .","il PRES le NCo de le NP , et faire NCo à DETPOSS NCSENT ."
3212,1886_Valles_L'Insurge_A.txt,"Je n' ai pas tant de pouvoir que ça , mon garçon !","je ne avoir pas tant un pouvoir que ça , DETPOSS NC !"
3213,1886_Valles_L'Insurge_A.txt,"La force anonyme qui s' est emparée de Paris et qui rédige les proclamations et les décrets n' obéit pas à M.Vingtras , journaliste , et partisan de le laisser-dire à outrance .","le NCSENT ADJ qui se être PPAS de NP et qui PRES le NCo et le NCs ne VPS pas à NP , NC , et NC de le NCmod à NCmod ."
3214,1886_Valles_L'Insurge_A.txt,"Certes , je suis d' avis que , même dans le brouhaha de le canon et en pleine saison d' émeute , on devrait permettre à les mouches d' imprimerie de courir à leur guise sur le papier , et je voudrais que Le Figaro qui longtemps me laissa libre le fût aussi .","ADV , je être de NC que , même dans le NC de le NCmod et en ADJ NC de NCmod , on devoir permettre à le NC de NCmod de INF à lui NC sur le NC , et je vouloir que Le NP qui longtemps me laisser ADJ le être aussi ."
3215,1886_Valles_L'Insurge_A.txt,"Mais le maître de lavoir s' est levé: « Libre , Le Figaro ?","mais le NCs de NCmod se être levé: "" ADJ , Le NP ?"
3216,1886_Valles_L'Insurge_A.txt,Allons donc !,aller donc !
3217,1886_Valles_L'Insurge_A.txt,"Il n' a fait que blaguer et salir les socialistes et les républicains , alors qu' ils ne pouvaient pas se défendre .","il ne avoir faire que INF et INF le NCo et le NCs , alors que il ne pouvoir pas se INF ."
3218,1886_Valles_L'Insurge_A.txt,"Il a toujours été pour les mouchards et les sabreurs , pour l' arrestation et l' écrasement de ceux qui viennent de faire la révolution .» Le Bellevillois s' anime et s' emporte : «Tenez , je me rappelle un jour où Magnard écrivit que , pour avoir la tranquillité , il faudrait choisir cinquante ouvriers ou bohèmes parmi les agitateurs , et les envoyer à Cayenne en convoi de galériens … Mais aujourd'hui , si je pensais comme ça , si j' étais un gueux aussi , c' est Villemessant , lui , vous , toute la bande , que je ferais coller à Mazas !","il avoir ADVTEMPS être pour le NC et le NC , pour le NCmod et le NC de celui qui venir de faire le NCo .» le NP se PRES et se PRES : NP , je me PRES un NCT où NP VPS que , pour avoir le NCSENT , il VCOND INF NUM NCo ou NC parmi le NC , et le INF à NP en NCmod de NCmod … mais ADVT , si je VCOG comme ça , si je être un ADJ aussi , ce être ADJ , lui , vous , tout le NC , que je faire INF à NP !"
3219,1886_Valles_L'Insurge_A.txt,"Vous demandez qu' on empoignât les nôtres , et qu' on assassinât nos journaux .","vous PRES que on VSUBI le nôtre , et que on VSUBI DETPOSS NCo ."
3220,1886_Valles_L'Insurge_A.txt,On n' exécute que la moitié de votre programme … et vous réclamez !,on ne PRES que le NC de DETPOSS NCmod … et vous PRES !
3221,1886_Valles_L'Insurge_A.txt,"Fichez -moi le camp , et plus vite que ça !","IMP soi le NC , et plus ADV que ça !"
3222,1886_Valles_L'Insurge_A.txt,d' autres seraient peut-être moins généreux .,un autre être peut-être moins ADJ .
3223,1886_Valles_L'Insurge_A.txt,"Filez , c' est prudent !» Le figarotier a disparu .","IMP , ce être ADJ !» le NCs avoir PPAS ."
3224,1886_Valles_L'Insurge_A.txt,J' ai essayé de défendre ma thèse .,je avoir PPAS de INF DETPOSS NCo .
3225,1886_Valles_L'Insurge_A.txt,"«Toi , Vingtras , motus là-dessus !","NP , NP , PPAS ADV !"
3226,1886_Valles_L'Insurge_A.txt,"Ces fédérés qui t' entendent vont te suspecter , et s' indigner .","ce NCs qui lui VCOG aller me VCOG , et se VSENT ."
3227,1886_Valles_L'Insurge_A.txt,Le journal qui les a traités de viande à bagne aurait le droit de reparaître pour les injurier à nouveau !,le NCs qui le avoir PPAS de NC à NCmod avoir le NC de INF pour le VDIC à ADJ !
3228,1886_Valles_L'Insurge_A.txt,"Y penses -tu? … Mais un sergent et une compagnie , sans nous demander d' ordres et bousculant nos résistances , iraient sauter sur les rédacteurs et les fusilleraient d' autor et d' achar {7} … Aimes -tu mieux ça? » Il s' exaltait , et autour de lui on s' exaltait aussi .","y ADJ -tu? … mais un NC et un NC , sans nous INF de NC et PPRES DETPOSS NCo , VIMP INF sur le NC et le VCOND de NC et de NC {7} … VSENT il mieux ça? "" il se VIMP , et ADV de lui on se VIMP aussi ."
3229,1886_Valles_L'Insurge_A.txt,"La sentinelle , dont on voyait par la fenêtre luire la baïonnette , s' était arrêtée pour écouter ; et quand le ministre eut fini , je vis l' arme bouger et se profiler en noir sur le mur inondé de soleil .","le NCs , dont on VCOG par le NC ADJ le NC , se être PPAS pour VCOG ; et quand le NCs avoir VASP , je VCOG le NCo ADV et se INF en NC sur le NC PPAS de NCmod ."
3230,1886_Valles_L'Insurge_A.txt,L' homme muet faisait le geste de viser et d' abattre ceux qui parleraient de délier la langue à les insulteurs de pauvres .,le NCs ADJ faire le NCo de INF et de INF celui qui VCOND de INF le NCCOR à le NC de ADJ .
3231,1886_Valles_L'Insurge_A.txt,« Et à l' instruction publique ?,""" et à le NC ADJ ?"
3232,1886_Valles_L'Insurge_A.txt,Sais -tu qui est là ?,VIMP il qui être ADVLIEU ?
3233,1886_Valles_L'Insurge_A.txt,– Eh !,– INTJ !
3234,1886_Valles_L'Insurge_A.txt,"oui , le grand Rouiller .» Rouiller est un fort gaillard de quarante ans , à charpente vigoureuse , et dont le visage est comme barbouillé de lie .","oui , le ADJ NP .» INF être un fort NC de NUM NCT , à NCmod ADJ , et dont le NCCOR être comme NC de NCmod ."
3235,1886_Valles_L'Insurge_A.txt,"Il se balance en marchant , porte de les pantalons à la hussarde , son chapeau sur l' oreille , et le pif en l' air .","il se PRES en PPRES , NCo de le NCmod à le NCmod , DETPOSS NC sur le NCCOR , et le NC en le NCMAN ."
3236,1886_Valles_L'Insurge_A.txt,"Il semble vouloir faire , avec ses moulinets de bras et de jambes , de la place à le peuple qui vient derrière lui .","il sembler vouloir faire , avec DETPOSS NC de NCCOR et de NCCOR , de le NC à le NCmod qui venir ADVLIEU lui ."
3237,1886_Valles_L'Insurge_A.txt,"On cherche dans sa main la canne de le compagnon de le Devoir ou celle de le tambour-major , qu' il fera voltiger au-dessus d' un bataillon d' irréguliers .","on PRES dans DETPOSS NCCOR le NC de le NCmod de le devoir ou celui de le NCmod , que il faire INF ADVLIEU de un NC de NCmod ."
3238,1886_Valles_L'Insurge_A.txt,"Il est cordonnier , et révolutionnaire .","il être ADJ , et ADJ ."
3239,1886_Valles_L'Insurge_A.txt,«Je chausse les gens et je déchausse les pavés !,«Je PRES le NCo et je PRES le NCo !
3240,1886_Valles_L'Insurge_A.txt,» Il n' est guère plus fort en orthographe que son collègue de l' Intérieur .,""" il ne être guère plus fort en NC que DETPOSS NC de le NP ."
3241,1886_Valles_L'Insurge_A.txt,"Mais il en sait plus long en histoire et en économie sociale , ce savetier , que n' en savent tous les diplômés réunis qui ont , avant lui , pris le portefeuille – dont il a , avant-hier , tâté le ventre , avec une moue d' homme qui se connaît plus en peau de vache qu' en maroquin .","mais il en VCOG plus ADJ en NC et en NC ADJ , ce NC , que ne en VCOG tout le NC ADJ qui avoir , PHASE lui , PPAS le NCo – dont il avoir , NCo , NC le NCCOR , avec un NCmod de NCmod qui se PRES plus en NCCOR de NCmod que en NC ."
3242,1886_Valles_L'Insurge_A.txt,"Tandis qu' il cire son fil ou promène son tranchet dans le dos de chèvre , il suit aussi le fil de les grandes idées , et découpe une république à lui dans les républiques de les penseurs .","PHASE que il PRES DETPOSS NCo ou PRES DETPOSS NCo dans le NCCOR de NCmod , il PRES aussi le NC de le ADJ NCmod , et PRES un NCo à lui dans le NC de le NC ."
3243,1886_Valles_L'Insurge_A.txt,"Et , à la tribune , il sait faire reluire et cambrer sa phrase comme l' empeigne d' un soulier , affilant sa blague en museau de bottine , ou enfonçant ses arguments , comme de les clous à travers de les talons de renfort !","et , à le NC , il VCOG faire INF et INF DETPOSS NCo comme le NC de un INF , PPRES DETPOSS NCo en NC de NCmod , ou PPRES DETPOSS NCo , comme de le ADV à travers de le NCCOR de NCmod !"
3244,1886_Valles_L'Insurge_A.txt,"Dans son sac d' orateur , il a de la fantaisie et de le solide , de même qu' il porte , dans sa « toilette » de serge , de les mules de marquise et de les socques de maçon .","dans DETPOSS NC de NCmod , il avoir de le NC et de le NC , de même que il PRES , dans DETPOSS "" NC "" de NCmod , de le NC de NCmod et de le NC de NCmod ."
3245,1886_Valles_L'Insurge_A.txt,"Tribun de chand de vin , curieux avec sa gouaillerie et ses colères , maniaque de la contradiction , éloquent devant le zinc et à le club , toujours prêt à s' arroser la dalle , défendant toutes les libertés … celle de la soûlaison comme les autres !","NP de NCmod de NCmod , ADJ avec DETPOSS NC et DETPOSS NCSENT , NC de le NC , éloquer ADVLIEU le NC et à le NC , ADVTEMPS ADJ à se INF le NCo , PPRES tout le NCo … celui de le NCmod comme le autre !"
3246,1886_Valles_L'Insurge_A.txt,«G'nia qu' deux questions !,NP que NUM NC !
3247,1886_Valles_L'Insurge_A.txt,Primo : l' intérêt de le Cap'tal !» Il ne fait que deux syllabes de le mot .,NP : le NCSENT de le NP !» il ne faire que NUM NCo de le NCmod .
3248,1886_Valles_L'Insurge_A.txt,Il avale avec la joie d' un homme qui mange le nez à son adversaire .,il PRES avec le NCSENT de un NCmod qui PRES le NCCOR à DETPOSS NC .
3249,1886_Valles_L'Insurge_A.txt,«Segondo: l' autonomie !,«Segondo: le NC !
3250,1886_Valles_L'Insurge_A.txt,"Vous devez connaître ça , Vingtras , vous qui avez fait vos classes ?","vous devoir INF ça , NP , vous qui avoir faire DETPOSS NC ?"
3251,1886_Valles_L'Insurge_A.txt,"Ça vient de le grec , à ce qu' ils disent , les bacheliers !","ça venir de le NC , à ce que il VDIC , le NCo !"
3252,1886_Valles_L'Insurge_A.txt,"… Ils savent d' où ça vient , mais ils ne savent pas où ça mène !","… il VCOG de où ça venir , mais il ne VCOG pas où ça PRES !"
3253,1886_Valles_L'Insurge_A.txt,» Et de rire en sifflant son verre !,""" et de INF en PPRES DETPOSS NCo !"
3254,1886_Valles_L'Insurge_A.txt,"« Expliquez-moi un peu ce que c' est que l' autonomie , pour ouar !",""" NP un peu ce que ce être que le NCs , pour NCmod !"
3255,1886_Valles_L'Insurge_A.txt,"» fait -il , après s' être essuyé la barbe .",""" faire il , PHASE se être PPAS le NCCOR ."
3256,1886_Valles_L'Insurge_A.txt,Tous d' attendre la réponse .,tout de INF le NCo .
3257,1886_Valles_L'Insurge_A.txt,"À le milieu de le silence , il répète : « Moi , je suis pour l' autonomie quelconque , de les quartiers , de les rues , de les maisons … – Et de les caves ?","à le milieu de le NCmod , il PRES : "" soi , je être pour le NC ADJ , de le NC , de le NC , de le NC … – et de le NC ?"
3258,1886_Valles_L'Insurge_A.txt,– Ah! ça !,– NP ça !
3259,1886_Valles_L'Insurge_A.txt,"… » Je suis curieux de le voir en fonction , et prends le chemin de la rue Saint-Dominique .","… "" je être ADJ de le VCOG en NC , et PRES le NCo de le NCmod NP ."
3260,1886_Valles_L'Insurge_A.txt,« Vous demandez M.le Grand Maître ?» me dit un huissier à chaîne d' argent qui me voit errant à travers les couloirs .,""" vous PRES NP NP NP ?» me VDIC un NCs à NC de NCmod qui me VCOG PPRES à travers le NC ."
3261,1886_Valles_L'Insurge_A.txt,Le Grand Maître !,le ADJ NCs !
3262,1886_Valles_L'Insurge_A.txt,Est -ce qu' il se moque de moi ?,être ce que il se PRES de soi ?
3263,1886_Valles_L'Insurge_A.txt,"Néanmoins , je m' incline avec de les airs de personnage .","ADV , je se PRES avec de le NCMAN de NCmod ."
3264,1886_Valles_L'Insurge_A.txt,Il me précède dans l' escalier .,il me PRES dans le NC .
3265,1886_Valles_L'Insurge_A.txt,"Une odeur de tabac , de les cris .","un NC de NCmod , de le NCmod ."
3266,1886_Valles_L'Insurge_A.txt,« Quand je vous dis que je ne fais jamais de partie à quatre !,""" quand je vous VDIC que je ne faire ADVTEMPS de NC à NUM !"
3267,1886_Valles_L'Insurge_A.txt,"Alors , je serai le galérien d' un monsieur dont je deviendrais le solidaire ?","alors , je VCOND le NC de un monsieur dont je devenir le NCo ?"
3268,1886_Valles_L'Insurge_A.txt,"Non , non !","non , non !"
3269,1886_Valles_L'Insurge_A.txt,… Chacun pour soi : L' autonomie !» Bruit de carambolage .,… chacun pour soi : le NC !» NP de NCmod .
3270,1886_Valles_L'Insurge_A.txt,"« Votre partenaire l' aurait fait , celui-là !",""" DETPOSS NCs le avoir faire , celui-là !"
3271,1886_Valles_L'Insurge_A.txt,"– Oui , et je lui aurais dû de la reconnaissance !","– oui , et je lui avoir devoir de le NC !"
3272,1886_Valles_L'Insurge_A.txt,De le sentiment alors ?,de le NCSENT alors ?
3273,1886_Valles_L'Insurge_A.txt,"J' aime mieux être autonome , mon bonhomme !","je VSENT mieux être ADJ , DETPOSS NC !"
3274,1886_Valles_L'Insurge_A.txt,"– Et puis , où serait l' intérêt ?","– et puis , où être le NCSENT ?"
3275,1886_Valles_L'Insurge_A.txt,… l' intérêt de le Cap'tal » ai-je fait en entrant .,"… le NCSENT de le NP "" ai-il faire en PPRES ."
3276,1886_Valles_L'Insurge_A.txt,"On m' a tapé sur le ventre , et on a rempli de rhum les petits verres .","on le avoir PPAS sur le NCCOR , et on avoir PPAS de NC le ADJ NCo ."
3277,1886_Valles_L'Insurge_A.txt,"« Vous devez l' aimer , celui-là , car il sent rudement la semelle !",""" vous devoir le VSENT , celui-là , car il sentir ADVMAN le NCo !"
3278,1886_Valles_L'Insurge_A.txt,"– Vous préféreriez téter votre écritoire , hein ?","– vous PRES INF DETPOSS NCo , NC ?"
3279,1886_Valles_L'Insurge_A.txt,buveur d' encre !,NC de NCmod !
3280,1886_Valles_L'Insurge_A.txt,… Et qu' est -ce que vous venez faire ?,… et que être ce que vous venir faire ?
3281,1886_Valles_L'Insurge_A.txt,"Nous fiche à la porte , peut-être ?","nous PRES à le NC , peut-être ?"
3282,1886_Valles_L'Insurge_A.txt,"» Il a lampé une autre lichée , et a dit: «Je m' en bats l' œil !",""" il avoir PPAS un autre NCo , et avoir dit: «Je le en NC le NCo !"
3283,1886_Valles_L'Insurge_A.txt,"Ça n' en aura pas moins été un gniaf {8} qui sera entré ici le premier , comme un sorbonniot {9} , et que toute la valetaille de bureau ou d' office aura salué !","ça ne en avoir pas moins être un NCo {8} qui être PPAS ADVLIEU le ADJ , comme un NC {9} , et que tout le NCs de NCmod ou de NC avoir PPAS !"
3284,1886_Valles_L'Insurge_A.txt,"Nous aurons introduit le cuir dans le Conservatoire de la langue française , et flanqué un coup de pied à le derrière de la tradition !» « Dites -moi donc , Rouiller , qui vous a donné votre délégation ?","nous avoir PPAS le NCo dans le NP de le NCCOR ADJ , et PPAS un NCo de NCCOR à le ADVLIEU de le NCmod !» "" VDIC soi donc , NP , qui vous avoir PPAS DETPOSS NCo ?"
3285,1886_Valles_L'Insurge_A.txt,"– Ah çà , mais !","– INTJ ADV , mais !"
3286,1886_Valles_L'Insurge_A.txt,vous croyez donc que je reçois de les ordres et que je m' enrégimente !,vous PRES donc que je PRES de le NC et que je lui PRES !
3287,1886_Valles_L'Insurge_A.txt,… J' avais de les chaussures à rendre dans le quartier .,… je avoir de le NC à INF dans le NC .
3288,1886_Valles_L'Insurge_A.txt,C' est en voyant l' enseigne que l' idée m' a pris de monter .,ce être en VCOG le NCo que le NC le avoir PPAS de INF .
3289,1886_Valles_L'Insurge_A.txt,"Le fauteuil était vide , et je m' y suis assis – et j' y suis encore !","le NCs être ADJ , et je le y être PPAS – et je y être encore !"
3290,1886_Valles_L'Insurge_A.txt,"… Eh! là-bas , l' homme à la chaîne , ça vous contrarierait -il d' aller nous chercher de la charcuterie : un pied pour moi et de la hure pour Theulière ?","… NP ADVLIEU , le NC à le NCmod , ça vous VCOND il de aller nous INF de le NC : un NCCOR pour soi et de le NC pour NP ?"
3291,1886_Valles_L'Insurge_A.txt,… Nous mangerons ici .,… nous VF ADVLIEU .
3292,1886_Valles_L'Insurge_A.txt,"Allons , Vingtras , vous allez bouffer avec nous; mettez votre part!» Il a tendu un képi pour faire la quête de le déjeuner .","NP , NP , vous aller INF avec nous; mettre DETPOSS part!» il avoir PPAS un NCo pour faire le NCo de le NCmod ."
3293,1886_Valles_L'Insurge_A.txt,« C' est ce que nous avons épuisé les quatre sous donnés par le Comité : cinq francs par tête .,""" ce être ce que nous avoir PPAS le NUM NCo PPAS par le NC : NUM NC par NCCOR ."
3294,1886_Valles_L'Insurge_A.txt,"Maintenant , faut y aller de sa monnaie .» On a boulotté dans le cabinet de le ministre , et là , comme on était cinq ou six , et qu' on avait arrosé le cochon , on a discuté chaudement les événements .","ADVT , PRES y aller de DETPOSS NC .» on avoir PPAS dans le NC de le NCmod , et ADVLIEU , comme on être NUM ou NUM , et que on avoir PPAS le NCo , on avoir PPAS ADVMAN le NCo ."
3295,1886_Valles_L'Insurge_A.txt,Réussira -t -on ?,VF t on ?
3296,1886_Valles_L'Insurge_A.txt,Ne réussira -t -on pas ?,ne VF t on pas ?
3297,1886_Valles_L'Insurge_A.txt,« Et qu' importe !,""" et que PRES !"
3298,1886_Valles_L'Insurge_A.txt,a grogné Rouiller .,avoir VDIC NP .
3299,1886_Valles_L'Insurge_A.txt,"On est en révolution , on y reste … jusqu' à ce que ça change !","on être en NC , on y PRES … jusque à ce que ça PRES !"
3300,1886_Valles_L'Insurge_A.txt,"Il s' agit seulement d' avoir le temps de montrer ce qu' on voulait , si on ne peut pas faire ce qu' on veut !","il se PRES seulement de avoir le temps de INF ce que on vouloir , si on ne pouvoir pas faire ce que on PRES !"
3301,1886_Valles_L'Insurge_A.txt,"» Puis se tournant vers moi , presque grave : «Vous croyez peut-être que nous n' avons fait que caramboler et que soiffer depuis que nous sommes ici ?",""" puis se PPRES vers soi , presque ADJ : «le PRES peut-être que nous ne avoir PPAS que INF et que INF depuis que nous être ADVLIEU ?"
3302,1886_Valles_L'Insurge_A.txt,"Non , mon cher !","non , DETPOSS NC !"
3303,1886_Valles_L'Insurge_A.txt,nous avons essayé de bâcler un programme .,nous avoir PPAS de INF un NCo .
3304,1886_Valles_L'Insurge_A.txt,"Voilà de quoi j' ai accouché … Tenez !» Il a tiré de sa poche quelques papiers pleins de taches , sentant la colle , et me les a remis .","voilà de quoi je avoir PPAS … IMP !» il avoir PPAS de DETPOSS NC quelque NCo ADJ de NCmod , sentir le NCo , et me le avoir PPAS ."
3305,1886_Valles_L'Insurge_A.txt,« Pourrez -vous lire ?,""" pouvoir le INF ?"
3306,1886_Valles_L'Insurge_A.txt,"C' est poissé de fautes , n' est -ce pas ?","ce être PPAS de NC , ne être ce pas ?"
3307,1886_Valles_L'Insurge_A.txt,Mais dites -moi tout de même ce que vous en pensez !» Ce que j' en pense !,mais VDIC soi tout de même ce que vous en VCOG !» ce que je en VCOG !
3308,1886_Valles_L'Insurge_A.txt,"Je pense , en toute conscience , que cet « automne » généralement quelconque à la trogne comique , que cet orateur de mastroquet , a l' intelligence plus nette , l' esprit plus haut , que les savants à le teint jaune , à l' allure vénérable , que j' ai vus pâlir sur les vieux livres , et chercher dans les bibliothèques les lois de la richesse , la raison de la misère .","je VCOG , en tout NC , que ce "" NCs "" ADVTEMPS quelconque à le NCmod ADJ , que ce NC de NCmod , avoir le NCo plus NC , le NC plus ADJ , que le NC à le NCmod ADJCOL , à le NCMAN ADJ , que je avoir VCOG INF sur le ADJ NC , et INF dans le NC le NC de le NC , le NC de le NCmod ."
3309,1886_Valles_L'Insurge_A.txt,"Il en sait plus long qu' eux , plus long que moi !","il en VCOG plus ADJ que eux , plus ADJ que soi !"
3310,1886_Valles_L'Insurge_A.txt,"Il y a , dans les feuillets froissés et sales qu' il m' a donnés , tout un plan d' éducation qui renverse par sa sagesse les catéchismes de les Académies et de les Grands Conseils .","il y avoir , dans le NC ADJ et ADJ que il lui avoir PPAS , tout un NC de NCmod qui PRES par DETPOSS NC le NC de le NP et de le ADJ NC ."
3311,1886_Valles_L'Insurge_A.txt,Rouiller me suit de les yeux .,NP me PRES de le NCCOR .
3312,1886_Valles_L'Insurge_A.txt,« Avez-vous vu le passage où je demande que tous les enfants aient leur chopine dès quinze ans ?,""" avez-vous VCOG le NCo où je PRES que tout le NCs avoir lui NCo dès NUM NCT ?"
3313,1886_Valles_L'Insurge_A.txt,"Eh! bien , mon cher , voulez -vous que je vous dise ?","NP bien , DETPOSS NC , vouloir vous que je vous PRES ?"
3314,1886_Valles_L'Insurge_A.txt,"… Si j' ai pu me faire quelques idées et les aligner en rangs d' oignons , c' est que j' ai toujours gagné assez pour boire mon litre , et prendre mon café avec la consolation !","… si je avoir pouvoir me faire quelque NC et le INF en NC de NCmod , ce être que je avoir ADVTEMPS PPAS ADV pour INF DETPOSS NCo , et INF DETPOSS NCo avec le NCSENT !"
3315,1886_Valles_L'Insurge_A.txt,On dit que j' ai tort de me piquer le nez ?,on VDIC que je avoir PPAS de me INF le NCCOR ?
3316,1886_Valles_L'Insurge_A.txt,"Mais , sacré nom !","mais , sacré NC !"
3317,1886_Valles_L'Insurge_A.txt,"c' est quand ce nez -là me chatouille que ma pensée se ravigote , c' est quand j' ai l' œil un peu allumé que j' y vois le plus clair !","ce être ADV ce NCCOR ADVLIEU me VSENT que DETPOSS NCs se NC , ce être quand je avoir le NCo un peu PPAS que je y ADJ le plus ADJ !"
3318,1886_Valles_L'Insurge_A.txt,"… C' est pas pour la vertu , croyez -le bien , jeune homme , qu' on recommande à les pauvres de ne pas licher ; c' est parce qu' on a peur que cela leur débrouille un peu la cervelle , et leur graisse les muscles , et leur chauffe le cœur !","… ce être pas pour le NC , VCOG le bien , ADJ NCo , que on VSUBP à le NC de ne pas INF ; ce être parce que on avoir NCSENT que cela lui PRES un peu le NCCOR , et lui NCs le NC , et lui PRES le NCo !"
3319,1886_Valles_L'Insurge_A.txt,Êtes -vous content de ce que j' ai fait ?,être lui PRES de ce que je avoir faire ?
3320,1886_Valles_L'Insurge_A.txt,"… Oui … Eh bien , j' ai écrit cela avec la suée de mes cuites !» 28 La liste de la Commune est sortie , en vingt morceaux , de vingt quartiers de Paris .","… oui … INTJ bien , je avoir PPAS cela avec le NC de DETPOSS NCmod !» NUM le NCs de le NP être PPAS , en NUM NC , de NUM NCmod de NP ."
3321,1886_Valles_L'Insurge_A.txt,Je suis un de les trois élus de Grenelle .,je être un de le NUM NCmod de NP .
3322,1886_Valles_L'Insurge_A.txt,"C' est que j' ai été jadis petit employé dans la bicoque de la mairie ; c' est qu' on m' y a vu , à le bureau de les naissances , pâlir et écraser de les larmes , quand le nouveau -né était apporté dans une blouse qu' avait enlevée de ses épaules le père misérable , grelottant sous le froid de l' hiver .","ce être que je avoir être ADV ADJ PPAS dans le NC de le NCmod ; ce être que on le y avoir VCOG , à le NC de le NCmod , INF et INF de le NC , quand le ADJ NCs être PPAS dans un NC que avoir PPAS de DETPOSS NCCOR le NC ADJ , PPRES sous le NC de le NCmod ."
3323,1886_Valles_L'Insurge_A.txt,"J' en avais connu qui en moururent , et j' étais allé à leur enterrement .","je en avoir PPAS qui en VPS , et je être aller à lui ADV ."
3324,1886_Valles_L'Insurge_A.txt,"On se l' est rappelé , dix ans après .","on se le être PPAS , NUM NCT PHASE ."
3325,1886_Valles_L'Insurge_A.txt,"Mon nom , jeté par un de ces pères venus en bras de chemise sous la neige , a été ramassé et porté comme l' enfant dans le bourgeron {10} de les ouvriers .","DETPOSS NC , PPAS par un de ce NCmod venir en NCCOR de NCspas sous le NCmod , avoir être PPAS et PPAS comme le NC dans le NCmod {10} de le NC ."
3326,1886_Valles_L'Insurge_A.txt,"« Te voilà content , j' espère !",""" me voilà ADJ , je VCOG !"
3327,1886_Valles_L'Insurge_A.txt,"– Oui , content que le peuple ait pensé à moi .","– oui , ADJ que le NCs avoir VCOG à soi ."
3328,1886_Valles_L'Insurge_A.txt,"Mais cette nomination -là , tu entends bien , c' est la condamnation à mort !","mais ce NC ADVLIEU , je VCOG bien , ce être le NC à NCmod !"
3329,1886_Valles_L'Insurge_A.txt,"– Sérieusement , tu crois qu' on y laissera sa peau ?","– ADVMAN , je VCOG que on y laisser DETPOSS NCCOR ?"
3330,1886_Valles_L'Insurge_A.txt,"– Guillotinés ou fusillés , à le choix !","– PPAS ou PPAS , à le NC !"
3331,1886_Valles_L'Insurge_A.txt,"Si nous sommes fusillés , nous aurons de la veine .","si nous être PPAS , nous avoir de le NC ."
3332,1886_Valles_L'Insurge_A.txt,– Brr !,– NP !
3333,1886_Valles_L'Insurge_A.txt,"… ça fait tout de même froid dans le dos , l' idée d' avoir le cou coupé !","… ça faire tout de même ADJ dans le NCCOR , le NCo de avoir le NCCOR ADJ !"
3334,1886_Valles_L'Insurge_A.txt,"» Il n' a pas l' air enchanté de la perspective non plus , le camarade ; seulement , il garde à le fond de lui-même l' espérance que je cabotine et que je la lui fais à l' hécatombe .",""" il ne avoir pas le NCMAN NC de le NCmod non plus , le NC ; seulement , il PRES à le NC de soi-même le NC que je PRES et que je le lui faire à le NC ."
3335,1886_Valles_L'Insurge_A.txt,"Allons , il faut me rendre à mon poste .","NP , il PRES me INF à DETPOSS NC ."
3336,1886_Valles_L'Insurge_A.txt,"«Où siège la Commune , s' il vous plaît?» Je demande cela à tous les échos de l' Hôtel de Ville .","ADV NC le NP , si il vous plaît?» je PRES cela à tout le NC de le NCmod de NCmod ."
3337,1886_Valles_L'Insurge_A.txt,"Je traverse de les salles vides , de les salles pleines , sans qu' on puisse me renseigner .","je PRES de le NC ADJ , de le NC ADJ , sans que on pouvoir me INF ."
3338,1886_Valles_L'Insurge_A.txt,"Je rencontre de les collègues qui ne sont pas plus avancés que moi , mais qui sont plus en colère .","je rencontrer de le NC qui ne être pas plus ADJ que soi , mais qui être plus en NCSENT ."
3339,1886_Valles_L'Insurge_A.txt,"Ils se plaignent de le Comité central , qui a l' air de se moquer d' eux et leur fait faire le pied de grue devant de les portes closes .","il se PRES de le NC ADJ , qui avoir le NCMAN de se INF de eux et lui NC faire le NCCOR de NCmod ADVLIEU de le NC ADJ ."
3340,1886_Valles_L'Insurge_A.txt,"Enfin , nous avons trouvé !","PHASE , nous avoir PPAS !"
3341,1886_Valles_L'Insurge_A.txt,"C' est dans l' ancien local de la Commission départementale qu' on a allumé les lampes , et que nous allons délibérer .","ce être dans le ADJ NC de le NCmod ADJ que on avoir PPAS le NCo , et que nous aller INF ."
3342,1886_Valles_L'Insurge_A.txt,"On cherche sa place , on cherche ses amis , on cherche son attitude et son accent .","on PRES DETPOSS NCo , on PRES DETPOSS NCo , on PRES DETPOSS NCo et DETPOSS NC ."
3343,1886_Valles_L'Insurge_A.txt,"La voix ne sonnera point ici comme dans les salles de bal , faites pour les coups de grosse caisse ou les coups de gueule – il n' y a pas l' acoustique de les tempêtes oratoires .","le NCMAN ne VF ADV ADVLIEU comme dans le NC de NCmod , faire pour le NC de ADJ NC ou le NC de NCmod – il ne y avoir pas le NCo de le NCmod ADJ ."
3344,1886_Valles_L'Insurge_A.txt,"Le parleur n' aura point le piédestal de la tribune , de le haut de laquelle on laisse tomber son geste et son regard .","le NCs ne avoir ADV le NCo de le NCmod , de le NC de lequel on laisser INF DETPOSS NC et DETPOSS NCMAN ."
3345,1886_Valles_L'Insurge_A.txt,"Dans cet amphithéâtre à gradins chacun causera de son banc , debout , dans la demi-lune de sa travée .","dans ce NC à NCmod chacun VF de DETPOSS NC , ADV , dans le NC de DETPOSS NC ."
3346,1886_Valles_L'Insurge_A.txt,"D' avance , la déclamation a de le plomb dans l' aile !","de NC , le NCs avoir de le NC dans le NC !"
3347,1886_Valles_L'Insurge_A.txt,"Il faudra de les faits , non de les phrases – la meule de l' éloquence qui écrase de le grain , et non le moulin que le vent de les grands mots fait tourner !","il VF de le NC , non de le NC – le NC de le NCmod qui PRES de le NC , et non le NC que le NCmod de le ADJ NCmod faire INF !"
3348,1886_Valles_L'Insurge_A.txt,"Quand tous ont été casés , que la Commune a eu pris place , il s' est fait un grand silence .","quand tout avoir être PPAS , que le NP avoir avoir PPAS NCo , il se être faire un ADJ NC ."
3349,1886_Valles_L'Insurge_A.txt,"Mais , tout à coup , j' ai eu le tympan écorché .","mais , tout à NC , je avoir avoir le NCo PPAS ."
3350,1886_Valles_L'Insurge_A.txt,"Un individu , placé derrière moi , vient de se lever et agitant , comme un pianiste allemand , de longs cheveux plats qui graissent le collet de sa redingote , roulant de les yeux mourants derrière les verres de son lorgnon , il proteste , d' un accent fébrile , contre ce que vient de dire je ne sais qui .","un NCs , PPAS ADVLIEU soi , venir de se INF et PPRES , comme un NC ADJ , un ADJ NCCOR ADJ qui PRES le NC de DETPOSS NCmod , PPRES de le NCCOR ADJ ADVLIEU le NC de DETPOSS NCmod , il PRES , de un NC ADJ , contre ce que venir de VDIC je ne VCOG qui ."
3351,1886_Valles_L'Insurge_A.txt,"Ce je ne sais qui est peut-être moi , qui ai demandé comment les élus de Paris qui étaient en même temps députés à Versailles allaient manigancer leur petite affaire .","ce je ne VCOG qui être peut-être soi , qui avoir PPAS comment le NCs de NP qui être en même temps PPAS à NP aller INF lui ADJ NCo ."
3352,1886_Valles_L'Insurge_A.txt,"Il faut savoir à quoi s' en tenir , pourtant .","il PRES VCOG à quoi se en INF , pourtant ."
3353,1886_Valles_L'Insurge_A.txt,"L' homme à la tignasse en saule a déclaré que , devant de les sommations faites sur ce ton , il se retirait .","le NCs à le NCmod en NCmod avoir PPAS que , devoir de le NC faire sur ce NC , il se VIMP ."
3354,1886_Valles_L'Insurge_A.txt,"Il a jeté son paletot sur son bras , et il est sorti en faisant claquer la porte !","il avoir PPAS DETPOSS NCo sur DETPOSS NCCOR , et il être PPAS en faire INF le NC !"
3355,1886_Valles_L'Insurge_A.txt,"C' est commode , cela !","ce être ADJ , cela !"
3356,1886_Valles_L'Insurge_A.txt,"Mais est -ce que j' ai songé à partir , en secouant la poussière de mes souliers , quand j' ai vu , clair comme le jour , que nous serions dévorés , nous autres , par la majorité de les Jacobins ?","mais être ce que je avoir PPAS à INF , en PPRES le NCo de DETPOSS NCmod , quand je avoir VCOG , ADJ comme le NCT , que nous NC VSENT , nous autre , par le NCmod de le ADJ ?"
3357,1886_Valles_L'Insurge_A.txt,"Plus le danger est grand , plus le devoir de rester est sacré !","plus le NCs être ADJ , plus le devoir de INF être ADJ !"
3358,1886_Valles_L'Insurge_A.txt,"Pourquoi ne demeure -t -il pas à la disposition de ceux qui l' ont nommé , ce Tirard , afin de les représenter et de les défendre ?","pourquoi ne PRES t il pas à le NC de celui qui le avoir PPAS , ce NP , ADV de le INF et de le INF ?"
3359,1886_Valles_L'Insurge_A.txt,«Je vais rejoindre le gouvernement !,«il aller INF le NCo !
3360,1886_Valles_L'Insurge_A.txt,allez -vous m' arrêter ?» a -t -il crié avec de les regards furibonds sous ses conserves .,aller vous le INF ?» avoir t il VDIC avec de le NCMAN ADJ sous DETPOSS NCmod .
3361,1886_Valles_L'Insurge_A.txt,Eh non !,INTJ non !
3362,1886_Valles_L'Insurge_A.txt,on ne t' arrêtera pas !,on ne le VF pas !
3363,1886_Valles_L'Insurge_A.txt,"Tu le sais bien , lâcheur !","je le VCOG bien , NC !"
3364,1886_Valles_L'Insurge_A.txt,toi qui n' as pas même le courage de suivre de les yeux Paris en fièvre .,soi qui ne avoir pas même le NC de INF de le NCCOR NP en VSENT .
3365,1886_Valles_L'Insurge_A.txt,"D' autres donneront peut-être leur démission , mais continueront à vivre sur le pavé d' où a jailli la Révolution , à le risque d' être dévorés par elle !","un autre VF peut-être lui NCo , mais VF à INF sur le NC de où avoir PPAS le NCo , à le NC de être VSENT par il !"
3366,1886_Valles_L'Insurge_A.txt,… Bon voyage !,… NP NC !
3367,1886_Valles_L'Insurge_A.txt,Que s' est -il passé encore ce jour -là ?,que se être il PPAS encore ce NCT ADVLIEU ?
3368,1886_Valles_L'Insurge_A.txt,Rien .,rien .
3369,1886_Valles_L'Insurge_A.txt,Séance d' installation !,NC de NCmod !
3370,1886_Valles_L'Insurge_A.txt,"Mais , en sortant , quelqu'un s' approche de moi .","mais , en PPRES , quelqu'un se PRES de soi ."
3371,1886_Valles_L'Insurge_A.txt,"«Vous avez vraiment fait de la peine à Delescluze , tout à l' heure .","«le avoir ADVINT faire de le NCSENT à NP , tout à le NCT ."
3372,1886_Valles_L'Insurge_A.txt,"Il se figure que vous l' avez visé , désigné même , pendant que vous parliez de ceux qui hésitaient entre Paris et Versailles .","il se PRES que vous le avoir PPAS , PPAS même , PHASE que vous PRES de celui qui VIMP entre NP et NP ."
3373,1886_Valles_L'Insurge_A.txt,– Et il est furieux ?,– et il être ADJ ?
3374,1886_Valles_L'Insurge_A.txt,"– Non , il est triste .» C' est vrai , son masque n' est plus creusé par le pli de le dédain ; il y a dans ses yeux de l' inquiétude , et sur ses lèvres détendues de la mélancolie Il est dérouté dans ce milieu de blousiers et de réfractaires .","– non , il être ADJ .» ce être vrai , DETPOSS NCspas ne être plus PPAS par le NC de le NCSENT ; il y avoir dans DETPOSS NCCOR de le NCSENT , et sur DETPOSS NCCOR PPAS de le NCSENT il être VSENT dans ce milieu de NCmod et de NC ."
3375,1886_Valles_L'Insurge_A.txt,"Sa République , à lui , avait ses routes toutes tracées , ses bornes milliaires et ses poteaux , sa cadence de combat , ses haltes réglées de martyre .","DETPOSS NC , à lui , avoir DETPOSS NCo tout PPAS , DETPOSS NC ADJ et DETPOSS NC , DETPOSS NC de NC , DETPOSS NC PPAS de NC ."
3376,1886_Valles_L'Insurge_A.txt,On a changé tout cela .,on avoir PPAS tout cela .
3377,1886_Valles_L'Insurge_A.txt,"Il s' y perd et rôde , sans autorité et sans prestige , dans ce monde qui n' a encore ni un programme , ni un plan et qui ne veut pas de chef !","il se y PRES et PRES , sans NC et sans NC , dans ce NC qui ne avoir encore ni un NC , ni un NC et qui ne vouloir pas un NCo !"
3378,1886_Valles_L'Insurge_A.txt,"Et lui , le vétéran de la révolution classique , le héros de la légende de le bagne qui , ayant été à la peine voulait aussi être à l' honneur , et se croyait droit à deux pouces de socle , voilà qu' il se trouve à le ras de le sol , et qu' on ne le regarde pas davantage , et qu' on l' écoute peut-être moins que Clément , le teinturier , qui arrive en galoches de Vaugirard .","et lui , le NC de le NCmod ADJ , le NC de le NCmod de le NCmod qui , avoir être à le NCSENT vouloir aussi être à le NCSENT , et se VCOG ADV à NUM NCCOR de NC , voilà que il se PRES à le NC de le NCmod , et que on ne le VCOG pas davantage , et que on le NC peut-être moins que NP , le NC , qui PRES en NC de NP ."
3379,1886_Valles_L'Insurge_A.txt,Je me sens pris d' une respectueuse pitié devant ce chagrin qu' il ne peut cacher .,je me sentir PPAS de un ADJ NC ADVLIEU ce NCSENT que il ne pouvoir INF .
3380,1886_Valles_L'Insurge_A.txt,"On souffre à le voir essayer de faire les enjambées doubles pour suivre le pas accéléré de les fédérés : sa conviction s' essouffle et saigne , à rejoindre la Commune en marche .","on VSENT à le VCOG INF de faire le NCo ADJ pour INF le pas PPAS de le ADJ : DETPOSS NCs se PRES et PRES , à INF le NP en NC ."
3381,1886_Valles_L'Insurge_A.txt,"Cet effort est toute une confession , une pénitence , un aveu muet et héroïque de trente ans d' injustice vis-à-vis de ceux qu' il accusait d' être de les trouble-fête , voire de les traîtres , parce qu' ils allaient plus vite que son comité de Vieux de la Montagne {11} .","ce NCs être tout un NC , un NC , un NC ADJ et ADJ de NUM NCT de NCmod ADV de celui que il VDIC de être de le NC , voire de le NC , parce que il aller plus ADV que DETPOSS NC de ADJ de le NP {11} ."
3382,1886_Valles_L'Insurge_A.txt,"De son cœur , jusqu' alors bronzé par la discipline , ont jailli de vraies larmes , qu' il a étouffées , mais qui sont allées tout de même mouiller le métal de son regard et rouiller sa voix , quand il m' a remercié de l' explication que je lui ai portée , avec les égards qu' un jeune doit à un ancien qu' on a , sans le vouloir , blessé … et fait pleurer .","de DETPOSS NC , jusque alors PPAS par le NC , avoir PPAS un vrai NCo , que il avoir PPAS , mais qui être aller tout de même INF le NCo de DETPOSS NCMAN et INF DETPOSS NCMAN , quand il lui avoir VDIC de le NC que je lui avoir PPAS , avec le NC que un NCs devoir à un ADJ que on avoir , sans le NC , VSENT … et faire INF ."
3383,1886_Valles_L'Insurge_A.txt,"Terribles , les sectaires !","ADJ , le NC !"
3384,1886_Valles_L'Insurge_A.txt,"Conscrits ou grognards , marguilliers de la Convention ou démocsocs de l' Église .","NC ou NC , NC de le NCmod ou NC de le NCmod ."
3385,1886_Valles_L'Insurge_A.txt,Vermorel : un abbé qui s' est collé de les moustaches ; un ex-enfant de chœur qui a déchiré sa jupe écarlate en un jour de colère – il y a un pan de cette jupe dans son drapeau .,NP : un NC qui se être PPAS de le NCCOR ; un NC de NCmod qui avoir PPAS DETPOSS NCs PRES en un NCT de NCSENT – il y avoir un NCo de ce NCmod dans DETPOSS NC .
3386,1886_Valles_L'Insurge_A.txt,"Son geste garde le ressouvenir de les messes servies , et son air de jeunesse ajoute encore à la ressemblance .","DETPOSS NCs PRES le NCo de le NCmod ADJ , et DETPOSS NCMAN de NCmod PRES encore à le NC ."
3387,1886_Valles_L'Insurge_A.txt,"On voit , en effet , derrière les processions de province , de ces grands garçons montés en graine , avec une tête mignonne , ronde et douce sous la calotte coquelicot , qui effeuillent de les roses ou secouent l' encensoir en avant de le dais où le prélat donne la bénédiction .","on VCOG , en NC , ADVLIEU le NC de NCmod , de ce ADJ NC PPAS en ADJ , avec un NCCOR ADJ , ADJ et ADJ sous le NCmod NC , qui PRES de le ADJCOL ou PRES le NC en PHASE de le NCmod où le NCs PRES le NCo ."
3388,1886_Valles_L'Insurge_A.txt,"Le crâne de Vermorel appelle le petit couvercle pourpre , quoiqu' il y ait mis le bonnet phrygien .","le NCs de NP PRES le ADJ NCo ADJCOL , quoique il y avoir mettre le NCo NC ."
3389,1886_Valles_L'Insurge_A.txt,"Il zézaie presque , ainsi que tous les benjamins de curé , et sourit éternellement , de le rire de métier qu' ont les prêtres – rire blanc dans sa face blanche , couleur d' hostie !","il VDIC presque , ainsi que tout le NC de NCmod , et PRES ADV , de le NCMAN de NCmod que avoir le NC – NCMAN ADJCOL dans DETPOSS NCmod ADJCOL , NC de NCmod !"
3390,1886_Valles_L'Insurge_A.txt,"Il porte , sur tout lui , la marque et le pli de le séminaire , cet athée et ce socialiste !","il PRES , sur tout lui , le NC et le NC de le NCmod , ce NC et ce NC !"
3391,1886_Valles_L'Insurge_A.txt,"Mais il a tué , de son éducation religieuse , ce qui sent la bassesse et l' hypocrisie ; il a arraché , en même temps que ses bas noirs , les vices de dessous de les dévots , pour en garder les vertus féroces , l' énergie sourde , la tension vers le but , et aussi le rêve inconscient de le supplice .","mais il avoir PPAS , de DETPOSS NC ADJ , ce qui sentir le NCo et le NC ; il avoir PPAS , en même temps que DETPOSS ADJ NCs , le NCo de NCmod de le NCmod , pour entre INF le NCo ADJ , le NC ADJ , le NC vers le NCmod , et aussi le NC ADJ de le NCSENT ."
3392,1886_Valles_L'Insurge_A.txt,"Il est entré dans la Révolution par la porte de les sacristies , comme un missionnaire allant au-devant de la cangue {12} en Chine ; et il y apportera une ardeur cruelle , de les besoins d' excommunier les mécréants , de flageller les tièdes – quitte à être , lui-même , percé de flèches , et crucifié avec les clous sales de la calomnie !","il être PPAS dans le NC par le NC de le NCmod , comme un NCmod aller ADVLIEU de le NC {12} en NP ; et il y VF un NCo ADJ , de le NCs de INF le NCo , de INF le NCo – PRES à être , soi-même , PPAS de NC , et PPAS avec le NC ADJ de le NCmod !"
3393,1886_Valles_L'Insurge_A.txt,"Lisant tous les jours son bréviaire rouge , commentant , page par page , sa nouvelle Vie de les Saints , préparant la béatification de l' Ami de le peuple et de l' Incorruptible , dont il publie les sermons révolutionnaires , et dont il envie tout bas la mort .","PPRES tout le NCT DETPOSS NCo ADJCOL , VDIC , NC par NCmod , DETPOSS ADJ NP de le NC , PPRES le NCo de le NP de le NCmod et de le NP , dont il PPAS le NCo ADJ , et dont il PRES tout NCo le NC ."
3394,1886_Valles_L'Insurge_A.txt,Ah! qu' il voudrait donc périr sous le coup de couteau de Charlotte ou le coup de pistolet de Thermidor !,NP que il vouloir donc INF sous le NC de NCmod de NP ou le NC de NC de NP !
3395,1886_Valles_L'Insurge_A.txt,Nous bataillons quelquefois là-dessus .,nous PRES ADVTEMPS ADV .
3396,1886_Valles_L'Insurge_A.txt,"Je hais Robespierre le déiste , et trouve qu' il ne faut pas singer Marat , le galérien de le soupçon , l' hystérique de la Terreur , le névrosé d' une époque sanguine !","je VIMP NP le NCmod , et PRES que il ne PRES pas INF NP , le NC de le NC , le NC de le NCSENT , le NC de un NCmod ADJ !"
3397,1886_Valles_L'Insurge_A.txt,"Je joins mes malédictions à celles de Vermorel , quand elles visent les complices de Cavaignac dans le massacre de Juin , quand elles menacent la bedaine de Ledru , la face vile de Favre , la loupe de Garnier-Pagès , la barbe prophétique de Pelletan … mais , plus sacrilège que lui , je crache sur le gilet de Maximilien et fends , comme l' oreille d' un cheval de réforme , la boutonnière de l' habit bleu barbeau où fleurit le bouquet tricolore , le jour de la fête de l' Être suprême .","je PRES DETPOSS NCo à celui de NP , quand il PRES le NCo de NP dans le NCmod de NCmod , quand il VDIC le NCo de NP , le NC ADJ de NP , le NC de NP , le NCCOR ADJ de NP … mais , plus NC que lui , je PRES sur le NC de NP et NC , comme le NCCOR de un NC de NCmod , le NC de le NCmod ADJCOL ADJ où VPS le NCs ADJ , le NCT de le NCmod de le être ADJ ."
3398,1886_Valles_L'Insurge_A.txt,"Dire que c' est pour cela peut-être que , sans le dire ou sans le savoir , Vermorel défend le tueur d' Hébert et de Danton !","VDIC que ce être pour cela peut-être que , sans le VDIC ou sans le VCOG , NP PRES le NCs de NP et de NP !"
3399,1886_Valles_L'Insurge_A.txt,"… parce que les défroqués ne font que changer de culte et que dans le cadre de l' hérésie même , ils logent toujours de les souvenirs de religion !","… parce que le NCs ne faire que INF de NC et que dans le NC de le NCmod même , il PRES ADVTEMPS de le NC de NCmod !"
3400,1886_Valles_L'Insurge_A.txt,"Leur foi ou leur haine ne fait que se déplacer ; ils marcheront , s' il est utile , comme les jésuites – leurs premiers maîtres !","son NCs ou lui VSENT ne faire que se INF ; il VF , si il être ADJ , comme le ADJ – DETPOSS ADJ NC !"
3401,1886_Valles_L'Insurge_A.txt,"– par de les chemins de scélérats , à le but qu' ils ont juré d' atteindre .","– par de le NC de NCmod , à le NCmod que il avoir PPAS de INF ."
3402,1886_Valles_L'Insurge_A.txt,Il aurait fallu que Vermorel naquît dans un Quatre-vingt-treize .,il avoir PPAS que NP PRES dans un NP .
3403,1886_Valles_L'Insurge_A.txt,Il était capable d' être le Sixte Quint d' une papauté sociale .,il être ADJ de être le NP NP de un NCmod ADJ .
3404,1886_Valles_L'Insurge_A.txt,"À le fond , il rêve la dictature , ce maigre qui est venu trop tard ou trop tôt dans un monde trop lâche !","à le NC , il PRES le NCo , ce NC qui être venir trop tard ou trop tôt dans un NC trop ADJ !"
3405,1886_Valles_L'Insurge_A.txt,Parfois une rancœur lui prend .,ADVTEMPS un NCs lui PRES .
3406,1886_Valles_L'Insurge_A.txt,"Pour ceux qui ont cru à le ciel , souvent la terre est trop petite ; et , ne pouvant frapper ou être frappés sur les marches de quelque Vatican de faubourg , en plein soleil , ils se dévorent les poings dans l' ombre , ces déserteurs de la chaire !","pour celui qui avoir PPAS à le NC , ADVTEMPS le NCs être trop ADJ ; et , ne pouvoir frapper ou être frapper sur le NC de quelque NP de NCmod , en ADJ NCmod , il se VPS le NCo dans le NC , ce NCo de le NCmod !"
3407,1886_Valles_L'Insurge_A.txt,"Ayant ruminé la vie éternelle , ils agonisent de douleur dans la vie étroite et misérable .","avoir PPAS le NCo ADJ , il PRES de NCSENT dans le NC ADJ et ADJ ."
3408,1886_Valles_L'Insurge_A.txt,"Le spleen ronge , avec la gloutonnerie d' un cancer , la place où jadis ils croyaient avoir une âme , et fait monter la nausée de le dégoût jusqu' à leurs narines , qui palpitèrent à les odeurs d' encens .","le NCs VSENT , avec le NC de un NCmod , le NC où ADV il VIMP avoir un NC , et faire INF le NC de le NCSENT jusque à DETPOSS NCCOR , qui VPS à le NC de NCmod ."
3409,1886_Valles_L'Insurge_A.txt,"Faute de ce parfum , il leur fallait le parfum de la poudre … or , l' air n' est chargé que de torpeur et de couardise !","ADV de ce NC , il lui VIMP le NCo de le NCmod … NCmod , le NCMAN ne être PPAS que de NC et de NC !"
3410,1886_Valles_L'Insurge_A.txt,"Ils se débattent quelque temps encore ; un beau soir , ils avalent de le poison pour crever comme les bêtes – qui n' ont pas d' âme !","il se PRES quelque temps encore ; un ADJ NCT , il PRES de le NC pour INF comme le NC – qui ne avoir pas un NC !"
3411,1886_Valles_L'Insurge_A.txt,"C' est ce qu' il a fait , lui , jadis !","ce être ce que il avoir faire , lui , NCo !"
3412,1886_Valles_L'Insurge_A.txt,Il s' est donné six mois .,il se être PPAS NUM NCT .
3413,1886_Valles_L'Insurge_A.txt,"Il a essayé de dépenser sa fièvre , de distribuer son mal , successivement éditeur , marchand de livraisons , romancier , courriériste de le Quartier latin , lâchant un livre sur Bullier , fondant une gazette de semaine , puis écrivant un roman : Desperanza .","il avoir PPAS de INF DETPOSS VSENT , de INF DETPOSS mal , ADV NC , NC de NCmod , NC , NC de le NP ADJ , PPRES un NCo sur NP , PPRES un NCo de NCmod , puis PPRES un NCo : NP ."
3414,1886_Valles_L'Insurge_A.txt,"Son activité a mordu à tout , et s' y est cassé les dents .","DETPOSS NCs avoir PPAS à tout , et si y être PPAS le NCCOR ."
3415,1886_Valles_L'Insurge_A.txt,"Alors , il a acheté une drogue qui tue , a voulu mourir … puis s' est cramponné à l' existence , ayant rendu un peu de sa tristesse dans le vomissement de l' arsenic .","alors , il avoir PPAS un NCs qui PRES , avoir vouloir INF … puis se être PPAS à le NC , avoir PPAS un peu de DETPOSS NCSENT dans le NCmod de le NCmod ."
3416,1886_Valles_L'Insurge_A.txt,On dit que l' amour a été pour quelque chose dans cette tentative .,on VDIC que le NCSENT avoir être pour quelque chose dans ce NCmod .
3417,1886_Valles_L'Insurge_A.txt,"L' amour , non !","le NCSENT , non !"
3418,1886_Valles_L'Insurge_A.txt,"– Une femme , peut-être .","– un NC , peut-être ."
3419,1886_Valles_L'Insurge_A.txt,"Ce vouleur {13} terrible , ce travailleur à outrance , se bat nuit et jour avec une créature qui est sa compagne de foyer et de lit !","ce NCs {13} ADJ , ce NC à NCmod , se PRES NCT et NCT avec un NC qui être DETPOSS NC de NCmod et de NC !"
3420,1886_Valles_L'Insurge_A.txt,"Sa tête , faite pour les grandes blessures , – plaie de barricade ou saignée d' échafaud !","DETPOSS NCCOR , faire pour le ADJ NCSENT , – NC de NCmod ou PPAS de NC !"
3421,1886_Valles_L'Insurge_A.txt,– se montre quelquefois griffée et ridicule .,– se PRES ADVTEMPS ADJ et ADJ .
3422,1886_Valles_L'Insurge_A.txt,"Une mégère le tient sous ses ongles et l' escorte de ses injures , en pleine rue .","un NCs le PRES sous DETPOSS NC et le NC de DETPOSS NCmod , en ADJ NCmod ."
3423,1886_Valles_L'Insurge_A.txt,Il doit se passer chez lui de les scènes affreuses : la gouvernante de cet abbé laïque l' assassine à coups d' épingle .,il devoir se INF chez lui de le NCmod ADJ : le NC de ce NCmod ADJ le NC à NCmod de NCmod .
3424,1886_Valles_L'Insurge_A.txt,"Il aime peut-être cet envoûtement , ayant la nostalgie de le cilice entrevu , la soif de le vinaigre – offert à le bout d' un balai de ménagère , faute de la lance de le Golgotha !","il VSENT peut-être ce NCSENT , PPRES le NCo de le NCmod VCOG , le NC de le NCmod – PPAS à le NC de un NCmod de NCmod , ADV de le NC de le NP !"
3425,1886_Valles_L'Insurge_A.txt,"Il n' a jamais entendu frissonner une source , jamais regardé babiller un oiseau – portant son ciel en soi , jamais il n' a contemplé l' horizon pour y suivre une nuée folle , une étoile d' or , le soleil mourant .","il ne avoir ADVTEMPS VCOG INF un NCo , ADVTEMPS VCOG INF un NCo – PPRES DETPOSS NCs en soi , ADVTEMPS il ne avoir PPAS le NCo pour y INF un NCo ADJ , un NC de NCmod , le NC ADJ ."
3426,1886_Valles_L'Insurge_A.txt,"N' aimant pas la terre , il s' irrite de m' y voir enfoncer mes pieds , comme si je transplantais un arbre , chaque fois que je trouve une prairie qui ressemble à un lambeau de Farreyrolles .","ne VSENT pas le NCo , il se VSENT de le y VCOG INF DETPOSS NCCOR , comme si je VIMP un NCo , chaque fois que je PRES un NCo qui PRES à un NC de NP ."
3427,1886_Valles_L'Insurge_A.txt,"Il n' admet le sol qu' à la façon d' un échiquier sur lequel il y a de les fous à conduire , de les cavaliers à désarçonner , de les rois à faire mat .","il ne PRES le NCo que à le façon de un NCmod sur lequel il y avoir de le NC à INF , de le NC à VSENT , de le NCmod à faire NCo ."
3428,1886_Valles_L'Insurge_A.txt,"Il ne voit les fleurs que si elles sont dans la gueule de les fusils , avant le tir; et il écoutera le bruit de les feuilles quand il en poussera à les hampes de les drapeaux !","il ne VCOG le NCo que si il être dans le NCCOR de le NCmod , PHASE le tir; et il VCOG le NCo de le NCmod quand il en VF à le NC de le NCmod !"
3429,1886_Valles_L'Insurge_A.txt,Aussi me méprise -t -il .,aussi me VSENT t il .
3430,1886_Valles_L'Insurge_A.txt,"Il me tient pour un poète et m' appelle un fainéant , parce que j' écrivis mes articles , même de combat , là-bas , à la campagne , dans un bateau , à le fond d' une crique sous les saules , et que le soir je restais , les coudes à la fenêtre , devant un champ où il n' y avait , pour faire relief dans l' ombre , que le squelette d' une charrue – dont le soc jetait parfois , sous la lune , de les éclairs de hache .","il me PRES pour un NC et lui PRES un NCo , parce que je PPAS DETPOSS NCo , même de NC , ADVLIEU , à le NC , dans un NC , à le NC de un NC sous le NCmod , et que le NCT je VIMP , le NCCOR à le NC , ADVLIEU un NC où il ne y avoir , pour faire NCo dans le NC , que le NCmod de un NCmod – dont le NCs VIMP ADVTEMPS , sous le NC , de le NC de NCmod ."
3431,1886_Valles_L'Insurge_A.txt,"Combien ils sont plus simples , ceux qui sont de le peuple pour de bon !","combien il être plus ADJ , celui qui être de le NC pour de ADJ !"
3432,1886_Valles_L'Insurge_A.txt,Ranvier .,NP .
3433,1886_Valles_L'Insurge_A.txt,"Un long corps maigre à le haut de lequel est plantée , comme à le bout d' une pique , une tête livide , qu' on croirait coupée s' il baissait les paupières .","un ADJ NCCOR ADJ à le NC de lequel être PPAS , comme à le NC de un NCmod , un NCCOR ADJ , que on VCOG PPAS si il VIMP le NCCOR ."
3434,1886_Valles_L'Insurge_A.txt,"Cette tête -là semble avoir déjà perdu tout son sang , le long de le mur à les fusillades ou dans le panier de le bourreau ; les cheveux même retombent comme la chevelure emmêlée d' un supplicié ; les lèvres sont blanches et gardent , à le coin , la moue de détente de les agonies .","ce NCCOR ADVLIEU sembler avoir déjà PPAS tout DETPOSS NCCOR , le NCmod de le NCmod à le NCmod ou dans le NC de le NCmod ; le NCCOR même PRES comme le NC PPAS de un PPAS ; le NCCOR être ADJCOL et NC , à le NC , le NC de NCSENT de le NCmod ."
3435,1886_Valles_L'Insurge_A.txt,"Telle est , à le repos , la physionomie de Ranvier – destiné par sa précoce pâleur à le martyre , portant d' avance la marque d' une vie de douleur et d' une fin tragique .","tel être , à le NC , le NC de NP – PPAS par DETPOSS ADJ NC à le NC , PPRES de NC le NCo de un NCmod de NCSENT et de un NC ADJ ."
3436,1886_Valles_L'Insurge_A.txt,"Mais qu' il ouvre la bouche et qu' il parle , un sourire d' enfant éclaire son visage et la voix , éraillée par la phtisie , est sympathique , avec son reste d' accent berrichon et son arrière-goût de lutrin .","mais que il PRES le NCCOR et que il VSUBP , un NCMAN de NCmod VSUBP DETPOSS NCCOR et le NCMAN , PPAS par le NC , être ADJ , avec DETPOSS NC de NUM NCmod et DETPOSS NC de NCmod ."
3437,1886_Valles_L'Insurge_A.txt,"Il a dû entonner les vêpres , dans son village , quand il était jeune , car il a conservé un peu de la mélopée de le répons , à le fond de sa gorge brûlée par l' air vicié de les villes .","il avoir devoir INF le NCo , dans DETPOSS NC , quand il être ADJ , car il avoir PPAS un peu de le NCmod de le NCmod , à le NCmod de DETPOSS NCCOR PPAS par le NCMAN PPAS de le NCmod ."
3438,1886_Valles_L'Insurge_A.txt,Il a été petit patron; la faillite lui a mangé ses quelques sous .,il avoir être ADJ patron; le NCs lui avoir PPAS DETPOSS quelque NCo .
3439,1886_Valles_L'Insurge_A.txt,"Il n' en parle jamais , capable de croire qu' il a entaché le blason de le parti – mais la blêmeur qui lui enfarine la face est peut-être venue le matin où le syndic a prononcé la déchéance .","il ne en PRES ADVTEMPS , ADJ de VCOG que il avoir PPAS le NCo de le NCmod – mais le NC qui lui PRES le ADV être peut-être venir le NCT où le NCs avoir PPAS le NCo ."
3440,1886_Valles_L'Insurge_A.txt,Ceux qui le connaissent savent qu' il en souffre … mais combien savent également qu' il a été et qu' il est un homme de bien et d' honneur !,celui qui le PRES VCOG que il en VSENT … mais combien VCOG également que il avoir être et que il être un NC de bien et de NCSENT !
3441,1886_Valles_L'Insurge_A.txt,"Sobre , buvant de les sirops – le grand cadavre !","ADV , PPRES de le NC – le ADJ NC !"
3442,1886_Valles_L'Insurge_A.txt,"– pour trinquer avec les buveurs de vin ; mangeant mal pour laisser sa part à les autres ; pouvant à peine , en passant les nuits , arriver à nourrir six enfants qui poussent autour de lui , sans mère .","– pour INF avec le NC de NCmod ; PPRES mal pour laisser DETPOSS NCo à le autre ; pouvoir à NCSENT , en PPRES le NCT , INF à INF NUM NCo qui PRES ADV de lui , sans NC ."
3443,1886_Valles_L'Insurge_A.txt,"Elle est morte , après avoir été l' éducatrice de son mari – femme de cœur vaillant à qui les petits qui sont là doivent une éternelle reconnaissance pour son dévouement ; et aussi , peut-être , l' éternelle détresse , pour le levain de colère sociale qu' elle fit fermenter dans leur cœur , leur prêchant la solidarité avec les humbles et le droit de révolte de les meurtris , même de le haut de son grabat d' agonie !","il être PPAS , PHASE avoir être le NC de DETPOSS NCmod – NC de NCmod ADJ à qui le NCs qui être ADVLIEU devoir un ADJ NCo pour DETPOSS NC ; et aussi , peut-être , le ADJ NCSENT , pour le NCmod de NCSENT ADJ que il faire INF dans lui NC , lui PPRES le NCo avec le NCmod et le NC de NCSENT de le NCmod , même de le NCmod de DETPOSS NCmod de NCmod !"
3444,1886_Valles_L'Insurge_A.txt,"29 Dimanche , 21 mai .","NUM ADVT , NUM MOIS ."
3445,1886_Valles_L'Insurge_A.txt,La dernière séance avait été chaude .,le ADJ NCs avoir être ADJ .
3446,1886_Valles_L'Insurge_A.txt,"Trois membres de la minorité s' étaient présentés pour déclarer qu' avant tout ils voulaient la lutte sans merci contre l' ennemi , et qu' ils revenaient sur leur résolution de ne pas reparaître à l' Hôtel de Ville si le peuple pouvait croire que leur colère contre le Comité de Salut public n' était qu' un prétexte à fuir les responsabilités sanglantes .","NUM NCs de le NCmod se être PPAS pour INF que PHASE tout il vouloir le NCo sans NCmod contre le NC , et que il VIMP sur lui NC de ne pas INF à le NC de NCmod si le NCmod pouvoir VCOG que lui NCSENT contre le NCmod de NP ADJ ne être que un NC à INF le NCo ADJ ."
3447,1886_Valles_L'Insurge_A.txt,"Ah! mieux vaut sombrer sous le pavillon fait avec les guenilles de 93 , mieux vaut accepter une dictature renouvelée de le déluge et qui nous a paru une insulte à la révolution nouvelle , mieux vaut tout !","Ah! mieux PRES INF sous le NC faire avec le NC de NUM , mieux PRES INF un NCo PPAS de le NCmod et qui nous avoir paraître un NCo à le NCmod ADJ , mieux PRES tout !"
3448,1886_Valles_L'Insurge_A.txt,– que paraître abandonner le combat !,– que paraître INF le NCo !
3449,1886_Valles_L'Insurge_A.txt,"Et la paix s' est faite ; on l' a signée verbalement , et sur un coup de canon qui a , soudainement , fait trembler les vitres et fait sauter les cœurs .","et le NCspas se être faire ; on le avoir PPAS ADV , et sur un NC de NCmod qui avoir , ADV , faire INF le NC et faire INF le NC ."
3450,1886_Valles_L'Insurge_A.txt,"Il a éclaté à l' improviste , et a retenti formidable et lugubre .","il avoir PPAS à le NC , et avoir PPAS ADJ et ADJ ."
3451,1886_Valles_L'Insurge_A.txt,"La main dans la main , camarades !","le NCCOR dans le NCCOR , NC !"
3452,1886_Valles_L'Insurge_A.txt,"Aujourd'hui , la séance est plus solennelle encore .","ADVT , le NCs être plus ADJ encore ."
3453,1886_Valles_L'Insurge_A.txt,"Pour sceller la réconciliation d' avant-hier , on vient de nommer président Vingtras , celui dont le journal a été l' organe de les dissidents depuis le commencement de la lutte .","pour INF le NCo de INF , on venir de INF NCo NP , celui dont le NCs avoir être le NC de le NCmod depuis le NCmod de le NCmod ."
3454,1886_Valles_L'Insurge_A.txt,"Et ceux de la minorité qui , comme Tridon , avaient mis leur courage à ne pas venir , restant fidèles quand même à la résolution votée , ceux -là ont , cette fois , regagné leur place , parce qu' il est écrit , dans la Déclaration blâmée par les faubourgs , que s' il y avait , un jour , à juger l' un de les nôtres , on rendrait la justice tous guidons réunis , toutes haines éteintes , dans la salle de la Commune repeuplée et érigée en tribunal suprême .","et celui de le NCmod qui , comme NP , avoir mettre lui NCo à ne pas venir , PPRES ADJ ADV même à le NC PPAS , celui -là avoir , ce fois , PPAS lui NC , parce que il être PPAS , dans le NP PPAS par le NC , que si il y avoir , un NCT , à INF le un de le nôtre , on VCOND le NCo tout NC PPAS , tout VSENT ADJ , dans le NCmod de le NP PPAS et PPAS en NC ADV ."
3455,1886_Valles_L'Insurge_A.txt,"Or , Cluseret , l' accusé , va être amené .","or , NP , le NC , aller être PPAS ."
3456,1886_Valles_L'Insurge_A.txt,Le voici !,le NC !
3457,1886_Valles_L'Insurge_A.txt,Son sort va se décider .,DETPOSS NCs aller se INF .
3458,1886_Valles_L'Insurge_A.txt,Qu' a -t -on dit ?,que avoir t on VDIC ?
3459,1886_Valles_L'Insurge_A.txt,"… Les rancunes se sont apaisées , les défiances assoupies .","… le NCs se être VSENT , le NC ADJ ."
3460,1886_Valles_L'Insurge_A.txt,"On devine que la liberté est à le bout de le débat , mais il se déroule imposant .","on VCOG que le NCs être à le NC de le NCmod , mais il se PRES ADJ ."
3461,1886_Valles_L'Insurge_A.txt,Les orateurs sont réfléchis et l' auditoire muet .,le NC être PPAS et le NC ADJ .
3462,1886_Valles_L'Insurge_A.txt,"À ce moment , une porte s' ouvre , celle par où entrent d' ordinaire les membres de le Comité de Salut public , et Billioray apparaît .","à ce NC , un NCs se PRES , celui par où PRES de NC le NCs de le NCmod de NP ADJ , et NP PRES ."
3463,1886_Valles_L'Insurge_A.txt,Il demande la parole .,il PRES le NCo .
3464,1886_Valles_L'Insurge_A.txt,"« Quand Vermorel aura terminé , ai-je répondu .",""" quand NP avoir VASP , ai-il VDIC ."
3465,1886_Valles_L'Insurge_A.txt,– Il s' agit d' une communication à faire à l' Assemblée … d' une communication de les plus graves !,– il se PRES de un NC à faire à le NC … de un NC de le plus ADJ !
3466,1886_Valles_L'Insurge_A.txt,– Parlez !,– parlez !
3467,1886_Valles_L'Insurge_A.txt,… » Il lit le papier qu' il tient à la main .,"… "" il PRES le NCo que il PRES à le NCCOR ."
3468,1886_Valles_L'Insurge_A.txt,C' est une dépêche de Dombrowski : « Les Versaillais viennent de forcer l' entrée …» Comme une nappe de silence !,"ce être un NC de NP : "" le NP venir de INF le NCo …» comme un NCmod de NCmod !"
3469,1886_Valles_L'Insurge_A.txt,Cela a duré le temps pour chacun de faire ses adieux à la vie !,cela avoir PPAS le temps pour chacun de faire DETPOSS NCo à le NC !
3470,1886_Valles_L'Insurge_A.txt,"Il m' a semblé , à moi , que tout mon sang descendait vers la terre , tandis que mes yeux devenaient plus clairs et plus grands dans ma face pâlie .","il lui avoir sembler , à soi , que tout DETPOSS NCCOR VIMP vers le NC , PHASE que DETPOSS NCCOR devenir plus ADJ et plus ADJ dans DETPOSS NC PPAS ."
3471,1886_Valles_L'Insurge_A.txt,"Il m' a semblé entrevoir loin , bien loin , une silhouette grotesque et défigurée .","il lui avoir sembler INF ADVLIEU , bien ADVLIEU , un NC ADJ et PPAS ."
3472,1886_Valles_L'Insurge_A.txt,Je me suis vu couvert de boue !,je me être VCOG ADJ de NCmod !
3473,1886_Valles_L'Insurge_A.txt,Oh !,NP !
3474,1886_Valles_L'Insurge_A.txt,la peur de la torture n' y est pour rien !,le NCSENT de le NCmod ne y être pour rien !
3475,1886_Valles_L'Insurge_A.txt,mais pour rien! !,mais pour rien! !
3476,1886_Valles_L'Insurge_A.txt,– C' est mon orgueil qui râle .,– ce être DETPOSS NCSENT qui VDIC .
3477,1886_Valles_L'Insurge_A.txt,Vaincu! tué !,NP PPAS !
3478,1886_Valles_L'Insurge_A.txt,avant d' avoir rien fait !,PHASE de avoir rien faire !
3479,1886_Valles_L'Insurge_A.txt,"… En une seconde , ces pensées m' ont sabré l' esprit .","… en un NCT , ce NCs lui avoir PPAS le NCo ."
3480,1886_Valles_L'Insurge_A.txt,"Président de l' agonie de la Commune , comment vas -tu sonner le glas de sa mort ?","NC de le NCmod de le NP , comment ADV tu INF le NC de DETPOSS NCmod ?"
3481,1886_Valles_L'Insurge_A.txt,"Laissant le silence planer – le temps de montrer à l' histoire que le calme n' avait pas déserté les âmes à la nouvelle de la défaite et devant les premières affres de le supplice – j' ai repris d' une voix que j' avais armée de sérénité , en m' adressant à Cluseret : «Accusé , vous avez la parole pour vous défendre !» Il me semble que c' est bien de finir sur un mot de justice , de paraître oublier tout le danger pour ne pas retarder un verdict d' où dépendent l' honneur et l' existence d' un homme .","laisser le NCo INF – le temps de INF à le NC que le NCSENT ne avoir pas PPAS le NCo à le NC de le NCmod et ADVLIEU le ADJ NC de le NCSENT – je avoir PPAS de un NCMAN que je avoir NCo de NCSENT , en lui PPRES à NP : NP , vous avoir le NCo pour vous INF !» il me sembler que ce être bien de VASP sur un NC de NCmod , de paraître VCOG tout le NC pour ne pas INF un NCo de où dépendre le NCSENT et le NC de un NCmod ."
3482,1886_Valles_L'Insurge_A.txt,C' est fini .,ce être ADJ .
3483,1886_Valles_L'Insurge_A.txt,– Acquitté !,– NC !
3484,1886_Valles_L'Insurge_A.txt,La séance est levée !,le NCspas être PPAS !
3485,1886_Valles_L'Insurge_A.txt,"Je vais à mon banc chercher de les paperasses qui traînent , et sur lesquelles j' avais griffonné les premières lignes d' un article pour demain. 30 Demain !","je aller à DETPOSS NC INF de le NC qui PRES , et sur lequel je avoir PPAS le ADJ NCo de un NCmod pour demain. NUM ADVT !"
3486,1886_Valles_L'Insurge_A.txt,"Je m' imagine que nous n' avons plus que quelques heures devant nous pour embrasser ceux que nous aimons , bâcler notre testament si c' est la peine , et nous préparer à faire bonne figure devant le peloton d' exécution .","je le PRES que nous ne avoir plus que quelque NCT ADVLIEU nous pour INF celui que nous VSENT , INF DETPOSS NCo si ce être le NCSENT , et nous INF à faire ADJ NC ADVLIEU le NCmod de NCmod ."
3487,1886_Valles_L'Insurge_A.txt,Corrompu que je suis !,PPAS que je être !
3488,1886_Valles_L'Insurge_A.txt,Je voudrais dîner royalement avant de partir !,je vouloir INF ADV PHASE de INF !
3489,1886_Valles_L'Insurge_A.txt,"Il m' est bien permis de me gargariser la gorge et le cœur avec un peu de vin vieux , avant qu' on me lave la tête ou qu' on me rince les entrailles avec de le plomb !","il lui être bien permettre de me INF le NCCOR et le NC avec un peu de NCmod ADJ , PHASE que on me lave le NCCOR ou que on me PRES le NCo avec de le NCmod !"
3490,1886_Valles_L'Insurge_A.txt,La Commune ne sera pas perdue pour si peu !,le NP ne être pas PPAS pour si peu !
3491,1886_Valles_L'Insurge_A.txt,"… Et j' aurai eu la veine de finir comme un viveur , après avoir vécu comme un meurt-de-faim !","… et je avoir avoir le NCo de VASP comme un NC , PHASE avoir PPAS comme un NC !"
3492,1886_Valles_L'Insurge_A.txt,« Madame Laveur !,""" madame NP !"
3493,1886_Valles_L'Insurge_A.txt,"une bouteille de Nuits , de le boudin à les pommes , une frangipane de quarante sous – j' en emporterai !","un NC de NP , de le NCmod à le NCmod , un NC de NUM sous – je en VF !"
3494,1886_Valles_L'Insurge_A.txt,"– et de les confitures de la grand-mère , de celles -là , en haut , sur l' armoire , vous savez !","– et de le NC de le NCmod , de celui ADVLIEU , en ADV , sur le NC , vous VCOG !"
3495,1886_Valles_L'Insurge_A.txt,"… Messieurs , à votre santé .» J' ai bien traîné là une heure .","… NP , à DETPOSS NCmod .» je avoir bien PPAS ADVLIEU un NCT ."
3496,1886_Valles_L'Insurge_A.txt,"J' ai trouvé le bourgogne si chaud , le boudin si gras , et la frangipane si sucrée !","je avoir PPAS le NCo si NC , le NC si ADJ , et le NC si PPAS !"
3497,1886_Valles_L'Insurge_A.txt,« Encore un verre de fine … – Ah! mais non !,""" encore un NC de NCmod … – Ah! mais non !"
3498,1886_Valles_L'Insurge_A.txt,Pas la caboche lourde !» Je jette la serviette et prends mon chapeau .,pas le NC ADJ !» je PRES le NCo et PRES DETPOSS NCo .
3499,1886_Valles_L'Insurge_A.txt,"Avec Langevin , nous filons de le côté où l' on nous dit qu' est Lisbonne .","avec NP , nous PRES de le NC où l' on nous VDIC que être NP ."
3500,1886_Valles_L'Insurge_A.txt,Porte de Versailles .,NC de NP .
3501,1886_Valles_L'Insurge_A.txt,"« Présent , colonel !",""" NC , NC !"
3502,1886_Valles_L'Insurge_A.txt,– Tant mieux !,– tant mieux !
3503,1886_Valles_L'Insurge_A.txt,Les trente sous seront contents de voir de les gouvernants à côté d' eux .,le NUM NCs être ADJ de VCOG de le NC à NC de eux .
3504,1886_Valles_L'Insurge_A.txt,"Tout est en ordre , mes mesures sont prises , et comme je tombe de fatigue , je vais piquer un somme dans ce coin .","tout être en NC , DETPOSS NCspas être PPAS , et comme je PRES de NCSENT , je aller INF un NC dans ce NCmod ."
3505,1886_Valles_L'Insurge_A.txt,"Faites -en autant , croyez -moi ; mieux vaut ne pas s' esquinter d' avance .» Nous suivons le conseil , et nous nous étendons chacun sur une vareuse , avec une giberne pour oreiller , pas bien loin d' un lit où est allongé , hideux dans son costume bleu de ciel , un turco , l' ordonnance de Lisbonne , qui hier a été mis en capilotade par un obus , et dont le crâne défoncé a l' air d' avoir été rongé par les rats .","faire ADV autant , VCOG soi ; mieux PRES ne pas se INF de NC .» nous PRES le NC , et nous nous PRES chacun sur un NCmod , avec un NC pour INF , pas bien ADVLIEU de un NC où être PPAS , ADJ dans DETPOSS NC ADJCOL de NC , un NC , le NC de NP , qui ADV avoir être mettre en NC par un NC , et dont le NC PPAS à le NCMAN de avoir être VSENT par le NC ."
3506,1886_Valles_L'Insurge_A.txt,Je ne dors pas !,je ne dors pas !
3507,1886_Valles_L'Insurge_A.txt,"J' écoute , l' oreille contre terre , les bruits qui peuvent venir de le lointain .","je VCOG , le NCCOR contre NCmod , le NC qui pouvoir venir de le ADV ."
3508,1886_Valles_L'Insurge_A.txt,"Y a -t -il un lien de défense , un plan d' ensemble ?","y avoir t il un NC de NCmod , un NC de ensemble ?"
3509,1886_Valles_L'Insurge_A.txt,"C' est le général La Cécilia , m' a -t -on dit , le commandant de ce rayon de Paris , qui porte ces secrets dans les fontes de sa selle .","ce être le NC La NP , lui avoir t on VDIC , le NCo de ce NCmod de NP , qui PRES ce NCo dans le NC de DETPOSS ADJ ."
3510,1886_Valles_L'Insurge_A.txt,Il doit venir donner à Lisbonne les dernières instructions .,il devoir venir INF à NP le ADJ NCo .
3511,1886_Valles_L'Insurge_A.txt,"Nous ne savons rien , nous autres .","nous ne VCOG rien , nous autre ."
3512,1886_Valles_L'Insurge_A.txt,"Quand , à la Commune , nous voulions toucher à les choses de guerre , le Comité militaire faisait sonner ses éperons , et l' on nous renvoyait à l' instruction publique , ou ailleurs – chacun dans son trou !","quand , à le NP , nous vouloir INF à le chose de NCmod , le NC ADJ faire INF DETPOSS NC , et l' on nous VIMP à le NC ADJ , ou ADVLIEU – chacun dans DETPOSS NCmod !"
3513,1886_Valles_L'Insurge_A.txt,"« Avez -vous été soldat? qu' y connaissez -vous , il y a une commission nommée , ne lui mettez pas votre porte plume dans les jambes … laissez faire les spécialistes !",""" avoir vous être soldat? que y PRES vous , il y avoir un NCo PPAS , ne lui mettre pas DETPOSS NCo PRES dans le NCCOR … laisser faire le NCo !"
3514,1886_Valles_L'Insurge_A.txt,"…» Ah! maintenant , je m' en ronge les poings !","…» Ah! ADVT , je se en NC le NCo !"
3515,1886_Valles_L'Insurge_A.txt,"Où est -il , La Cécilia ?","où être il , La NP ?"
3516,1886_Valles_L'Insurge_A.txt,"Je n' entends pas approcher son fameux cheval noir , qu' il aime à faire piaffer , dit -on .","je ne VCOG pas INF DETPOSS ADJ NCo ADJ , que il VSENT à faire VSENT , VDIC on ."
3517,1886_Valles_L'Insurge_A.txt,"J' ai envie de me lever , de prendre la première rosse venue , de l' enfourcher , et de descendre à le galop sur Paris , pour aller hurler ma rage et en appeler à le peuple .","je avoir NCo de me INF , de INF le ADJ NCo venir , de le INF , et de INF à le NC sur NP , pour aller VDIC DETPOSS NCSENT et en INF à le NC ."
3518,1886_Valles_L'Insurge_A.txt,Mais ce serait déserter quand l' ennemi approche !,mais ce être INF quand le NCs PRES !
3519,1886_Valles_L'Insurge_A.txt,"… Dans la matinée , de les femmes trop en guenilles , de les individus à mine louche , ont été surpris par les éclaireurs .","… dans le NC , de le NCmod trop en NCmod , de le NCmod à NCmod ADJ , avoir être VSENT par le NC ."
3520,1886_Valles_L'Insurge_A.txt,"Ils se réclament de la misère pour expliquer leur rôderie nocturne , et comme l' un d' eux a dit qu' il allait arracher de quoi manger dans un champ , j' ai , à le nom de mes faims d' autrefois , empêché qu' on le fusillât .","il se PRES de le NC pour VDIC lui NCo ADJ , et comme le un de eux avoir VDIC que il aller INF de quoi INF dans un NC , je avoir , à le NC de DETPOSS NCmod de ADVT , PPAS que on le VSUBI ."
3521,1886_Valles_L'Insurge_A.txt,"Les mains sont bien blanches , pourtant … le langage bien pur !","le NCCOR être bien ADJCOL , pourtant … le NC bien ADJ !"
3522,1886_Valles_L'Insurge_A.txt,"Voilà que le sommeil arrive … Je jette un dernier regard lourd et morne , sur ce rez-de-chaussée mal éclairé , où nous sommes cinq ou six affalés sur le carreau , s' arrêtant de ronfler quand un obus est tombé tout près , mais ne se dérangeant pas pour si peu .","voilà que le NCs PRES … je PRES un ADJ NCMAN ADJ et ADJ , sur ce PPAS mal ADJ , où nous être NUM ou NUM PPAS sur le NC , se PPRES de INF quand un NCs être PPAS tout ADVLIEU , mais ne se PPRES pas pour si peu ."
3523,1886_Valles_L'Insurge_A.txt,Lundi .,ADVT .
3524,1886_Valles_L'Insurge_A.txt,À les armes !,à le NCmod !
3525,1886_Valles_L'Insurge_A.txt,« Debout!» C' est Lisbonne qui nous secoue .,""" NP ce être NP qui nous PRES ."
3526,1886_Valles_L'Insurge_A.txt,« Il y a de le nouveau ?,""" il y avoir de le ADJ ?"
3527,1886_Valles_L'Insurge_A.txt,– Presque rien … Un régiment de ligne est là !,– presque rien … un NCs de NCmod être ADVLIEU !
3528,1886_Valles_L'Insurge_A.txt,"Tiens , d' ici , tu peux voir les pantalons rouges !» Un peu de fièvre – d' avoir dormi !","ADJ , de ADVLIEU , je pouvoir VCOG le NCo ADJCOL !» un peu de VSENT – de avoir PPAS !"
3529,1886_Valles_L'Insurge_A.txt,Un frisson dans le dos – c' est le frais de le matin !,un NCSENT dans le NCCOR – ce être le NC de le NCT !
3530,1886_Valles_L'Insurge_A.txt,Un flot de mélancolie à le cœur – c' est la vue de le ciel blêmissant !,un NC de NCSENT à le NCmod – ce être le NC de le NCmod ADJ !
3531,1886_Valles_L'Insurge_A.txt,Où est mon écharpe ?,où être DETPOSS NC ?
3532,1886_Valles_L'Insurge_A.txt,… Les hommes se massent autour de nous .,… le NCs se PRES ADV de nous .
3533,1886_Valles_L'Insurge_A.txt,« Dis-leur un mot!» me souffle Lisbonne qui défripe sa tunique et achève de boucler son ceinturon .,""" NP un mot!» me PRES NP qui PRES DETPOSS NCo et VASP de INF DETPOSS NC ."
3534,1886_Valles_L'Insurge_A.txt,"J' ai prononcé un bout de discours et j' ai été prendre place à l' angle de la barricade , en élargissant ma ceinture sur mon paletot .","je avoir PPAS un NCo de NCmod et je avoir être INF NCo à le NC de le NCmod , en PPRES DETPOSS NCo sur DETPOSS NCmod ."
3535,1886_Valles_L'Insurge_A.txt,Langevin en fait autant .,NP en faire autant .
3536,1886_Valles_L'Insurge_A.txt,"Lisbonne , lui , est monté sur les pavés … on peut le viser en plein de le fond de la rue .","NP , lui , être PPAS sur le NC … on pouvoir le INF en ADJ de le NC de le NCmod ."
3537,1886_Valles_L'Insurge_A.txt,"À son tour , il parle en révolutionnaire , et termine par un geste d' orateur romain rejetant sur l' épaule le pan de le péplum .","à DETPOSS NC , il PRES en NC , et VASP par un NC de NCmod ADJ PPRES sur le NCCOR le NCo de le NCmod ."
3538,1886_Valles_L'Insurge_A.txt,"Seulement , sa vareuse est bien courte , et il a beau tirer , ça ne se retrousse pas plus haut que le nombril .","seulement , DETPOSS NCs être bien ADJ , et il avoir ADJ INF , ça ne se PRES pas plus ADJ que le NCCOR ."
3539,1886_Valles_L'Insurge_A.txt,Langevin s' étonne de me voir sourire .,NP se VSENT de me VCOG ADV .
3540,1886_Valles_L'Insurge_A.txt,"En effet , il a passé un éclair de gaieté sur mes lèvres en retrouvant l' acteur dans le héros , et je n' ai vu que cela pendant un moment , dans le paysage de combat qu' éclaire la pâleur de l' aube .","en NC , il avoir PPAS un NCo de NCSENT sur DETPOSS NCCOR en PPRES le NCo dans le NC , et je ne avoir VCOG que cela PHASE un NC , dans le NC de NCmod que PRES le NCs de le NCmod ."
3541,1886_Valles_L'Insurge_A.txt,"Drapage à part , il a été simple , franc et crâne , le colonel Lisbonne !","NC à NCmod , il avoir être ADJ , NC et NC , le NC NP !"
3542,1886_Valles_L'Insurge_A.txt,"Il a grimpé encore d' un cran , a élevé son chapeau tyrolien , et se tournant de le côté de les Versaillais , a crié : « Vive la Commune !» À la besogne , maintenant !","il avoir PPAS encore de un NC , avoir PPAS DETPOSS NCo ADJ , et se PPRES de le NC de le NP , avoir VDIC : "" PRES le NP !» à le NC , ADVT !"
3543,1886_Valles_L'Insurge_A.txt,«Il manque quelque chose ici… fait observer un garde .,NP PRES quelque chose NP faire INF un NCo .
3544,1886_Valles_L'Insurge_A.txt,– Les pierres ne sont pas bien étayées par là !,– le NCspas ne être pas bien PPAS par ADVLIEU !
3545,1886_Valles_L'Insurge_A.txt,… prétend un autre .,… PRES un autre .
3546,1886_Valles_L'Insurge_A.txt,– Est -ce que nous avons assez de cartouches ?,– être ce que nous avoir ADV de NC ?
3547,1886_Valles_L'Insurge_A.txt,… » demande un troisième .,"… "" PRES un NCo ."
3548,1886_Valles_L'Insurge_A.txt,Voilà que de divers côtés de les plaintes s' élèvent !,voilà que de divers NC de le NC se PRES !
3549,1886_Valles_L'Insurge_A.txt,Un murmure monte .,un NCs PRES .
3550,1886_Valles_L'Insurge_A.txt,Ce ne sont pas les fantassins qui font feu .,ce ne être pas le NC qui faire NCo .
3551,1886_Valles_L'Insurge_A.txt,Ce sont les fédérés qui tirent sur nous avec de les paroles de reproche et de colère .,ce être le NC qui VPS sur nous avec de le NC de NCmod et de NCSENT .
3552,1886_Valles_L'Insurge_A.txt,«Nous sommes las !,«le être ADJ !
3553,1886_Valles_L'Insurge_A.txt,Il y a de les semaines que nous traînons ici … Nous voulons revoir nos femmes !,il y avoir de le NC que nous PRES ADVLIEU … nous vouloir VCOG DETPOSS NC !
3554,1886_Valles_L'Insurge_A.txt,"… Pas une précaution n' est prise …» À l' envi , on montre le bâillement de la barricade , le trou fait par le manque de sacs – sacré trou , placé juste assez haut pour que la lumière naissante passe à travers , éclairant le vide d' une blancheur crue !","… pas un NCspas ne être PPAS …» à le NC , on PRES le NCo de le NCmod , le NC faire par le NC de NCmod – PPAS NC , PPAS ADV ADV ADJ pour que le NCs ADJ PRES à travers , PPRES le NCo de un NCmod ADJ !"
3555,1886_Valles_L'Insurge_A.txt,Par ce trou-là va s' évader tout le courage de le bataillon !,par ce trou-là aller se INF tout le NCo de le NC !
3556,1886_Valles_L'Insurge_A.txt,Est -ce le courage qui manque ?,être ce le NCo qui PRES ?
3557,1886_Valles_L'Insurge_A.txt,… Eh! non !,… NP non !
3558,1886_Valles_L'Insurge_A.txt,c' est l' amour de le foyer qui les reprend à les entrailles !,ce être le NCSENT de le NCmod qui le PRES à le NC !
3559,1886_Valles_L'Insurge_A.txt,"On veut embrasser l' enfant , caresser la bourgeoise , avant de plonger dans l' inconnu de la suprême bataille , sur le pavé de ce Paris où l' on préfère mourir , si c' est la fin .","on vouloir INF le NC , INF le NCo , PHASE de INF dans le NC de le ADJ NCmod , sur le NC de ce NP où l' on PRES INF , si ce être le NC ."
3560,1886_Valles_L'Insurge_A.txt,"Ce ne sont pas de les gens de caserne , de les coucheurs de chambrée !","ce ne être pas de le NC de NCmod , de le NCmod de NCmod !"
3561,1886_Valles_L'Insurge_A.txt,"Ils ont de la famille , ces irréguliers , mauvais hommes de camp et de bivouac !","il avoir de le NC , ce NC , ADJ NC de NCmod et de NC !"
3562,1886_Valles_L'Insurge_A.txt,"Puis ils ont peur de notre ignorance , ils ne croient pas que ces deux gouvernants , un mécanicien et un journaliste , même ce colonel – qui fut comédien – soient de force à commander contre de les officiers pour de bon , sortant de Saint-Cyr , venus d' Algérie , aguerris , bronzés , disciplinés , matés !","puis il avoir NCSENT de DETPOSS NCmod , il ne VCOG pas que ce NUM NCs , un NCs et un NC , même ce NC – qui être ADJ – être de NCSENT à INF NCo de le NCmod pour de ADJ , PPRES de NP , venir de NP , PPAS , PPAS , PPAS , PPAS !"
3563,1886_Valles_L'Insurge_A.txt,"Nous sommes débordés : on nous pousse jusque sous un hangar , où l' on délibère à mots hachés , avec de les gestes furieux .","nous être PPAS : on nous PRES jusque sous un NC , où l' on PRES à NC ADJ , avec de le NC ADJ ."
3564,1886_Valles_L'Insurge_A.txt,« Où sont les ordres ?,""" où être le NCs ?"
3565,1886_Valles_L'Insurge_A.txt,quel est le plan ?,quel être le NC ?
3566,1886_Valles_L'Insurge_A.txt,"… » On crie cela tout haut , comme je me le disais tout bas , l' oreille à terre , attendant le cheval de La Cécilia .","… "" on VDIC cela tout ADJ , comme je me le VDIC tout ADJ , le NCCOR à NCmod , PPRES le NC de La NP ."
3567,1886_Valles_L'Insurge_A.txt,"« Vous ferez mieux de filer , dit Lisbonne ; ils sont capables de vous fiche à le mur !",""" vous faire mieux de INF , VDIC NP ; il être ADJ de vous PRES à le NC !"
3568,1886_Valles_L'Insurge_A.txt,"Moi , ils me connaissent , m' aiment un peu , je vais tâcher de les retenir !» «Une voiture !","soi , il me PRES , lui VSENT un peu , je aller INF de le INF !» NUM NC !"
3569,1886_Valles_L'Insurge_A.txt,"– Voici , patron .","– voici , NC ."
3570,1886_Valles_L'Insurge_A.txt,"– Vous n' avez pas peur sur votre siège , l' ami ?","– vous ne avoir pas NCSENT sur DETPOSS NCmod , le NC ?"
3571,1886_Valles_L'Insurge_A.txt,– Peur !,– NCSENT !
3572,1886_Valles_L'Insurge_A.txt,… je suis de Belleville !,… je être de NP !
3573,1886_Valles_L'Insurge_A.txt,"Et je vous connais bien , allez .","et je vous PRES bien , aller ."
3574,1886_Valles_L'Insurge_A.txt,Hue !,NP !
3575,1886_Valles_L'Insurge_A.txt,Cocotte !,NP !
3576,1886_Valles_L'Insurge_A.txt,"» Les balles sifflent , Cocotte secoue l' échine , le cocher se penche et bavarde .",""" le NCs PRES , NP PRES le NCo , le NCs se PRES et NC ."
3577,1886_Valles_L'Insurge_A.txt,"« Ils n' entrerons pas , citoyen … si chacun défend bien son quartier .» C' est ce qui va nous tuer , cette idée !",""" il ne VF pas , ADJ … si chacun PRES bien DETPOSS NCo .» ce être ce qui aller nous INF , ce NC !"
3578,1886_Valles_L'Insurge_A.txt,Quartier par quartier !,ADV par NC !
3579,1886_Valles_L'Insurge_A.txt,… La Sociale reculera !,… le ADJ NC !
3580,1886_Valles_L'Insurge_A.txt,"De le Trocadéro , la troupe a tiré sur le Champ-de-Mars .","de le NP , le NCs avoir PPAS sur le NP ."
3581,1886_Valles_L'Insurge_A.txt,L' École Militaire s' est vidée : le ministère de la Guerre aussi !,le NCs ADJ se être PPAS : le NC de le NCmod aussi !
3582,1886_Valles_L'Insurge_A.txt,"Je viens de grimper les escaliers , d' enfoncer les portes .","je venir de INF le NCo , de INF le NCo ."
3583,1886_Valles_L'Insurge_A.txt,Personne !,personne !
3584,1886_Valles_L'Insurge_A.txt,"En bas , la galopade de la défaite .","en NC , le NC de le NCmod ."
3585,1886_Valles_L'Insurge_A.txt,"« Tout le monde est à l' Hôtel de Ville , me crie un capitaine sous la voûte .",""" tout le NCs être à le NCs de NCmod , me VDIC un NCo sous le NCmod ."
3586,1886_Valles_L'Insurge_A.txt,– C' est là qu' on va! » disent les officiers en roulant vers la place de Grève .,"– ce être ADVLIEU que on va! "" VDIC le NCo en PPRES vers le NC de NP ."
3587,1886_Valles_L'Insurge_A.txt,Quelques résolus se sont mis en travers de le chemin .,quelque NCs se être mettre en travers de le NC .
3588,1886_Valles_L'Insurge_A.txt,«Vous ne passerez pas » hurlent -ils .,"«le ne IMP pas "" VDIC il ."
3589,1886_Valles_L'Insurge_A.txt,"L' un d' eux , cheveux à le vent , bras nus , poitrail à l' air , a de le sang qui gomme dans les poils .","le un de eux , NCCOR à le NCmod , NCCOR ADJ , NC à le NCMAN , avoir de le NCCOR qui PRES dans le NCCOR ."
3590,1886_Valles_L'Insurge_A.txt,"Il vient de recevoir un coup de baïonnette lancé de loin , mais il a croisé la sienne contre la multitude .","il venir de INF un NCo de NCmod PPAS de ADVLIEU , mais il avoir PPAS le sienne contre le NCmod ."
3591,1886_Valles_L'Insurge_A.txt,« Halte -là !,""" NC ADVLIEU !"
3592,1886_Valles_L'Insurge_A.txt,» Et il va piquer dans le tas !,""" et il aller INF dans le NC !"
3593,1886_Valles_L'Insurge_A.txt,"Ah bien , oui !","INTJ bien , oui !"
3594,1886_Valles_L'Insurge_A.txt,"L' inondation humaine l' a emporté , lui et son arme , comme une miette de chair , comme un fétu de limaille , sans qu' il y ait eu un cri , même un geste , qui ait déchiré l' air .","le NCs ADJ le avoir PPAS , lui et DETPOSS NC , comme un NCmod de NCCOR , comme un NCmod de NCmod , sans que il y avoir avoir un NCo , même un NC , qui avoir PPAS le NCMAN ."
3595,1886_Valles_L'Insurge_A.txt,"L' on n' a entendu que le fourmillement de la foule , comme la marche dans la poussière d' un troupeau de buffles .","l' on ne avoir VCOG que le NC de le NCmod , comme le NCmod dans le NC de un NCmod de NCmod ."
3596,1886_Valles_L'Insurge_A.txt,Hôtel de Ville .,NC de NCmod .
3597,1886_Valles_L'Insurge_A.txt,"Ils y sont en effet , La Cécilia et vingt autres : chefs de corps ou membres de la Commune .","il y être en NC , le NP et NUM autre : NC de NCCOR ou NC de le NP ."
3598,1886_Valles_L'Insurge_A.txt,Les visages sont mornes ; on parle presque à demi-voix .,le NCCOR être ADJ ; on PRES presque à NUM .
3599,1886_Valles_L'Insurge_A.txt,« Tout est perdu !,""" tout être PPAS !"
3600,1886_Valles_L'Insurge_A.txt,"– Rentrez ces mots dans votre gorge , Vingtras !","– IMP ce NCo dans DETPOSS NCCOR , NP !"
3601,1886_Valles_L'Insurge_A.txt,"Il faut , à le contraire , crier à le peuple que la cité sera le tombeau de l' armée , lui donner de le cœur à le ventre , et lui jeter l' ordre d' élever les barricades .» Je conte ce que j' ai vu .","il PRES , à le NC , VDIC à le NC que le NCs être le NC de le NCmod , lui INF de le NC à le NCCOR , et lui INF le NCo de INF le NCo .» je PRES ce que je avoir VCOG ."
3602,1886_Valles_L'Insurge_A.txt,"« À la porte de Versailles , ils ont hésité , c' est possible ; mais , dans Paris , vous verrez qu' ils tiendront contre les soldats tant qu' ils auront de les cartouches et de l' artillerie .» Dans Paris !",""" à le NC de NP , il avoir PPAS , ce être ADJ ; mais , dans NP , vous IMP que il VF contre le NC tant que il avoir de le NC et de le NC .» dans NP !"
3603,1886_Valles_L'Insurge_A.txt,Mais que dit ce Paris ?,mais que VDIC ce NP ?
3604,1886_Valles_L'Insurge_A.txt,"… Je n' ai eu que le spectacle de la déroute , depuis que le soleil est levé !","… je ne avoir avoir que le NCspas de le NCmod , depuis que le NCspas être PPAS !"
3605,1886_Valles_L'Insurge_A.txt,Midi .,NC .
3606,1886_Valles_L'Insurge_A.txt,Où avais -je la tête !,où avoir je le NCCOR !
3607,1886_Valles_L'Insurge_A.txt,Je croyais que la Ville allait sembler morte avant d' être tuée .,je VIMP que le NP aller sembler PPAS PHASE de être PPAS .
3608,1886_Valles_L'Insurge_A.txt,Et voici que femmes et enfants s' en mêlent !,et ADV que NC et NC se en PRES !
3609,1886_Valles_L'Insurge_A.txt,"Un drapeau rouge tout neuf vient d' être planté par une belle fille , et fait l' effet , au-dessus de ces moellons gris , d' un coquelicot sur un vieux mur. « Votre pavé , citoyen !","un NCs ADJCOL tout ADJ venir de être PPAS par un ADJ NC , et faire le NCo , ADVLIEU de ce NC ADJCOL , de un NCmod sur un ADJ NC "" DETPOSS NC , NC !"
3610,1886_Valles_L'Insurge_A.txt,"» Partout la fièvre , ou plutôt la santé !",""" ADV le VSENT , ou plutôt le NC !"
3611,1886_Valles_L'Insurge_A.txt,"On ne crie pas , on ne boit point .","on ne VDIC pas , on ne PRES ADV ."
3612,1886_Valles_L'Insurge_A.txt,"À peine , de temps en temps , une tournée sur le zinc , et vite on se balaie les lèvres de le revers de la main et l' on retourne à l' établi .","à NCSENT , de temps en temps , un NC sur le NCmod , et ADV on se PRES le NCCOR de le NCmod de le NCCOR et l' on PRES à le NC ."
3613,1886_Valles_L'Insurge_A.txt,"«Nous allons tâcher de faire une bonne journée » , me dit un de les piaillards de ce matin .","«le aller INF de faire un ADJ NCT "" , me VDIC un de le NCmod de ce NCT ."
3614,1886_Valles_L'Insurge_A.txt,« Vous avez douté de nous et vous verrez si vous aviez affaire à de les lâches !» La moisson de les coquelicots frissonne … on peut mourir maintenant !,""" vous avoir PPAS de nous et vous VF si vous PRES NCo à un le NC !» le NCs de le NCmod PRES … on pouvoir INF ADVT !"
3615,1886_Valles_L'Insurge_A.txt,Point de chef !,ADV de NC !
3616,1886_Valles_L'Insurge_A.txt,"Personne avec quatre filets d' argent à son képi , ou même ayant à les flancs la ceinture à glands d' or de la Commune .","personne avec NUM NCmod de NCmod à DETPOSS NCmod , ou même avoir à le NC le NC à NCmod de NCmod de le NP ."
3617,1886_Valles_L'Insurge_A.txt,"J' ai presque envie de cacher la mienne , pour n' avoir pas l' air de venir une fois la besogne faite ; d' ailleurs , on ne la salue guère .","je avoir presque NCo de INF le NCo , pour ne avoir pas le NCMAN de venir un fois le NCs faire ; de ADVLIEU , on ne le PRES ADV ."
3618,1886_Valles_L'Insurge_A.txt,"« Votre place n' est pas ici , m' a même dit brutalement un fédéré à visage ridé .",""" DETPOSS NCs ne être pas ADVLIEU , le avoir même VDIC ADVMAN un NCs à NCCOR PPAS ."
3619,1886_Valles_L'Insurge_A.txt,"Allez rejoindre les autres ; constituez -vous en Conseil , décidez quelque chose !","aller INF le autre ; IMP lui en NC , IMP quelque chose !"
3620,1886_Valles_L'Insurge_A.txt,Vous n' avez donc rien préparé ?,vous ne avoir donc rien PPAS ?
3621,1886_Valles_L'Insurge_A.txt,Ah! nom de Dieu !,NP NC de NP !
3622,1886_Valles_L'Insurge_A.txt,"… Par ici le canon , François !","… par ADVLIEU le NC , NP !"
3623,1886_Valles_L'Insurge_A.txt,"Femme , mets là les dragées !» Je ne vaux pas cette rouleuse de boulets et ce pousseur de canon !","NP , mettre ADVLIEU le PPAS !» je ne ADJ pas ce NC de NCmod et ce NC de NCmod !"
3624,1886_Valles_L'Insurge_A.txt,"Comme écharpier , je ne compte pas !","comme NC , je ne PRES pas !"
3625,1886_Valles_L'Insurge_A.txt,31 V e arrondissement .,NUM NUM e NC .
3626,1886_Valles_L'Insurge_A.txt,"Mais peut-être ceux qui m' ont coudoyé depuis que je me défends contre la vie seront -ils contents de revoir , debout à le milieu d' eux , en ce moment suprême , l' ancien camarade de misère et de travail , le pauvre diable qui se promena si longtemps , en habits élimés , à le Luxembourg .","mais peut-être celui qui lui avoir PPAS depuis que je me PRES contre le NC être il NC de VCOG , ADV à le milieu de eux , en ce NC ADJ , le ADJ NC de NC et de NC , le ADJ NC qui se VPS si longtemps , en NC PPAS , à le NP ."
3627,1886_Valles_L'Insurge_A.txt,"Ce Pays latin , où a langui ma jeunesse douloureuse , n' a jamais dépêché de combattants , dans les guerres sociales , d' un autre côté que de le côté de les assassins .","ce NCs ADJ , où avoir PPAS DETPOSS NCo ADJ , ne avoir ADVTEMPS PPAS de NC , dans le NC ADJ , de un autre NCmod que de le NC de le NCmod ."
3628,1886_Valles_L'Insurge_A.txt,"Les neveux de Prudhomme ont toujours renâclé devant les batailles où leurs paletots frôleraient de les blouses , où le contremaître de la barricade brutaliserait les bacheliers – s' ils embarrassaient la manœuvre et gênaient le tir .","le NC de NP avoir ADVTEMPS PPAS ADVLIEU le NC où DETPOSS NCs VCOND de le NC , où le NCs de le NCmod VCOND le NCo – se il VIMP le NCo et VIMP le NCo ."
3629,1886_Valles_L'Insurge_A.txt,"Qui sait s' ils ne seront pas plus décidés , ayant un de les leurs pour capitaine !","qui VCOG si il ne être pas plus ADJ , avoir un de le NCmod pour NC !"
3630,1886_Valles_L'Insurge_A.txt,J' ai couru à l' Hôtel de Ville .,je avoir PPAS à le NC de NP .
3631,1886_Valles_L'Insurge_A.txt,"« Gambon , mets le cachet là-dessus .",""" NP , mettre le NCo ADV ."
3632,1886_Valles_L'Insurge_A.txt,– Bonne idée !,– ADJ NC !
3633,1886_Valles_L'Insurge_A.txt,"ils te connaissent tous , là-haut , autour de la Sorbonne .","il me PRES tout , ADVLIEU , ADV de le NP ."
3634,1886_Valles_L'Insurge_A.txt,"Seulement , tu es mal avec Régère , je crois ?","seulement , je être mal avec NP , je VCOG ?"
3635,1886_Valles_L'Insurge_A.txt,"Enfin , voilà ton papier … Et maintenant , embrasse-moi !","PHASE , voilà DETPOSS NCo … et ADVT , embrasse-moi !"
3636,1886_Valles_L'Insurge_A.txt,"On ne sait pas ce qui peut arriver !» Il m' a embrassé , en paraphant , comme membre de le Comité de Salut public , ma commission d' envoyé pour présider à la direction de la défense à le Panthéon .","on ne VCOG pas ce qui pouvoir INF !» il lui avoir PPAS , en PPRES , comme NC de le NCmod de NP ADJ , DETPOSS NCo de NC pour INF à le NC de le NCmod à le NP ."
3637,1886_Valles_L'Insurge_A.txt,Je ne suis guère fort en stratégie .,je ne être guère fort en NC .
3638,1886_Valles_L'Insurge_A.txt,Comment fortifie -t -on un quartier ?,comment PRES t on un NCo ?
3639,1886_Valles_L'Insurge_A.txt,Comment met -on de les pièces en batterie ?,comment mettre on de le NC en NCmod ?
3640,1886_Valles_L'Insurge_A.txt,"Est -ce que ça sait quelque chose , un éduqué ?","être ce que ça VCOG quelque chose , un NC ?"
3641,1886_Valles_L'Insurge_A.txt,"En passant devant le collège Sainte-Barbe , puis Louis-le-Grand , je leur ai montré le poing – écolier à les moustaches grisonnantes qui en veut à ces casernes de ne lui avoir rien appris qui puisse lui servir maintenant contre la troupe !","en PPRES ADVLIEU le NC NP , puis NP , je lui avoir PPAS le NC – INF à le NCCOR ADJ qui en vouloir à ce NC de ne lui avoir rien VCOG qui pouvoir lui INF ADVT contre le NC !"
3642,1886_Valles_L'Insurge_A.txt,"Régère était de la majorité , et un de les enragés .","NP être de le NC , et un de le NCmod ."
3643,1886_Valles_L'Insurge_A.txt,On se dit bonjour tout de même .,on se VDIC NCo tout de même .
3644,1886_Valles_L'Insurge_A.txt,Mais il veut garder le commandement … tout le commandement !,mais il vouloir INF le NCo … tout le NC !
3645,1886_Valles_L'Insurge_A.txt,Allons !,NP !
3646,1886_Valles_L'Insurge_A.txt,"Jacques , fourre la paperasse dans ta poche n' invoque que ton passé de Bibliothèque et d' Odéon , de les semaines de dèche et de prison , auprès de les vieux copains .","NP , PRES le NCo dans NC ADJ ne PRES que DETPOSS NCo de NC et de NP , de le NCmod de NCmod et de NC , ADV de le ADJ NC ."
3647,1886_Valles_L'Insurge_A.txt,J' en ai retrouvé plusieurs en pleine rue .,je en avoir PPAS plusieurs en ADJ NC .
3648,1886_Valles_L'Insurge_A.txt,"La moitié fuyait , allait se cacher , mais le reste a mis la main à la pâte – bravement !","le NCs VIMP , aller se INF , mais le NCs avoir mettre le NCCOR à le NC – ADVMAN !"
3649,1886_Valles_L'Insurge_A.txt,"J' ai dû , par exemple , signer de les tas de nominations de délégués , à le nom de ma délégation à moi , que j' ai retirée fripée de mon gousset .","je avoir devoir , par NC , INF de le NC de NCmod de NCmod , à le NC de DETPOSS NCmod à soi , que je avoir PPAS PPAS de DETPOSS NC ."
3650,1886_Valles_L'Insurge_A.txt,"Il en faut , de ces chiffons -là , pour ceux qui ont un orgueil de vingt ans .","il en PRES , de ce NC ADVLIEU , pour celui qui avoir un NCSENT de NUM NCT ."
3651,1886_Valles_L'Insurge_A.txt,"Ils s' exposent à être fusillés ce soir , pour avoir , ce matin , un brevet d' officier à montrer .","il se PRES à être PPAS ce NCT , pour avoir , ce NCT , un NCs de NCmod à INF ."
3652,1886_Valles_L'Insurge_A.txt,"Pourtant , ils se sont mis à l' œuvre , matelassant , approvisionnant , munitionnant – et se compromettant jusqu' à la mort .","pourtant , il se être mettre à le NC , PPRES , PPRES , PPRES – et se PPRES jusque à le NC ."
3653,1886_Valles_L'Insurge_A.txt,C' est ce qu' il faut !,ce être ce que il PRES !
3654,1886_Valles_L'Insurge_A.txt,"Si quelques -uns de ces fils de famille sont , demain , massacrés ou transportés , c' est de la graine d' insurrection jetée dans le champ de les bourgeois .","si quelque NCspas de ce NCmod de NCmod être , ADVT , PPAS ou PPAS , ce être de le NC de NCmod PPAS dans le NC de le NCmod ."
3655,1886_Valles_L'Insurge_A.txt,Je prends pied et langue dans le bivouac qui s' est installé autour de le Panthéon .,je PRES NCCOR et NCCOR dans le NC qui se être PPAS ADV de le NP .
3656,1886_Valles_L'Insurge_A.txt,Ah !,INTJ !
3657,1886_Valles_L'Insurge_A.txt,l' on ne dit pas de bien de la Commune !,l' on ne VDIC pas de bien de le NP !
3658,1886_Valles_L'Insurge_A.txt,« Si elle avait été plus énergique !,""" si il avoir être plus ADJ !"
3659,1886_Valles_L'Insurge_A.txt,"… – Et si vous n' aviez pas endormi le peuple avec votre journal de modérés , vous , Vingtras !","… – et si vous ne IMP pas endormi le NC avec DETPOSS NC de ADJ , vous , NP !"
3660,1886_Valles_L'Insurge_A.txt,"» fait un lieutenant , me prenant à la gorge .",""" faire un NCo , me PPRES à le NCCOR ."
3661,1886_Valles_L'Insurge_A.txt,"Dans cette compagnie -là , on n' aime pas la minorité .","dans ce NC ADVLIEU , on ne VSENT pas le NCo ."
3662,1886_Valles_L'Insurge_A.txt,Une détonation !,un NC !
3663,1886_Valles_L'Insurge_A.txt,« Tiens !,""" NP !"
3664,1886_Valles_L'Insurge_A.txt,"il faudra faire mettre une pièce à mon par-dessus .» Un peu plus bas , c' était ma peau même qu' il y aurait eu à recoudre .","il VF faire mettre un NCo à DETPOSS NC .» un peu plus ADJ , ce être DETPOSS NCCOR même que il y avoir avoir à INF ."
3665,1886_Valles_L'Insurge_A.txt,Un pistolet est parti… par mégarde .,un NCs être NP par NCmod .
3666,1886_Valles_L'Insurge_A.txt,On s' est raccommodés .,on se être PPAS .
3667,1886_Valles_L'Insurge_A.txt,Les rancunes se taisent devant l' ennemi qui approche .,le NCs se PRES ADVLIEU le NC qui PRES .
3668,1886_Valles_L'Insurge_A.txt,Il est gare Montparnasse déjà !,il être NC NP déjà !
3669,1886_Valles_L'Insurge_A.txt,Va -t -il sauter sur le quartier ?,NP t il INF sur le NC ?
3670,1886_Valles_L'Insurge_A.txt,« Si l' on sautait sur lui ?,""" si l' on VIMP sur lui ?"
3671,1886_Valles_L'Insurge_A.txt,"…» Cette idée est jetée , le soir , dans le conseil de les commandants réunis , par un compagnon d' autrefois , un lettré aussi , mais qui ne croit point à la stratégie classique et à la défense derrière de les pierres .","…» ce NCspas être PPAS , le NCT , dans le NC de le NCmod ADJ , par un NC de ADVT , un NC aussi , mais qui ne VCOG ADV à le NC ADJ et à le NC ADJ de le NCmod ."
3672,1886_Valles_L'Insurge_A.txt,"« Marchons en avant , et délogeons-les !",""" IMP en PHASE , et ADJ !"
3673,1886_Valles_L'Insurge_A.txt,– C' est une folie !,– ce être un NCs !
3674,1886_Valles_L'Insurge_A.txt,» ripostent à l' unanimité ceux qui ont été soldats .,""" PRES à le NC celui qui avoir être PPAS ."
3675,1886_Valles_L'Insurge_A.txt,"Folie hardie , en tout cas , qui peut déconcerter l' adversaire , et ne sera guère plus dangereuse que la résistance passive !","NP PRES , en tout NC , qui pouvoir VSENT le NCo , et ne être guère plus ADJ que le NC ADJ !"
3676,1886_Valles_L'Insurge_A.txt,"Mais nous restons , seuls avec notre projet de fous , le camarade et moi , nous jurant d' aller jusqu' à le bout , côte à côte , coûte que coûte .","mais nous PRES , ADJ avec DETPOSS NC de NCmod , le NCs et soi , nous PPRES de aller jusque à le NC , NC à NCmod , NC que PRES ."
3677,1886_Valles_L'Insurge_A.txt,"«Si je recevais une blessure trop cruelle , promettez -moi de m' achever ?","«si je VIMP un NCSENT trop ADJ , IMP soi de se VASP ?"
3678,1886_Valles_L'Insurge_A.txt,"– Oui , à condition que vous me rendiez le même service , si c' est moi qui étrenne ?","– oui , à NCmod que vous me VSUBP le même NCo , si ce être soi qui VSUBP ?"
3679,1886_Valles_L'Insurge_A.txt,"– Entendu!» C' est que la souffrance me fait une peur de le diable ; par lâcheté , j' aimerais mieux la mort .","– NP ce être que le NCSENT me faire un NCSENT de le NCmod ; par NC , je VSENT mieux le PPAS ."
3680,1886_Valles_L'Insurge_A.txt,"Quoique , cependant , crever d' un dernier gnon {14} donné par un copain , à le coin d' un mur , ce ne soit pas précisément gai !","quoique , cependant , INF de un ADJ NC {14} PPAS par un NC , à le NC de un NC , ce ne être pas ADVMAN ADJ !"
3681,1886_Valles_L'Insurge_A.txt,"« Et être lardé vivant par les baïonnettes , vous trouvez que ce serait drôle ?",""" et être PPAS PPRES par le NC , vous VF que ce être ADJ ?"
3682,1886_Valles_L'Insurge_A.txt,– Lardé !,– NP !
3683,1886_Valles_L'Insurge_A.txt,"… – Mon cher , ces lignards nous auraient déjà hachés s' ils avaient pu , quand nous prêchions la guerre à outrance .","… – NP ADJ , ce NCs nous avoir déjà PPAS se il avoir pouvoir , quand nous VIMP le NCo à NCmod ."
3684,1886_Valles_L'Insurge_A.txt,"Ils nous arracheront cette fois les yeux avec le tire-bouchon de leur sabre , parce que c' est à cause de nous qu' on les a fait revenir de leurs villages .» Un combattant m' aborde .","il nous VF ce fois le NCCOR avec le NC de lui NCmod , parce que ce être à NC de nous que on le avoir faire INF de DETPOSS NC .» un NCs se PRES ."
3685,1886_Valles_L'Insurge_A.txt,"« Citoyen , voulez -vous voir comment c' est fait , le cadavre d' un traître ?",""" NCs , vouloir le VCOG comment ce être faire , le NCo de un NCmod ?"
3686,1886_Valles_L'Insurge_A.txt,– On a exécuté quelqu'un !,– on avoir PPAS quelqu'un !
3687,1886_Valles_L'Insurge_A.txt,"– Oui , un boulanger qui a nié d' abord , qui a avoué ensuite .» Le fédéré m' a vu blêmir .","– oui , un NCo qui avoir VDIC de NC , qui avoir VDIC PHASE .» le NCs se avoir VCOG INF ."
3688,1886_Valles_L'Insurge_A.txt,"«Vous auriez peut-être voté l' acquittement , vous !","«le avoir peut-être PPAS le NCo , vous !"
3689,1886_Valles_L'Insurge_A.txt,Ah! vingt dieux !,NP NUM NC !
3690,1886_Valles_L'Insurge_A.txt,"ne pas comprendre que casser la tête d' un Judas , c' est sauver la tête de mille de les siens !","ne pas VCOG que INF le NCCOR de un NP , ce être INF le NCCOR de NCmod de le NCmod !"
3691,1886_Valles_L'Insurge_A.txt,J' ai l' horreur de le sang et j' en ai plein les mains : il s' est accroché à moi à le coup de grâce !,je avoir le NCo de le NCCOR et je en avoir ADJ le NCCOR : il se être PPAS à soi à le NC de NCmod !
3692,1886_Valles_L'Insurge_A.txt,"Seulement , s' il n' y en a pas qui tuent les espions , alors quoi ?","seulement , si il ne y en avoir pas qui PRES le NCo , alors quoi ?"
3693,1886_Valles_L'Insurge_A.txt,» Un autre est intervenu dans le débat .,""" un autre être PPAS dans le NC ."
3694,1886_Valles_L'Insurge_A.txt,« C' est pas tout ça !,""" ce être pas tout ça !"
3695,1886_Valles_L'Insurge_A.txt,Vous voulez garder vos pattes nettes pour quand vous serez devant le tribunal ou devant la postérité !,vous vouloir INF DETPOSS NCo PPAS pour quand vous être ADVLIEU le NC ou ADVLIEU le NC !
3696,1886_Valles_L'Insurge_A.txt,"Et c' est nous , c' est le peuple , l' ouvrier , qui doit toujours faire la sale besogne … Pour qu' on lui crache dessus après , n' est -ce pas ?","et ce être nous , ce être le NC , le NC , qui devoir ADVTEMPS faire le NCo ADJ … pour que on lui PRES ADV PHASE , ne être ce pas ?"
3697,1886_Valles_L'Insurge_A.txt,"» Il dit vrai , cet irrité !",""" il VDIC vrai , ce NC !"
3698,1886_Valles_L'Insurge_A.txt,"Oui , l' on veut paraître propre dans l' histoire , et n' avoir pas de fumier d' abattoir attaché à son nom .","oui , l' on vouloir paraître ADJ dans le NC , et ne avoir pas un NCo de INF PPAS à DETPOSS NC ."
3699,1886_Valles_L'Insurge_A.txt,"Avoue -toi cela , Vingtras ; ne mets pas à ton acquit la pâleur qui t' a envahi la face devant le geindre fusillé !","VDIC soi cela , NP ; ne mettre pas à NC VPS le NCo qui lui avoir PPAS le NCs ADVLIEU le NC PPAS !"
3700,1886_Valles_L'Insurge_A.txt,"Mardi , 5 heures de le matin .","ADVT , NUM NCT de le NCT ."
3701,1886_Valles_L'Insurge_A.txt,La bataille est engagée de le côté de le Panthéon .,le NCspas être PPAS de le NC de le NP .
3702,1886_Valles_L'Insurge_A.txt,"Ah! que c' est triste , par ce soleil levant , cette descente de les civières toutes barbouillées de pourpre humaine !","Ah! que ce être ADJ , par ce NC PPRES , ce NCo de le NCmod tout PPAS de ADJCOL ADJ !"
3703,1886_Valles_L'Insurge_A.txt,Ce sont les blessés de là-haut – de la rue Vavin et de le boulevard Arago qui sont apportés à les ambulances .,ce être le VSENT de ADVLIEU – de le NC NP et de le NC NP qui être PPAS à le NC .
3704,1886_Valles_L'Insurge_A.txt,"J' ai dormi dans je ne sais quel endroit de la mairie ; voisin d' un mort , cette nuit comme l' autre .","je avoir PPAS dans je ne VCOG quel NCo de le NCmod ; NCmod de un NCmod , ce NCT comme le autre ."
3705,1886_Valles_L'Insurge_A.txt,"Le boulanger est là , derrière ces planches , et de les brins de paille humide ont été roulés , par une rigole d' eau , jusqu' à mes pieds .","le NCs être ADVLIEU , ADVLIEU ce NC , et de le NC de NCmod ADJ avoir être PPAS , par un NC de NCmod , jusque à DETPOSS NCCOR ."
3706,1886_Valles_L'Insurge_A.txt,"On m' a réveillé à le petit jour , et j' ai pris le chemin de les barricades .","on le avoir PPAS à le ADJ NCT , et je avoir PPAS le NCo de le NCmod ."
3707,1886_Valles_L'Insurge_A.txt,"Mais , en route , commandants et capitaines m' arrêtent , me saisissent les mains , les basques , demandant de les munitions , de le pain , un conseil… quelques -uns un discours .","mais , en NC , NCs et NCs le PRES , me PRES le NCCOR , le NC , PPRES de le NC , de le NC , un NP quelque NC un NC ."
3708,1886_Valles_L'Insurge_A.txt,Il en est qui menacent : « Avec ça que la Commune a le droit d' élever la voix !» Ah !,"il en être qui VDIC : "" Avec ça que le NP avoir le NCo de INF le NCMAN !» INTJ !"
3709,1886_Valles_L'Insurge_A.txt,je m' y perds !,je le y ADJ !
3710,1886_Valles_L'Insurge_A.txt,"Et personne n' est avec moi pour me renseigner et me soutenir , pour partager le fardeau !","et NCs ne être avec soi pour me INF et me INF , pour INF le NCo !"
3711,1886_Valles_L'Insurge_A.txt,"De les membres de la Commune qu' a élus le quartier , je n' ai encore vu que Régère , assailli , débordé , noyé à la municipalité – et Jourde , qui est apparu un moment , mais qui a bien d' autres responsabilités sur les épaules .","de le NC de le NP que avoir PPAS le NCs , je ne avoir encore VCOG que NP , PPAS , PPAS , PPAS à le NC – et NP , qui être PPAS un NC , mais qui avoir bien un autre NCo sur le NCCOR ."
3712,1886_Valles_L'Insurge_A.txt,"C' est lui qui tient les derniers écus qui vont alimenter l' insurrection , payer les vivres que les plus résolus réclament si haut .","ce être lui qui PRES le ADJ NCo qui aller INF le NCo , INF le ADJ que le plus ADJ ADV si ADJ ."
3713,1886_Valles_L'Insurge_A.txt,"Il a , en plus , son ministère qui brûle , grâce à les obus de Versailles .","il avoir , en plus , DETPOSS NCo qui PRES , ADV à le NC de NP ."
3714,1886_Valles_L'Insurge_A.txt,Et je suis seul .,et je être ADJ .
3715,1886_Valles_L'Insurge_A.txt,"De temps en temps , on me colle contre une maison et l' on parle de me régler mon compte .","de temps en temps , on me PRES contre un NC et l' on PRES de me INF DETPOSS NCo ."
3716,1886_Valles_L'Insurge_A.txt,"Würtz , l' Alsacien , un de les juges d' instruction de Ferré , vient de m' en sauver d' une belle à l' instant .","NP , le NP , un de le NCmod de NCmod de NP , venir de se en INF de un ADJ à le NC ."
3717,1886_Valles_L'Insurge_A.txt,«Vous n' êtes pas Vingtras » On s' est rassemblés .,"«le ne être pas NP "" on se être PPAS ."
3718,1886_Valles_L'Insurge_A.txt,« Un mouchard !,""" un NC !"
3719,1886_Valles_L'Insurge_A.txt,Abattez -nous ça !,IMP le ça !
3720,1886_Valles_L'Insurge_A.txt,– À la mairie !,– à le NC !
3721,1886_Valles_L'Insurge_A.txt,À la mairie !,à le NC !
3722,1886_Valles_L'Insurge_A.txt,– Pourquoi à la mairie ?,– pourquoi à le NC ?
3723,1886_Valles_L'Insurge_A.txt,"Là , contre la palissade !","ADVLIEU , contre le NC !"
3724,1886_Valles_L'Insurge_A.txt,– Jacques Vingtras a de la barbe .,– NP NP avoir de le NCCOR .
3725,1886_Valles_L'Insurge_A.txt,Vous n' êtes pas Jacques Vingtras !,vous ne être pas NP NP !
3726,1886_Valles_L'Insurge_A.txt,– À le mur !,– À le NC !
3727,1886_Valles_L'Insurge_A.txt,À le mur! !» Ce mur est la devanture d' un café de la rue Soufflot .,à le mur! !» ce NCs être le NC de un NCmod de le NCmod NP .
3728,1886_Valles_L'Insurge_A.txt,J' ai essayé de m' expliquer .,je avoir PPAS de lui VDIC .
3729,1886_Valles_L'Insurge_A.txt,"« Mais , sacrelotte !",""" mais , NC !"
3730,1886_Valles_L'Insurge_A.txt,"depuis mon évasion de le Cherche-Midi , j' ai gardé le menton ras! … » Malgré tout , j' allais quand même y passer , je crois bien , lorsque Würtz a sauté dans le groupe en fureur .","depuis DETPOSS NCmod de le NP , je avoir PPAS le NCCOR ras! … "" malgré tout , je aller quand même y INF , je VCOG bien , lorsque NP avoir PPAS dans le NC en NCmod ."
3731,1886_Valles_L'Insurge_A.txt,"« Qu' allez -vous faire là !» On le connaît , si on ne me reconnaît pas .",""" que aller vous faire ADVLIEU !» on le PRES , si on ne me VCOG pas ."
3732,1886_Valles_L'Insurge_A.txt,Et il jure que j' ai droit à mon nom .,et il PRES que je avoir NCo à DETPOSS NC .
3733,1886_Valles_L'Insurge_A.txt,"« Pardon , excuse , citoyen !» Je me suis secoué comme un chien mouillé , et l' on est allés prendre un verre … tous en chœur !",""" NP , VCOG , NC !» je me être PPAS comme un NC PPAS , et l' on être aller INF un NCo … tout en NC !"
3734,1886_Valles_L'Insurge_A.txt,"Maintenant qu' on est bien sûr que je suis Vingtras , je suis prisonnier de tous ces bataillons qui arrivent , et dont les gradés veulent serrer la pince , – ou la vis – à le rédacteur en chef de le Cri de le peuple , la seule écharpe écarlate qui traîne dans l' arrondissement .","ADVT que on être bien ADJ que je être NP , je être ADJ de tout ce NC qui PRES , et dont le NCs vouloir INF le NCo , – ou le NC – à le NC en NCmod de le NP de le NCmod , le ADJ NCmod ADJ qui PRES dans le NC ."
3735,1886_Valles_L'Insurge_A.txt,"Et les détails m' empoignent , m' étranglent !","et le NCs se PRES , lui PRES !"
3736,1886_Valles_L'Insurge_A.txt,C' est à moi qu' on s' adresse pour tout .,ce être à soi que on se PRES pour tout .
3737,1886_Valles_L'Insurge_A.txt,Pour tout – et pour rien .,pour tout – et pour rien .
3738,1886_Valles_L'Insurge_A.txt,"J' ai à peine eu le temps , depuis qu' on lutte , d' aller voir comment on se défend .","je avoir à NCSENT avoir le temps , depuis que on VSUBP , de aller VCOG comment on se PRES ."
3739,1886_Valles_L'Insurge_A.txt,"Deux ou trois fois , j' ai voulu remonter de le côté où Lisbonne et Henry Bauër tiennent comme de les enragés … Mais j' ai été retenu , rappelé , repris : la plupart de le temps , parce qu' on parlait de trahison , et qu' un homme se débattait à les mains de défiants et d' exaspérés qui étaient pour la justice sommaire .","NUM ou NUM fois , je avoir vouloir VSENT de le NC où NP et NP NP PRES comme de le VSENT … mais je avoir être PPAS , PPAS , PPAS : le NC de le temps , parce que on VIMP de NC , et que un NCs se VIMP à le NCCOR de NCmod et de NC qui être pour le NC ADJ ."
3740,1886_Valles_L'Insurge_A.txt,"Il n' y a eu cependant de tué , à ma connaissance , que le mitron .","il ne y avoir avoir cependant de NC , à DETPOSS NC , que le NC ."
3741,1886_Valles_L'Insurge_A.txt,"On dit bien qu' on a fusillé le commandant Pavia dans une cour , sans crier , de peur que je ne le sauve , mais on n' a pas vu le corps .","on VDIC bien que on avoir PPAS le NCo NP dans un NCmod , sans VDIC , de NCSENT que je ne le PRES , mais on ne avoir pas VCOG le NCCOR ."
3742,1886_Valles_L'Insurge_A.txt,Une estafette .,un NC .
3743,1886_Valles_L'Insurge_A.txt,« La rue Vavin demande de le secours !» Le roulement veut que ce soient les Enfants de le Père Duchêne qui se portent vers la barricade en détresse .,""" le NCs NP PRES de le NC !» le NCs vouloir que ce être le NC de le NP NP qui se PRES vers le NC en NCSENT ."
3744,1886_Valles_L'Insurge_A.txt,Ils ne se le font pas dire deux fois .,il ne se le faire pas VDIC NUM fois .
3745,1886_Valles_L'Insurge_A.txt,« Vermersch en tête !» L' appel est parti de divers points .,""" NP en NCCOR !» le NCs être PPAS de divers NC ."
3746,1886_Valles_L'Insurge_A.txt,Mais Vermersch n' est pas là .,mais NP ne être pas ADVLIEU .
3747,1886_Valles_L'Insurge_A.txt,"« Ah! les gendelettres , les journalistes !",""" Ah! le NC , le NC !"
3748,1886_Valles_L'Insurge_A.txt,"… Dans les caves , quand il s' agit de se battre !","… dans le NC , quand il se PRES de se INF !"
3749,1886_Valles_L'Insurge_A.txt,– Les journalistes !,– le NC !
3750,1886_Valles_L'Insurge_A.txt,Vous en voulez un ?,vous en vouloir un ?
3751,1886_Valles_L'Insurge_A.txt,… Me voilà .» En route !,… me voilà .» en NC !
3752,1886_Valles_L'Insurge_A.txt,Le tambour bat .,le NC ADJ .
3753,1886_Valles_L'Insurge_A.txt,"Je suis près de lui , et les vibrations de la caisse résonnent dans mon cœur: ma peau frémit autant que la peau d' âne .","je être ADVLIEU de lui , et le NC de le NCmod PRES dans DETPOSS cœur: DETPOSS NCCOR VPS autant que le NCCOR de NCmod ."
3754,1886_Valles_L'Insurge_A.txt,"À mi-chemin , de les hommes accourus à le bruit m' attirent à eux .","à NC , de le NCs PPAS à le NC se VSENT à eux ."
3755,1886_Valles_L'Insurge_A.txt,"«Il faut que vous veniez … Versailles a de les gens qui travaillent en dessous à la mairie de le VI e ; ils ont de les connivences avec le génie , qui tient Montparnasse .","NP PRES que vous PRES … NP avoir de le NC qui PRES en NC à le NC de le NUM NC ; il avoir de le NC avec le NC , qui PRES NP ."
3756,1886_Valles_L'Insurge_A.txt,"Je m' appelle Salvator ; vous devez me connaître , vous m' avez entendu à le club de l' École de médecine .","je lui PRES NP ; vous devoir me INF , vous lui avoir VCOG à le NC de le NCmod de NCmod ."
3757,1886_Valles_L'Insurge_A.txt,"Croyez -moi , suivez-nous … Carrefour Bréa , le premier venu fera votre ouvrage , tandis qu' à Saint-Sulpice on vous écoutera sûrement .","VCOG soi , suivez-le … NC NP , le ADJ NCs faire DETPOSS NCo , PHASE que à NP on vous VCOG ADVINT ."
3758,1886_Valles_L'Insurge_A.txt,"– Si cela est utile , quittez-nous » , m' a dit le capitaine même de les Enfants de le Père Duchêne .","– si cela être ADJ , quittez-le "" , lui avoir VDIC le NCo même de le NCmod de le NP NP ."
3759,1886_Valles_L'Insurge_A.txt,"Il y a , en effet , dispute , et presque bataille .","il y avoir , en NC , NC , et presque NC ."
3760,1886_Valles_L'Insurge_A.txt,Je tâche d' y voir clair .,je PRES de y VCOG ADJ .
3761,1886_Valles_L'Insurge_A.txt,"Mais voici venir Varlin – Varlin , qui est l' idole de le quartier , devant qui l' on s' est tu , dès qu' il est entré .","mais voici venir NP – NP , qui être le NC de le NCmod , ADVLIEU qui l' on se être je , dès que il être PPAS ."
3762,1886_Valles_L'Insurge_A.txt,J' ai ma liberté !,je avoir DETPOSS NCo !
3763,1886_Valles_L'Insurge_A.txt,Pas encore .,pas encore .
3764,1886_Valles_L'Insurge_A.txt,Un officier qui campe à le V e me cherche partout .,un NCs qui PRES à le NUM e me PRES ADV .
3765,1886_Valles_L'Insurge_A.txt,"Dès qu' il m' aperçoit : « Vingtras , voulez -vous remonter tout de suite là-haut ?","dès que il lui PRES : "" NP , vouloir le VSENT tout de NC ADVLIEU ?"
3766,1886_Valles_L'Insurge_A.txt,On parle de faire sauter le Panthéon .» Je remonte .,on PRES de faire INF le NP .» je VSENT .
3767,1886_Valles_L'Insurge_A.txt,"Une douzaine d' obus éclatent autour de la fontaine Saint-Sulpice , et lancent jusque sous nos semelles leurs éclats qui puent .","un NCs de NCmod PRES ADV de le NC NP , et PRES jusque sous DETPOSS NC DETPOSS NC qui PRES ."
3768,1886_Valles_L'Insurge_A.txt,Un profil de prêtre derrière un rideau !,un NC de NCmod ADVLIEU un NCmod !
3769,1886_Valles_L'Insurge_A.txt,"Si les fédérés qui sont avec moi l' aperçoivent , il est mort !","si le NCs qui être avec soi le PRES , il être ADJ !"
3770,1886_Valles_L'Insurge_A.txt,Non !,non !
3771,1886_Valles_L'Insurge_A.txt,ils ne l' ont pas vu !,il ne le avoir pas VCOG !
3772,1886_Valles_L'Insurge_A.txt,… Passons vite .,… IMP ADV .
3773,1886_Valles_L'Insurge_A.txt,"Elle est vide et lugubre , cette rue , pleine seulement de les tessons de fonte qui courent , devant et derrière nous , comme de les rats rentrant dans l' égout .","il être ADJ et ADJ , ce NC , ADJ seulement de le NC de NCmod qui PRES , ADVLIEU et ADVLIEU nous , comme de le NC PPRES dans le NC ."
3774,1886_Valles_L'Insurge_A.txt,Les maisons sont closes .,le NCs être ADJ .
3775,1886_Valles_L'Insurge_A.txt,"On dirait de grands visages d' aveugles , toutes ces façades sans regards .","on VDIC un ADJ NCCOR de NCmod , tout ce NC sans NCMAN ."
3776,1886_Valles_L'Insurge_A.txt,"Dans une encoignure , un aveugle pour tout de bon , son caniche à les pieds , dit lamentablement : « La charité , s' il vous plaît!» Je le connais depuis trente ans .","dans un NC , un NC pour tout de ADJ , DETPOSS NC à le NCCOR , VDIC ADVINT : "" le NC , si il vous plaît!» je le PRES depuis NUM NCT ."
3777,1886_Valles_L'Insurge_A.txt,"Il est venu là avec de les cheveux noirs , il a maintenant de les cheveux blancs .","il être venir ADVLIEU avec de le NCCOR ADJ , il avoir ADVT de le NCCOR ADJCOL ."
3778,1886_Valles_L'Insurge_A.txt,"Il me semble qu' il était à cette même place le 3 décembre 1851 , quand Ranc , Arthur Arnould et moi , nous vînmes pour nous emparer de cette même mairie où sont les nôtres aujourd'hui – avec de les traîtres en surplus !","il me sembler que il être à ce même NC le NUM MOIS NUM , quand NP , NP NP et soi , nous ADJ pour nous INF de ce même NC où être le nôtre ADVT – avec de le NCmod en NCmod !"
3779,1886_Valles_L'Insurge_A.txt,"Une autre bombe , d' autres tessons chauds et sentant mauvais .","un autre NC , un autre NC ADJ et ADV ADJ ."
3780,1886_Valles_L'Insurge_A.txt,"« La charité , s' il vous plaît !» Oh !",""" le NCs , si il vous PRES !» NP !"
3781,1886_Valles_L'Insurge_A.txt,"mendiant , qui ne lâches pas ta sébile , même sous le canon !","PPRES , qui ne ADJ pas VPS ADJ , même sous le NC !"
3782,1886_Valles_L'Insurge_A.txt,"Mécanique montée pour la lâcheté , qui as l' impassibilité d' un héros !","NC PPAS pour le NC , qui avoir le NCo de un NCmod !"
3783,1886_Valles_L'Insurge_A.txt,"et dont le cri guttural sort , monotone parmi cette tempête humaine , impitoyable dans cette lutte sans pitié !","et dont le NCs ADJ PRES , NC parmi ce NC ADJ , ADJ dans ce NC sans VSENT !"
3784,1886_Valles_L'Insurge_A.txt,"Il est là , contre la colonne de l' église , comme une statue – la statue de l' Infirmité et de la Misère – , debout à le milieu d' un monde qui avait rêvé de guérir les plaies et d' affranchir les pauvres !","il être ADVLIEU , contre le NC de le NCmod , comme un NCmod – le NC de le NCmod et de le NP – , ADV à le milieu de un NCmod qui avoir PPAS de INF le NCo et de INF le NCo !"
3785,1886_Valles_L'Insurge_A.txt,On lui donne !,on lui PRES !
3786,1886_Valles_L'Insurge_A.txt,Les gens qui vont se battre jettent les sous et mendient les cartouches .,le NCs qui aller se INF PRES le NCo et PRES le NCo .
3787,1886_Valles_L'Insurge_A.txt,"« Merci , mes bons messieurs » 32 Oh !",""" INTJ , DETPOSS ADJ NC "" NUM NP !"
3788,1886_Valles_L'Insurge_A.txt,"la première impression a été terrible ce matin , quand , descendant vers la Croix-Rouge pour examiner où en étaient les combattants , j' ai vu de les femmes fuir , emportant leurs hardes dans un mouchoir et tirant leurs mioches par la main .","le ADJ NCs avoir être ADJ ce NCT , quand , PPRES vers le NC pour INF où en être le NC , je avoir VCOG de le NC INF , PPRES DETPOSS NCo dans un NC et PPRES DETPOSS NCo par le NCCOR ."
3789,1886_Valles_L'Insurge_A.txt,« On met le feu partout !» Ces femmes crient ou pleurent .,""" on mettre le NCo ADV !» ce NCs VDIC ou PRES ."
3790,1886_Valles_L'Insurge_A.txt,"Il y a aussi quelques isolés qui filent en courant , et me crachent de les malédictions .","il y avoir aussi quelque NCo qui PRES en NC , et me NC de le NCmod ."
3791,1886_Valles_L'Insurge_A.txt,"J' ai voulu tendre , comme une chaîne , ma ceinture rouge en travers de la panique .","je avoir vouloir INF , comme un NC , DETPOSS NCo ADJCOL en travers de le NCSENT ."
3792,1886_Valles_L'Insurge_A.txt,Mais on n' arrête pas les affolés – pas plus rue de Buci que porte de Versailles !,mais on ne PRES pas le NCo – pas plus NC de NP que PRES de NP !
3793,1886_Valles_L'Insurge_A.txt,"Une crémière qui m' a fait crédit , dans les temps durs , de quelques quatre de riz et trois de chocolat , s' accroche à moi en poussant de les hurlements de désespoir : «Vous n' allez pas laisser flamber le quartier !","un NC qui lui avoir faire NCo , dans le temps ADJ , de quelque NUM de NCmod et NUM de NCmod , se PRES à soi en PPRES de le NC de NCSENT : «le ne aller pas laisser INF le NCo !"
3794,1886_Valles_L'Insurge_A.txt,Vous êtes un honnête homme !,vous être un ADJ NC !
3795,1886_Valles_L'Insurge_A.txt,"Vous vous jetterez avec un bataillon , s' il le faut , sur les pétroleurs !","vous vous IMP avec un NC , si il le PRES , sur le NC !"
3796,1886_Valles_L'Insurge_A.txt,"… » J' ai , un instant , été enveloppé par elle et d' autres , par de les vieillards et de les enfants , un groupe de vingt éplorés se tordant les bras et demandant où il fallait qu' ils aillent , qu' on disait que tout allait périr … J' ai pu m' échapper à la fin .","… "" je avoir , un NCspas , être PPAS par il et de autre , par un le NC et de le NC , un NC de NUM NCmod se PPRES le NCCOR et PPRES où il VIMP que il ailler , que on VDIC que tout aller INF … je avoir pouvoir le INF à le NC ."
3797,1886_Valles_L'Insurge_A.txt,"J' enfile le premier passage , et je cache mon écharpe .","je PRES le ADJ NCo , et je PRES DETPOSS NCo ."
3798,1886_Valles_L'Insurge_A.txt,"Je sais , sur mon chemin , rue Casimir-Delavigne , un cabinet de lecture où je suis allé travailler et lire les journaux pendant dix ans .","je VCOG , sur DETPOSS NC , NC NP , un NC de NCmod où je être aller INF et INF le NCo PHASE NUM NCT ."
3799,1886_Valles_L'Insurge_A.txt,"On me recevra là , et j' aurai deux minutes , cinq – le temps de juger , dans ma conscience , l' incendie .","on me VF ADVLIEU , et je avoir NUM NCT , NUM – le temps de INF , dans DETPOSS NCmod , le NC ."
3800,1886_Valles_L'Insurge_A.txt,J' ai cogné .,je avoir PPAS .
3801,1886_Valles_L'Insurge_A.txt,« Entrez .» Je voulais être en tête-à-tête avec moi un moment … À peine si je le puis !,""" NP .» je VIMP être en NCmod avec soi un NCo … à NCSENT si je le puis !"
3802,1886_Valles_L'Insurge_A.txt,Les gens qui sont là me supplient d' abandonner la partie .,le NC qui être ADVLIEU me PRES de INF le NCo .
3803,1886_Valles_L'Insurge_A.txt,"« C' est l' abattage sans merci… peut-être le supplice affreux , si vous persistez !",""" ce être le NC sans NP peut-être le NCSENT ADJ , si vous PRES !"
3804,1886_Valles_L'Insurge_A.txt,– Je le sais pardieu bien !,– je le VCOG NP bien !
3805,1886_Valles_L'Insurge_A.txt,– Songez à votre mère que votre mort tuera …» Ah! les gueux !,– IMP à DETPOSS NC que DETPOSS NCs VF …» NP le NCmod !
3806,1886_Valles_L'Insurge_A.txt,"ils ont trouvé le joint … Et voilà que , comme un lâche , j' oublie la rue en feu , mon rôle , et mon devoir .","il avoir PPAS le NCo … et voilà que , comme un NC , je PRES le NCo en NCmod , DETPOSS NC , et DETPOSS devoir ."
3807,1886_Valles_L'Insurge_A.txt,"Cœur et cervelle , tout cela s' emplit de les souvenirs de le pays , et je vois , comme si elle venait d' entrer là , une femme en robe de veuve , en bonnet de tulle blanc .","NP et ADJ , tout cela se PRES de le NC de le NC , et je ADV , comme si il venir de INF ADVLIEU , un NCo en NCmod de NCmod , en NC de NC ADJCOL ."
3808,1886_Valles_L'Insurge_A.txt,"Ses grands yeux noirs me fixent comme ceux d' une folle , et ses mains sèches et jaunies se lèvent avec un geste d' indicible douleur !","DETPOSS ADJ NCCOR ADJ me PRES comme celui de un NCmod , et DETPOSS NCCOR ADJ et ADJ se PRES avec un NC de ADJ NCSENT !"
3809,1886_Valles_L'Insurge_A.txt,Une décharge !,un NC !
3810,1886_Valles_L'Insurge_A.txt,"Deux ou trois fédérés passent devant la vitre , en courant , et lâchent leur chassepot qui tombe sur le pavé .","NUM ou NUM NCs PRES ADVLIEU le NC , en NC , et PRES lui NCo qui PRES sur le NC ."
3811,1886_Valles_L'Insurge_A.txt,« Regardez !,""" NP !"
3812,1886_Valles_L'Insurge_A.txt,… ils s' enfuient !,… il se PRES !
3813,1886_Valles_L'Insurge_A.txt,– Ils s' enfuient !,– il se PRES !
3814,1886_Valles_L'Insurge_A.txt,"Mais moi , je n' ai pas le droit de m' enfuir !","mais soi , je ne avoir pas le NCo de lui INF !"
3815,1886_Valles_L'Insurge_A.txt,"Laissez -moi , je vous prie !","laisser soi , je vous NC !"
3816,1886_Valles_L'Insurge_A.txt,… J' ai besoin de penser tout seul .» …………… C' est tout pensé !,… je avoir NCo de VCOG tout ADJ .» …………… ce être tout VCOG !
3817,1886_Valles_L'Insurge_A.txt,Je reste avec ceux qui fusillent – et qui seront fusillés !,je PRES avec celui qui PRES – et qui être PPAS !
3818,1886_Valles_L'Insurge_A.txt,"Que disaient -elles donc , ces éperdues ?","que VDIC il donc , ce NCs ?"
3819,1886_Valles_L'Insurge_A.txt,« que tout allait périr » ?,""" que tout aller INF "" ?"
3820,1886_Valles_L'Insurge_A.txt,On a bien livré deux ou trois bâtisses à le pétrole .,on avoir bien PPAS NUM ou NUM NC à le NCmod .
3821,1886_Valles_L'Insurge_A.txt,Et après ?,et PHASE ?
3822,1886_Valles_L'Insurge_A.txt,Voyons !,VCOG !
3823,1886_Valles_L'Insurge_A.txt,"À le collège , tous les livres traitant de Rome glorieuse ou de Sparte invincible sont pleins d' incendies , il me semble !","à le NCmod , tout le NC PPRES de NP ADJ ou de NP ADJ être ADJ de NC , il me sembler !"
3824,1886_Valles_L'Insurge_A.txt,"– d' incendies salués comme de les aurores par les généraux triomphants , ou allumés par de les assiégés que se chargeait de saluer l' Histoire .","– de NC PPAS comme de le NCmod par le ADJ NC , ou PPAS par de le NC que se VIMP de INF le NCo ."
3825,1886_Valles_L'Insurge_A.txt,"Mes dernières narrations étaient en l' honneur de résistances héroïques … de Numance en ruine , de Carthage en cendres , de Saragosse en flammes .","DETPOSS ADJ NCs être en le NCSENT de NCmod ADJ … de NP en NC , de NP en NCmod , de NP en NCmod ."
3826,1886_Valles_L'Insurge_A.txt,"Et le capitaine Faillard , qui avait été décoré dans la campagne de Russie , levait son chapeau chaque fois qu' il parlait de le Kremlin , que ces mâtins de Russes avaient allumé comme un punch !","et le NCs NP , qui avoir être PPAS dans le NC de NP , VIMP DETPOSS PPAS chaque fois que il VIMP de le NP , que ce NCs de NP avoir PPAS comme un NC !"
3827,1886_Valles_L'Insurge_A.txt,«Des crânes !,«D NC !
3828,1886_Valles_L'Insurge_A.txt,"ces Kaiserlicks » , disait -il en tordant sa moustache .","ce NP "" , VDIC il en PPRES DETPOSS NCCOR ."
3829,1886_Valles_L'Insurge_A.txt,Et le Palatinat saccagé et rôti !,et le NP ADJ et ADJ !
3830,1886_Valles_L'Insurge_A.txt,"Et cent coins de le monde brûlés à le nom de les rois ou de les républiques , à le nom de le Dieu de les juifs ou de le Dieu de les chrétiens ?","et NUM NC de le NCmod PPAS à le NC de le NCmod ou de le NC , à le NCmod de le NP de le NCmod ou de le NP de le NCmod ?"
3831,1886_Valles_L'Insurge_A.txt,Et les grottes de la Zaatcha !,et le NCs de le NP !
3832,1886_Valles_L'Insurge_A.txt,… Pélissier n' a -t -il pas de les lambeaux de peau grillée collés à le talon de ses bottes ?,… NP ne avoir t il pas de le NC de NCCOR PPAS PPAS à le NCCOR de DETPOSS NCmod ?
3833,1886_Valles_L'Insurge_A.txt,– le Pélissier de Malakoff !,– le NP de NP !
3834,1886_Valles_L'Insurge_A.txt,"Nous n' avons pas encore , que je sache , enfourné de Versaillais dans une cave pour les y cuire tout vivants !","nous ne avoir pas encore , que je VCOG , PPAS de NP dans un NC pour le y ADV tout ADJ !"
3835,1886_Valles_L'Insurge_A.txt,Ah !,INTJ !
3836,1886_Valles_L'Insurge_A.txt,"je ne me suis pas rendu , je ne suis pas devenu incendiaire , sans avoir embrassé de le regard tout le passé , sans avoir cherché de les ancêtres !","je ne me être pas PPAS , je ne être pas devenir ADJ , sans avoir PPAS de le NCMAN tout le NCmod , sans avoir PPAS de le NC !"
3837,1886_Valles_L'Insurge_A.txt,"Nous avons pioché cela à deux , Larochette et moi qui avons fait nos classes , puis à quatre , à dix .","nous avoir PPAS cela à NUM , NP et soi qui avoir faire DETPOSS NCo , puis à NUM , à NUM ."
3838,1886_Valles_L'Insurge_A.txt,Tous ont voté pour la flambée – en masse !,tout avoir PPAS pour le NC – en NC !
3839,1886_Valles_L'Insurge_A.txt,L' un d' eux écumait de colère .,le un de eux VIMP de NCSENT .
3840,1886_Valles_L'Insurge_A.txt,"« Et ce sont de les pauvresses qui ont demandé grâce pour leurs quatre meubles , quand c' est pour les pauvres qu' on se bat , quand de les centaines d' artilleurs ont eu , non pas leur chemise , mais leur poitrail roussi par le feu de le canon , de le canon ennemi !",""" et ce être de le NC qui avoir PPAS ADV pour DETPOSS NUM NC , quand ce être pour le NC que on se PRES , quand de le NC de NCmod avoir avoir , non pas lui NC , mais lui NC PPAS par le NC de le NCmod , de le NCmod ADJ !"
3841,1886_Valles_L'Insurge_A.txt,… Eh !,… INTJ !
3842,1886_Valles_L'Insurge_A.txt,sacrebleu !,PPAS !
3843,1886_Valles_L'Insurge_A.txt,"moi qui parle , j' étais riche avant d' entrer dans la politique sociale – il y a dix ans !","soi qui PRES , je être ADJ PHASE de INF dans le NC ADJ – il y avoir NUM NCT !"
3844,1886_Valles_L'Insurge_A.txt,Est -ce que je n' ai pas jeté tout ça dans la fournaise ?,être ce que je ne avoir pas PPAS tout ça dans le NC ?
3845,1886_Valles_L'Insurge_A.txt,"… Et aujourd'hui , parce qu' un peu de bois et quelques briques sont atteints par la stratégie de les désespérés , ceux pour qui l' on s' est ruinés et pour qui l' on va mourir vont -ils nous jeter leur paquet de frusques à travers les jambes ?","… et ADVT , parce que un peu de NCmod et quelque ADJCOL être PPAS par le NC de le NCmod , celui pour qui l' on se être PPAS et pour qui l' on aller INF aller il nous INF lui NCo de NC à travers le NCCOR ?"
3846,1886_Valles_L'Insurge_A.txt,» Il a eu comme un rire de fou !,""" il avoir avoir comme un NCMAN de NCmod !"
3847,1886_Valles_L'Insurge_A.txt,« Ah !,""" INTJ !"
3848,1886_Valles_L'Insurge_A.txt,"je comprends la fureur de les bourgeois , a -t -il repris en se tournant de le côté d' où partait la canonnade régulière !","je VCOG le NCo de le NCmod , avoir t il PPAS en se PPRES de le NC de où VIMP le NCo ADJ !"
3849,1886_Valles_L'Insurge_A.txt,"Dans l' éclair de la torche , ils viennent de voir reluire l' arme invincible , l' outil qu' on ne peut casser , et que les révoltés se passeront de main en main , désormais , sur le chemin de les guerres civiles … Qu' est -ce que ceci , auprès de cela ?","dans le NC de le NCmod , il venir de VCOG INF le NC ADJ , le NC que on ne pouvoir INF , et que le NCs se VF de NCCOR en NCCOR , ADV , sur le NC de le NCmod ADJ … que être ce que ceci , ADV de cela ?"
3850,1886_Valles_L'Insurge_A.txt,"a -t -il conclu en repoussant son fusil , et en nous montrant une fumée sanglante qui coiffait tout un quartier de le bonnet rouge .» «Vous disiez donc , lieutenant , qu' il s' agit de brûler un morceau de la rue Vavin ?","avoir t il PPAS en PPRES DETPOSS NCo , et en nous PPRES un NCo ADJ qui PPAS tout un NCo de le NCmod ADJCOL .» «le PRES donc , PPRES , que il se PRES de INF un NCo de le NCmod NP ?"
3851,1886_Valles_L'Insurge_A.txt,"– Oui , deux maisons dont le génie de Versailles a percé les murs , et par où les lignards nous tomberont dessus , à l' improviste .","– oui , NUM NCo dont le NCs de NP avoir PPAS le NCo , et par où le NC nous VF ADV , à le NC ."
3852,1886_Valles_L'Insurge_A.txt,"Vous savez bien , les deux maisons de le coin ?","vous VCOG bien , le NUM NC de le NCmod ?"
3853,1886_Valles_L'Insurge_A.txt,"… dans celle de droite , à le rez-de-chaussée , il y a une boulangerie .» Drôle de chance !","… dans celui de NCmod , à le NC , il y avoir un NCo .» NP de NCmod !"
3854,1886_Valles_L'Insurge_A.txt,C' est contre le cadavre d' un pétrisseur de miches que je me suis heurté tout d' abord : c' est maintenant un monceau de farine que je vais faire exécuter .,ce être contre le NC de un NCmod de NCmod que je me être VSENT tout de NC : ce être ADVT un NC de NCmod que je aller faire INF .
3855,1886_Valles_L'Insurge_A.txt,"À feu et à sang , le pays de le pain !","à NCmod et à NCCOR , le NC de le NCmod !"
3856,1886_Valles_L'Insurge_A.txt,Il va griller plus de blé moulu qu' il n' en fallait pour me nourrir pendant toutes mes années de famine !,il aller INF plus de NC ADJ que il ne en VIMP pour me INF PHASE tout DETPOSS NCT de NCmod !
3857,1886_Valles_L'Insurge_A.txt,"«Allons! mettez votre nom là , Vingtras .","NP mettre DETPOSS NCo ADVLIEU , NP ."
3858,1886_Valles_L'Insurge_A.txt,– Le voilà !,– le voilà !
3859,1886_Valles_L'Insurge_A.txt,"… et flambez une bicoque en plus , s' il le faut !» Je donne un bon en blanc .","… et IMP un NCo en plus , si il le PRES !» je PRES un NCo en ADJCOL ."
3860,1886_Valles_L'Insurge_A.txt,« Eh !,""" INTJ !"
3861,1886_Valles_L'Insurge_A.txt,"nous le savions biens , que vous ne renauderiez pas !","nous le NC bien , que vous ne VCOND pas !"
3862,1886_Valles_L'Insurge_A.txt,"» En riant , un fédéré a tiré de sa poche un vieux numéro de le Cri de le Peuple et mis le doigt sur une ligne : « Si M.Thiers est chimiste , il comprendra .",""" en PPRES , un NCs avoir PPAS de DETPOSS NC un ADJ NC de le NP de le NP et mettre le NCCOR sur un NC : "" si NP être ADJ , il VCOG ."
3863,1886_Valles_L'Insurge_A.txt,» « Hein ?,""" "" NP ?"
3864,1886_Valles_L'Insurge_A.txt,vous y avez pensée déjà !,vous y avoir VCOG déjà !
3865,1886_Valles_L'Insurge_A.txt,… – Non !,… – non !
3866,1886_Valles_L'Insurge_A.txt,et ce n' est pas moi qui ai écrit cette phrase si chaude .,et ce ne être pas soi qui avoir PPAS ce NCo si ADJ .
3867,1886_Valles_L'Insurge_A.txt,Je l' ai lue un matin dans l' article d' un collabo .,je le avoir PPAS un NCT dans le NC de un NCmod .
3868,1886_Valles_L'Insurge_A.txt,"Je l' ai trouvée raide , mais je n' allais pas faire un erratum , sûr !","je le avoir PPAS ADJ , mais je ne aller pas faire un NCo , ADJ !"
3869,1886_Valles_L'Insurge_A.txt,Et les journaux de Versailles n' ont pas manqué de dire qu' on reconnaissait bien ma griffe et mes instincts de bandit !,et le NCs de NP ne avoir pas PPAS de VDIC que on VCOG bien DETPOSS NC et DETPOSS NC de NCmod !
3870,1886_Valles_L'Insurge_A.txt,"– Oui , déclare Totole , nous voulons faire sauter le Panthéon !» Totole est un chef de bataillon qui a une influence sans bornes sur ses compagnies , quoiqu' il soit gavrochien à le possible ; mais il a fait de les pieds de nez et dit zut à les Allemands avec tant de crânerie , pendant le siège , il a été si rigolo et si héroïque , qu' on l' a élu à l' unanimité .","– oui , PRES NP , nous vouloir faire INF le NP !» NP être un NC de NCmod qui avoir un NCo sans NCmod sur DETPOSS NC , quoique il être ADJ à le NC ; mais il avoir faire de le NCCOR de NCCOR et VDIC ADV à le ADJ avec tant de NC , PHASE le NCmod , il avoir être ADV ADJ et si ADJ , que on le avoir PPAS à le NC ."
3871,1886_Valles_L'Insurge_A.txt,Son idée a été accueillie par de les hurrahs d' enthousiasme .,DETPOSS NCspas avoir être PPAS par de le NC de NCmod .
3872,1886_Valles_L'Insurge_A.txt,"«Ce n' est pas vous qui défendrez le monument , m' a dit Totole ; les monuments , pour Vingtras … Oh! là !","NP ne être pas vous qui VF le NCo , lui avoir VDIC NP ; le NC , pour NP … Oh! ADVLIEU !"
3873,1886_Valles_L'Insurge_A.txt,là !,ADVLIEU !
3874,1886_Valles_L'Insurge_A.txt,"C' est lui qui s' en fiche , de les temples de la gloire et de les boîtes à grands hommes !","ce être lui qui se en PRES , de le NC de le NCmod et de le NC à ADJ NCs !"
3875,1886_Valles_L'Insurge_A.txt,"Pas vrai , citoyen ?","NP vrai , ADJ ?"
3876,1886_Valles_L'Insurge_A.txt,"… Allons , voyons à faire écarter tout ce monde-là !","… NP , VCOG à faire INF tout ce monde-là !"
3877,1886_Valles_L'Insurge_A.txt,"…» J' ai eu une peine terrible à retenir Totole et à lui expliquer que , quoique n' aimant pas les monuments , je ne demandais pas qu' on se servît d' eux pour tuer la moitié de Paris .","…» je avoir avoir un NCSENT ADJ à INF NP et à lui VDIC que , quoique ne VSENT pas le NC , je ne VIMP pas que on se PRES de eux pour INF le NCo de NP ."
3878,1886_Valles_L'Insurge_A.txt,"Mais ils sont têtus en diable , et , malgré tout ce que je puis leur raconter , la mort de le Panthéon est résolue .","mais il être PPAS en NC , et , malgré tout ce que je puis lui INF , le NC de le NP être PPAS ."
3879,1886_Valles_L'Insurge_A.txt,"À le mur , le Panthéon !","à le NCmod , le NP !"
3880,1886_Valles_L'Insurge_A.txt,"Et , pendant qu' on y est , à le mur aussi Saint-Etienne-du-Mont et la Bibliothèque Sainte-Geneviève !","et , PHASE que on y être , à le NC aussi NP et le NC NP !"
3881,1886_Valles_L'Insurge_A.txt,… ça ne coûtera pas plus !,… ça ne VF pas plus !
3882,1886_Valles_L'Insurge_A.txt,"Nous avons dû nous mettre à quatre ou cinq – et de les gros bonnets – le maire en tête , quelques commandants sages et un noyau de fédérés plus rassis , pour empêcher ces cerveaux brûlés de se jeter sur le Panthéon comme sur un réac .","nous avoir devoir nous mettre à NUM ou NUM – et de le ADJ NC – le NC en NCCOR , quelque NC ADJ et un NC de NCmod plus ADJ , pour INF ce NCCOR PPAS de se INF sur le NP comme sur un NC ."
3883,1886_Valles_L'Insurge_A.txt,"On lui mettait déjà la ficelle à les pattes , soufrée de salpêtre et baignée de pétrole .","on lui mettre déjà le NCo à le NC , PPAS de NC et PPAS de NC ."
3884,1886_Valles_L'Insurge_A.txt,"« Mais , en croyant terrifier les ruraux , vous allez terrifier les nôtres !",""" mais , en VCOG VSENT le NCo , vous aller VSENT le nôtre !"
3885,1886_Valles_L'Insurge_A.txt,"C' est alors que les commères vous traiteront de brigands , et que les autres quartiers reculeront jusqu' à les Prussiens … peut-être bien jusqu' à Versailles !» Il a fallu leur rabâcher ça , les prendre par le bouton de leur tunique , les chapitrer une heure !","ce être alors que le NCs vous VF de NC , et que le autre NCs VF jusque à le NC … peut-être bien jusque à NP !» il avoir PPAS lui NCo ça , le INF par le NC de lui NCmod , le INF un NCT !"
3886,1886_Valles_L'Insurge_A.txt,"Il a fallu aussi trouver de les raisons contre un petit vieux qui s' était gratté le crâne avec persistance pendant la discussion , et qui a fini par dire , d' une voix très douce : « En vérité , citoyens , il me semble qu' il vaudrait mieux , pour l' honneur de la Commune , ne pas nous retirer pendant l' explosion … Ça n' est une bonne affaire que si nous restons là , et si nous sautons en même temps que les soldats .","il avoir PPAS aussi INF de le NC contre un NCmod ADJ qui se être PPAS le NCo avec NC PHASE le NCmod , et qui avoir VASP par VDIC , de un NCMAN très ADJ : "" en NC , NC , il me sembler que il VCOND mieux , pour le NCSENT de le NP , ne pas nous INF PHASE le NC … ça ne être un ADJ NC que si nous PRES ADVLIEU , et si nous PRES en même temps que le NC ."
3887,1886_Valles_L'Insurge_A.txt,"Je ne suis pas orateur , citoyens , mais j' ai ma petite jugeote … Pardon de ma timidité … je n' ai jamais parlé en public .","je ne être pas ADJ , ADJ , mais je avoir DETPOSS ADJ NCo … NC de DETPOSS NCSENT … je ne avoir ADVTEMPS PPAS en NC ."
3888,1886_Valles_L'Insurge_A.txt,"Mais pour la première fois que je l' ose , je crois que je fais une excellente proposition .","mais pour le ADJ fois que je le NCmod , je VCOG que je faire un ADJ NCo ."
3889,1886_Valles_L'Insurge_A.txt,"Seulement , pressons-nous ; si nous bavardons longtemps encore , nous ne sauterons jamais !","seulement , pressons-le ; si nous PRES longtemps encore , nous ne VF ADVTEMPS !"
3890,1886_Valles_L'Insurge_A.txt,Jamais !» a -t -il conclu avec un énorme soupir .,ADVTEMPS !» avoir t il PPAS avec un ADJ NC .
3891,1886_Valles_L'Insurge_A.txt,C' est lui qui a sauvé le condamné !,ce être lui qui avoir PPAS le NCo !
3892,1886_Valles_L'Insurge_A.txt,"On a ri de sa crainte de ne pas s' écrabouiller contre le ciel , et on n' en a plus reparlé .","on avoir PPAS de DETPOSS NCSENT de ne pas se INF contre le NC , et on ne en avoir plus PPAS ."
3893,1886_Valles_L'Insurge_A.txt,Hôtel de les Grands Hommes .,NC de le NP NP .
3894,1886_Valles_L'Insurge_A.txt,Je suis là depuis minuit .,je être ADVLIEU depuis NC .
3895,1886_Valles_L'Insurge_A.txt,Nous sommes nombreux .,nous être ADJ .
3896,1886_Valles_L'Insurge_A.txt,Il y a presque tous les chefs de le V e et de le XII e qui n' avaient pas un commandement militaire .,il y avoir presque tout le NCo de le NUM NCmod et de le NC e qui ne avoir pas un NC ADJ .
3897,1886_Valles_L'Insurge_A.txt,"On taille un jambonneau , et une bavette .","on PRES un NCo , et un NC ."
3898,1886_Valles_L'Insurge_A.txt,"« Chaudey , tu sais » a fait mon voisin de gauche , avec un geste qui explique tout .",""" NP , je VCOG "" avoir faire DETPOSS NCo de NCmod , avec un NC qui VDIC tout ."
3899,1886_Valles_L'Insurge_A.txt,Je n' ai encore été mêlé à aucune tuerie .,je ne avoir encore être PPAS à aucun NC .
3900,1886_Valles_L'Insurge_A.txt,C' est de la veine !,ce être de le NC !
3901,1886_Valles_L'Insurge_A.txt,Mais quelques autres étaient de le poste de Pélagie et racontent l' exécution .,mais quelque autre être de le NC de NP et PRES le NCo .
3902,1886_Valles_L'Insurge_A.txt,« Comment est -il mort ?,""" comment être il PPAS ?"
3903,1886_Valles_L'Insurge_A.txt,– Pas mal .,– pas mal .
3904,1886_Valles_L'Insurge_A.txt,– Et les gendarmes ?,– et le NC ?
3905,1886_Valles_L'Insurge_A.txt,"– Pas bien .» Les soupeurs causent de cela comme d' une pièce dont ils auraient été spectateurs , et où ils n' auraient pas eu de rôle !","– pas bien .» le NCs PRES de cela comme de un NC dont il avoir être NC , et où il ne avoir pas avoir un NC !"
3906,1886_Valles_L'Insurge_A.txt,"À le matin , quand le feu reprendra , il sera bien temps d' aller à son poste en s' étirant et en bâillant .","à le NCT , quand le NCs VF , il être bien temps de aller à DETPOSS NC en se PPRES et en NC ."
3907,1886_Valles_L'Insurge_A.txt,"Puisqu' on est sûrs de la défaite , on peut bien boire le coup de l' étrier , avant de recevoir le coup de le lapin .","puisque on être ADJ de le NC , on pouvoir bien INF le NCo de le NCmod , PHASE de INF le NCo de le NCmod ."
3908,1886_Valles_L'Insurge_A.txt,Mercredi matin .,ADVT NCT .
3909,1886_Valles_L'Insurge_A.txt,Lisbonne arrive désespéré .,NP PRES VSENT .
3910,1886_Valles_L'Insurge_A.txt,«Toutes nos positions sont prises .,ADJ DETPOSS NCspas être PPAS .
3911,1886_Valles_L'Insurge_A.txt,"Le découragement s' en mêle … il faut se décider à une manœuvre , s' arrêter à un parti .","le NCSENT se en PRES … il PRES se INF à un NC , se INF à un NC ."
3912,1886_Valles_L'Insurge_A.txt,– Que faire ?,– que faire ?
3913,1886_Valles_L'Insurge_A.txt,– Chercher !,– NP !
3914,1886_Valles_L'Insurge_A.txt,"chercher ensemble , Régère , Sémerie , toi , moi , Longuet …» Longuet est avec nous , en effet ; il est revenu , lui aussi , à le Pays latin .","INF ensemble , NP , NP , soi , soi , NP …» NP être avec nous , en NC ; il être PPAS , lui aussi , à le NP ADJ ."
3915,1886_Valles_L'Insurge_A.txt,"Nous sommes montés dans le cabinet de le maire , poussant le verrou pour qu' on n' entendît pas nos paroles d' angoisse , notre consultation in extremis. …………… Oh !","nous être PPAS dans le NC de le NCmod , PPRES le NCo pour que on ne PRES pas DETPOSS NC de NCSENT , DETPOSS NC in NCmod …………… INTJ !"
3916,1886_Valles_L'Insurge_A.txt,"je viens d' être frappé en plein cœur , j' ai ressenti le mal qui envahit soudain les veines de les déshonorés !","je venir de être frapper en ADJ NC , je avoir VSENT le mal qui PRES soudain le NC de le NCmod !"
3917,1886_Valles_L'Insurge_A.txt,"Le chef de légion jugeant , comme Lisbonne , la défense vaine , le docteur Sémerie , chef de les ambulances , étant de l' avis de le chef de légion , le maire s' est levé : «Nous allons signer l' ordre de mettre bas les armes !» Cela m' a rappelé le jour où Cluseret fut décrété d' accusation .","le NC de NCmod PPRES , comme NP , le NC ADJ , le NC NP , NC de le NC , être de le NC de le NCmod de NCmod , le NCs se être PPAS : «le aller INF le NCo de mettre ADJ le NCo !» cela le avoir PPAS le NCT où NP être PPAS de NC ."
3918,1886_Valles_L'Insurge_A.txt,«Vous n' allez pas dire que je suis un traître !,«le ne aller pas VDIC que je être un NC !
3919,1886_Valles_L'Insurge_A.txt,"» fit -il , enfonçant les poings dans ses cheveux , secouant sa tête comme si on l' avait souffletée .",""" faire il , PPRES le NCo dans DETPOSS NCCOR , PPRES DETPOSS NCCOR comme si on le avoir PPAS ."
3920,1886_Valles_L'Insurge_A.txt,"Et , tournoyant sur lui-même , il alla s' abattre assommé sur un banc !","et , PPRES sur soi-même , il aller se INF PPAS sur un NC !"
3921,1886_Valles_L'Insurge_A.txt,Je viens d' avoir le même vertige .,je venir de avoir le même NCo .
3922,1886_Valles_L'Insurge_A.txt,« Nous rendre !,""" nous INF !"
3923,1886_Valles_L'Insurge_A.txt,"Longuet , ferez -vous cela !","NP , faire lui cela !"
3924,1886_Valles_L'Insurge_A.txt,Et vous autres ?,et vous autre ?
3925,1886_Valles_L'Insurge_A.txt,"– Moi , je le ferai » , a dit froidement le chef de légion .","– soi , je le NCs "" , avoir VDIC ADVMAN le NCo de NCmod ."
3926,1886_Valles_L'Insurge_A.txt,Le médecin s' est indigné .,le NCs se être VSENT .
3927,1886_Valles_L'Insurge_A.txt,« Vous voulez donc que le quartier soit jonché de cadavres et inondé de sang ?,""" vous vouloir donc que le NCspas être PPAS de NC et PPAS de NCCOR ?"
3928,1886_Valles_L'Insurge_A.txt,vous prenez cela sur vous !,vous IMP cela sur vous !
3929,1886_Valles_L'Insurge_A.txt,"… – Oui , je prends sur moi de ne pas signer un ordre à lequel , d' ailleurs , les fédérés n' obéiraient point … Je ne veux pas que mon nom soit honni dans le camp de les révoltés !","… – oui , je PRES sur soi de ne pas INF un NCo à lequel , de ADVLIEU , le NC ne VIMP ADV … je ne vouloir pas que DETPOSS NCspas être VSENT dans le NC de le NCmod !"
3930,1886_Valles_L'Insurge_A.txt,Je ne le veux pas !,je ne le vouloir pas !
3931,1886_Valles_L'Insurge_A.txt,"Ma présence ici déjà me rend votre complice , et , si vous capitulez , il faudra que vous me tuiez ou que je me tue !","DETPOSS NCs ADVLIEU déjà me PRES DETPOSS NCo , et , si vous PRES , il VF que vous me PRES ou que je me PRES !"
3932,1886_Valles_L'Insurge_A.txt,"– Nous nous sommes mal compris !» a dit Régère , effrayé de mon émotion , et qui a bien de les torts , mais qui n' est pas un lâche .","– nous nous être mal VCOG !» avoir VDIC NP , VSENT de DETPOSS NCSENT , et qui avoir bien de le NC , mais qui ne être pas un NC ."
3933,1886_Valles_L'Insurge_A.txt,Sémerie a paru apaisé aussi .,NP avoir paraître VSENT aussi .
3934,1886_Valles_L'Insurge_A.txt,Mais j' ai peur d' eux .,mais je avoir NCSENT de eux .
3935,1886_Valles_L'Insurge_A.txt,"« Longuet , courons retrouver les nôtres !",""" NP , VF INF le nôtre !"
3936,1886_Valles_L'Insurge_A.txt,Où est la Commune ?,où être le NC ?
3937,1886_Valles_L'Insurge_A.txt,– À la mairie de le XI e .,– à le NC de le NUM e .
3938,1886_Valles_L'Insurge_A.txt,"C' est là qu' est Delescluze ; c' est là d' où ne part rien , si vous voulez , mais où tout aboutit .","ce être ADVLIEU que être NP ; ce être ADVLIEU de où ne PRES rien , si vous vouloir , mais où tout PRES ."
3939,1886_Valles_L'Insurge_A.txt,C' est là qu' il faut aller !,ce être ADVLIEU que il PRES aller !
3940,1886_Valles_L'Insurge_A.txt,– Allons !,– NP !
3941,1886_Valles_L'Insurge_A.txt,"» Une détonation formidable a retenti , faisant éclater les vitres .",""" un NCs ADJ avoir PPAS , faire INF le NCo ."
3942,1886_Valles_L'Insurge_A.txt,Ce doit être le Luxembourg !,ce devoir être le NP !
3943,1886_Valles_L'Insurge_A.txt,Mais le Luxembourg est debout .,mais le NP être ADV .
3944,1886_Valles_L'Insurge_A.txt,"Ce n' est que la poudrière qui a sauté … Totole voulait son explosion , il se l' est payée .","ce ne être que le NC qui avoir PPAS … NP vouloir DETPOSS NC , il se le être PPAS ."
3945,1886_Valles_L'Insurge_A.txt,Je le vois revenir en se frottant les mains .,je le NC INF en se PPRES le NCCOR .
3946,1886_Valles_L'Insurge_A.txt,« Que voulez-vous !,""" que lulez-voui !"
3947,1886_Valles_L'Insurge_A.txt,Je ne serais pas mort content .,je ne être pas PPAS ADJ .
3948,1886_Valles_L'Insurge_A.txt,"Mais ça n' a servi à rien , il n' y avait pas encore de lignards .","mais ça ne avoir PPAS à rien , il ne y avoir pas encore de NC ."
3949,1886_Valles_L'Insurge_A.txt,Coup raté !,NC ADJ !
3950,1886_Valles_L'Insurge_A.txt,"» À côté de lui , un bonhomme s' arrache les cheveux .",""" à NC de lui , un NCs se PRES le NCCOR ."
3951,1886_Valles_L'Insurge_A.txt,« Si seulement on était restés !,""" si seulement on être PPAS !"
3952,1886_Valles_L'Insurge_A.txt,"» Ils finiront par l' avoir , leur Panthéon , ce farceur et ce désolé !",""" il VASP par le avoir , lui NP , ce NC et ce NC !"
3953,1886_Valles_L'Insurge_A.txt,"Ils ont la folie de la défaite , et tout ce qu' on peut faire ne les arrêtera pas .","il avoir le NCo de le NCs , et tout ce que on pouvoir faire ne le VF pas ."
3954,1886_Valles_L'Insurge_A.txt,"33 Il fait grand soleil , un temps doux !","NUM il faire ADJ NCo , un temps ADJ !"
3955,1886_Valles_L'Insurge_A.txt,"Dans les rues calmes où nous nous engageons , de les bouts de treille pendent par-dessus les murs sur les moellons de les barricades .","dans le NC NCSENT où nous nous PRES , de le NCs de NCmod PRES ADV le NC sur le NCmod de le NCmod ."
3956,1886_Valles_L'Insurge_A.txt,De les pots de fleurs couronnent la crête de les digues de pierre .,de le NC de NCmod PRES le NCo de le NCmod de NC .
3957,1886_Valles_L'Insurge_A.txt,"La Seine roule , scintillante et bleue , entre les quais déserts , mais tout inondés de lumière .","le NP ADJ , ADJ et ADJCOL , entre le NCmod ADJ , mais tout PPAS de NC ."
3958,1886_Valles_L'Insurge_A.txt,"Dès la rivière traversée , la résistance prend un aspect robuste .","dès le NC ADJ , le NCs PRES un NCo ADJ ."
3959,1886_Valles_L'Insurge_A.txt,"À chaque tas de pavés est attachée une poignée d' hommes qui nous saluent , et qui répondent a nos mauvaises nouvelles : « Par ici , on aura peut-être plus de chance … Et puis , tant pis! … On fera ce qu' il faudra , voilà tout !","à chaque NC de NCmod être PPAS un NC de NCmod qui nous PRES , et qui VDIC à DETPOSS ADJ ADJ : "" par ADVLIEU , on avoir peut-être plus de NC … et puis , tant pis! … on faire ce que il falloir , voilà tout !"
3960,1886_Valles_L'Insurge_A.txt,"» Et les sentinelles se rassoient , avec de les airs de paysans qui se reposent vers midi , et à qui l' on a porté la soupe dans les champs .",""" et le NCs se PRES , avec de le NCMAN de NCmod qui se PRES vers NC , et à qui l' on avoir PPAS le NCo dans le NCmod ."
3961,1886_Valles_L'Insurge_A.txt,"De les robes à côté de les vareuses , de les petites blouses aussi .","de le NC à NC de le NC , de le ADJ NC aussi ."
3962,1886_Valles_L'Insurge_A.txt,La bourgeoise et le moutard sont venus avec de le bouillon et un rata; on a mis la nappe sur la dure .,le NC et le NC être venir avec de le NC et un rata; on avoir mettre le NCo sur le NC .
3963,1886_Valles_L'Insurge_A.txt,Nous offrons quelques rasades .,nous VF quelque NCo .
3964,1886_Valles_L'Insurge_A.txt,"Ils disent : « Pas trop! » Nous n' en avons pas trouvé un qui eût un grain , un vrai grain , parmi tous ceux avec qui l' on a voulu trinquer .","il VDIC : "" NP trop! "" nous ne en avoir pas PPAS un qui avoir un NCo , un vrai NC , parmi tout celui avec qui l' on avoir vouloir INF ."
3965,1886_Valles_L'Insurge_A.txt,Place Voltaire .,NP NP .
3966,1886_Valles_L'Insurge_A.txt,Mairie de le XI e .,NC de le NUM e .
3967,1886_Valles_L'Insurge_A.txt,La Commune siège en ce moment .,le NP ADJ en ce NCmod .
3968,1886_Valles_L'Insurge_A.txt,«Où donc ?,ADV donc ?
3969,1886_Valles_L'Insurge_A.txt,"– Là-haut , dans la grande salle » .","ADV , dans le ADJ NC "" ."
3970,1886_Valles_L'Insurge_A.txt,C' est faux !,ce être ADJ !
3971,1886_Valles_L'Insurge_A.txt,la Commune ne siège pas !,le NP ne NC pas !
3972,1886_Valles_L'Insurge_A.txt,"Tout le monde est mêlé , officiers , simples gardes , porteurs de képis à un ou plusieurs filets , ceintures à glands blancs ou à glands jaunes , membres de chez nous ou de le Comité central – et c' est tout ce monde qui délibère .","tout le NCspas être PPAS , NC , ADJ NC , NC de NCmod à un ou plusieurs NC , NC à NCmod ADJCOL ou à NC ADJCOL , NC de chez nous ou de le NC ADJ – et ce être tout ce NC qui PRES ."
3973,1886_Valles_L'Insurge_A.txt,"Un lieutenant , debout sur une table , demande qu' on établisse un cordon d' outranciers autour de l' arrondissement et qu' il soit décrété que personne ne le franchira .","un NCs , ADV sur un NCmod , PRES que on VSUBP un NCo de NCmod ADV de le NC et que il être PPAS que personne ne le VF ."
3974,1886_Valles_L'Insurge_A.txt,"«Il y a déjà de les désertions , crie -t -il d' une voix menaçante; il y en aura encore …» Et étendant la main de le côté d' une porte où quelques galonnés s' étouffent : « Douze balles pour qui voudra fuir !» La prise de Montmartre a exaspéré les plus sages , et semé le vent de le soupçon .","NP y avoir déjà de le NC , VDIC t il de un NCMAN menaçante; il y en avoir encore …» et PPRES le NCCOR de le NCmod de un NCmod où quelque NCs se PRES : "" NUM NC pour qui VF INF !» le NCs de NP avoir VSENT le plus ADJ , et PPAS le NCo de le NCmod ."
3975,1886_Valles_L'Insurge_A.txt,"Montmartre , qui devait être armé pour la lutte jusqu' à les dents , Montmartre que ne laissait pas approcher l' état-major de le quartier , sorti on ne sait d' où , Montmartre , dont le délégué à la Guerre éloignait lui-même les pékins , Montmartre a été livré , vendu !","NP , qui devoir être PPAS pour le NC jusque à le NCCOR , NP que ne laisser pas INF le NCo de le NCmod , PPAS on ne VCOG de où , NP , dont le NCs à le NCmod VIMP soi-même le NCo , NP avoir être PPAS , PPAS !"
3976,1886_Valles_L'Insurge_A.txt,"– les munitions n' étaient pas de calibre , les pièces ne tenaient pas sur leurs jambes , de les mots d' ordre menteurs avaient été donnés … le drapeau tricolore flotte sur la butte !","– le NCs ne être pas de NC , le NCs ne VIMP pas sur DETPOSS NCCOR , de le NCspas de NCmod NCmod avoir être PPAS … le NCs ADJ PRES sur le NC !"
3977,1886_Valles_L'Insurge_A.txt,Cette trahison a décapité la défense .,ce NCs avoir PPAS le NCo .
3978,1886_Valles_L'Insurge_A.txt,"Elle a aussi culbuté dans la mort tous ceux sur qui , depuis deux jours , s' est abattue la poigne d' un fédéré ou contre qui s' est levé le pouce d' une femme – dans ce cirque ourlé de sang d' où le César nabot est parti et où il veut rentrer .","il avoir aussi PPAS dans le NC tout celui sur qui , depuis NUM NCT , se être PPAS le NCo de un NCmod ou NC qui se être PPAS le NCCOR de un NCmod – dans ce NCmod PPAS de NCCOR de où le NCmod ADJ être PPAS et où il vouloir INF ."
3979,1886_Valles_L'Insurge_A.txt,"Il n' a pas ménagé le boursicot de la République pour avoir raison de les républicains : il faut bien qu' il ait présenté le mulet chargé d' or pour que certaines issues aient été ouvertes , pour que le Mont sacré qui avait vomi Vinoy et gardé deux généraux ait été violé si vite par les soldats !","il ne avoir pas PPAS le NCo de le NCmod pour avoir NCo de le NCmod : il PRES bien que il avoir PPAS le NCo PPAS de NC pour que certain NCs avoir être ADV , pour que le NCspas ADJ qui avoir PPAS NP et PPAS NUM NCo avoir être PPAS si ADV par le NC !"
3980,1886_Valles_L'Insurge_A.txt,"De les suspects ont déjà passé devant nous , roulés par la foule ; nous avons plongé dans le flot , mais sans pouvoir repêcher l' individu !","de le NC avoir déjà PPAS ADVLIEU nous , PPAS par le NC ; nous avoir PPAS dans le NC , mais sans pouvoir INF le NCo !"
3981,1886_Valles_L'Insurge_A.txt,L' un a été crâne .,le un avoir être ADJ .
3982,1886_Valles_L'Insurge_A.txt,"Il avait fait feu d' une fenêtre ; il s' en est vanté à le dernier moment , et est tombé en hurlant: « À bas la Commune !» L' autre s' est défendu d' avoir trahi , et a demandé à être conduit auprès de les autorités .","il avoir faire NCo de un NCmod ; il se en être PPAS à le ADJ NC , et être PPAS en hurlant: "" à NC le NP !» le autre se être PPAS de avoir PPAS , et avoir PPAS à être PPAS ADV de le NC ."
3983,1886_Valles_L'Insurge_A.txt,Il parle en rentier de le Marais .,il PRES en NC de le NCmod .
3984,1886_Valles_L'Insurge_A.txt,«Je ne me suis jamais occupé de politique !,«il ne me être ADVTEMPS PPAS de NC !
3985,1886_Valles_L'Insurge_A.txt,"– C' est pour cela que je te tue !» a répondu un combattant qui avait reçu dans la patte gauche une balle , une heure avant , mais qui , de la patte droite , a braqué son revolver sur celui qu' on traînait .","– ce être pour cela que je me PRES !» avoir VDIC un NCo qui avoir PPAS dans le NC PRES un NCo , un NCT PHASE , mais qui , de le NC ADJ , avoir PPAS DETPOSS NCo sur celui que on VIMP ."
3986,1886_Valles_L'Insurge_A.txt,"Et il allait tirer , quand on a décidé qu' on ne pouvait pourtant pas exécuter sans preuves , et qu' il fallait mener l' autre à le Salut public , comme il le réclamait en pleurant .","et il aller INF , quand on avoir PPAS que on ne pouvoir pourtant pas INF sans NC , et que il VIMP INF le autre à le NC ADJ , comme il le VIMP en PPRES ."
3987,1886_Valles_L'Insurge_A.txt,« Ceux de le Comité le laisseront … aussi sûr que j' ai cinq doigts de perdus !,""" celui de le NCmod le laisser … aussi ADV que je avoir NUM NCCOR de PPAS !"
3988,1886_Valles_L'Insurge_A.txt,a grogné le blessé en agitant son moignon ganté de rouge .,avoir VDIC le VSENT en PPRES DETPOSS NCCOR PPAS de ADJCOL .
3989,1886_Valles_L'Insurge_A.txt,Les gens qui ne s' occupent pas de politique !,le NC qui ne se PRES pas de ADJ !
3990,1886_Valles_L'Insurge_A.txt,… Mais ce sont les plus lâches et les plus coquins !,… mais ce être le plus ADJ et le plus ADJ !
3991,1886_Valles_L'Insurge_A.txt,"Ils attendent , ceux -là , pour savoir sur qui ils baveront ou qui ils lécheront , après la boucherie !","il PRES , celui ADVLIEU , pour VCOG sur qui il VF ou qui il VF , PHASE le NC !"
3992,1886_Valles_L'Insurge_A.txt,"» Et il a couru , blême de rage , vers l' escorte de le prisonnier – perdant en route les chiffons qui entouraient sa plaie et ne les ramassant pas , déposant seulement sa main , comme un gros caillot de sang , dans la poche de sa vareuse .",""" et il avoir PPAS , ADV de NCSENT , vers le NCmod de le NCmod – PPRES en NC le NC qui VIMP DETPOSS NCo et ne le PPRES pas , PPRES seulement DETPOSS NCCOR , comme un ADJ NC de NCCOR , dans le NC de DETPOSS NCmod ."
3993,1886_Valles_L'Insurge_A.txt,"Terrible à voir , cette noyade d' un homme dans de les vagues humaines !","ADJ à VCOG , ce NC de un NCmod dans de le NCmod ADJ !"
3994,1886_Valles_L'Insurge_A.txt,"… Il lève quelquefois la face au-dessus de le tourbillon , comme un noyé , et regarde le ciel … Le dernier même en appelait à Dieu !","… il PRES ADVTEMPS le NC ADVLIEU de le NC , comme un NCmod , et VCOG le NCo … le NC même en VIMP à NP !"
3995,1886_Valles_L'Insurge_A.txt,"Mais un coup de poing ou un coup de crosse l' atteint , et il sombre de nouveau pour reparaître encore , la tête meurtrie et ballottant sur le col !","mais un NCs de NCmod ou un NC de NCmod le PRES , et il ADJ de ADJ pour INF encore , le NCCOR ADJ et PPRES sur le NC !"
3996,1886_Valles_L'Insurge_A.txt,"«S' il n' était pas coupable , pourtant !","«si il ne être pas ADJ , pourtant !"
3997,1886_Valles_L'Insurge_A.txt,– Est -ce que la police prend de les mitaines pour assommer ses victimes ?,– être ce que le NCs PRES de le NC pour INF DETPOSS NCo ?
3998,1886_Valles_L'Insurge_A.txt,"Est -ce que la justice regarde à deux fois si le prévenu a vraiment fait ce dont on l' accuse … quand elle envoie en cour d' assises , après le ligotage , après le passage à tabac , après le Dépôt , après Mazas , de les innocents que le jury acquitte ?","être ce que le NCs VCOG à NUM fois si le NCs avoir ADVINT faire ce dont on le VDIC … quand il PRES en NC de NCmod , PHASE le NC , PHASE le NC à NCmod , PHASE le NC , PHASE NP , de le NCmod que le NCmod ADJ ?"
3999,1886_Valles_L'Insurge_A.txt,Et quand il les condamne donc !,et quand il le PRES donc !
4000,1886_Valles_L'Insurge_A.txt,"… Alors c' est la camisole de force , la toilette , l' échafaud – ou le bagne !» Il s' est interrompu pour se mettre à compter , fiévreusement , les cartouches de sa giberne !","… alors ce être le NC de NCSENT , le NC , le NC – ou le NC !» il se être PPAS pour se mettre à INF , ADV , le NCo de DETPOSS NC !"
4001,1886_Valles_L'Insurge_A.txt,Varlin arrive en char à bancs .,NP PRES en NC à NCmod .
4002,1886_Valles_L'Insurge_A.txt,« Tu ne sais pas où j' ai pris ce carrosse ?,""" je ne VCOG pas où je avoir PPAS ce NCo ?"
4003,1886_Valles_L'Insurge_A.txt,C' est la voiture de le bourreau .» «De quoi causez-vous donc ?,ce être le NC de le NCmod .» NP quoi causez-le donc ?
4004,1886_Valles_L'Insurge_A.txt,"» Près de lui , dans un groupe qui crie et gesticule , j' ai reconnu Malezieu le forgeron .",""" ADVLIEU de lui , dans un NC qui VDIC et ADJ , je avoir VCOG NP le NC ."
4005,1886_Valles_L'Insurge_A.txt,« De Dombrowski .,""" de NP ."
4006,1886_Valles_L'Insurge_A.txt,Figure -toi que c' est moi qui l' ai arrêté à Saint-Ouen .,NCCOR soi que ce être soi qui le avoir PPAS à NP .
4007,1886_Valles_L'Insurge_A.txt,Je croyais qu' il voulait s' échapper .,je VIMP que il vouloir se INF .
4008,1886_Valles_L'Insurge_A.txt,"On s' y serait trompé à moins , vois -tu !","on se y être PPAS à moins , NUM il !"
4009,1886_Valles_L'Insurge_A.txt,"De les chevaux sellés dans un coin , ses aides de camp regardant de le côté de les Prussiens !","de le NC PPAS dans un NC , DETPOSS NCs de NCmod VCOG de le NC de le NCmod !"
4010,1886_Valles_L'Insurge_A.txt,… Ah !,… INTJ !
4011,1886_Valles_L'Insurge_A.txt,"il ne prenait pas le chemin de Paris , sûr !","il ne VIMP pas le NC de NP , ADJ !"
4012,1886_Valles_L'Insurge_A.txt,lui qui devait se faire tuer si bien !,lui qui devoir se faire INF si bien !
4013,1886_Valles_L'Insurge_A.txt,"– Je vous dis , moi , que c' était louche! soutient avec énergie un fédéré .","– je vous VDIC , soi , que ce être louche! PRES avec NC un NCs ."
4014,1886_Valles_L'Insurge_A.txt,"Sans compter que d' avoir transmis les propositions de Versailles , c' est joliment loin de prouver qu' il ne s' entendait pas avec Thiers !» Le mort est encore intact dans son cercueil , et sa mémoire tombe déjà en pourriture .","sans INF que de avoir PPAS le NCo de NP , ce être ADVINT ADVLIEU de INF que il ne se VCOG pas avec NP !» le NCs être encore ADJ dans DETPOSS NC , et DETPOSS NCs PRES déjà en NC ."
4015,1886_Valles_L'Insurge_A.txt,Vermorel a perdu son temps et sa peine à faire l' oraison funèbre de le Polonais .,Vermorel avoir PPAS DETPOSS temps et DETPOSS NCSENT à faire le NCo ADJ de le NP .
4016,1886_Valles_L'Insurge_A.txt,"Après une tournée avec Lefrançais , Longuet et quelques camarades , dans les bivouacs de les combattants , nous remontons vers la mairie .","PHASE un NC avec NP , NP et quelque NC , dans le NCmod de le NC , nous VSENT vers le NC ."
4017,1886_Valles_L'Insurge_A.txt,On me frappe sur l' épaule .,on me frapper sur le NCCOR .
4018,1886_Valles_L'Insurge_A.txt,"C' est Genton , le blanquiste .","ce être NP , le NC ."
4019,1886_Valles_L'Insurge_A.txt,« Comment va ?,""" comment aller ?"
4020,1886_Valles_L'Insurge_A.txt,– Peuh! pas trop bien !,– NP pas trop bien !
4021,1886_Valles_L'Insurge_A.txt,"Nous venons de faire une sacrée besogne ; il a fallu fusiller l' archevêque de Paris , M.Bonjean , trois à quatre autres !","nous venir de faire un NCo ADJ ; il avoir PPAS INF le NC de NP , NP , NUM à NUM autre !"
4022,1886_Valles_L'Insurge_A.txt,» Une sorte d' avorton tout noir dit son mot: « Darboy a voulu me donner sa bénédiction … c' est moi qui lui ai envoyé la mienne !,""" un sorte de NCmod tout ADJ VDIC DETPOSS mot: "" NP avoir vouloir me INF DETPOSS NCo … ce être soi qui lui avoir PPAS le NCo !"
4023,1886_Valles_L'Insurge_A.txt,"» J' ai eu déjà l' occasion de le voir , ce gringalet !",""" je avoir avoir déjà le NCo de le VCOG , ce NC !"
4024,1886_Valles_L'Insurge_A.txt,Il était un farouche dans les réunions – et partisan acharné surtout de l' union libre .,il être un NC dans le NC – et NC PPAS surtout de le NC ADJ .
4025,1886_Valles_L'Insurge_A.txt,"Il avait femme illégitime , mais qu' il adorait , et qui le faisait tourner comme un toton ; il répondait à les bourrades par de les tendresses d' enfant !","il avoir NCo ADJ , mais que il VSENT , et qui le faire INF comme un DETPOSS ; il VDIC à le NC par un le NCSENT de NCmod !"
4026,1886_Valles_L'Insurge_A.txt,"On se raccommodait vite , la commère n' étant pas méchante , et il était touchant à voir , ce petit merle roucoulant sous l' aile de cette grosse poule .","on se VIMP ADV , le NCs ne être pas ADJ , et il être PPRES à VCOG , ce NC ADJ ADJ sous le NC de ce ADJ NCmod ."
4027,1886_Valles_L'Insurge_A.txt,"C' est ce merle-là qui vient de se hérisser , et de siffler à l' oreille de le prélat , dans le chemin de ronde , la chanson blagueuse de son impiété .","ce être ce merle-là qui venir de se VSENT , et de INF à le NCCOR de le NCmod , dans le NCmod de NCmod , le NC ADJ de DETPOSS NCmod ."
4028,1886_Valles_L'Insurge_A.txt,"Lefrançais , Longuet , moi , nous sommes devenus pâles .","NC , NP , soi , nous être devenir ADJ ."
4029,1886_Valles_L'Insurge_A.txt,"« Et de quel droit , à le nom de qui a -t -on tué ?",""" et de quel NC , à le NCmod de qui avoir t on PPAS ?"
4030,1886_Valles_L'Insurge_A.txt,La Commune tout entière sera responsable de cet égorgement !,le NP tout ADJ être ADJ de ce NC !
4031,1886_Valles_L'Insurge_A.txt,Nous avons de les éclaboussures de leur cervelle sur nos écharpes !,nous avoir de le NC de lui NCCOR sur DETPOSS NCmod !
4032,1886_Valles_L'Insurge_A.txt,"– Ferré a signé l' ordre ; Ranvier aussi , dit -on .","– NP avoir PPAS le NCo ; NC aussi , VDIC on ."
4033,1886_Valles_L'Insurge_A.txt,– Est -ce bien vrai? … » De Ferré cela ne m' étonne point .,"– être ce bien vrai? … "" de NP cela ne lui VSENT ADV ."
4034,1886_Valles_L'Insurge_A.txt,"Je l' ai rencontré , après qu' il venait de faire justicier Vaysset et de regarder le macchabée exécuter , de le haut de le Pont-Neuf , un plongeon dans la Seine .","je le avoir PPAS , PHASE que il venir de faire INF NP et de VCOG le NCo INF , de le NC de le NP , un NC dans le NP ."
4035,1886_Valles_L'Insurge_A.txt,Il était tranquille et souriant .,il être ADJ et ADJ .
4036,1886_Valles_L'Insurge_A.txt,C' est un fanatique .,ce être un NC .
4037,1886_Valles_L'Insurge_A.txt,"Il croit à la force et en use , sans se soucier d' être cruel ou généreux .","il VCOG à le NCSENT et en NC , sans se INF de être ADJ ou ADJ ."
4038,1886_Valles_L'Insurge_A.txt,"Il « nivelle » les désarmés comme les autres , indistinctement : coup pour coup , tête pour tête – tête de loup ou de mouton – timbrant mécaniquement , avec son cachet de délégué , tout papier qui aboutit à la suppression de l' ennemi .","il "" NC "" le NC comme le autre , ADV : NCmod pour NCmod , NCCOR pour NCCOR – NCCOR de NCmod ou de NC – PPRES ADV , avec DETPOSS NC de NC , tout NC qui PRES à le NC de le NCmod ."
4039,1886_Valles_L'Insurge_A.txt,"L' ennemi , c' est le prêtre et le sénateur , accroupis dans leur cellule de prison .","le NC , ce être le NC et le NC , PPAS dans lui NC de NCmod ."
4040,1886_Valles_L'Insurge_A.txt,"Bons ou mauvais , qu' importe !","IMP ou ADJ , que PRES !"
4041,1886_Valles_L'Insurge_A.txt,Ils ne comptent pas ; on ne leur en veut point .,il ne PRES pas ; on ne lui en vouloir ADV .
4042,1886_Valles_L'Insurge_A.txt,"Ce sont de les mannequins qu' il faut jeter bas devant l' histoire : Juin a tué Affre , Mai tuera Darboy .","ce être de le ADV que il PRES INF ADJ ADVLIEU le NC : MOIS avoir PPAS NP , NP NP NP ."
4043,1886_Valles_L'Insurge_A.txt,Pauvre homme !,NCmod NC !
4044,1886_Valles_L'Insurge_A.txt,"J' ai vu ce Ferré , qui vient de le condamner sans pitié , faire un geste de douleur quand je lui parlais , après une visite à Mazas , de ce captif blême qui rôdait fiévreux , presque libre , dans la grande cour et qui , à notre vue , s' était enfui comme une bête traquée et visée .","je avoir VCOG ce NP , qui venir de le INF sans VSENT , faire un NCo de NCSENT quand je lui VIMP , PHASE un NC à NP , de ce NC ADJ qui VIMP ADJ , presque ADJ , dans le ADJ NC et qui , à DETPOSS NC , se être PPAS comme un ADJ PPAS et PPAS ."
4045,1886_Valles_L'Insurge_A.txt,"Mais le délégué à la Préfecture a cru devoir écraser son cœur comme un traître , complice de la bourgeoisie , et , à le nom de la Révolution , il a obéi à la foule .","mais le NCs à le NCmod avoir PPAS devoir INF DETPOSS NCo comme un NC , NC de le NC , et , à le NC de le NCmod , il avoir PPAS à le NC ."
4046,1886_Valles_L'Insurge_A.txt,« Mais cette boucherie est horrible !,""" mais ce NCs être ADJ !"
4047,1886_Valles_L'Insurge_A.txt,"Ces gens étaient âgés , prisonniers , sans armes !","ce NCs être ADJ , NC , sans NC !"
4048,1886_Valles_L'Insurge_A.txt,On criera que c' est une lâcheté !,on VDIC que ce être un NC !
4049,1886_Valles_L'Insurge_A.txt,– Une lâcheté !,– un NC !
4050,1886_Valles_L'Insurge_A.txt,"… Dites donc , le lettré , et les massacres de Septembre ?","… VDIC donc , le NC , et le NC de MOIS ?"
4051,1886_Valles_L'Insurge_A.txt,C' était donc une blague quand vous nous disiez de faire comme en 93!» Un classique se lamente et se désole .,ce être donc un NCs quand vous nous VSUBP de faire comme en 93!» un NC se PRES et se PRES .
4052,1886_Valles_L'Insurge_A.txt,"«Vous avez joué le jeu de l' adversaire ; Thiers ne demandait que ça , et va s' en lécher les babines la petite hyène !","«le avoir PPAS le NCo de le NCmod ; Thiers ne VIMP que ça , et aller se en INF le NC le ADJ NC !"
4053,1886_Valles_L'Insurge_A.txt,… Flotte ne vous a donc point conté la scène de Versailles ?,… NCs ne vous avoir donc ADV PPAS le NCo de NP ?
4054,1886_Valles_L'Insurge_A.txt,"L' autre n' a pas rendu Blanqui , parce qu' il pressentait ce dénouement , parce qu' il l' espérait , parce qu' il avait miaulé à la mort … il lui fallait ce stock de dirigeants , ces cadavres de pieux , ces corps de martyrs pour en caler son fauteuil de président … – C' est possible !","le autre ne avoir pas PPAS NP , parce que il VIMP ce NCo , parce que il le NC , parce que il avoir PPAS à le NC … il lui VIMP ce NCo de NCmod , ce NC de NCmod , ce NCCOR de NCmod pour en INF DETPOSS NCo de NCmod … – ce être ADJ !"
4055,1886_Valles_L'Insurge_A.txt,a riposté un gars de le peloton .,avoir PPAS un NCo de le NCmod .
4056,1886_Valles_L'Insurge_A.txt,"Mais , en attendant , on saura que si la Commune faisait de les décrets pour de rire , le peuple les exécutait pour de bon … Ma balle a tout de même fait un trou dans le ciel !» Jeudi .","mais , en PPRES , on VCOG que si le NP faire de le NC pour de NCMAN , le NCs le VIMP pour de ADJ … DETPOSS NCs avoir tout de même faire un NCo dans le NC !» ADVT ."
4057,1886_Valles_L'Insurge_A.txt,Mairie de Belleville .,NC de NP .
4058,1886_Valles_L'Insurge_A.txt,J' ai rejoint Ranvier à la mairie de Belleville .,je avoir PPAS NP à le NC de NP .
4059,1886_Valles_L'Insurge_A.txt,"Il vient de parcourir toute la ligne de défense , et il est rentré éreinté .","il venir de INF tout le NCo de NCmod , et il être PPAS PPAS ."
4060,1886_Valles_L'Insurge_A.txt,Les obus pleuvent !,le NCs PRES !
4061,1886_Valles_L'Insurge_A.txt,"Le toit en est criblé , le plafond s' écaille sur nous .","le NCspas en être PPAS , le NCs se PRES sur nous ."
4062,1886_Valles_L'Insurge_A.txt,"On amène , à chaque minute , de les arrêtés qu' on veut fusiller .","on PRES , à chaque NCT , de le NC que on vouloir INF ."
4063,1886_Valles_L'Insurge_A.txt,"Dans la cour , de le bruit .","dans le NC , de le NCmod ."
4064,1886_Valles_L'Insurge_A.txt,Je me penche à la fenêtre .,je me PRES à le NC .
4065,1886_Valles_L'Insurge_A.txt,"Un homme , sans chapeau , en bourgeois , choisit une place commode , le dos à le mur .","un NCs , sans NCmod , en NCmod , PRES un NCo NC , le NCCOR à le NCmod ."
4066,1886_Valles_L'Insurge_A.txt,C' est pour mourir .,ce être pour INF .
4067,1886_Valles_L'Insurge_A.txt,« Suis -je bien là ?,""" être je bien ADVLIEU ?"
4068,1886_Valles_L'Insurge_A.txt,– Oui .,– oui .
4069,1886_Valles_L'Insurge_A.txt,– Feu !» Il est tombé … il remue .,– NP !» il être PPAS … il PRES .
4070,1886_Valles_L'Insurge_A.txt,Un coup de pistolet dans l' oreille .,un NC de NCmod dans le NCCOR .
4071,1886_Valles_L'Insurge_A.txt,"Cette fois , il ne remue plus .","ce fois , il ne PRES plus ."
4072,1886_Valles_L'Insurge_A.txt,Mes dents en claquent .,DETPOSS NCCOR en NCmod .
4073,1886_Valles_L'Insurge_A.txt,"« Tu ne vas pas te trouver mal pour une mouche qu' on écrase » , me dit Trinquet qui remonte en essuyant son revolver .",""" je ne ADJ pas me INF mal pour un NC que on PRES "" , me VDIC NP qui VSENT en PPRES DETPOSS NCo ."
4074,1886_Valles_L'Insurge_A.txt,Vendredi .,ADVT .
4075,1886_Valles_L'Insurge_A.txt,Rue Haxo .,NP NP .
4076,1886_Valles_L'Insurge_A.txt,« On va en descendre une nouvelle fournée !,""" on aller en INF un ADJ NCo !"
4077,1886_Valles_L'Insurge_A.txt,– Qui ?,– qui ?
4078,1886_Valles_L'Insurge_A.txt,"– Cinquante-deux calotins , gendarmes ou mouchards !» Encore une tuerie en dehors de la bataille !","– NUM NC , NC ou NC !» encore un NC en NCmod de le NCmod !"
4079,1886_Valles_L'Insurge_A.txt,Je les comprenais abattant l' archevêque comme on décapita le roi .,je le PRES PPRES le NCo comme on VPS le NCo .
4080,1886_Valles_L'Insurge_A.txt,"L' idée le voulait , ils pensaient qu' il fallait l' Exemple .","le NCs le vouloir , il VCOG que il VIMP le NP ."
4081,1886_Valles_L'Insurge_A.txt,Mais c' est fait !,mais ce être faire !
4082,1886_Valles_L'Insurge_A.txt,"La Bible plébéienne a son signet et ses tranches rouges , comme un missel gothique … Les voilà !","le NP ADJ avoir DETPOSS NCo et DETPOSS NC ADJCOL , comme un NCmod ADJ … le voilà !"
4083,1886_Valles_L'Insurge_A.txt,"Ils avancent silencieux , un haut et vieux brigadier en tête , droit devant lui , militairement … de les prêtres suivent , gênés par leur jupe , forcés de trotter , à intervalles , pour reprendre leur rang .","il PRES ADJ , un NC et ADJ NC en NCCOR , NC ADVLIEU lui , ADV … de le NCs PRES , VSENT par lui NC , PPAS de INF , à NC , pour INF lui NCo ."
4084,1886_Valles_L'Insurge_A.txt,"L' inégalité de les allures n' empêche pas la cadence , et comme le : une !","le NCs de le NCMAN ne PRES pas le NCo , et comme le : un !"
4085,1886_Valles_L'Insurge_A.txt,deux !,NUM !
4086,1886_Valles_L'Insurge_A.txt,d' une compagnie en marche .,de un NCmod en NCmod .
4087,1886_Valles_L'Insurge_A.txt,"La foule leur emboîte le pas , sans tumulte ni fièvre encore .","le NCs lui PRES le pas , sans NC ni PRES encore ."
4088,1886_Valles_L'Insurge_A.txt,Mais voici qu' une mégère glapit !,mais voici que un NC NC !
4089,1886_Valles_L'Insurge_A.txt,"… ils sont perdus , ils n' en réchapperont pas !","… il être PPAS , il ne en VF pas !"
4090,1886_Valles_L'Insurge_A.txt,«À nous ceux de la Commune !,NP nous celui de le NP !
4091,1886_Valles_L'Insurge_A.txt,À le secours !,à le NC !
4092,1886_Valles_L'Insurge_A.txt,"» Ceux de la Commune accourent , se tassent et font tampon contre la multitude .",""" celui de le NP PRES , se PRES et faire NCo contre le NC ."
4093,1886_Valles_L'Insurge_A.txt,"Ils crient , ils jurent… il y en a qui pleurent !","il VDIC , il NP il y en avoir qui PRES !"
4094,1886_Valles_L'Insurge_A.txt,On envoie promener la Commune !,on PRES INF le NP !
4095,1886_Valles_L'Insurge_A.txt,"En arrière , essayant de rejoindre , un vieillard sans képi , ses cheveux blancs suants et mêlés , monte , de le plus vite qu' il peut , avec ses jambes de soixante ans .","en NC , PPRES de INF , un NCo sans NCmod , DETPOSS NCCOR ADJ ADJ et PPAS , NCo , de le plus ADV que il pouvoir , avec DETPOSS NCCOR de NUM NCT ."
4096,1886_Valles_L'Insurge_A.txt,Je le reconnais .,je le VCOG .
4097,1886_Valles_L'Insurge_A.txt,"Ce traînard à le chef branlant , je l' ai vu , à la fin de l' Empire et pendant le siège , chez le père Beslay .","ce NC à le NCmod ADJ , je le avoir VCOG , à le NC de le NCmod et PHASE le NCo , chez le NC NP ."
4098,1886_Valles_L'Insurge_A.txt,On se chamaillait : ils me traitaient d' indiscipliné et de sanguinaire .,on se VIMP : il me VIMP de NC et de NC .
4099,1886_Valles_L'Insurge_A.txt,Je le hèle .,je le NC .
4100,1886_Valles_L'Insurge_A.txt,"« Plus vite , venez à notre aide , dans cinq minutes on va les massacrer!» La fureur commence à courir sur le flanc de le troupeau !",""" plus ADV , venir à DETPOSS NC , dans NUM NCT on aller le massacrer!» le NCs VASP à INF sur le NC de le NCmod !"
4101,1886_Valles_L'Insurge_A.txt,"On entend une cantinière clamer : « À mort!» L' ancien s' est arrêté pour reprendre haleine et , brandissant son fusil de ses mains ridées , il répète à son tour : « À mort !","on VCOG un NCo INF : "" à mort!» le ADJ se être PPAS pour INF ADJ et , PPRES DETPOSS NCo de DETPOSS NCCOR PPAS , il PRES à DETPOSS NC : "" à NC !"
4102,1886_Valles_L'Insurge_A.txt,à mort!» « Comment !,"à mort!» "" comment !"
4103,1886_Valles_L'Insurge_A.txt,vous aussi !,vous aussi !
4104,1886_Valles_L'Insurge_A.txt,… » Il me bouscule comme un fou. «Allons !,"… "" il me PRES comme un NC NC !"
4105,1886_Valles_L'Insurge_A.txt,laissez -moi passer !,laisser soi INF !
4106,1886_Valles_L'Insurge_A.txt,ils sont une soixantaine ?,il être un NC ?
4107,1886_Valles_L'Insurge_A.txt,… C' est mon compte !,… ce être DETPOSS NC !
4108,1886_Valles_L'Insurge_A.txt,"c' est juste soixante hommes que je viens de voir fusiller , après qu' on leur avait promis la vie sauve !","ce être ADV NUM NC que je venir de VCOG INF , PHASE que on lui avoir PPAS le NCo PRES !"
4109,1886_Valles_L'Insurge_A.txt,– Écoutez -moi !,– IMP soi !
4110,1886_Valles_L'Insurge_A.txt,"– Foutez -moi la paix ou je vous tire dessus !» …………… Un feu de peloton , quelques coups isolés d' abord , puis une décharge longue , longue qui n' en finit plus … …………… De les fédérés reviennent en causant .","– IMP soi le NCo ou je vous PRES ADV !» …………… un NC de NCmod , quelque NC PPAS de NC , puis un NC ADJ , ADJ qui ne en VASP plus … …………… de le NC PRES en NC ."
4111,1886_Valles_L'Insurge_A.txt,"Devant la table d' un petit café , le vieux est assis , s' épongeant le front .","ADVLIEU le NC de un ADJ NCmod , le ADJ être PPAS , se PPRES le NCCOR ."
4112,1886_Valles_L'Insurge_A.txt,Il m' appelle .,il lui PRES .
4113,1886_Valles_L'Insurge_A.txt,"«Je vous ai brutalisé tout à l' heure , mais maintenant que c' est fait , on peut se dire bonjour tout de même .","«il vous avoir PPAS tout à le NCT , mais ADVT que ce être faire , on pouvoir se VDIC NC tout de même ."
4114,1886_Valles_L'Insurge_A.txt,Oh !,INTJ !
4115,1886_Valles_L'Insurge_A.txt,"mon cher , je me suis revanché !","DETPOSS NC , je me être PPAS !"
4116,1886_Valles_L'Insurge_A.txt,Si vous aviez vu Largillière !,si vous PRES vu NP !
4117,1886_Valles_L'Insurge_A.txt,il sautait comme un lapin.» Largillière !,il VIMP comme un lapin.» NP !
4118,1886_Valles_L'Insurge_A.txt,… Ah je l' avais bien deviné !,… INTJ je le avoir bien VCOG !
4119,1886_Valles_L'Insurge_A.txt,« Mais les autres !,""" mais le autre !"
4120,1886_Valles_L'Insurge_A.txt,– Les autres !,– le autre !
4121,1886_Valles_L'Insurge_A.txt,ils ont payé pour la trahison de la rue Lafayette .,il avoir PPAS pour le NC de le NCmod NP .
4122,1886_Valles_L'Insurge_A.txt,"Ce n' est plus de la politique , ça , c' est de l' assassinat !","ce ne être plus de le ADJ , ça , ce être de le NC !"
4123,1886_Valles_L'Insurge_A.txt,"Je n' y entends rien , moi , à votre machine , c' est Galliffet qui m' a jeté là-dedans !","je ne y VCOG rien , soi , à DETPOSS NC , ce être NP qui lui avoir PPAS NCo !"
4124,1886_Valles_L'Insurge_A.txt,"Je ne suis pas avec les communards , mais je suis contre les bourreaux à épaulettes … Qu' on m' indique encore un coin où il y a à canarder , et j' y vais !» Son œil flambait de colère sous la neige de ses sourcils .","je ne être pas avec le NC , mais je être contre le NC à NCmod … que on se PRES encore un NCo où il y avoir à INF , et je y ADJ !» DETPOSS NCs VIMP de NCSENT sous le NC de DETPOSS NCCOR ."
4125,1886_Valles_L'Insurge_A.txt,"Une femme a passé , qu' il a retenue .","un NCs avoir PPAS , que il avoir PPAS ."
4126,1886_Valles_L'Insurge_A.txt,« Ah !,""" INTJ !"
4127,1886_Valles_L'Insurge_A.txt,vous prendrez un verre avec nous !,vous PRES un NCo avec nous !
4128,1886_Valles_L'Insurge_A.txt,"– Volontiers , mais laissez -moi demander un peu d' eau pour laver mes manches » .","– NP , mais laisser soi INF un peu de NCmod pour INF DETPOSS NCo "" ."
4129,1886_Valles_L'Insurge_A.txt,"Une créature de trente ans , point laide , l' air souffrant .","un NC de NUM NCT , NC ADJ , le NCMAN ADJ ."
4130,1886_Valles_L'Insurge_A.txt,"Elle est revenue , et l' on a causé .","il être PPAS , et l' on avoir PPAS ."
4131,1886_Valles_L'Insurge_A.txt,"Elle n' a pas d' idées sur la Sociale , celle -là non plus ; mais sa sœur a été la maîtresse d' un vicaire prêtre , puis enceinte , a quitté les siens en volant leurs épargnes .","il ne avoir pas un NCo sur le NCmod , celui ADVLIEU non plus ; mais DETPOSS NCs avoir être le NC de un NC NCmod , puis ADJ , avoir PPAS le NCo en PPRES DETPOSS NCo ."
4132,1886_Valles_L'Insurge_A.txt,« Voilà pourquoi je suis descendue en voyant de ma croisée passer les soutanes ; pourquoi j' ai tiré la barbe à un capucin qui ressemblait à l' amant de Céline ; pourquoi j' ai crié : « À mort !,""" voilà pourquoi je être PPAS en VCOG de DETPOSS NC INF le NCo ; pourquoi je avoir PPAS le NCCOR à un NC qui VIMP à le NC de NP ; pourquoi je avoir VDIC : "" à NCo !"
4133,1886_Valles_L'Insurge_A.txt,à mort!»; pourquoi mes poignets sont rouges !,à mort!»; pourquoi DETPOSS NCCOR être ADJCOL !
4134,1886_Valles_L'Insurge_A.txt,» Elle nous a dit aussi l' histoire de la vivandière qui a donné le signal de la tuerie .,""" il nous avoir VDIC aussi le NCo de le NCmod qui avoir PPAS le NCo de le NCmod ."
4135,1886_Valles_L'Insurge_A.txt,"Cette vivandière est la fille d' un homme qui a été arrêté à la fin de l' Empire sur une dénonciation d' agent provocateur , et qui est mort en prison .","ce NCs être le NC de un NCmod qui avoir être PPAS à le NC de le NCmod sur un NC de NCmod ADJ , et qui être PPAS en NC ."
4136,1886_Valles_L'Insurge_A.txt,"Quand elle a entendu dire qu' il y avait de les mouchards dans le tas , et qu' on allait les saigner , elle a suivi , puis commandé l' escorte .","quand il avoir VCOG VDIC que il y avoir de le NC dans le NC , et que on aller le INF , il avoir PPAS , puis PPAS le NCo ."
4137,1886_Valles_L'Insurge_A.txt,C' est elle qui a envoyé la première balle à Largillière .,ce être il qui avoir PPAS le ADJ NCo à NP .
4138,1886_Valles_L'Insurge_A.txt,34 Samedi .,NUM ADVT .
4139,1886_Valles_L'Insurge_A.txt,Place de les Trois-Bornes .,NP de le NP .
4140,1886_Valles_L'Insurge_A.txt,On est restés debout toute la nuit .,on être PPAS debout tout le NCT .
4141,1886_Valles_L'Insurge_A.txt,"À l' aube , Cournet , Theisz , Camélinat et moi , nous sommes redescendus vers Paris .","à le NC , NP , NP , NP et soi , nous être PPAS vers NP ."
4142,1886_Valles_L'Insurge_A.txt,La rue d' Angoulême tient encore .,le NCs de NP PRES encore .
4143,1886_Valles_L'Insurge_A.txt,"C' est le 209 e , le bataillon dont Camélinat est le porte-drapeau , qui se défend là en désespéré .","ce être le NUM e , le NC dont NP être le NC , qui se PRES ADVLIEU en NC ."
4144,1886_Valles_L'Insurge_A.txt,"Quand ils ont vu le camarade arriver , ils lui ont payé une vraie tranche d' ovation .","quand il avoir VCOG le NCo INF , il lui avoir PPAS un vrai NCo de NCmod ."
4145,1886_Valles_L'Insurge_A.txt,"Moi , on m' aime bien aussi , mais avec une nuance de dédain .","soi , on lui VSENT bien aussi , mais avec un NC de NCSENT ."
4146,1886_Valles_L'Insurge_A.txt,"D' abord , je suis de le « gouvernement»; puis , je n' ai jamais rien su porter de ma vie , pas même mon écharpe que je ficelle toujours trop haut ou trop bas , et qu' avant le danger je promenais mélancoliquement sous mon bras , roulée dans un journal – comme un homard .","de NC , je être de le "" gouvernement»; puis , je ne avoir ADVTEMPS rien VCOG INF de DETPOSS NC , pas même DETPOSS NC que je PRES ADVTEMPS trop ADJ ou trop ADJ , et que PHASE le NC je PRES ADVMAN sous DETPOSS NCCOR , PPAS dans un NC – comme un NCmod ."
4147,1886_Valles_L'Insurge_A.txt,"« Eh! dites donc , sacré poseur , c' est trop commode de faire son Baudin là-haut , les bras croisés , pendant que nous sommes à quatre pattes à chiquer de la vase !» Ils sont en effet , depuis une heure , le ventre dans la boue , le nez crotté , les habits gras de fange , tirant à travers les meurtrières à ras de le sol et faisant un mal cruel à l' ennemi .",""" NP VDIC donc , ADJ NC , ce être trop ADJ de faire son NP ADVLIEU , le NCCOR PPAS , pender que nous être à NUM NC à INF de le NC !» il être en NC , depuis un NCT , le NCCOR dans le NCmod , le NCCOR PPAS , le NC ADJ de NC , PPRES à travers le NC à NCmod de le NCmod et faire un mal ADJ à le NC ."
4148,1886_Valles_L'Insurge_A.txt,"Le membre de la Commune est debout , adossé à l' encoignure de la barricade .","le NCspas de le NP être ADV , PPAS à le NC de le NCmod ."
4149,1886_Valles_L'Insurge_A.txt,"Son front dépasse même les pierres , et les balles le cerclent d' une auréole qui commence à se rétrécir .","DETPOSS NCCOR PRES même le NCo , et le NC le NC de un NCmod qui VASP à se INF ."
4150,1886_Valles_L'Insurge_A.txt,"Les masseurs ne sont pas contents : il prend sa part de le péril , oui , mais il faut qu' il masse aussi , qu' il avale de le sable , se barbouille le mufle , se fiche par terre comme les copains !","le NCs ne être pas ADJ : il PRES DETPOSS NCo de le NCmod , oui , mais il PRES que il VSUBP aussi , que il PRES de le NC , se PRES le NCs , se PRES par NC comme le NC !"
4151,1886_Valles_L'Insurge_A.txt,"« Poseur , va!» Bah !",""" NP , va!» NP !"
4152,1886_Valles_L'Insurge_A.txt,"Ils m' embêtent , à la fin !","il lui VSENT , à le NC !"
4153,1886_Valles_L'Insurge_A.txt,"Puisqu' ils ne m' écoutent plus , je reprends ma liberté et choisis mon terrain .","puisque il ne le VCOG plus , je PRES DETPOSS NCo et PPAS DETPOSS NCo ."
4154,1886_Valles_L'Insurge_A.txt,"Jadis , quand j' étais commandant de le 191 e , je sauvais mes airs de garde champêtre et mon incapacité militaire en jurant qu' à le moment suprême je serais là avec le bataillon ou ce qui en resterait .","ADV , quand je être NC de le NUM e , je VIMP DETPOSS NCMAN de NCmod NC et DETPOSS NC ADJ en PPRES que à le NC ADJ je être ADVLIEU avec le NC ou ce qui en VCOND ."
4155,1886_Valles_L'Insurge_A.txt,J' y vais .,je y aller .
4156,1886_Valles_L'Insurge_A.txt,"Il n' en reste pas lourd de le bataillon , mais ce reste -là est content de me revoir .","il ne en PRES pas ADJ de le NC , mais ce PRES ADVLIEU être ADJ de me VCOG ."
4157,1886_Valles_L'Insurge_A.txt,"« Alors , vous ne quitterez pas ?",""" alors , vous ne VF pas ?"
4158,1886_Valles_L'Insurge_A.txt,… – Non !,… – non !
4159,1886_Valles_L'Insurge_A.txt,"– C' est bien , ça , citoyen!» Dimanche 28 mai , 5 heures de le matin .","– ce être bien , ça , citoyen!» PRES NUM MOIS , NUM NCT de le NCT ."
4160,1886_Valles_L'Insurge_A.txt,"Nous sommes à la barricade géante qui est à le bas de la rue de Belleville , presque devant la salle Favié .","nous être à le NC ADJ qui être à le NC de le NCmod de NP , presque ADVLIEU le NC NP ."
4161,1886_Valles_L'Insurge_A.txt,"On a tiré à le sort , avec le galonné qui m' a remplacé , à qui irait se coucher un instant .","on avoir PPAS à le NC , avec le NC qui le avoir PPAS , à qui aller se INF un NCo ."
4162,1886_Valles_L'Insurge_A.txt,"J' ai eu le bon numéro , et je m' étire dans un vieux lit , à le fond d' un appartement abandonné .","je avoir avoir le ADJ NCo , et je le INF dans un ADJ NC , à le NCmod de un NCmod PPAS ."
4163,1886_Valles_L'Insurge_A.txt,J' ai mal dormi .,je avoir mal PPAS .
4164,1886_Valles_L'Insurge_A.txt,De les vers qui mangeaient la vie de le matelas m' ont tout à coup grouillé sur la peau – ils sont vraiment pressés !,de le NC qui VIMP le NCo de le NCmod lui avoir tout à NC PPAS sur le NCCOR – il être ADVINT ADJ !
4165,1886_Valles_L'Insurge_A.txt,… Je vais relayer le collègue .,… je aller INF le NCo .
4166,1886_Valles_L'Insurge_A.txt,"J' ai plus lutté contre les fédérés que contre Versailles , jusqu' à présent .","je avoir plus PPAS contre le NC que contre NP , jusque à NCmod ."
4167,1886_Valles_L'Insurge_A.txt,"Maintenant qu' il n' y a plus que ce faubourg de libre , et qu' il ne reste ni traîtres ni suspects à juger , la besogne est plus facile .","ADVT que il ne y avoir plus que ce NC de NCmod , et que il ne PRES ni NCo ni NC à INF , le NCs être plus ADJ ."
4168,1886_Valles_L'Insurge_A.txt,"Il s' agit seulement de tenir pour l' honneur , et d' aller se mettre près de le drapeau , comme les officiers près de le grand mât , quand le navire sombre .","il se PRES seulement de INF pour le NCSENT , et de aller se mettre ADVLIEU de le NC , comme le NC ADVLIEU de le ADJ NC , quand le NC ADJ ."
4169,1886_Valles_L'Insurge_A.txt,M' y voici .,le y voici .
4170,1886_Valles_L'Insurge_A.txt,Nous répondons par le fusil et le canon à le feu terrible dirigé contre nous .,nous VDIC par le NC et le NC à le NCmod ADJ PPAS contre nous .
4171,1886_Valles_L'Insurge_A.txt,"À les fenêtres de la Vielleuse , et de toutes les maisons de l' angle , les nôtres ont mis de les paillasses , dont le ventre fume sous la trouée de les projectiles .","à le NC de le NP , et de tout le NC de le NCmod , le nôtre avoir mettre de le NC , dont le NCCOR ADJ sous le NCmod de le NCmod ."
4172,1886_Valles_L'Insurge_A.txt,"De temps en temps , une tête fait Guignol sur une balustrade .","de temps en temps , un NCCOR faire NP sur un NC ."
4173,1886_Valles_L'Insurge_A.txt,Touché !,PPAS !
4174,1886_Valles_L'Insurge_A.txt,"Nous avons une pièce servie par de les artilleurs silencieux , vaillants .","nous avoir un NC PPAS par de le NC ADJ , ADJ ."
4175,1886_Valles_L'Insurge_A.txt,"L' un d' eux n' a pas plus de vingt ans , les cheveux couleur de blé , les prunelles couleur de bluet .","le un de eux ne avoir pas plus de NUM NCT , le NCCOR NC de NCmod , le ADJ NC de NCmod ."
4176,1886_Valles_L'Insurge_A.txt,"Il rougit comme une fille , quand on le complimente sur la justesse de son tir .","il PRES comme un NC , quand on le PRES sur le NC de DETPOSS NCmod ."
4177,1886_Valles_L'Insurge_A.txt,Un moment de calme .,un NC de NCSENT .
4178,1886_Valles_L'Insurge_A.txt,"«Un parlementaire , peut-être ?","NP ADJ , peut-être ?"
4179,1886_Valles_L'Insurge_A.txt,– Pour nous demander de nous rendre .,– pour nous INF de nous INF .
4180,1886_Valles_L'Insurge_A.txt,– Nous rendre !,– nous INF !
4181,1886_Valles_L'Insurge_A.txt,Laissez -le venir !,laisser le venir !
4182,1886_Valles_L'Insurge_A.txt,… – Vous voulez le faire prisonnier ?,… – vous vouloir le faire ADJ ?
4183,1886_Valles_L'Insurge_A.txt,– Pour qui donc nous prenez-vous ?,– pour qui donc nous prenez-vous ?
4184,1886_Valles_L'Insurge_A.txt,"C' est réservé à les Versaillais , ces infamies -là !","ce être PPAS à le NP , ce NC ADVLIEU !"
4185,1886_Valles_L'Insurge_A.txt,Mais ça me ferait plaisir de lui lâcher le mot de Cambronne !,mais ça me faire NCSENT de lui INF le NCo de NP !
4186,1886_Valles_L'Insurge_A.txt,» On entend de les cris vers la rue Rebeval .,""" on VCOG de le NC vers le NCmod NP ."
4187,1886_Valles_L'Insurge_A.txt,« Seraient -ils venus par-derrière tandis que leur messager détournait l' attention ?,""" être il venir ADV PHASE que lui NCs VIMP le NCo ?"
4188,1886_Valles_L'Insurge_A.txt,"… Vingtras , allez donc voir !","… NP , aller donc VCOG !"
4189,1886_Valles_L'Insurge_A.txt,– Qu' y a -t -il ?,– que y avoir t il ?
4190,1886_Valles_L'Insurge_A.txt,"– Il y a que voici un particulier qui est à le milieu de nous , et qui refuse sa part d' ouvrage .","– il y avoir que ADV un NCo qui être à le milieu de nous , et qui PRES DETPOSS NCo de NC ."
4191,1886_Valles_L'Insurge_A.txt,"– Oui , je refuse … Je suis contre la guerre !","– oui , je PRES … je être contre le NC !"
4192,1886_Valles_L'Insurge_A.txt,"» Et le bonhomme : quarante ans , barbe d' apôtre , aspect tranquille , s' avance vers moi et me dit : «Oui , je suis pour la paix contre la guerre !",""" et le NCs : NUM NCT , NCCOR de NCmod , NC ADJ , se PRES vers soi et me VDIC : INTJ , je être pour le NC contre le NCmod !"
4193,1886_Valles_L'Insurge_A.txt,"Ni pour eux , ni pour vous … je vous défie de me forcer à me battre » Mais ce raisonnement -là n' est pas de le goût de les fédérés .","Ni pour eux , ni pour vous … je vous PRES de me INF à me INF "" mais ce NCs ADVLIEU ne être pas de le NC de le NCmod ."
4194,1886_Valles_L'Insurge_A.txt,Tu crois donc qu' on aimerait pas mieux faire comme toi !,je VCOG donc que on VSENT pas mieux faire comme soi !
4195,1886_Valles_L'Insurge_A.txt,Tu te figures donc que c' est pour la rigolade qu' on échange de les prunes !,je me NCCOR donc que ce être pour le NC que on PRES de le NCs !
4196,1886_Valles_L'Insurge_A.txt,Allons !,NP !
4197,1886_Valles_L'Insurge_A.txt,"prends cette tabatière et éternue , ou je te fais renifler moi-même … et ferme !","PRES ce NCo et ADJ , ou je me faire INF soi-même … et NC !"
4198,1886_Valles_L'Insurge_A.txt,– Je suis pour la paix contre la guerre !,– je être pour le NC contre le NCmod !
4199,1886_Valles_L'Insurge_A.txt,– Sacré nom d' animal !,– ADJ NC de NCmod !
4200,1886_Valles_L'Insurge_A.txt,"Veux -tu la tabatière … ou le tabac? » Il a renâclé devant le tabac , et a suivi l' autre en traînant son flingot comme une béquille .","ADJ il le NC … ou le tabac? "" il avoir PPAS ADVLIEU le NC , et avoir PPAS le autre en PPRES DETPOSS NCo comme un NC ."
4201,1886_Valles_L'Insurge_A.txt,Le parlementaire s' éloigne .,le NCs se PRES .
4202,1886_Valles_L'Insurge_A.txt,«M …!» gueule encore le commandant debout sur son estrade de pavés .,«M …!» VDIC encore le NCo ADV sur DETPOSS NC de NCmod .
4203,1886_Valles_L'Insurge_A.txt,"Soudain les croisées se dégarnissent , la digue s' effondre .","soudain le NCs se PRES , le NCs se PRES ."
4204,1886_Valles_L'Insurge_A.txt,Le canonnier blond a poussé un cri .,le NCs ADJCOL avoir PPAS un NCo .
4205,1886_Valles_L'Insurge_A.txt,"Une balle l' a frappé à le front , et a fait comme un œil noir entre ses deux yeux bleus. « Perdus !","un NCs le avoir frapper à le NCCOR , et avoir faire comme un NC ADJ entre DETPOSS NUM NCCOR bleus. "" NP !"
4206,1886_Valles_L'Insurge_A.txt,Sauve qui peut !» …………… « Qui veut cacher deux insurgés ?,"NP qui pouvoir !» …………… "" qui vouloir INF NUM NCo ?"
4207,1886_Valles_L'Insurge_A.txt,"» Nous avons crié cela dans les cours le regard braqué sur les étages , comme de les mendiants qui attendent un sou .",""" nous avoir VDIC cela dans le NC le NCMAN PPAS sur le NC , comme de le NC qui PRES un NCo ."
4208,1886_Valles_L'Insurge_A.txt,Personne ne nous fait l' aumône !,personne ne nous faire le NCo !
4209,1886_Valles_L'Insurge_A.txt,cette aumône demandée l' arme à la main !,ce NC PPAS le NCo à le NCCOR !
4210,1886_Valles_L'Insurge_A.txt,"À dix pas de nous , un drapeau tricolore !","à NUM pas de nous , un NC ADJ !"
4211,1886_Valles_L'Insurge_A.txt,"Il est là , propre , luisant et neuf ce drapeau , insultant de ses nuances fraîches le nôtre , dont les haillons pendent encore de-ci , de -là , roussis , boueux , et puant comme de les pavots écrasés et flétris .","il être ADVLIEU , ADJ , ADJ et ADJ ce NC , PPRES de DETPOSS NC ADJ le nôtre , dont le NCs PRES encore NP , de ADVLIEU , ADJ , ADJ , et PPRES comme de le NC ADJ et ADJ ."
4212,1886_Valles_L'Insurge_A.txt,Une femme nous accueille .,un NCs nous PRES .
4213,1886_Valles_L'Insurge_A.txt,« Mon homme est à l' ambulance voisine .,""" DETPOSS NCs être à le NC ADJ ."
4214,1886_Valles_L'Insurge_A.txt,"Si vous voulez , je vous y conduis !","si vous vouloir , je vous y PPAS !"
4215,1886_Valles_L'Insurge_A.txt,"» Et elle nous guide , sous les grêlons de plomb qui sifflent devant nous , derrière nous , cassant les cages de les réverbères , coupant les branches de les marronniers .",""" et il nous PRES , sous le NC de NCmod qui PRES ADVLIEU nous , ADVLIEU nous , PPRES le NCo de le NCmod , PPRES le NCo de le NCmod ."
4216,1886_Valles_L'Insurge_A.txt,Nous y voici !,nous y voici !
4217,1886_Valles_L'Insurge_A.txt,Il était temps !,il être temps !
4218,1886_Valles_L'Insurge_A.txt,"Un chirurgien s' avance , la croix de Genève à le bras .","un NCs se PRES , le NC de NP à le NCCOR ."
4219,1886_Valles_L'Insurge_A.txt,"« Docteur , donnez -nous asile ?",""" NC , IMP le NCo ?"
4220,1886_Valles_L'Insurge_A.txt,"– Non , vous feriez massacrer mes malades » Encore dans la rue !","– non , vous VCOND INF DETPOSS NCo "" encore dans le NC !"
4221,1886_Valles_L'Insurge_A.txt,"Mais le mari connaît un autre poste de blessés , pas trop loin .","mais le NCs PRES un autre NCo de NCmod , pas trop ADVLIEU ."
4222,1886_Valles_L'Insurge_A.txt,On s' y rend .,on se y PRES .
4223,1886_Valles_L'Insurge_A.txt,« Voulez -vous de nous ?,""" vouloir vous de nous ?"
4224,1886_Valles_L'Insurge_A.txt,"… – Oui !» C' est répondu tout net , et cavalièrement , par une cantinière en grand uniforme – superbe créature de vingt-cinq ans , le buste riche et la taille fine dans sa cuirasse de drap bleu .","… – oui !» ce être VDIC tout NCo , et ADVMAN , par un NC en ADJ NCmod – ADJ NCmod de NUM NCT , le NCCOR ADJ et le NC ADJ dans DETPOSS NCmod de NCmod ADJCOL ."
4225,1886_Valles_L'Insurge_A.txt,"Elle ne cane pas , la gaillarde !","il ne PRES pas , le NCo !"
4226,1886_Valles_L'Insurge_A.txt,"« Voyez , j' ai là quinze entamés .",""" IMP , je avoir ADVLIEU NUM NCo ."
4227,1886_Valles_L'Insurge_A.txt,Vous passerez pour le médecin ; votre ami pour le carabin .,vous PRES pour le NC ; DETPOSS NC pour le NC .
4228,1886_Valles_L'Insurge_A.txt,» Et elle nous attache à les reins la serpillière de clinique .,""" et il nous VSUBP à le NCCOR le NCo de NCmod ."
4229,1886_Valles_L'Insurge_A.txt,On se refait .,on se PRES .
4230,1886_Valles_L'Insurge_A.txt,"Elle bat de les œufs , trousse l' omelette , nous verse de le vin de convalescent .","il PRES de le NC , PRES le NCo , nous PRES de le NC de NCmod ."
4231,1886_Valles_L'Insurge_A.txt,On oublie le danger à le dessert … on a la peau chaude et les prunelles vives !,on VCOG le NCo à le NC … on avoir le NCCOR ADJ et le NC ADJ !
4232,1886_Valles_L'Insurge_A.txt,"Mais , de la chambre de les amputés , un soupir arrive qui nous gonfle le cœur .","mais , de le NC de le NCmod , un NC PRES qui nous PRES le NCo ."
4233,1886_Valles_L'Insurge_A.txt,« Ah! venez me parler avant que je meure !» Nous nous levons de table … il est trop tard !,""" ah! venir me INF PHASE que je VSUBP !» nous nous PRES de NC … il être trop tard !"
4234,1886_Valles_L'Insurge_A.txt,"Près de ce cadavre encore tiède , dans cette pièce sombre – les lucarnes sont matelassées – de les pensées tristes nous reprennent .","ADVLIEU de ce NC encore ADJ , dans ce NC ADJ – le NCspas être PPAS – de le NCs ADJ nous PRES ."
4235,1886_Valles_L'Insurge_A.txt,"Nous restons muets , essayant de regarder par une fente sur le trottoir .","nous PRES NCo , PPRES de VCOG par un NC sur le NCmod ."
4236,1886_Valles_L'Insurge_A.txt,"Un marin y rôde , avec de les airs de chacal .","un NCs y PRES , avec de le NCMAN de NCmod ."
4237,1886_Valles_L'Insurge_A.txt,"Derrière lui , un marin encore , puis un fantassin ; une compagnie , un lieutenant à visage imberbe .","ADVLIEU lui , un NC encore , puis un NC ; un NC , un NC à NCCOR ADJ ."
4238,1886_Valles_L'Insurge_A.txt,«Faites descendre tout le monde !,NP PRES tout le NCo !
4239,1886_Valles_L'Insurge_A.txt,Je descends le premier .,je PRES le ADJ .
4240,1886_Valles_L'Insurge_A.txt,«Où est le chef de l' ambulance ?,ADV être le NC de le NCmod ?
4241,1886_Valles_L'Insurge_A.txt,– C' est moi .,– ce être soi .
4242,1886_Valles_L'Insurge_A.txt,– Vous vous appelez ?» On m' a fait la leçon .,– vous vous PRES ?» on lui avoir faire le NCo .
4243,1886_Valles_L'Insurge_A.txt,Je la récite .,je le NC .
4244,1886_Valles_L'Insurge_A.txt,« Pourquoi cette voiture ?,""" pourquoi ce NC ?"
4245,1886_Valles_L'Insurge_A.txt,"» C' est la vivandière qui l' a fait atteler pour que nous sautions dedans et filions , s' il y a une éclaircie .",""" ce être le NC qui le avoir faire INF pour que nous VIMP NCo et NC , si il y avoir un NCo ."
4246,1886_Valles_L'Insurge_A.txt,"Je réponds sans broncher : « Vous venez faire votre métier , je vais faire le mien: aller soigner et recueillir de les éclopés .» Il a froncé le sourcil , et m' a fixé .","je VDIC sans INF : "" vous venir faire DETPOSS NCo , je aller faire le mien: aller INF et INF de le PPAS .» il avoir PPAS le NCCOR , et lui avoir PPAS ."
4247,1886_Valles_L'Insurge_A.txt,« Faut -il dételer ?,""" PRES il INF ?"
4248,1886_Valles_L'Insurge_A.txt,"...» Il m' a regardé encore et a , de le bout de sa badine , esquissé un geste qui libérait le chemin .","...» il lui avoir VCOG encore et avoir , de le NC de DETPOSS NCmod , PPAS un NCo qui VIMP le NC ."
4249,1886_Valles_L'Insurge_A.txt,"« Venez-vous , Larochette ?",""" NP , NP ?"
4250,1886_Valles_L'Insurge_A.txt,"– Non , vous ne ferez pas vingt mètres .","– non , vous ne faire pas NUM NCo ."
4251,1886_Valles_L'Insurge_A.txt,"Vous allez à la mort!» J' y trotte même , car je pousse la bête .","vous aller à le mort!» je y PRES même , car je PRES le NCo ."
4252,1886_Valles_L'Insurge_A.txt,"J' ai failli être pris dix fois , et j' allais l' être pour de bon , quand un officier de la ligne m' a sauvé à son insu .","je avoir PPAS être PPAS NUM fois , et je aller le être pour de ADJ , quand un NC de le NCs le avoir PPAS à DETPOSS NC ."
4253,1886_Valles_L'Insurge_A.txt,Il s' est jeté au-devant de le cheval .,il se être PPAS ADVLIEU de le NC .
4254,1886_Valles_L'Insurge_A.txt,« Pas de côté !,""" pas de NC !"
4255,1886_Valles_L'Insurge_A.txt,"ces crapules tirent encore de là-haut – Eh bien , alors , ma place est bien ici; mon bistouri peut bien servir à quelque chose » Et j' ai dégringolé de la carriole .","ce NCs PRES encore de ADVLIEU – INTJ bien , alors , DETPOSS NCs être bien ici; DETPOSS NCs pouvoir bien INF à quelque chose "" et je avoir PPAS de le NC ."
4256,1886_Valles_L'Insurge_A.txt,"«Vous n' avez pas la frousse , pour un Pekin , a dit le militaire en riant .","«le ne avoir pas le NCo , pour un NP , avoir VDIC le NCs en NCmod ."
4257,1886_Valles_L'Insurge_A.txt,"– Capitaine , je n' en peux plus de soif .","– NC , je ne en pouvoir plus de NC ."
4258,1886_Valles_L'Insurge_A.txt,"Y aurait -il moyen de dénicher un verre de champagne , dans ce pays de sauvages ?","y avoir il ADJ de INF un NCo de NC , dans ce NCmod de NCmod ?"
4259,1886_Valles_L'Insurge_A.txt,"– À ce café , peut-être !","– à ce NC , peut-être !"
4260,1886_Valles_L'Insurge_A.txt,"» Nous avons sablé la bouteille , et j' ai regrimpé sur le marchepied .",""" nous avoir PPAS le NCo , et je avoir PPAS sur le NC ."
4261,1886_Valles_L'Insurge_A.txt,"« À le plaisir de se revoir , docteur !",""" à le NCSENT de se VCOG , NC !"
4262,1886_Valles_L'Insurge_A.txt,"» Cet à le revoir -là a rasséréné quelques figures louches qui rôdaillaient autour de le véhicule , et m' avaient décidé à ce cabotinage et à cette trinquerie .",""" NP à le VCOG ADV avoir VSENT quelque NCCOR ADJ qui VIMP ADV de le NC , et lui avoir PPAS à ce NC et à ce NC ."
4263,1886_Valles_L'Insurge_A.txt,"« Fouette , cocher !» Mon cocher ne semble point savoir qui il mène , et paraît seulement fouetter le pourboire .",""" NC , NC !» DETPOSS NCs ne sembler ADV VCOG qui il PRES , et paraître seulement INF le NC ."
4264,1886_Valles_L'Insurge_A.txt,"Il faut avancer , pourtant !","il PRES INF , pourtant !"
4265,1886_Valles_L'Insurge_A.txt,« Service d' ambulance !» Je me croise avec de les confrères qui promènent le collet violet et les agréments d' or à le milieu d' hommes qui font la soupe ou lavent les affûts de les canons .,""" NC de NCmod !» je me PRES avec de le NC qui PRES le NCo ADJCOL et le NCSENT de NCmod à le milieu de NCmod qui faire le NCo ou PRES le NCo de le NCmod ."
4266,1886_Valles_L'Insurge_A.txt,Plus d' un se retourne sur mon passage .,plus de un se PRES sur DETPOSS NC .
4267,1886_Valles_L'Insurge_A.txt,Mais qui reconnaîtrait Jacques Vingtras ?,mais qui VIMP NP NP ?
4268,1886_Valles_L'Insurge_A.txt,… j' ai le menton ras et de les lunettes bleues !,… je avoir le NCCOR ADJ et de le NC ADJCOL !
4269,1886_Valles_L'Insurge_A.txt,"Tout à l' heure , j' ai aperçu dans une glace de devanture une tête glabre , osseuse , et blême comme une face de prêtre , les cheveux rejetés en arrière , sans raie !","tout à le NCT , je avoir PPAS dans un NC de NCmod un NCCOR ADJ , ADJ , et ADV comme un NC de NCmod , le NCCOR PPAS en NC , sans NC !"
4270,1886_Valles_L'Insurge_A.txt,Physionomie d' impitoyable !,NC de ADJ !
4271,1886_Valles_L'Insurge_A.txt,Mine de partisan cruel !,NC de NCmod ADJ !
4272,1886_Valles_L'Insurge_A.txt,Ils doivent me prendre pour un fanatique qui recherche les blessés moins pour les secourir que pour les achever .,il devoir me INF pour un NC qui PRES le NCo moins pour le INF que pour le VASP .
4273,1886_Valles_L'Insurge_A.txt,«Des blessés ?,«De NC ?
4274,1886_Valles_L'Insurge_A.txt,nous n' en faisons pas !,nous ne en faire pas !
4275,1886_Valles_L'Insurge_A.txt,"m' a dit un adjudant , et les nôtres ont les chirurgiens de le régiment qui les dirigent sur de les points spéciaux .","lui avoir VDIC un NCo , et le nôtre avoir le NC de le NCmod qui le PRES sur un le NC ADJ ."
4276,1886_Valles_L'Insurge_A.txt,"Mais si vous voulez enlever ces charognes , vous nous rendrez un vrai service elles nous empuantent depuis deux jours .» Il s' est tu… heureusement .","mais si vous vouloir INF ce NCo , vous nous VF un vrai NCo il nous PRES depuis NUM NCT .» il se être NP heureusement ."
4277,1886_Valles_L'Insurge_A.txt,Je voyais rouge. « Une !,"je VCOG rouge. "" NUM !"
4278,1886_Valles_L'Insurge_A.txt,deux !» Nous hissons les «charognes » dans la charrette .,"NUM !» nous PRES le NCo "" dans le NCmod ."
4279,1886_Valles_L'Insurge_A.txt,"Voilà que les soldats eux-mêmes tirent notre rosse par la bride , et poussent à la roue , pour que nous emportions vite les macchabées qui vont leur flanquer la peste .","voilà que le NCs soi-même VPS DETPOSS NCo par le NC , et PRES à le NC , pour que nous VIMP ADV le NCo qui aller lui INF le NCo ."
4280,1886_Valles_L'Insurge_A.txt,"Sur un de ces macchabées -là , que nous avons ramassé derrière un tas de bois , dans un chantier , les mouches bourdonnaient comme sur un chien crevé !","sur un de ce NCmod ADVLIEU , que nous avoir PPAS ADVLIEU un NC de NCmod , dans un NC , le NCs VIMP comme sur un NC ADJ !"
4281,1886_Valles_L'Insurge_A.txt,Nous en avons sept .,nous en avoir NUM .
4282,1886_Valles_L'Insurge_A.txt,Il n' en peut plus tenir ; et mon tablier n' est qu' une grande plaque de sang caillé !,il ne en pouvoir plus INF ; et DETPOSS NCs ne être que un ADJ NC de NCCOR PPAS !
4283,1886_Valles_L'Insurge_A.txt,"Les lignards mêmes détournent les yeux , et nous galopons libres dans un sillon d' horreur .","le NCs ADJ PRES le NCCOR , et nous PRES ADJ dans un NC de NCmod ."
4284,1886_Valles_L'Insurge_A.txt,«Où allez-vous ?,ADV allez-le ?
4285,1886_Valles_L'Insurge_A.txt,interroge une dernière sentinelle .,VDIC un NCo ADJ .
4286,1886_Valles_L'Insurge_A.txt,"– Là , à l' hôpital Saint-Antoine !» C' est plein de porte-brassards .","– ADVLIEU , à le NC NP !» ce être ADJ de NC ."
4287,1886_Valles_L'Insurge_A.txt,"Je marche droit à eux , et leur signale mon lot de chair humaine .","je PRES NCo à eux , et lui NC DETPOSS NC de NCCOR ADJ ."
4288,1886_Valles_L'Insurge_A.txt,"«Versez vos corps dans cette salle » Elle est pavée de cadavres ; un bras me barre le passage , un bras que la mort a saisi et fixé dans un héroïque défi , tendu , menaçant , avec un poing fermé qui a dû effleurer un nez d' officier devant le peloton d' exécution !","IMP DETPOSS NCCOR dans ce NC "" il être PPAS de NC ; un NCCOR me PRES le NCo , un NCCOR que le NCs avoir PPAS et PPAS dans un ADJ NC , NC , VDIC , avec un NCmod PPAS qui avoir devoir INF un NCCOR de NC ADVLIEU le NCmod de NCmod !"
4289,1886_Valles_L'Insurge_A.txt,On est en train de fouiller les victimes .,on être en NC de INF le NCo .
4290,1886_Valles_L'Insurge_A.txt,"Sur l' une , on trouve un cahier de classe : c' est une fillette de dix ans qu' un coup de baïonnette a saignée comme un cochon , à la nuque , sans couper un petit ruban rose qui retient une médaille de cuivre .","sur le un , on PRES un NCo de NCmod : ce être un NC de NUM NCT que un NCs de NCmod avoir PPAS comme un NC , à le ADV , sans INF un ADJ NCo ADJCOL qui PRES un NCo de NCmod ."
4291,1886_Valles_L'Insurge_A.txt,"Sur une autre , une queue de rat , de les besicles , quatre sous , et un papier qui indique qu' elle est garde-malade , et qu' elle a quarante ans .","sur un autre , un NC de NCmod , de le NC , NUM NC , et un NC qui PRES que il être ADJ , et que il avoir NUM NCT ."
4292,1886_Valles_L'Insurge_A.txt,"Par ici , un vieillard dont le torse nu émerge au-dessus de le charnier .","par ADVLIEU , un NC dont le NCCOR ADJ PRES ADVLIEU de le NC ."
4293,1886_Valles_L'Insurge_A.txt,"Tout son sang a coulé , et son masque est si pâle que le mur blanchi contre lequel on l' a adossé en paraît gris .","tout DETPOSS NCCOR avoir PPAS , et DETPOSS NCs être si ADJ que le NC PPAS contre lequel on le avoir PPAS en NC ADJ ."
4294,1886_Valles_L'Insurge_A.txt,"On dirait un buste de marbre , un fragment de statue tombée à les gémonies .","on VDIC un NCCOR de NCmod , un NC de NCmod PPAS à le NC ."
4295,1886_Valles_L'Insurge_A.txt,Celui qui fait l' inventaire est inopinément appelé pour reconnaître un suspect .,celui qui faire le NCo être ADV PPAS pour VCOG un NCo .
4296,1886_Valles_L'Insurge_A.txt,Il me prie de le remplacer un moment .,il me PRES de le INF un NC .
4297,1886_Valles_L'Insurge_A.txt,"« Mettez -vous à le coin de la table .» Cela m' a permis de cacher mon regard mais il faut répondre parfois à une question , et montrer sa voix !",""" mettre lui à le NC de le NCmod .» cela le avoir permettre de INF DETPOSS NCMAN mais il PRES VDIC ADVTEMPS à un NC , et INF DETPOSS NCMAN !"
4298,1886_Valles_L'Insurge_A.txt,L' inscriveur rentre et se rassied .,le NCs PRES et se PRES .
4299,1886_Valles_L'Insurge_A.txt,"« Vous voilà libre , merci!» Libre !",""" vous voilà ADJ , merci!» ADJ !"
4300,1886_Valles_L'Insurge_A.txt,je ne le suis pas encore ; mais ça ne tardera pas … ou j' y passerai !,je ne le être pas encore ; mais ça ne VF pas … ou je y VF !
4301,1886_Valles_L'Insurge_A.txt,« Venez !,""" venir !"
4302,1886_Valles_L'Insurge_A.txt,venez tout de suite !,venir tout de NC !
4303,1886_Valles_L'Insurge_A.txt,murmure mon guide avec épouvante .,VDIC DETPOSS NCo avec NCmod .
4304,1886_Valles_L'Insurge_A.txt,"On s' inquiète de savoir qui vous êtes .» Heureusement , on tue pas loin de là ; ils ne veulent point perdre une bouchée de le spectacle , et ils y courent .","on se VSENT de VCOG qui vous être .» heureusement , on PRES pas ADVLIEU de ADVLIEU ; il ne vouloir ADV INF un NCo de le NC , et il y PRES ."
4305,1886_Valles_L'Insurge_A.txt,La bousculade nous protège .,le NCs nous PRES .
4306,1886_Valles_L'Insurge_A.txt,Nous repartons .,nous PRES .
4307,1886_Valles_L'Insurge_A.txt,« Halte-là !,""" NP !"
4308,1886_Valles_L'Insurge_A.txt,qui êtes-vous ?» J' exhibe mon reçu macabre .,qui êtes-le ?» je PRES DETPOSS NCo ADJ .
4309,1886_Valles_L'Insurge_A.txt,« Bien! passez … Arrêtez !,""" NP PRES … NP !"
4310,1886_Valles_L'Insurge_A.txt,– Quoi donc ?,– quoi donc ?
4311,1886_Valles_L'Insurge_A.txt,– Voulez -vous prendre et porter à l' ambulance un troupier endommagé ?» Si je veux !,– vouloir le INF et INF à le NC un NCmod PPAS ?» si je vouloir !
4312,1886_Valles_L'Insurge_A.txt,"Nous sommes de les bons , maintenant !","nous être de le NC , ADVT !"
4313,1886_Valles_L'Insurge_A.txt,Nous tenons notre lignard .,nous PRES DETPOSS NCo .
4314,1886_Valles_L'Insurge_A.txt,Je l' embrasserais !,je le VCOND !
4315,1886_Valles_L'Insurge_A.txt,Il demande un pansement .,il PRES un NCo .
4316,1886_Valles_L'Insurge_A.txt,Ah! sacré nom !,Ah! sacré NC !
4317,1886_Valles_L'Insurge_A.txt,"« Mauvais , mauvais !",""" NP , ADJ !"
4318,1886_Valles_L'Insurge_A.txt,"les pansements , mon garçon !","le NC , DETPOSS NC !"
4319,1886_Valles_L'Insurge_A.txt,Ça ne guérit pas !» Il y tient .,ça ne PRES pas !» il y PRES .
4320,1886_Valles_L'Insurge_A.txt,"Tant pis , je vais le panser… il en mourra !","tant ADJ , je aller le NP il en VF !"
4321,1886_Valles_L'Insurge_A.txt,On finit par le dissuader .,on VASP par le INF .
4322,1886_Valles_L'Insurge_A.txt,Mais qu' est -ce qu' il veut encore ?,mais que être ce que il vouloir encore ?
4323,1886_Valles_L'Insurge_A.txt,« Docteur! docteur !,""" docteur! NC !"
4324,1886_Valles_L'Insurge_A.txt,voici notre colonel et mon commandant .,voici DETPOSS NCo et DETPOSS NC .
4325,1886_Valles_L'Insurge_A.txt,"Je voudrais bien leur dire adieu. – Mauvais , mauvais !","je vouloir bien lui VDIC ADV – NP , ADJ !"
4326,1886_Valles_L'Insurge_A.txt,"les émotions , mon garçon !","le NCSENT , DETPOSS NC !"
4327,1886_Valles_L'Insurge_A.txt,Ça donne la fièvre !,ça PRES le VSENT !
4328,1886_Valles_L'Insurge_A.txt,» Nous trottons sur le velours maintenant .,""" nous PRES sur le NC ADVT ."
4329,1886_Valles_L'Insurge_A.txt,"Chaque fois qu' on a à doubler un cap plein de soldats , je fais l' ange gardien avec mon fantassin .","chaque fois que on avoir à INF un NCo ADJ de NCmod , je faire le NCo ADJ avec DETPOSS NC ."
4330,1886_Valles_L'Insurge_A.txt,Il va mal !,il aller mal !
4331,1886_Valles_L'Insurge_A.txt,… pourvu seulement qu' il dure jusqu' à la Pitié !,… pourvoir seulement que il PRES jusque à le VSENT !
4332,1886_Valles_L'Insurge_A.txt,Malheur !,NP !
4333,1886_Valles_L'Insurge_A.txt,Le cheval s' est déferré et s' éclope .,le NCs se être PPAS et se PRES .
4334,1886_Valles_L'Insurge_A.txt,Il ne veut plus aller ; on lui a donné trop de besogne .,il ne vouloir plus aller ; on lui avoir PPAS trop de NC .
4335,1886_Valles_L'Insurge_A.txt,"« Voyez -vous , dit le cocher , nous aurions dû leur faire boire de le sang !» Oh !",""" PRES vous , VDIC le NCo , nous avoir devoir lui faire NCo de le NCCOR !» NP !"
4336,1886_Valles_L'Insurge_A.txt,"cette fois , je suis perdu !","ce fois , je être PPAS !"
4337,1886_Valles_L'Insurge_A.txt,"Un homme est là , qui a plongé ses yeux dans les miens , et qui m' a deviné , je le sens !","un NCs être ADVLIEU , qui avoir PPAS DETPOSS NCCOR dans le NC , et qui le avoir VCOG , je le NC !"
4338,1886_Valles_L'Insurge_A.txt,"N' est -ce pas celui qui , à les Débats , fronça le sourcil en lisant la lettre de Michelet pour nos amis de La Villette , et qui semblait désirer l' abattage de les condamnés ?","ne être ce pas celui qui , à le NC , VPS le NCCOR en PPRES le NCo de NP pour DETPOSS NC de le NP , et qui sembler VSENT le NCo de le NCmod ?"
4339,1886_Valles_L'Insurge_A.txt,"… Aujourd'hui , il n' a qu' à faire un signe , et ses bourreaux me charcutent .","… ADVT , il ne avoir que à faire un NCo , et DETPOSS NCs me PRES ."
4340,1886_Valles_L'Insurge_A.txt,Ce n' est pas encore pour cette fois .,ce ne être pas encore pour ce fois .
4341,1886_Valles_L'Insurge_A.txt,L' autre a -t -il cru à une erreur ?,le autre avoir t il PPAS à un NC ?
4342,1886_Valles_L'Insurge_A.txt,A -t -il horreur d' une délation ?,à t il NC de un NCmod ?
4343,1886_Valles_L'Insurge_A.txt,… Il s' éloigne .,… il se PRES .
4344,1886_Valles_L'Insurge_A.txt,"« C' est M.Du Camp qui s' en va là-bas » , a dit un épauletier en le montrant .",""" ce être M.Du NC qui se en aller ADVLIEU "" , avoir VDIC un NCs en le NC ."
4345,1886_Valles_L'Insurge_A.txt,"Cet épauletier -là s' est , à son tour , planté devant moi .","ce NCs ADVLIEU se être , à DETPOSS NC , PPAS ADVLIEU soi ."
4346,1886_Valles_L'Insurge_A.txt,"Mon cœur sautait dans ma poitrine … Mais soudain la bâche s' est écartée , l' agonisant a avancé son visage exsangue , et étendu le bras d' un mouvement vague , en balbutiant : « Que je serre votre main avant de claquer , mon officier !» Il a fait : « Oh !» et est retombé .","DETPOSS NCs VIMP dans DETPOSS NC … mais soudain le NCs se être PPAS , le NCs avoir PPAS DETPOSS NCCOR ADJ , et PPAS le NCCOR de un NCmod ADJ , en NCmod : "" que je PRES DETPOSS NCCOR PHASE de INF , DETPOSS NC !» il avoir faire : "" NP !» et être PPAS ."
4347,1886_Valles_L'Insurge_A.txt,Son crâne a rebondi contre les parois de le char à bancs .,DETPOSS NCs avoir PPAS contre le NC de le NCmod à NC .
4348,1886_Valles_L'Insurge_A.txt,« Pauvre diable !,""" NP ADJ !"
4349,1886_Valles_L'Insurge_A.txt,"Merci , Docteur !» Vite , allons !","INTJ , NP !» NP , NC !"
4350,1886_Valles_L'Insurge_A.txt,Oh !,INTJ !
4351,1886_Valles_L'Insurge_A.txt,ce carcan !,ce NC !
4352,1886_Valles_L'Insurge_A.txt,Hue donc! hue !,NP donc! NC !
4353,1886_Valles_L'Insurge_A.txt,Il faut remiser notre cadavre : nous nous engouffrons sous la porte de la Pitié .,il PRES INF DETPOSS NCo : nous nous PRES sous le NC de le VSENT .
4354,1886_Valles_L'Insurge_A.txt,Le directeur est dans la cour … il me reconnaît illico .,le NCs être dans le NC … il me VCOG NCo .
4355,1886_Valles_L'Insurge_A.txt,Je suis allé à lui .,je être aller à lui .
4356,1886_Valles_L'Insurge_A.txt,« Comptez -vous me livrer ?,""" IMP vous me INF ?"
4357,1886_Valles_L'Insurge_A.txt,"– Dans cinq minutes je vous répondrai.» Je les ai trouvées presque courtes , ces cinq minutes .","– dans NUM NCT je vous répondrai.» je le avoir PPAS presque ADJ , ce NUM NCT ."
4358,1886_Valles_L'Insurge_A.txt,"À peine ai-je eu le temps de défriper ma chemise , de redresser mon col , et de me peigner avec mes doigts .","à NCSENT ADJ avoir le temps de INF DETPOSS NCo , de INF DETPOSS NCo , et de me INF avec DETPOSS NCCOR ."
4359,1886_Valles_L'Insurge_A.txt,Tant de choses à faire !,tant de chose à faire !
4360,1886_Valles_L'Insurge_A.txt,"la toilette à rafistoler , la phrase à léguer , l' attitude à prendre !","le NC à INF , le NC à INF , le NC à INF !"
4361,1886_Valles_L'Insurge_A.txt,"Le directeur reparaît et s' adresse à le gardien : « Rouvrez la grille .» Il a tourné les talons , à bout d' efforts , et ne voulant pas que mon geste le remerciât .","le NCs PRES et se PRES à le NC : "" VF le NCo .» il avoir PPAS le NCCOR , à NC de NCmod , et ne vouloir pas que DETPOSS NCo le NC ."
4362,1886_Valles_L'Insurge_A.txt,Le dada boiteux se remet en route .,le NCs ADJ se PRES en NC .
4363,1886_Valles_L'Insurge_A.txt,«Où allons-nous ?,ADV allons-le ?
4364,1886_Valles_L'Insurge_A.txt,– Rue Montparnasse .» Chez le secrétaire de Sainte-Beuve !,– NP NP .» chez le NCmod de NP !
4365,1886_Valles_L'Insurge_A.txt,"Il me cachera , si je peux arriver jusqu' à lui .","il me VF , si je pouvoir INF jusque à lui ."
4366,1886_Valles_L'Insurge_A.txt,"Mais nous traversons , avec notre rosse qui râle , les coins où j' ai vécu vingt ans , où j' ai passé mardi avec le bataillon de le Père Duchêne , où l' on n' a vu que moi pendant les trois premiers jours de la semaine … Voilà que le courage de le cocher est fourbu .","mais nous PRES , avec DETPOSS NC qui VDIC , le NCo où je avoir PPAS NUM NCT , où je avoir PPAS ADVT avec le NC de le NP NP , où l' on ne avoir VCOG que soi PHASE le NUM ADJ NCT de le NCmod … voilà que le NCspas de le NCmod être PPAS ."
4367,1886_Valles_L'Insurge_A.txt,«Je veux sauver ma peau … j' en ai assez !,«il vouloir INF DETPOSS NCCOR … je en avoir ADV !
4368,1886_Valles_L'Insurge_A.txt,"Descendez … adieu! » Il a enlevé la bête d' un terrible coup de fouet , et a disparu .","NP … adieu! "" il avoir PPAS le NCo de un ADJ NCmod de NCmod , et avoir PPAS ."
4369,1886_Valles_L'Insurge_A.txt,Où me blottir ?,où me INF ?
4370,1886_Valles_L'Insurge_A.txt,Voyons !,VCOG !
4371,1886_Valles_L'Insurge_A.txt,"il y a , passage de le Commerce , à dix pas , un hôtel que j' ai habité autrefois , le chemin désert est par la rue de l' Éperon et la ruelle !","il y avoir , NCo de le NP , à NUM pas , un NCo que je avoir PPAS ADVT , le NCs ADJ être par le NC de le NP et le NC !"
4372,1886_Valles_L'Insurge_A.txt,Il y a déjà cinq jours que le quartier est pris; peu de pantalons de garance .,il y avoir déjà NUM NCT que le NCs être pris; peu de NC de NCmod .
4373,1886_Valles_L'Insurge_A.txt,Je monte l' escalier .,je PRES le NCo .
4374,1886_Valles_L'Insurge_A.txt,On beugle dans la maison .,on PRES dans le NC .
4375,1886_Valles_L'Insurge_A.txt,"« Oui , c' est moi , le capitaine Leterrier , qui vous dis que votre Vingtras a crevé comme un lâche !",""" oui , ce être soi , le NC NP , qui vous VDIC que DETPOSS NP avoir PPAS comme un NC !"
4376,1886_Valles_L'Insurge_A.txt,Il s' est traîné par terre !,il se être PPAS par NC !
4377,1886_Valles_L'Insurge_A.txt,a pleuré !,avoir PPAS !
4378,1886_Valles_L'Insurge_A.txt,a demandé grâce !,avoir PPAS ADV !
4379,1886_Valles_L'Insurge_A.txt,"… Je l' ai vu! !» Je tape doucement , la logeuse vient ouvrir .","… je le avoir vu! !» je PRES ADVMAN , le NCs venir INF ."
4380,1886_Valles_L'Insurge_A.txt,"« C' est moi , ne criez pas !",""" ce être soi , ne VDIC pas !"
4381,1886_Valles_L'Insurge_A.txt,"Si vous me chassez , je suis mort … Entrez , monsieur Vingtras .» 35 Voilà de les semaines que j' attends , de le fond de mon trou , une occasion de leur filer entre les doigts .","si vous me PRES , je être PPAS … IMP , monsieur NP .» NUM voilà de le NC que je PRES , de le NCmod de DETPOSS NCmod , un NC de lui INF entre le NCCOR ."
4382,1886_Valles_L'Insurge_A.txt,Leur échapperai-je ?,DETPOSS NCs ?
4383,1886_Valles_L'Insurge_A.txt,… je ne crois pas .,… je ne VCOG pas .
4384,1886_Valles_L'Insurge_A.txt,"Par deux fois , je me suis trahi .","par NUM fois , je me être PPAS ."
4385,1886_Valles_L'Insurge_A.txt,"De les voisins ont pu voir sortir ma tête , blême comme celle d' un noyé .","de le NC avoir pouvoir VCOG INF DETPOSS NCCOR , ADV comme celui de un NCmod ."
4386,1886_Valles_L'Insurge_A.txt,"Tant pis! si l' on me prend , on me prendra !","tant pis! si l' on me PRES , on me VF !"
4387,1886_Valles_L'Insurge_A.txt,Je suis en paix avec moi-même .,je être en NC avec soi-même .
4388,1886_Valles_L'Insurge_A.txt,"Je sais , maintenant , à force d' y avoir pensé dans le silence , l' œil fixé à l' horizon sur le poteau de Satory – notre crucifix à nous !","je VCOG , ADVT , à NCSENT de y avoir VCOG dans le NC , le NCs PPAS à le NC sur le NC de NP – DETPOSS NC à nous !"
4389,1886_Valles_L'Insurge_A.txt,"– je sais que les fureurs de les foules sont crimes d' honnêtes gens , et je ne suis plus inquiet pour ma mémoire , enfumée et encaillotée de sang .","– je VCOG que le NCs de le NCmod être NC de ADJ NCmod , et je ne être plus ADJ pour DETPOSS NC , PPAS et PPAS de NCCOR ."
4390,1886_Valles_L'Insurge_A.txt,"Elle sera lavée par le temps , et mon nom restera affiché dans l' atelier de les guerres sociales comme celui d' un ouvrier qui ne fut pas fainéant .","il être PPAS par le temps , et DETPOSS NCs VF PPAS dans le NC de le NCmod ADJ comme celui de un NCmod qui ne être pas ADJ ."
4391,1886_Valles_L'Insurge_A.txt,Mes rancunes sont mortes – j' ai eu mon jour .,DETPOSS NCs être ADJ – je avoir avoir DETPOSS NCT .
4392,1886_Valles_L'Insurge_A.txt,"Bien d' autres enfants ont été battus comme moi , bien d' autres bacheliers ont eu faim , qui sont arrivés à le cimetière sans avoir leur jeunesse vengée .","bien de autre NC avoir être PPAS comme soi , bien de autre NCs avoir avoir NCo , qui être PPAS à le NC sans avoir lui NCo PPAS ."
4393,1886_Valles_L'Insurge_A.txt,"Toi , tu as rassemblé tes misères et tes peines , et tu as amené ton peloton de recrues à cette révolte qui fut la grande fédération de les douleurs .","soi , je avoir PPAS DETPOSS NCo et DETPOSS NCSENT , et je avoir PPAS DETPOSS NCo de NCmod à ce NCSENT qui être le ADJ NC de le NCSENT ."
4394,1886_Valles_L'Insurge_A.txt,De quoi te plains -tu? … C' est vrai .,de quoi me ADJ -tu? … ce être vrai .
4395,1886_Valles_L'Insurge_A.txt,"La Perquisition peut venir , les soldats peuvent charger leurs armes – je suis prêt. …………… Je viens de passer un ruisseau qui est la frontière .","le NCs pouvoir venir , le NCs pouvoir INF DETPOSS NCo – je être ADV …………… je venir de INF un NCo qui être le NC ."
4396,1886_Valles_L'Insurge_A.txt,Ils ne m' auront pas !,il ne le avoir pas !
4397,1886_Valles_L'Insurge_A.txt,"Et je pourrai être avec le peuple encore , si le peuple est rejeté dans la rue et acculé dans la bataille .","et je pouvoir être avec le NC encore , si le NCspas être PPAS dans le NC et PPAS dans le NCmod ."
4398,1886_Valles_L'Insurge_A.txt,Je regarde le ciel de le côté où je sens Paris .,je VCOG le NCo de le NCmod où je sentir NP .
4399,1886_Valles_L'Insurge_A.txt,"Il est d' un bleu cru , avec de les nuées rouges .","il être de un ADJCOL ADJ , avec de le NCmod ADJCOL ."
4400,1886_Valles_L'Insurge_A.txt,On dirait une grande blouse inondée de sang .,on VDIC un ADJ NCo PPAS de NCCOR .
